{
"type": "FeatureCollection",
"name": "Antofagasta",
"crs": { "type": "name", "properties": { "name": "urn:ogc:def:crs:OGC:1.3:CRS84" } },
"features": [
{ "type": "Feature", "properties": { "zona": "23" }, "geometry": { "type": "Polygon", "coordinates": [ [ [ -70.384180852157613, -23.592319534728652 ], [ -70.384360083025058, -23.595407792872312 ], [ -70.384386889223919, -23.596221799878496 ], [ -70.384376450930617, -23.596528341224754 ], [ -70.38447169515635, -23.59692621793824 ], [ -70.38447798225944, -23.597140242264345 ], [ -70.384656538898994, -23.597176482165533 ], [ -70.384530365026237, -23.598920136402974 ], [ -70.384463639684341, -23.6009308831425 ], [ -70.384248440950444, -23.603862658597492 ], [ -70.384146889264059, -23.604480884339694 ], [ -70.383891909736207, -23.60721130296406 ], [ -70.383488070009378, -23.607794210307787 ], [ -70.383303097961075, -23.609273291751602 ], [ -70.383333399074075, -23.609550125008258 ], [ -70.383663334525608, -23.609740226523225 ], [ -70.384434119174585, -23.61020837475396 ], [ -70.384717771625859, -23.610377307144674 ], [ -70.385948895764272, -23.607511588255921 ], [ -70.385953217521106, -23.607438413939828 ], [ -70.386107115859289, -23.607126438682137 ], [ -70.386221201320268, -23.606932377732434 ], [ -70.386240644091629, -23.606829362632222 ], [ -70.387539072389387, -23.604007003149192 ], [ -70.388223054070082, -23.604107612439215 ], [ -70.388433934212514, -23.601318984807268 ], [ -70.38855240732282, -23.600130417671181 ], [ -70.388723928727927, -23.597602901345041 ], [ -70.388901898085848, -23.594322208678854 ], [ -70.388950417500524, -23.591870190691857 ], [ -70.387014152058157, -23.591816165035926 ], [ -70.386665920419858, -23.591833992068832 ], [ -70.386288580818132, -23.591896140245044 ], [ -70.385458357362523, -23.592205753329949 ], [ -70.384912341048533, -23.592294864988219 ], [ -70.384180852157613, -23.592319534728652 ] ] ] } },
{ "type": "Feature", "properties": { "zona": "19" }, "geometry": { "type": "Polygon", "coordinates": [ [ [ -70.376225390036666, -23.61046331144103 ], [ -70.376219824153381, -23.609930281266287 ], [ -70.376275117409804, -23.609560409498179 ], [ -70.376314588589523, -23.609408911959914 ], [ -70.376413298045591, -23.60926537651023 ], [ -70.376506648678244, -23.609042071058468 ], [ -70.376518780456962, -23.608462654778332 ], [ -70.37655355846087, -23.608302892004456 ], [ -70.376712538242941, -23.607763346181059 ], [ -70.376871805161841, -23.606183732536167 ], [ -70.376880111563139, -23.604975110067127 ], [ -70.376878598255772, -23.603948150320026 ], [ -70.376807914331266, -23.603439805115684 ], [ -70.376608371171983, -23.602663534330691 ], [ -70.376414017021943, -23.602322150466581 ], [ -70.376291618901533, -23.601403527975414 ], [ -70.375375480749128, -23.601479635684505 ], [ -70.374164564029641, -23.60154913758814 ], [ -70.373600020718612, -23.601570927387346 ], [ -70.37351870645854, -23.601638733280453 ], [ -70.37160748047198, -23.601815174376153 ], [ -70.370607876818411, -23.601815153426241 ], [ -70.366837942624457, -23.601857597977279 ], [ -70.366865524494955, -23.607955014183347 ], [ -70.366875738512874, -23.610210135056956 ], [ -70.373671046268399, -23.61002346656235 ], [ -70.374259115144326, -23.610061059131557 ], [ -70.374723961123948, -23.610131342815592 ], [ -70.375170940448896, -23.610185440660427 ], [ -70.375792005814418, -23.610294968037223 ], [ -70.376225390036666, -23.61046331144103 ] ] ] } },
{ "type": "Feature", "properties": { "zona": "28" }, "geometry": { "type": "Polygon", "coordinates": [ [ [ -70.392180766639626, -23.616453572995358 ], [ -70.392168841101167, -23.616189218329254 ], [ -70.392193973688222, -23.615974913454579 ], [ -70.392072314853493, -23.615673801599634 ], [ -70.392105612021993, -23.615375543354439 ], [ -70.392054268673249, -23.615258445318322 ], [ -70.391915848068919, -23.615091836316687 ], [ -70.391732201171507, -23.614522574656689 ], [ -70.391575562976598, -23.61436028203579 ], [ -70.39152750447451, -23.61412559569531 ], [ -70.391579773665057, -23.613894253437579 ], [ -70.391641226652737, -23.613675469526481 ], [ -70.391634440808616, -23.613461450865163 ], [ -70.391538813691554, -23.613038392921659 ], [ -70.391589264459725, -23.612634882358094 ], [ -70.391909950410437, -23.611511317050361 ], [ -70.391951898189859, -23.611175149279607 ], [ -70.392038836584788, -23.610775645288385 ], [ -70.391933188239108, -23.610696775671325 ], [ -70.391908930419206, -23.610550090022933 ], [ -70.391905694300831, -23.610243671942975 ], [ -70.391989577838601, -23.609991098543198 ], [ -70.392212452844589, -23.609959755113092 ], [ -70.392334512996655, -23.609014218111597 ], [ -70.392165059139529, -23.608923370479712 ], [ -70.392171134772482, -23.608779392378302 ], [ -70.392058618686278, -23.608340865604944 ], [ -70.392001423359659, -23.608097864077322 ], [ -70.392016369304713, -23.607791373157269 ], [ -70.391930198221417, -23.607712419044184 ], [ -70.390016657062048, -23.60775096489472 ], [ -70.389375199548681, -23.607761222153449 ], [ -70.389134581181111, -23.607833983143308 ], [ -70.388200754677641, -23.607829786708585 ], [ -70.387929637944268, -23.607784447142112 ], [ -70.387636105322372, -23.611888718600788 ], [ -70.38745901394131, -23.613689980543299 ], [ -70.38831993180321, -23.617109903874049 ], [ -70.389243393006282, -23.616983268164887 ], [ -70.390191030402505, -23.616582197245464 ], [ -70.392180766639626, -23.616453572995358 ] ] ] } },
{ "type": "Feature", "properties": { "zona": "27" }, "geometry": { "type": "Polygon", "coordinates": [ [ [ -70.388223054070082, -23.604107612439215 ], [ -70.387539072389387, -23.604007003149192 ], [ -70.386240665928753, -23.606831439130776 ], [ -70.386221201320268, -23.606932377732434 ], [ -70.386107115859289, -23.607126438682137 ], [ -70.385950977785825, -23.607440600921631 ], [ -70.385949420575358, -23.607507701056175 ], [ -70.384717770677298, -23.610377216862105 ], [ -70.384434119174585, -23.61020837475396 ], [ -70.384111718510042, -23.613028962116459 ], [ -70.384299638327207, -23.615239144603898 ], [ -70.384261979769732, -23.617700902644629 ], [ -70.384847972779625, -23.617714454740319 ], [ -70.38831993180321, -23.617109903874049 ], [ -70.38745901394131, -23.613689980543299 ], [ -70.387636105322372, -23.611888718600788 ], [ -70.387929637944268, -23.607784447142112 ], [ -70.388077061830529, -23.606167371934642 ], [ -70.388223054070082, -23.604107612439215 ] ] ] } },
{ "type": "Feature", "properties": { "zona": "21" }, "geometry": { "type": "Polygon", "coordinates": [ [ [ -70.376808002014386, -23.603448201429554 ], [ -70.376878598255772, -23.603948150320026 ], [ -70.376880111563139, -23.604975110067127 ], [ -70.376871805161841, -23.606183732536167 ], [ -70.376712538242941, -23.607763346181059 ], [ -70.376553646148054, -23.608311288313978 ], [ -70.37651895582826, -23.608479447397265 ], [ -70.376509156984056, -23.608848915823305 ], [ -70.376506648678244, -23.609042071058468 ], [ -70.376413298045591, -23.60926537651023 ], [ -70.376319070344024, -23.609404718823217 ], [ -70.376274978557717, -23.609539372867349 ], [ -70.376219999498829, -23.609947073884157 ], [ -70.376225390036666, -23.61046331144103 ], [ -70.377026848586596, -23.610875876788345 ], [ -70.377310101752883, -23.610953180982875 ], [ -70.377756608853232, -23.610961768651062 ], [ -70.378403429512957, -23.61096026943882 ], [ -70.37847628050109, -23.610090750374077 ], [ -70.37860853273061, -23.608796696186712 ], [ -70.378902359437973, -23.605960748170943 ], [ -70.379000013985106, -23.604851646190372 ], [ -70.378916412194371, -23.604692934464452 ], [ -70.378987019579441, -23.603609354139813 ], [ -70.37857640813381, -23.603545824114374 ], [ -70.376808002014386, -23.603448201429554 ] ] ] } },
{ "type": "Feature", "properties": { "zona": "22" }, "geometry": { "type": "Polygon", "coordinates": [ [ [ -70.383679444947575, -23.609750646963256 ], [ -70.383333420868226, -23.609552201508631 ], [ -70.383303186082202, -23.609281688036138 ], [ -70.38347911440475, -23.607810993976045 ], [ -70.383891821586275, -23.607202906679387 ], [ -70.384120301580637, -23.604665495824619 ], [ -70.384248705426529, -23.603887847458516 ], [ -70.378987100381536, -23.60360935342209 ], [ -70.37891636875527, -23.604688781453351 ], [ -70.379000139174451, -23.604855888766327 ], [ -70.378902409902764, -23.605973298202855 ], [ -70.378621091537468, -23.608691666270154 ], [ -70.378476499571761, -23.610111695984592 ], [ -70.378403429512957, -23.61096026943882 ], [ -70.378995756056725, -23.610971802167416 ], [ -70.379456973979487, -23.611081019162068 ], [ -70.380511146690978, -23.611701336846156 ], [ -70.38175835459883, -23.612456448629736 ], [ -70.381905172399428, -23.612384895014991 ], [ -70.383679444947575, -23.609750646963256 ] ] ] } },
{ "type": "Feature", "properties": { "zona": "68" }, "geometry": { "type": "Polygon", "coordinates": [ [ [ -70.432298459443061, -23.710071767571389 ], [ -70.431751399107696, -23.709846775442397 ], [ -70.431561975841419, -23.709415413338675 ], [ -70.431556480147904, -23.70891183378782 ], [ -70.431116345793839, -23.707849685888593 ], [ -70.430890935211394, -23.707247377764073 ], [ -70.430233006098064, -23.707110714088572 ], [ -70.429796274942433, -23.70719032201103 ], [ -70.429354146999302, -23.706774654281936 ], [ -70.4286631314354, -23.706109467813054 ], [ -70.428071387708343, -23.705350996315318 ], [ -70.4271648590463, -23.704989988075248 ], [ -70.425516605040229, -23.704325215033922 ], [ -70.425089522183811, -23.704302332909933 ], [ -70.423013697846287, -23.69588618275829 ], [ -70.42128173461785, -23.695902095549641 ], [ -70.421292870625592, -23.696086634555829 ], [ -70.421196151861693, -23.696414910984689 ], [ -70.420935937775425, -23.696625145551657 ], [ -70.421095217445952, -23.697040999579666 ], [ -70.421871345405592, -23.698994409032302 ], [ -70.422220406413075, -23.699997834611484 ], [ -70.422455014956597, -23.700685215963887 ], [ -70.422915814740449, -23.701984031185901 ], [ -70.423348813006413, -23.703253756266356 ], [ -70.423482787971537, -23.703840214944595 ], [ -70.42363904761531, -23.704959895617382 ], [ -70.423446258402734, -23.70508726111759 ], [ -70.421541786917359, -23.706024000723946 ], [ -70.421182673621146, -23.706094655009075 ], [ -70.420744420434204, -23.706056424250864 ], [ -70.419780811293023, -23.705897331115924 ], [ -70.419277394239245, -23.705733650502179 ], [ -70.4188761515843, -23.705565510077619 ], [ -70.418638639813011, -23.705409140095242 ], [ -70.418286469199913, -23.70513454876664 ], [ -70.418040893390113, -23.704763183042367 ], [ -70.417621151211321, -23.704222224293918 ], [ -70.417030128785171, -23.703688701527216 ], [ -70.416655501227211, -23.703438148091269 ], [ -70.416053832211873, -23.703318694631385 ], [ -70.415771885668946, -23.704020112635256 ], [ -70.41526312233583, -23.703764552950584 ], [ -70.414355814834209, -23.703147234043662 ], [ -70.411503399385296, -23.701285779205424 ], [ -70.411591628273243, -23.700977629624976 ], [ -70.411661664239489, -23.700752441257499 ], [ -70.411772390035097, -23.700566067261473 ], [ -70.411899522415311, -23.700348754860961 ], [ -70.412046117893738, -23.700114019531785 ], [ -70.412269736865213, -23.69980011983327 ], [ -70.41090965431502, -23.699728284662836 ], [ -70.408295324036914, -23.699175416758532 ], [ -70.40738322869764, -23.698987965811749 ], [ -70.407080950634182, -23.698935637614291 ], [ -70.406170308591172, -23.698777871409472 ], [ -70.404788795298074, -23.698485779816231 ], [ -70.402743530224399, -23.698988191586736 ], [ -70.400350200383684, -23.699233692349861 ], [ -70.39769396882626, -23.69957895341626 ], [ -70.39791591961621, -23.701883760167348 ], [ -70.400470695662023, -23.704136501809835 ], [ -70.414634953032632, -23.713291830675516 ], [ -70.419135602959727, -23.716203872259864 ], [ -70.421125873573089, -23.714758493696209 ], [ -70.423959332674713, -23.71378413390082 ], [ -70.425485426633244, -23.713207308922431 ], [ -70.426978563535386, -23.712501660381676 ], [ -70.429017314995463, -23.711622299824846 ], [ -70.431403143958732, -23.710734917299266 ], [ -70.432062525404916, -23.711965770096079 ], [ -70.432605917194905, -23.713097924632361 ], [ -70.433396769282339, -23.716299004247237 ], [ -70.434832165029107, -23.715824051216263 ], [ -70.434573451787116, -23.715507370976059 ], [ -70.434576541001761, -23.714961728570174 ], [ -70.434207130697231, -23.714528608678954 ], [ -70.433828545552785, -23.713256069466077 ], [ -70.433638298283839, -23.712535884912739 ], [ -70.432956988114626, -23.711098301143576 ], [ -70.432298459443061, -23.710071767571389 ] ] ] } },
{ "type": "Feature", "properties": { "zona": "67" }, "geometry": { "type": "Polygon", "coordinates": [ [ [ -70.423482742917301, -23.703836062065964 ], [ -70.423339493472298, -23.703237048231696 ], [ -70.422923558999159, -23.702004636165743 ], [ -70.422480772888775, -23.700756217270769 ], [ -70.421908823649403, -23.69909482732789 ], [ -70.421074658052717, -23.696986924578926 ], [ -70.420933381339069, -23.696620564274514 ], [ -70.420740042997565, -23.696576833293356 ], [ -70.420287506993049, -23.696665497017868 ], [ -70.419700926310284, -23.697280420415996 ], [ -70.418786665250067, -23.697865119398156 ], [ -70.41705084047733, -23.698559634953664 ], [ -70.416530722272725, -23.698906050463858 ], [ -70.416246026296676, -23.699096908859467 ], [ -70.41489404709624, -23.699461041208888 ], [ -70.414132846150721, -23.699581762633329 ], [ -70.41357184286386, -23.699662188769175 ], [ -70.413190656330158, -23.69971704443757 ], [ -70.412947992154656, -23.699779031520514 ], [ -70.412269736865213, -23.69980011983327 ], [ -70.412046117893738, -23.700114019531785 ], [ -70.411899522415311, -23.700348754860961 ], [ -70.411772390035097, -23.700566067261473 ], [ -70.411661664239489, -23.700752441257499 ], [ -70.411591628273243, -23.700977629624976 ], [ -70.411503399385296, -23.701285779205424 ], [ -70.414355814834209, -23.703147234043662 ], [ -70.41526777628583, -23.703768663690848 ], [ -70.415771885668946, -23.704020112635256 ], [ -70.416053832211873, -23.703318694631385 ], [ -70.416654436373335, -23.703436893791078 ], [ -70.417030946182877, -23.703689506644736 ], [ -70.417620172081499, -23.704221420661447 ], [ -70.418052809757356, -23.704780770509362 ], [ -70.418281895972669, -23.705130437383577 ], [ -70.418635962539199, -23.705408352038187 ], [ -70.418873707132661, -23.705563816999192 ], [ -70.419283645141348, -23.7057358503952 ], [ -70.419785421491753, -23.705897379104687 ], [ -70.420742226362677, -23.706055451216702 ], [ -70.42118275252885, -23.706094473706312 ], [ -70.421540741560378, -23.70602455206145 ], [ -70.421909098954416, -23.70584429145779 ], [ -70.42344617753983, -23.70508726186144 ], [ -70.423636565357668, -23.704962175678279 ], [ -70.423482742917301, -23.703836062065964 ] ] ] } },
{ "type": "Feature", "properties": { "zona": "74" }, "geometry": { "type": "Polygon", "coordinates": [ [ [ -70.441892701008854, -23.740823130984985 ], [ -70.441204488845116, -23.740060565813035 ], [ -70.43925797847325, -23.740237068336221 ], [ -70.433095697123136, -23.741488298272639 ], [ -70.435535915845179, -23.752098712580992 ], [ -70.439207317553951, -23.758008036598223 ], [ -70.448259664642777, -23.75496001148467 ], [ -70.452614586670734, -23.758715178889641 ], [ -70.453728468114619, -23.767453651222933 ], [ -70.456875911440676, -23.768188454492712 ], [ -70.461609065270466, -23.76547754685549 ], [ -70.466349420437595, -23.767375501319609 ], [ -70.467219971790854, -23.77837168846731 ], [ -70.494954738640985, -23.795206248430826 ], [ -70.495809817693797, -23.791087689754995 ], [ -70.491345244636904, -23.789875201063666 ], [ -70.488750785046662, -23.784808105164736 ], [ -70.486747514242367, -23.781837310159194 ], [ -70.485958883873437, -23.778077250496199 ], [ -70.484420197507461, -23.775581455883625 ], [ -70.473873206044019, -23.773675785869766 ], [ -70.471814328293021, -23.771692681198296 ], [ -70.471861372220673, -23.768884489436033 ], [ -70.474517738575443, -23.766023778334361 ], [ -70.472393863444125, -23.762244584241351 ], [ -70.469606201451711, -23.761431101768558 ], [ -70.467462015098533, -23.758338837011696 ], [ -70.464380220959995, -23.758168727560729 ], [ -70.462687490907697, -23.759840724248154 ], [ -70.458901581638571, -23.758961644480419 ], [ -70.455440947135202, -23.756387326785195 ], [ -70.45257966356192, -23.753512863484971 ], [ -70.451282614666738, -23.750895332882322 ], [ -70.446167761471543, -23.748936732050694 ], [ -70.445244776326561, -23.747072886334166 ], [ -70.445142395157674, -23.746071738056106 ], [ -70.445250690518364, -23.745497848356987 ], [ -70.445483401984248, -23.745261103844125 ], [ -70.445277497459415, -23.744833620131825 ], [ -70.445144467578942, -23.744382972947385 ], [ -70.444009987221847, -23.744902711053886 ], [ -70.441892701008854, -23.740823130984985 ] ] ] } },
{ "type": "Feature", "properties": { "zona": "41" }, "geometry": { "type": "Polygon", "coordinates": [ [ [ -70.382738278786135, -23.628475812573203 ], [ -70.382672509547504, -23.629463187773048 ], [ -70.382577389066569, -23.630826705325592 ], [ -70.382467222493702, -23.632897334057308 ], [ -70.382402622060312, -23.635127732084541 ], [ -70.382712894698258, -23.635171104777147 ], [ -70.382818168326196, -23.635220548446252 ], [ -70.383488552456939, -23.635273349049864 ], [ -70.384732894080884, -23.635325266861315 ], [ -70.384776005641299, -23.634229293898219 ], [ -70.385961227876606, -23.634294280456782 ], [ -70.388254328974142, -23.634424918564509 ], [ -70.388479736535785, -23.631165574162569 ], [ -70.388676054924389, -23.628183500927129 ], [ -70.386253313785858, -23.628280743566695 ], [ -70.382738278786135, -23.628475812573203 ] ] ] } },
{ "type": "Feature", "properties": { "zona": "43" }, "geometry": { "type": "Polygon", "coordinates": [ [ [ -70.388258935752773, -23.634424877329209 ], [ -70.38595670191873, -23.634294320901407 ], [ -70.384780531599219, -23.634229253488144 ], [ -70.384728287263854, -23.635325307993373 ], [ -70.383461109420566, -23.635269350185968 ], [ -70.382822775143296, -23.635220507371091 ], [ -70.382708368704016, -23.635171145128407 ], [ -70.382407148053659, -23.635127691742273 ], [ -70.382362482792317, -23.635207816647814 ], [ -70.382406412543759, -23.635488680964016 ], [ -70.382382928962755, -23.635854026314405 ], [ -70.382370613564945, -23.636420801171557 ], [ -70.382878333263378, -23.637469877855864 ], [ -70.384013099570993, -23.637499663290566 ], [ -70.384034155699098, -23.637980092997839 ], [ -70.383994068753211, -23.638072818188046 ], [ -70.384008654388296, -23.638160811778711 ], [ -70.383987803613508, -23.638345642423911 ], [ -70.384204192681693, -23.638553637036971 ], [ -70.384529324880234, -23.638710187961522 ], [ -70.384492362256879, -23.639568640928022 ], [ -70.384444609063536, -23.640192795486904 ], [ -70.384455220257678, -23.6407635185667 ], [ -70.384965996676968, -23.640809339560366 ], [ -70.385351945788969, -23.640684089810424 ], [ -70.385570701873107, -23.640686378936106 ], [ -70.385654373833177, -23.640840931212775 ], [ -70.386702538932738, -23.640865149318415 ], [ -70.387880633054024, -23.640892350819055 ], [ -70.387951870054493, -23.6398675467888 ], [ -70.388056393458015, -23.63768392559361 ], [ -70.388154148937446, -23.636529587629258 ], [ -70.388258935752773, -23.634424877329209 ] ] ] } },
{ "type": "Feature", "properties": { "zona": "26" }, "geometry": { "type": "Polygon", "coordinates": [ [ [ -70.384434119174585, -23.61020837475396 ], [ -70.383679422199961, -23.609748480180627 ], [ -70.381905172399428, -23.612384895014991 ], [ -70.381758343239341, -23.612455365237921 ], [ -70.38151841211544, -23.612857039152065 ], [ -70.381474267520332, -23.612955397916185 ], [ -70.381240037713553, -23.613477107832892 ], [ -70.381159224535025, -23.613932262038794 ], [ -70.381168399262449, -23.614290997126325 ], [ -70.381188284881986, -23.614584446719277 ], [ -70.381226596478129, -23.614808479056514 ], [ -70.381377195393512, -23.615282340499004 ], [ -70.381495309902775, -23.615509815756397 ], [ -70.38205614279228, -23.616353919100632 ], [ -70.383213519130237, -23.618177507656814 ], [ -70.383813977848689, -23.619144858604237 ], [ -70.384751151790823, -23.618652448412004 ], [ -70.385100386674083, -23.618500351468096 ], [ -70.385015464600343, -23.618240710424619 ], [ -70.384847972779625, -23.617714454740319 ], [ -70.384261979769732, -23.617700902644629 ], [ -70.384299638327207, -23.615239144603898 ], [ -70.384111718510042, -23.613028962116459 ], [ -70.384434119174585, -23.61020837475396 ] ] ] } },
{ "type": "Feature", "properties": { "zona": "38" }, "geometry": { "type": "Polygon", "coordinates": [ [ [ -70.382724577068288, -23.628471781325249 ], [ -70.38627157842231, -23.628280580347038 ], [ -70.388666922622249, -23.628183582678442 ], [ -70.390287609625503, -23.628068301653915 ], [ -70.390469674931495, -23.628049966052153 ], [ -70.39004585472064, -23.626750418114842 ], [ -70.389373900019194, -23.62549516637738 ], [ -70.388582919718857, -23.624141385671546 ], [ -70.387974104096671, -23.62318424330774 ], [ -70.38738871827411, -23.622263817547552 ], [ -70.386241992103123, -23.622874411101215 ], [ -70.38417604805835, -23.623967407867948 ], [ -70.38160287007544, -23.625341999117701 ], [ -70.381113682906431, -23.625614970380692 ], [ -70.381976007888497, -23.627034429520517 ], [ -70.382166166765671, -23.627355976844321 ], [ -70.382348327257588, -23.627354353743101 ], [ -70.382401146552411, -23.628474663923232 ], [ -70.382724577068288, -23.628471781325249 ] ] ] } },
{ "type": "Feature", "properties": { "zona": "37" }, "geometry": { "type": "Polygon", "coordinates": [ [ [ -70.38509125502928, -23.618500432977541 ], [ -70.384746648193897, -23.618654565292903 ], [ -70.383896042496758, -23.619101870568219 ], [ -70.381802007968815, -23.620225513287945 ], [ -70.379740582547541, -23.621310013814082 ], [ -70.378714467087377, -23.621856457056264 ], [ -70.379288954062289, -23.622768437225126 ], [ -70.380456101484555, -23.624596652524321 ], [ -70.381113682906431, -23.625614970380692 ], [ -70.38161192139259, -23.625341918511076 ], [ -70.384239457650509, -23.623933253924168 ], [ -70.386259998443464, -23.622857456121409 ], [ -70.38738871827411, -23.622263817547552 ], [ -70.3870269188386, -23.6216531648966 ], [ -70.3859182795902, -23.620037655103378 ], [ -70.38509125502928, -23.618500432977541 ] ] ] } },
{ "type": "Feature", "properties": { "zona": "61" }, "geometry": { "type": "Polygon", "coordinates": [ [ [ -70.403315120191436, -23.672816058733233 ], [ -70.403737234490265, -23.673723168273813 ], [ -70.403803082795477, -23.673915611180462 ], [ -70.403813877228174, -23.67407081185684 ], [ -70.40449564761289, -23.675600912511605 ], [ -70.404661163582873, -23.675737916102285 ], [ -70.404816691970723, -23.675795284209986 ], [ -70.405243746323166, -23.675665546355287 ], [ -70.405449091065719, -23.67611693782781 ], [ -70.405008778061898, -23.676284718267574 ], [ -70.405434022849946, -23.677263032137343 ], [ -70.405915229301172, -23.678362547038013 ], [ -70.406340318528024, -23.679332552413218 ], [ -70.406305878163678, -23.679521751211517 ], [ -70.406513190984612, -23.679725548480526 ], [ -70.40686103592823, -23.679423891270286 ], [ -70.407272170383422, -23.679233707742007 ], [ -70.407279409911382, -23.679230210950422 ], [ -70.407257326680892, -23.67916892434188 ], [ -70.407531083111593, -23.67902368860716 ], [ -70.408012302036127, -23.678847222282116 ], [ -70.408770652601845, -23.678584264527373 ], [ -70.407485561639902, -23.675620000243633 ], [ -70.406214956670055, -23.672726829127825 ], [ -70.405831284544803, -23.671794277336392 ], [ -70.405685668725496, -23.671816636292238 ], [ -70.403315120191436, -23.672816058733233 ] ] ] } },
{ "type": "Feature", "properties": { "zona": "60" }, "geometry": { "type": "Polygon", "coordinates": [ [ [ -70.411052091321196, -23.681380078447145 ], [ -70.412078774796868, -23.681068521082548 ], [ -70.412996515937877, -23.680799845459148 ], [ -70.413277771415494, -23.680675568732187 ], [ -70.414237165866155, -23.680461130946863 ], [ -70.414208284462191, -23.679055226172018 ], [ -70.414095826218897, -23.678770847924142 ], [ -70.413886326476842, -23.678357248321998 ], [ -70.413899547911882, -23.677895387034646 ], [ -70.413955058671235, -23.677546453004613 ], [ -70.413923034728469, -23.677110195510764 ], [ -70.413737702164028, -23.676402482432938 ], [ -70.413358480477726, -23.675889667716426 ], [ -70.41314349405134, -23.675724503353145 ], [ -70.413163476681845, -23.67513175062124 ], [ -70.413194981302667, -23.674678119251531 ], [ -70.412331240528232, -23.673603063834541 ], [ -70.412003373390419, -23.673203090335203 ], [ -70.411808408009264, -23.672868990010503 ], [ -70.411589214050409, -23.67240933670946 ], [ -70.411248681666365, -23.672101843078082 ], [ -70.410943529220006, -23.67169326311328 ], [ -70.410426848388482, -23.671538426440002 ], [ -70.410152371259784, -23.671012008265055 ], [ -70.409541613802702, -23.670581015986635 ], [ -70.409306492403928, -23.670331337110799 ], [ -70.409131529249549, -23.670165080093156 ], [ -70.40881840536106, -23.669441727586364 ], [ -70.408495102201201, -23.669465614544638 ], [ -70.408764534068325, -23.670495266729276 ], [ -70.408700347115101, -23.670752453849957 ], [ -70.408175841137535, -23.670719391140331 ], [ -70.40801246303181, -23.670351500786069 ], [ -70.407884678964848, -23.670340111875511 ], [ -70.40698198631361, -23.670634351028792 ], [ -70.40615318458299, -23.670792389375698 ], [ -70.406159250562922, -23.671487746334307 ], [ -70.40583137436694, -23.671802673472527 ], [ -70.406214867785621, -23.672718523275076 ], [ -70.40782181700834, -23.676380885463814 ], [ -70.408765999781579, -23.678580153526593 ], [ -70.409348091443121, -23.67930521041929 ], [ -70.410131061144085, -23.680092902632659 ], [ -70.410888385864922, -23.680863398203808 ], [ -70.411052091321196, -23.681380078447145 ] ] ] } },
{ "type": "Feature", "properties": { "zona": "45" }, "geometry": { "type": "Polygon", "coordinates": [ [ [ -70.387812551705835, -23.643726369306211 ], [ -70.387714196850567, -23.643475338905169 ], [ -70.38752767297278, -23.643502199276536 ], [ -70.387156872574153, -23.643209363926012 ], [ -70.386782372010387, -23.643685114384983 ], [ -70.386427437939417, -23.643800971252492 ], [ -70.386551168842445, -23.644159040856252 ], [ -70.386621608171879, -23.644729769845235 ], [ -70.386184305243972, -23.644753995600091 ], [ -70.385570001069851, -23.644811494035444 ], [ -70.384430026361144, -23.644968760885828 ], [ -70.383576164344319, -23.645060714456989 ], [ -70.383433592836539, -23.645093498127096 ], [ -70.383543755336333, -23.645553268414886 ], [ -70.383990355149223, -23.646904364495722 ], [ -70.384596729587614, -23.649018793253337 ], [ -70.385472167573994, -23.648678160639268 ], [ -70.386359516917238, -23.648332992477602 ], [ -70.386667469415173, -23.648782052166169 ], [ -70.386817524125121, -23.648876056691599 ], [ -70.387063024084242, -23.648653461068662 ], [ -70.387762869253194, -23.64792911710926 ], [ -70.388119734718643, -23.64755103587618 ], [ -70.388133835857687, -23.646489454092375 ], [ -70.388107555650379, -23.644802971626778 ], [ -70.387773261167197, -23.644109101580813 ], [ -70.387812551705835, -23.643726369306211 ] ] ] } },
{ "type": "Feature", "properties": { "zona": "63" }, "geometry": { "type": "Polygon", "coordinates": [ [ [ -70.415078119354177, -23.69142153438704 ], [ -70.413437420324257, -23.686997805319738 ], [ -70.413265695147459, -23.686721823142427 ], [ -70.41186941753466, -23.684519218678815 ], [ -70.41140198923803, -23.682594444311654 ], [ -70.411047473595048, -23.681371723594015 ], [ -70.410888385864922, -23.680863398203808 ], [ -70.410131061144085, -23.680092902632659 ], [ -70.409325022207611, -23.679280229545942 ], [ -70.408765999781579, -23.678580153526593 ], [ -70.408121283913687, -23.678808490368162 ], [ -70.407535691414523, -23.679023646725287 ], [ -70.407257326680892, -23.67916892434188 ], [ -70.407279409911382, -23.679230210950422 ], [ -70.407272170383422, -23.679233707742007 ], [ -70.40686103592823, -23.679423891270286 ], [ -70.406513145551543, -23.679721305277525 ], [ -70.406074685564022, -23.679798782554712 ], [ -70.406584905391796, -23.680306543332861 ], [ -70.40829156718732, -23.681983783020996 ], [ -70.409089506036921, -23.682816669118644 ], [ -70.409243588820331, -23.685707332255252 ], [ -70.409432868622062, -23.68593223620941 ], [ -70.409529282563682, -23.686002777589312 ], [ -70.409517645820046, -23.686191769249486 ], [ -70.410098032502432, -23.687605203992618 ], [ -70.411135442123523, -23.689979936206445 ], [ -70.41116355800844, -23.690903070177455 ], [ -70.41130161421286, -23.69187567359452 ], [ -70.415078119354177, -23.69142153438704 ] ] ] } },
{ "type": "Feature", "properties": { "zona": "73" }, "geometry": { "type": "Polygon", "coordinates": [ [ [ -70.397612791716, -23.698775385703275 ], [ -70.397548146360705, -23.697800298652503 ], [ -70.397545644207554, -23.696760273758532 ], [ -70.38829724312572, -23.696812350901101 ], [ -70.378480018383797, -23.711823429820338 ], [ -70.382169475874221, -23.717115452699908 ], [ -70.400465116106162, -23.70413655230475 ], [ -70.39791034015002, -23.701883810565668 ], [ -70.397612791716, -23.698775385703275 ] ] ] } },
{ "type": "Feature", "properties": { "zona": "31" }, "geometry": { "type": "Polygon", "coordinates": [ [ [ -70.388864364422815, -23.644522884579573 ], [ -70.389486897224955, -23.645061216899229 ], [ -70.390246796465178, -23.64426282795765 ], [ -70.39081204675297, -23.644719413797201 ], [ -70.391469007695875, -23.645225646710795 ], [ -70.391643294000147, -23.645333243589327 ], [ -70.391835574329079, -23.644131015568128 ], [ -70.392246851050359, -23.643435066060281 ], [ -70.392837070161121, -23.642821388075877 ], [ -70.392830516666493, -23.642767362961244 ], [ -70.392653236549293, -23.640818410250073 ], [ -70.392574830181317, -23.639634412857454 ], [ -70.392670936813388, -23.638679359729398 ], [ -70.391577516247935, -23.638684931909001 ], [ -70.391690047438573, -23.636828631973298 ], [ -70.39164779099255, -23.636715606233334 ], [ -70.390246584906762, -23.636667408113272 ], [ -70.389375502638586, -23.636600273261635 ], [ -70.388864364422815, -23.644522884579573 ] ] ] } },
{ "type": "Feature", "properties": { "zona": "48" }, "geometry": { "type": "Polygon", "coordinates": [ [ [ -70.397885569793928, -23.641045992520112 ], [ -70.398251389319626, -23.642024872420276 ], [ -70.398533069605207, -23.641946759066936 ], [ -70.398114219654815, -23.640549139994583 ], [ -70.398667983177845, -23.639771892846809 ], [ -70.39883924184052, -23.639267792036481 ], [ -70.397568213511491, -23.640299172337876 ], [ -70.395747172915222, -23.641329716072931 ], [ -70.395865594870926, -23.641756716823593 ], [ -70.395985710921863, -23.642343335574125 ], [ -70.395989005531916, -23.642653904814441 ], [ -70.396992608897392, -23.64406811253604 ], [ -70.401708666185485, -23.647706498964229 ], [ -70.401793262191958, -23.650509694777778 ], [ -70.401873497905243, -23.652053652692089 ], [ -70.402017906584987, -23.655074807662576 ], [ -70.402503162461883, -23.655557080851469 ], [ -70.402985782277455, -23.65551912495371 ], [ -70.403429169408795, -23.65522130691744 ], [ -70.407074642413193, -23.653517619499521 ], [ -70.407814124148828, -23.652788946308583 ], [ -70.408138154321009, -23.649008180465053 ], [ -70.408281489145409, -23.647076026892087 ], [ -70.40843370809776, -23.64596651482843 ], [ -70.404471910296095, -23.645330877333119 ], [ -70.40358798781628, -23.644482570262202 ], [ -70.402547295906047, -23.643751427844077 ], [ -70.401546028651424, -23.643540805865022 ], [ -70.400980631814562, -23.644333607648374 ], [ -70.40072346600445, -23.644831714834439 ], [ -70.400295463931201, -23.64465093746076 ], [ -70.39998324378324, -23.64442703818138 ], [ -70.399729055010667, -23.644111150303104 ], [ -70.399838400368679, -23.643865837668098 ], [ -70.400109164302663, -23.643619970320788 ], [ -70.400505414957138, -23.643179838262043 ], [ -70.400687704705177, -23.642330275853215 ], [ -70.399803755407021, -23.64231875577525 ], [ -70.399410413733435, -23.642257116687492 ], [ -70.399440288852247, -23.642892490676171 ], [ -70.399316009082241, -23.643375310992145 ], [ -70.399030647645191, -23.643533185394414 ], [ -70.398773684149106, -23.643799964066787 ], [ -70.398316274673562, -23.643627752975764 ], [ -70.398039170243976, -23.643954303735814 ], [ -70.397548382865324, -23.64354673357554 ], [ -70.398421181811884, -23.642569055868957 ], [ -70.398099738952865, -23.642328441603507 ], [ -70.397093219430317, -23.643212788527826 ], [ -70.396382640064488, -23.641966139893558 ], [ -70.397885569793928, -23.641045992520112 ] ] ] } },
{ "type": "Feature", "properties": { "zona": "49" }, "geometry": { "type": "Polygon", "coordinates": [ [ [ -70.396992608897392, -23.64406811253604 ], [ -70.396336331400121, -23.644838783551595 ], [ -70.395475560569977, -23.645711063593232 ], [ -70.394826684142501, -23.646479946577948 ], [ -70.395661418143732, -23.647145368241681 ], [ -70.398316756658105, -23.64924822791583 ], [ -70.39921779560494, -23.649995646278978 ], [ -70.399956589448678, -23.649199839680957 ], [ -70.400713820531394, -23.648420657213077 ], [ -70.401543323732682, -23.647582039046029 ], [ -70.396992608897392, -23.64406811253604 ] ] ] } },
{ "type": "Feature", "properties": { "zona": "51" }, "geometry": { "type": "Polygon", "coordinates": [ [ [ -70.402015074546682, -23.655074562410274 ], [ -70.401873676876235, -23.652070445035658 ], [ -70.401793887547328, -23.650568377712396 ], [ -70.401708576729021, -23.647698102787128 ], [ -70.401543323732682, -23.647582039046029 ], [ -70.400695732002831, -23.648437614624832 ], [ -70.399974588824648, -23.649174486165872 ], [ -70.399226929379267, -23.649995563835219 ], [ -70.398442359869662, -23.650774986204347 ], [ -70.399315375066863, -23.651455480348627 ], [ -70.397760898585858, -23.653110800951147 ], [ -70.398694113729334, -23.653878878275371 ], [ -70.399539749384232, -23.654559617135511 ], [ -70.400053104113624, -23.653984166600839 ], [ -70.400305431036429, -23.653713183724534 ], [ -70.401206244293903, -23.65443539960912 ], [ -70.402015074546682, -23.655074562410274 ] ] ] } },
{ "type": "Feature", "properties": { "zona": "50" }, "geometry": { "type": "Polygon", "coordinates": [ [ [ -70.396715359635081, -23.654203166912325 ], [ -70.397774424842183, -23.653098038344332 ], [ -70.399315464386547, -23.651463876530276 ], [ -70.398451493701103, -23.650774903803718 ], [ -70.39921779560494, -23.649995646278978 ], [ -70.398335113357746, -23.649256459326391 ], [ -70.395661418143732, -23.647145368241681 ], [ -70.394828947322395, -23.646479926216404 ], [ -70.394060819171941, -23.647301164019222 ], [ -70.393303819706674, -23.648105504266333 ], [ -70.392600910407594, -23.648850576146003 ], [ -70.392269854242755, -23.649214530770088 ], [ -70.392259234074714, -23.649288032248197 ], [ -70.392243303375281, -23.649936731256954 ], [ -70.392260677674784, -23.650715239541427 ], [ -70.392293881394693, -23.651056961290134 ], [ -70.392395760549803, -23.6516395026018 ], [ -70.393307238207598, -23.653060879385663 ], [ -70.393881654842829, -23.65394290752883 ], [ -70.394399594428151, -23.654979566776269 ], [ -70.394894413442827, -23.65609164372362 ], [ -70.396715359635081, -23.654203166912325 ] ] ] } },
{ "type": "Feature", "properties": { "zona": "53" }, "geometry": { "type": "Polygon", "coordinates": [ [ [ -70.391763169011995, -23.659230024313285 ], [ -70.392270334415372, -23.658820968222063 ], [ -70.393772080682538, -23.657265311604874 ], [ -70.394891193894267, -23.656085352381705 ], [ -70.394400437218763, -23.65498280964426 ], [ -70.393876558073799, -23.653934917526151 ], [ -70.393294587337564, -23.653041851552647 ], [ -70.392395760549803, -23.6516395026018 ], [ -70.392293881394693, -23.651056961290134 ], [ -70.392260588808483, -23.650706843333666 ], [ -70.392243370260616, -23.649943050983907 ], [ -70.392257001806087, -23.649298616273459 ], [ -70.392267421323325, -23.649206155613065 ], [ -70.391873165563723, -23.649625212447955 ], [ -70.390440030862109, -23.651119829905536 ], [ -70.389442435973024, -23.652232666054818 ], [ -70.388837056052395, -23.652725027797345 ], [ -70.388794510567735, -23.65289885696145 ], [ -70.388549292601567, -23.653408937686834 ], [ -70.388632263914289, -23.654797583727799 ], [ -70.388952694623185, -23.655530308647595 ], [ -70.389687585277372, -23.656345363736357 ], [ -70.391763169011995, -23.659230024313285 ] ] ] } },
{ "type": "Feature", "properties": { "zona": "34" }, "geometry": { "type": "Polygon", "coordinates": [ [ [ -70.381758343239341, -23.612455365237921 ], [ -70.380488182266191, -23.611684656662884 ], [ -70.379452448806546, -23.611081059379771 ], [ -70.37900028122678, -23.610971761963203 ], [ -70.378407998119812, -23.61096438226053 ], [ -70.37731467032711, -23.610957293838389 ], [ -70.377026848586596, -23.610875876788345 ], [ -70.376225390036666, -23.61046331144103 ], [ -70.375792005814418, -23.610294968037223 ], [ -70.375170940448896, -23.610185440660427 ], [ -70.374723961123948, -23.610131342815592 ], [ -70.374259115144326, -23.610061059131557 ], [ -70.373671046268399, -23.61002346656235 ], [ -70.366884379196009, -23.610209517215946 ], [ -70.366878814966157, -23.610880793112653 ], [ -70.366155846930084, -23.612213630514088 ], [ -70.365763550781438, -23.612936977128239 ], [ -70.365119150103496, -23.614125013562912 ], [ -70.364213909984173, -23.61579397594841 ], [ -70.363472334402232, -23.617161186120907 ], [ -70.362779200126042, -23.618439030552754 ], [ -70.36192894256358, -23.62000646184444 ], [ -70.36135656786729, -23.62106157492617 ], [ -70.370472225303203, -23.620554792903054 ], [ -70.371347280680325, -23.619275218855158 ], [ -70.371882980075256, -23.61888214089992 ], [ -70.372455521089634, -23.618736494549204 ], [ -70.372653156991191, -23.618468206646362 ], [ -70.372686290426714, -23.618367148516988 ], [ -70.372772030359855, -23.618288739564882 ], [ -70.37335818724064, -23.618147122948258 ], [ -70.373889560986768, -23.617991271732318 ], [ -70.374448270098753, -23.617837343616202 ], [ -70.375384193587038, -23.617594023164145 ], [ -70.375600194276203, -23.617336042764766 ], [ -70.375731530594976, -23.617259304759774 ], [ -70.375816089146255, -23.617331149207146 ], [ -70.37741216613334, -23.616473129342928 ], [ -70.379413474454694, -23.615410143176391 ], [ -70.380936651715771, -23.614594902470127 ], [ -70.381188284881986, -23.614584446719277 ], [ -70.381168399262449, -23.614290997126325 ], [ -70.381159224535025, -23.613932262038794 ], [ -70.381240037713553, -23.613477107832892 ], [ -70.381474267520332, -23.612955397916185 ], [ -70.38151841211544, -23.612857039152065 ], [ -70.381758343239341, -23.612455365237921 ] ] ] } },
{ "type": "Feature", "properties": { "zona": "40" }, "geometry": { "type": "Polygon", "coordinates": [ [ [ -70.36999012183297, -23.627212883955121 ], [ -70.370587258049667, -23.628052193317661 ], [ -70.37101886675822, -23.628347604343208 ], [ -70.371507459271157, -23.629038798204061 ], [ -70.372042869033123, -23.628978895595633 ], [ -70.373619337774173, -23.629208549326137 ], [ -70.374263237236761, -23.62924374805527 ], [ -70.37615500358865, -23.628907978601141 ], [ -70.378799459544823, -23.6286704161991 ], [ -70.378739574878324, -23.627736978516605 ], [ -70.378116425973232, -23.62674136889326 ], [ -70.37800840093783, -23.626435880758578 ], [ -70.377945137696912, -23.626260284897654 ], [ -70.377791796895295, -23.625980390254107 ], [ -70.377530115617503, -23.625789581510944 ], [ -70.37750929623104, -23.625754101410028 ], [ -70.378003531922431, -23.625105395381247 ], [ -70.377754037606891, -23.624990052300298 ], [ -70.377313203740016, -23.624863857113873 ], [ -70.377280630682776, -23.624809610483887 ], [ -70.376824654884444, -23.624549195168335 ], [ -70.376600587944623, -23.624469289466425 ], [ -70.377102565995017, -23.62367984402891 ], [ -70.377014543510811, -23.623099331302818 ], [ -70.376906721688854, -23.622812711090582 ], [ -70.376795311524432, -23.622608016642495 ], [ -70.376658830859242, -23.622626021815964 ], [ -70.375252354639429, -23.622747656845945 ], [ -70.375240543233687, -23.622707852857506 ], [ -70.374849041838928, -23.622738590443156 ], [ -70.374874811165114, -23.623023862688981 ], [ -70.37424685869216, -23.623096602601855 ], [ -70.373185428434908, -23.623313760507614 ], [ -70.373091953728903, -23.6228675561226 ], [ -70.372732276648364, -23.621888370511236 ], [ -70.372590532762274, -23.621827865307328 ], [ -70.372302439447722, -23.621947431041693 ], [ -70.371490749066652, -23.623025913453723 ], [ -70.36019230903824, -23.623218285956771 ], [ -70.359130196772568, -23.625165701439052 ], [ -70.365088863788088, -23.625841676119499 ], [ -70.368730892459496, -23.62580660703955 ], [ -70.368883058107656, -23.626301866412469 ], [ -70.369555996794261, -23.626620524131635 ], [ -70.36999012183297, -23.627212883955121 ] ] ] } },
{ "type": "Feature", "properties": { "zona": "35" }, "geometry": { "type": "Polygon", "coordinates": [ [ [ -70.375731530594976, -23.617259304759774 ], [ -70.375600194276203, -23.617336042764766 ], [ -70.375384193587038, -23.617594023164145 ], [ -70.374511854761678, -23.617819986255796 ], [ -70.373912284749608, -23.61798484044807 ], [ -70.373385436487084, -23.618140651687536 ], [ -70.372772030359855, -23.618288739564882 ], [ -70.372686290426714, -23.618367148516988 ], [ -70.372653156991191, -23.618468206646362 ], [ -70.372455521089634, -23.618736494549204 ], [ -70.371882818451851, -23.618882142328829 ], [ -70.371351842791412, -23.619270934846988 ], [ -70.370472225303203, -23.620554792903054 ], [ -70.361363915354801, -23.621060878420607 ], [ -70.360790211491334, -23.622105527462988 ], [ -70.360186015742883, -23.623219334335548 ], [ -70.371490749066652, -23.623025913453723 ], [ -70.372299032185325, -23.621953962145195 ], [ -70.372586976969004, -23.621827896763147 ], [ -70.37273578550068, -23.621891589950859 ], [ -70.373091997963101, -23.622871799417045 ], [ -70.373185428434908, -23.623313760507614 ], [ -70.37427421043482, -23.623092116649477 ], [ -70.374874788547942, -23.623021695901997 ], [ -70.374849041838928, -23.622738590443156 ], [ -70.375242806023806, -23.622707832800781 ], [ -70.375252354639429, -23.622747656845945 ], [ -70.376645115153181, -23.622628310498868 ], [ -70.376797596959705, -23.622610163348515 ], [ -70.376906744339209, -23.622814877875769 ], [ -70.377636377305336, -23.622449494025215 ], [ -70.378263819928108, -23.622112282571621 ], [ -70.378713335701292, -23.621856467109602 ], [ -70.377518404750148, -23.619986587829999 ], [ -70.376370051014547, -23.618208652369731 ], [ -70.375814218246077, -23.617329992008969 ], [ -70.375731530594976, -23.617259304759774 ] ] ] } },
{ "type": "Feature", "properties": { "zona": "36" }, "geometry": { "type": "Polygon", "coordinates": [ [ [ -70.383813977848689, -23.619144858604237 ], [ -70.383213519130237, -23.618177507656814 ], [ -70.38205614279228, -23.616353919100632 ], [ -70.381495309902775, -23.615509815756397 ], [ -70.381377195393512, -23.615282340499004 ], [ -70.381226596478129, -23.614808479056514 ], [ -70.381188284881986, -23.614584446719277 ], [ -70.380936651715771, -23.614594902470127 ], [ -70.379413474454694, -23.615410143176391 ], [ -70.37741216613334, -23.616473129342928 ], [ -70.375816089146255, -23.617331149207146 ], [ -70.376370050071358, -23.618208562086942 ], [ -70.377509096435602, -23.619969786028378 ], [ -70.378713335701292, -23.621856467109602 ], [ -70.379740582547541, -23.621310013814082 ], [ -70.381808745370606, -23.620212902841214 ], [ -70.383813977848689, -23.619144858604237 ] ] ] } },
{ "type": "Feature", "properties": { "zona": "39" }, "geometry": { "type": "Polygon", "coordinates": [ [ [ -70.382401146552411, -23.628474663923232 ], [ -70.382348327257588, -23.627354353743101 ], [ -70.382170737028474, -23.62736017979714 ], [ -70.381122991160936, -23.625631681631472 ], [ -70.380446969399259, -23.624596733780219 ], [ -70.379298094079246, -23.622776843328488 ], [ -70.378714488821473, -23.621858533557408 ], [ -70.3782591865928, -23.622117470320269 ], [ -70.377605985526827, -23.622464661901031 ], [ -70.376907716937822, -23.622815140117737 ], [ -70.377014543510811, -23.623099331302818 ], [ -70.377102544284426, -23.623677767526846 ], [ -70.376602850763703, -23.624469269388463 ], [ -70.376815478430771, -23.6245450329235 ], [ -70.377278345199883, -23.624807463787715 ], [ -70.377310838384574, -23.624861801418401 ], [ -70.377747227404001, -23.624988036084556 ], [ -70.378003531922431, -23.625105395381247 ], [ -70.377507033390756, -23.625754121502229 ], [ -70.377530115617503, -23.625789581510944 ], [ -70.377791796895295, -23.625980390254107 ], [ -70.377952035820385, -23.626270697386325 ], [ -70.378003765652025, -23.626425448173279 ], [ -70.378116425973232, -23.62674136889326 ], [ -70.378739574878324, -23.627736978516605 ], [ -70.378799415114543, -23.628666172918031 ], [ -70.379423135682217, -23.628627039574674 ], [ -70.380579795519594, -23.628570611149932 ], [ -70.382401146552411, -23.628474663923232 ] ] ] } },
{ "type": "Feature", "properties": { "zona": "72" }, "geometry": { "type": "Polygon", "coordinates": [ [ [ -70.37023033607251, -23.629069768033144 ], [ -70.371507459271157, -23.629038798204061 ], [ -70.37101886675822, -23.628347604343208 ], [ -70.370587258049667, -23.628052193317661 ], [ -70.369555996794261, -23.626620524131635 ], [ -70.368883058107656, -23.626301866412469 ], [ -70.368730892459496, -23.62580660703955 ], [ -70.365088863788088, -23.625841676119499 ], [ -70.359128927008939, -23.625167969850903 ], [ -70.356690003899701, -23.629663534597075 ], [ -70.37023033607251, -23.629069768033144 ] ] ] } },
{ "type": "Feature", "properties": { "zona": "18" }, "geometry": { "type": "Polygon", "coordinates": [ [ [ -70.38446355152432, -23.600922486853079 ], [ -70.384530365026237, -23.598920136402974 ], [ -70.384656538898994, -23.597176482165533 ], [ -70.384478144803126, -23.597140331106292 ], [ -70.384471607012586, -23.596917821644514 ], [ -70.384376407336447, -23.596524188218879 ], [ -70.384386889223919, -23.596221799878496 ], [ -70.382310687676537, -23.596329864392516 ], [ -70.380213242778126, -23.596423733754854 ], [ -70.378855783830119, -23.596499809795148 ], [ -70.378827274875064, -23.596393067711677 ], [ -70.378091444054348, -23.596429937526253 ], [ -70.377659803339895, -23.596470606428344 ], [ -70.377666416583637, -23.599284928977134 ], [ -70.377769917352538, -23.601340846784638 ], [ -70.381306626153645, -23.601122609559948 ], [ -70.38446355152432, -23.600922486853079 ] ] ] } },
{ "type": "Feature", "properties": { "zona": "2" }, "geometry": { "type": "Polygon", "coordinates": [ [ [ -70.383205865627843, -23.575891041953572 ], [ -70.381090693919703, -23.575695774870372 ], [ -70.378898193127668, -23.575498997952593 ], [ -70.378668679729927, -23.578378445487118 ], [ -70.378462894016522, -23.581194116312123 ], [ -70.378265397764054, -23.584030389440763 ], [ -70.37804239735695, -23.586483058940658 ], [ -70.378006248497016, -23.589118084033863 ], [ -70.380073693108116, -23.589233630161427 ], [ -70.382074286811857, -23.589384776509533 ], [ -70.383616815534907, -23.589458083903736 ], [ -70.383694399091041, -23.588172908902163 ], [ -70.383808235491017, -23.586862219484932 ], [ -70.384615335107711, -23.586869564115403 ], [ -70.384381900366648, -23.586422355267576 ], [ -70.383722684561022, -23.585106996058954 ], [ -70.383031269803325, -23.583678423763796 ], [ -70.382645414902115, -23.582779305854885 ], [ -70.38245803282021, -23.582207171664844 ], [ -70.382429426266924, -23.581713080831378 ], [ -70.382472959737044, -23.581117673124396 ], [ -70.38259744047501, -23.580027741327687 ], [ -70.382712697205449, -23.578651306477756 ], [ -70.383205865627843, -23.575891041953572 ] ] ] } },
{ "type": "Feature", "properties": { "zona": "7" }, "geometry": { "type": "Polygon", "coordinates": [ [ [ -70.383613507745125, -23.589458564826451 ], [ -70.382074286811857, -23.589384776509533 ], [ -70.380073693108116, -23.589233630161427 ], [ -70.378006248497016, -23.589118084033863 ], [ -70.377939271755892, -23.590867081369602 ], [ -70.377866991596605, -23.5918918078041 ], [ -70.377785591889577, -23.592646914620737 ], [ -70.379993125666687, -23.59254641370925 ], [ -70.382057783376908, -23.592437040413817 ], [ -70.384180852157613, -23.592319534728652 ], [ -70.384144172170451, -23.592266048061489 ], [ -70.383888624304106, -23.590897975055171 ], [ -70.383613507745125, -23.589458564826451 ] ] ] } },
{ "type": "Feature", "properties": { "zona": "20" }, "geometry": { "type": "Polygon", "coordinates": [ [ [ -70.384248705426529, -23.603887847458516 ], [ -70.38447268195398, -23.600922405437547 ], [ -70.381306626153645, -23.601122609559948 ], [ -70.377760786868009, -23.601340927807431 ], [ -70.377132757028562, -23.601388485042168 ], [ -70.376291618901533, -23.601403527975414 ], [ -70.376414017021943, -23.602322150466581 ], [ -70.376608371171983, -23.602663534330691 ], [ -70.376808002014386, -23.603448201429554 ], [ -70.378590144485884, -23.603545702138625 ], [ -70.378987100381536, -23.60360935342209 ], [ -70.384248705426529, -23.603887847458516 ] ] ] } },
{ "type": "Feature", "properties": { "zona": "14" }, "geometry": { "type": "Polygon", "coordinates": [ [ [ -70.387563526395056, -23.544290525662184 ], [ -70.385970148673749, -23.544370734560054 ], [ -70.385996681408841, -23.544859879213529 ], [ -70.384640853467218, -23.545086939241397 ], [ -70.382478855847722, -23.545248199289766 ], [ -70.367709083692404, -23.544965867565825 ], [ -70.367185699950937, -23.565948027815949 ], [ -70.380662788613733, -23.566853984398165 ], [ -70.382324695904529, -23.566981061411841 ], [ -70.384412733177058, -23.567205993857335 ], [ -70.38437168274227, -23.566842755580517 ], [ -70.383891770115881, -23.565605520663251 ], [ -70.38346601680945, -23.564439944684075 ], [ -70.383124744101806, -23.562731595064008 ], [ -70.383065770418682, -23.561643564290573 ], [ -70.383415222747217, -23.56023010016694 ], [ -70.384199356981682, -23.558577646555356 ], [ -70.385033653906319, -23.556919054195792 ], [ -70.385782921248065, -23.554718472828352 ], [ -70.38651334667469, -23.55257972538444 ], [ -70.38826347708509, -23.552740360167249 ], [ -70.388251336176694, -23.546385384753297 ], [ -70.388271048888654, -23.544339651634584 ], [ -70.387563526395056, -23.544290525662184 ] ] ] } },
{ "type": "Feature", "properties": { "zona": "15" }, "geometry": { "type": "Polygon", "coordinates": [ [ [ -70.384386889223919, -23.596221799878496 ], [ -70.384385876142971, -23.596125287629246 ], [ -70.384360127564051, -23.595412036161566 ], [ -70.384180852157613, -23.592319534728652 ], [ -70.382057783376908, -23.592437040413817 ], [ -70.379993125666687, -23.59254641370925 ], [ -70.377785591889577, -23.592646914620737 ], [ -70.377763465563973, -23.594636320499028 ], [ -70.377657541002392, -23.596470626499343 ], [ -70.378091444054348, -23.596429937526253 ], [ -70.378827274875064, -23.596393067711677 ], [ -70.378855783830119, -23.596499809795148 ], [ -70.380213242778126, -23.596423733754854 ], [ -70.382310687676537, -23.596329864392516 ], [ -70.384386889223919, -23.596221799878496 ] ] ] } },
{ "type": "Feature", "properties": { "zona": "9" }, "geometry": { "type": "Polygon", "coordinates": [ [ [ -70.393844224816334, -23.584094545620154 ], [ -70.394199545519612, -23.584099754172822 ], [ -70.394386339508799, -23.583678314480576 ], [ -70.394316387710603, -23.583091237773779 ], [ -70.394361502735393, -23.582184129863876 ], [ -70.394247889036151, -23.581968631513092 ], [ -70.393876132260644, -23.581936663569511 ], [ -70.39367435857595, -23.581804120604957 ], [ -70.393606724402773, -23.581443743472647 ], [ -70.393359291802014, -23.581294905755406 ], [ -70.393375873489035, -23.581143609710285 ], [ -70.393475518512915, -23.58109233355778 ], [ -70.393620107148649, -23.580981874684415 ], [ -70.393663633175706, -23.580788441843076 ], [ -70.393605127063225, -23.580527302994739 ], [ -70.392892283880414, -23.580199257120537 ], [ -70.392600184157587, -23.580143186339662 ], [ -70.392108697726442, -23.580172782152157 ], [ -70.39175924053761, -23.579856823951587 ], [ -70.391867905239565, -23.579611251725165 ], [ -70.39222945827639, -23.579289284526471 ], [ -70.395499901608446, -23.577436967487305 ], [ -70.39254718044053, -23.577278812997534 ], [ -70.392932326188088, -23.576720340928336 ], [ -70.39008000877034, -23.57652015615389 ], [ -70.389989317312029, -23.578150453621685 ], [ -70.389935565138074, -23.579137907973674 ], [ -70.389670029208091, -23.582133888627745 ], [ -70.389523785650539, -23.583814161560987 ], [ -70.39090943495205, -23.583919320408711 ], [ -70.393844224816334, -23.584094545620154 ] ] ] } },
{ "type": "Feature", "properties": { "zona": "10" }, "geometry": { "type": "Polygon", "coordinates": [ [ [ -70.384412645161532, -23.567197597531312 ], [ -70.384316189045862, -23.56991848784498 ], [ -70.383946295570013, -23.572250038033086 ], [ -70.383434394934, -23.575070696183182 ], [ -70.383183405507623, -23.575968170191725 ], [ -70.384888349121297, -23.57608164952757 ], [ -70.386656616485922, -23.576208630395104 ], [ -70.38828827858049, -23.57633681154778 ], [ -70.390079699793645, -23.576490814260055 ], [ -70.390229998632904, -23.575196589074981 ], [ -70.390302744271807, -23.573458192383583 ], [ -70.389896280000627, -23.571178270911812 ], [ -70.389893135131814, -23.570019861341045 ], [ -70.390036418741161, -23.566324670575117 ], [ -70.390124215227772, -23.565148562614183 ], [ -70.383430732717258, -23.564318365100448 ], [ -70.383891770115881, -23.565605520663251 ], [ -70.38437168274227, -23.566842755580517 ], [ -70.384412645161532, -23.567197597531312 ] ] ] } },
{ "type": "Feature", "properties": { "zona": "5" }, "geometry": { "type": "Polygon", "coordinates": [ [ [ -70.393853331158155, -23.584092296927608 ], [ -70.390872998829082, -23.58391964663657 ], [ -70.389523786601174, -23.58381425184367 ], [ -70.38926782492338, -23.587191264178351 ], [ -70.389141370481141, -23.588157878473492 ], [ -70.389003187511449, -23.589737403490901 ], [ -70.388943520485839, -23.591859778603599 ], [ -70.389353656536656, -23.591881301365653 ], [ -70.389792862787061, -23.592062107264642 ], [ -70.390184738940206, -23.592083700910568 ], [ -70.394284859523594, -23.592172901590136 ], [ -70.397155020486238, -23.592247872373186 ], [ -70.396865710438092, -23.591595685116737 ], [ -70.396892192558482, -23.590655157323923 ], [ -70.396146293427051, -23.589889515413748 ], [ -70.396040869760725, -23.589395217140318 ], [ -70.395782608929807, -23.589095244061863 ], [ -70.395471192417531, -23.588521173201283 ], [ -70.395234958868869, -23.588126285914949 ], [ -70.395139475920729, -23.587715777785569 ], [ -70.395574590619205, -23.587510429831411 ], [ -70.395646229312874, -23.58740062436204 ], [ -70.39540330395036, -23.586823590104981 ], [ -70.395007448657253, -23.586424176892141 ], [ -70.394567826527762, -23.586195173504777 ], [ -70.394544333151373, -23.585700047802533 ], [ -70.394035186876692, -23.585161246245008 ], [ -70.393854953292802, -23.585110223871894 ], [ -70.393418949795787, -23.585223297360923 ], [ -70.393279673685228, -23.584972634509228 ], [ -70.393303524179032, -23.584645025133554 ], [ -70.393455828299139, -23.584400234268891 ], [ -70.393853331158155, -23.584092296927608 ] ] ] } },
{ "type": "Feature", "properties": { "zona": "24" }, "geometry": { "type": "Polygon", "coordinates": [ [ [ -70.388952738678597, -23.591868093237359 ], [ -70.388901898085848, -23.594322208678854 ], [ -70.388723928727927, -23.597602901345041 ], [ -70.38855240732282, -23.600130417671181 ], [ -70.389765796040649, -23.600297886289116 ], [ -70.392047226459894, -23.600680417148265 ], [ -70.392351491910162, -23.600047638750613 ], [ -70.392924119162544, -23.599178237903157 ], [ -70.393367703997455, -23.59840940347366 ], [ -70.393822880480116, -23.597728587796535 ], [ -70.394387335674296, -23.597096901111858 ], [ -70.3949250878008, -23.596515654155276 ], [ -70.395458331528559, -23.595898239337995 ], [ -70.395925290188671, -23.595255956659887 ], [ -70.396210325119469, -23.594648986947163 ], [ -70.396310544634332, -23.593796281529134 ], [ -70.39634397202785, -23.592641340838423 ], [ -70.396216478900499, -23.592222724596603 ], [ -70.394549065707267, -23.592178926471231 ], [ -70.390193868735906, -23.592083619187434 ], [ -70.389795066120428, -23.5920641642428 ], [ -70.389346767128799, -23.591879286301417 ], [ -70.388952738678597, -23.591868093237359 ] ] ] } },
{ "type": "Feature", "properties": { "zona": "25" }, "geometry": { "type": "Polygon", "coordinates": [ [ [ -70.38855240732282, -23.600130417671181 ], [ -70.388433934212514, -23.601318984807268 ], [ -70.388223054070082, -23.604107612439215 ], [ -70.388077061830529, -23.606167371934642 ], [ -70.387929637944268, -23.607784447142112 ], [ -70.388214410615674, -23.607829664583129 ], [ -70.38914371207126, -23.607833901430656 ], [ -70.389379753053177, -23.607756215395824 ], [ -70.390016657062048, -23.60775096489472 ], [ -70.391925547575354, -23.607708217075697 ], [ -70.391964979898944, -23.607455319930256 ], [ -70.392081473032448, -23.607375270769936 ], [ -70.392039573921522, -23.607287432332846 ], [ -70.392041395971106, -23.607031441380602 ], [ -70.39214314329071, -23.606312716499787 ], [ -70.39219865191707, -23.604666757641265 ], [ -70.392855499144886, -23.603032198793844 ], [ -70.392924124912227, -23.602628614840658 ], [ -70.39310714258778, -23.602436097767956 ], [ -70.393062643663058, -23.601956781520606 ], [ -70.3931952757993, -23.60091914215251 ], [ -70.393954682144468, -23.599907930122203 ], [ -70.394791910015101, -23.599349005023026 ], [ -70.394893507569265, -23.598671362169405 ], [ -70.395487047418229, -23.598214935784739 ], [ -70.395667858889908, -23.597310943679503 ], [ -70.39650763621033, -23.597002634581074 ], [ -70.396829464594987, -23.596573657370051 ], [ -70.396823094330728, -23.59597219694778 ], [ -70.396868711709615, -23.595144722248079 ], [ -70.396965068383693, -23.593965830396609 ], [ -70.397438246941462, -23.59385855133781 ], [ -70.397421008390623, -23.593360210532566 ], [ -70.397502846380974, -23.593160473021907 ], [ -70.397552656042805, -23.592561305964665 ], [ -70.397454707922634, -23.592399663754922 ], [ -70.397436985664214, -23.592244613182597 ], [ -70.397353790837229, -23.592095027409208 ], [ -70.39718994790114, -23.592104898538217 ], [ -70.39715726073878, -23.592245775528824 ], [ -70.396216500879476, -23.592224801090225 ], [ -70.39634397202785, -23.592641340838423 ], [ -70.396306658291607, -23.593803178580515 ], [ -70.396210414000862, -23.59465738320139 ], [ -70.39594320277736, -23.5952306044802 ], [ -70.395467460612451, -23.595898067010133 ], [ -70.394899623466344, -23.596537552718868 ], [ -70.394122654245592, -23.597390827048212 ], [ -70.393817499458478, -23.597731705989542 ], [ -70.393391257826224, -23.598374881557064 ], [ -70.392932983363153, -23.599152967212575 ], [ -70.392357278964695, -23.600044697545147 ], [ -70.392048205589532, -23.600681311279068 ], [ -70.389790909521395, -23.600296216842825 ], [ -70.38855240732282, -23.600130417671181 ] ] ] } },
{ "type": "Feature", "properties": { "zona": "6" }, "geometry": { "type": "Polygon", "coordinates": [ [ [ -70.377866991596605, -23.5918918078041 ], [ -70.377939271755892, -23.590867081369602 ], [ -70.378006248497016, -23.589118084033863 ], [ -70.375365057069942, -23.589042895727321 ], [ -70.37293423236504, -23.589033792571477 ], [ -70.371970626664194, -23.589012872065954 ], [ -70.366779236240347, -23.588886635269308 ], [ -70.366802393856702, -23.593999379358586 ], [ -70.371852389869474, -23.593952052411105 ], [ -70.374763299001387, -23.593939674247178 ], [ -70.376697414175567, -23.593103236276708 ], [ -70.377805481940172, -23.592462453417969 ], [ -70.377866991596605, -23.5918918078041 ] ] ] } },
{ "type": "Feature", "properties": { "zona": "17" }, "geometry": { "type": "Polygon", "coordinates": [ [ [ -70.370607876818411, -23.601815153426241 ], [ -70.37165064433259, -23.601808562935599 ], [ -70.373514204170178, -23.6016409401042 ], [ -70.373602283147477, -23.601570907371386 ], [ -70.374173694542407, -23.601549056776122 ], [ -70.375393660954757, -23.60147947463377 ], [ -70.376291618901533, -23.601403527975414 ], [ -70.377087185377633, -23.601388889247563 ], [ -70.377769917352538, -23.601340846784638 ], [ -70.377666679745118, -23.599310117923082 ], [ -70.377659803339895, -23.596470606428344 ], [ -70.376721660241628, -23.59647892661566 ], [ -70.376623639360389, -23.596656586148836 ], [ -70.37647055870147, -23.596792567621435 ], [ -70.376230844155756, -23.597020511095433 ], [ -70.376043119408635, -23.59693405033709 ], [ -70.3758012941651, -23.596890054180871 ], [ -70.374928896807717, -23.596872589819405 ], [ -70.373844384313983, -23.596831806026394 ], [ -70.372815970834438, -23.596924872408405 ], [ -70.372778219852634, -23.596799249531838 ], [ -70.37119371301057, -23.596846837645991 ], [ -70.369763061118775, -23.596793551236296 ], [ -70.369364017930963, -23.596814496965731 ], [ -70.366830001679602, -23.596834926280586 ], [ -70.366825016410488, -23.598996912817316 ], [ -70.366837941688544, -23.601857507693936 ], [ -70.370607876818411, -23.601815153426241 ] ] ] } },
{ "type": "Feature", "properties": { "zona": "16" }, "geometry": { "type": "Polygon", "coordinates": [ [ [ -70.377659781648603, -23.596468529919495 ], [ -70.377763465563973, -23.594636320499028 ], [ -70.377805481940172, -23.592462453417969 ], [ -70.376697414175567, -23.593103236276708 ], [ -70.374763299001387, -23.593939674247178 ], [ -70.373383138632533, -23.593944391680296 ], [ -70.371852389869474, -23.593952052411105 ], [ -70.369473270150053, -23.593974314635574 ], [ -70.366799135796199, -23.593996879866548 ], [ -70.366815108303953, -23.596816908754462 ], [ -70.369364017930963, -23.596814496965731 ], [ -70.369763061118775, -23.596793551236296 ], [ -70.371166253818956, -23.596848253905016 ], [ -70.372780334700778, -23.596800585207866 ], [ -70.372814791754408, -23.596928043034154 ], [ -70.373833392007796, -23.59683154211271 ], [ -70.37491063643543, -23.596872751501607 ], [ -70.375808081204482, -23.596889994047885 ], [ -70.37604774656711, -23.596936086035495 ], [ -70.376228501009308, -23.59702053186215 ], [ -70.37647055870147, -23.596792567621435 ], [ -70.376623639360389, -23.596656586148836 ], [ -70.376717054766743, -23.59647896744664 ], [ -70.377659781648603, -23.596468529919495 ] ] ] } },
{ "type": "Feature", "properties": { "zona": "4" }, "geometry": { "type": "Polygon", "coordinates": [ [ [ -70.390077699155782, -23.576484963226221 ], [ -70.388270101937692, -23.576336973945356 ], [ -70.386711227183227, -23.576208143043633 ], [ -70.384906525755028, -23.576081487527148 ], [ -70.384795690265449, -23.577669165907174 ], [ -70.385160307743831, -23.577699594556162 ], [ -70.385077894120229, -23.578523064178224 ], [ -70.388040308300617, -23.5787400530117 ], [ -70.388113920260707, -23.577941852441882 ], [ -70.388359833033107, -23.577939655309471 ], [ -70.388367426075106, -23.578661556541146 ], [ -70.389953548067624, -23.578781728772562 ], [ -70.389967531026542, -23.578559758118494 ], [ -70.390077699155782, -23.576484963226221 ] ] ] } },
{ "type": "Feature", "properties": { "zona": "76" }, "geometry": { "type": "Polygon", "coordinates": [ [ [ -70.405638242079618, -23.556740374923152 ], [ -70.40493030410039, -23.556301638349293 ], [ -70.404550606822056, -23.556275904716106 ], [ -70.402813215382835, -23.556369600952365 ], [ -70.401765245422325, -23.555972742108537 ], [ -70.400544007674483, -23.554074268529938 ], [ -70.397087755939395, -23.550600340865532 ], [ -70.391089860636754, -23.544976214824452 ], [ -70.390888663202347, -23.546059616838672 ], [ -70.390657318321175, -23.5491762023814 ], [ -70.390542573768457, -23.552980307232939 ], [ -70.390460860785893, -23.556115867983053 ], [ -70.390353623381202, -23.559213282051495 ], [ -70.394120608728869, -23.558527645466139 ], [ -70.394011065268117, -23.559323552682866 ], [ -70.397408719446148, -23.558724035406271 ], [ -70.398719027982509, -23.559207590370939 ], [ -70.400504212358271, -23.560006306936142 ], [ -70.399853720099244, -23.561139179859786 ], [ -70.398845618778282, -23.562908209788478 ], [ -70.397985174580427, -23.564410811051815 ], [ -70.39749460376197, -23.565292401084232 ], [ -70.397323367759284, -23.565615918861493 ], [ -70.397147483182835, -23.566072838332754 ], [ -70.399353831318933, -23.566255604141663 ], [ -70.399474802092257, -23.566304536302052 ], [ -70.39973283660575, -23.566213366399925 ], [ -70.399855092960166, -23.566010103608548 ], [ -70.400000847253921, -23.565927799761365 ], [ -70.400008085868137, -23.56577234356245 ], [ -70.399943408588385, -23.565622952546892 ], [ -70.399852157071848, -23.565534927906814 ], [ -70.399610747780869, -23.565487170805316 ], [ -70.39976147396348, -23.565393806909171 ], [ -70.399958561219179, -23.565345261184838 ], [ -70.400065493341259, -23.565205430338274 ], [ -70.39943673015479, -23.564983468421183 ], [ -70.399434142647536, -23.564739254191551 ], [ -70.399479874546202, -23.564511218508102 ], [ -70.399633972573682, -23.564271101309373 ], [ -70.399882710128495, -23.564446464129816 ], [ -70.400058878913114, -23.564017439318778 ], [ -70.400303816456173, -23.564398247990322 ], [ -70.400599538829283, -23.563884806906792 ], [ -70.400614512979018, -23.563590413234369 ], [ -70.40071844170383, -23.563167546390574 ], [ -70.400680369753758, -23.562990196508768 ], [ -70.401197602718725, -23.5629189906414 ], [ -70.401854426182823, -23.562946386275257 ], [ -70.402243805261037, -23.562748477697752 ], [ -70.403027042718833, -23.562774728046477 ], [ -70.403428434680762, -23.562582396498328 ], [ -70.403658199239942, -23.562097264897968 ], [ -70.403485845605516, -23.561743525701509 ], [ -70.403205460062736, -23.561509042720001 ], [ -70.402852693883034, -23.561099596192413 ], [ -70.40263921902455, -23.560851777231626 ], [ -70.402883967409579, -23.560644156602937 ], [ -70.403202813965791, -23.560613469394863 ], [ -70.403225550252571, -23.560479994538124 ], [ -70.403400598865588, -23.560517329903909 ], [ -70.40369061381692, -23.560609065794402 ], [ -70.403997425508109, -23.560578575919486 ], [ -70.403836931143502, -23.560208026057577 ], [ -70.403805445687013, -23.560080638787049 ], [ -70.403870264822203, -23.559946783857956 ], [ -70.403608352203975, -23.559671503633847 ], [ -70.40339460438085, -23.559390280394396 ], [ -70.403600960123001, -23.559538391022205 ], [ -70.403873372855102, -23.559669110737964 ], [ -70.404091764941811, -23.559817111982674 ], [ -70.404278788750304, -23.559848740187139 ], [ -70.404398515163464, -23.559781023896811 ], [ -70.404439102602979, -23.559069976287475 ], [ -70.404639428384499, -23.559387887179319 ], [ -70.404795474097398, -23.559727416276388 ], [ -70.405117064701642, -23.559347364391328 ], [ -70.405293547648199, -23.558995620595677 ], [ -70.405448986910841, -23.558883157538048 ], [ -70.405500351906355, -23.5586162443294 ], [ -70.405277756322505, -23.558338805651996 ], [ -70.405381820940988, -23.558234210892621 ], [ -70.405403528992792, -23.558011898677897 ], [ -70.405371629756004, -23.557845690315364 ], [ -70.405388836581452, -23.557762196136 ], [ -70.405515623099561, -23.557788859687779 ], [ -70.405774995780462, -23.557825430193024 ], [ -70.40599921753919, -23.55739027656842 ], [ -70.406303302591297, -23.557104373747045 ], [ -70.405638242079618, -23.556740374923152 ] ] ] } },
{ "type": "Feature", "properties": { "zona": "75" }, "geometry": { "type": "Polygon", "coordinates": [ [ [ -70.394120608728869, -23.558527645466139 ], [ -70.390353623381202, -23.559213282051495 ], [ -70.390223909496001, -23.560773775034555 ], [ -70.39012412685787, -23.565140166306303 ], [ -70.39003677221865, -23.566358255802733 ], [ -70.389893487684745, -23.570053356271913 ], [ -70.389905857858736, -23.571228567808884 ], [ -70.39030283268805, -23.57346658868185 ], [ -70.390230175470805, -23.57521338166827 ], [ -70.390080662656956, -23.576520872634227 ], [ -70.392928458027257, -23.576721278516111 ], [ -70.39254718044053, -23.577278812997534 ], [ -70.395504425596641, -23.577436926856315 ], [ -70.395270073974913, -23.577072810703282 ], [ -70.395407270315914, -23.576943816749285 ], [ -70.395707087786391, -23.576813452335283 ], [ -70.39571742278217, -23.576652370462121 ], [ -70.39613780703317, -23.57653202803376 ], [ -70.396322232569318, -23.576308254762012 ], [ -70.396199294443292, -23.576081735599733 ], [ -70.396263152128725, -23.575847939895795 ], [ -70.396734487550361, -23.575427371699391 ], [ -70.397629610660857, -23.574636499627836 ], [ -70.398068239595673, -23.573966296126297 ], [ -70.397740274987825, -23.573627314060072 ], [ -70.397471348045187, -23.57362973270029 ], [ -70.397317718721212, -23.573617751100567 ], [ -70.397338383734436, -23.573295496936478 ], [ -70.397438385905602, -23.573072571888599 ], [ -70.397352109964544, -23.572890147047328 ], [ -70.3970255864633, -23.572770918869605 ], [ -70.396907615385814, -23.572433297361414 ], [ -70.397263036341116, -23.572435700185896 ], [ -70.397911480081035, -23.571674764144269 ], [ -70.398402362907248, -23.570820889229314 ], [ -70.398434944951973, -23.570487512186105 ], [ -70.398142713811666, -23.570195882704493 ], [ -70.397921153754538, -23.570314441562338 ], [ -70.397852657321778, -23.570254562604838 ], [ -70.398098040284836, -23.569951956829694 ], [ -70.398210486310205, -23.569767744579288 ], [ -70.398603654577599, -23.569925196005695 ], [ -70.398689932471228, -23.569535806657459 ], [ -70.398781481903242, -23.569079734981823 ], [ -70.398846251818128, -23.568940374613188 ], [ -70.398927862666653, -23.568400331279364 ], [ -70.399007018275384, -23.56820052690794 ], [ -70.399068456678336, -23.567739128044085 ], [ -70.399315200992859, -23.567725801004165 ], [ -70.399330354942109, -23.567448109701882 ], [ -70.399348956289941, -23.56693156735502 ], [ -70.399399041640436, -23.566542503463101 ], [ -70.399359875360091, -23.56625419536153 ], [ -70.397135461512704, -23.56607430075714 ], [ -70.397317427832348, -23.565627168365335 ], [ -70.397624612994321, -23.565058100348359 ], [ -70.398020716908334, -23.564349454563029 ], [ -70.399847779616621, -23.561150339164254 ], [ -70.400504226714389, -23.560007661174243 ], [ -70.398729575469602, -23.559211919748236 ], [ -70.397417846907402, -23.558723953367732 ], [ -70.394029158750939, -23.559323390448714 ], [ -70.394120608728869, -23.558527645466139 ] ] ] } },
{ "type": "Feature", "properties": { "zona": "79" }, "geometry": { "type": "Polygon", "coordinates": [ [ [ -70.39268670247985, -23.530843568298032 ], [ -70.391089922384268, -23.544982083224482 ], [ -70.397096971592546, -23.550608655171018 ], [ -70.400544007674483, -23.554074268529938 ], [ -70.401765245422325, -23.555972742108537 ], [ -70.402813215382835, -23.556369600952365 ], [ -70.404550606822056, -23.556275904716106 ], [ -70.40493030410039, -23.556301638349293 ], [ -70.405638242079618, -23.556740374923152 ], [ -70.406549597984593, -23.55723297755803 ], [ -70.407578512182212, -23.557727038465316 ], [ -70.408591776158758, -23.556964564247529 ], [ -70.408777892571237, -23.556456797077921 ], [ -70.408804385303512, -23.555350311870093 ], [ -70.409007911610985, -23.554089179211886 ], [ -70.409041007344271, -23.553594536076648 ], [ -70.40892142873642, -23.553160146036635 ], [ -70.408700260135092, -23.552773808099506 ], [ -70.408227956764719, -23.552781787903552 ], [ -70.407552640732391, -23.552901849373143 ], [ -70.407219628785484, -23.552798951904876 ], [ -70.406826504824679, -23.552770636221211 ], [ -70.406069879499185, -23.552727006794751 ], [ -70.405792313808746, -23.553128241801893 ], [ -70.405529226822637, -23.553508668827849 ], [ -70.405330447163621, -23.554133022573819 ], [ -70.404915374624494, -23.554608724934635 ], [ -70.404744089063385, -23.555304611028028 ], [ -70.404352060526975, -23.555661280754077 ], [ -70.403508903637558, -23.555610023921549 ], [ -70.402943717263213, -23.555285561815221 ], [ -70.402555907801997, -23.554830110440925 ], [ -70.402512501516853, -23.554347985962657 ], [ -70.402696764175417, -23.553663632342388 ], [ -70.402361630444318, -23.553360658275682 ], [ -70.402401063997004, -23.55226579284059 ], [ -70.402608350261659, -23.551345842455817 ], [ -70.402259962330405, -23.550995945670525 ], [ -70.402164683528895, -23.550443680766222 ], [ -70.401929903426435, -23.549975018950324 ], [ -70.401810308130095, -23.549528884503466 ], [ -70.401805065951578, -23.549034587193223 ], [ -70.401407681625869, -23.548885215131705 ], [ -70.400754012378727, -23.549392762244302 ], [ -70.40066860999876, -23.549009522636958 ], [ -70.399834518969513, -23.548605123488631 ], [ -70.399627017665651, -23.548300993762357 ], [ -70.399596137239513, -23.547795188836062 ], [ -70.399565132896967, -23.547277647106409 ], [ -70.3995602734024, -23.546818649724589 ], [ -70.399022276424674, -23.546646970352693 ], [ -70.39849841145525, -23.546604639805373 ], [ -70.398375886518153, -23.545887744490621 ], [ -70.398371156572267, -23.545440573838754 ], [ -70.398671108173673, -23.544825881944085 ], [ -70.39919301734308, -23.54469171016876 ], [ -70.399661594990349, -23.54433436490676 ], [ -70.400171818188696, -23.544294468974179 ], [ -70.400397107981007, -23.543868793873397 ], [ -70.400467191208946, -23.543256168184978 ], [ -70.400310615337673, -23.542939752241388 ], [ -70.400520524549933, -23.542267088020303 ], [ -70.400427335720082, -23.541903059617518 ], [ -70.400680522256991, -23.541572209830708 ], [ -70.400855293878337, -23.541334253300331 ], [ -70.4010021426013, -23.540732673901463 ], [ -70.401255189612158, -23.540518571252569 ], [ -70.401161501888907, -23.540107505938309 ], [ -70.401311634965523, -23.539823722278076 ], [ -70.401192426869926, -23.539412886809764 ], [ -70.401606323390268, -23.538714817815645 ], [ -70.401650629296881, -23.538078857714588 ], [ -70.402017014779929, -23.537722426870083 ], [ -70.401943109338504, -23.536769796555703 ], [ -70.401551495060261, -23.535949506179964 ], [ -70.401404444506611, -23.535327007447794 ], [ -70.401707398651098, -23.535006543017868 ], [ -70.402396554248867, -23.534988504845131 ], [ -70.402929529819644, -23.535901692406512 ], [ -70.403465239129986, -23.535861557112273 ], [ -70.403495153066686, -23.535072772914393 ], [ -70.403004989085701, -23.53457129103608 ], [ -70.403441480330088, -23.534018202491101 ], [ -70.404194964554108, -23.533350020337128 ], [ -70.404995688313051, -23.533693122652124 ], [ -70.40591329587042, -23.53337612836274 ], [ -70.405567351088294, -23.532172871333891 ], [ -70.39268670247985, -23.530843568298032 ] ] ] } },
{ "type": "Feature", "properties": { "zona": "13" }, "geometry": { "type": "Polygon", "coordinates": [ [ [ -70.385970148673749, -23.544370734560054 ], [ -70.387548814753856, -23.544289483105757 ], [ -70.387563526395056, -23.544290525662184 ], [ -70.38758701873644, -23.544289322887259 ], [ -70.388270479737983, -23.544339295547694 ], [ -70.38952759198493, -23.54464291747108 ], [ -70.391083604582093, -23.544988098971054 ], [ -70.392686298694201, -23.530843571911756 ], [ -70.388298431284298, -23.530374346590474 ], [ -70.384232691608176, -23.530130298908603 ], [ -70.372365904153312, -23.529628186961542 ], [ -70.367709083692404, -23.544965867565825 ], [ -70.382483782590356, -23.545248155500161 ], [ -70.384622643823846, -23.545091254762472 ], [ -70.385995192602707, -23.544856551686554 ], [ -70.385970148673749, -23.544370734560054 ] ] ] } },
{ "type": "Feature", "properties": { "zona": "71" }, "geometry": { "type": "Polygon", "coordinates": [ [ [ -70.419277098154296, -23.476120662087553 ], [ -70.409831125215618, -23.476031299657404 ], [ -70.406226177561535, -23.44442523859513 ], [ -70.395530281391586, -23.475894878641771 ], [ -70.386288041828777, -23.496452844060656 ], [ -70.385799698880717, -23.501872012777277 ], [ -70.384006575840331, -23.502980220842776 ], [ -70.383053916750228, -23.503560774668063 ], [ -70.382914800425851, -23.50395649671821 ], [ -70.383289860865986, -23.505223035846349 ], [ -70.38457843288802, -23.505081564916949 ], [ -70.386202191242688, -23.504631461581472 ], [ -70.387734648347021, -23.503545144395016 ], [ -70.38792143833922, -23.503439102328024 ], [ -70.389038534226529, -23.504427322711376 ], [ -70.390978693684048, -23.506350743714062 ], [ -70.394342246484754, -23.509779386873635 ], [ -70.394575787530698, -23.510531503460065 ], [ -70.394867744790517, -23.511478036330391 ], [ -70.395628232733657, -23.512056312988484 ], [ -70.396760968015556, -23.512501316963153 ], [ -70.398406575579585, -23.512785592622631 ], [ -70.400975145221068, -23.514117509695751 ], [ -70.407234235124662, -23.503591218565465 ], [ -70.412732651209808, -23.489593568425267 ], [ -70.419277098154296, -23.476120662087553 ] ] ] } },
{ "type": "Feature", "properties": { "zona": "70" }, "geometry": { "type": "Polygon", "coordinates": [ [ [ -70.400975145221068, -23.514117509695751 ], [ -70.398406575579585, -23.512785592622631 ], [ -70.396760968015556, -23.512501316963153 ], [ -70.395628232733657, -23.512056312988484 ], [ -70.394867744790517, -23.511478036330391 ], [ -70.394575787530698, -23.510531503460065 ], [ -70.394342246484754, -23.509779386873635 ], [ -70.390978693684048, -23.506350743714062 ], [ -70.389038534226529, -23.504427322711376 ], [ -70.38792143833922, -23.503439102328024 ], [ -70.387734648347021, -23.503545144395016 ], [ -70.386202191242688, -23.504631461581472 ], [ -70.38457843288802, -23.505081564916949 ], [ -70.383289860865986, -23.505223035846349 ], [ -70.382914800425851, -23.50395649671821 ], [ -70.381846626584419, -23.506329738226047 ], [ -70.372371024127077, -23.529615681482749 ], [ -70.384208765815501, -23.530128435013943 ], [ -70.388297218034609, -23.530374176830581 ], [ -70.392686863994101, -23.530843566852543 ], [ -70.393306084874155, -23.527875373049756 ], [ -70.400107762621886, -23.515576028171896 ], [ -70.400975145221068, -23.514117509695751 ] ] ] } },
{ "type": "Feature", "properties": { "zona": "78" }, "geometry": { "type": "Polygon", "coordinates": [ [ [ -70.419277098154296, -23.476120662087553 ], [ -70.412744660646069, -23.489568900226942 ], [ -70.407217243601792, -23.503656382036155 ], [ -70.403853175466011, -23.509298637557148 ], [ -70.416957190904526, -23.513573705265856 ], [ -70.417037743144874, -23.513585071200509 ], [ -70.417680273531076, -23.513386540718827 ], [ -70.41800910396789, -23.512481898312515 ], [ -70.417891613792079, -23.511750887027731 ], [ -70.418575548363094, -23.510925626034215 ], [ -70.418285666607773, -23.510610622102597 ], [ -70.418766279373386, -23.510608591414016 ], [ -70.418885132536957, -23.510011947614252 ], [ -70.418903546130664, -23.509288637442793 ], [ -70.419392024866497, -23.508694945296291 ], [ -70.420954320285688, -23.507078119291478 ], [ -70.421808786421266, -23.506662023854997 ], [ -70.423539289688875, -23.506876728570216 ], [ -70.423923644926575, -23.506560175456936 ], [ -70.424152058802036, -23.506047129422758 ], [ -70.424910523846293, -23.506173912879714 ], [ -70.42541277113159, -23.505752713712841 ], [ -70.425118528574373, -23.504109580237152 ], [ -70.42487566597157, -23.502918424453558 ], [ -70.425608529645118, -23.501455683671015 ], [ -70.42690248086852, -23.500563226271332 ], [ -70.427428667270135, -23.500740161175802 ], [ -70.428607209647836, -23.49992964861627 ], [ -70.428643076840984, -23.49783438611545 ], [ -70.429347417130757, -23.497663414730848 ], [ -70.429794237465728, -23.497377696512885 ], [ -70.430466000002738, -23.49654536640784 ], [ -70.430653764715089, -23.49595801443698 ], [ -70.43114584484951, -23.495662215841747 ], [ -70.430699847932928, -23.495492411720033 ], [ -70.431452843717409, -23.494968578596378 ], [ -70.431838025267098, -23.494329841585238 ], [ -70.435157043457892, -23.493216895106201 ], [ -70.437481720217235, -23.491823855098307 ], [ -70.439553924608347, -23.491044835471943 ], [ -70.440978057790204, -23.490143661103154 ], [ -70.442245122386922, -23.488744078295031 ], [ -70.44931598783208, -23.484387951730838 ], [ -70.451415927271256, -23.483681929331755 ], [ -70.453372073457061, -23.482299860505414 ], [ -70.441789781840782, -23.476331307335325 ], [ -70.419277098154296, -23.476120662087553 ] ] ] } },
{ "type": "Feature", "properties": { "zona": "77" }, "geometry": { "type": "Polygon", "coordinates": [ [ [ -70.416957190904526, -23.513573705265856 ], [ -70.403853175466011, -23.509298637557148 ], [ -70.400097567694488, -23.515597067517525 ], [ -70.393320136295429, -23.527875247250549 ], [ -70.392686863994101, -23.530843566852543 ], [ -70.392821786409328, -23.53085554187669 ], [ -70.398721328962921, -23.53146726221209 ], [ -70.40555448090997, -23.532170188555881 ], [ -70.405204603391155, -23.531827803540239 ], [ -70.405761773151283, -23.531255109483592 ], [ -70.406004680099684, -23.530666833884126 ], [ -70.406801128505819, -23.530373592905097 ], [ -70.406959689677336, -23.52996548731095 ], [ -70.407340358153391, -23.529231678756506 ], [ -70.408311603112907, -23.528987412737663 ], [ -70.408570532077547, -23.527500680464694 ], [ -70.409240387323067, -23.527175797804631 ], [ -70.408858508295452, -23.525958787665783 ], [ -70.409413510635673, -23.524511449417879 ], [ -70.409879182651281, -23.52436809303477 ], [ -70.4098115091643, -23.523799870791418 ], [ -70.410461411580883, -23.523180995251 ], [ -70.410634135524788, -23.522603190933847 ], [ -70.411425527445502, -23.522462295492524 ], [ -70.412050680389044, -23.521863953710174 ], [ -70.412380194551645, -23.521911075838947 ], [ -70.41252859597121, -23.520053972805528 ], [ -70.412985957054119, -23.519897952131316 ], [ -70.412685926284297, -23.518125729104039 ], [ -70.413363646061256, -23.51752925331407 ], [ -70.413681143419254, -23.51644450042809 ], [ -70.414071401713997, -23.516108774649854 ], [ -70.414687155444227, -23.51557931076978 ], [ -70.414434395563006, -23.514823702275145 ], [ -70.414957936614016, -23.514174807234529 ], [ -70.41550553672883, -23.514031954991676 ], [ -70.41592866586889, -23.51426403864189 ], [ -70.41626999034672, -23.513476754749277 ], [ -70.416957190904526, -23.513573705265856 ] ] ] } },
{ "type": "Feature", "properties": { "zona": "55" }, "geometry": { "type": "Polygon", "coordinates": [ [ [ -70.392011105391873, -23.669001806863889 ], [ -70.393178334097243, -23.668193781648718 ], [ -70.391917296095542, -23.667029899028094 ], [ -70.391478580652105, -23.666919893567808 ], [ -70.391032898364699, -23.666021625245065 ], [ -70.390100273158026, -23.664801596286271 ], [ -70.389439317619789, -23.663559441749932 ], [ -70.388966018900192, -23.662294473820722 ], [ -70.388068352991638, -23.661088563445567 ], [ -70.387490890497844, -23.660009437519051 ], [ -70.386545082568162, -23.658237194731662 ], [ -70.385133790798832, -23.65825875362124 ], [ -70.384153787554297, -23.658264168753043 ], [ -70.381533134998548, -23.658129273246455 ], [ -70.382099862239613, -23.659692296337333 ], [ -70.383464492538039, -23.663455436361918 ], [ -70.384928297889076, -23.667492065706 ], [ -70.385342060528146, -23.668632977621023 ], [ -70.386833518580175, -23.671432267423771 ], [ -70.392011105391873, -23.669001806863889 ] ] ] } },
{ "type": "Feature", "properties": { "zona": "103" }, "geometry": { "type": "Polygon", "coordinates": [ [ [ -70.385953829868185, -23.656798287262351 ], [ -70.386439214107114, -23.658064242460917 ], [ -70.386549697881932, -23.658245550451376 ], [ -70.386948294939856, -23.658019508101475 ], [ -70.387378333703154, -23.657747044893568 ], [ -70.388382281307088, -23.657016092102257 ], [ -70.388977035138566, -23.656809234786035 ], [ -70.389497891704778, -23.656502363997799 ], [ -70.389687585277372, -23.656345363736357 ], [ -70.388952694623185, -23.655530308647595 ], [ -70.388632263914289, -23.654797583727799 ], [ -70.388544773799467, -23.653417375179998 ], [ -70.388790205134001, -23.652919842922223 ], [ -70.38883925356815, -23.652718778066252 ], [ -70.388764290290837, -23.651008987153698 ], [ -70.388475679994741, -23.650004111302689 ], [ -70.388033691075023, -23.650436227084434 ], [ -70.388087083218537, -23.650746348300789 ], [ -70.3880163878665, -23.650956816445422 ], [ -70.387885594327415, -23.65107969913343 ], [ -70.38771830969813, -23.651207152057555 ], [ -70.38711524142164, -23.651489651355053 ], [ -70.386893843768121, -23.651667879473614 ], [ -70.386382222577822, -23.651983145896864 ], [ -70.385720773055922, -23.652341554735862 ], [ -70.385457905273924, -23.652474103462982 ], [ -70.38531718550496, -23.652529896662397 ], [ -70.385743196810921, -23.653925140452447 ], [ -70.385588047137603, -23.654337891095967 ], [ -70.385953829868185, -23.656798287262351 ] ] ] } },
{ "type": "Feature", "properties": { "zona": "47" }, "geometry": { "type": "Polygon", "coordinates": [ [ [ -70.386439214107114, -23.658064242460917 ], [ -70.385953978302027, -23.656812371250474 ], [ -70.385583592762472, -23.65433711830115 ], [ -70.385743285274813, -23.653933536680004 ], [ -70.385312614228013, -23.652525693861211 ], [ -70.38528840572468, -23.652391648169576 ], [ -70.385127974789953, -23.652295206899844 ], [ -70.384757636574108, -23.652186465191928 ], [ -70.384401416657894, -23.652105676850251 ], [ -70.384205038895203, -23.652065445497023 ], [ -70.383720834103471, -23.651952300593525 ], [ -70.38346763236818, -23.651897226129449 ], [ -70.38275421297962, -23.651757501619503 ], [ -70.382359534098825, -23.651739984125204 ], [ -70.379829296029385, -23.653430106697193 ], [ -70.38152672286067, -23.65811145287109 ], [ -70.384153787554297, -23.658264168753043 ], [ -70.385133790798832, -23.65825875362124 ], [ -70.38654960934845, -23.658237154231362 ], [ -70.386439214107114, -23.658064242460917 ] ] ] } },
{ "type": "Feature", "properties": { "zona": "102" }, "geometry": { "type": "Polygon", "coordinates": [ [ [ -70.384601256054452, -23.649018752824741 ], [ -70.385176699940658, -23.650873056305787 ], [ -70.385293036909189, -23.652393864044267 ], [ -70.385293606535271, -23.652394220115688 ], [ -70.385312702658538, -23.652534090091802 ], [ -70.385448815017952, -23.65247833807771 ], [ -70.385743435404052, -23.65232880175261 ], [ -70.386382302457761, -23.651983054891897 ], [ -70.386884834448651, -23.651672113445027 ], [ -70.38711524142164, -23.651489651355053 ], [ -70.387722836234232, -23.651207111534308 ], [ -70.38789455975359, -23.651071312136445 ], [ -70.3880163878665, -23.650956816445422 ], [ -70.388087038442137, -23.650742105048483 ], [ -70.388033690122384, -23.650436136802455 ], [ -70.388475635207385, -23.649999868050681 ], [ -70.388119734718643, -23.64755103587618 ], [ -70.387762869253194, -23.64792911710926 ], [ -70.387063024084242, -23.648653461068662 ], [ -70.386817524125121, -23.648876056691599 ], [ -70.386667513190005, -23.648786205140059 ], [ -70.386359516917238, -23.648332992477602 ], [ -70.385472167573994, -23.648678160639268 ], [ -70.384601256054452, -23.649018752824741 ] ] ] } },
{ "type": "Feature", "properties": { "zona": "46" }, "geometry": { "type": "Polygon", "coordinates": [ [ [ -70.385293036909189, -23.652393864044267 ], [ -70.385176699940658, -23.650873056305787 ], [ -70.384584099675152, -23.648963196754526 ], [ -70.384580957767866, -23.648964218013067 ], [ -70.383990355149223, -23.646904364495722 ], [ -70.383543755336333, -23.645553268414886 ], [ -70.383452834713651, -23.645186054956678 ], [ -70.383178447655126, -23.645221368907436 ], [ -70.382736690982256, -23.645314335966461 ], [ -70.382619290470402, -23.645273217205609 ], [ -70.382295999914263, -23.645501104328705 ], [ -70.382046627314963, -23.645740069704186 ], [ -70.381452241236062, -23.646317178160036 ], [ -70.380626842573733, -23.646634498790458 ], [ -70.379865941269259, -23.647136246863045 ], [ -70.377844003761453, -23.647964228702051 ], [ -70.378185604674272, -23.648896424149246 ], [ -70.378576433449695, -23.649974451797931 ], [ -70.379326976267862, -23.652044552239108 ], [ -70.379829296029385, -23.653430106697193 ], [ -70.382359534098825, -23.651739984125204 ], [ -70.38275421297962, -23.651757501619503 ], [ -70.38346763236818, -23.651897226129449 ], [ -70.383793920865159, -23.651968442197525 ], [ -70.384300964951777, -23.652085626558947 ], [ -70.384465325880143, -23.652117746730653 ], [ -70.384821670415974, -23.652202687175091 ], [ -70.385127974789953, -23.652295206899844 ], [ -70.385293036909189, -23.652393864044267 ] ] ] } },
{ "type": "Feature", "properties": { "zona": "99" }, "geometry": { "type": "Polygon", "coordinates": [ [ [ -70.391643294000147, -23.645333243589327 ], [ -70.392267591013351, -23.649214551096495 ], [ -70.393348873660429, -23.648054717301104 ], [ -70.394087872260314, -23.647275729736148 ], [ -70.394828858310092, -23.646471530013255 ], [ -70.395475560569977, -23.645711063593232 ], [ -70.393790890129893, -23.644521924425309 ], [ -70.393235295205073, -23.644000885963909 ], [ -70.392984106351378, -23.64351629684332 ], [ -70.392840682402237, -23.642872460025956 ], [ -70.392835629632785, -23.642822755372968 ], [ -70.392246851050359, -23.643435066060281 ], [ -70.391835574329079, -23.644131015568128 ], [ -70.391643294000147, -23.645333243589327 ] ] ] } },
{ "type": "Feature", "properties": { "zona": "32" }, "geometry": { "type": "Polygon", "coordinates": [ [ [ -70.392267421323325, -23.649206155613065 ], [ -70.391643337924833, -23.645337396556272 ], [ -70.391473578892885, -23.645229849336889 ], [ -70.390809703726845, -23.644719525105685 ], [ -70.390251322757564, -23.644262787371783 ], [ -70.389486897224955, -23.645061216899229 ], [ -70.388917925273304, -23.644573418936901 ], [ -70.387812551705835, -23.643726369306211 ], [ -70.387775555626632, -23.6441043859339 ], [ -70.388107555650379, -23.644802971626778 ], [ -70.388133835857687, -23.646489454092375 ], [ -70.388121806875915, -23.647555893010846 ], [ -70.388475635207385, -23.649999868050681 ], [ -70.388764290290837, -23.651008987153698 ], [ -70.388839297419707, -23.652722931034216 ], [ -70.389440194623717, -23.652234762825966 ], [ -70.390437709670977, -23.651122017696679 ], [ -70.39186644271939, -23.649631593138924 ], [ -70.392267421323325, -23.649206155613065 ] ] ] } },
{ "type": "Feature", "properties": { "zona": "85" }, "geometry": { "type": "Polygon", "coordinates": [ [ [ -70.392221391399431, -23.628479116703417 ], [ -70.392078943143886, -23.631380890922358 ], [ -70.392170025791998, -23.631380073448778 ], [ -70.392084464232525, -23.632988555683976 ], [ -70.392140177726631, -23.633082499579501 ], [ -70.392128879456109, -23.633313474005487 ], [ -70.392145570116796, -23.633378423702641 ], [ -70.392134841790593, -23.634083689392114 ], [ -70.39302367001136, -23.634126000627852 ], [ -70.392771314904948, -23.637402382429347 ], [ -70.3927928421827, -23.637863212464154 ], [ -70.393868325000952, -23.637904744251394 ], [ -70.394921075031803, -23.637974914524939 ], [ -70.396917038555515, -23.638007329995354 ], [ -70.397381946607439, -23.638019935463916 ], [ -70.397276157380304, -23.637678958956361 ], [ -70.396806726661111, -23.637681833519661 ], [ -70.396892537542271, -23.637130559955462 ], [ -70.397390630067704, -23.636477606908457 ], [ -70.397760020588109, -23.636371076143622 ], [ -70.397746416350017, -23.636551418391662 ], [ -70.398006699278227, -23.636636292803676 ], [ -70.398036624219557, -23.636090037041118 ], [ -70.395807250284179, -23.633358515845693 ], [ -70.395728678012077, -23.632770709524095 ], [ -70.395795243585539, -23.632226019993229 ], [ -70.395948222911514, -23.631880546185183 ], [ -70.396152627665359, -23.631834283510546 ], [ -70.396485923789825, -23.631442582556637 ], [ -70.396544014426539, -23.631242246697095 ], [ -70.396535770577785, -23.630465010077945 ], [ -70.396582253098984, -23.630298095902805 ], [ -70.396516898574177, -23.629821137850321 ], [ -70.396547452527031, -23.629287877917104 ], [ -70.39660518896504, -23.62905422801316 ], [ -70.396492375966318, -23.628644421819367 ], [ -70.395654171413156, -23.628601222169348 ], [ -70.394460955520884, -23.628539901110262 ], [ -70.392487408797209, -23.628489008530703 ], [ -70.392221391399431, -23.628479116703417 ] ] ] } },
{ "type": "Feature", "properties": { "zona": "30" }, "geometry": { "type": "Polygon", "coordinates": [ [ [ -70.392789815442683, -23.637859808608553 ], [ -70.392771270005937, -23.63739813917821 ], [ -70.39302367001136, -23.634126000627852 ], [ -70.392134841790593, -23.634083689392114 ], [ -70.392145570116796, -23.633378423702641 ], [ -70.392128857498633, -23.633311397519218 ], [ -70.392140199684036, -23.633084576065819 ], [ -70.392084464232525, -23.632988555683976 ], [ -70.392167763823721, -23.631380184041362 ], [ -70.392077993365291, -23.631382795549065 ], [ -70.392216784836549, -23.628479158046616 ], [ -70.390595020290917, -23.628431404069431 ], [ -70.39046054264557, -23.628050047908591 ], [ -70.390278477337603, -23.628068383499699 ], [ -70.388676054924389, -23.628183500927129 ], [ -70.388479647992966, -23.631157177920151 ], [ -70.38825889100552, -23.634420634068288 ], [ -70.388154148937446, -23.636529587629258 ], [ -70.388056393458015, -23.63768392559361 ], [ -70.3879516929631, -23.639850754318989 ], [ -70.387889596869996, -23.640883873562146 ], [ -70.38785730258445, -23.642167553223459 ], [ -70.387807980674737, -23.643722166563389 ], [ -70.388864408258101, -23.644527037551871 ], [ -70.389375502638586, -23.636600273261635 ], [ -70.390246584906762, -23.636667408113272 ], [ -70.391643264962369, -23.636715646847779 ], [ -70.391690002575629, -23.636824388719894 ], [ -70.391577516247935, -23.638684931909001 ], [ -70.392069531756434, -23.638684759605759 ], [ -70.392670936813388, -23.638679359729398 ], [ -70.39272031584224, -23.638097987126837 ], [ -70.392789815442683, -23.637859808608553 ] ] ] } },
{ "type": "Feature", "properties": { "zona": "42" }, "geometry": { "type": "Polygon", "coordinates": [ [ [ -70.381173574709919, -23.638274211865909 ], [ -70.380527931274287, -23.636227379243945 ], [ -70.379971296208694, -23.63506676836851 ], [ -70.378342642461106, -23.633342157576632 ], [ -70.374929826196421, -23.631126730144558 ], [ -70.373955628433691, -23.630329424287847 ], [ -70.372030342260274, -23.628979006392854 ], [ -70.371507459271157, -23.629038798204061 ], [ -70.37023033607251, -23.629069768033144 ], [ -70.356690003899701, -23.629663534597075 ], [ -70.358836013351151, -23.633281419814782 ], [ -70.363838467492485, -23.641713966936788 ], [ -70.3648404062168, -23.64335937590096 ], [ -70.379507484531615, -23.638628535420956 ], [ -70.380355081996797, -23.638428402729232 ], [ -70.381173574709919, -23.638274211865909 ] ] ] } },
{ "type": "Feature", "properties": { "zona": "101" }, "geometry": { "type": "Polygon", "coordinates": [ [ [ -70.372027836905701, -23.628979028552177 ], [ -70.373973981063671, -23.630337658797494 ], [ -70.37492060595892, -23.631118414805623 ], [ -70.378333502676597, -23.633333841741987 ], [ -70.379969019014524, -23.635065434267222 ], [ -70.380518622269975, -23.636210668011078 ], [ -70.381173552920075, -23.638272135371313 ], [ -70.381412181214571, -23.638219717885338 ], [ -70.381387883725083, -23.638068787512829 ], [ -70.381738083718432, -23.638011131982761 ], [ -70.381922007581991, -23.637952790495181 ], [ -70.382302948549409, -23.637789851583086 ], [ -70.382386476001145, -23.637715700624362 ], [ -70.382522067425896, -23.637611650689763 ], [ -70.382794814584614, -23.637552516320355 ], [ -70.38287825338918, -23.637469968858898 ], [ -70.382366043913621, -23.636416688526747 ], [ -70.382383149871274, -23.635875062103214 ], [ -70.382406367982853, -23.635484437693147 ], [ -70.382358007754945, -23.635220406957874 ], [ -70.382402533888381, -23.635119335824761 ], [ -70.382467222493702, -23.632897334057308 ], [ -70.382577389066569, -23.630826705325592 ], [ -70.382672509547504, -23.629463187773048 ], [ -70.382738235177399, -23.628471659581521 ], [ -70.382401146552411, -23.628474663923232 ], [ -70.380575188930763, -23.628570652147641 ], [ -70.379468673201771, -23.628622481247351 ], [ -70.378799459544823, -23.6286704161991 ], [ -70.37615500358865, -23.628907978601141 ], [ -70.374263237236761, -23.62924374805527 ], [ -70.373615932117616, -23.629207495990265 ], [ -70.372899772850445, -23.629102326447519 ], [ -70.372027836905701, -23.628979028552177 ] ] ] } },
{ "type": "Feature", "properties": { "zona": "83" }, "geometry": { "type": "Polygon", "coordinates": [ [ [ -70.398227753292574, -23.668467467740626 ], [ -70.398765246268454, -23.669881252528498 ], [ -70.399231677555548, -23.670884405785241 ], [ -70.400077306854229, -23.673260961793655 ], [ -70.400785328205004, -23.673951237672949 ], [ -70.401511926927185, -23.673600570350576 ], [ -70.402827932581474, -23.673068226936465 ], [ -70.403312879705993, -23.672818245986935 ], [ -70.400916880064699, -23.668233160074394 ], [ -70.400423659418806, -23.66728063567141 ], [ -70.40004922480135, -23.666352136592661 ], [ -70.398867195609498, -23.666614632216127 ], [ -70.398203667841216, -23.666788561142745 ], [ -70.398174530649584, -23.667477195442075 ], [ -70.398227753292574, -23.668467467740626 ] ] ] } },
{ "type": "Feature", "properties": { "zona": "59" }, "geometry": { "type": "Polygon", "coordinates": [ [ [ -70.40007751760163, -23.673265564675457 ], [ -70.39924091073263, -23.670901116324213 ], [ -70.398737296113225, -23.669822726095273 ], [ -70.398227485325847, -23.668442279239144 ], [ -70.398174441334902, -23.667468799273657 ], [ -70.398203796869339, -23.666785490116471 ], [ -70.397129525425257, -23.667077969734923 ], [ -70.396276579473977, -23.667276080812734 ], [ -70.395777905917939, -23.6666592878878 ], [ -70.395437878224655, -23.666402134616703 ], [ -70.394923210453086, -23.666860115958443 ], [ -70.394426452781559, -23.667284346570042 ], [ -70.394046966176305, -23.667598359734832 ], [ -70.393540088583009, -23.667930311900143 ], [ -70.39318729931864, -23.668185304042851 ], [ -70.392029205866493, -23.668993247238667 ], [ -70.386845479459808, -23.671424124507269 ], [ -70.388467581284957, -23.674498874702838 ], [ -70.389050121511914, -23.675592032102468 ], [ -70.389770434193622, -23.676943805729671 ], [ -70.397429416057619, -23.674318692646608 ], [ -70.398293174384989, -23.673932131218404 ], [ -70.399232762904603, -23.673575578763149 ], [ -70.40007751760163, -23.673265564675457 ] ] ] } },
{ "type": "Feature", "properties": { "zona": "58" }, "geometry": { "type": "Polygon", "coordinates": [ [ [ -70.402250718381595, -23.664678386285395 ], [ -70.402930140229316, -23.666002838921308 ], [ -70.403582468121343, -23.667340173882977 ], [ -70.40583137436694, -23.671802673472527 ], [ -70.406160683819593, -23.671493241001638 ], [ -70.406151833446202, -23.670794568595237 ], [ -70.406978914307047, -23.670634378929783 ], [ -70.40788019629899, -23.670344305943313 ], [ -70.407896003608357, -23.670121778602105 ], [ -70.407813220415534, -23.670046958388241 ], [ -70.407652100611529, -23.669897277411163 ], [ -70.407358661514181, -23.669727851134098 ], [ -70.407309876439029, -23.669528483023967 ], [ -70.407169284466505, -23.669370398639355 ], [ -70.407037761611377, -23.669130519477743 ], [ -70.406698955686196, -23.668982541387894 ], [ -70.406486369157449, -23.668707372096573 ], [ -70.406465170450844, -23.66842631176775 ], [ -70.406371782192394, -23.668221569626102 ], [ -70.406170736444665, -23.668163442082374 ], [ -70.406260024451029, -23.668000109953262 ], [ -70.406144997585486, -23.667896237214116 ], [ -70.406157851214701, -23.66782054796165 ], [ -70.406170928915046, -23.667765803915788 ], [ -70.406133158881573, -23.66763603906896 ], [ -70.406063600200468, -23.667527509952041 ], [ -70.405967922078389, -23.667433573915595 ], [ -70.406015402537747, -23.667284525948599 ], [ -70.405923263255829, -23.6671888422512 ], [ -70.405778303798272, -23.667204062255752 ], [ -70.40570428470464, -23.66716979168277 ], [ -70.405675659214552, -23.667048340678029 ], [ -70.405642281784949, -23.666905895239999 ], [ -70.405595790145426, -23.666822347464493 ], [ -70.40552796627189, -23.66676255884963 ], [ -70.405483048414524, -23.666508619781681 ], [ -70.405356958106367, -23.666224266982514 ], [ -70.405311440761182, -23.665800768876473 ], [ -70.405272379154468, -23.665557611358192 ], [ -70.405039114302525, -23.665480000883061 ], [ -70.404916033248725, -23.665325728064062 ], [ -70.404742728537613, -23.665033586355726 ], [ -70.404521840719639, -23.664714427616573 ], [ -70.404337601502917, -23.66454888066119 ], [ -70.403911324201246, -23.664611883541749 ], [ -70.402555688100463, -23.664642038123954 ], [ -70.402250718381595, -23.664678386285395 ] ] ] } },
{ "type": "Feature", "properties": { "zona": "86" }, "geometry": { "type": "Polygon", "coordinates": [ [ [ -70.405826631098179, -23.671790075946962 ], [ -70.403587084841917, -23.667348529019375 ], [ -70.403109187088987, -23.66752991631099 ], [ -70.402805980274493, -23.667603268707985 ], [ -70.402373392093551, -23.667636529201594 ], [ -70.401973586960722, -23.667749308151286 ], [ -70.400916835799322, -23.668229007136166 ], [ -70.403312857530636, -23.672816169521187 ], [ -70.405681185938107, -23.671820830301336 ], [ -70.405826631098179, -23.671790075946962 ] ] ] } },
{ "type": "Feature", "properties": { "zona": "97" }, "geometry": { "type": "Polygon", "coordinates": [ [ [ -70.400686092364481, -23.661544395891994 ], [ -70.402250718381595, -23.664678386285395 ], [ -70.402541989822581, -23.664646315458786 ], [ -70.403911324201246, -23.664611883541749 ], [ -70.404337601502917, -23.66454888066119 ], [ -70.404105162081379, -23.664351536757277 ], [ -70.403988339740678, -23.664487849662859 ], [ -70.403680854030441, -23.664349060935027 ], [ -70.403565288678124, -23.664020098083686 ], [ -70.40365863499693, -23.663381173451054 ], [ -70.403895382816557, -23.66335383773098 ], [ -70.404038623729178, -23.663117515146137 ], [ -70.403578451366741, -23.662693529185052 ], [ -70.403626376345272, -23.66206350317831 ], [ -70.403523450285959, -23.661812616747476 ], [ -70.403420523678804, -23.661561639940494 ], [ -70.403482869877905, -23.661426723795831 ], [ -70.403700001494769, -23.661273701948002 ], [ -70.40397222542201, -23.661162075221412 ], [ -70.403859537454949, -23.660852498657473 ], [ -70.403531153707604, -23.660830282344342 ], [ -70.403398392482515, -23.659488240546104 ], [ -70.403084877416148, -23.659146893899845 ], [ -70.402983446602107, -23.658717580284513 ], [ -70.402200197921871, -23.658766653970588 ], [ -70.400556266559192, -23.658873886325118 ], [ -70.400686092364481, -23.661544395891994 ] ] ] } },
{ "type": "Feature", "properties": { "zona": "57" }, "geometry": { "type": "Polygon", "coordinates": [ [ [ -70.400686092364481, -23.661544395891994 ], [ -70.400560784739014, -23.658865448514916 ], [ -70.399367277250761, -23.658901421141636 ], [ -70.397035081959089, -23.658989638668533 ], [ -70.395530619219514, -23.659038136018953 ], [ -70.395624180491737, -23.660472456182823 ], [ -70.395678576988686, -23.661293877832428 ], [ -70.395993012297183, -23.661921090305189 ], [ -70.396771461077094, -23.663670489424156 ], [ -70.397591814686209, -23.664880383364576 ], [ -70.398146198874556, -23.665672552855675 ], [ -70.398286827415959, -23.666040660426759 ], [ -70.398272975687746, -23.666486547454358 ], [ -70.398203812235138, -23.666786934618674 ], [ -70.398839790819522, -23.666614879645451 ], [ -70.400058449138669, -23.666360450209165 ], [ -70.400405023037649, -23.667238819278889 ], [ -70.400916835799322, -23.668229007136166 ], [ -70.401964496261556, -23.667753543751733 ], [ -70.40236886502025, -23.667636570179297 ], [ -70.402805980274493, -23.667603268707985 ], [ -70.403110552703652, -23.667529091334121 ], [ -70.403586431370329, -23.667347902910119 ], [ -70.402930140229316, -23.666002838921308 ], [ -70.402246147110006, -23.66467427431694 ], [ -70.400686092364481, -23.661544395891994 ] ] ] } },
{ "type": "Feature", "properties": { "zona": "98" }, "geometry": { "type": "Polygon", "coordinates": [ [ [ -70.400434146309181, -23.653821181593326 ], [ -70.4003814695578, -23.65400630086117 ], [ -70.400551739784035, -23.658873927235511 ], [ -70.402992580967279, -23.658717497590278 ], [ -70.402508907543449, -23.657945291007707 ], [ -70.402505225612046, -23.655553450579351 ], [ -70.402005850923928, -23.655066248866891 ], [ -70.40122174963895, -23.654449073821549 ], [ -70.400434146309181, -23.653821181593326 ] ] ] } },
{ "type": "Feature", "properties": { "zona": "52" }, "geometry": { "type": "Polygon", "coordinates": [ [ [ -70.400551650354018, -23.658865531066333 ], [ -70.400381202323715, -23.653981202617427 ], [ -70.400434235710293, -23.653829577768391 ], [ -70.400305341644028, -23.653704787548882 ], [ -70.399539660037107, -23.65455122095802 ], [ -70.398629801354417, -23.653829076691757 ], [ -70.397765380074503, -23.653106516898106 ], [ -70.396751458436796, -23.654169253645492 ], [ -70.394894413442827, -23.65609164372362 ], [ -70.395359554638006, -23.657087782292997 ], [ -70.395388550985146, -23.657511975606923 ], [ -70.395530619219514, -23.659038136018953 ], [ -70.39699862516467, -23.658989967312802 ], [ -70.39932168612485, -23.65890183281233 ], [ -70.400551650354018, -23.658865531066333 ] ] ] } },
{ "type": "Feature", "properties": { "zona": "62" }, "geometry": { "type": "Polygon", "coordinates": [ [ [ -70.404821497420301, -23.679858911830927 ], [ -70.402850845020197, -23.676077560616307 ], [ -70.400777236050203, -23.673943004180874 ], [ -70.400079299058461, -23.673265819443507 ], [ -70.399232762904603, -23.673575578763149 ], [ -70.398293174384989, -23.673932131218404 ], [ -70.397429416057619, -23.674318692646608 ], [ -70.389770434193622, -23.676943805729671 ], [ -70.393420407343029, -23.683792827347773 ], [ -70.399766063431088, -23.682651304925322 ], [ -70.400349387315373, -23.680953999545917 ], [ -70.401334303471288, -23.680582757260286 ], [ -70.40279218570393, -23.68039737575382 ], [ -70.404821497420301, -23.679858911830927 ] ] ] } },
{ "type": "Feature", "properties": { "zona": "81" }, "geometry": { "type": "Polygon", "coordinates": [ [ [ -70.403315143330971, -23.672818225480096 ], [ -70.402846032826488, -23.673059666058151 ], [ -70.401505340064546, -23.673604602702884 ], [ -70.400786460990929, -23.673951317718746 ], [ -70.40284161099531, -23.676060850342349 ], [ -70.404821497420301, -23.679858911830927 ], [ -70.406074685564022, -23.679798782554712 ], [ -70.406504009740573, -23.67972138824836 ], [ -70.406310450098317, -23.679525863021965 ], [ -70.406340362988146, -23.679336705335828 ], [ -70.405915229301172, -23.678362547038013 ], [ -70.405433978422835, -23.677258879212008 ], [ -70.405008777096427, -23.676284627986561 ], [ -70.405453699270851, -23.676116896012697 ], [ -70.405239263396481, -23.675669740356469 ], [ -70.404816647566221, -23.675791131282757 ], [ -70.404661163582873, -23.675737916102285 ], [ -70.404500310068897, -23.675613510804542 ], [ -70.403806974403054, -23.674060400796215 ], [ -70.403803082795477, -23.673915611180462 ], [ -70.403741886981038, -23.673727279443842 ], [ -70.403315143330971, -23.672818225480096 ] ] ] } },
{ "type": "Feature", "properties": { "zona": "82" }, "geometry": { "type": "Polygon", "coordinates": [ [ [ -70.406074685564022, -23.679798782554712 ], [ -70.404826173088807, -23.679857605361192 ], [ -70.406194547647488, -23.682332125799569 ], [ -70.406537732829861, -23.683738972356466 ], [ -70.406741438786355, -23.685741642047653 ], [ -70.407200938550218, -23.688689665575666 ], [ -70.407373419161075, -23.689029482669437 ], [ -70.407831681770674, -23.691286256775761 ], [ -70.408163333596889, -23.692427750354604 ], [ -70.408190767449028, -23.69251264381305 ], [ -70.408690947047958, -23.692403176711267 ], [ -70.409463818584484, -23.692393613755083 ], [ -70.409444448122372, -23.692110822887745 ], [ -70.409590086386942, -23.692088549695011 ], [ -70.410780889754861, -23.691954096064581 ], [ -70.411301438915331, -23.691874411140514 ], [ -70.411163467764013, -23.69089467408131 ], [ -70.411136443421881, -23.689982816342496 ], [ -70.410107439336201, -23.687630309094377 ], [ -70.409522434609329, -23.686208519510959 ], [ -70.409529282563682, -23.686002777589312 ], [ -70.409419024477401, -23.685915568370806 ], [ -70.409248251168165, -23.685719840069858 ], [ -70.409098561203265, -23.682816586720808 ], [ -70.40829156718732, -23.681983783020996 ], [ -70.406584905391796, -23.680306543332861 ], [ -70.406074685564022, -23.679798782554712 ] ] ] } },
{ "type": "Feature", "properties": { "zona": "64" }, "geometry": { "type": "Polygon", "coordinates": [ [ [ -70.40816249308395, -23.692424778446302 ], [ -70.407831705973109, -23.691288513793978 ], [ -70.407369394436515, -23.689023650433036 ], [ -70.407201662360464, -23.688689297838632 ], [ -70.406741379793658, -23.685736134916656 ], [ -70.406547290708545, -23.683763173454775 ], [ -70.406194547647488, -23.682332125799569 ], [ -70.404826173088807, -23.679857605361192 ], [ -70.402795511920118, -23.680390844760009 ], [ -70.401334303471288, -23.680582757260286 ], [ -70.400349387315373, -23.680953999545917 ], [ -70.399766063431088, -23.682651304925322 ], [ -70.393420655642657, -23.683793366853383 ], [ -70.394942665921889, -23.68664898740392 ], [ -70.391508477464299, -23.691901358404976 ], [ -70.404729632862129, -23.692232138854369 ], [ -70.405473743721998, -23.692474313325555 ], [ -70.405884644316316, -23.692537757671168 ], [ -70.406779288518507, -23.692655584172726 ], [ -70.4070741017687, -23.692676741229644 ], [ -70.407344569900587, -23.692667240027774 ], [ -70.407770639570884, -23.692584182088538 ], [ -70.408190767449028, -23.69251264381305 ], [ -70.40816249308395, -23.692424778446302 ] ] ] } },
{ "type": "Feature", "properties": { "zona": "93" }, "geometry": { "type": "Polygon", "coordinates": [ [ [ -70.409461177489788, -23.69239616590686 ], [ -70.409628393739197, -23.695655988774245 ], [ -70.409700789404766, -23.696501251146547 ], [ -70.409906603530388, -23.696856019772177 ], [ -70.410902262111364, -23.697919855990701 ], [ -70.411437840262707, -23.698611374773154 ], [ -70.413081121082683, -23.698699400596539 ], [ -70.413170550391897, -23.699719846412176 ], [ -70.413190656330158, -23.69971704443757 ], [ -70.41357184286386, -23.699662188769175 ], [ -70.414132846150721, -23.699581762633329 ], [ -70.41489404709624, -23.699461041208888 ], [ -70.416246026296676, -23.699096908859467 ], [ -70.416745910818804, -23.698763771405989 ], [ -70.416226837661995, -23.694643025488144 ], [ -70.415078133950473, -23.69142288859371 ], [ -70.41129247757533, -23.691875756887907 ], [ -70.410764658219421, -23.691956140061812 ], [ -70.410200111131445, -23.692020062189815 ], [ -70.409612842046968, -23.692084098887445 ], [ -70.409444448122372, -23.692110822887745 ], [ -70.409461177489788, -23.69239616590686 ] ] ] } },
{ "type": "Feature", "properties": { "zona": "80" }, "geometry": { "type": "Polygon", "coordinates": [ [ [ -70.413170550391897, -23.699719846412176 ], [ -70.413082731465124, -23.698698753868644 ], [ -70.41144117394316, -23.698613059870087 ], [ -70.410901692216754, -23.697919500028124 ], [ -70.409905610925691, -23.696853952157113 ], [ -70.409701295885085, -23.696503232901193 ], [ -70.40962821340608, -23.695639196581126 ], [ -70.409461177489788, -23.69239616590686 ], [ -70.408681891219032, -23.692403259116592 ], [ -70.408190767449028, -23.69251264381305 ], [ -70.407766920205972, -23.692584215911783 ], [ -70.407353534250944, -23.692666165346825 ], [ -70.407075395462144, -23.692676729470794 ], [ -70.406779288518507, -23.692655584172726 ], [ -70.405919639764946, -23.692543579542118 ], [ -70.405472205529279, -23.692474146711568 ], [ -70.404729632862129, -23.692232138854369 ], [ -70.403797512351133, -23.692208812234853 ], [ -70.403836204084314, -23.695940311427329 ], [ -70.403974048930266, -23.698681606837702 ], [ -70.404788795298074, -23.698485779816231 ], [ -70.406170308591172, -23.698777871409472 ], [ -70.407080950634182, -23.698935637614291 ], [ -70.40738322869764, -23.698987965811749 ], [ -70.408295324036914, -23.699175416758532 ], [ -70.41090965431502, -23.699728284662836 ], [ -70.412269736865213, -23.69980011983327 ], [ -70.412957048475675, -23.699778948841505 ], [ -70.413170550391897, -23.699719846412176 ] ] ] } },
{ "type": "Feature", "properties": { "zona": "65" }, "geometry": { "type": "Polygon", "coordinates": [ [ [ -70.403974048930266, -23.698681606837702 ], [ -70.403838697184796, -23.696173416526648 ], [ -70.403797512351133, -23.692208812234853 ], [ -70.403576211124474, -23.692203324807473 ], [ -70.402611980317261, -23.692179288970134 ], [ -70.400090629565568, -23.692116247302454 ], [ -70.391519613569756, -23.691899181638238 ], [ -70.388297184229771, -23.696814428098989 ], [ -70.397545644207554, -23.696760273758532 ], [ -70.397548146360705, -23.697800298652503 ], [ -70.397612791716, -23.698775385703275 ], [ -70.39769396882626, -23.69957895341626 ], [ -70.400350200383684, -23.699233692349861 ], [ -70.402743530224399, -23.698988191586736 ], [ -70.403974048930266, -23.698681606837702 ] ] ] } },
{ "type": "Feature", "properties": { "zona": "44" }, "geometry": { "type": "Polygon", "coordinates": [ [ [ -70.381173574709919, -23.638274211865909 ], [ -70.383426339396607, -23.645087874536323 ], [ -70.383573584647692, -23.645053694805206 ], [ -70.384435069083978, -23.644964020743547 ], [ -70.385570001069851, -23.644811494035444 ], [ -70.386184305243972, -23.644753995600091 ], [ -70.386621608171879, -23.644729769845235 ], [ -70.386551168842445, -23.644159040856252 ], [ -70.386427437939417, -23.643800971252492 ], [ -70.386782372010387, -23.643685114384983 ], [ -70.387156872574153, -23.643209363926012 ], [ -70.387531962477283, -23.643502702633594 ], [ -70.387714196850567, -23.643475338905169 ], [ -70.38781250695321, -23.643722126049578 ], [ -70.387855330400924, -23.642164500995563 ], [ -70.387889685416056, -23.640892269796158 ], [ -70.386738990865325, -23.640864823330602 ], [ -70.385654293008471, -23.640840931935035 ], [ -70.385570701873107, -23.640686378936106 ], [ -70.385338331094545, -23.640688455106215 ], [ -70.384965996676968, -23.640809339560366 ], [ -70.384455220257678, -23.6407635185667 ], [ -70.384444652750389, -23.640196948469313 ], [ -70.384492362256879, -23.639568640928022 ], [ -70.384529281193792, -23.638706034978473 ], [ -70.384195015017937, -23.638549475292688 ], [ -70.383987803613508, -23.638345642423911 ], [ -70.38400867622272, -23.638162888270841 ], [ -70.3839940459698, -23.638070651413621 ], [ -70.384034074876098, -23.637980093719165 ], [ -70.384010836535083, -23.63749968348705 ], [ -70.38288059629987, -23.637469857675928 ], [ -70.382797136630671, -23.637550418927542 ], [ -70.382528914607676, -23.637609422668667 ], [ -70.382377489261174, -23.63772201079691 ], [ -70.382307533650177, -23.637787734025302 ], [ -70.381917422468774, -23.637954908042072 ], [ -70.381742587065887, -23.63800892487874 ], [ -70.381385539853724, -23.638068808391417 ], [ -70.381412181214571, -23.638219717885338 ], [ -70.381173574709919, -23.638274211865909 ] ] ] } },
{ "type": "Feature", "properties": { "zona": "100" }, "geometry": { "type": "Polygon", "coordinates": [ [ [ -70.38338186387233, -23.644963309079781 ], [ -70.381173552920075, -23.638272135371313 ], [ -70.380436942578498, -23.638410970248152 ], [ -70.379507484531615, -23.638628535420956 ], [ -70.364842103582973, -23.643359360959899 ], [ -70.365506537853506, -23.644525490021689 ], [ -70.367260580083752, -23.647481782543743 ], [ -70.368940075426053, -23.650312392429054 ], [ -70.377341537194326, -23.646568102587999 ], [ -70.377846225379557, -23.647960236162117 ], [ -70.379865941269259, -23.647136246863045 ], [ -70.380626842573733, -23.646634498790458 ], [ -70.38144456944535, -23.646310203843637 ], [ -70.382311128381915, -23.645486884096989 ], [ -70.382619191806583, -23.645263827852961 ], [ -70.382731598846391, -23.6453143813807 ], [ -70.383452785352205, -23.645181360281974 ], [ -70.383421395351363, -23.645102003997312 ], [ -70.38338186387233, -23.644963309079781 ] ] ] } },
{ "type": "Feature", "properties": { "zona": "104" }, "geometry": { "type": "Polygon", "coordinates": [ [ [ -70.395870166074488, -23.641760919320919 ], [ -70.394055916651709, -23.641680720533177 ], [ -70.394025567884114, -23.641799364145708 ], [ -70.39362877310063, -23.641785324323603 ], [ -70.393600966719447, -23.641823496227303 ], [ -70.392750415328436, -23.641889465966827 ], [ -70.392840682402237, -23.642872460025956 ], [ -70.39298419523351, -23.643524693056275 ], [ -70.393235295205073, -23.644000885963909 ], [ -70.393790890129893, -23.644521924425309 ], [ -70.395475560569977, -23.645711063593232 ], [ -70.396336331400121, -23.644838783551595 ], [ -70.396992608897392, -23.64406811253604 ], [ -70.395993656639703, -23.642658016296558 ], [ -70.395985341649876, -23.642339004960483 ], [ -70.395870166074488, -23.641760919320919 ] ] ] } },
{ "type": "Feature", "properties": { "zona": "33" }, "geometry": { "type": "Polygon", "coordinates": [ [ [ -70.392670936813388, -23.638679359729398 ], [ -70.392574830181317, -23.639634412857454 ], [ -70.392653236549293, -23.640818410250073 ], [ -70.392750499020011, -23.641889736086519 ], [ -70.3936018538827, -23.641823307672922 ], [ -70.39362877310063, -23.641785324323603 ], [ -70.394025567884114, -23.641799364145708 ], [ -70.394055916651709, -23.641680720533177 ], [ -70.395865639879005, -23.641760960066744 ], [ -70.395747172915222, -23.641329716072931 ], [ -70.397576880182328, -23.640293225353471 ], [ -70.39883924184052, -23.639267792036481 ], [ -70.398459310223444, -23.638542665950361 ], [ -70.397953760756053, -23.638455669739972 ], [ -70.397849255004232, -23.638844589522925 ], [ -70.397293497287237, -23.638779352297245 ], [ -70.396917127665247, -23.63801572620017 ], [ -70.394893756983492, -23.637975160248907 ], [ -70.393868325000952, -23.637904744251394 ], [ -70.3927928421827, -23.637863212464154 ], [ -70.39272031584224, -23.638097987126837 ], [ -70.392670936813388, -23.638679359729398 ] ] ] } },
{ "type": "Feature", "properties": { "zona": "1" }, "geometry": { "type": "Polygon", "coordinates": [ [ [ -70.378445888268303, -23.581437963971055 ], [ -70.377158391847161, -23.581382656583074 ], [ -70.377156023318037, -23.581751879671806 ], [ -70.376171793377409, -23.581685027074336 ], [ -70.374973227466157, -23.582022946350754 ], [ -70.366771112829113, -23.581869682372243 ], [ -70.366762380054581, -23.58516116559576 ], [ -70.366779185510822, -23.588866139494197 ], [ -70.368556971694815, -23.588975810453114 ], [ -70.371970626664194, -23.589012872065954 ], [ -70.37293423236504, -23.589033792571477 ], [ -70.375365057069942, -23.589042895727321 ], [ -70.378006248497016, -23.589118084033863 ], [ -70.37804239735695, -23.586483058940658 ], [ -70.378265397764054, -23.584030389440763 ], [ -70.378445888268303, -23.581437963971055 ] ] ] } },
{ "type": "Feature", "properties": { "zona": "96" }, "geometry": { "type": "Polygon", "coordinates": [ [ [ -70.366771112829113, -23.581869682372243 ], [ -70.374972239185723, -23.582021149265628 ], [ -70.376161917378312, -23.581683218432747 ], [ -70.377155459680807, -23.581752065251152 ], [ -70.377158391847161, -23.581382656583074 ], [ -70.378445888268303, -23.581437963971055 ], [ -70.378462894016522, -23.581194116312123 ], [ -70.378668504335963, -23.57836165281838 ], [ -70.378898193127668, -23.575498997952593 ], [ -70.37771034178958, -23.575378882207232 ], [ -70.377223644148003, -23.575355206154487 ], [ -70.374790134030178, -23.575156985266439 ], [ -70.372562068826042, -23.574926212245842 ], [ -70.366790087635863, -23.574744586329548 ], [ -70.366771112829113, -23.581869682372243 ] ] ] } },
{ "type": "Feature", "properties": { "zona": "91" }, "geometry": { "type": "Polygon", "coordinates": [ [ [ -70.433396872900801, -23.71630848358777 ], [ -70.434055399167562, -23.719142677015814 ], [ -70.435831866258724, -23.723288584420064 ], [ -70.436736116101628, -23.727751989717955 ], [ -70.437704910580294, -23.730667875325036 ], [ -70.437321320731598, -23.73100469586505 ], [ -70.436845624017664, -23.731690523273244 ], [ -70.435886306130428, -23.731521025803865 ], [ -70.435694228412672, -23.732106884842871 ], [ -70.435759302205085, -23.732464905838619 ], [ -70.435912520804038, -23.732746988254181 ], [ -70.436481567905176, -23.733330020754746 ], [ -70.436522774950205, -23.733606190957463 ], [ -70.436652069964154, -23.734015169259813 ], [ -70.436605156525417, -23.734620265920178 ], [ -70.436794603758131, -23.735173958855253 ], [ -70.437814495156459, -23.736010477456599 ], [ -70.437784398898486, -23.736282705564385 ], [ -70.437912950176568, -23.736630654492959 ], [ -70.438148635404957, -23.736996476844617 ], [ -70.438810067639636, -23.737651231534674 ], [ -70.439468587443528, -23.738268540610857 ], [ -70.440756727682427, -23.738947966274257 ], [ -70.440986679536849, -23.739262102064945 ], [ -70.441224709243173, -23.739604512607627 ], [ -70.441208836706437, -23.740058719511168 ], [ -70.441892701008854, -23.740823130984985 ], [ -70.444009987221847, -23.744902711053886 ], [ -70.445158168639821, -23.744371017108421 ], [ -70.445481680228639, -23.743939846189907 ], [ -70.445769532613213, -23.743576182469528 ], [ -70.444979944443034, -23.742265633195711 ], [ -70.445050650778924, -23.741232348441891 ], [ -70.444578436979072, -23.740590390735374 ], [ -70.444360003783231, -23.739803314758348 ], [ -70.444292114285886, -23.739434580800093 ], [ -70.443533895197689, -23.738493097289449 ], [ -70.442226277181589, -23.737338419693273 ], [ -70.441438611184921, -23.736195676188878 ], [ -70.441231941618781, -23.73565190152722 ], [ -70.441931206967894, -23.73538517034395 ], [ -70.44207314334821, -23.735022874412547 ], [ -70.441146141023481, -23.734477420378369 ], [ -70.440942984575642, -23.734252690744487 ], [ -70.441165445986456, -23.733746899374182 ], [ -70.439442699264362, -23.732982226753268 ], [ -70.43915043676283, -23.732111860261263 ], [ -70.439409021801637, -23.731580634776069 ], [ -70.438567785256609, -23.729708030262987 ], [ -70.438416556137497, -23.728391408551492 ], [ -70.437990773832695, -23.727816078921865 ], [ -70.437864186085648, -23.727078516919729 ], [ -70.437601587433178, -23.726417790550972 ], [ -70.437638086278042, -23.725586346892861 ], [ -70.436753420537258, -23.723907168976048 ], [ -70.43720805853107, -23.722962771435139 ], [ -70.436304302638916, -23.721199888936059 ], [ -70.435468094673581, -23.718940959991773 ], [ -70.435140524935591, -23.718171671819665 ], [ -70.435391330615872, -23.71775799012951 ], [ -70.434832165029107, -23.715824051216263 ], [ -70.433396872900801, -23.71630848358777 ] ] ] } },
{ "type": "Feature", "properties": { "zona": "90" }, "geometry": { "type": "Polygon", "coordinates": [ [ [ -70.440756727682427, -23.738947966274257 ], [ -70.439468587443528, -23.738268540610857 ], [ -70.438810067639636, -23.737651231534674 ], [ -70.438148635404957, -23.736996476844617 ], [ -70.437912950176568, -23.736630654492959 ], [ -70.437784398898486, -23.736282705564385 ], [ -70.437814495156459, -23.736010477456599 ], [ -70.436794603758131, -23.735173958855253 ], [ -70.436605156525417, -23.734620265920178 ], [ -70.436652069964154, -23.734015169259813 ], [ -70.436522774950205, -23.733606190957463 ], [ -70.436481567905176, -23.733330020754746 ], [ -70.435912520804038, -23.732746988254181 ], [ -70.435759302205085, -23.732464905838619 ], [ -70.435694228412672, -23.732106884842871 ], [ -70.435886306130428, -23.731521025803865 ], [ -70.436845624017664, -23.731690523273244 ], [ -70.437321320731598, -23.73100469586505 ], [ -70.437704910580294, -23.730667875325036 ], [ -70.436736116101628, -23.727751989717955 ], [ -70.435831866258724, -23.723288584420064 ], [ -70.434055399167562, -23.719142677015814 ], [ -70.433396872900801, -23.71630848358777 ], [ -70.423527780344529, -23.720861964656141 ], [ -70.424621033986455, -23.722684489324678 ], [ -70.425373692498951, -23.723939068251909 ], [ -70.426393354383023, -23.72563892170367 ], [ -70.427826921577491, -23.728028452483567 ], [ -70.431305372249781, -23.733826130164562 ], [ -70.431625959165174, -23.735197983666964 ], [ -70.432248324948418, -23.737861865975844 ], [ -70.432669244432461, -23.73966310042616 ], [ -70.433095697123136, -23.741488298272639 ], [ -70.439259002189644, -23.740234530735439 ], [ -70.441208836706437, -23.740058719511168 ], [ -70.441224709243173, -23.739604512607627 ], [ -70.440986679536849, -23.739262102064945 ], [ -70.440756727682427, -23.738947966274257 ] ] ] } },
{ "type": "Feature", "properties": { "zona": "69" }, "geometry": { "type": "Polygon", "coordinates": [ [ [ -70.423527780344529, -23.720861964656141 ], [ -70.433396953821941, -23.716315886501313 ], [ -70.432632470339811, -23.713107700775442 ], [ -70.432062525404916, -23.711965770096079 ], [ -70.431393914464252, -23.710726605841209 ], [ -70.429011654323489, -23.71162235211105 ], [ -70.427994737280386, -23.712060974577767 ], [ -70.42648688336277, -23.71272866639292 ], [ -70.425522842353132, -23.713197122672991 ], [ -70.423993056696602, -23.713784004055487 ], [ -70.421167637148912, -23.714738968771364 ], [ -70.419149253895569, -23.716187314431963 ], [ -70.421720258605674, -23.717848677040745 ], [ -70.423517979075228, -23.7208457125951 ], [ -70.423527780344529, -23.720861964656141 ] ] ] } },
{ "type": "Feature", "properties": { "zona": "12" }, "geometry": { "type": "Polygon", "coordinates": [ [ [ -70.391090046829305, -23.544993910307589 ], [ -70.3895426627913, -23.544647387710953 ], [ -70.388268269680779, -23.544336516231422 ], [ -70.388251336176694, -23.546385384753297 ], [ -70.38826347708509, -23.552740360167249 ], [ -70.386514545920548, -23.552578540900793 ], [ -70.385782921248065, -23.554718472828352 ], [ -70.385033653906319, -23.556919054195792 ], [ -70.384234906537415, -23.558493358860254 ], [ -70.390361094776253, -23.559101885893575 ], [ -70.390460860785893, -23.556115867983053 ], [ -70.390542220387431, -23.552946721954811 ], [ -70.390649067287427, -23.549251850178578 ], [ -70.390879889940962, -23.546093283755742 ], [ -70.391090046829305, -23.544993910307589 ] ] ] } },
{ "type": "Feature", "properties": { "zona": "94" }, "geometry": { "type": "Polygon", "coordinates": [ [ [ -70.390361094776253, -23.559101885893575 ], [ -70.384234906537415, -23.558493358860254 ], [ -70.383433302138343, -23.560213145048191 ], [ -70.383065242979541, -23.561593186269494 ], [ -70.383124744101806, -23.562731595064008 ], [ -70.383448907743372, -23.564318203346389 ], [ -70.390124215227772, -23.565148562614183 ], [ -70.390213204434204, -23.560746783336327 ], [ -70.390361094776253, -23.559101885893575 ] ] ] } },
{ "type": "Feature", "properties": { "zona": "105" }, "geometry": { "type": "Polygon", "coordinates": [ [ [ -70.38231564859376, -23.566981141872805 ], [ -70.380482019885264, -23.568441471706851 ], [ -70.379197176902096, -23.571861296232907 ], [ -70.378898193127668, -23.575498997952593 ], [ -70.381063344220877, -23.575691774250124 ], [ -70.383205865627843, -23.575891041953572 ], [ -70.383434394934, -23.575070696183182 ], [ -70.383946295570013, -23.572250038033086 ], [ -70.384316189045862, -23.56991848784498 ], [ -70.384412733177058, -23.567205993857335 ], [ -70.38231564859376, -23.566981141872805 ] ] ] } },
{ "type": "Feature", "properties": { "zona": "11" }, "geometry": { "type": "Polygon", "coordinates": [ [ [ -70.378898193127668, -23.575498997952593 ], [ -70.379188136165297, -23.571869773583966 ], [ -70.380491060312195, -23.568432994291793 ], [ -70.382306520503406, -23.566981223051645 ], [ -70.380593475992725, -23.566854238896273 ], [ -70.367185892756893, -23.565943240645922 ], [ -70.367015142522817, -23.569739532445798 ], [ -70.366981585773587, -23.570485909771548 ], [ -70.366917880896494, -23.571902157015543 ], [ -70.366900870521647, -23.572280268547608 ], [ -70.366878474286352, -23.572778064202389 ], [ -70.366789156672596, -23.574763916980075 ], [ -70.372562192727685, -23.574938129659568 ], [ -70.374764202103421, -23.57515721468997 ], [ -70.377223644148003, -23.575355206154487 ], [ -70.37771034178958, -23.575378882207232 ], [ -70.378898193127668, -23.575498997952593 ] ] ] } },
{ "type": "Feature", "properties": { "zona": "3" }, "geometry": { "type": "Polygon", "coordinates": [ [ [ -70.384795690265449, -23.577669165907174 ], [ -70.383986350951474, -23.585609827123694 ], [ -70.384381900366648, -23.586422355267576 ], [ -70.384646566334496, -23.586896734271996 ], [ -70.386715781471651, -23.5870378199815 ], [ -70.389267913331551, -23.587199660465473 ], [ -70.389523697240321, -23.583805765271102 ], [ -70.389678451014362, -23.582066636637883 ], [ -70.389939617638277, -23.579093087270131 ], [ -70.38996268457457, -23.578790044122758 ], [ -70.388367426075106, -23.578661556541146 ], [ -70.388359730406563, -23.577937579526935 ], [ -70.388114317545117, -23.577941216853588 ], [ -70.388039903418417, -23.578739966337452 ], [ -70.385087022997695, -23.578522982799225 ], [ -70.385160307743831, -23.577699594556162 ], [ -70.384795690265449, -23.577669165907174 ] ] ] } },
{ "type": "Feature", "properties": { "zona": "84" }, "geometry": { "type": "Polygon", "coordinates": [ [ [ -70.382716811746391, -23.578612173674706 ], [ -70.38259744047501, -23.580027741327687 ], [ -70.382472959737044, -23.581117673124396 ], [ -70.382429426266924, -23.581713080831378 ], [ -70.38245803282021, -23.582207171664844 ], [ -70.382645414902115, -23.582779305854885 ], [ -70.383031269803325, -23.583678423763796 ], [ -70.383722684561022, -23.585106996058954 ], [ -70.383986439016979, -23.585618223431354 ], [ -70.384795867380106, -23.577686048816837 ], [ -70.384904263773947, -23.576081507687316 ], [ -70.383186313768633, -23.575968144303818 ], [ -70.382716811746391, -23.578612173674706 ] ] ] } },
{ "type": "Feature", "properties": { "zona": "8" }, "geometry": { "type": "Polygon", "coordinates": [ [ [ -70.384637436876162, -23.58689681565227 ], [ -70.387009627560687, -23.5918162054429 ], [ -70.38894589300493, -23.591870231155323 ], [ -70.389003806326542, -23.589796177488015 ], [ -70.38913267535996, -23.588191544545705 ], [ -70.389277042792884, -23.587199578812115 ], [ -70.386688385639573, -23.587029667469125 ], [ -70.384637436876162, -23.58689681565227 ] ] ] } },
{ "type": "Feature", "properties": { "zona": "92" }, "geometry": { "type": "Polygon", "coordinates": [ [ [ -70.387009671228, -23.591820358446657 ], [ -70.384628123874435, -23.586871707399812 ], [ -70.383817196098519, -23.586853742566312 ], [ -70.383694399091041, -23.588172908902163 ], [ -70.383616903593023, -23.589466480208554 ], [ -70.383888624304106, -23.590897975055171 ], [ -70.384144172170451, -23.592266048061489 ], [ -70.384180852157613, -23.592319534728652 ], [ -70.384912341048533, -23.592294864988219 ], [ -70.38546740639012, -23.592205672604965 ], [ -70.386288580818132, -23.591896140245044 ], [ -70.386688704502646, -23.591833788639743 ], [ -70.387009671228, -23.591820358446657 ] ] ] } },
{ "type": "Feature", "properties": { "zona": "66" }, "geometry": { "type": "Polygon", "coordinates": [ [ [ -70.415343726704478, -23.682071265860817 ], [ -70.414304186600958, -23.682878290232555 ], [ -70.41620696901397, -23.68485448979926 ], [ -70.415444145163661, -23.685461889272467 ], [ -70.414864150334964, -23.685777785680152 ], [ -70.413111359436741, -23.683846158182252 ], [ -70.411999685835823, -23.684737795473829 ], [ -70.413302433536543, -23.68677701580776 ], [ -70.4134623509524, -23.687075316929935 ], [ -70.41507970035714, -23.691425673245135 ], [ -70.416226656493606, -23.694626233340742 ], [ -70.416745941030513, -23.698766570095096 ], [ -70.417044776043738, -23.69855969047682 ], [ -70.418780681711752, -23.697865174246594 ], [ -70.419700152883195, -23.6972836779196 ], [ -70.420288701299256, -23.69666377056528 ], [ -70.420739561759859, -23.696577198867082 ], [ -70.420943407704229, -23.696620472231313 ], [ -70.421196151861693, -23.696414910984689 ], [ -70.421289651272559, -23.696095512450764 ], [ -70.421287561233328, -23.695902493494458 ], [ -70.423022753859172, -23.695886099503259 ], [ -70.422939939110719, -23.694132272923259 ], [ -70.4226836660294, -23.694033956100107 ], [ -70.422049873232211, -23.69191581810405 ], [ -70.421743967350494, -23.691848473152554 ], [ -70.421534164654773, -23.691433625034474 ], [ -70.42113264382796, -23.691183598860604 ], [ -70.4208712367262, -23.6908269181896 ], [ -70.420711687469392, -23.6904002310681 ], [ -70.420646503901878, -23.689435366733399 ], [ -70.420381196096258, -23.689345525418318 ], [ -70.420470672824749, -23.689185163448112 ], [ -70.420449676063328, -23.688933539448659 ], [ -70.420556436013754, -23.6886890498889 ], [ -70.420169337277514, -23.68853044169272 ], [ -70.420279268916943, -23.688347410180913 ], [ -70.420061992480498, -23.687644244198907 ], [ -70.419649930864054, -23.687450018655593 ], [ -70.419608740189005, -23.687035607449264 ], [ -70.419640122324168, -23.686565183490284 ], [ -70.419458862880632, -23.685819701517161 ], [ -70.418609846682997, -23.685154014478215 ], [ -70.417780671193199, -23.684894803923171 ], [ -70.417520704333384, -23.684452238122294 ], [ -70.417115429185941, -23.684061383146915 ], [ -70.417075343028216, -23.683725963836856 ], [ -70.416376646190244, -23.683178340582153 ], [ -70.416081829966856, -23.68334996836618 ], [ -70.415745906446631, -23.683016170172689 ], [ -70.415492201391643, -23.682313329077935 ], [ -70.415499709598038, -23.682162206233045 ], [ -70.415343726704478, -23.682071265860817 ] ] ] } },
{ "type": "Feature", "properties": { "zona": "89" }, "geometry": { "type": "Polygon", "coordinates": [ [ [ -70.411999685835823, -23.684737795473829 ], [ -70.413111359436741, -23.683846158182252 ], [ -70.414864150334964, -23.685777785680152 ], [ -70.415444145163661, -23.685461889272467 ], [ -70.41620696901397, -23.68485448979926 ], [ -70.414304186600958, -23.682878290232555 ], [ -70.415343636230659, -23.682062869770288 ], [ -70.415039170233442, -23.68172146883332 ], [ -70.414891600540699, -23.68156327573903 ], [ -70.41485205419643, -23.681269835167889 ], [ -70.414802477441597, -23.68090091392709 ], [ -70.414334873317415, -23.68067449557531 ], [ -70.414237165866155, -23.680461130946863 ], [ -70.413277771415494, -23.680675568732187 ], [ -70.413001124292236, -23.680799803411716 ], [ -70.412083302313945, -23.681068479799183 ], [ -70.411052091321196, -23.681380078447145 ], [ -70.41140198923803, -23.682594444311654 ], [ -70.41186941753466, -23.684519218678815 ], [ -70.411999685835823, -23.684737795473829 ] ] ] } },
{ "type": "Feature", "properties": { "zona": "56" }, "geometry": { "type": "Polygon", "coordinates": [ [ [ -70.39562919460117, -23.660594483362903 ], [ -70.394413005155741, -23.660643173062564 ], [ -70.394301753042171, -23.659170818094115 ], [ -70.394323253489816, -23.658629154065117 ], [ -70.395251002214849, -23.657592398526045 ], [ -70.395382187809631, -23.657498940815454 ], [ -70.395359509613527, -23.657083539057314 ], [ -70.394891188148662, -23.656084810691869 ], [ -70.393769598734622, -23.657267591182332 ], [ -70.39227920582978, -23.658811317750121 ], [ -70.391764154331071, -23.65923146010924 ], [ -70.392405992427342, -23.660027472298978 ], [ -70.392813652973828, -23.660657556247518 ], [ -70.392770672560559, -23.662194231246065 ], [ -70.393343577005368, -23.663784147930564 ], [ -70.394249033130706, -23.665375222866242 ], [ -70.395386481272723, -23.666358535933782 ], [ -70.395777995076159, -23.666667684065693 ], [ -70.396276579473977, -23.667276080812734 ], [ -70.397140329253901, -23.667075163606579 ], [ -70.398203796869339, -23.666785490116471 ], [ -70.39827328192753, -23.666477335104855 ], [ -70.398277505417909, -23.666015553629268 ], [ -70.398146198874556, -23.665672552855675 ], [ -70.397591814686209, -23.664880383364576 ], [ -70.396771461077094, -23.663670489424156 ], [ -70.395993012297183, -23.661921090305189 ], [ -70.395678576988686, -23.661293877832428 ], [ -70.39562919460117, -23.660594483362903 ] ] ] } },
{ "type": "Feature", "properties": { "zona": "87" }, "geometry": { "type": "Polygon", "coordinates": [ [ [ -70.395629149560506, -23.660590240129622 ], [ -70.395530530109369, -23.659029739831912 ], [ -70.395386714547485, -23.657498900058272 ], [ -70.395250958150712, -23.657588245572047 ], [ -70.394323379319502, -23.658633396574555 ], [ -70.394301842074483, -23.659179214285405 ], [ -70.394413005155741, -23.660643173062564 ], [ -70.395629149560506, -23.660590240129622 ] ] ] } },
{ "type": "Feature", "properties": { "zona": "29" }, "geometry": { "type": "Polygon", "coordinates": [ [ [ -70.392180766639626, -23.616453572995358 ], [ -70.390191030402505, -23.616582197245464 ], [ -70.389243393006282, -23.616983268164887 ], [ -70.38831993180321, -23.617109903874049 ], [ -70.388301942554833, -23.6171130444108 ], [ -70.388532368098737, -23.618195646709903 ], [ -70.389111465447513, -23.620873816384595 ], [ -70.389117575986262, -23.621016421134254 ], [ -70.389400045186889, -23.622319316100342 ], [ -70.389484284844443, -23.622528487757407 ], [ -70.38977021734442, -23.623722279309934 ], [ -70.390777127532573, -23.625455235150206 ], [ -70.392127442712308, -23.625203853866587 ], [ -70.392345151783843, -23.625537691112953 ], [ -70.392758766198611, -23.62587816639693 ], [ -70.393084808467549, -23.626122906197551 ], [ -70.393315565577183, -23.626406242554754 ], [ -70.393395288632618, -23.626615452211137 ], [ -70.393417113611946, -23.626959444015547 ], [ -70.393367322261625, -23.62741739378561 ], [ -70.394597931014587, -23.627469358468755 ], [ -70.394668920069861, -23.625571444141308 ], [ -70.394540026174198, -23.624802243368162 ], [ -70.394959593616022, -23.624628544503796 ], [ -70.395661140338618, -23.625910862122957 ], [ -70.395662285456893, -23.626446004004311 ], [ -70.395564320742224, -23.628596071357244 ], [ -70.396476117026666, -23.62865079823456 ], [ -70.396517380562713, -23.628037534713144 ], [ -70.396531439646324, -23.627778003470965 ], [ -70.396611336586489, -23.62735526626491 ], [ -70.396699743343092, -23.626599460917156 ], [ -70.396577753342712, -23.626467290335544 ], [ -70.396503621155716, -23.626290356188395 ], [ -70.396268180499035, -23.626015644583219 ], [ -70.396000044813164, -23.62561481999402 ], [ -70.395758050742529, -23.625308745355419 ], [ -70.395706473315968, -23.624987233182654 ], [ -70.395787821777787, -23.624708948090255 ], [ -70.395702120166291, -23.624576450206025 ], [ -70.395711690281516, -23.624343143534702 ], [ -70.395624967797673, -23.624121899125068 ], [ -70.395489727530745, -23.623867773826483 ], [ -70.395523968841161, -23.623689773943436 ], [ -70.395595002934414, -23.623566971815951 ], [ -70.395542875383441, -23.62320104145218 ], [ -70.395293437457809, -23.622596080523579 ], [ -70.394852979795374, -23.622063353422224 ], [ -70.394838269158711, -23.621773201281574 ], [ -70.394370403841819, -23.62120857549025 ], [ -70.3938222587214, -23.620900823902581 ], [ -70.393435043560672, -23.620900148399905 ], [ -70.393287793525928, -23.620762964795617 ], [ -70.393054126806007, -23.620639107313945 ], [ -70.392821792137099, -23.620641193032966 ], [ -70.392558682355343, -23.620316160494347 ], [ -70.392696924434034, -23.620029510822668 ], [ -70.392712177812356, -23.61975227172065 ], [ -70.392508304893909, -23.619426707296757 ], [ -70.39251530656756, -23.619225115568682 ], [ -70.392467777580066, -23.619040897554711 ], [ -70.392147869198055, -23.618938850158887 ], [ -70.392112755784012, -23.618636962073989 ], [ -70.392139842761352, -23.617750966852991 ], [ -70.392223907271955, -23.617515185846877 ], [ -70.392180766639626, -23.616453572995358 ] ] ] } },
{ "type": "Feature", "properties": { "zona": "95" }, "geometry": { "type": "Polygon", "coordinates": [ [ [ -70.388524887567399, -23.618160680800365 ], [ -70.387219025185573, -23.618367930260483 ], [ -70.386995737239019, -23.617340519861891 ], [ -70.384847972779625, -23.617714454740319 ], [ -70.385015464600343, -23.618240710424619 ], [ -70.385100474948345, -23.618508747736257 ], [ -70.385908964607225, -23.620012637435636 ], [ -70.3870269188386, -23.6216531648966 ], [ -70.38738871827411, -23.622263817547552 ], [ -70.387964964475714, -23.623175928025645 ], [ -70.388582919718857, -23.624141385671546 ], [ -70.389373900019194, -23.62549516637738 ], [ -70.39004585472064, -23.626750418114842 ], [ -70.390469674931495, -23.628049966052153 ], [ -70.390595020290917, -23.628431404069431 ], [ -70.392487408797209, -23.628489008530703 ], [ -70.394460955520884, -23.628539901110262 ], [ -70.395564320742224, -23.628596071357244 ], [ -70.395662307462899, -23.626448080489279 ], [ -70.395661140338618, -23.625910862122957 ], [ -70.394959593616022, -23.624628544503796 ], [ -70.394540026174198, -23.624802243368162 ], [ -70.39466889808044, -23.625569367655231 ], [ -70.394597931014587, -23.627469358468755 ], [ -70.393367322261625, -23.62741739378561 ], [ -70.393417380131751, -23.626984632703465 ], [ -70.3933955102477, -23.626636397644521 ], [ -70.393320216958685, -23.626410444438502 ], [ -70.393084853352633, -23.626127149454291 ], [ -70.392726533871539, -23.625849111301765 ], [ -70.392340501418701, -23.625533579478677 ], [ -70.392132049160807, -23.625203812531421 ], [ -70.390777127532573, -23.625455235150206 ], [ -70.38977021734442, -23.623722279309934 ], [ -70.38947541958828, -23.622500215848817 ], [ -70.389400045186889, -23.622319316100342 ], [ -70.389117532191889, -23.62101226814983 ], [ -70.389106674338407, -23.62084866814552 ], [ -70.388532368098737, -23.618195646709903 ], [ -70.388524887567399, -23.618160680800365 ] ] ] } },
{ "type": "Feature", "properties": { "zona": "88" }, "geometry": { "type": "Polygon", "coordinates": [ [ [ -70.388524887567399, -23.618160680800365 ], [ -70.388301942554833, -23.6171130444108 ], [ -70.386995737239019, -23.617340519861891 ], [ -70.387219025185573, -23.618367930260483 ], [ -70.388524887567399, -23.618160680800365 ] ] ] } },
{ "type": "Feature", "properties": { "zona": "54" }, "geometry": { "type": "Polygon", "coordinates": [ [ [ -70.386549697881932, -23.658245550451376 ], [ -70.387490890497844, -23.660009437519051 ], [ -70.388068352991638, -23.661088563445567 ], [ -70.388966018900192, -23.662294473820722 ], [ -70.389439317619789, -23.663559441749932 ], [ -70.390106295673476, -23.664813009120849 ], [ -70.390108389857119, -23.66481226801017 ], [ -70.391040689946863, -23.666032119251167 ], [ -70.39147094436818, -23.666916440831347 ], [ -70.391908072197026, -23.66702158490537 ], [ -70.393178334097243, -23.668193781648718 ], [ -70.393558099782638, -23.667913355922217 ], [ -70.394001639077374, -23.667623958531994 ], [ -70.394426452781559, -23.667284346570042 ], [ -70.394923121348654, -23.666851719777693 ], [ -70.395437878224655, -23.666402134616703 ], [ -70.394244336225228, -23.665366868145586 ], [ -70.393343532988524, -23.663779994976505 ], [ -70.392770806459751, -23.662206870677149 ], [ -70.392813697923799, -23.660661799485855 ], [ -70.392401384760433, -23.660027513699532 ], [ -70.391764154331071, -23.65923146010924 ], [ -70.389683058568224, -23.656345404325254 ], [ -70.389515946802248, -23.656489651761284 ], [ -70.388986125561189, -23.656804999957902 ], [ -70.388391370811561, -23.657011767025669 ], [ -70.387373806941326, -23.657747085417277 ], [ -70.386934722345629, -23.658028026578158 ], [ -70.386549697881932, -23.658245550451376 ] ] ] } }
]
}
