{
"type": "FeatureCollection",
"name": "Chillán",
"crs": { "type": "name", "properties": { "name": "urn:ogc:def:crs:OGC:1.3:CRS84" } },
"features": [
{ "type": "Feature", "properties": { "zona": "35" }, "geometry": { "type": "Polygon", "coordinates": [ [ [ -72.105890956074006, -36.60672990616029 ], [ -72.105755110154433, -36.60636712864568 ], [ -72.105257139521285, -36.605037267017849 ], [ -72.104981330062785, -36.604300677707663 ], [ -72.104938095563355, -36.604310029722562 ], [ -72.104595322996047, -36.604393541245642 ], [ -72.104217372051053, -36.604485622193003 ], [ -72.104122146160677, -36.604508821663572 ], [ -72.10371373697194, -36.604608321056141 ], [ -72.103008647179195, -36.604780096127321 ], [ -72.101939907608994, -36.605040453971313 ], [ -72.101922757988632, -36.605044632314282 ], [ -72.096253219434743, -36.606425615240347 ], [ -72.095807468070149, -36.606531221485206 ], [ -72.098553876619889, -36.613884125682581 ], [ -72.099307776783661, -36.613701275168026 ], [ -72.099823813344827, -36.613576112633076 ], [ -72.100045636643642, -36.613522309638071 ], [ -72.100203459016072, -36.613484029421109 ], [ -72.100435732967597, -36.613427183520642 ], [ -72.100928949179604, -36.61330647456505 ], [ -72.101337580429544, -36.613206465283405 ], [ -72.101350833636388, -36.613203222029561 ], [ -72.10139636784119, -36.613192212722772 ], [ -72.101574271100247, -36.613149197551287 ], [ -72.102751380695381, -36.612864574384567 ], [ -72.103097121794065, -36.61278097203089 ], [ -72.103291472448674, -36.612733976110327 ], [ -72.10345572364524, -36.612694258883771 ], [ -72.104321295656135, -36.612484950267373 ], [ -72.104631062392357, -36.612410041990103 ], [ -72.105399475175361, -36.612224218432388 ], [ -72.106167883971196, -36.612038390980373 ], [ -72.106360499204854, -36.611991809353206 ], [ -72.106975514404581, -36.611839811502847 ], [ -72.107319678843552, -36.611756652696727 ], [ -72.107491760238446, -36.611715073847733 ], [ -72.107663842512153, -36.611673493828953 ], [ -72.1076981732636, -36.611665198595922 ], [ -72.107730298418574, -36.611657648480467 ], [ -72.107576331265662, -36.611245186025812 ], [ -72.106606370362826, -36.608646642614133 ], [ -72.105890956074006, -36.60672990616029 ] ] ] } },
{ "type": "Feature", "properties": { "zona": "23" }, "geometry": { "type": "Polygon", "coordinates": [ [ [ -72.104981330062785, -36.604300677707663 ], [ -72.108043730346424, -36.603523905293208 ], [ -72.107572189315221, -36.602273670119253 ], [ -72.106235645107731, -36.598431259349816 ], [ -72.106086861872058, -36.598466622198991 ], [ -72.105290354651018, -36.598670335772347 ], [ -72.104852524666057, -36.59878231129106 ], [ -72.104741601220724, -36.598810680166352 ], [ -72.104566357187323, -36.598855498100747 ], [ -72.103370493462876, -36.599150955205687 ], [ -72.103080093418981, -36.599222700685281 ], [ -72.102902626881431, -36.599266545046959 ], [ -72.101842445441306, -36.599528463562535 ], [ -72.101539218670666, -36.599603373504813 ], [ -72.100864773970258, -36.599770217785405 ], [ -72.100069866356819, -36.59996685622918 ], [ -72.099949098877772, -36.599996730459331 ], [ -72.100061947571703, -36.600050055508831 ], [ -72.10191528594649, -36.605023650704496 ], [ -72.101922757988632, -36.605044632314282 ], [ -72.101939907608994, -36.605040453971313 ], [ -72.103008647179195, -36.604780096127321 ], [ -72.10371373697194, -36.604608321056141 ], [ -72.104122146160677, -36.604508821663572 ], [ -72.104595322996047, -36.604393541245642 ], [ -72.104938095563355, -36.604310029722562 ], [ -72.104981330062785, -36.604300677707663 ] ] ] } },
{ "type": "Feature", "properties": { "zona": "24" }, "geometry": { "type": "Polygon", "coordinates": [ [ [ -72.096253219434743, -36.606425615240347 ], [ -72.097208141260921, -36.606193037830657 ], [ -72.098850093590414, -36.605793108661594 ], [ -72.100457277331145, -36.605401622940271 ], [ -72.100828323456426, -36.605311238483949 ], [ -72.101922757988632, -36.605044632314282 ], [ -72.10191528594649, -36.605023650704496 ], [ -72.101534356591003, -36.604001455053456 ], [ -72.101132365935072, -36.602922706117788 ], [ -72.100920173735432, -36.602353271126191 ], [ -72.100241214546244, -36.600531167801201 ], [ -72.100227989991396, -36.600495673727359 ], [ -72.100089574436424, -36.600124200296193 ], [ -72.100061947571703, -36.600050055508831 ], [ -72.099949098877772, -36.599996730459331 ], [ -72.099298541198209, -36.600163322532836 ], [ -72.098528962664687, -36.600360388157753 ], [ -72.098524306436062, -36.600361580761962 ], [ -72.098485249966814, -36.600371581316992 ], [ -72.093928988150651, -36.601493223901471 ], [ -72.09441829328199, -36.602838860008134 ], [ -72.094418495419561, -36.602839415251566 ], [ -72.095801159145651, -36.606514328236713 ], [ -72.095806825886442, -36.606531373351608 ], [ -72.096253219434743, -36.606425615240347 ] ] ] } },
{ "type": "Feature", "properties": { "zona": "38" }, "geometry": { "type": "Polygon", "coordinates": [ [ [ -72.096677689251081, -36.608984935036695 ], [ -72.096669674300472, -36.60898689618702 ], [ -72.096642246846997, -36.60899360833735 ], [ -72.096566174042508, -36.609012224354743 ], [ -72.096229349863137, -36.609094647464666 ], [ -72.095565013642073, -36.609257211302328 ], [ -72.095482968577457, -36.609277287644645 ], [ -72.095150995584405, -36.609358519187381 ], [ -72.093623077045322, -36.609732378055469 ], [ -72.093569818334473, -36.609745719837598 ], [ -72.093530191644604, -36.609757918898438 ], [ -72.09355845056362, -36.609833358984034 ], [ -72.095005322632076, -36.613695650085951 ], [ -72.095766940176432, -36.613739654619359 ], [ -72.096146283518308, -36.613779442949109 ], [ -72.096248612804629, -36.61378231625816 ], [ -72.096367436385179, -36.613819966288951 ], [ -72.096526832646319, -36.613830721301554 ], [ -72.096726375314759, -36.613828510904952 ], [ -72.097137674047602, -36.613836052712649 ], [ -72.097333385471416, -36.613862029737518 ], [ -72.097406925927302, -36.613864591336963 ], [ -72.097503083305156, -36.613851588736708 ], [ -72.097795907867066, -36.613855879502871 ], [ -72.097910120382608, -36.613871981463824 ], [ -72.098151203226649, -36.613924836383084 ], [ -72.098301294900082, -36.614013512058627 ], [ -72.098348301067219, -36.614053135479715 ], [ -72.098478384237126, -36.614078024252123 ], [ -72.098480018891792, -36.614078370088784 ], [ -72.098508407801745, -36.614087475020121 ], [ -72.098555197444824, -36.613966841901558 ], [ -72.098558934042401, -36.613957208111138 ], [ -72.098560553217354, -36.613923786742703 ], [ -72.098553876619889, -36.613884125682581 ], [ -72.098425586029975, -36.61354069184118 ], [ -72.098173672279955, -36.612866309711173 ], [ -72.09789650232247, -36.612124297338191 ], [ -72.096927309668587, -36.609529546698944 ], [ -72.096718972418785, -36.608971753791344 ], [ -72.096677689251081, -36.608984935036695 ] ] ] } },
{ "type": "Feature", "properties": { "zona": "37" }, "geometry": { "type": "Polygon", "coordinates": [ [ [ -72.105269092333756, -36.614108886220457 ], [ -72.105159708473082, -36.614068812874002 ], [ -72.104871353545562, -36.614017204306656 ], [ -72.104749906788712, -36.614011948947365 ], [ -72.104104278478943, -36.613984009504428 ], [ -72.10368584810243, -36.61410964392131 ], [ -72.103582290559856, -36.61424784018616 ], [ -72.103564526876397, -36.614252418687741 ], [ -72.103484912768593, -36.614273621309422 ], [ -72.103451385934733, -36.61430130175679 ], [ -72.103270210471123, -36.614450881065572 ], [ -72.103098147397915, -36.614570575831905 ], [ -72.102883508439675, -36.614719886019756 ], [ -72.102710314812271, -36.614870314380205 ], [ -72.102641815220124, -36.614932181651866 ], [ -72.102644045804539, -36.614943567706014 ], [ -72.102379292064015, -36.614998009577768 ], [ -72.102214566706976, -36.615023583926217 ], [ -72.102188270512798, -36.61502342302186 ], [ -72.102136089661641, -36.615036263905914 ], [ -72.101814806550863, -36.615115326376056 ], [ -72.101526713174096, -36.615055597359834 ], [ -72.101466099066513, -36.615059869064972 ], [ -72.101365687116413, -36.615066945539283 ], [ -72.101277676236336, -36.614996281159357 ], [ -72.10088287164362, -36.614797708985854 ], [ -72.10083495612011, -36.614758086866068 ], [ -72.100300146968422, -36.614444927260486 ], [ -72.100229785000451, -36.614412854183996 ], [ -72.100089389136471, -36.614348857054189 ], [ -72.099854354596928, -36.614289088452608 ], [ -72.09961055889876, -36.614266673552272 ], [ -72.099319735237756, -36.614274392165761 ], [ -72.09900824572253, -36.61430792620272 ], [ -72.098999006626755, -36.614275012771174 ], [ -72.098896285906363, -36.614291490936111 ], [ -72.098889070685033, -36.614274443966281 ], [ -72.098736083859393, -36.614253865331584 ], [ -72.098344283597612, -36.614107812667456 ], [ -72.098232173941781, -36.614066020489894 ], [ -72.098170797218629, -36.614010396786703 ], [ -72.098095219794686, -36.61396944786258 ], [ -72.09794568642883, -36.613928039077187 ], [ -72.097770039702894, -36.613899230498049 ], [ -72.097478986677629, -36.613933274021676 ], [ -72.097188826897394, -36.613977463623328 ], [ -72.096955515022742, -36.613946017916319 ], [ -72.096770820487691, -36.613935903542604 ], [ -72.096178115030128, -36.613893045478385 ], [ -72.095698366951851, -36.61386248961842 ], [ -72.095637946006946, -36.613858641438704 ], [ -72.09560989730879, -36.613801177421884 ], [ -72.0956079430741, -36.613797174102956 ], [ -72.095560286575719, -36.613792272173058 ], [ -72.095448209297615, -36.61378074507229 ], [ -72.095242392905206, -36.6138256033015 ], [ -72.095063315124264, -36.613860880086463 ], [ -72.095083750287486, -36.613917732975864 ], [ -72.095789885820651, -36.615882188144781 ], [ -72.096271253529991, -36.617221275939471 ], [ -72.102548800822888, -36.615758949597776 ], [ -72.103476024045065, -36.615528621516468 ], [ -72.10354602382732, -36.615511232540079 ], [ -72.104992328787759, -36.615151943180834 ], [ -72.105604307454598, -36.614999910350242 ], [ -72.105630273633864, -36.614993772193081 ], [ -72.105493880545282, -36.614627178646124 ], [ -72.105387283271639, -36.614340665762974 ], [ -72.105302794318789, -36.614113576925689 ], [ -72.105269092333756, -36.614108886220457 ] ] ] } },
{ "type": "Feature", "properties": { "zona": "36" }, "geometry": { "type": "Polygon", "coordinates": [ [ [ -72.104631062392357, -36.612410041990103 ], [ -72.104362601183922, -36.612474962036593 ], [ -72.104321295656135, -36.612484950267373 ], [ -72.10345572364524, -36.612694258883771 ], [ -72.103291472448674, -36.612733976110327 ], [ -72.103097121794065, -36.61278097203089 ], [ -72.102751380695381, -36.612864574384567 ], [ -72.101574271100247, -36.613149197551287 ], [ -72.10139636784119, -36.613192212722772 ], [ -72.101350833636388, -36.613203222029561 ], [ -72.101337580429544, -36.613206465283405 ], [ -72.100928949179604, -36.61330647456505 ], [ -72.100435732967597, -36.613427183520642 ], [ -72.100203459016072, -36.613484029421109 ], [ -72.100045636643642, -36.613522309638071 ], [ -72.099823813344827, -36.613576112633076 ], [ -72.099307776783661, -36.613701275168026 ], [ -72.098553876619889, -36.613884125682581 ], [ -72.098560553217354, -36.613923786742703 ], [ -72.098558934042401, -36.613957208111138 ], [ -72.098508407801745, -36.614087475020121 ], [ -72.098512315521063, -36.614088728594346 ], [ -72.09860525587915, -36.614118538057674 ], [ -72.098698196304483, -36.614148347444861 ], [ -72.09882146625462, -36.61416624658299 ], [ -72.09919100114594, -36.614111276432986 ], [ -72.099658262120201, -36.614071373037874 ], [ -72.09967309418812, -36.61414324480527 ], [ -72.099863997559268, -36.614151681799562 ], [ -72.100245834099198, -36.614229075868629 ], [ -72.100437398501867, -36.614285242250503 ], [ -72.100907468204412, -36.614580827998708 ], [ -72.100918840738331, -36.614591202805343 ], [ -72.101163271577661, -36.614535452622519 ], [ -72.101219365848593, -36.614654013918731 ], [ -72.101252398621071, -36.61474836458121 ], [ -72.101288060968955, -36.614741836905317 ], [ -72.1013645475754, -36.61482578931907 ], [ -72.10152602603813, -36.614889534804668 ], [ -72.101697750577188, -36.61484766527078 ], [ -72.10170996061477, -36.614844687947119 ], [ -72.101713318120559, -36.614879251137992 ], [ -72.101771281546817, -36.614871656567495 ], [ -72.101789027407762, -36.614869331587251 ], [ -72.101823421348016, -36.614969843590607 ], [ -72.102130679694966, -36.614902708804536 ], [ -72.102154276871374, -36.61489128590383 ], [ -72.102329841948276, -36.614868374916803 ], [ -72.102491024600752, -36.614825128116969 ], [ -72.102506858961277, -36.614820879399069 ], [ -72.102704216575773, -36.614706047362148 ], [ -72.102760594224293, -36.614673244339016 ], [ -72.102961490701517, -36.61452565325532 ], [ -72.103209159216519, -36.614371893711962 ], [ -72.103345343482303, -36.614249461140261 ], [ -72.103509056358817, -36.614118584588773 ], [ -72.10357840677807, -36.614052298109456 ], [ -72.103575763920389, -36.61404532207554 ], [ -72.103551767482415, -36.613981937709646 ], [ -72.103545748572003, -36.613966036714707 ], [ -72.103559880980058, -36.61393747863994 ], [ -72.103580175099594, -36.613914616287829 ], [ -72.103634308304876, -36.613874231708849 ], [ -72.103737844863645, -36.613830485635738 ], [ -72.103842674345117, -36.61380169584713 ], [ -72.103934810217481, -36.613785502031767 ], [ -72.104077895479804, -36.613774058629211 ], [ -72.104281842585621, -36.613770065346586 ], [ -72.104658714885829, -36.613749381719416 ], [ -72.104753102057856, -36.613733780970627 ], [ -72.10501291896361, -36.61369083838445 ], [ -72.105055252900215, -36.613673067167525 ], [ -72.105098363982947, -36.613654969286117 ], [ -72.105122167883522, -36.613628079959419 ], [ -72.104976438184551, -36.613236376259337 ], [ -72.104852330455103, -36.612902784648355 ], [ -72.104665881760511, -36.612401622238856 ], [ -72.104631062392357, -36.612410041990103 ] ] ] } },
{ "type": "Feature", "properties": { "zona": "30" }, "geometry": { "type": "Polygon", "coordinates": [ [ [ -72.12354723675351, -36.608352411571225 ], [ -72.119439651593424, -36.607687087228335 ], [ -72.11688428629212, -36.607239026207289 ], [ -72.116169544117355, -36.607114684172259 ], [ -72.11565835001403, -36.606977858099768 ], [ -72.115297816097325, -36.606837087600105 ], [ -72.11460276430158, -36.606540558326337 ], [ -72.114008890507748, -36.606112630767633 ], [ -72.11361799043479, -36.605657933766771 ], [ -72.11319609503127, -36.604956384120399 ], [ -72.112679428166715, -36.60507619138474 ], [ -72.112248759788073, -36.605176054101101 ], [ -72.112107525865497, -36.605210980435004 ], [ -72.112137129937466, -36.60528970574569 ], [ -72.114130158623595, -36.610589398369896 ], [ -72.114548385576867, -36.61170140696651 ], [ -72.114737842437293, -36.611662572895845 ], [ -72.114996061388183, -36.611631767810103 ], [ -72.115085827996523, -36.611594362032811 ], [ -72.115362479399337, -36.611479079171311 ], [ -72.115520356136273, -36.611383272794164 ], [ -72.115693936496967, -36.611277935954483 ], [ -72.115738082998689, -36.611251145675986 ], [ -72.116081825453691, -36.61101960879963 ], [ -72.116324475510638, -36.610856163372119 ], [ -72.116411497774891, -36.610716994439571 ], [ -72.116417799964097, -36.610656836883898 ], [ -72.116447788679935, -36.610370568950472 ], [ -72.116443249096591, -36.610346385633676 ], [ -72.116409911305681, -36.610168765602502 ], [ -72.116391417476535, -36.609998257864618 ], [ -72.116385397540725, -36.609942756317899 ], [ -72.116428657201652, -36.609935238618547 ], [ -72.116684388383021, -36.609749728737192 ], [ -72.117088415446418, -36.609677886908017 ], [ -72.117172436677748, -36.609755590583546 ], [ -72.117245370256839, -36.609757356565609 ], [ -72.117439062173602, -36.609770279146957 ], [ -72.117442787586242, -36.609771583728538 ], [ -72.117703898784157, -36.60986304412274 ], [ -72.117699451291784, -36.609834524991292 ], [ -72.117908511883869, -36.609834512537041 ], [ -72.118009714929499, -36.609831752101471 ], [ -72.118214404505395, -36.609815691208226 ], [ -72.118229979656988, -36.609814155968351 ], [ -72.118279309098924, -36.609809292797486 ], [ -72.118274564142865, -36.609737312650417 ], [ -72.118445942858926, -36.609732621832038 ], [ -72.118538316232147, -36.609756221830587 ], [ -72.118756070545444, -36.609751114143549 ], [ -72.118897177856113, -36.609789572528783 ], [ -72.118993509022843, -36.609815827693161 ], [ -72.119002499295902, -36.609818277478873 ], [ -72.119007593015453, -36.60981797822506 ], [ -72.119087414677935, -36.609853338156761 ], [ -72.119356769865647, -36.609904283782079 ], [ -72.119543788751486, -36.609909784074453 ], [ -72.119728005560319, -36.60993327794391 ], [ -72.119728067698276, -36.609933654783269 ], [ -72.11978990693602, -36.609936475868523 ], [ -72.119994895596818, -36.60994582808442 ], [ -72.120182138184617, -36.609935196982363 ], [ -72.120407878342149, -36.609861446411422 ], [ -72.12044926905044, -36.609847923464123 ], [ -72.120738393570633, -36.609753463166847 ], [ -72.120877774808577, -36.60971773161517 ], [ -72.120952801707361, -36.609699845736124 ], [ -72.1210278297211, -36.609681960682252 ], [ -72.121143113836112, -36.609659313027826 ], [ -72.121263631177143, -36.609644814696516 ], [ -72.121275930151427, -36.609689720015417 ], [ -72.121344519748718, -36.609679532364268 ], [ -72.121408903902662, -36.60966996857055 ], [ -72.121807244770594, -36.609606174344506 ], [ -72.122145081401783, -36.609518000870224 ], [ -72.122249942798149, -36.609490632421952 ], [ -72.122346364306367, -36.609454153308377 ], [ -72.122373330047509, -36.609451317653111 ], [ -72.122771487649246, -36.609409454518705 ], [ -72.122776257800723, -36.609426951558042 ], [ -72.122778321409527, -36.609434519942027 ], [ -72.122778592053052, -36.609451086109566 ], [ -72.122932733079011, -36.609480261452966 ], [ -72.123132771526656, -36.609546026126061 ], [ -72.123254961476974, -36.6095772746501 ], [ -72.123328765441599, -36.609596149619414 ], [ -72.123524659041934, -36.609642342058905 ], [ -72.123718044252669, -36.60965599052529 ], [ -72.123825403219641, -36.609656001246648 ], [ -72.123987581544256, -36.609622914605495 ], [ -72.124043364815918, -36.609611534063148 ], [ -72.124050186041629, -36.609608731928326 ], [ -72.12413327658426, -36.609574599864899 ], [ -72.124175665270727, -36.609557578361212 ], [ -72.12434720064978, -36.609488694999847 ], [ -72.124360049530651, -36.609483535044802 ], [ -72.124421700188165, -36.609441720266148 ], [ -72.124363641901368, -36.609366107822225 ], [ -72.12425809047798, -36.609240326935463 ], [ -72.124224823831582, -36.609200684121284 ], [ -72.124052739904215, -36.608995617354267 ], [ -72.12404505357263, -36.608986458293884 ], [ -72.123965483672066, -36.608892524600847 ], [ -72.123926193452036, -36.608846140836718 ], [ -72.123902912823766, -36.608816327450931 ], [ -72.123758871016932, -36.608631869950671 ], [ -72.123699663374978, -36.608556050312508 ], [ -72.123666571757127, -36.608511840400404 ], [ -72.12362890692161, -36.608461521074808 ], [ -72.12354723675351, -36.608352411571225 ] ] ] } },
{ "type": "Feature", "properties": { "zona": "34" }, "geometry": { "type": "Polygon", "coordinates": [ [ [ -72.107774404733036, -36.614486874060049 ], [ -72.107872893511711, -36.614495710150713 ], [ -72.107971668039468, -36.614502142631828 ], [ -72.108008379844478, -36.614501556347122 ], [ -72.108242057071124, -36.614485423280449 ], [ -72.108689073229428, -36.614384259506643 ], [ -72.10870299842145, -36.614381107823206 ], [ -72.109227178169874, -36.61425368882368 ], [ -72.10958657222271, -36.614164567449563 ], [ -72.109945966491708, -36.614075444998406 ], [ -72.110236457551267, -36.614003408186889 ], [ -72.110431647310904, -36.613955778545112 ], [ -72.111274316952944, -36.613751666599946 ], [ -72.111369856652473, -36.613726266013444 ], [ -72.111479996048928, -36.613696982935721 ], [ -72.111712415750915, -36.613609979838849 ], [ -72.111733556666437, -36.613602065137464 ], [ -72.111738545149478, -36.613600198296858 ], [ -72.111849534881898, -36.613568970577589 ], [ -72.111754935361901, -36.613415496345304 ], [ -72.111278362407646, -36.61215478639501 ], [ -72.110817665259731, -36.610932003448468 ], [ -72.1076981732636, -36.611665198595922 ], [ -72.107663842512153, -36.611673493828953 ], [ -72.107319678843552, -36.611756652696727 ], [ -72.106975514404581, -36.611839811502847 ], [ -72.106360499204854, -36.611991809353206 ], [ -72.106167883971196, -36.612038390980373 ], [ -72.105399475175361, -36.612224218432388 ], [ -72.104665881760511, -36.612401622238856 ], [ -72.105630273633864, -36.614993772193081 ], [ -72.107774404733036, -36.614486874060049 ] ] ] } },
{ "type": "Feature", "properties": { "zona": "20" }, "geometry": { "type": "Polygon", "coordinates": [ [ [ -72.110439269471854, -36.5975013505237 ], [ -72.110447499760312, -36.597521976558561 ], [ -72.11045232132696, -36.597534058937967 ], [ -72.11045886413855, -36.597550457759219 ], [ -72.110474013859189, -36.597588427958073 ], [ -72.11050171653082, -36.597660483886479 ], [ -72.110522287162439, -36.597713991900122 ], [ -72.110724984776624, -36.598241236784006 ], [ -72.110877788416815, -36.598646711189929 ], [ -72.110890185568437, -36.598679608762488 ], [ -72.110893785745773, -36.598684988083278 ], [ -72.110894985481124, -36.598686782400129 ], [ -72.110973338558622, -36.598803891696654 ], [ -72.111108611784786, -36.599135359076691 ], [ -72.111274132483743, -36.599618783270657 ], [ -72.111300479091554, -36.599689537141934 ], [ -72.111350299918357, -36.59982333427417 ], [ -72.111411669546072, -36.600034551796398 ], [ -72.111510233111034, -36.600237903748045 ], [ -72.111623086759849, -36.600539339038328 ], [ -72.111677855323364, -36.600688650073664 ], [ -72.11179702009899, -36.601013513245725 ], [ -72.112005992035421, -36.601582957365899 ], [ -72.112262789705795, -36.60229733714111 ], [ -72.112362875545841, -36.602610921613568 ], [ -72.112539706462172, -36.603186022967236 ], [ -72.112623644512169, -36.603426395492399 ], [ -72.11264551259508, -36.603489017247135 ], [ -72.112898603354623, -36.6041603872618 ], [ -72.11301789151257, -36.604476583199691 ], [ -72.113137180731812, -36.604792778957318 ], [ -72.113151504222657, -36.604832057121058 ], [ -72.113159147141047, -36.604853016370406 ], [ -72.113177107449161, -36.604902267599527 ], [ -72.113180926483238, -36.604912742330484 ], [ -72.113186767958197, -36.604928761007102 ], [ -72.11319609503127, -36.604956384120399 ], [ -72.113621719068405, -36.604857687121083 ], [ -72.114055760910205, -36.60475703650075 ], [ -72.11461150179602, -36.604621307515799 ], [ -72.114990481293461, -36.604528747800536 ], [ -72.114994104865204, -36.604527862717127 ], [ -72.115015277424547, -36.604522691452011 ], [ -72.115517870963572, -36.604399938952255 ], [ -72.115610313654429, -36.604375607469514 ], [ -72.115610924205839, -36.60437728108306 ], [ -72.116274957691971, -36.604216413314582 ], [ -72.116603162000288, -36.604138708661445 ], [ -72.116608973124073, -36.604137332829744 ], [ -72.116883785098452, -36.604072268262343 ], [ -72.117010085144301, -36.604042365345087 ], [ -72.117112055526135, -36.604017690457638 ], [ -72.117118537256204, -36.604016121326694 ], [ -72.117472639243289, -36.603930432733513 ], [ -72.117562888796201, -36.603908592892701 ], [ -72.117650835011929, -36.603887950505531 ], [ -72.118066780992734, -36.603790318453633 ], [ -72.118470223703326, -36.603692541175995 ], [ -72.118609620065214, -36.603655814542662 ], [ -72.118823717412369, -36.603599406021715 ], [ -72.118954417436669, -36.603572062116854 ], [ -72.11902265015901, -36.60355799694959 ], [ -72.119090884006596, -36.603543932615217 ], [ -72.119184583011759, -36.603524012479326 ], [ -72.119221651278863, -36.603514740275024 ], [ -72.119287556242284, -36.603501544241546 ], [ -72.119340539862606, -36.603496354290947 ], [ -72.119379775723672, -36.603494277415081 ], [ -72.11945542141774, -36.603490274263436 ], [ -72.119479830778971, -36.603454674186722 ], [ -72.119390997331877, -36.603378322685103 ], [ -72.119228668026949, -36.603202569035652 ], [ -72.118997416840571, -36.602930866903158 ], [ -72.118873297654019, -36.602749343035242 ], [ -72.118748748305038, -36.602557100718379 ], [ -72.118619239530787, -36.602351875138211 ], [ -72.118542262302043, -36.602239449854984 ], [ -72.118437213313427, -36.602090804156525 ], [ -72.118340460429479, -36.60196459149028 ], [ -72.118203562264853, -36.601803427902361 ], [ -72.117853554132722, -36.601394882231276 ], [ -72.117669372952435, -36.601171250025772 ], [ -72.117653056089424, -36.60115013793277 ], [ -72.117477207085187, -36.600922602560878 ], [ -72.117146034470593, -36.600511652854451 ], [ -72.116767204915689, -36.600033285581077 ], [ -72.116465700860005, -36.599653982868261 ], [ -72.115930403850356, -36.598981321133564 ], [ -72.115524005673379, -36.598472702301336 ], [ -72.115439283722992, -36.598366668993236 ], [ -72.115286954782647, -36.598171040388237 ], [ -72.115001140696137, -36.597809624712362 ], [ -72.114650748394524, -36.597370795801567 ], [ -72.114341312579015, -36.596967969125259 ], [ -72.114113047597982, -36.59666050771753 ], [ -72.113930553290132, -36.59643051087415 ], [ -72.11383973533151, -36.59632411668624 ], [ -72.113778368650273, -36.596241440084341 ], [ -72.113625018756466, -36.596310300892775 ], [ -72.113388593018527, -36.596430925833808 ], [ -72.113187535527103, -36.596548717015295 ], [ -72.113030223956684, -36.59663675459467 ], [ -72.11283808026289, -36.59674096121018 ], [ -72.112673986474078, -36.596836804495247 ], [ -72.112493044581669, -36.596925458223446 ], [ -72.112379173077471, -36.596976119208904 ], [ -72.111896991535389, -36.597103164031139 ], [ -72.111190259079251, -36.597293296376051 ], [ -72.111005955502861, -36.597357239694546 ], [ -72.110439269471854, -36.5975013505237 ] ] ] } },
{ "type": "Feature", "properties": { "zona": "21" }, "geometry": { "type": "Polygon", "coordinates": [ [ [ -72.109327996387705, -36.597744781890114 ], [ -72.110645319382442, -36.60128350070692 ], [ -72.112107525865497, -36.605210980435004 ], [ -72.112248759788073, -36.605176054101101 ], [ -72.112679428166715, -36.60507619138474 ], [ -72.11319609503127, -36.604956384120399 ], [ -72.113186767958197, -36.604928761007102 ], [ -72.113180926483238, -36.604912742330484 ], [ -72.113177107449161, -36.604902267599527 ], [ -72.113159147141047, -36.604853016370406 ], [ -72.113151504222657, -36.604832057121058 ], [ -72.113137180731812, -36.604792778957318 ], [ -72.11301789151257, -36.604476583199691 ], [ -72.112898603354623, -36.6041603872618 ], [ -72.11264551259508, -36.603489017247135 ], [ -72.112623644512169, -36.603426395492399 ], [ -72.112539706462172, -36.603186022967236 ], [ -72.112362875545841, -36.602610921613568 ], [ -72.112262789705795, -36.60229733714111 ], [ -72.112005992035421, -36.601582957365899 ], [ -72.11179702009899, -36.601013513245725 ], [ -72.111677855323364, -36.600688650073664 ], [ -72.111623086759849, -36.600539339038328 ], [ -72.111510233111034, -36.600237903748045 ], [ -72.111411669546072, -36.600034551796398 ], [ -72.111350299918357, -36.59982333427417 ], [ -72.111300479091554, -36.599689537141934 ], [ -72.111274132483743, -36.599618783270657 ], [ -72.111108611784786, -36.599135359076691 ], [ -72.110973338558622, -36.598803891696654 ], [ -72.110894985481124, -36.598686782400129 ], [ -72.110893785745773, -36.598684988083278 ], [ -72.110890185568437, -36.598679608762488 ], [ -72.110877788416815, -36.598646711189929 ], [ -72.110724984776624, -36.598241236784006 ], [ -72.110522287162439, -36.597713991900122 ], [ -72.11050171653082, -36.597660483886479 ], [ -72.110474013859189, -36.597588427958073 ], [ -72.11045886413855, -36.597550457759219 ], [ -72.11045232132696, -36.597534058937967 ], [ -72.110447499760312, -36.597521976558561 ], [ -72.110439269471854, -36.5975013505237 ], [ -72.110228556507337, -36.597554934858145 ], [ -72.109438685117297, -36.597721447664846 ], [ -72.109327996387705, -36.597744781890114 ] ] ] } },
{ "type": "Feature", "properties": { "zona": "28" }, "geometry": { "type": "Polygon", "coordinates": [ [ [ -72.12354723675351, -36.608352411571225 ], [ -72.131838307816949, -36.609716527349548 ], [ -72.132081534069002, -36.608743437096123 ], [ -72.132343518019795, -36.607676055339013 ], [ -72.132600770798419, -36.606608797512301 ], [ -72.132868366583196, -36.605505027910226 ], [ -72.13286701235532, -36.605470967318809 ], [ -72.132819849506333, -36.604284564176339 ], [ -72.132770924009932, -36.600518824375705 ], [ -72.132764332215572, -36.600173289180823 ], [ -72.132927205224362, -36.59933998928873 ], [ -72.133115546058136, -36.598382363087502 ], [ -72.133376462071979, -36.597421287594692 ], [ -72.13347951511696, -36.597249774881092 ], [ -72.133382791097034, -36.597191635887391 ], [ -72.133015293758518, -36.596970737260385 ], [ -72.132142953341628, -36.596457243573255 ], [ -72.13206118061332, -36.596409327050758 ], [ -72.131932520657941, -36.596452174666929 ], [ -72.131855138068971, -36.596466034493076 ], [ -72.130176216831373, -36.596766727637437 ], [ -72.128290686509942, -36.597104394490607 ], [ -72.126548966178973, -36.597416278295618 ], [ -72.12649947589189, -36.597425139082269 ], [ -72.12375717336279, -36.597916136578299 ], [ -72.123036325878871, -36.598045189318604 ], [ -72.122949420925735, -36.598060747569697 ], [ -72.122398788243501, -36.59815932389747 ], [ -72.121576339628874, -36.598306555721067 ], [ -72.119214665494454, -36.599878956871351 ], [ -72.117729104549952, -36.601089235290793 ], [ -72.117653056089424, -36.60115013793277 ], [ -72.117669372952435, -36.601171250025772 ], [ -72.117853554132722, -36.601394882231276 ], [ -72.118203562264853, -36.601803427902361 ], [ -72.118340460429479, -36.60196459149028 ], [ -72.118437213313427, -36.602090804156525 ], [ -72.118542262302043, -36.602239449854984 ], [ -72.118619239530787, -36.602351875138211 ], [ -72.118748748305038, -36.602557100718379 ], [ -72.118873297654019, -36.602749343035242 ], [ -72.118997416840571, -36.602930866903158 ], [ -72.119228668026949, -36.603202569035652 ], [ -72.119390997331877, -36.603378322685103 ], [ -72.119479830778971, -36.603454674186722 ], [ -72.11945542141774, -36.603490274263436 ], [ -72.119518372202691, -36.603535664852735 ], [ -72.119594550940405, -36.603594186774387 ], [ -72.11965116591567, -36.603660787019649 ], [ -72.119685278871628, -36.603700696522218 ], [ -72.119876358624879, -36.603930107179217 ], [ -72.119887801631933, -36.603943845777692 ], [ -72.120051705663883, -36.60413851121082 ], [ -72.12021561054047, -36.60433317637343 ], [ -72.120322652226164, -36.604458838350112 ], [ -72.120489906619369, -36.6046603962413 ], [ -72.120583227694667, -36.604780567542157 ], [ -72.120610880785151, -36.604812085488241 ], [ -72.120730763520015, -36.60494872487056 ], [ -72.12091732215346, -36.605168382294949 ], [ -72.120921910454797, -36.605173738988398 ], [ -72.121035866659639, -36.605306757722389 ], [ -72.121095567838481, -36.605377680951975 ], [ -72.121199661545475, -36.605501339572371 ], [ -72.121353033015055, -36.605687751916214 ], [ -72.121390133844329, -36.605731032911031 ], [ -72.12150836474062, -36.605868960079668 ], [ -72.121512133024865, -36.605873270428397 ], [ -72.121602820399389, -36.605977003301319 ], [ -72.12161313162612, -36.605988797052298 ], [ -72.121735853445458, -36.606129172593697 ], [ -72.121956710295109, -36.606405398306023 ], [ -72.122190576988118, -36.60668382803145 ], [ -72.122397982459134, -36.606936535106776 ], [ -72.122449071623279, -36.606997886549124 ], [ -72.122544121405653, -36.607112025618008 ], [ -72.122660099535707, -36.607251298303638 ], [ -72.122683981436438, -36.607278614522869 ], [ -72.122693395273075, -36.607289294503929 ], [ -72.122775013432616, -36.607390555525953 ], [ -72.122793653074069, -36.607413680277205 ], [ -72.122816559519123, -36.607440142567015 ], [ -72.122887188635701, -36.607521733897066 ], [ -72.123096145985031, -36.607783559637589 ], [ -72.123152603245771, -36.607852050018849 ], [ -72.123212351288117, -36.607924532478279 ], [ -72.12327592838146, -36.608001659712905 ], [ -72.123302566497102, -36.608033975852656 ], [ -72.123363089734312, -36.608111700390609 ], [ -72.123363246551534, -36.60811190263135 ], [ -72.123465622315322, -36.608243375335334 ], [ -72.12347227835177, -36.608252266803923 ], [ -72.12354723675351, -36.608352411571225 ] ] ] } },
{ "type": "Feature", "properties": { "zona": "19" }, "geometry": { "type": "Polygon", "coordinates": [ [ [ -72.124497120942721, -36.590317558739294 ], [ -72.124253277787602, -36.590534440054356 ], [ -72.124016103025795, -36.590701596360496 ], [ -72.123889645037124, -36.590754982628624 ], [ -72.123526261389785, -36.590871803810096 ], [ -72.123469100844588, -36.590884032779933 ], [ -72.122173817355815, -36.591536703432617 ], [ -72.121680794351803, -36.591820733708822 ], [ -72.120644708271826, -36.592412947546684 ], [ -72.119880952370963, -36.592829931559976 ], [ -72.118541618026541, -36.593601737083532 ], [ -72.115904155603587, -36.595069121587478 ], [ -72.114967437829762, -36.595597890635609 ], [ -72.114208335561656, -36.596021869745002 ], [ -72.113778368650273, -36.596241440084341 ], [ -72.11383973533151, -36.59632411668624 ], [ -72.113930553290132, -36.59643051087415 ], [ -72.114113047597982, -36.59666050771753 ], [ -72.114341312579015, -36.596967969125259 ], [ -72.114650748394524, -36.597370795801567 ], [ -72.115001140696137, -36.597809624712362 ], [ -72.115286954782647, -36.598171040388237 ], [ -72.115439283722992, -36.598366668993236 ], [ -72.115524005673379, -36.598472702301336 ], [ -72.115930403850356, -36.598981321133564 ], [ -72.116465700860005, -36.599653982868261 ], [ -72.116767204915689, -36.600033285581077 ], [ -72.117146034470593, -36.600511652854451 ], [ -72.117477207085187, -36.600922602560878 ], [ -72.117653056089424, -36.60115013793277 ], [ -72.117729104549952, -36.601089235290793 ], [ -72.119214665494454, -36.599878956871351 ], [ -72.121576339628874, -36.598306555721067 ], [ -72.122398788243501, -36.59815932389747 ], [ -72.122949420925735, -36.598060747569697 ], [ -72.123036325878871, -36.598045189318604 ], [ -72.12375717336279, -36.597916136578299 ], [ -72.12649947589189, -36.597425139082269 ], [ -72.126548966178973, -36.597416278295618 ], [ -72.128290686509942, -36.597104394490607 ], [ -72.130176216831373, -36.596766727637437 ], [ -72.131855138068971, -36.596466034493076 ], [ -72.131932520657941, -36.596452174666929 ], [ -72.13206118061332, -36.596409327050758 ], [ -72.132142953341628, -36.596457243573255 ], [ -72.133015293758518, -36.596970737260385 ], [ -72.133382791097034, -36.597191635887391 ], [ -72.133390661886793, -36.596964099059512 ], [ -72.133513751671032, -36.595942844329301 ], [ -72.133707558501996, -36.595252288023097 ], [ -72.133715905463049, -36.595196718465672 ], [ -72.134695690928979, -36.595331057210281 ], [ -72.135334828080218, -36.595342839333327 ], [ -72.135326121928117, -36.594689799007561 ], [ -72.135432497466681, -36.594396126391302 ], [ -72.134344984010127, -36.593971760857912 ], [ -72.134361336014891, -36.59349925968489 ], [ -72.134086139515588, -36.593420672610954 ], [ -72.133189561129129, -36.594207281072677 ], [ -72.13205116618569, -36.594127422525368 ], [ -72.131513596314647, -36.592616956197688 ], [ -72.131287229040282, -36.591980889149227 ], [ -72.130580087008482, -36.590054520104587 ], [ -72.129467499116188, -36.59017578641825 ], [ -72.128797993718024, -36.589411362329969 ], [ -72.128245331191252, -36.589196998807353 ], [ -72.127677014939522, -36.588778003474978 ], [ -72.127555858854166, -36.588852711600474 ], [ -72.1265555466927, -36.589340323884578 ], [ -72.126337935332259, -36.589442597210152 ], [ -72.126109877262195, -36.589505805368837 ], [ -72.12573195530338, -36.589701694676364 ], [ -72.125584647067058, -36.589787816006435 ], [ -72.124876624305884, -36.590046011130198 ], [ -72.124638587431463, -36.590191733015779 ], [ -72.124497120942721, -36.590317558739294 ] ] ] } },
{ "type": "Feature", "properties": { "zona": "6" }, "geometry": { "type": "Polygon", "coordinates": [ [ [ -72.096873841093924, -36.592291578458457 ], [ -72.098872380623192, -36.594535563458571 ], [ -72.099441860201296, -36.594370515567036 ], [ -72.102345700747605, -36.593603470797035 ], [ -72.104203555815403, -36.59315042021025 ], [ -72.104192126891434, -36.593120141382002 ], [ -72.102835994476408, -36.589691651794311 ], [ -72.102688528801025, -36.589018621603685 ], [ -72.102626879483168, -36.588599221933606 ], [ -72.102570500875913, -36.587872436254671 ], [ -72.102432942944532, -36.585707621107929 ], [ -72.102392496368864, -36.585199730134718 ], [ -72.100142579718067, -36.585873548287807 ], [ -72.093530400891538, -36.587853493816226 ], [ -72.092992858500025, -36.588014434658774 ], [ -72.093084592756256, -36.588114946595582 ], [ -72.093436583769787, -36.588500613752196 ], [ -72.093825065083607, -36.588926256183534 ], [ -72.093936082076283, -36.58904789154532 ], [ -72.09527798581891, -36.590520183332742 ], [ -72.09607588067874, -36.591395571335617 ], [ -72.096873841093924, -36.592291578458457 ] ] ] } },
{ "type": "Feature", "properties": { "zona": "10" }, "geometry": { "type": "Polygon", "coordinates": [ [ [ -72.08763912691974, -36.597133943740957 ], [ -72.088802518570191, -36.599168507999437 ], [ -72.089270235574659, -36.599996574623276 ], [ -72.089912670342542, -36.60097889354688 ], [ -72.08992922560023, -36.601005633637001 ], [ -72.090067304237522, -36.601228653487418 ], [ -72.090146571266715, -36.601356683093812 ], [ -72.090211558602292, -36.601473426347113 ], [ -72.090453068654583, -36.60190727023317 ], [ -72.090586172183251, -36.602146371981718 ], [ -72.090644809876594, -36.602301583752229 ], [ -72.093928988150651, -36.601493223901471 ], [ -72.098485249966814, -36.600371581316992 ], [ -72.098524306436062, -36.600361580761962 ], [ -72.097884843084856, -36.598678965629546 ], [ -72.097364293016867, -36.597345424257313 ], [ -72.097527068827574, -36.597250589382099 ], [ -72.096399688318101, -36.595677716067463 ], [ -72.098872380623192, -36.594535563458571 ], [ -72.096873841093924, -36.592291578458457 ], [ -72.095300070558636, -36.593007860768402 ], [ -72.092534561966488, -36.594266466784248 ], [ -72.091203853930224, -36.59487204685653 ], [ -72.092514112710589, -36.596392299091193 ], [ -72.091842387718643, -36.596690128287769 ], [ -72.090366050235858, -36.597335000756637 ], [ -72.090327861958329, -36.59732645532528 ], [ -72.090284186243494, -36.597298978247849 ], [ -72.089879720200329, -36.596529357124538 ], [ -72.089222810756837, -36.596428144199528 ], [ -72.08917311016846, -36.596427525966902 ], [ -72.08907226131312, -36.596449216410356 ], [ -72.087719085360931, -36.597098490896101 ], [ -72.08763912691974, -36.597133943740957 ] ] ] } },
{ "type": "Feature", "properties": { "zona": "11" }, "geometry": { "type": "Polygon", "coordinates": [ [ [ -72.081613969083435, -36.5890201681528 ], [ -72.081639930752502, -36.589022476324025 ], [ -72.081729839478001, -36.589052933409 ], [ -72.081943358487933, -36.589124894318992 ], [ -72.082119840334698, -36.589194834345015 ], [ -72.082315730611199, -36.589288113692433 ], [ -72.082584966842035, -36.58945996179488 ], [ -72.083001982700765, -36.589723352034554 ], [ -72.083238349775684, -36.589904990530286 ], [ -72.083472212971216, -36.590116496258567 ], [ -72.083568304841478, -36.590209376700741 ], [ -72.083788942476488, -36.590459968084886 ], [ -72.083933489213209, -36.590655903919391 ], [ -72.084094938798657, -36.59090504661377 ], [ -72.084310552093399, -36.591307761493859 ], [ -72.08446000640059, -36.59152164964744 ], [ -72.084798435985093, -36.592075560918055 ], [ -72.085497668812451, -36.59332156264594 ], [ -72.086376684389805, -36.594900982336483 ], [ -72.086446025842406, -36.595023633719457 ], [ -72.087226307418788, -36.596403779817386 ], [ -72.08763912691974, -36.597133943740957 ], [ -72.087719085360931, -36.597098490896101 ], [ -72.08907226131312, -36.596449216410356 ], [ -72.08917311016846, -36.596427525966902 ], [ -72.089222810756837, -36.596428144199528 ], [ -72.089879720200329, -36.596529357124538 ], [ -72.090284186243494, -36.597298978247849 ], [ -72.090327861958329, -36.59732645532528 ], [ -72.090366050235858, -36.597335000756637 ], [ -72.091842387718643, -36.596690128287769 ], [ -72.092514112710589, -36.596392299091193 ], [ -72.091203853930224, -36.59487204685653 ], [ -72.092534561966488, -36.594266466784248 ], [ -72.095300070558636, -36.593007860768402 ], [ -72.096873841093924, -36.592291578458457 ], [ -72.09607588067874, -36.591395571335617 ], [ -72.09527798581891, -36.590520183332742 ], [ -72.093936082076283, -36.58904789154532 ], [ -72.093825065083607, -36.588926256183534 ], [ -72.093436583769787, -36.588500613752196 ], [ -72.093084592756256, -36.588114946595582 ], [ -72.092992858500025, -36.588014434658774 ], [ -72.092931196748609, -36.588021059094984 ], [ -72.092880606394729, -36.588042400533972 ], [ -72.092717141272729, -36.588108577542251 ], [ -72.092653703950916, -36.588134259834412 ], [ -72.091158821500443, -36.588739432570591 ], [ -72.089868173865426, -36.589277430944684 ], [ -72.089555331909025, -36.58890597971974 ], [ -72.088213068139822, -36.588046234925194 ], [ -72.086037841808206, -36.588946007666856 ], [ -72.084729070861556, -36.587429819027889 ], [ -72.084652884036615, -36.587469225277999 ], [ -72.081613969083435, -36.5890201681528 ] ] ] } },
{ "type": "Feature", "properties": { "zona": "26" }, "geometry": { "type": "Polygon", "coordinates": [ [ [ -72.079649418119828, -36.605152878065851 ], [ -72.079763994230206, -36.605178525041296 ], [ -72.080063124160986, -36.605264248867215 ], [ -72.080279310521433, -36.605346395700096 ], [ -72.080312851542388, -36.605356972207268 ], [ -72.080450595089232, -36.605429703883928 ], [ -72.080683085897093, -36.605564835008408 ], [ -72.080799634974355, -36.605640021447151 ], [ -72.081031987461401, -36.605712211959982 ], [ -72.081208542931122, -36.605749605539216 ], [ -72.081296820705518, -36.605768301777367 ], [ -72.081370307856787, -36.605786904050085 ], [ -72.08138498206533, -36.605791484050947 ], [ -72.081624235747086, -36.605866163899471 ], [ -72.081748874806479, -36.605910866742789 ], [ -72.081847439383623, -36.605946218493791 ], [ -72.08223041860073, -36.606117505936055 ], [ -72.082370831357551, -36.606197796020226 ], [ -72.082569558215084, -36.60631663014852 ], [ -72.082754111795708, -36.606462725832792 ], [ -72.083009841345699, -36.606720753019729 ], [ -72.08308472700503, -36.606818951119443 ], [ -72.083196676329933, -36.606956721857159 ], [ -72.083225256211904, -36.607006049920393 ], [ -72.083357981680109, -36.607145666823996 ], [ -72.083544736315702, -36.607305341780148 ], [ -72.083777038138749, -36.607494830800867 ], [ -72.083838685401275, -36.607557608420919 ], [ -72.083870221486691, -36.607606860641056 ], [ -72.083901851381867, -36.607658493891051 ], [ -72.083948158467422, -36.607707363478255 ], [ -72.084026865790563, -36.607753008490221 ], [ -72.08410767449412, -36.607777142383746 ], [ -72.084214406181388, -36.607783914088152 ], [ -72.084326572064015, -36.607778623966929 ], [ -72.084800778461101, -36.60773057524051 ], [ -72.085046264341827, -36.607731366585604 ], [ -72.085079045424678, -36.607737670255034 ], [ -72.085293268417558, -36.60777026618954 ], [ -72.085371692791327, -36.607808765416848 ], [ -72.08551795871648, -36.607917033879183 ], [ -72.08562761502435, -36.608145461329244 ], [ -72.085688198956078, -36.608329860213672 ], [ -72.085810168299929, -36.608422068312422 ], [ -72.085949197422011, -36.608497144406861 ], [ -72.086090042504253, -36.60854356173612 ], [ -72.086349056185895, -36.608586916505047 ], [ -72.08664753102515, -36.608581562972276 ], [ -72.087488900000622, -36.608591695882744 ], [ -72.087840490106259, -36.608595928543913 ], [ -72.089669069761754, -36.608590449863172 ], [ -72.091842929471994, -36.608581699694852 ], [ -72.092923759966055, -36.608572699864652 ], [ -72.093053556585431, -36.608552047040419 ], [ -72.093042908776781, -36.608525107134248 ], [ -72.09210953704698, -36.606081224399148 ], [ -72.091689964627847, -36.604969877140654 ], [ -72.091441428135113, -36.604311544000197 ], [ -72.091182532268263, -36.603625757063838 ], [ -72.090644809876594, -36.602301583752229 ], [ -72.090586172183251, -36.602146371981718 ], [ -72.090453068654583, -36.60190727023317 ], [ -72.090211558602292, -36.601473426347113 ], [ -72.090146571266715, -36.601356683093812 ], [ -72.090067304237522, -36.601228653487418 ], [ -72.08992922560023, -36.601005633637001 ], [ -72.088129058378499, -36.601770090159121 ], [ -72.088061402054848, -36.601778998028834 ], [ -72.086078116687403, -36.602617214740846 ], [ -72.084990587198547, -36.60307932666133 ], [ -72.084570845937634, -36.603269018711835 ], [ -72.082494763806608, -36.604245720119771 ], [ -72.081661519677411, -36.604648766059135 ], [ -72.081443337805283, -36.604635339887395 ], [ -72.081045796910161, -36.604750031339741 ], [ -72.079649418119828, -36.605152878065851 ] ] ] } },
{ "type": "Feature", "properties": { "zona": "12" }, "geometry": { "type": "Polygon", "coordinates": [ [ [ -72.07317028716939, -36.595550297478653 ], [ -72.073184046911905, -36.595624985185118 ], [ -72.074317564629837, -36.597066320344659 ], [ -72.075020432334085, -36.597967531297513 ], [ -72.075545466335001, -36.598619648837577 ], [ -72.075901638956196, -36.59907012845504 ], [ -72.076709742198616, -36.60011833955204 ], [ -72.077337529214532, -36.600914661820518 ], [ -72.078426697646066, -36.602307507833551 ], [ -72.078912425617688, -36.602921523819653 ], [ -72.079245884563164, -36.603364950172107 ], [ -72.079594797535947, -36.603750754266059 ], [ -72.079954140416362, -36.604041871985217 ], [ -72.080095349462439, -36.604112606963973 ], [ -72.080198810673011, -36.604168105580769 ], [ -72.080575988815141, -36.604312845142914 ], [ -72.081443337805283, -36.604635339887395 ], [ -72.081661519677411, -36.604648766059121 ], [ -72.082494763806594, -36.604245720119771 ], [ -72.084570845937634, -36.603269018711821 ], [ -72.084990587198547, -36.603079326661323 ], [ -72.086078116687403, -36.602617214740846 ], [ -72.088061402054862, -36.601778998028834 ], [ -72.088129058378499, -36.601770090159121 ], [ -72.08992922560023, -36.601005633637008 ], [ -72.089912670342528, -36.600978893546866 ], [ -72.089270235574645, -36.599996574623276 ], [ -72.088802518570176, -36.59916850799943 ], [ -72.08763912691974, -36.597133943740957 ], [ -72.087226307418788, -36.596403779817386 ], [ -72.086446025842406, -36.595023633719443 ], [ -72.086376684389805, -36.594900982336483 ], [ -72.085497668812422, -36.59332156264594 ], [ -72.084798435985078, -36.592075560918055 ], [ -72.08446000640059, -36.591521649647426 ], [ -72.083328709251148, -36.591915489194669 ], [ -72.077535036611621, -36.593996596026095 ], [ -72.07317028716939, -36.595550297478653 ] ] ] } },
{ "type": "Feature", "properties": { "zona": "16" }, "geometry": { "type": "Polygon", "coordinates": [ [ [ -72.067176717247847, -36.595622579432508 ], [ -72.06706905602006, -36.595678787312202 ], [ -72.066815537129742, -36.595728042709908 ], [ -72.066499270947318, -36.595769758043673 ], [ -72.066360344028624, -36.595797750370856 ], [ -72.065896422127835, -36.595885992016804 ], [ -72.064850683050352, -36.596096022812034 ], [ -72.063624961305109, -36.596348823287649 ], [ -72.062375920809856, -36.596634255213353 ], [ -72.062311885915037, -36.596642005743512 ], [ -72.062237313331252, -36.596622560771863 ], [ -72.062160187084444, -36.59658639635888 ], [ -72.06210985038318, -36.596509869175968 ], [ -72.061807074873116, -36.595840148678825 ], [ -72.061223223197402, -36.594426903064793 ], [ -72.060788578508607, -36.593340942556615 ], [ -72.060654758626768, -36.593019362061668 ], [ -72.060261962016071, -36.592094146096407 ], [ -72.060235384015996, -36.592093787096466 ], [ -72.060233634016015, -36.592093763096486 ], [ -72.060209737016109, -36.592093440096427 ], [ -72.060171110016014, -36.592092916096405 ], [ -72.060164916016035, -36.592092832096462 ], [ -72.060133179015978, -36.592020707096459 ], [ -72.060103317016086, -36.591952848096462 ], [ -72.060081264016034, -36.591902731096475 ], [ -72.060064460016065, -36.591864543096499 ], [ -72.06001969701606, -36.591762819096438 ], [ -72.059850697717749, -36.591378769543915 ], [ -72.059837476484972, -36.591348724211656 ], [ -72.059643598016052, -36.590908131096512 ], [ -72.059525153015983, -36.590638963096453 ], [ -72.059480573016046, -36.590537654096423 ], [ -72.059418722015977, -36.590397098096503 ], [ -72.05932853901605, -36.59019215609645 ], [ -72.059257384016021, -36.590030456096457 ], [ -72.059220971015975, -36.589947706096467 ], [ -72.059206649612833, -36.589915160044676 ], [ -72.059198285016038, -36.589896151096447 ], [ -72.05914697001603, -36.589779538096494 ], [ -72.059085492015996, -36.589639829096463 ], [ -72.059044995016038, -36.589547798096397 ], [ -72.058987727016003, -36.589417657096504 ], [ -72.058931873015993, -36.589290729096454 ], [ -72.058856942016035, -36.589120447096484 ], [ -72.058832651016061, -36.589065246096453 ], [ -72.058818262016018, -36.589032547096501 ], [ -72.058809086015955, -36.58901169509646 ], [ -72.058804761015963, -36.589001867096492 ], [ -72.058791076015993, -36.588970766096494 ], [ -72.058777694293937, -36.588924844528009 ], [ -72.058187795785159, -36.588839628526415 ], [ -72.05769434684106, -36.588769199390391 ], [ -72.057071274803889, -36.588713669146095 ], [ -72.05482820476621, -36.588665539779988 ], [ -72.052011255720956, -36.588605036272931 ], [ -72.053851345648127, -36.591407040008086 ], [ -72.053968346574365, -36.59174975497249 ], [ -72.053878117560842, -36.592085864390263 ], [ -72.053866167335542, -36.592157698188167 ], [ -72.054513490871415, -36.593202085645672 ], [ -72.053279957446833, -36.593412540018811 ], [ -72.055720225177467, -36.599429772629932 ], [ -72.056145342711403, -36.600086449872748 ], [ -72.056777146928923, -36.601858415022775 ], [ -72.056978098936483, -36.602079759321803 ], [ -72.057876100318708, -36.604226361225216 ], [ -72.073014220036214, -36.600594597874171 ], [ -72.072822634871031, -36.600461256464754 ], [ -72.072654682530981, -36.600327305763138 ], [ -72.072534066044597, -36.600268428067174 ], [ -72.072395819361972, -36.600212389552972 ], [ -72.072285978886882, -36.600127007154065 ], [ -72.072213216913795, -36.600007288422667 ], [ -72.071913070730659, -36.599671702440318 ], [ -72.071832582747419, -36.599580794441756 ], [ -72.071810794945378, -36.599478834484309 ], [ -72.07185245702739, -36.599411000595104 ], [ -72.071838491967085, -36.599282612435687 ], [ -72.071780594412871, -36.599164894289942 ], [ -72.071798838961328, -36.599028522016432 ], [ -72.071759233378572, -36.598924637328409 ], [ -72.071671231541259, -36.598793390362346 ], [ -72.071571319156149, -36.598660067094059 ], [ -72.071451580053306, -36.598548711900172 ], [ -72.071392809714197, -36.598483469727533 ], [ -72.071364925722193, -36.598376898144345 ], [ -72.071393923123594, -36.59828793346329 ], [ -72.071396522763891, -36.59820441846913 ], [ -72.07142102937658, -36.598151332636519 ], [ -72.071500335931518, -36.598063454571751 ], [ -72.071559249541494, -36.597983254762191 ], [ -72.071635626158695, -36.597821540882052 ], [ -72.071646783072495, -36.597506533668032 ], [ -72.071529104063728, -36.597223461610056 ], [ -72.071246388238436, -36.596954182994914 ], [ -72.070798259155083, -36.59668916879199 ], [ -72.070366104297662, -36.596528648337632 ], [ -72.069793678499707, -36.596409890090563 ], [ -72.069129752956982, -36.596369783275392 ], [ -72.068630487383757, -36.596306355204788 ], [ -72.068258548213961, -36.596172885898 ], [ -72.067906088315624, -36.595934006020045 ], [ -72.06773603561993, -36.595858515828986 ], [ -72.067577987952106, -36.595787483979876 ], [ -72.067441951734239, -36.595712308302538 ], [ -72.067306906611307, -36.595662142070246 ], [ -72.067176717247847, -36.595622579432508 ] ] ] } },
{ "type": "Feature", "properties": { "zona": "4" }, "geometry": { "type": "Polygon", "coordinates": [ [ [ -72.054828204766224, -36.588665539779981 ], [ -72.057071274803903, -36.588713669146109 ], [ -72.05769434684106, -36.588769199390399 ], [ -72.058187795785159, -36.588839628526415 ], [ -72.060626106112238, -36.589191843424018 ], [ -72.06439134860743, -36.589753061567315 ], [ -72.066104689179141, -36.590014141249419 ], [ -72.068513525625107, -36.590366951511413 ], [ -72.068721598818158, -36.590394969175236 ], [ -72.068923010506367, -36.590404083972224 ], [ -72.069130707385682, -36.590422573072438 ], [ -72.069166598263052, -36.590420266594776 ], [ -72.069378432333693, -36.590406651372874 ], [ -72.069608436623838, -36.590391185057939 ], [ -72.069796901215909, -36.590372021305321 ], [ -72.070096468480997, -36.590321382063138 ], [ -72.070590029104991, -36.590241897880929 ], [ -72.071418407985007, -36.590106090324312 ], [ -72.073004838457592, -36.589850580150078 ], [ -72.074174309564299, -36.58966780336339 ], [ -72.075978525242718, -36.589387557161906 ], [ -72.077564732381092, -36.589127223686219 ], [ -72.078574876866512, -36.588953290344001 ], [ -72.078228958266379, -36.588655729211425 ], [ -72.077621358616824, -36.588152863801206 ], [ -72.076892104167698, -36.58747133893457 ], [ -72.076754822221389, -36.587364615127335 ], [ -72.076356534472822, -36.587106679295864 ], [ -72.075343506665916, -36.586444396817377 ], [ -72.075149787192771, -36.586312305591903 ], [ -72.075065966563869, -36.586248903179325 ], [ -72.074962860266908, -36.58616513760137 ], [ -72.074824400138809, -36.586028638884329 ], [ -72.074578458589784, -36.585775703110812 ], [ -72.072571333863124, -36.583622085568948 ], [ -72.071760660916055, -36.582748909359438 ], [ -72.069486614282965, -36.579980564473651 ], [ -72.068903009194997, -36.579270063278095 ], [ -72.066532646060267, -36.576332933384862 ], [ -72.062664931744877, -36.571592432922628 ], [ -72.061288168094705, -36.569851560827004 ], [ -72.060355107482664, -36.569988790547924 ], [ -72.057756628309932, -36.57043104879979 ], [ -72.051156347060157, -36.571524211791072 ], [ -72.051064127564246, -36.571621944860588 ], [ -72.04685074882228, -36.572324675200932 ], [ -72.048425620098286, -36.575388680874191 ], [ -72.049561295722981, -36.577205021484318 ], [ -72.050124657600378, -36.578449482008104 ], [ -72.050767751520951, -36.578340024016164 ], [ -72.050948329314991, -36.578871855777358 ], [ -72.050072490640616, -36.579151789454144 ], [ -72.050866242953049, -36.580840968596455 ], [ -72.049832591866917, -36.581167860080562 ], [ -72.050026389598372, -36.581584909623849 ], [ -72.050298234978499, -36.581506419689752 ], [ -72.051317893027615, -36.583525988667184 ], [ -72.053147699267257, -36.582921175581049 ], [ -72.053607633129971, -36.583789172577497 ], [ -72.052902348867747, -36.584121975564969 ], [ -72.053942651111385, -36.586212517360586 ], [ -72.053837734445096, -36.586250972024288 ], [ -72.054828204766224, -36.588665539779981 ] ] ] } },
{ "type": "Feature", "properties": { "zona": "3" }, "geometry": { "type": "Polygon", "coordinates": [ [ [ -72.069486614282965, -36.579980564473651 ], [ -72.071760660916055, -36.582748909359438 ], [ -72.072571333863124, -36.583622085568948 ], [ -72.074578458589784, -36.585775703110812 ], [ -72.074824400138809, -36.586028638884329 ], [ -72.074962860266908, -36.58616513760137 ], [ -72.075065966563869, -36.586248903179325 ], [ -72.075149787192771, -36.586312305591903 ], [ -72.075343506665916, -36.586444396817377 ], [ -72.076356534472822, -36.587106679295864 ], [ -72.076754822221389, -36.587364615127335 ], [ -72.076892104167698, -36.58747133893457 ], [ -72.077621358616824, -36.588152863801206 ], [ -72.078228958266379, -36.588655729211425 ], [ -72.078574876866512, -36.588953290344001 ], [ -72.079391410438916, -36.588817734869991 ], [ -72.079580246538015, -36.588808082725251 ], [ -72.079839966830818, -36.588796596993951 ], [ -72.080058526971641, -36.588790944078248 ], [ -72.080230020760425, -36.588791276978299 ], [ -72.08050288089774, -36.588812829405128 ], [ -72.080805654906769, -36.588843144798005 ], [ -72.081061552306807, -36.588884208004018 ], [ -72.08136903480883, -36.588958508402037 ], [ -72.081613969083435, -36.5890201681528 ], [ -72.084652884036615, -36.587469225277999 ], [ -72.084729070861556, -36.587429819027889 ], [ -72.086037841808206, -36.588946007666856 ], [ -72.088213068139822, -36.588046234925194 ], [ -72.089555331909025, -36.58890597971974 ], [ -72.089868173865426, -36.589277430944684 ], [ -72.091158821500443, -36.588739432570591 ], [ -72.092653703950916, -36.588134259834412 ], [ -72.092717141272729, -36.588108577542251 ], [ -72.092880606394729, -36.588042400533972 ], [ -72.092931196748609, -36.588021059094984 ], [ -72.092992858500025, -36.588014434658774 ], [ -72.093530400891538, -36.587853493816226 ], [ -72.090569545810524, -36.585908229455406 ], [ -72.090388304402538, -36.585811603543029 ], [ -72.090080357483501, -36.58568846240572 ], [ -72.089491841318548, -36.585572599801566 ], [ -72.088208857320666, -36.585093268555738 ], [ -72.087991889607494, -36.585027368227301 ], [ -72.087767539533885, -36.584961658912256 ], [ -72.087348400418449, -36.584644694376529 ], [ -72.08617933430277, -36.58387032002954 ], [ -72.084622807195856, -36.583016560672981 ], [ -72.081602043722398, -36.581211222242551 ], [ -72.079453175127938, -36.579955477128443 ], [ -72.078009149174875, -36.579325222101772 ], [ -72.077296469952771, -36.578872751812924 ], [ -72.076812666010852, -36.578414365139459 ], [ -72.073865556286947, -36.579015000879011 ], [ -72.072360263104756, -36.579447243127539 ], [ -72.072255249112004, -36.579408228177023 ], [ -72.071464028818696, -36.57958361193436 ], [ -72.069486614282965, -36.579980564473651 ] ] ] } },
{ "type": "Feature", "properties": { "zona": "5" }, "geometry": { "type": "Polygon", "coordinates": [ [ [ -72.08617933430277, -36.58387032002954 ], [ -72.087348400418449, -36.584644694376529 ], [ -72.087767539533885, -36.584961658912256 ], [ -72.087991889607494, -36.585027368227301 ], [ -72.088208857320666, -36.585093268555738 ], [ -72.089491841318548, -36.585572599801566 ], [ -72.090080357483501, -36.58568846240572 ], [ -72.090388304402538, -36.585811603543029 ], [ -72.090569545810524, -36.585908229455406 ], [ -72.093530400891538, -36.587853493816226 ], [ -72.100142579718067, -36.585873548287807 ], [ -72.102392496368864, -36.585199730134718 ], [ -72.102266624359686, -36.58295362303933 ], [ -72.102254223313636, -36.582643997501215 ], [ -72.102177988618806, -36.582216823732267 ], [ -72.102059837719622, -36.581776436441395 ], [ -72.101858993535799, -36.581190381202042 ], [ -72.101565151736835, -36.580270175221386 ], [ -72.101331734003594, -36.57960867191678 ], [ -72.100885865927751, -36.578255315687514 ], [ -72.100439776740018, -36.57689600206951 ], [ -72.099681966281693, -36.574579188704092 ], [ -72.097481049581418, -36.575057418157698 ], [ -72.095331552111276, -36.575524429824725 ], [ -72.094824014638803, -36.575694979296713 ], [ -72.093327065005255, -36.57684968770841 ], [ -72.09121685021401, -36.577305029573651 ], [ -72.090200019330567, -36.577603220650083 ], [ -72.089580914329332, -36.578534827492696 ], [ -72.092252749947988, -36.581483914407471 ], [ -72.08617933430277, -36.58387032002954 ] ] ] } },
{ "type": "Feature", "properties": { "zona": "2" }, "geometry": { "type": "Polygon", "coordinates": [ [ [ -72.09136891563702, -36.551879632030399 ], [ -72.090908947851844, -36.552016739422051 ], [ -72.090502086510469, -36.552003453367803 ], [ -72.090417321005688, -36.552101022295012 ], [ -72.090252108604062, -36.552033780338469 ], [ -72.090146411933546, -36.551976916224511 ], [ -72.089998807525348, -36.551980745013637 ], [ -72.089789526689785, -36.55210538525818 ], [ -72.08966453744479, -36.55212054897401 ], [ -72.08964621848088, -36.552031615158839 ], [ -72.089512899632908, -36.552023150923347 ], [ -72.089116265296695, -36.552081121862187 ], [ -72.088930810598953, -36.552062088811546 ], [ -72.08874010987526, -36.552096836505378 ], [ -72.088448572335864, -36.552143240138847 ], [ -72.088281147365279, -36.552119765564129 ], [ -72.088212720105858, -36.552092248336855 ], [ -72.088112103286704, -36.552068252687818 ], [ -72.088010679180314, -36.552065773376135 ], [ -72.087855138814376, -36.552043629269754 ], [ -72.087738509685622, -36.552032690272533 ], [ -72.087676144651084, -36.552001512013305 ], [ -72.087606389455843, -36.551989023613586 ], [ -72.08749947948597, -36.5519864103046 ], [ -72.087398644210893, -36.552000120186499 ], [ -72.087368475387947, -36.552002078942301 ], [ -72.087311174463423, -36.552014156741514 ], [ -72.087224005070624, -36.552020112245145 ], [ -72.087087028954215, -36.552016763848805 ], [ -72.086959465742098, -36.552029819711628 ], [ -72.086895379750175, -36.55204442778286 ], [ -72.08677439928114, -36.552060340660582 ], [ -72.086649571052561, -36.552089638443434 ], [ -72.08650702555633, -36.552145460271085 ], [ -72.086428666627214, -36.552183980768383 ], [ -72.086350204877832, -36.552225195548601 ], [ -72.086291789776766, -36.552266900178886 ], [ -72.086263848628519, -36.552298567002417 ], [ -72.086249776904566, -36.552317092899436 ], [ -72.086246490993105, -36.552358570441996 ], [ -72.086245414441706, -36.552387226267598 ], [ -72.086242625404878, -36.552405716679218 ], [ -72.086233438417494, -36.552427426767665 ], [ -72.086224505713773, -36.552442392533763 ], [ -72.086209297717417, -36.552457205479641 ], [ -72.086179327969049, -36.552475032149836 ], [ -72.086151638499061, -36.552487852545603 ], [ -72.086109249732402, -36.552502000826472 ], [ -72.086031819575751, -36.552501793562655 ], [ -72.085992344817072, -36.552494079740555 ], [ -72.085977770468972, -36.552492035962253 ], [ -72.085963451620017, -36.552483249631308 ], [ -72.085953186884396, -36.552477936656231 ], [ -72.085932974274357, -36.552458882354514 ], [ -72.085927270228169, -36.552443558649252 ], [ -72.085927459910877, -36.552438502011682 ], [ -72.085928283273361, -36.552416587776541 ], [ -72.08592878984966, -36.552403103690438 ], [ -72.085933796722657, -36.552381291044981 ], [ -72.085944821250678, -36.552366376543063 ], [ -72.085955783267536, -36.552353146966752 ], [ -72.085966616955616, -36.552343288229395 ], [ -72.085979479977922, -36.552335167462253 ], [ -72.085991232949624, -36.552328706491735 ], [ -72.086002986999233, -36.552322244591046 ], [ -72.08601584886253, -36.552314122948985 ], [ -72.086028711838821, -36.552306001276762 ], [ -72.086035365388298, -36.552296041760655 ], [ -72.086037963645467, -36.552282607117668 ], [ -72.086036315928027, -36.552270756714947 ], [ -72.086024276295007, -36.552256964152754 ], [ -72.086010019956703, -36.552246491998652 ], [ -72.085993544680505, -36.552239340309704 ], [ -72.085972889252062, -36.552232086942972 ], [ -72.085946276457008, -36.552216250559852 ], [ -72.085889122904902, -36.552177733631147 ], [ -72.085856555092903, -36.552153315952182 ], [ -72.085751942763537, -36.552096766709212 ], [ -72.085681990012219, -36.552064685458191 ], [ -72.085601582922294, -36.552029146985461 ], [ -72.085508091238694, -36.551986194056163 ], [ -72.085443302831777, -36.551955927136632 ], [ -72.085357195557066, -36.551945181988891 ], [ -72.085233985393472, -36.551933720705406 ], [ -72.085154550695719, -36.551928397703186 ], [ -72.084763664684274, -36.551957690892081 ], [ -72.084706753436521, -36.551966434891966 ], [ -72.084658154608007, -36.55197707136282 ], [ -72.084603466647195, -36.55198249115341 ], [ -72.084571997643664, -36.551983410523789 ], [ -72.084454749522052, -36.551980541308126 ], [ -72.084448532166263, -36.551978699080912 ], [ -72.084431718927036, -36.551979977868186 ], [ -72.084425248527211, -36.551984887138204 ], [ -72.08442474024244, -36.551998391093129 ], [ -72.084430703368, -36.5520069830485 ], [ -72.084440663947802, -36.552020743102361 ], [ -72.084442567297813, -36.552025857286594 ], [ -72.084420869319501, -36.552045599612313 ], [ -72.084401836049494, -36.55205020156631 ], [ -72.084372397458864, -36.552052859756699 ], [ -72.08434727284498, -36.552052245086294 ], [ -72.084315993307769, -36.552048100548589 ], [ -72.084267839194723, -36.552046922366515 ], [ -72.084189864114478, -36.552058530081098 ], [ -72.084527297061186, -36.552642527773003 ], [ -72.085376112966344, -36.554064025542495 ], [ -72.086041466532407, -36.555295395992978 ], [ -72.086361745726677, -36.55579262902954 ], [ -72.087771479471755, -36.556640237232926 ], [ -72.087774390708162, -36.556641986551902 ], [ -72.087852350371236, -36.557107754292574 ], [ -72.087857496675241, -36.557138501612329 ], [ -72.088014376862432, -36.557827606028852 ], [ -72.087955277452295, -36.557853665871065 ], [ -72.087898969501126, -36.557872662378955 ], [ -72.087853140965066, -36.557881728028605 ], [ -72.087782296745686, -36.557884071799037 ], [ -72.087689416604135, -36.557867540403123 ], [ -72.087607326135199, -36.557832935606754 ], [ -72.087540151925637, -36.557804808912344 ], [ -72.087467852058779, -36.557778592955607 ], [ -72.087402668565872, -36.557764774945156 ], [ -72.087359977307472, -36.557757619903647 ], [ -72.087324631643412, -36.557756755370193 ], [ -72.087248354969887, -36.557769152918119 ], [ -72.087212703483615, -36.557776428950206 ], [ -72.087151269773116, -36.557797338578325 ], [ -72.087117607791669, -36.557818925186226 ], [ -72.087086469319587, -36.557840574345761 ], [ -72.087012383735313, -36.557911088127831 ], [ -72.086990580323359, -36.557953339314388 ], [ -72.086956458404131, -36.557987138159248 ], [ -72.086930063274764, -36.558017052949275 ], [ -72.086891505964175, -36.558034446353133 ], [ -72.08685340509335, -36.558039626653994 ], [ -72.087108349532301, -36.559028239821224 ], [ -72.087281487127697, -36.559699611320418 ], [ -72.087480989551594, -36.559629762035982 ], [ -72.088140399668234, -36.562247624759912 ], [ -72.088207778125522, -36.562385356033012 ], [ -72.086313094043192, -36.562677655418987 ], [ -72.083764821435238, -36.563071488827667 ], [ -72.083272878509007, -36.563149790903452 ], [ -72.082766882406332, -36.563246335751643 ], [ -72.082452325870776, -36.563326003432586 ], [ -72.082371605257748, -36.563340014255168 ], [ -72.0819113145524, -36.563471135801102 ], [ -72.080805913625895, -36.563916973953617 ], [ -72.077201694609101, -36.565446647643874 ], [ -72.073233906121658, -36.567128650393151 ], [ -72.070558928999702, -36.568246707928559 ], [ -72.070405796971457, -36.568298340648859 ], [ -72.070047150263292, -36.568385073682983 ], [ -72.067507143791815, -36.568808152897716 ], [ -72.065064486727735, -36.569264438229077 ], [ -72.063751105087462, -36.569500890266475 ], [ -72.061288168094705, -36.569851560827004 ], [ -72.062664931744877, -36.571592432922628 ], [ -72.066532646060267, -36.576332933384862 ], [ -72.068903009194997, -36.579270063278095 ], [ -72.069486614282965, -36.579980564473651 ], [ -72.071464028818696, -36.57958361193436 ], [ -72.072255249112004, -36.579408228177023 ], [ -72.072360263104756, -36.579447243127539 ], [ -72.073865556286947, -36.579015000879011 ], [ -72.076812666010852, -36.578414365139459 ], [ -72.077296469952771, -36.578872751812924 ], [ -72.078009149174875, -36.579325222101772 ], [ -72.079453175127938, -36.579955477128443 ], [ -72.081602043722398, -36.581211222242551 ], [ -72.084622807195856, -36.583016560672981 ], [ -72.08617933430277, -36.58387032002954 ], [ -72.092252749947988, -36.581483914407471 ], [ -72.089580914329332, -36.578534827492696 ], [ -72.090200019330567, -36.577603220650083 ], [ -72.09121685021401, -36.577305029573651 ], [ -72.093327065005255, -36.57684968770841 ], [ -72.094824014638803, -36.575694979296713 ], [ -72.095331552111276, -36.575524429824725 ], [ -72.097481049581418, -36.575057418157698 ], [ -72.099681966281693, -36.574579188704092 ], [ -72.100439776740018, -36.57689600206951 ], [ -72.100885865927751, -36.578255315687514 ], [ -72.101331734003594, -36.57960867191678 ], [ -72.101565151736835, -36.580270175221386 ], [ -72.101858993535799, -36.581190381202042 ], [ -72.102059837719622, -36.581776436441395 ], [ -72.102177988618806, -36.582216823732267 ], [ -72.102254223313636, -36.582643997501215 ], [ -72.102266624359686, -36.58295362303933 ], [ -72.102392496368864, -36.585199730134718 ], [ -72.102432942944532, -36.585707621107929 ], [ -72.102570500875913, -36.587872436254671 ], [ -72.102626879483168, -36.588599221933606 ], [ -72.102726895918892, -36.588593702631393 ], [ -72.10285266677154, -36.588580597871442 ], [ -72.10707301912133, -36.588140765347219 ], [ -72.107249675962578, -36.588122351574789 ], [ -72.106857406466958, -36.586658255866169 ], [ -72.106458829231272, -36.585234547908044 ], [ -72.106234915232164, -36.584465082684368 ], [ -72.105949631581936, -36.583484701039389 ], [ -72.105763082065948, -36.582813640930887 ], [ -72.10532266787385, -36.581230084087046 ], [ -72.104851265641088, -36.579647332832678 ], [ -72.104239092500052, -36.577428084965781 ], [ -72.10367313343842, -36.575586720038572 ], [ -72.103364438516095, -36.574521864088091 ], [ -72.103057743451501, -36.57328529125671 ], [ -72.102856673552807, -36.572582415862861 ], [ -72.102299789250097, -36.570633515162115 ], [ -72.101890828880812, -36.569278006990473 ], [ -72.101656345541414, -36.56840433425436 ], [ -72.101081380927909, -36.566334300704447 ], [ -72.100862635954968, -36.5656318807698 ], [ -72.100583602326751, -36.564641346566894 ], [ -72.100242286420297, -36.563423546332139 ], [ -72.100048873805733, -36.562506198531388 ], [ -72.09931049262984, -36.559915413046831 ], [ -72.098606480931764, -36.557277795867087 ], [ -72.098545785922497, -36.557050389970406 ], [ -72.098119648900962, -36.555630935938417 ], [ -72.097838735949807, -36.554887209100649 ], [ -72.097244404119493, -36.553498152060584 ], [ -72.096955894554014, -36.552915750324381 ], [ -72.096139155660296, -36.551266978909901 ], [ -72.095689025191135, -36.550354786163453 ], [ -72.094027269718964, -36.55110726727785 ], [ -72.093562305627032, -36.551304121325238 ], [ -72.092903319386124, -36.551452365336196 ], [ -72.09239430717767, -36.551656318584172 ], [ -72.092184793886545, -36.551775008034483 ], [ -72.091964337978922, -36.551804573166834 ], [ -72.091787450101776, -36.551815124281838 ], [ -72.091566994991737, -36.551844688661639 ], [ -72.09136891563702, -36.551879632030399 ] ] ] } },
{ "type": "Feature", "properties": { "zona": "1" }, "geometry": { "type": "Polygon", "coordinates": [ [ [ -72.106234915232164, -36.584465082684368 ], [ -72.109200571597256, -36.585111240068386 ], [ -72.11077444923373, -36.58543253751462 ], [ -72.114470248963798, -36.586175177623154 ], [ -72.115711093921988, -36.586447896565772 ], [ -72.117098307892434, -36.586831213740844 ], [ -72.118920025172486, -36.58743201825154 ], [ -72.120530662155701, -36.588076473669219 ], [ -72.121495709788476, -36.588547094513402 ], [ -72.123505176368468, -36.589696040922554 ], [ -72.124497120942721, -36.590317558739294 ], [ -72.124638587431463, -36.590191733015779 ], [ -72.124876624305884, -36.590046011130198 ], [ -72.125584647067058, -36.589787816006435 ], [ -72.12573195530338, -36.589701694676364 ], [ -72.126109877262195, -36.589505805368837 ], [ -72.126337935332259, -36.589442597210152 ], [ -72.1265555466927, -36.589340323884578 ], [ -72.127555858854166, -36.588852711600474 ], [ -72.127677014939522, -36.588778003474978 ], [ -72.128576356243158, -36.587652847732052 ], [ -72.128484479405842, -36.587630541343266 ], [ -72.127201582419005, -36.587180640166622 ], [ -72.127206038377821, -36.587119287038597 ], [ -72.127139722975144, -36.586798231468293 ], [ -72.126713051930139, -36.586597653788779 ], [ -72.126555357632597, -36.586523521710411 ], [ -72.126021480501493, -36.58615335048664 ], [ -72.12477495079365, -36.58511351954197 ], [ -72.122684254101401, -36.585324306463036 ], [ -72.122452028953603, -36.584040520193795 ], [ -72.12226329193615, -36.58287653166132 ], [ -72.122259440195208, -36.582852770202678 ], [ -72.119921323651454, -36.583794018574395 ], [ -72.11799627010484, -36.575563452504554 ], [ -72.115365211002938, -36.576661095444166 ], [ -72.11447788841194, -36.576648540048957 ], [ -72.112484759163607, -36.577365842798599 ], [ -72.112175935841805, -36.576301016975698 ], [ -72.111955172659762, -36.575441314969254 ], [ -72.111485115303026, -36.573894319590714 ], [ -72.110521324871442, -36.570650732738713 ], [ -72.109037998407345, -36.565432258492827 ], [ -72.107557768866101, -36.560359114875176 ], [ -72.104169355562846, -36.560627395537296 ], [ -72.103158150715856, -36.556924814333044 ], [ -72.101627952449178, -36.557679935389672 ], [ -72.101208160323395, -36.557824382107917 ], [ -72.09998686866318, -36.55802783692797 ], [ -72.099879824584463, -36.55801154856443 ], [ -72.098862340642043, -36.557399049166584 ], [ -72.098606480931764, -36.557277795867087 ], [ -72.09931049262984, -36.559915413046831 ], [ -72.100048873805733, -36.562506198531388 ], [ -72.100242286420297, -36.563423546332139 ], [ -72.100583602326751, -36.564641346566894 ], [ -72.100862635954968, -36.5656318807698 ], [ -72.101081380927909, -36.566334300704447 ], [ -72.101656345541414, -36.56840433425436 ], [ -72.101890828880812, -36.569278006990473 ], [ -72.102299789250097, -36.570633515162115 ], [ -72.102856673552807, -36.572582415862861 ], [ -72.103057743451501, -36.57328529125671 ], [ -72.103364438516095, -36.574521864088091 ], [ -72.10367313343842, -36.575586720038572 ], [ -72.104239092500052, -36.577428084965781 ], [ -72.104851265641088, -36.579647332832678 ], [ -72.10532266787385, -36.581230084087046 ], [ -72.105763082065948, -36.582813640930887 ], [ -72.105949631581936, -36.583484701039389 ], [ -72.106234915232164, -36.584465082684368 ] ] ] } },
{ "type": "Feature", "properties": { "zona": "17" }, "geometry": { "type": "Polygon", "coordinates": [ [ [ -72.064927528125864, -36.603512651275587 ], [ -72.065279788350679, -36.60430652705071 ], [ -72.06569493719563, -36.605410517056832 ], [ -72.066096381804442, -36.606227986748749 ], [ -72.066447855037424, -36.607152363557496 ], [ -72.067132641733721, -36.60889132064878 ], [ -72.068296726349317, -36.608534799720267 ], [ -72.070996249772506, -36.607702243694455 ], [ -72.07186752903759, -36.607439091312237 ], [ -72.076209450938748, -36.606127584086529 ], [ -72.079649418119814, -36.605152878065859 ], [ -72.079540125984849, -36.60512292210268 ], [ -72.079370507805066, -36.605096314147701 ], [ -72.079239862210414, -36.605083003359304 ], [ -72.079135425382972, -36.605059478024835 ], [ -72.079069107110385, -36.605027813683954 ], [ -72.078996218122938, -36.604979630409808 ], [ -72.078854832990231, -36.604845001033226 ], [ -72.078798153064639, -36.604758250280504 ], [ -72.078700873197818, -36.604691623438704 ], [ -72.078628647918705, -36.604660111583961 ], [ -72.078491052418286, -36.604620753339113 ], [ -72.07832620742407, -36.604565409745703 ], [ -72.078083418606113, -36.604483470317469 ], [ -72.07797061152651, -36.604398170176189 ], [ -72.077823983660238, -36.604280364763333 ], [ -72.077702503727821, -36.604200057302172 ], [ -72.077550233842118, -36.604163461639153 ], [ -72.077391488380343, -36.604112726897789 ], [ -72.07724923667719, -36.604030571465316 ], [ -72.077083256315859, -36.603946644732694 ], [ -72.076864293123549, -36.603868855729978 ], [ -72.076680854872166, -36.603866442954754 ], [ -72.076464827115828, -36.603862488508362 ], [ -72.076369443670686, -36.603843494605186 ], [ -72.076260256294091, -36.603774788980388 ], [ -72.076174418188074, -36.603698326857199 ], [ -72.076054191213785, -36.603575069199493 ], [ -72.07594339535828, -36.603465873121053 ], [ -72.075842407997541, -36.603380265508399 ], [ -72.075738845181618, -36.603304260942352 ], [ -72.07565225098034, -36.603208744733365 ], [ -72.075619303404437, -36.603123762763431 ], [ -72.075606276311703, -36.60301919298994 ], [ -72.075590864024718, -36.602928991089136 ], [ -72.075569543257402, -36.60283894090729 ], [ -72.075570056049514, -36.602703026268784 ], [ -72.075555705275605, -36.602565111193869 ], [ -72.075529632301851, -36.602429883286042 ], [ -72.075441618732853, -36.602298639691249 ], [ -72.075305186213882, -36.602213947110421 ], [ -72.075174661308765, -36.602129101785309 ], [ -72.075003536889767, -36.602064378973601 ], [ -72.074820597003594, -36.601999961040804 ], [ -72.074685583698312, -36.60195099403613 ], [ -72.07454858382826, -36.601852009835234 ], [ -72.074408252820817, -36.601743574869772 ], [ -72.074257356818435, -36.60159249550717 ], [ -72.074131344303609, -36.601397858268868 ], [ -72.073966269231562, -36.601187538725981 ], [ -72.073792121237261, -36.601046596538133 ], [ -72.073359769402941, -36.600807412782736 ], [ -72.073180849748496, -36.600695203567525 ], [ -72.073014220036214, -36.600594597874171 ], [ -72.064811887107339, -36.602562684337109 ], [ -72.064683386151088, -36.602593511933144 ], [ -72.064905742259171, -36.603463552656208 ], [ -72.064927528125864, -36.603512651275587 ] ] ] } },
{ "type": "Feature", "properties": { "zona": "44" }, "geometry": { "type": "Polygon", "coordinates": [ [ [ -72.068296726349331, -36.608534799720267 ], [ -72.060442565135389, -36.610939992230605 ], [ -72.058190744399496, -36.611582471804013 ], [ -72.059614615433645, -36.613934896164444 ], [ -72.059580856515041, -36.613978679979112 ], [ -72.060307626306539, -36.615304710395534 ], [ -72.062861700398997, -36.614824170224473 ], [ -72.063202417910802, -36.61474028957236 ], [ -72.065392350895081, -36.614201125053825 ], [ -72.065708434801223, -36.614564926687677 ], [ -72.066934916854649, -36.616407344286671 ], [ -72.068856341271911, -36.615593868827816 ], [ -72.069273564256704, -36.615417221963064 ], [ -72.072025081193104, -36.614860583028566 ], [ -72.073089142711225, -36.614665270737518 ], [ -72.074451331891765, -36.614410750997131 ], [ -72.075601545274509, -36.614180766396871 ], [ -72.075167705874279, -36.612790047112405 ], [ -72.075182971232124, -36.612727662662373 ], [ -72.07431667199188, -36.611319498780453 ], [ -72.073891451075355, -36.610591367008979 ], [ -72.073075308682817, -36.609253424511721 ], [ -72.073000744570479, -36.609267101612303 ], [ -72.072596782164268, -36.608567264442364 ], [ -72.072253429668137, -36.608068213901085 ], [ -72.07186752903759, -36.607439091312237 ], [ -72.070996249772506, -36.607702243694462 ], [ -72.068296726349331, -36.608534799720267 ] ] ] } },
{ "type": "Feature", "properties": { "zona": "42" }, "geometry": { "type": "Polygon", "coordinates": [ [ [ -72.072596782164268, -36.608567264442364 ], [ -72.073000744570479, -36.609267101612303 ], [ -72.073075308682817, -36.609253424511721 ], [ -72.073891451075355, -36.610591367008979 ], [ -72.07431667199188, -36.611319498780453 ], [ -72.075182971232124, -36.612727662662373 ], [ -72.075167705874279, -36.612790047112405 ], [ -72.075601545274509, -36.614180766396871 ], [ -72.075685902377543, -36.614100622693464 ], [ -72.076540260841497, -36.613942645850571 ], [ -72.076649179339086, -36.614004205556611 ], [ -72.076724349061109, -36.614109552481658 ], [ -72.076934121805351, -36.614476070592403 ], [ -72.080636959939682, -36.613436156613531 ], [ -72.083325794777366, -36.612780029029565 ], [ -72.08308766286487, -36.612593074008679 ], [ -72.082957312978337, -36.612439090245623 ], [ -72.082871850694417, -36.612298250175726 ], [ -72.08171537176041, -36.609102334414835 ], [ -72.081090002427032, -36.60676528910443 ], [ -72.080932777543552, -36.606132418490937 ], [ -72.080928891156702, -36.606116775531298 ], [ -72.080965828044995, -36.606107500527727 ], [ -72.081748874806479, -36.605910866742789 ], [ -72.081624235747086, -36.605866163899471 ], [ -72.08138498206533, -36.605791484050947 ], [ -72.081370307856787, -36.605786904050085 ], [ -72.081296820705518, -36.605768301777367 ], [ -72.081208542931122, -36.605749605539216 ], [ -72.081031987461401, -36.605712211959982 ], [ -72.080799634974355, -36.605640021447151 ], [ -72.080683085897093, -36.605564835008408 ], [ -72.080450595089232, -36.605429703883928 ], [ -72.080312851542388, -36.605356972207268 ], [ -72.080279310521433, -36.605346395700096 ], [ -72.080063124160986, -36.605264248867215 ], [ -72.079763994230206, -36.605178525041296 ], [ -72.079649418119828, -36.605152878065851 ], [ -72.076209450938762, -36.606127584086551 ], [ -72.07186752903759, -36.607439091312237 ], [ -72.072253429668137, -36.608068213901085 ], [ -72.072596782164268, -36.608567264442364 ] ] ] } },
{ "type": "Feature", "properties": { "zona": "39" }, "geometry": { "type": "Polygon", "coordinates": [ [ [ -72.087835741471437, -36.609109550392908 ], [ -72.088080351585006, -36.609168311006208 ], [ -72.088524182650474, -36.609396412427166 ], [ -72.088646683481798, -36.609464760938167 ], [ -72.089018474123208, -36.60966611877177 ], [ -72.089201150745282, -36.609797278721103 ], [ -72.089410131928247, -36.609920604486049 ], [ -72.089634404867354, -36.610093601104509 ], [ -72.089868826186304, -36.610298520122598 ], [ -72.089969029389081, -36.610363870261764 ], [ -72.090027493483802, -36.610383810330234 ], [ -72.090110256407897, -36.610456765201292 ], [ -72.090166572820323, -36.610533983012907 ], [ -72.090204022011548, -36.610583079039237 ], [ -72.090267917984264, -36.610627912927129 ], [ -72.090376128204227, -36.610671596477765 ], [ -72.090471615156687, -36.610729915499149 ], [ -72.090540940891543, -36.610799642315563 ], [ -72.090627851131643, -36.610865336946155 ], [ -72.090718193220695, -36.610905907483478 ], [ -72.090787091226844, -36.610964916509502 ], [ -72.090960340590186, -36.611082013061456 ], [ -72.091115436349398, -36.611188852857062 ], [ -72.091348150985652, -36.611350897229165 ], [ -72.091466939244, -36.611437220930092 ], [ -72.091590730547097, -36.611537719869183 ], [ -72.091709375519088, -36.611620471389507 ], [ -72.09188348430672, -36.611759002581167 ], [ -72.091969967314768, -36.611813977632522 ], [ -72.092116346145218, -36.611924618088935 ], [ -72.092452990548608, -36.612134030606818 ], [ -72.09262610223719, -36.612247552534996 ], [ -72.092722877985452, -36.61233802238003 ], [ -72.092845814402096, -36.612417084676082 ], [ -72.092967608512566, -36.612467565059582 ], [ -72.093076395127, -36.612525536355058 ], [ -72.093218772366711, -36.612647008079207 ], [ -72.093264945457037, -36.612692300752975 ], [ -72.09335986569036, -36.612736326787612 ], [ -72.093419476226785, -36.612784846786951 ], [ -72.093494095365472, -36.612875891683608 ], [ -72.093550274126301, -36.612949534792008 ], [ -72.093601306917165, -36.61300543067594 ], [ -72.093655628826696, -36.613032629614843 ], [ -72.09372953421807, -36.613105811080082 ], [ -72.093803439787067, -36.613178993392225 ], [ -72.093869054285321, -36.613266696397112 ], [ -72.093971693379117, -36.613392777310388 ], [ -72.094068186430349, -36.613476101144485 ], [ -72.094208280958483, -36.613540409841256 ], [ -72.094286619308704, -36.613613476617722 ], [ -72.094393549847808, -36.61362500253243 ], [ -72.094491760619377, -36.613640331549959 ], [ -72.094580678900755, -36.61364517240861 ], [ -72.094682891821734, -36.613649668507428 ], [ -72.094856726378978, -36.61367018353603 ], [ -72.095005322632076, -36.613695650085951 ], [ -72.09355845056362, -36.609833358984034 ], [ -72.093530191644604, -36.609757918898438 ], [ -72.093053556585431, -36.608552047040419 ], [ -72.092923759966055, -36.608572699864652 ], [ -72.091842929471994, -36.608581699694852 ], [ -72.089669069761754, -36.608590449863172 ], [ -72.087840490106259, -36.608595928543913 ], [ -72.087488900000622, -36.608591695882744 ], [ -72.08664753102515, -36.608581562972276 ], [ -72.086349056185895, -36.608586916505047 ], [ -72.086444518796483, -36.608638517160273 ], [ -72.08656559167899, -36.608671141183883 ], [ -72.086645783395994, -36.608679791812719 ], [ -72.086878496192071, -36.608730979489046 ], [ -72.08712220934585, -36.60883552613803 ], [ -72.087811615429743, -36.609103754736545 ], [ -72.087835741471437, -36.609109550392908 ] ] ] } },
{ "type": "Feature", "properties": { "zona": "40" }, "geometry": { "type": "Polygon", "coordinates": [ [ [ -72.081090002427032, -36.60676528910443 ], [ -72.08171537176041, -36.609102334414835 ], [ -72.082871850694417, -36.612298250175726 ], [ -72.082957312978337, -36.612439090245623 ], [ -72.08308766286487, -36.612593074008679 ], [ -72.083325794777366, -36.612780029029565 ], [ -72.083417445977759, -36.612847284107588 ], [ -72.083656290539452, -36.612755265906131 ], [ -72.083830328855299, -36.61266969469623 ], [ -72.084038299537511, -36.612545096118481 ], [ -72.084274864826682, -36.612395913600878 ], [ -72.084902358447209, -36.612260444180215 ], [ -72.085464663628315, -36.612121893162517 ], [ -72.085723510328179, -36.612086573722316 ], [ -72.086066788953971, -36.612091981015588 ], [ -72.086465165189011, -36.61199582176895 ], [ -72.086698594891317, -36.612509529401891 ], [ -72.086470811182465, -36.61258219373839 ], [ -72.086705573258058, -36.613129246077108 ], [ -72.086984826193245, -36.61301233167476 ], [ -72.087172388861262, -36.612969319943268 ], [ -72.087353852055529, -36.612921698266277 ], [ -72.087601262080383, -36.612896208751764 ], [ -72.087718678724812, -36.61287408943334 ], [ -72.088008210911397, -36.612866579707067 ], [ -72.088267628916569, -36.612845545171552 ], [ -72.088418786802819, -36.612779634000333 ], [ -72.089104031607917, -36.612609264950237 ], [ -72.089257077013812, -36.612738810015834 ], [ -72.089460055909157, -36.612933817687868 ], [ -72.089686291031299, -36.613118683962973 ], [ -72.089860298886791, -36.613328747164516 ], [ -72.090025164319911, -36.613457984389491 ], [ -72.090200707213739, -36.613558333640711 ], [ -72.090556740541587, -36.613882882628822 ], [ -72.090781648992561, -36.61403440182692 ], [ -72.090914499389839, -36.61410247906317 ], [ -72.091068892515167, -36.614117544393437 ], [ -72.091149523062256, -36.614062997511077 ], [ -72.091484824239274, -36.613720500605517 ], [ -72.091659045478224, -36.613639681141834 ], [ -72.091887967718719, -36.613595588789003 ], [ -72.092124131483942, -36.613584686296633 ], [ -72.092380877577497, -36.613644775989954 ], [ -72.092710245017258, -36.613745893478978 ], [ -72.092925248781498, -36.613797528917125 ], [ -72.093268534011358, -36.613802915042349 ], [ -72.093607815805257, -36.613856088751028 ], [ -72.093774787938045, -36.613889896777941 ], [ -72.093845884718078, -36.613892817855167 ], [ -72.09403363539171, -36.613854559161737 ], [ -72.094156761552441, -36.614123160134319 ], [ -72.095083750287486, -36.613917732975864 ], [ -72.095063315124264, -36.613860880086463 ], [ -72.094866419751739, -36.613786818423883 ], [ -72.094773308146543, -36.613751090992501 ], [ -72.094671999714393, -36.613732267094541 ], [ -72.094556682609792, -36.613732880343242 ], [ -72.094369791468452, -36.613718664253469 ], [ -72.094259620414917, -36.61370006946018 ], [ -72.094193669920926, -36.613677941776693 ], [ -72.093706678728267, -36.6132590546814 ], [ -72.093616810933767, -36.613156484374805 ], [ -72.093345967364385, -36.612891721961503 ], [ -72.093066548704513, -36.612634333861926 ], [ -72.092820959495015, -36.612483355343336 ], [ -72.092712221837388, -36.612426574718036 ], [ -72.092347414989007, -36.612178556111999 ], [ -72.09204655612038, -36.611976559136288 ], [ -72.091968505060066, -36.611947591356014 ], [ -72.091615330610239, -36.611694499545898 ], [ -72.091480390376731, -36.611574023955136 ], [ -72.091352025761779, -36.611470068006682 ], [ -72.091208222759036, -36.611349822220276 ], [ -72.090875062867028, -36.611153429550527 ], [ -72.090570591326312, -36.610934832782256 ], [ -72.0905440029602, -36.610935523005558 ], [ -72.090252396447582, -36.610742818526617 ], [ -72.090208562512515, -36.610681966417879 ], [ -72.089930012156159, -36.610519916260579 ], [ -72.089802031767249, -36.610425485131891 ], [ -72.089783069553675, -36.610394982305337 ], [ -72.089638130894187, -36.610246153392239 ], [ -72.089458310730038, -36.610112535668897 ], [ -72.089341482721849, -36.610001124043265 ], [ -72.088940105618221, -36.609725432786128 ], [ -72.088798307238349, -36.609655200893386 ], [ -72.08853548530233, -36.609516582005831 ], [ -72.088366338151033, -36.609427985028191 ], [ -72.088205484432549, -36.609324867372521 ], [ -72.088129536401311, -36.609274384918272 ], [ -72.087839359446662, -36.609191310827178 ], [ -72.087835741471437, -36.609109550392908 ], [ -72.087811615429743, -36.609103754736545 ], [ -72.08712220934585, -36.60883552613803 ], [ -72.086878496192071, -36.608730979489046 ], [ -72.086645783395994, -36.608679791812719 ], [ -72.08656559167899, -36.608671141183883 ], [ -72.086444518796483, -36.608638517160273 ], [ -72.086349056185895, -36.608586916505047 ], [ -72.086090042504253, -36.60854356173612 ], [ -72.085949197422011, -36.608497144406861 ], [ -72.085810168299929, -36.608422068312422 ], [ -72.085688198956078, -36.608329860213672 ], [ -72.08562761502435, -36.608145461329244 ], [ -72.08551795871648, -36.607917033879183 ], [ -72.085371692791327, -36.607808765416848 ], [ -72.085293268417558, -36.60777026618954 ], [ -72.085079045424678, -36.607737670255034 ], [ -72.085046264341827, -36.607731366585604 ], [ -72.084800778461101, -36.60773057524051 ], [ -72.084326572064015, -36.607778623966929 ], [ -72.084214406181388, -36.607783914088152 ], [ -72.08410767449412, -36.607777142383746 ], [ -72.084026865790563, -36.607753008490221 ], [ -72.083948158467422, -36.607707363478255 ], [ -72.083901851381867, -36.607658493891051 ], [ -72.083870221486691, -36.607606860641056 ], [ -72.083838685401275, -36.607557608420919 ], [ -72.083777038138749, -36.607494830800867 ], [ -72.083544736315702, -36.607305341780148 ], [ -72.083357981680109, -36.607145666823996 ], [ -72.083225256211904, -36.607006049920393 ], [ -72.083196676329933, -36.606956721857159 ], [ -72.08308472700503, -36.606818951119443 ], [ -72.083009841345699, -36.606720753019729 ], [ -72.082754111795708, -36.606462725832792 ], [ -72.082569558215084, -36.60631663014852 ], [ -72.082370831357551, -36.606197796020226 ], [ -72.08223041860073, -36.606117505936055 ], [ -72.081847439383623, -36.605946218493791 ], [ -72.081748874806479, -36.605910866742789 ], [ -72.080965828044995, -36.606107500527727 ], [ -72.080928891156702, -36.606116775531298 ], [ -72.080932777543552, -36.606132418490937 ], [ -72.081090002427032, -36.60676528910443 ] ] ] } },
{ "type": "Feature", "properties": { "zona": "41" }, "geometry": { "type": "Polygon", "coordinates": [ [ [ -72.083417445977759, -36.612847284107588 ], [ -72.083669470680135, -36.613082854560425 ], [ -72.083767519180441, -36.613205487008251 ], [ -72.083839831898189, -36.613350243539166 ], [ -72.084065015555979, -36.614102592586889 ], [ -72.084296202838189, -36.614894125777553 ], [ -72.08449312991975, -36.615382558053923 ], [ -72.084545867440056, -36.615481328765156 ], [ -72.084598747556342, -36.615583672305775 ], [ -72.084806567853292, -36.61590015714664 ], [ -72.084931766343232, -36.616147256125245 ], [ -72.084952043403959, -36.616321971754921 ], [ -72.08525083627228, -36.617362093785879 ], [ -72.086784660631864, -36.6188887649351 ], [ -72.088116706500244, -36.618582416197007 ], [ -72.089335374554196, -36.618214621760117 ], [ -72.090549740773511, -36.617850502366629 ], [ -72.091079574737932, -36.617675811371292 ], [ -72.091016963838541, -36.617552266152522 ], [ -72.091014394304409, -36.617487958674893 ], [ -72.091071723278972, -36.61747931791411 ], [ -72.091247571133991, -36.617438988131596 ], [ -72.091489181360799, -36.617379069396975 ], [ -72.091590258115687, -36.617354986110534 ], [ -72.092083913150006, -36.617274215030037 ], [ -72.092773567619901, -36.617213384023508 ], [ -72.092805304334306, -36.617230440413152 ], [ -72.09284233023736, -36.617268818634983 ], [ -72.092943112471445, -36.617459321804589 ], [ -72.093181063143831, -36.617455804775886 ], [ -72.094220058270295, -36.617440443320241 ], [ -72.095727316126741, -36.617411985562732 ], [ -72.095966492824445, -36.61740218902537 ], [ -72.096182795065005, -36.617375106049103 ], [ -72.096239980162039, -36.617362889107788 ], [ -72.096309745507085, -36.617332464036238 ], [ -72.096271253529991, -36.617221275939471 ], [ -72.095789885820651, -36.615882188144781 ], [ -72.095083750287486, -36.613917732975864 ], [ -72.094156761552441, -36.614123160134319 ], [ -72.09403363539171, -36.613854559161737 ], [ -72.093845884718078, -36.613892817855167 ], [ -72.093774787938045, -36.613889896777941 ], [ -72.093607815805257, -36.613856088751028 ], [ -72.093268534011358, -36.613802915042349 ], [ -72.092925248781498, -36.613797528917125 ], [ -72.092710245017258, -36.613745893478978 ], [ -72.092380877577497, -36.613644775989954 ], [ -72.092124131483942, -36.613584686296633 ], [ -72.091887967718719, -36.613595588789003 ], [ -72.091659045478224, -36.613639681141834 ], [ -72.091484824239274, -36.613720500605517 ], [ -72.091149523062256, -36.614062997511077 ], [ -72.091068892515167, -36.614117544393437 ], [ -72.090914499389839, -36.61410247906317 ], [ -72.090781648992561, -36.61403440182692 ], [ -72.090556740541587, -36.613882882628822 ], [ -72.090200707213739, -36.613558333640711 ], [ -72.090025164319911, -36.613457984389491 ], [ -72.089860298886791, -36.613328747164516 ], [ -72.089686291031299, -36.613118683962973 ], [ -72.089460055909157, -36.612933817687868 ], [ -72.089257077013812, -36.612738810015834 ], [ -72.089104031607917, -36.612609264950237 ], [ -72.088418786802819, -36.612779634000333 ], [ -72.088267628916569, -36.612845545171552 ], [ -72.088008210911397, -36.612866579707067 ], [ -72.087718678724812, -36.61287408943334 ], [ -72.087601262080383, -36.612896208751764 ], [ -72.087353852055529, -36.612921698266277 ], [ -72.087172388861262, -36.612969319943268 ], [ -72.086984826193245, -36.61301233167476 ], [ -72.086705573258058, -36.613129246077108 ], [ -72.086470811182465, -36.61258219373839 ], [ -72.086698594891317, -36.612509529401891 ], [ -72.086465165189011, -36.61199582176895 ], [ -72.086066788953971, -36.612091981015588 ], [ -72.085723510328179, -36.612086573722316 ], [ -72.085464663628315, -36.612121893162517 ], [ -72.084902358447209, -36.612260444180215 ], [ -72.084274864826682, -36.612395913600878 ], [ -72.084038299537511, -36.612545096118481 ], [ -72.083830328855299, -36.61266969469623 ], [ -72.083656290539452, -36.612755265906131 ], [ -72.083417445977759, -36.612847284107588 ] ] ] } },
{ "type": "Feature", "properties": { "zona": "43" }, "geometry": { "type": "Polygon", "coordinates": [ [ [ -72.080636959939682, -36.613436156613531 ], [ -72.076934121805351, -36.614476070592403 ], [ -72.076724349061109, -36.614109552481658 ], [ -72.076649179339086, -36.614004205556611 ], [ -72.076540260841497, -36.613942645850571 ], [ -72.075685902377543, -36.614100622693464 ], [ -72.075601545274509, -36.614180766396871 ], [ -72.07742961342305, -36.620278925428181 ], [ -72.078913000018062, -36.61997924990191 ], [ -72.078971635221706, -36.619891901426669 ], [ -72.08237495770706, -36.619164940293672 ], [ -72.083581952964622, -36.61890709540566 ], [ -72.084247383599319, -36.618460696927308 ], [ -72.085507226401248, -36.618234927628791 ], [ -72.08525083627228, -36.617362093785879 ], [ -72.084952043403959, -36.616321971754921 ], [ -72.084931766343232, -36.616147256125245 ], [ -72.084806567853292, -36.61590015714664 ], [ -72.084598747556342, -36.615583672305775 ], [ -72.084545867440056, -36.615481328765156 ], [ -72.08449312991975, -36.615382558053923 ], [ -72.084296202838189, -36.614894125777553 ], [ -72.084065015555979, -36.614102592586889 ], [ -72.083839831898189, -36.613350243539166 ], [ -72.083767519180441, -36.613205487008251 ], [ -72.083669470680135, -36.613082854560425 ], [ -72.083417445977759, -36.612847284107588 ], [ -72.083325794777366, -36.612780029029565 ], [ -72.080636959939682, -36.613436156613531 ] ] ] } },
{ "type": "Feature", "properties": { "zona": "57" }, "geometry": { "type": "Polygon", "coordinates": [ [ [ -72.068350396462435, -36.619837115940676 ], [ -72.069269897273259, -36.621766097299776 ], [ -72.071120464582904, -36.625688109613378 ], [ -72.07301122948661, -36.625703687337129 ], [ -72.076722119940698, -36.625743730442949 ], [ -72.077269045875525, -36.625736078990805 ], [ -72.079134481471399, -36.625709963937666 ], [ -72.07742961342305, -36.620278925428181 ], [ -72.076286244426228, -36.620493009871645 ], [ -72.076351118992264, -36.620729756106932 ], [ -72.075250664101418, -36.620948927777988 ], [ -72.075077782355763, -36.620971274778022 ], [ -72.07501172895843, -36.620704756274385 ], [ -72.073898532850976, -36.620882520781116 ], [ -72.073816526903371, -36.620586609683436 ], [ -72.073444331233276, -36.619314696307029 ], [ -72.073148916389385, -36.618225578345523 ], [ -72.072719471812619, -36.618136525372655 ], [ -72.07183335803586, -36.618166547042797 ], [ -72.070363355296621, -36.618240233689335 ], [ -72.069163775606299, -36.618309496983713 ], [ -72.068796410769949, -36.618330705700203 ], [ -72.067858807304603, -36.618404941191919 ], [ -72.067965017417009, -36.618845671254959 ], [ -72.068350396462435, -36.619837115940676 ] ] ] } },
{ "type": "Feature", "properties": { "zona": "56" }, "geometry": { "type": "Polygon", "coordinates": [ [ [ -72.07742961342305, -36.620278925428181 ], [ -72.079134481471399, -36.625709963937666 ], [ -72.08177333309132, -36.625570146926421 ], [ -72.082789360526618, -36.625458006256899 ], [ -72.084805668230359, -36.625284176057498 ], [ -72.085084791857824, -36.625269622423197 ], [ -72.087533133389243, -36.625141935064711 ], [ -72.087122427387499, -36.623735111944221 ], [ -72.086505231806996, -36.621620874575612 ], [ -72.085720067908525, -36.619066272828398 ], [ -72.085507226401248, -36.618234927628791 ], [ -72.084247383599319, -36.618460696927308 ], [ -72.083581952964622, -36.61890709540566 ], [ -72.08237495770706, -36.619164940293672 ], [ -72.078971635221706, -36.619891901426669 ], [ -72.078913000018062, -36.61997924990191 ], [ -72.07742961342305, -36.620278925428181 ] ] ] } },
{ "type": "Feature", "properties": { "zona": "45" }, "geometry": { "type": "Polygon", "coordinates": [ [ [ -72.060307626306539, -36.615304710395534 ], [ -72.061833019941346, -36.617917285588454 ], [ -72.062563809038735, -36.619168849156303 ], [ -72.063298275886709, -36.620627338553469 ], [ -72.063334252032732, -36.62069877862573 ], [ -72.064251325252471, -36.620329461646151 ], [ -72.065618823252464, -36.619757800614209 ], [ -72.067965017417009, -36.618845671254959 ], [ -72.067858807304603, -36.618404941191919 ], [ -72.068796410769949, -36.618330705700203 ], [ -72.069163775606299, -36.618309496983713 ], [ -72.070363355296621, -36.618240233689335 ], [ -72.07183335803586, -36.618166547042797 ], [ -72.072719471812619, -36.618136525372655 ], [ -72.073148916389385, -36.618225578345523 ], [ -72.073444331233276, -36.619314696307029 ], [ -72.073816526903371, -36.620586609683436 ], [ -72.073898532850976, -36.620882520781116 ], [ -72.07501172895843, -36.620704756274385 ], [ -72.075077782355763, -36.620971274778022 ], [ -72.075250664101418, -36.620948927777988 ], [ -72.076351118992264, -36.620729756106932 ], [ -72.076286244426228, -36.620493009871645 ], [ -72.07742961342305, -36.620278925428181 ], [ -72.075601545274509, -36.614180766396871 ], [ -72.074451331891765, -36.614410750997131 ], [ -72.073089142711225, -36.614665270737518 ], [ -72.072025081193104, -36.614860583028566 ], [ -72.069273564256704, -36.615417221963064 ], [ -72.068856341271911, -36.615593868827816 ], [ -72.066934916854649, -36.616407344286671 ], [ -72.065708434801223, -36.614564926687677 ], [ -72.065392350895081, -36.614201125053825 ], [ -72.063202417910802, -36.61474028957236 ], [ -72.062861700398997, -36.614824170224473 ], [ -72.060307626306539, -36.615304710395534 ] ] ] } },
{ "type": "Feature", "properties": { "zona": "58" }, "geometry": { "type": "Polygon", "coordinates": [ [ [ -72.058761940670578, -36.623470045733931 ], [ -72.058819786046641, -36.623601083608889 ], [ -72.059625991756221, -36.62573729169673 ], [ -72.060195476190444, -36.627246174487595 ], [ -72.060346398331916, -36.627646040425141 ], [ -72.063468299516629, -36.626913410288623 ], [ -72.065098447645823, -36.626547190319805 ], [ -72.067532196490134, -36.626007651238069 ], [ -72.068927985831451, -36.625699871225393 ], [ -72.069192419895913, -36.625654906123735 ], [ -72.069445789322515, -36.625629298946095 ], [ -72.069753292944455, -36.625626138050229 ], [ -72.071120464582904, -36.625688109613378 ], [ -72.069269897273259, -36.621766097299776 ], [ -72.068350396462435, -36.619837115940676 ], [ -72.067965017417009, -36.618845671254959 ], [ -72.065618823252464, -36.619757800614209 ], [ -72.064251325252471, -36.620329461646151 ], [ -72.063334252032732, -36.62069877862573 ], [ -72.063298275886709, -36.620627338553469 ], [ -72.062563809038735, -36.619168849156303 ], [ -72.061833019941346, -36.617917285588454 ], [ -72.060694403300658, -36.6187248207968 ], [ -72.059736870852518, -36.619192903621091 ], [ -72.058654557021896, -36.619871612898677 ], [ -72.05784317189206, -36.620221482586494 ], [ -72.057342705575579, -36.620355933268463 ], [ -72.058420166223598, -36.622695804514663 ], [ -72.058761940670578, -36.623470045733931 ] ] ] } },
{ "type": "Feature", "properties": { "zona": "60" }, "geometry": { "type": "Polygon", "coordinates": [ [ [ -71.982055197016706, -36.642477994688612 ], [ -71.982120006237352, -36.642455349491279 ], [ -71.983124662680851, -36.642191745363618 ], [ -71.985530029606707, -36.641654578124431 ], [ -71.986934991200059, -36.641337983375116 ], [ -71.989361190454133, -36.640652391627405 ], [ -71.990335401227924, -36.640444330391077 ], [ -71.991323831780605, -36.640221598239414 ], [ -71.991636867384926, -36.640130280951787 ], [ -71.993076099851649, -36.639722150737597 ], [ -71.9960690501225, -36.638777067514219 ], [ -72.001191793040448, -36.637179298974118 ], [ -72.009132858964549, -36.635259463311115 ], [ -72.009494782558647, -36.635218268535233 ], [ -72.010076186821749, -36.635124600164119 ], [ -72.011265098295624, -36.634914850111301 ], [ -72.011654277710647, -36.634844348106114 ], [ -72.012699505389449, -36.634664541494459 ], [ -72.014604382131481, -36.634353090101335 ], [ -72.015913981426024, -36.634143670638956 ], [ -72.01642140380676, -36.634155990510287 ], [ -72.017031054760494, -36.634168005959921 ], [ -72.017836954064393, -36.634151009467168 ], [ -72.018256948952185, -36.63414264917477 ], [ -72.019542467198008, -36.634116911657998 ], [ -72.019995837733447, -36.634090531879195 ], [ -72.020749235296094, -36.634038225498749 ], [ -72.021561933080264, -36.633940920175867 ], [ -72.023117855339081, -36.633749201914185 ], [ -72.024732987973437, -36.633474131142805 ], [ -72.025932130939253, -36.63324337553648 ], [ -72.026200391913505, -36.633204129735979 ], [ -72.026422213371973, -36.633157480785925 ], [ -72.02725948624979, -36.633035478661647 ], [ -72.027407634695081, -36.633023318172249 ], [ -72.027598399776281, -36.633011599449432 ], [ -72.02791060379964, -36.633006709788198 ], [ -72.028135682948005, -36.633000983961125 ], [ -72.028469787403452, -36.632999350484774 ], [ -72.028724511853, -36.63300126184712 ], [ -72.028907033874006, -36.632996617420638 ], [ -72.029095548741552, -36.632975798026585 ], [ -72.029434928950209, -36.632939694337445 ], [ -72.029481123178229, -36.632953033062009 ], [ -72.031034646350165, -36.63258771502246 ], [ -72.030501849859334, -36.626730058482416 ], [ -72.030303571329796, -36.623968483190019 ], [ -72.028033347124165, -36.624601156219207 ], [ -72.027998705079838, -36.624566274084806 ], [ -72.027867127416059, -36.624605384239914 ], [ -72.027801499388744, -36.624440156205488 ], [ -72.027358398482576, -36.624549775495183 ], [ -72.027448752715827, -36.624779943300496 ], [ -72.027174397893603, -36.624855467924391 ], [ -72.026957746333295, -36.624893760426033 ], [ -72.026788879914079, -36.624924876524453 ], [ -72.026630395806009, -36.624937847196854 ], [ -72.026348769082389, -36.625016535783502 ], [ -72.026245109857769, -36.625013210057119 ], [ -72.026010570140357, -36.625066857667882 ], [ -72.025898856863591, -36.625141224959457 ], [ -72.025742123670497, -36.625294153867223 ], [ -72.025568693836235, -36.625396983921583 ], [ -72.025403986154885, -36.625439914396765 ], [ -72.025301722836133, -36.625472316624091 ], [ -72.02518040847707, -36.625490300846714 ], [ -72.025190406640277, -36.626029485054858 ], [ -72.025179707648817, -36.626134067823415 ], [ -72.025111536974734, -36.62628183637419 ], [ -72.025084199212984, -36.62633915751843 ], [ -72.025015370457368, -36.6264732545024 ], [ -72.026084698469035, -36.628539431123315 ], [ -72.02290468065253, -36.629411537466886 ], [ -72.018745659330236, -36.630814387890858 ], [ -72.018579997219121, -36.630890116717708 ], [ -72.017912884224344, -36.631078698681804 ], [ -72.016735446762141, -36.631380351248822 ], [ -72.015278745640899, -36.631803511182831 ], [ -72.015137168462957, -36.631814249795013 ], [ -72.0107360378002, -36.632061554019067 ], [ -72.009364020425252, -36.632153471380491 ], [ -72.006949645842269, -36.627121690534061 ], [ -72.007416462014447, -36.627031216567758 ], [ -72.007021553210066, -36.626004035788711 ], [ -72.005729169077028, -36.623347218218498 ], [ -72.005966027812022, -36.623276862813043 ], [ -72.005410461265043, -36.621996230348756 ], [ -72.001328725479112, -36.62314352010219 ], [ -72.00226992410596, -36.625444452144556 ], [ -72.003205205587406, -36.627605297819102 ], [ -72.005228799147758, -36.632164958978173 ], [ -71.992785812028444, -36.635076203929657 ], [ -71.991905801707162, -36.635239917899753 ], [ -71.991026148937209, -36.635179533944331 ], [ -71.990564717448066, -36.635181591270715 ], [ -71.990203390557696, -36.635324188410422 ], [ -71.990042302218072, -36.635442680145239 ], [ -71.98961704033718, -36.635768086889989 ], [ -71.988925422412294, -36.635938050059181 ], [ -71.988572964078983, -36.636004122622147 ], [ -71.988291808022723, -36.636077940880483 ], [ -71.988103297063091, -36.636116645582497 ], [ -71.988671157353807, -36.636606174187044 ], [ -71.985823713601349, -36.637973388981003 ], [ -71.984296033416697, -36.638705689942981 ], [ -71.980989580249357, -36.640143360330498 ], [ -71.980077042623492, -36.640375082371037 ], [ -71.980025503618876, -36.640430726599533 ], [ -71.981086518845288, -36.642288692755187 ], [ -71.981339429813261, -36.64267331635633 ], [ -71.982055197016706, -36.642477994688612 ] ] ] } },
{ "type": "Feature", "properties": { "zona": "71" }, "geometry": { "type": "Polygon", "coordinates": [ [ [ -72.075633147381211, -36.633023596114533 ], [ -72.075602892016519, -36.632855860096065 ], [ -72.075592816210957, -36.632817346498207 ], [ -72.075445896981606, -36.63225575967634 ], [ -72.075438774975353, -36.632228536142655 ], [ -72.075262298016582, -36.631553954096056 ], [ -72.075235072016568, -36.631449884096028 ], [ -72.075215737521802, -36.631420070644722 ], [ -72.073840039591488, -36.63175887858079 ], [ -72.073477644766797, -36.631751070273374 ], [ -72.073252234826484, -36.631676780508307 ], [ -72.073068243751365, -36.63157281025962 ], [ -72.072959753891752, -36.631463075762014 ], [ -72.072834656390725, -36.631292733729069 ], [ -72.072795862670574, -36.631209810481067 ], [ -72.071728608771679, -36.627666739568866 ], [ -72.071120464582876, -36.625688109613378 ], [ -72.069753292944455, -36.625626138050222 ], [ -72.069445789322515, -36.625629298946087 ], [ -72.069192419895913, -36.625654906123721 ], [ -72.068927985831451, -36.625699871225372 ], [ -72.06753219649012, -36.626007651238055 ], [ -72.065098447645809, -36.626547190319805 ], [ -72.0634682995166, -36.626913410288616 ], [ -72.060346398331902, -36.62764604042512 ], [ -72.060353803462064, -36.627650914369696 ], [ -72.060780927155591, -36.628874941765964 ], [ -72.06122755994744, -36.630154830845932 ], [ -72.061465053192492, -36.630835382316022 ], [ -72.061757415186023, -36.631673141511854 ], [ -72.061794913411603, -36.631780590445942 ], [ -72.062777948322733, -36.634597303808661 ], [ -72.063365168390391, -36.636279763861104 ], [ -72.063796329529609, -36.637515042715286 ], [ -72.063832080436981, -36.637596754624695 ], [ -72.064199332231908, -36.637655728096966 ], [ -72.064208199044785, -36.637655499821243 ], [ -72.064252813014107, -36.637661504350142 ], [ -72.064270828746743, -36.63766819274958 ], [ -72.064271112006111, -36.6376753385806 ], [ -72.064279978820622, -36.637675110299419 ], [ -72.064307143519443, -36.637688716270787 ], [ -72.064334026079081, -36.637695176376155 ], [ -72.064342892895368, -36.637694948090193 ], [ -72.064370057611441, -36.637708554046284 ], [ -72.064396940218046, -36.637715015037045 ], [ -72.064450704290834, -36.637727936128236 ], [ -72.064459569992863, -36.637727707862176 ], [ -72.064468720054336, -36.637734624496119 ], [ -72.064486452576588, -36.637734167931818 ], [ -72.064495318279029, -36.637733939663057 ], [ -72.064504468380022, -36.637740857194245 ], [ -72.064531066605937, -36.637740172353105 ], [ -72.064549365664377, -36.637754006537428 ], [ -72.064558232485581, -36.637753778235115 ], [ -72.064567098189684, -36.637753549960905 ], [ -72.064575965010704, -36.637753321657279 ], [ -72.064585113968192, -36.637760238310364 ], [ -72.064602846494338, -36.637759781728462 ], [ -72.064630012392598, -36.637773387593107 ], [ -72.064638879215394, -36.637773159284691 ], [ -72.064647744921032, -36.637772931004392 ], [ -72.064656895039704, -36.637779848522996 ], [ -72.064665760745939, -36.637779620241311 ], [ -72.064674627569147, -36.637779391930209 ], [ -72.064692643361937, -36.637786080262622 ], [ -72.064701509068655, -36.637785851978251 ], [ -72.064728108422159, -36.637785167063626 ], [ -72.064736974128436, -36.637784938776619 ], [ -72.06474584095163, -36.637784710460188 ], [ -72.064799321847076, -36.637790486461391 ], [ -72.064808187553396, -36.637790258169062 ], [ -72.064825920082725, -36.637789801553637 ], [ -72.064843935889485, -36.637796489862396 ], [ -72.064852802713119, -36.637796261537943 ], [ -72.064861668419667, -36.637796033241592 ], [ -72.064870535243102, -36.637795804915818 ], [ -72.064888267772659, -36.637795348291064 ], [ -72.064915150444946, -36.637801809161147 ], [ -72.064932882975114, -36.637801352529692 ], [ -72.064941748681576, -36.637801124227352 ], [ -72.064950615504955, -36.637800895895587 ], [ -72.064968348034327, -36.637800439258861 ], [ -72.064977213740377, -36.637800210953877 ], [ -72.064994946269195, -36.6377997543132 ], [ -72.065003813091963, -36.637799525977485 ], [ -72.065021545620141, -36.637799069332843 ], [ -72.065030411325608, -36.63779884102393 ], [ -72.065039278147992, -36.637798612685586 ], [ -72.065057293972984, -36.63780530096107 ], [ -72.065066159678864, -36.637805072649456 ], [ -72.065084175543163, -36.63781176182092 ], [ -72.065101908072847, -36.637811305164192 ], [ -72.065110774896041, -36.637811076820455 ], [ -72.06511964060212, -36.637810848504834 ], [ -72.065137373130995, -36.637810391842834 ], [ -72.06514652325977, -36.637817308421234 ], [ -72.065164255789682, -36.637816851755169 ], [ -72.065173121495988, -36.637816623435526 ], [ -72.065182271664227, -36.637823540911207 ], [ -72.065191138488174, -36.637823312561423 ], [ -72.065200004194978, -36.637823084239749 ], [ -72.065208871018712, -36.637822855888651 ], [ -72.06521773672533, -36.637822627565669 ], [ -72.065244336078607, -36.637821942535204 ], [ -72.065253201784827, -36.637821714209586 ], [ -72.065270934313972, -36.637821257527584 ], [ -72.065288666842719, -36.637820800842952 ], [ -72.065315266193593, -36.6378201157967 ], [ -72.065324131899018, -36.637819887465803 ], [ -72.065350731248699, -36.637819202411634 ], [ -72.065368463775641, -36.637818745715151 ], [ -72.0653861963022, -36.637818289016032 ], [ -72.065395062006829, -36.637818060679862 ], [ -72.065403928828346, -36.637817832314276 ], [ -72.065421661354108, -36.637817375609878 ], [ -72.065430527058339, -36.637817147271093 ], [ -72.065439393879458, -36.637816918902864 ], [ -72.065457126404411, -36.637816462193214 ], [ -72.065474858928965, -36.637816005480921 ], [ -72.065483725749587, -36.637815777109402 ], [ -72.065492591453122, -36.637815548766 ], [ -72.065501458273545, -36.637815320393159 ], [ -72.065510323976881, -36.637815092048434 ], [ -72.065528056500241, -36.637814635328247 ], [ -72.065536923320252, -36.637814406952764 ], [ -72.065563238165609, -36.637806576057741 ], [ -72.06558068734013, -36.637798974407886 ], [ -72.065589270775519, -36.637791600206512 ], [ -72.065615585642817, -36.637783770200699 ], [ -72.065633034770954, -36.637776167643395 ], [ -72.065659634097898, -36.637775482520951 ], [ -72.06567679986496, -36.637760735036196 ], [ -72.065694532373072, -36.637760278291793 ], [ -72.065720847217591, -36.637752448263655 ], [ -72.065729430634022, -36.637745074052987 ], [ -72.065738297444398, -36.637744845662901 ], [ -72.065756029947863, -36.637744388909518 ], [ -72.065773762450945, -36.637743932153505 ], [ -72.065791494953601, -36.637743475394871 ], [ -72.065800360646293, -36.637743247028929 ], [ -72.065809227455887, -36.637743018633572 ], [ -72.065826959957747, -36.637742561869651 ], [ -72.065844409089536, -36.637734960182918 ], [ -72.065844125684265, -36.637727814362492 ], [ -72.065861574810953, -36.63772021267345 ], [ -72.065869873721127, -36.63770569356209 ], [ -72.065895622824598, -36.637683571827765 ], [ -72.065912788524969, -36.637668824311788 ], [ -72.065921370832072, -36.637661451017472 ], [ -72.065929670842181, -36.637646931873881 ], [ -72.065946553114401, -36.637625038533749 ], [ -72.065946269736514, -36.637617893614078 ], [ -72.065954851999223, -36.637610519417485 ], [ -72.065954285206629, -36.637596228678014 ], [ -72.065962868618968, -36.637588855352419 ], [ -72.065971450876987, -36.637581481154832 ], [ -72.065988616540793, -36.637566733629413 ], [ -72.066040964802795, -36.637543926668812 ], [ -72.066075862893513, -36.637528722335574 ], [ -72.066102177616088, -36.637520892228274 ], [ -72.0661370756834, -36.637505687878111 ], [ -72.066145659032188, -36.637498313640293 ], [ -72.066154241298079, -36.637490940330885 ], [ -72.066162541247209, -36.637476421173567 ], [ -72.066171406906221, -36.637476192781456 ], [ -72.066179706850676, -36.63746167362315 ], [ -72.066196872447577, -36.637446926070531 ], [ -72.066205454667212, -36.637439551857675 ], [ -72.06621403803797, -36.637432178515702 ], [ -72.066231203621825, -36.637417430958649 ], [ -72.066248369199144, -36.637402683399408 ], [ -72.066265818174926, -36.637395080755773 ], [ -72.06626553476994, -36.637387935837971 ], [ -72.066282700334199, -36.637373188274324 ], [ -72.066290716804843, -36.637351523291656 ], [ -72.06630788235644, -36.63733677572489 ], [ -72.066316181144458, -36.637322256587446 ], [ -72.066333063238801, -36.637300363199806 ], [ -72.066349945359548, -36.637278470710385 ], [ -72.066375694184387, -36.637256348883781 ], [ -72.066383992951771, -36.637241829742443 ], [ -72.066395719500107, -36.637226623042409 ], [ -72.066400875045957, -36.637219937246869 ], [ -72.066409174922029, -36.637205418075297 ], [ -72.06641775709511, -36.637198043849068 ], [ -72.066434639170751, -36.637176151349443 ], [ -72.066443222455234, -36.637168777092832 ], [ -72.066451237781692, -36.637147113030764 ], [ -72.066459537641194, -36.637132593856336 ], [ -72.066476703077441, -36.637117845368302 ], [ -72.066485001812325, -36.637103326221208 ], [ -72.066493301661211, -36.637088807044854 ], [ -72.066510467117226, -36.637074059452807 ], [ -72.066527632566718, -36.637059311858579 ], [ -72.066544798009701, -36.637044564262148 ], [ -72.066553097841506, -36.637030045082312 ], [ -72.066561396553382, -36.637015525930785 ], [ -72.066578561980421, -36.63700077833014 ], [ -72.066586861801611, -36.636986259148372 ], [ -72.066595160502828, -36.636971739994927 ], [ -72.066612325913965, -36.636956992390047 ], [ -72.066611475581155, -36.636935556741804 ], [ -72.066618925020407, -36.636899601009809 ], [ -72.066626656805511, -36.636870791122469 ], [ -72.066625239534872, -36.636835063841708 ], [ -72.066624105734448, -36.636806482377011 ], [ -72.066632122095982, -36.636784818276965 ], [ -72.066631555195329, -36.636770527544584 ], [ -72.066639570399005, -36.63674886257278 ], [ -72.066639003497727, -36.636734571840435 ], [ -72.066647019849029, -36.636712907739692 ], [ -72.066664185195719, -36.636698160129946 ], [ -72.066663618290946, -36.6366838693978 ], [ -72.066671633478222, -36.636662204424404 ], [ -72.066679366343024, -36.636633394505893 ], [ -72.066687098085765, -36.636604584615817 ], [ -72.066694830940477, -36.636575774696588 ], [ -72.066702562673186, -36.636546964805788 ], [ -72.066719161062466, -36.636517926458104 ], [ -72.06672774424969, -36.636510552184923 ], [ -72.066760657542318, -36.636445330566346 ], [ -72.066777255854376, -36.636416291311946 ], [ -72.066801303544963, -36.636351298116246 ], [ -72.066801020065597, -36.63634415230058 ], [ -72.066800453142832, -36.636329861569415 ], [ -72.066808468297225, -36.636308197489392 ], [ -72.06680761789444, -36.636286760942568 ], [ -72.066815634160136, -36.636265096833455 ], [ -72.066814783756712, -36.636243660286588 ], [ -72.066822798899778, -36.636221996205947 ], [ -72.066839964072983, -36.636207247676225 ], [ -72.066857129275419, -36.636192500044515 ], [ -72.066856845828241, -36.636185355129221 ], [ -72.066865145519102, -36.636170835932852 ], [ -72.066873444090007, -36.636156316764811 ], [ -72.066881460290318, -36.636134651752144 ], [ -72.066906073640865, -36.636083949300073 ], [ -72.066922104925354, -36.636040620200035 ], [ -72.066938703134753, -36.636011581828477 ], [ -72.066955301332314, -36.635982543455121 ], [ -72.066954734352819, -36.635968251824941 ], [ -72.06697161602699, -36.635946359264842 ], [ -72.06697934872598, -36.635917549332412 ], [ -72.066987647251054, -36.63590303015814 ], [ -72.067004245409322, -36.635873991779405 ], [ -72.067011127645856, -36.63582374530106 ], [ -72.067019142697802, -36.635802081210478 ], [ -72.067018859203969, -36.635794935395609 ], [ -72.067027158826903, -36.635780416190514 ], [ -72.067035457329879, -36.635765897013684 ], [ -72.067043473451292, -36.635744231992895 ], [ -72.067043189991523, -36.635737087078354 ], [ -72.067180510316362, -36.635619105773749 ], [ -72.067404790065467, -36.635455966374494 ], [ -72.067525227988696, -36.635359878226112 ], [ -72.067824685860018, -36.635302091001009 ], [ -72.068048603780667, -36.635353540690879 ], [ -72.068270179109248, -36.635569562138123 ], [ -72.068407138691825, -36.635666168764985 ], [ -72.068709434370845, -36.635679833704607 ], [ -72.069043222763042, -36.635592547611253 ], [ -72.069498579426167, -36.635437752004094 ], [ -72.069971099660847, -36.63526820666047 ], [ -72.07064469609513, -36.635021944651363 ], [ -72.071203031237246, -36.634778653958833 ], [ -72.071567165987744, -36.634561829956233 ], [ -72.073262834392125, -36.633459463032104 ], [ -72.073749371904398, -36.633196556093971 ], [ -72.073996190010831, -36.633154419137362 ], [ -72.074270457657278, -36.633133030218538 ], [ -72.075146453241999, -36.633067485413385 ], [ -72.075633147381211, -36.633023596114533 ] ] ] } },
{ "type": "Feature", "properties": { "zona": "69" }, "geometry": { "type": "Polygon", "coordinates": [ [ [ -72.079134481471399, -36.625709963937666 ], [ -72.077269045875525, -36.625736078990805 ], [ -72.077328148247673, -36.625894192996306 ], [ -72.077748243613684, -36.627084980841381 ], [ -72.077961141174981, -36.627751826449121 ], [ -72.078135501147884, -36.628119256642279 ], [ -72.078260418129616, -36.628359217404366 ], [ -72.078407048439672, -36.628698752709063 ], [ -72.0784973129376, -36.629182800452533 ], [ -72.078764837902156, -36.629883995052118 ], [ -72.078839981378579, -36.630211073374191 ], [ -72.078912896362795, -36.630259256328912 ], [ -72.079002072732976, -36.630492987516405 ], [ -72.079106989684618, -36.630676242431008 ], [ -72.079352468252679, -36.630718101090409 ], [ -72.079580303473421, -36.630682403852774 ], [ -72.079757136792807, -36.630665907664657 ], [ -72.079898453013158, -36.630686093025517 ], [ -72.080001881614052, -36.630683416744098 ], [ -72.080052411115958, -36.630652307351887 ], [ -72.080078166743235, -36.630556271635825 ], [ -72.080235953534526, -36.630432977426231 ], [ -72.080430915801088, -36.630314681851033 ], [ -72.080582500592257, -36.630221350478919 ], [ -72.080659494884969, -36.63011206760968 ], [ -72.080699788738301, -36.630009695486933 ], [ -72.080787492162045, -36.629983582775033 ], [ -72.081004582569491, -36.630049491107606 ], [ -72.081044842805994, -36.630131896390189 ], [ -72.08106317809542, -36.630220830097834 ], [ -72.081035761812302, -36.630275184389134 ], [ -72.081075310449506, -36.630339727134299 ], [ -72.081165861385614, -36.630385067798294 ], [ -72.081337915445246, -36.630434258539424 ], [ -72.081457306448456, -36.63046097054076 ], [ -72.081669383590722, -36.630586612026363 ], [ -72.08202010832629, -36.631036493552507 ], [ -72.082222398251886, -36.631287559353858 ], [ -72.082333660630468, -36.631481375640824 ], [ -72.082466137933068, -36.631650801462641 ], [ -72.082519514460699, -36.631691142829489 ], [ -72.082951361918887, -36.631578629087095 ], [ -72.083452099794968, -36.631339157290945 ], [ -72.083952835584682, -36.631099683494845 ], [ -72.083756081160701, -36.630431239770168 ], [ -72.083767769260874, -36.630353449633333 ], [ -72.085063465885966, -36.628537671412531 ], [ -72.087533133389243, -36.625141935064711 ], [ -72.085084791857824, -36.625269622423197 ], [ -72.084805668230359, -36.625284176057498 ], [ -72.082789360526618, -36.625458006256899 ], [ -72.08177333309132, -36.625570146926421 ], [ -72.079134481471399, -36.625709963937666 ] ] ] } },
{ "type": "Feature", "properties": { "zona": "84" }, "geometry": { "type": "Polygon", "coordinates": [ [ [ -72.082069970691123, -36.636816941230606 ], [ -72.081905783422727, -36.636356785266265 ], [ -72.081893914463663, -36.636059065169569 ], [ -72.081923051307569, -36.635676835954627 ], [ -72.082007971762593, -36.635209714936131 ], [ -72.082007555753094, -36.634828250019254 ], [ -72.082096272085366, -36.634456399782401 ], [ -72.082240294455659, -36.633987747243708 ], [ -72.082358087048092, -36.633603222043561 ], [ -72.082502581380908, -36.633146477902592 ], [ -72.082524061366811, -36.632943263284957 ], [ -72.082466440091792, -36.632610965279859 ], [ -72.082579007182133, -36.63209544236323 ], [ -72.082519514460699, -36.631691142829489 ], [ -72.082466137933068, -36.631650801462641 ], [ -72.082333660630468, -36.631481375640824 ], [ -72.082222398251886, -36.631287559353858 ], [ -72.08202010832629, -36.631036493552507 ], [ -72.081669383590722, -36.630586612026363 ], [ -72.081457306448456, -36.63046097054076 ], [ -72.081337915445246, -36.630434258539424 ], [ -72.081165861385614, -36.630385067798294 ], [ -72.081075310449506, -36.630339727134299 ], [ -72.081035761812302, -36.630275184389134 ], [ -72.08106317809542, -36.630220830097834 ], [ -72.081044842805994, -36.630131896390189 ], [ -72.081004582569491, -36.630049491107606 ], [ -72.080787492162045, -36.629983582775033 ], [ -72.080699788738301, -36.630009695486933 ], [ -72.080659494884969, -36.63011206760968 ], [ -72.080582500592257, -36.630221350478919 ], [ -72.080430915801088, -36.630314681851033 ], [ -72.080235953534526, -36.630432977426231 ], [ -72.080078166743235, -36.630556271635825 ], [ -72.080052411115958, -36.630652307351887 ], [ -72.080001881614052, -36.630683416744098 ], [ -72.079898453013158, -36.630686093025517 ], [ -72.079757136792807, -36.630665907664657 ], [ -72.079580303473421, -36.630682403852774 ], [ -72.079352468252679, -36.630718101090409 ], [ -72.079106989684618, -36.630676242431008 ], [ -72.079028908374411, -36.630721179059115 ], [ -72.078278481818572, -36.630819267367713 ], [ -72.077936998892753, -36.6309353884118 ], [ -72.077630407613213, -36.631036301026839 ], [ -72.077382695576716, -36.631278743672567 ], [ -72.077094352033654, -36.631615220277681 ], [ -72.076725880020845, -36.632168348893053 ], [ -72.076430938829191, -36.632562215754568 ], [ -72.076139458356238, -36.632820093409521 ], [ -72.075924641293398, -36.632997308688402 ], [ -72.075146453242013, -36.633067485413385 ], [ -72.074270457657278, -36.633133030218538 ], [ -72.073996190010831, -36.633154419137362 ], [ -72.073749371904412, -36.633196556093985 ], [ -72.073262834392139, -36.633459463032111 ], [ -72.071567165987744, -36.63456182995624 ], [ -72.071203031237246, -36.634778653958833 ], [ -72.070644696095144, -36.635021944651363 ], [ -72.069971099660862, -36.635268206660477 ], [ -72.069498579426181, -36.635437752004108 ], [ -72.069043222763057, -36.635592547611253 ], [ -72.068709434370845, -36.635679833704621 ], [ -72.068407138691825, -36.635666168764992 ], [ -72.068270179109263, -36.635569562138123 ], [ -72.068048603780667, -36.635353540690879 ], [ -72.067824685860032, -36.635302091001002 ], [ -72.06752522798871, -36.635359878226112 ], [ -72.067404790065495, -36.635455966374501 ], [ -72.067180510316362, -36.635619105773749 ], [ -72.067043189991537, -36.635737087078354 ], [ -72.067043473451307, -36.635744231992902 ], [ -72.067035457329879, -36.635765897013705 ], [ -72.067027158826903, -36.635780416190507 ], [ -72.067018859203984, -36.635794935395616 ], [ -72.067019142697816, -36.635802081210478 ], [ -72.067011127645884, -36.635823745301067 ], [ -72.067004245409336, -36.635873991779427 ], [ -72.066987647251082, -36.635903030158147 ], [ -72.06697934872598, -36.635917549332433 ], [ -72.06697161602699, -36.635946359264857 ], [ -72.066954734352834, -36.635968251824941 ], [ -72.066955301332328, -36.635982543455107 ], [ -72.066938703134781, -36.636011581828491 ], [ -72.066922104925354, -36.636040620200035 ], [ -72.066906073640865, -36.636083949300094 ], [ -72.066881460290318, -36.636134651752151 ], [ -72.066873444090021, -36.636156316764819 ], [ -72.066865145519102, -36.636170835932866 ], [ -72.066856845828227, -36.636185355129243 ], [ -72.066857129275405, -36.636192500044515 ], [ -72.066839964072997, -36.636207247676239 ], [ -72.066822798899778, -36.636221996205947 ], [ -72.066814783756712, -36.636243660286603 ], [ -72.066815634160136, -36.636265096833455 ], [ -72.066807617894426, -36.636286760942568 ], [ -72.066808468297211, -36.636308197489399 ], [ -72.066800453142832, -36.636329861569422 ], [ -72.066801020065597, -36.63634415230058 ], [ -72.066801303544963, -36.636351298116253 ], [ -72.066777255854376, -36.636416291311946 ], [ -72.066760657542304, -36.636445330566346 ], [ -72.06672774424969, -36.636510552184937 ], [ -72.06671916106248, -36.636517926458119 ], [ -72.066702562673186, -36.636546964805802 ], [ -72.066694830940477, -36.636575774696603 ], [ -72.066687098085779, -36.636604584615817 ], [ -72.066679366343024, -36.636633394505893 ], [ -72.066671633478236, -36.636662204424418 ], [ -72.066663618290946, -36.636683869397814 ], [ -72.066664185195734, -36.63669816012996 ], [ -72.066647019849029, -36.636712907739707 ], [ -72.066639003497755, -36.636734571840442 ], [ -72.066639570399033, -36.63674886257278 ], [ -72.066631555195329, -36.636770527544591 ], [ -72.066632122095982, -36.636784818276965 ], [ -72.066624105734448, -36.636806482377011 ], [ -72.066625239534872, -36.636835063841708 ], [ -72.066626656805511, -36.636870791122476 ], [ -72.066618925020407, -36.636899601009809 ], [ -72.066611475581155, -36.636935556741818 ], [ -72.066612325913965, -36.636956992390061 ], [ -72.066595160502857, -36.636971739994927 ], [ -72.066586861801625, -36.636986259148365 ], [ -72.066578561980421, -36.63700077833014 ], [ -72.066561396553382, -36.637015525930785 ], [ -72.066553097841506, -36.637030045082312 ], [ -72.066544798009701, -36.637044564262148 ], [ -72.066527632566718, -36.637059311858579 ], [ -72.066510467117226, -36.637074059452821 ], [ -72.066493301661211, -36.637088807044854 ], [ -72.06648500181231, -36.637103326221208 ], [ -72.066476703077441, -36.637117845368323 ], [ -72.066459537641208, -36.637132593856343 ], [ -72.066451237781692, -36.637147113030764 ], [ -72.066443222455234, -36.637168777092832 ], [ -72.066434639170751, -36.63717615134945 ], [ -72.066417757095138, -36.637198043849068 ], [ -72.066409174922043, -36.637205418075318 ], [ -72.066400875045957, -36.637219937246869 ], [ -72.066395719500107, -36.637226623042395 ], [ -72.066527515628465, -36.637365211214558 ], [ -72.066524785221461, -36.637437231780034 ], [ -72.066530246272123, -36.637495946167604 ], [ -72.066543366850937, -36.637536823714591 ], [ -72.06656642343512, -36.637555409183477 ], [ -72.066602218610583, -36.637569811430019 ], [ -72.066633656457043, -36.637588612578867 ], [ -72.066644329544914, -36.637620415780042 ], [ -72.066644035043836, -36.637683484898446 ], [ -72.066633277539495, -36.637764327025245 ], [ -72.066631398664654, -36.637813839911104 ], [ -72.066624772542966, -36.637822691159315 ], [ -72.066618145338538, -36.637831543336205 ], [ -72.066574890544885, -36.637866515719104 ], [ -72.066559899693601, -36.637893185028922 ], [ -72.066548231637711, -36.637924440150648 ], [ -72.066550883882698, -36.637965056645008 ], [ -72.066563822424769, -36.637992407604024 ], [ -72.066566538458247, -36.638003739542256 ], [ -72.066569254564058, -36.638015073280783 ], [ -72.06657747562052, -36.638037801368036 ], [ -72.06657854124758, -36.638064860785484 ], [ -72.066575251988255, -36.638096325359385 ], [ -72.066565509626827, -36.638132124794879 ], [ -72.066551927345458, -36.638176855076715 ], [ -72.066544455186246, -36.638208210250703 ], [ -72.066549024586237, -36.638253380287502 ], [ -72.06656529777635, -36.638303342827498 ], [ -72.066617887552852, -36.638354205244873 ], [ -72.066675711512488, -36.638414199927659 ], [ -72.066678535492485, -36.638450320790589 ], [ -72.066667030910395, -36.638477072400953 ], [ -72.066640519520249, -36.638494438888827 ], [ -72.066565640136048, -36.638497098995842 ], [ -72.066495646383999, -36.638499881890176 ], [ -72.0664340440525, -36.638520892744346 ], [ -72.06642121820218, -36.638527333707238 ], [ -72.066408395843538, -36.638533778183323 ], [ -72.066389746764045, -36.638564859006024 ], [ -72.066368304053967, -36.638595872125407 ], [ -72.066356788556163, -36.638604593407784 ], [ -72.066345273591381, -36.638613328192214 ], [ -72.066308453754033, -36.638625931016072 ], [ -72.066255920340978, -36.638629146140737 ], [ -72.066220481357703, -36.638623762981481 ], [ -72.066194460532614, -36.638609609848935 ], [ -72.066181715751227, -36.63860479005978 ], [ -72.066168967584616, -36.638599969455321 ], [ -72.066132832404364, -36.638594568159789 ], [ -72.066123749648341, -36.638594344373594 ], [ -72.066114674854262, -36.638594123986095 ], [ -72.066076103946131, -36.638597677708653 ], [ -72.066040490465184, -36.638596802806283 ], [ -72.065993539603269, -36.638600147945816 ], [ -72.065939604783111, -36.638603326039977 ], [ -72.065882879548013, -36.63860643271039 ], [ -72.065838553302825, -36.638614352769686 ], [ -72.065795273151096, -36.638631310269972 ], [ -72.065748852578494, -36.638639174306093 ], [ -72.065705765459015, -36.638669655372581 ], [ -72.065688509429918, -36.638700767793438 ], [ -72.065663415565922, -36.638754222705252 ], [ -72.065625398889068, -36.638798341411245 ], [ -72.065596103882214, -36.638833663973173 ], [ -72.065562091529912, -36.638864368120892 ], [ -72.065530873859828, -36.638895139051272 ], [ -72.065522167995198, -36.638921957246865 ], [ -72.065478376557678, -36.638952419429557 ], [ -72.065463385965401, -36.638979081394034 ], [ -72.065442283406469, -36.639001089675489 ], [ -72.065421707833309, -36.63902761793414 ], [ -72.065383691032267, -36.639071740174657 ], [ -72.065343576665242, -36.639115810093777 ], [ -72.065318134373015, -36.639160233837963 ], [ -72.065284471749237, -36.63919996086652 ], [ -72.065291672926207, -36.639249704868895 ], [ -72.065275813487659, -36.639280852453972 ], [ -72.065238833260693, -36.639315985377813 ], [ -72.065213375337038, -36.639342394237453 ], [ -72.06518266396364, -36.639359660417242 ], [ -72.065131369787608, -36.639385428005674 ], [ -72.065086357000979, -36.639411352806825 ], [ -72.065048846507878, -36.639441971182841 ], [ -72.065020952279042, -36.639477326923576 ], [ -72.065014761202718, -36.639483932096539 ], [ -72.06500857026812, -36.639490540870021 ], [ -72.064969651444969, -36.639503099121576 ], [ -72.064910333690833, -36.639537680774367 ], [ -72.064882614287072, -36.639586556949617 ], [ -72.064875494813933, -36.639626939417738 ], [ -72.064845509719888, -36.639680266006515 ], [ -72.064809586506811, -36.639724441395181 ], [ -72.064774006996799, -36.639759603893879 ], [ -72.064736160902768, -36.639799222231311 ], [ -72.064678932863117, -36.639833864406647 ], [ -72.064611066415509, -36.639872737318782 ], [ -72.064548101461369, -36.639929759680591 ], [ -72.06450171840882, -36.639991701427306 ], [ -72.064467188111408, -36.640035904832665 ], [ -72.064418527780973, -36.640084266673846 ], [ -72.064366731804753, -36.640141564573959 ], [ -72.064324182507548, -36.640194587347004 ], [ -72.064294713727421, -36.640234410687569 ], [ -72.064244658437403, -36.640282735385377 ], [ -72.064188499165709, -36.640344436701263 ], [ -72.064126052463521, -36.640405974556558 ], [ -72.06408384365335, -36.640449992562331 ], [ -72.064038150354847, -36.640493921837177 ], [ -72.063996649934509, -36.640555981902246 ], [ -72.063933872158771, -36.640626524105045 ], [ -72.063873718597335, -36.640719660186193 ], [ -72.063818790533546, -36.640785892032255 ], [ -72.063779744686286, -36.640857019027052 ], [ -72.063699017574436, -36.640976685663411 ], [ -72.063627344385864, -36.641060526597251 ], [ -72.063524573483505, -36.641116567180816 ], [ -72.063377474375372, -36.641180526001186 ], [ -72.063250962735154, -36.641235977116466 ], [ -72.063042938476457, -36.641302939993118 ], [ -72.062859873815952, -36.641356993186001 ], [ -72.062762145258716, -36.641390632982251 ], [ -72.062696195838882, -36.641434062055026 ], [ -72.062637581559528, -36.64148668574488 ], [ -72.062573771989676, -36.64158423617387 ], [ -72.06251469263924, -36.641704429052368 ], [ -72.062467623761592, -36.641784376836512 ], [ -72.062429088945066, -36.641842000436554 ], [ -72.062379885343063, -36.641867820322659 ], [ -72.062253360020875, -36.641905248276359 ], [ -72.062139228290235, -36.641947489129421 ], [ -72.062029282556509, -36.641989831239471 ], [ -72.061938901261556, -36.64203266115279 ], [ -72.061889282998862, -36.64209247831203 ], [ -72.061683641383723, -36.642257504605325 ], [ -72.061593656269807, -36.642674675438798 ], [ -72.061642710180422, -36.643016742791019 ], [ -72.061887403202732, -36.643368082402922 ], [ -72.061904388223368, -36.643796806686133 ], [ -72.061741768419694, -36.644172929307821 ], [ -72.061735923578112, -36.644473492809574 ], [ -72.061954394860393, -36.644610925649665 ], [ -72.06215117023666, -36.644648779802189 ], [ -72.062350209723988, -36.644743795831019 ], [ -72.062437568906745, -36.645156403722872 ], [ -72.062349284525482, -36.645616447225848 ], [ -72.06213629059657, -36.646065394136997 ], [ -72.0621974229648, -36.646264095952851 ], [ -72.061978197923608, -36.646555844193784 ], [ -72.061671431454812, -36.646878453965151 ], [ -72.061438431136565, -36.64727069303504 ], [ -72.061169393856417, -36.647649553288474 ], [ -72.060624518136365, -36.648235781984049 ], [ -72.060196988722211, -36.648647326784456 ], [ -72.060082464014869, -36.648893463373518 ], [ -72.060058878409336, -36.649194482035817 ], [ -72.060170949413688, -36.649334654607635 ], [ -72.06041982444205, -36.64941766335015 ], [ -72.061397000726487, -36.649809770074484 ], [ -72.062284208322495, -36.651664521410737 ], [ -72.066656152699181, -36.648124617642146 ], [ -72.067601428533735, -36.647712819927008 ], [ -72.068315553035973, -36.647068551270387 ], [ -72.072066851432837, -36.644092321568102 ], [ -72.075951400889195, -36.64118814306363 ], [ -72.078908463715422, -36.639070790908406 ], [ -72.078985903719527, -36.638935271266178 ], [ -72.080094974602446, -36.638258066435874 ], [ -72.080541210584514, -36.637874580158851 ], [ -72.081210101624606, -36.637733285975024 ], [ -72.082069970691123, -36.636816941230606 ] ] ] } },
{ "type": "Feature", "properties": { "zona": "55" }, "geometry": { "type": "Polygon", "coordinates": [ [ [ -72.085507226401248, -36.618234927628791 ], [ -72.085720067908525, -36.619066272828398 ], [ -72.086505231806996, -36.621620874575612 ], [ -72.087122427387499, -36.623735111944221 ], [ -72.087533133389243, -36.625141935064711 ], [ -72.090420641717117, -36.624989024626394 ], [ -72.090906957528873, -36.624905979836093 ], [ -72.09183669753844, -36.624747209832634 ], [ -72.092412419851499, -36.624646422115639 ], [ -72.093733907706351, -36.624407041671887 ], [ -72.09625523091951, -36.623993391217581 ], [ -72.097881702081125, -36.623688810792956 ], [ -72.096691422631835, -36.622101181047178 ], [ -72.096475567055222, -36.621813257891453 ], [ -72.096080390815573, -36.621251325790787 ], [ -72.095522424974533, -36.620169098022039 ], [ -72.095201987986698, -36.619552765830214 ], [ -72.095175110226592, -36.619472401852924 ], [ -72.095171869941879, -36.619391422377376 ], [ -72.096267546651134, -36.617503242226647 ], [ -72.096309745507085, -36.617332464036238 ], [ -72.096239980162039, -36.617362889107788 ], [ -72.096182795065005, -36.617375106049103 ], [ -72.095966492824445, -36.61740218902537 ], [ -72.095727316126741, -36.617411985562732 ], [ -72.094220058270295, -36.617440443320241 ], [ -72.093181063143831, -36.617455804775886 ], [ -72.092943112471445, -36.617459321804589 ], [ -72.09284233023736, -36.617268818634983 ], [ -72.092805304334306, -36.617230440413152 ], [ -72.092773567619901, -36.617213384023508 ], [ -72.092083913150006, -36.617274215030037 ], [ -72.091590258115687, -36.617354986110534 ], [ -72.091489181360799, -36.617379069396975 ], [ -72.091247571133991, -36.617438988131596 ], [ -72.091071723278972, -36.61747931791411 ], [ -72.091014394304409, -36.617487958674893 ], [ -72.091016963838541, -36.617552266152522 ], [ -72.091079574737932, -36.617675811371292 ], [ -72.090549740773511, -36.617850502366629 ], [ -72.089335374554196, -36.618214621760117 ], [ -72.088116706500244, -36.618582416197007 ], [ -72.086784660631864, -36.6188887649351 ], [ -72.08525083627228, -36.617362093785879 ], [ -72.085507226401248, -36.618234927628791 ] ] ] } },
{ "type": "Feature", "properties": { "zona": "68" }, "geometry": { "type": "Polygon", "coordinates": [ [ [ -72.087533133389243, -36.625141935064711 ], [ -72.085063465885966, -36.628537671412531 ], [ -72.083767769260874, -36.630353449633333 ], [ -72.083756081160701, -36.630431239770168 ], [ -72.083952835584682, -36.631099683494845 ], [ -72.084385804875012, -36.630891099611851 ], [ -72.084660502107468, -36.630769538824566 ], [ -72.085058314500415, -36.630619751593699 ], [ -72.085474283497462, -36.63048022203678 ], [ -72.085579811128738, -36.63045602812911 ], [ -72.085760693604712, -36.630429881518417 ], [ -72.08593356673687, -36.630425399745924 ], [ -72.087385609515252, -36.630608704264347 ], [ -72.08741418529884, -36.630612311857853 ], [ -72.087984140715577, -36.630678193112949 ], [ -72.088073149990578, -36.63068482479197 ], [ -72.088180272440056, -36.630682045556874 ], [ -72.089062512708409, -36.630649039373601 ], [ -72.090785809506514, -36.630468402927001 ], [ -72.09095367776041, -36.630449738552997 ], [ -72.091438122072844, -36.630358478975829 ], [ -72.092221696170753, -36.630202224877607 ], [ -72.092335800866039, -36.630170650018535 ], [ -72.092836256868949, -36.630036052176763 ], [ -72.093343861601923, -36.629858350737436 ], [ -72.093579218178292, -36.629752097298436 ], [ -72.093709336508169, -36.629677189209346 ], [ -72.093856898841608, -36.629594674498698 ], [ -72.094037062091758, -36.62943978596676 ], [ -72.094524928292884, -36.628990793060872 ], [ -72.094731969163476, -36.628842356929113 ], [ -72.095216969306307, -36.62854364131605 ], [ -72.096100311909922, -36.627998525407151 ], [ -72.097233573655373, -36.627489817062873 ], [ -72.099600140200153, -36.626534135872248 ], [ -72.09944513094473, -36.626209151039092 ], [ -72.098978121453058, -36.625405911267684 ], [ -72.09848281054488, -36.624560489458219 ], [ -72.097881702081125, -36.623688810792956 ], [ -72.09625523091951, -36.623993391217581 ], [ -72.093733907706351, -36.624407041671887 ], [ -72.092412419851499, -36.624646422115639 ], [ -72.09183669753844, -36.624747209832634 ], [ -72.090906957528873, -36.624905979836093 ], [ -72.090420641717117, -36.624989024626394 ], [ -72.087533133389243, -36.625141935064711 ] ] ] } },
{ "type": "Feature", "properties": { "zona": "54" }, "geometry": { "type": "Polygon", "coordinates": [ [ [ -72.096271253529991, -36.617221275939471 ], [ -72.096309745507085, -36.617332464036238 ], [ -72.096267546651134, -36.617503242226647 ], [ -72.095171869941879, -36.619391422377376 ], [ -72.095175110226592, -36.619472401852924 ], [ -72.095201987986698, -36.619552765830214 ], [ -72.095522424974533, -36.620169098022039 ], [ -72.096080390815573, -36.621251325790787 ], [ -72.096475567055222, -36.621813257891453 ], [ -72.096691422631835, -36.622101181047178 ], [ -72.097881702081125, -36.623688810792956 ], [ -72.099687028556588, -36.623368662921933 ], [ -72.099998516913743, -36.623317635723105 ], [ -72.100726716787406, -36.62318422667888 ], [ -72.101256283173711, -36.623113210178353 ], [ -72.101656220875199, -36.623055106466637 ], [ -72.102209041472818, -36.622973942414447 ], [ -72.10284459330488, -36.622890620248114 ], [ -72.103097937381307, -36.622864942320057 ], [ -72.10336920197085, -36.622843565363461 ], [ -72.103951044103724, -36.622785479282669 ], [ -72.104363273951748, -36.622738965963727 ], [ -72.104560385425074, -36.622749322722527 ], [ -72.10464205500277, -36.621836425821229 ], [ -72.104667203925629, -36.621726095983007 ], [ -72.10468644418259, -36.621615921147139 ], [ -72.104688971616426, -36.621604972450307 ], [ -72.104787232546727, -36.621179366306727 ], [ -72.104856596143819, -36.620991589320575 ], [ -72.104946921189182, -36.620736507274493 ], [ -72.105228025878148, -36.620223722615705 ], [ -72.10534502638022, -36.619896418359389 ], [ -72.105289491894254, -36.6193971835404 ], [ -72.105235296867122, -36.618931291953388 ], [ -72.105183989036306, -36.618684672890886 ], [ -72.105161481231676, -36.618566049537421 ], [ -72.105028020089833, -36.618335878508084 ], [ -72.104845566515181, -36.61806406946134 ], [ -72.104568550426293, -36.617646904424554 ], [ -72.104422891605239, -36.617407514208729 ], [ -72.104128519671022, -36.616852517062185 ], [ -72.103476024045065, -36.615528621516468 ], [ -72.102548800822888, -36.615758949597776 ], [ -72.096271253529991, -36.617221275939471 ] ] ] } },
{ "type": "Feature", "properties": { "zona": "52" }, "geometry": { "type": "Polygon", "coordinates": [ [ [ -72.108242057071124, -36.614485423280449 ], [ -72.108008379844478, -36.614501556347122 ], [ -72.107971668039468, -36.614502142631828 ], [ -72.107872893511711, -36.614495710150713 ], [ -72.107774404733036, -36.614486874060049 ], [ -72.108260385041177, -36.615943789931947 ], [ -72.109588995207815, -36.615665903141903 ], [ -72.110738061662573, -36.618425402223636 ], [ -72.111643242400817, -36.62085509050695 ], [ -72.111732744089167, -36.620874209155907 ], [ -72.113235926926578, -36.620963652329166 ], [ -72.113716593670063, -36.621001148972944 ], [ -72.11447261852588, -36.621045743890448 ], [ -72.115100202990732, -36.621095841642408 ], [ -72.115648268476093, -36.62305303380667 ], [ -72.115844821223362, -36.623820370005781 ], [ -72.115999395805929, -36.624426679089616 ], [ -72.116037044700178, -36.624773786221496 ], [ -72.116092310724724, -36.625271828992844 ], [ -72.117122048020533, -36.624576279976843 ], [ -72.117767989660749, -36.624134498408402 ], [ -72.118650221523055, -36.623479098663815 ], [ -72.121264841319217, -36.621512330360417 ], [ -72.121299371618591, -36.621451819992188 ], [ -72.121296007657975, -36.621368460732413 ], [ -72.121118605936218, -36.621003561757028 ], [ -72.121684121924119, -36.620541696642661 ], [ -72.121461982445865, -36.620350825344282 ], [ -72.120333181287407, -36.619554064607193 ], [ -72.120061554568338, -36.619362334049534 ], [ -72.118567747094843, -36.618349350942452 ], [ -72.115908157277261, -36.616497329126894 ], [ -72.113420465488545, -36.614798106203885 ], [ -72.112244993982529, -36.613956223652835 ], [ -72.112062748384332, -36.613837009847479 ], [ -72.111982103372355, -36.613743749385485 ], [ -72.111849534881898, -36.613568970577589 ], [ -72.111738545149478, -36.613600198296858 ], [ -72.111733556666437, -36.613602065137464 ], [ -72.111712415750915, -36.613609979838849 ], [ -72.111479996048928, -36.613696982935721 ], [ -72.111369856652473, -36.613726266013444 ], [ -72.111274316952944, -36.613751666599946 ], [ -72.110431647310904, -36.613955778545112 ], [ -72.110236457551267, -36.614003408186889 ], [ -72.109945966491708, -36.614075444998406 ], [ -72.10958657222271, -36.614164567449563 ], [ -72.109227178169874, -36.61425368882368 ], [ -72.10870299842145, -36.614381107823206 ], [ -72.108689073229428, -36.614384259506643 ], [ -72.108242057071124, -36.614485423280449 ] ] ] } },
{ "type": "Feature", "properties": { "zona": "51" }, "geometry": { "type": "Polygon", "coordinates": [ [ [ -72.111849534881898, -36.613568970577589 ], [ -72.111982103372355, -36.613743749385485 ], [ -72.112062748384332, -36.613837009847479 ], [ -72.112244993982529, -36.613956223652835 ], [ -72.113420465488545, -36.614798106203885 ], [ -72.115908157277261, -36.616497329126894 ], [ -72.118567747094843, -36.618349350942452 ], [ -72.120061554568338, -36.619362334049534 ], [ -72.120333181287407, -36.619554064607193 ], [ -72.121461982445865, -36.620350825344282 ], [ -72.121684121924119, -36.620541696642661 ], [ -72.121899642938061, -36.620652870126818 ], [ -72.122007621749717, -36.620707711178419 ], [ -72.122207647511487, -36.620809301650681 ], [ -72.122462469018927, -36.620967126494214 ], [ -72.122535110530464, -36.621008136463992 ], [ -72.122625979087161, -36.620841244073716 ], [ -72.122733709470623, -36.620652450210734 ], [ -72.122763972385769, -36.620522909995977 ], [ -72.12275676082713, -36.620344284388196 ], [ -72.122742415757145, -36.620208761352082 ], [ -72.122747241672812, -36.620108498719858 ], [ -72.122770082392847, -36.620014915625497 ], [ -72.122828379145417, -36.619920403291914 ], [ -72.123774328528938, -36.619394901958778 ], [ -72.12425799677375, -36.619067495654306 ], [ -72.12533832285547, -36.618574218701845 ], [ -72.126591283808239, -36.617961956994108 ], [ -72.126740519438769, -36.617922274868633 ], [ -72.126921165264022, -36.617781630646853 ], [ -72.127014909031857, -36.617686184365766 ], [ -72.127273987045243, -36.617071409880992 ], [ -72.12668855019048, -36.616351149813681 ], [ -72.126174709003791, -36.615718959871892 ], [ -72.124598450956739, -36.613891132631736 ], [ -72.124093933515709, -36.613408461000326 ], [ -72.123884299335003, -36.613490256604848 ], [ -72.122030001148687, -36.610925818674218 ], [ -72.121268766603876, -36.609796594217173 ], [ -72.121275930151427, -36.609689720015417 ], [ -72.121263631177143, -36.609644814696516 ], [ -72.121143113836112, -36.609659313027826 ], [ -72.1210278297211, -36.609681960682252 ], [ -72.120952801707361, -36.609699845736124 ], [ -72.120877774808577, -36.60971773161517 ], [ -72.120738393570633, -36.609753463166847 ], [ -72.12044926905044, -36.609847923464123 ], [ -72.120407878342149, -36.609861446411422 ], [ -72.120182138184617, -36.609935196982363 ], [ -72.119994895596818, -36.60994582808442 ], [ -72.11978990693602, -36.609936475868523 ], [ -72.119728067698276, -36.609933654783269 ], [ -72.119728005560319, -36.60993327794391 ], [ -72.119543788751486, -36.609909784074453 ], [ -72.119356769865647, -36.609904283782079 ], [ -72.119087414677935, -36.609853338156761 ], [ -72.119007593015453, -36.60981797822506 ], [ -72.119002499295902, -36.609818277478873 ], [ -72.118993509022843, -36.609815827693161 ], [ -72.118897177856113, -36.609789572528783 ], [ -72.118756070545444, -36.609751114143549 ], [ -72.118538316232147, -36.609756221830587 ], [ -72.118445942858926, -36.609732621832038 ], [ -72.118274564142865, -36.609737312650417 ], [ -72.118279309098924, -36.609809292797486 ], [ -72.118229979656988, -36.609814155968351 ], [ -72.118214404505395, -36.609815691208226 ], [ -72.118009714929499, -36.609831752101471 ], [ -72.117908511883869, -36.609834512537041 ], [ -72.117699451291784, -36.609834524991292 ], [ -72.117703898784157, -36.60986304412274 ], [ -72.117442787586242, -36.609771583728538 ], [ -72.117439062173602, -36.609770279146957 ], [ -72.117245370256839, -36.609757356565609 ], [ -72.117172436677748, -36.609755590583546 ], [ -72.117088415446418, -36.609677886908017 ], [ -72.116684388383021, -36.609749728737192 ], [ -72.116428657201652, -36.609935238618547 ], [ -72.116385397540725, -36.609942756317899 ], [ -72.116391417476535, -36.609998257864618 ], [ -72.116409911305681, -36.610168765602502 ], [ -72.116443249096591, -36.610346385633676 ], [ -72.116447788679935, -36.610370568950472 ], [ -72.116417799964097, -36.610656836883898 ], [ -72.116411497774891, -36.610716994439571 ], [ -72.116324475510638, -36.610856163372119 ], [ -72.116081825453691, -36.61101960879963 ], [ -72.115738082998689, -36.611251145675986 ], [ -72.115693936496967, -36.611277935954483 ], [ -72.115520356136273, -36.611383272794164 ], [ -72.115362479399337, -36.611479079171311 ], [ -72.115085827996523, -36.611594362032811 ], [ -72.114996061388183, -36.611631767810103 ], [ -72.114737842437293, -36.611662572895845 ], [ -72.114548385576867, -36.61170140696651 ], [ -72.11442567739148, -36.611713215596566 ], [ -72.114802844627945, -36.612718250761247 ], [ -72.114781597187175, -36.612724421524469 ], [ -72.113905046700495, -36.612978973034281 ], [ -72.112515375878004, -36.613366033400915 ], [ -72.112451640108503, -36.613385458933038 ], [ -72.111849534881898, -36.613568970577589 ] ] ] } },
{ "type": "Feature", "properties": { "zona": "50" }, "geometry": { "type": "Polygon", "coordinates": [ [ [ -72.124421700188165, -36.609441720266148 ], [ -72.124360049530651, -36.609483535044802 ], [ -72.12434720064978, -36.609488694999847 ], [ -72.124175665270727, -36.609557578361212 ], [ -72.12413327658426, -36.609574599864899 ], [ -72.124050186041629, -36.609608731928326 ], [ -72.124043364815918, -36.609611534063148 ], [ -72.123987581544256, -36.609622914605495 ], [ -72.123825403219641, -36.609656001246648 ], [ -72.123718044252669, -36.60965599052529 ], [ -72.123524659041934, -36.609642342058905 ], [ -72.123328765441599, -36.609596149619414 ], [ -72.123254961476974, -36.6095772746501 ], [ -72.123132771526656, -36.609546026126061 ], [ -72.122932733079011, -36.609480261452966 ], [ -72.122778592053052, -36.609451086109566 ], [ -72.122778321409527, -36.609434519942027 ], [ -72.122776257800723, -36.609426951558042 ], [ -72.122771487649246, -36.609409454518705 ], [ -72.122373330047509, -36.609451317653111 ], [ -72.122346364306367, -36.609454153308377 ], [ -72.122249942798149, -36.609490632421952 ], [ -72.122145081401783, -36.609518000870224 ], [ -72.121807244770594, -36.609606174344506 ], [ -72.121408903902662, -36.60966996857055 ], [ -72.121344519748718, -36.609679532364268 ], [ -72.121275930151427, -36.609689720015417 ], [ -72.121268766603876, -36.609796594217173 ], [ -72.122030001148687, -36.610925818674218 ], [ -72.123884299335003, -36.613490256604848 ], [ -72.124093933515709, -36.613408461000326 ], [ -72.124598450956739, -36.613891132631736 ], [ -72.126174709003791, -36.615718959871892 ], [ -72.12668855019048, -36.616351149813681 ], [ -72.127273987045243, -36.617071409880992 ], [ -72.127352313641353, -36.617033588904754 ], [ -72.127840573846626, -36.616820488080684 ], [ -72.129208033826586, -36.616627193800824 ], [ -72.13084822344949, -36.616376642998588 ], [ -72.131064940281234, -36.616374837703987 ], [ -72.131675090139808, -36.616287262372374 ], [ -72.131990279969571, -36.616219365407787 ], [ -72.132395547891676, -36.616184859753048 ], [ -72.132804431076835, -36.61623966567366 ], [ -72.133059108349258, -36.616210865246892 ], [ -72.133087703044197, -36.616207631912147 ], [ -72.133216602720694, -36.616193054761219 ], [ -72.134079951789602, -36.615967672340041 ], [ -72.135211268764053, -36.615604095452262 ], [ -72.136239073540381, -36.615058461827324 ], [ -72.136247811868245, -36.614909219748746 ], [ -72.136346144837489, -36.614781458776505 ], [ -72.136609621645945, -36.614714912174072 ], [ -72.136924317029127, -36.61463509458617 ], [ -72.137033897727846, -36.614602404622246 ], [ -72.137017436238352, -36.614561115275428 ], [ -72.136197751304692, -36.614403898227614 ], [ -72.135537421406482, -36.614164991914706 ], [ -72.135235232373148, -36.614006058272345 ], [ -72.134857887514244, -36.613634524490493 ], [ -72.134613582059757, -36.613444262518279 ], [ -72.133869367180068, -36.613141990629146 ], [ -72.133554102201259, -36.613025119030098 ], [ -72.133402047128243, -36.61292183250108 ], [ -72.133237784976401, -36.612699658328324 ], [ -72.133210564105767, -36.612575204292256 ], [ -72.133163026596705, -36.612314194599151 ], [ -72.133032560374161, -36.612013643273926 ], [ -72.132809697261536, -36.611804931411818 ], [ -72.132459112012796, -36.611545934960482 ], [ -72.132208397169023, -36.611379677944377 ], [ -72.132079928579302, -36.611234261182176 ], [ -72.132075826440413, -36.611232852537277 ], [ -72.13205425364859, -36.611226990674474 ], [ -72.132030784399731, -36.611221082282263 ], [ -72.132008178868773, -36.611217485938994 ], [ -72.131950461878347, -36.611215331449273 ], [ -72.131868902918256, -36.611211894700531 ], [ -72.131847636186478, -36.611210997976102 ], [ -72.131840677557165, -36.611210705251608 ], [ -72.131744810536063, -36.61120666531361 ], [ -72.131698374867227, -36.611193351945722 ], [ -72.131665640087874, -36.611177929093991 ], [ -72.131640468643184, -36.611162688446093 ], [ -72.131624012141089, -36.611157414608137 ], [ -72.131589450445489, -36.611150484098005 ], [ -72.131557777012006, -36.611147282090997 ], [ -72.131495809075716, -36.611144569673669 ], [ -72.131370315955991, -36.611140326508099 ], [ -72.131143178875305, -36.611125814865893 ], [ -72.131066574059105, -36.611124730723546 ], [ -72.131039044418486, -36.611127115513007 ], [ -72.131010428409212, -36.611133286498827 ], [ -72.130980528099499, -36.611148572647146 ], [ -72.13095471664171, -36.611173171462809 ], [ -72.130939514415019, -36.611192263913175 ], [ -72.130896754470015, -36.611237936676616 ], [ -72.13082892397847, -36.611373067791561 ], [ -72.130764234908099, -36.611448135632749 ], [ -72.130652867611644, -36.61160113889941 ], [ -72.130603802460229, -36.611661988073635 ], [ -72.130574283527579, -36.611684386474089 ], [ -72.130540375257937, -36.611703030020891 ], [ -72.130471863612968, -36.611736509248935 ], [ -72.130417825494675, -36.611764320136288 ], [ -72.130397705356472, -36.611787125556269 ], [ -72.13037780028165, -36.611804113154214 ], [ -72.130362997162479, -36.611813461243209 ], [ -72.13033572616969, -36.611834153247088 ], [ -72.130313486856352, -36.61184914317478 ], [ -72.130291101577811, -36.611868012613499 ], [ -72.130261280133567, -36.611892524789162 ], [ -72.130209505796572, -36.611924271585949 ], [ -72.13015291702861, -36.611955902548729 ], [ -72.130096471946246, -36.611983654030382 ], [ -72.130044983978038, -36.612007645478485 ], [ -72.12999881521759, -36.612018176834404 ], [ -72.129959938894743, -36.612026944906404 ], [ -72.12987000688608, -36.612048066843641 ], [ -72.129840905335001, -36.61205318791184 ], [ -72.129809252222088, -36.612062129180586 ], [ -72.129676645751033, -36.612101086691752 ], [ -72.129637345698043, -36.612104990789724 ], [ -72.129602469384736, -36.612111428748143 ], [ -72.129585829640476, -36.612113453938825 ], [ -72.129549222994612, -36.612125915338638 ], [ -72.129512798074643, -36.612133529380607 ], [ -72.129460091182935, -36.612133471337124 ], [ -72.129419781004728, -36.612124008706473 ], [ -72.129329908228058, -36.612110923414868 ], [ -72.129284993740114, -36.612103775071667 ], [ -72.12924039444917, -36.612088141675869 ], [ -72.129174956157769, -36.612065941745662 ], [ -72.129121194361289, -36.612053728258893 ], [ -72.129068980020762, -36.612040337773109 ], [ -72.129006324829234, -36.612024268745849 ], [ -72.128929316078569, -36.61200611510295 ], [ -72.128805523303939, -36.611970179346322 ], [ -72.128753137906187, -36.611955347832691 ], [ -72.128705702041174, -36.611936759245161 ], [ -72.128667810066318, -36.611920338401291 ], [ -72.128584890069689, -36.611885387278889 ], [ -72.128535307968448, -36.611853109475362 ], [ -72.128459887186807, -36.611810585592231 ], [ -72.128410407835048, -36.61178225640635 ], [ -72.128337390450568, -36.611739790033504 ], [ -72.128261824686732, -36.611701139200534 ], [ -72.128133354113672, -36.611628025946423 ], [ -72.1280993325407, -36.611612667451496 ], [ -72.128071546164662, -36.611591401430537 ], [ -72.128027364880012, -36.611566104780387 ], [ -72.127978629780415, -36.611541910875779 ], [ -72.127956586333838, -36.611528051552895 ], [ -72.1278969360269, -36.611511893061127 ], [ -72.127877670825015, -36.611504159472069 ], [ -72.127845105881434, -36.611490047615263 ], [ -72.127830754230132, -36.61147152837917 ], [ -72.127812478120475, -36.611437164381307 ], [ -72.127793841244937, -36.611412484189941 ], [ -72.127763430040631, -36.611385011715974 ], [ -72.127740786821803, -36.611347686047793 ], [ -72.127698758356843, -36.611249882453095 ], [ -72.12769334859054, -36.611201357356151 ], [ -72.12768812658723, -36.61108314978781 ], [ -72.127691571166309, -36.610990316004226 ], [ -72.127696484744121, -36.610922126869909 ], [ -72.127706949110021, -36.610899150247931 ], [ -72.127715444261185, -36.610864510912499 ], [ -72.12772082018968, -36.610849154407994 ], [ -72.127736445647869, -36.610816622871781 ], [ -72.127739421685689, -36.610801208668605 ], [ -72.127745945408307, -36.610754907578091 ], [ -72.127769348901296, -36.610707078072579 ], [ -72.127800169012914, -36.610653619103424 ], [ -72.127841564892691, -36.610580274082494 ], [ -72.127850062227751, -36.610545635581921 ], [ -72.127860742391164, -36.610516856427928 ], [ -72.127884001430232, -36.610472894662585 ], [ -72.127887549053952, -36.610442007773059 ], [ -72.127901994962329, -36.610376540046424 ], [ -72.127915721526563, -36.610330411948077 ], [ -72.127924718861806, -36.610282235524068 ], [ -72.127928379037442, -36.610183598316127 ], [ -72.127923081510957, -36.610167905875905 ], [ -72.127913224363922, -36.610138710231134 ], [ -72.127901147827728, -36.610140354863979 ], [ -72.127878789055814, -36.610095292002676 ], [ -72.127851198813076, -36.610061718786483 ], [ -72.127809203781069, -36.610027797723497 ], [ -72.12773191107874, -36.609973666625386 ], [ -72.127632986507336, -36.609904892111032 ], [ -72.127516498964638, -36.609846424441898 ], [ -72.127508879779953, -36.609840708802892 ], [ -72.127493574544474, -36.609829227015446 ], [ -72.127386273227899, -36.609748731713815 ], [ -72.127313087791222, -36.609689654365731 ], [ -72.127240327655784, -36.609613634810763 ], [ -72.127200094435977, -36.609569391863786 ], [ -72.127166347479118, -36.609539283673527 ], [ -72.127079683820824, -36.609443808366464 ], [ -72.126918782259281, -36.60934074551971 ], [ -72.126730138330998, -36.609209801661741 ], [ -72.126463945543946, -36.609135729410603 ], [ -72.126273435472896, -36.609104968970463 ], [ -72.125996389337118, -36.609055023181376 ], [ -72.125792071115185, -36.609048467049668 ], [ -72.125617391397654, -36.609043516777952 ], [ -72.125496656026556, -36.609056222992457 ], [ -72.125288545305949, -36.609102217497998 ], [ -72.125064055959385, -36.60918202057649 ], [ -72.124421700188165, -36.609441720266148 ] ] ] } },
{ "type": "Feature", "properties": { "zona": "79" }, "geometry": { "type": "Polygon", "coordinates": [ [ [ -72.106585117823968, -36.626991300549385 ], [ -72.106657852939534, -36.627169943300729 ], [ -72.106880719293741, -36.628446828137271 ], [ -72.107274385024525, -36.6302690802397 ], [ -72.107357686984457, -36.630654666799764 ], [ -72.107521055557157, -36.631407386384851 ], [ -72.107815365460667, -36.631369899650501 ], [ -72.108031266160324, -36.631313597962013 ], [ -72.108178899499265, -36.631306761954328 ], [ -72.108396955226951, -36.631304048455128 ], [ -72.108613815736533, -36.631346579165083 ], [ -72.108670885813396, -36.631385109820215 ], [ -72.109218866205964, -36.631660476779182 ], [ -72.109682464875974, -36.631823604291654 ], [ -72.11004452368708, -36.63188924691616 ], [ -72.110451484559761, -36.631968020193156 ], [ -72.110847712851438, -36.632000580522636 ], [ -72.111245665388068, -36.632076009969744 ], [ -72.111390240520322, -36.632140181009198 ], [ -72.11149132881711, -36.632116080239591 ], [ -72.111977022486045, -36.63194602559669 ], [ -72.11283706598347, -36.631816246944716 ], [ -72.112895121451473, -36.631825458169047 ], [ -72.113084388956864, -36.631853468956969 ], [ -72.11319462858593, -36.631836280436026 ], [ -72.113289988298092, -36.631780142043638 ], [ -72.113443977600113, -36.631747503779323 ], [ -72.113586683412507, -36.631765228107938 ], [ -72.113681638265078, -36.63180923614523 ], [ -72.113734282163904, -36.631904419503186 ], [ -72.113805037447662, -36.631907932821534 ], [ -72.11387128620315, -36.631900238811973 ], [ -72.11412388276301, -36.631837006123519 ], [ -72.115784707666535, -36.631483594778523 ], [ -72.117247612024343, -36.63117408835744 ], [ -72.11776234114032, -36.63110100168317 ], [ -72.118504881828599, -36.630992141823931 ], [ -72.118665606455465, -36.630943227443737 ], [ -72.119291595838916, -36.630786752404724 ], [ -72.119073101698518, -36.630156462951796 ], [ -72.11877434516974, -36.629496717315448 ], [ -72.118186067188304, -36.628405862005351 ], [ -72.117920184380722, -36.62797413504795 ], [ -72.11789116711229, -36.627841380069952 ], [ -72.117588763493757, -36.627677639060849 ], [ -72.117176145051261, -36.627421415308049 ], [ -72.11690843501782, -36.6272376900816 ], [ -72.116662445753065, -36.627005711325069 ], [ -72.116487758459556, -36.626781401677214 ], [ -72.116372169592054, -36.626555545397707 ], [ -72.116258802984888, -36.626091210821976 ], [ -72.116254989043796, -36.626072442273347 ], [ -72.116194277633397, -36.626108861489058 ], [ -72.116153712772004, -36.626127185164101 ], [ -72.116038715113703, -36.626158555469438 ], [ -72.115946043882659, -36.626174544948114 ], [ -72.115697452777724, -36.626193382089696 ], [ -72.11555991912455, -36.626196982000174 ], [ -72.11464336761648, -36.626191375901747 ], [ -72.114069618019897, -36.626189124891319 ], [ -72.11275736493964, -36.626158097782685 ], [ -72.111495004020597, -36.626150412757639 ], [ -72.110392180672633, -36.626157526652975 ], [ -72.109302614971483, -36.62616119768046 ], [ -72.107712439074376, -36.62664761687995 ], [ -72.106585117823968, -36.626991300549385 ] ] ] } },
{ "type": "Feature", "properties": { "zona": "77" }, "geometry": { "type": "Polygon", "coordinates": [ [ [ -72.124929973719546, -36.629556133022149 ], [ -72.124957360518124, -36.629621695160878 ], [ -72.125283722286966, -36.630835024237967 ], [ -72.125597691377152, -36.632015895090362 ], [ -72.125898580183801, -36.633238831444224 ], [ -72.126103723656385, -36.634288448003026 ], [ -72.126170651343699, -36.634480405189038 ], [ -72.126228385297367, -36.634627900682524 ], [ -72.126319365171128, -36.634774522871552 ], [ -72.12646993015727, -36.63493150056339 ], [ -72.12664707456922, -36.635105661420404 ], [ -72.127076291466338, -36.635386448079643 ], [ -72.127663668537139, -36.635737583357333 ], [ -72.128530433043451, -36.636296722449892 ], [ -72.129501442459798, -36.636923092151605 ], [ -72.132060202901698, -36.638560475066662 ], [ -72.134092950612157, -36.639875483798832 ], [ -72.133880899226085, -36.638804609114345 ], [ -72.133678414443892, -36.637969516084873 ], [ -72.133585298884441, -36.637642951047596 ], [ -72.133511855368937, -36.637473222912568 ], [ -72.133444002716914, -36.637331958580958 ], [ -72.133052565800384, -36.636652042434051 ], [ -72.132971271929662, -36.636507554218149 ], [ -72.132908288605734, -36.636376889931775 ], [ -72.132867903947201, -36.636256360237532 ], [ -72.132836095878162, -36.63612845087755 ], [ -72.132374594346444, -36.63426662813724 ], [ -72.131892349030792, -36.632330246606301 ], [ -72.131594204515949, -36.631104275096014 ], [ -72.130943076863815, -36.628721719299989 ], [ -72.130612783856307, -36.627467979605377 ], [ -72.129996892801799, -36.62507733654035 ], [ -72.129756981417415, -36.624135616451859 ], [ -72.129385580217246, -36.622677703306906 ], [ -72.127865889403338, -36.622857716924457 ], [ -72.126368711573647, -36.623046060764295 ], [ -72.126224910586657, -36.623055798356916 ], [ -72.126087654378779, -36.623044501386701 ], [ -72.125902023357526, -36.623025534689617 ], [ -72.125715068888809, -36.622973819146729 ], [ -72.125576369137335, -36.622926797107212 ], [ -72.125400495292453, -36.622874790107424 ], [ -72.12521281971857, -36.622805211949988 ], [ -72.125095679431155, -36.622742721630516 ], [ -72.123131274167775, -36.621432306687268 ], [ -72.122865530947223, -36.621260463827987 ], [ -72.122676641645114, -36.621131512081149 ], [ -72.12276676977973, -36.621275973956607 ], [ -72.122800523763146, -36.621379397532451 ], [ -72.122926380452441, -36.621841013411917 ], [ -72.123068335470464, -36.622334990073 ], [ -72.123108443678504, -36.622488665799075 ], [ -72.12337889358686, -36.623524899756902 ], [ -72.124434402706427, -36.627629272894524 ], [ -72.124929973719546, -36.629556133022149 ] ] ] } },
{ "type": "Feature", "properties": { "zona": "81" }, "geometry": { "type": "Polygon", "coordinates": [ [ [ -72.092914861390682, -36.647242152911019 ], [ -72.093020915049635, -36.647210708677235 ], [ -72.09342054807405, -36.647092225417836 ], [ -72.093758965110354, -36.646991888443686 ], [ -72.093936329454138, -36.64693930479045 ], [ -72.094317580815272, -36.646826267901673 ], [ -72.095006455334953, -36.646622023624509 ], [ -72.097525897077034, -36.64574320198853 ], [ -72.099177650674889, -36.645172721781677 ], [ -72.100929099998723, -36.644705706030145 ], [ -72.101050593888402, -36.644664725954584 ], [ -72.101049701217235, -36.644662627991607 ], [ -72.100746123794949, -36.643949637298867 ], [ -72.100734894107731, -36.643923260493033 ], [ -72.100587205610225, -36.643448880461428 ], [ -72.100526828766121, -36.643254948492164 ], [ -72.100471748451312, -36.643078027612006 ], [ -72.100330374000691, -36.642623922640816 ], [ -72.100217626922472, -36.642261771210499 ], [ -72.100092565538731, -36.641860069669654 ], [ -72.099980084121498, -36.64158390802374 ], [ -72.09995774200685, -36.64152905427644 ], [ -72.099462661020567, -36.640313554677036 ], [ -72.099339310559827, -36.640010713061763 ], [ -72.099044163642475, -36.63928607572209 ], [ -72.098848208379309, -36.638797038648086 ], [ -72.098789914608474, -36.638651556533624 ], [ -72.098786897768306, -36.638642713135489 ], [ -72.098776046562946, -36.638610899724654 ], [ -72.098750621433737, -36.638536356388634 ], [ -72.099053043766162, -36.638399963224536 ], [ -72.099315194109863, -36.638281731112784 ], [ -72.101612169968675, -36.637245774721919 ], [ -72.10250806637076, -36.636841718782968 ], [ -72.10252309033099, -36.636834941849393 ], [ -72.102550342237706, -36.636822345756734 ], [ -72.102763851727985, -36.636834581419784 ], [ -72.102834932257608, -36.636838654106462 ], [ -72.103150245897012, -36.636886680158796 ], [ -72.103455711757391, -36.636974819350002 ], [ -72.103776340384911, -36.637103679282689 ], [ -72.103891412348574, -36.637134194440236 ], [ -72.103944844304635, -36.637148366832427 ], [ -72.104056368867433, -36.637177942564954 ], [ -72.104081065188296, -36.637184491170082 ], [ -72.103432718532119, -36.633155766944689 ], [ -72.103190358824364, -36.631981904437474 ], [ -72.103197790759666, -36.631945947212742 ], [ -72.104132634822221, -36.631799975924523 ], [ -72.103730473370902, -36.629943725720914 ], [ -72.103687462294573, -36.629933403088785 ], [ -72.10282445111082, -36.629799717338805 ], [ -72.10096299249247, -36.629925123019326 ], [ -72.10069751116643, -36.628615956285287 ], [ -72.100495022639194, -36.62828744209191 ], [ -72.100241055639685, -36.627855362138085 ], [ -72.099600140200153, -36.626534135872248 ], [ -72.097233573655373, -36.627489817062873 ], [ -72.096100311909922, -36.627998525407151 ], [ -72.095216969306307, -36.62854364131605 ], [ -72.094731969163476, -36.628842356929113 ], [ -72.094524928292884, -36.628990793060872 ], [ -72.094037062091758, -36.62943978596676 ], [ -72.093856898841608, -36.629594674498698 ], [ -72.093709336508169, -36.629677189209346 ], [ -72.093579218178292, -36.629752097298436 ], [ -72.093343861601923, -36.629858350737436 ], [ -72.092836256868949, -36.630036052176763 ], [ -72.092335800866039, -36.630170650018535 ], [ -72.092221696170753, -36.630202224877607 ], [ -72.091438122072844, -36.630358478975829 ], [ -72.09095367776041, -36.630449738552997 ], [ -72.090785809506514, -36.630468402927001 ], [ -72.089062512708409, -36.630649039373601 ], [ -72.088180272440056, -36.630682045556874 ], [ -72.089053702282797, -36.632182298162682 ], [ -72.089782301036138, -36.63311111206761 ], [ -72.090188228254362, -36.633534381248069 ], [ -72.090298899086164, -36.6336387977369 ], [ -72.090902310321411, -36.634080898388177 ], [ -72.091278944617343, -36.634400138657575 ], [ -72.091367168000744, -36.634497984012341 ], [ -72.091428080874408, -36.634578657761537 ], [ -72.093115705623873, -36.63782979205736 ], [ -72.093980380918254, -36.639476264100139 ], [ -72.094501397320272, -36.640297191217293 ], [ -72.095255053245609, -36.641386250067853 ], [ -72.095358978945725, -36.641765020291182 ], [ -72.09542477409525, -36.642299756068297 ], [ -72.095312283655559, -36.642815286154352 ], [ -72.094931413004645, -36.643647743582896 ], [ -72.09437510739707, -36.644532444914489 ], [ -72.093401660420611, -36.646083643873801 ], [ -72.093222889649326, -36.646422080181011 ], [ -72.093088928744876, -36.646771271576839 ], [ -72.092914861390682, -36.647242152911019 ] ] ] } },
{ "type": "Feature", "properties": { "zona": "86" }, "geometry": { "type": "Polygon", "coordinates": [ [ [ -72.110136159995847, -36.641153807730547 ], [ -72.111845274896467, -36.647041023260655 ], [ -72.112233039675218, -36.647039029181251 ], [ -72.112528124965891, -36.647019390991922 ], [ -72.112853245777657, -36.647010887236057 ], [ -72.11308729856222, -36.646945159974649 ], [ -72.113365206197258, -36.646866364167494 ], [ -72.113555882655362, -36.646825612369831 ], [ -72.113762777520222, -36.646820199217409 ], [ -72.113929176334736, -36.646911213515246 ], [ -72.114068418998116, -36.647062542159738 ], [ -72.114409277437218, -36.647077464820754 ], [ -72.114545161518095, -36.647145434305514 ], [ -72.114680565843159, -36.647201495391037 ], [ -72.11488890047147, -36.647231805856123 ], [ -72.115093875916813, -36.647178756527843 ], [ -72.115329847353507, -36.647160658722747 ], [ -72.115627332423571, -36.647200553969867 ], [ -72.115911960521615, -36.647288470061284 ], [ -72.116228066213651, -36.647423244357689 ], [ -72.11660520753972, -36.647604103404795 ], [ -72.116834086975629, -36.64777692361173 ], [ -72.116976698208248, -36.648011607752323 ], [ -72.11708927471004, -36.648235157616469 ], [ -72.117154152179197, -36.648376509480563 ], [ -72.117310103682129, -36.64857508047514 ], [ -72.11733256878091, -36.64876522724299 ], [ -72.117366930834805, -36.64888353675218 ], [ -72.117475184647432, -36.648999910564847 ], [ -72.117700706830334, -36.649089370516784 ], [ -72.118115948631143, -36.649114253451813 ], [ -72.118498749142518, -36.649068460385728 ], [ -72.118799606242249, -36.649191706366217 ], [ -72.119099503968314, -36.649291135153078 ], [ -72.119664455970948, -36.649359772600171 ], [ -72.120049179813321, -36.649361607202991 ], [ -72.120449643802701, -36.649386870272764 ], [ -72.120862962365678, -36.649364110887404 ], [ -72.120979267368227, -36.649313376732593 ], [ -72.121270028081156, -36.649186541357317 ], [ -72.121784388717643, -36.649101523821635 ], [ -72.122222450809531, -36.648958901171731 ], [ -72.122586137697226, -36.648806306859655 ], [ -72.122834001789457, -36.64871635651518 ], [ -72.123159127656976, -36.648707824265109 ], [ -72.123517659715262, -36.648793782217382 ], [ -72.124009681185314, -36.648888154708196 ], [ -72.124264284659446, -36.648964917841397 ], [ -72.124413995200271, -36.649008670338375 ], [ -72.124634227334013, -36.648967125677189 ], [ -72.125136211733349, -36.648942023369479 ], [ -72.12541748378105, -36.648946557310573 ], [ -72.125744053862292, -36.64897374230118 ], [ -72.126069178790729, -36.6489652020866 ], [ -72.126380970885918, -36.648992774418765 ], [ -72.126678948677608, -36.64904455038991 ], [ -72.127141899100351, -36.649151595236631 ], [ -72.127278761037658, -36.649243365612776 ], [ -72.127533850451528, -36.649332029612921 ], [ -72.127758901816762, -36.649409560901667 ], [ -72.127959699977808, -36.649618860176716 ], [ -72.12808323058006, -36.649746743136816 ], [ -72.128279691287631, -36.649848867321992 ], [ -72.128622972742335, -36.649923288860229 ], [ -72.129218938132951, -36.650026828299488 ], [ -72.129663260134947, -36.650038985209711 ], [ -72.130077541965775, -36.650040010761707 ], [ -72.130460819541796, -36.650006086454361 ], [ -72.130950925056737, -36.650052797258724 ], [ -72.131413403717687, -36.650147916849804 ], [ -72.13184584283357, -36.650231903557774 ], [ -72.132095630097623, -36.650189567234868 ], [ -72.13237642313355, -36.650182176449952 ], [ -72.132795051697087, -36.650290365559428 ], [ -72.133270380259461, -36.650337455728618 ], [ -72.133566917772171, -36.650353489022969 ], [ -72.133922568782637, -36.650367964812901 ], [ -72.134243832552499, -36.650264137072263 ], [ -72.134405914462292, -36.650247947316544 ], [ -72.134746786633514, -36.650262809908121 ], [ -72.135119149418756, -36.650324525681995 ], [ -72.135356572523577, -36.650342112777565 ], [ -72.135768438081271, -36.650283576680145 ], [ -72.136299498255269, -36.65024573925006 ], [ -72.136913910427424, -36.650074573490066 ], [ -72.137306644116009, -36.649909248181039 ], [ -72.13759302404938, -36.649675201491512 ], [ -72.13786897765894, -36.649548716404205 ], [ -72.138135472315497, -36.649553609790296 ], [ -72.138656099869934, -36.649623325270035 ], [ -72.139087091699537, -36.649671561527668 ], [ -72.139370784042796, -36.649735603827253 ], [ -72.139549575742834, -36.649766649105032 ], [ -72.139850466461766, -36.649889840042938 ], [ -72.140253354690174, -36.649974576550925 ], [ -72.14057847930637, -36.649965996535123 ], [ -72.140799187255311, -36.649936329250245 ], [ -72.141074651869005, -36.649797929005786 ], [ -72.141248118815355, -36.649697983614217 ], [ -72.141461563245798, -36.649489693600749 ], [ -72.141721762783547, -36.649339774178543 ], [ -72.142094859792678, -36.649055743808631 ], [ -72.142411746918185, -36.648844720835967 ], [ -72.142906453704242, -36.648640922470527 ], [ -72.143241022318904, -36.648500956374363 ], [ -72.143563233029482, -36.648420920196187 ], [ -72.143930262124513, -36.648351619801502 ], [ -72.144057934906385, -36.648217117272502 ], [ -72.144194570357612, -36.647939326749217 ], [ -72.144168162409969, -36.647653924148877 ], [ -72.144215160583656, -36.647354660474868 ], [ -72.144395643452611, -36.64706379053321 ], [ -72.144695800119536, -36.646805520995791 ], [ -72.144914558437989, -36.646728215008118 ], [ -72.145207688405534, -36.646660863748316 ], [ -72.144979961483855, -36.646154285071496 ], [ -72.144696033850991, -36.645720716057625 ], [ -72.144449902389937, -36.645488802196382 ], [ -72.144193840240334, -36.645376358964192 ], [ -72.143848628688488, -36.645254349602546 ], [ -72.143461024072764, -36.645181142712218 ], [ -72.142923225187275, -36.645052295896235 ], [ -72.142355871342943, -36.64492422790255 ], [ -72.14200921299927, -36.644766488254724 ], [ -72.140494693992821, -36.643900477059766 ], [ -72.138341679307743, -36.64261021277639 ], [ -72.136518174067561, -36.641418511497385 ], [ -72.134092950612143, -36.639875483798825 ], [ -72.132060202901698, -36.638560475066654 ], [ -72.129501442459798, -36.636923092151605 ], [ -72.128530433043451, -36.636296722449892 ], [ -72.127663668537124, -36.635737583357312 ], [ -72.127076291466338, -36.635386448079636 ], [ -72.12664707456922, -36.635105661420404 ], [ -72.126469930157256, -36.634931500563376 ], [ -72.126319365171113, -36.634774522871552 ], [ -72.126280531540004, -36.634711939090039 ], [ -72.126227787031212, -36.634789101572153 ], [ -72.126218044595944, -36.634881768659788 ], [ -72.12624352797711, -36.63501156215753 ], [ -72.126289698779217, -36.635235941412823 ], [ -72.126296361625577, -36.635317305679166 ], [ -72.126257801584018, -36.635364524123133 ], [ -72.126197600820902, -36.635376977289567 ], [ -72.125031263961844, -36.635557095571862 ], [ -72.124965312790863, -36.635594160897497 ], [ -72.124889584102817, -36.635639636830376 ], [ -72.124799644757189, -36.635750717258759 ], [ -72.124283838208001, -36.636506266194964 ], [ -72.122372525717182, -36.637029637954072 ], [ -72.121773812087454, -36.637148340478404 ], [ -72.12118472775461, -36.637329730171366 ], [ -72.12069793712692, -36.637582821651478 ], [ -72.120544668209334, -36.637655505091452 ], [ -72.120029212459528, -36.637726239473039 ], [ -72.119523385710153, -36.63785966195281 ], [ -72.119068359061671, -36.638020361329218 ], [ -72.118746477369541, -36.638137515654442 ], [ -72.118329852914343, -36.638194208780135 ], [ -72.117616893549425, -36.638121333659114 ], [ -72.117223159762261, -36.638217477766872 ], [ -72.116809990576414, -36.638359906104341 ], [ -72.116383786542684, -36.638531284685094 ], [ -72.11614793304085, -36.638669067723868 ], [ -72.115803202455822, -36.638924142099874 ], [ -72.115159419513333, -36.639158433041743 ], [ -72.114690880442893, -36.639336635853923 ], [ -72.114189408106995, -36.639578641382883 ], [ -72.110936773677736, -36.640796677180283 ], [ -72.110136159995847, -36.641153807730547 ] ] ] } },
{ "type": "Feature", "properties": { "zona": "85" }, "geometry": { "type": "Polygon", "coordinates": [ [ [ -72.143341319687906, -36.629799941712754 ], [ -72.141739584341238, -36.630260046599041 ], [ -72.139064282025728, -36.631250927285798 ], [ -72.137633781195845, -36.631587542972852 ], [ -72.137427192185399, -36.631511926556968 ], [ -72.136555546882022, -36.631638850095769 ], [ -72.136425208287335, -36.631655998586055 ], [ -72.136382397347361, -36.631685736909091 ], [ -72.134995018495175, -36.631892804480216 ], [ -72.131892349030778, -36.632330246606301 ], [ -72.132374594346444, -36.634266628137226 ], [ -72.132836095878162, -36.636128450877536 ], [ -72.132867903947172, -36.636256360237532 ], [ -72.132908288605734, -36.636376889931761 ], [ -72.132971271929648, -36.636507554218149 ], [ -72.133052565800384, -36.636652042434051 ], [ -72.133444002716914, -36.637331958580958 ], [ -72.133511855368951, -36.637473222912554 ], [ -72.133585298884441, -36.637642951047596 ], [ -72.133678414443892, -36.637969516084866 ], [ -72.133880899226085, -36.638804609114338 ], [ -72.134092950612143, -36.639875483798825 ], [ -72.136518174067561, -36.641418511497385 ], [ -72.138341679307743, -36.64261021277639 ], [ -72.140494693992821, -36.643900477059766 ], [ -72.14200921299927, -36.644766488254724 ], [ -72.142355871342943, -36.64492422790255 ], [ -72.142923225187275, -36.645052295896235 ], [ -72.143461024072764, -36.645181142712218 ], [ -72.143848628688488, -36.645254349602546 ], [ -72.144193840240334, -36.645376358964192 ], [ -72.144449902389937, -36.645488802196382 ], [ -72.144696033850991, -36.645720716057625 ], [ -72.144979961483855, -36.646154285071496 ], [ -72.145207688405534, -36.646660863748316 ], [ -72.145574667618803, -36.646626925377717 ], [ -72.145891539198161, -36.646561329216169 ], [ -72.146224979724352, -36.646466684151775 ], [ -72.146456092452951, -36.646474878805002 ], [ -72.146995653074114, -36.646646576781841 ], [ -72.147301191054012, -36.646738631654131 ], [ -72.147678827818211, -36.646857388723966 ], [ -72.147982622071268, -36.646906573819102 ], [ -72.148229722717474, -36.646871427053604 ], [ -72.149128557212606, -36.646275443348074 ], [ -72.149333782971084, -36.646084047447701 ], [ -72.149540173648703, -36.64592123037599 ], [ -72.149992493267391, -36.645694682732916 ], [ -72.150421252843898, -36.645325707166677 ], [ -72.150732287983118, -36.645117202831123 ], [ -72.151004358927821, -36.64482389853378 ], [ -72.151167119865349, -36.644461963142525 ], [ -72.151349941630329, -36.644156717205753 ], [ -72.151460666716062, -36.643824769350353 ], [ -72.151625753548103, -36.643519991762183 ], [ -72.151946934257595, -36.643125249931366 ], [ -72.152392819973613, -36.642741509957155 ], [ -72.152754704169411, -36.642474432790607 ], [ -72.153339523149484, -36.642015482893285 ], [ -72.15378481130476, -36.641617447868107 ], [ -72.154137938041188, -36.641136023920929 ], [ -72.154372770669269, -36.640800784299074 ], [ -72.154411969122023, -36.640456425634682 ], [ -72.154273267504081, -36.640102476240806 ], [ -72.154046494123079, -36.639765165734886 ], [ -72.153855768673196, -36.639441204459665 ], [ -72.153735970277594, -36.639115364249825 ], [ -72.153450760702228, -36.638650855988217 ], [ -72.153290839606555, -36.638211637469425 ], [ -72.153190525598205, -36.63792819441926 ], [ -72.152984990957677, -36.637676148847554 ], [ -72.152792527204895, -36.637309317531283 ], [ -72.152678565120922, -36.63712637050282 ], [ -72.152218474949777, -36.637089989620911 ], [ -72.151833819169184, -36.637088256218583 ], [ -72.151448192374886, -36.6370627059054 ], [ -72.151044392260417, -36.636954188863086 ], [ -72.150470780220232, -36.636671352558672 ], [ -72.150115409549727, -36.636299291444097 ], [ -72.14910913055391, -36.634835811505901 ], [ -72.14723621813441, -36.632429651427742 ], [ -72.145987375406904, -36.632999106695969 ], [ -72.145289311413308, -36.631837388139296 ], [ -72.145166753474882, -36.631006164927292 ], [ -72.144589584075476, -36.629543224176096 ], [ -72.143367535047119, -36.629861604787614 ], [ -72.143341319687906, -36.629799941712754 ] ] ] } },
{ "type": "Feature", "properties": { "zona": "63" }, "geometry": { "type": "Polygon", "coordinates": [ [ [ -72.133059108349258, -36.616210865246892 ], [ -72.13425014595424, -36.616700421350409 ], [ -72.134625722462147, -36.616845504972012 ], [ -72.134931299988253, -36.617087797862233 ], [ -72.135164948661824, -36.617379668292706 ], [ -72.13551136710781, -36.618264614407607 ], [ -72.136742570929144, -36.621684033527117 ], [ -72.137001804134769, -36.621658129271459 ], [ -72.137262582744683, -36.621670329422365 ], [ -72.13772697900329, -36.621743920472923 ], [ -72.138506001321218, -36.621990411137212 ], [ -72.140088819033807, -36.62251038186443 ], [ -72.142464301846999, -36.623320304482142 ], [ -72.143111219626704, -36.623517800096913 ], [ -72.14346868248056, -36.623579886819392 ], [ -72.143969132379766, -36.623666805088881 ], [ -72.144662847830361, -36.62370570042949 ], [ -72.151110411481724, -36.624132736335163 ], [ -72.151763073265002, -36.624175943310505 ], [ -72.153408606655276, -36.624315941779763 ], [ -72.153414916877296, -36.62431647836933 ], [ -72.153195719560671, -36.623848009137291 ], [ -72.152930844053643, -36.623336467307958 ], [ -72.152809470034612, -36.622898609890875 ], [ -72.152876887190146, -36.622557079210786 ], [ -72.152982934145939, -36.622256248179511 ], [ -72.153072647435351, -36.622098899963817 ], [ -72.153229566115471, -36.621957652930512 ], [ -72.153380554998634, -36.621852325797242 ], [ -72.153434597347569, -36.621788635965117 ], [ -72.15345816367261, -36.621760863192399 ], [ -72.153454036808853, -36.621659645197759 ], [ -72.153432952617351, -36.621505232818109 ], [ -72.153385825178177, -36.621256142922647 ], [ -72.153289206713467, -36.620929685951133 ], [ -72.153236107923121, -36.62078804228851 ], [ -72.153197425127772, -36.620758843955997 ], [ -72.153126249804458, -36.620705121305157 ], [ -72.152918740350401, -36.620548493880676 ], [ -72.152755786519606, -36.620323929495108 ], [ -72.15268893006666, -36.620134966197227 ], [ -72.152537794286019, -36.619910087565472 ], [ -72.152411849821306, -36.619722688936768 ], [ -72.152249674651443, -36.619517175919441 ], [ -72.15226593445179, -36.619335548569381 ], [ -72.152249458167148, -36.619221543722986 ], [ -72.152067142365865, -36.619102394856618 ], [ -72.151895869328385, -36.618963879626641 ], [ -72.151748621052093, -36.618834264427385 ], [ -72.151586062573685, -36.618619223261206 ], [ -72.151428161360897, -36.618518500648037 ], [ -72.151318308465221, -36.61843557771973 ], [ -72.151100154611228, -36.618307838729812 ], [ -72.150818645177907, -36.618076872358216 ], [ -72.150622189995588, -36.617900875237652 ], [ -72.150401710900269, -36.617715976272507 ], [ -72.150113043742437, -36.617599637898486 ], [ -72.149840461655032, -36.617587777147911 ], [ -72.149562060404975, -36.617433019274763 ], [ -72.149352239936093, -36.61721922616649 ], [ -72.149193182028142, -36.617089920043895 ], [ -72.148860350121225, -36.617051040783231 ], [ -72.148650734654368, -36.617132879246718 ], [ -72.148465143142801, -36.61722361834866 ], [ -72.14827257128924, -36.617142881161463 ], [ -72.148123781714816, -36.616975155488852 ], [ -72.147987197631835, -36.616816643245933 ], [ -72.147835308142291, -36.616572705231263 ], [ -72.147684193761762, -36.616347819305588 ], [ -72.147568921389791, -36.616131522779106 ], [ -72.14745132416229, -36.615858067362161 ], [ -72.147380996896743, -36.615583361133311 ], [ -72.147228914769144, -36.615043788819783 ], [ -72.147178158096338, -36.614959300341745 ], [ -72.146980168005328, -36.614745189929273 ], [ -72.146844365454285, -36.614605729250201 ], [ -72.14642804993656, -36.614549975989419 ], [ -72.146071982495144, -36.614521240075952 ], [ -72.145820721839357, -36.61445158609876 ], [ -72.145572171834189, -36.614448616632991 ], [ -72.145415837166126, -36.61438599077335 ], [ -72.145144428229287, -36.614402698114901 ], [ -72.144817030666587, -36.614497178823648 ], [ -72.144569254841372, -36.614513260536526 ], [ -72.144175027067675, -36.614418769314192 ], [ -72.143896648067397, -36.614263997018327 ], [ -72.143702540719175, -36.614145145212341 ], [ -72.143329626984197, -36.613992867951175 ], [ -72.143043691567058, -36.613943197306227 ], [ -72.142646163717927, -36.614058596457532 ], [ -72.142328260330132, -36.614095598481448 ], [ -72.141931504255467, -36.614230048647812 ], [ -72.14148399544051, -36.614280005447668 ], [ -72.14061067811538, -36.61433165850908 ], [ -72.139675566150245, -36.614318178166165 ], [ -72.13921778408826, -36.614406544923014 ], [ -72.139019982166587, -36.614488054944488 ], [ -72.13884542826743, -36.614559414336206 ], [ -72.138586219647763, -36.614585322369351 ], [ -72.13801937354468, -36.614609802252666 ], [ -72.137367100475814, -36.614569774030485 ], [ -72.137017436238352, -36.614561115275428 ], [ -72.137033897727846, -36.614602404622246 ], [ -72.136924317029127, -36.61463509458617 ], [ -72.136609621645945, -36.614714912174072 ], [ -72.136346144837489, -36.614781458776505 ], [ -72.136247811868245, -36.614909219748746 ], [ -72.136239073540381, -36.615058461827324 ], [ -72.135211268764053, -36.615604095452262 ], [ -72.134079951789602, -36.615967672340041 ], [ -72.133216602720694, -36.616193054761219 ], [ -72.133087703044197, -36.616207631912147 ], [ -72.133059108349258, -36.616210865246892 ] ] ] } },
{ "type": "Feature", "properties": { "zona": "62" }, "geometry": { "type": "Polygon", "coordinates": [ [ [ -72.155945366306426, -36.618552605026615 ], [ -72.153197425127772, -36.620758843955997 ], [ -72.153236107923121, -36.62078804228851 ], [ -72.153289206713467, -36.620929685951133 ], [ -72.153385825178177, -36.621256142922647 ], [ -72.153432952617351, -36.621505232818109 ], [ -72.153454036808853, -36.621659645197759 ], [ -72.15345816367261, -36.621760863192399 ], [ -72.153434597347569, -36.621788635965117 ], [ -72.153380554998634, -36.621852325797242 ], [ -72.153229566115471, -36.621957652930512 ], [ -72.153072647435351, -36.622098899963817 ], [ -72.152982934145939, -36.622256248179511 ], [ -72.152876887190146, -36.622557079210786 ], [ -72.152809470034612, -36.622898609890875 ], [ -72.152930844053643, -36.623336467307958 ], [ -72.153195719560671, -36.623848009137291 ], [ -72.153414916877296, -36.62431647836933 ], [ -72.153686433020184, -36.624339576458155 ], [ -72.154953281060799, -36.624506275223382 ], [ -72.157873281470387, -36.625172705600612 ], [ -72.159433722949984, -36.625574752383855 ], [ -72.160191152125989, -36.625869355939031 ], [ -72.161302568513491, -36.626140247534934 ], [ -72.163901225130502, -36.626757841335731 ], [ -72.165709338346574, -36.627138915482909 ], [ -72.167567139646579, -36.627432809630101 ], [ -72.170003394697346, -36.627983063864633 ], [ -72.177260336806057, -36.629663515907147 ], [ -72.177348155797318, -36.629278199956268 ], [ -72.176225005645236, -36.621738471949072 ], [ -72.173678262919324, -36.620969680379957 ], [ -72.173595873523766, -36.620944808007749 ], [ -72.159000601884273, -36.616537507387761 ], [ -72.155945366306426, -36.618552605026615 ] ] ] } },
{ "type": "Feature", "properties": { "zona": "27" }, "geometry": { "type": "Polygon", "coordinates": [ [ [ -72.13286701235532, -36.605470967318809 ], [ -72.148382938900426, -36.607870789527908 ], [ -72.152247117070189, -36.610534184471092 ], [ -72.152948889457008, -36.611063961583184 ], [ -72.153749976092342, -36.611853362695932 ], [ -72.154222232044859, -36.612556104497799 ], [ -72.154543871678982, -36.61319130935631 ], [ -72.154760942200781, -36.614163069649145 ], [ -72.155000548149914, -36.615329211167463 ], [ -72.173595873523766, -36.620944808007749 ], [ -72.173678262919324, -36.620969680379957 ], [ -72.174351887428799, -36.620870510388947 ], [ -72.174402230346601, -36.620846586319715 ], [ -72.174403974834703, -36.620845865775806 ], [ -72.174405813366562, -36.62084531213047 ], [ -72.174407717352651, -36.62084493695928 ], [ -72.174521229684814, -36.620828141861331 ], [ -72.174603447561537, -36.620813425692027 ], [ -72.17468047025244, -36.62079940760632 ], [ -72.174681739072284, -36.62079921787636 ], [ -72.174682370253279, -36.620799153284288 ], [ -72.17476867580109, -36.620791673737379 ], [ -72.174846685426559, -36.620773622938131 ], [ -72.174848080562043, -36.620773351441763 ], [ -72.174920666249662, -36.620761863785411 ], [ -72.174921597898319, -36.620761738914162 ], [ -72.175078345217273, -36.620745229154032 ], [ -72.175676316511144, -36.620661420323415 ], [ -72.176001882547396, -36.620606632201024 ], [ -72.176371476099362, -36.620551075645388 ], [ -72.17637204415287, -36.620550998311352 ], [ -72.176651212865579, -36.620516994031128 ], [ -72.176727408398719, -36.620504219495373 ], [ -72.177163473497671, -36.620431109191045 ], [ -72.177304236885476, -36.620407509789487 ], [ -72.177449445118498, -36.620382775135589 ], [ -72.177450132730939, -36.620382669374258 ], [ -72.177894942364702, -36.620322397016196 ], [ -72.177895898523431, -36.620322297599301 ], [ -72.17813288525879, -36.620303444292993 ], [ -72.17875368240199, -36.620210079884707 ], [ -72.178819486510847, -36.620201053445868 ], [ -72.179212123056089, -36.620147191285028 ], [ -72.179545283628727, -36.620099997811032 ], [ -72.179737274473723, -36.620072801486735 ], [ -72.180359551644287, -36.619984918355364 ], [ -72.180819673464356, -36.619911142090579 ], [ -72.181140476547171, -36.619862542485947 ], [ -72.181141073473427, -36.619862460753303 ], [ -72.181617920204388, -36.619804501961816 ], [ -72.181660153937088, -36.619799368634986 ], [ -72.182182672613322, -36.619728629356459 ], [ -72.182585115452923, -36.619679195905135 ], [ -72.182623202579947, -36.619672260977346 ], [ -72.182264635652913, -36.619026891506394 ], [ -72.18224802248082, -36.618969212187025 ], [ -72.182248777525459, -36.618948492906057 ], [ -72.182463541089746, -36.618666709313523 ], [ -72.182790784384551, -36.618437694918441 ], [ -72.182789866283585, -36.618436762501837 ], [ -72.182867041303169, -36.618384327662874 ], [ -72.183504251727214, -36.617938380247509 ], [ -72.183984073805732, -36.617741490804804 ], [ -72.18398569082423, -36.617740827598588 ], [ -72.184100696012194, -36.617693636417386 ], [ -72.184189405823744, -36.617657235394283 ], [ -72.18429150330968, -36.617615339931625 ], [ -72.184447233632781, -36.617565351423998 ], [ -72.184602963778673, -36.617515363621969 ], [ -72.184673056016976, -36.617475545056621 ], [ -72.185047098063137, -36.617185572285166 ], [ -72.185096426356921, -36.617126830953019 ], [ -72.185127537935841, -36.616940504211151 ], [ -72.185115788127121, -36.616752439004188 ], [ -72.185083885119198, -36.616686015875644 ], [ -72.184760038897991, -36.616188127337459 ], [ -72.185042933853623, -36.6161171041323 ], [ -72.185006983655867, -36.616068843627588 ], [ -72.18500653230663, -36.616068197903466 ], [ -72.184937439942445, -36.615960599339232 ], [ -72.184898043215355, -36.615928589473256 ], [ -72.184844002967225, -36.615903085315388 ], [ -72.184843668772544, -36.615902923048303 ], [ -72.184841192436537, -36.615901419591445 ], [ -72.184773143430064, -36.615850433232318 ], [ -72.184771322498378, -36.615848830239479 ], [ -72.184769843682346, -36.615847011742574 ], [ -72.184768745866663, -36.615845026261582 ], [ -72.184712439024665, -36.615716186355975 ], [ -72.184612400177357, -36.615560742768189 ], [ -72.184611367612476, -36.615558767254143 ], [ -72.184611229000765, -36.615558414128095 ], [ -72.184475221942463, -36.615194061823793 ], [ -72.18447483510279, -36.61519281063687 ], [ -72.184369115857834, -36.614765569571333 ], [ -72.184323380800123, -36.614606842902504 ], [ -72.18423915711395, -36.614294776148881 ], [ -72.184238953923199, -36.614293885893773 ], [ -72.18420685566997, -36.61411933877438 ], [ -72.18415232583304, -36.613964471472237 ], [ -72.184152220082865, -36.613964156213662 ], [ -72.184115330793659, -36.613848824835479 ], [ -72.184575754704184, -36.613741981725781 ], [ -72.184647855939176, -36.613328395801489 ], [ -72.18324764306999, -36.613079747083944 ], [ -72.183187652570794, -36.612699886130351 ], [ -72.184528419249759, -36.612222957870443 ], [ -72.183358676215789, -36.611825095302649 ], [ -72.182491700578964, -36.611597939271356 ], [ -72.178070226030499, -36.6105120576293 ], [ -72.17334069187082, -36.606656805996941 ], [ -72.170622714232437, -36.605565749249386 ], [ -72.170544228690389, -36.604804904941922 ], [ -72.170326519585174, -36.603532788469664 ], [ -72.167929978447802, -36.604019870769172 ], [ -72.162234489560674, -36.605101112999805 ], [ -72.160092435639157, -36.60548197316907 ], [ -72.156176148356977, -36.606252550547886 ], [ -72.156039697150703, -36.60592195710165 ], [ -72.155939191411605, -36.605578848531458 ], [ -72.155938918609777, -36.605577695139878 ], [ -72.155938864982687, -36.605577366757053 ], [ -72.155892316283854, -36.605267265319512 ], [ -72.155795759804136, -36.604814961405523 ], [ -72.15575655180244, -36.604683153472202 ], [ -72.155756265934471, -36.604681953568829 ], [ -72.155756164794994, -36.604681282223112 ], [ -72.155737233785473, -36.604520791687001 ], [ -72.155690741387119, -36.604219291459039 ], [ -72.155632137738834, -36.604116848246093 ], [ -72.155631445178429, -36.604115432043301 ], [ -72.155630767124933, -36.604113110746454 ], [ -72.155591935492751, -36.603891836443644 ], [ -72.155608527799657, -36.603889944081438 ], [ -72.155625121222016, -36.603888051687349 ], [ -72.155575641779166, -36.603472559637012 ], [ -72.155290019949703, -36.602136429248546 ], [ -72.155151143219172, -36.601599272465236 ], [ -72.155031828644496, -36.601042098033219 ], [ -72.154724351091303, -36.599712913678367 ], [ -72.154569484683208, -36.599043436734433 ], [ -72.15445600586898, -36.598583629863654 ], [ -72.154449721509565, -36.59855559354493 ], [ -72.154444107906116, -36.5985305518522 ], [ -72.153982281690247, -36.598529360044097 ], [ -72.152256417532129, -36.598524892042889 ], [ -72.149974898975415, -36.598537672549369 ], [ -72.148052025632353, -36.598532899186459 ], [ -72.145863127402691, -36.598557470374367 ], [ -72.145470896768003, -36.59856664095129 ], [ -72.142979190792317, -36.598514615375485 ], [ -72.142160286058925, -36.598488784307499 ], [ -72.140531802901734, -36.598428040033468 ], [ -72.13822871352518, -36.598377254318251 ], [ -72.137380203322053, -36.598349437463689 ], [ -72.137453259158519, -36.594714267270476 ], [ -72.135432497466681, -36.594396126391302 ], [ -72.135326121928117, -36.594689799007561 ], [ -72.135334828080218, -36.595342839333327 ], [ -72.134695690928979, -36.595331057210281 ], [ -72.133715905463049, -36.595196718465672 ], [ -72.133707558501996, -36.595252288023097 ], [ -72.133513751671032, -36.595942844329301 ], [ -72.133390661886793, -36.596964099059512 ], [ -72.133382791097034, -36.597191635887391 ], [ -72.13347951511696, -36.597249774881092 ], [ -72.133376462071979, -36.597421287594692 ], [ -72.133115546058136, -36.598382363087502 ], [ -72.132927205224362, -36.59933998928873 ], [ -72.132764332215572, -36.600173289180823 ], [ -72.132770924009932, -36.600518824375705 ], [ -72.132819849506333, -36.604284564176339 ], [ -72.13286701235532, -36.605470967318809 ] ] ] } },
{ "type": "Feature", "properties": { "zona": "46" }, "geometry": { "type": "Polygon", "coordinates": [ [ [ -72.041384362498945, -36.624062325898734 ], [ -72.041783584167817, -36.623899813524261 ], [ -72.042741082292778, -36.625988517342186 ], [ -72.045735558033925, -36.625997756377828 ], [ -72.045862164086827, -36.626217917833536 ], [ -72.046141818846436, -36.627760520249105 ], [ -72.048241221539072, -36.626838913386734 ], [ -72.048205796366148, -36.626732113965545 ], [ -72.05067367618642, -36.625663158854728 ], [ -72.050749123907337, -36.62607608241052 ], [ -72.057743663003762, -36.623782987443299 ], [ -72.058678840100654, -36.623496749332752 ], [ -72.058761940670578, -36.623470045733931 ], [ -72.058420166223598, -36.622695804514663 ], [ -72.057342705575579, -36.620355933268463 ], [ -72.05784317189206, -36.620221482586494 ], [ -72.058654557021896, -36.619871612898677 ], [ -72.059736870852518, -36.619192903621091 ], [ -72.060694403300658, -36.6187248207968 ], [ -72.061833019941346, -36.617917285588454 ], [ -72.060307626306539, -36.615304710395534 ], [ -72.059580856515041, -36.613978679979112 ], [ -72.059614615433645, -36.613934896164444 ], [ -72.058190744399496, -36.611582471804013 ], [ -72.04714794832492, -36.614803512046571 ], [ -72.046916709745048, -36.614329600767938 ], [ -72.038267142709785, -36.614927666312511 ], [ -72.041166208452523, -36.622702296112543 ], [ -72.040974015917911, -36.623221309501631 ], [ -72.041384362498945, -36.624062325898734 ] ] ] } },
{ "type": "Feature", "properties": { "zona": "72" }, "geometry": { "type": "Polygon", "coordinates": [ [ [ -72.031034646350165, -36.63258771502246 ], [ -72.029481123178229, -36.632953033062009 ], [ -72.029659909329467, -36.63334686086921 ], [ -72.029873929999084, -36.633818295460507 ], [ -72.030300696073397, -36.633815432537453 ], [ -72.030700147481312, -36.633897729440996 ], [ -72.030997668086101, -36.633935972607205 ], [ -72.031213750898331, -36.633863711374019 ], [ -72.03166876958548, -36.633706507980627 ], [ -72.031997129534034, -36.633471815762263 ], [ -72.032135556212978, -36.633229864351435 ], [ -72.032448753752405, -36.633069293243246 ], [ -72.032841032210285, -36.632963929203356 ], [ -72.033468426018899, -36.632819191575159 ], [ -72.03370429106468, -36.632798874858601 ], [ -72.033994286301933, -36.632801020996425 ], [ -72.03425884153701, -36.632908721114276 ], [ -72.034669294262542, -36.632965016748642 ], [ -72.035117755188452, -36.632934508089747 ], [ -72.035718957605326, -36.632876260194806 ], [ -72.036228582785199, -36.632896640477377 ], [ -72.036716248012922, -36.632960496100431 ], [ -72.037244915563519, -36.633013766790171 ], [ -72.037824797775613, -36.633165866227891 ], [ -72.038120970940511, -36.633325203681238 ], [ -72.038601294765328, -36.633497377258728 ], [ -72.038874891139372, -36.63353320700854 ], [ -72.03926884390728, -36.633477102508614 ], [ -72.039641778024532, -36.63348188488964 ], [ -72.040438405549722, -36.633428158996139 ], [ -72.041032281783558, -36.633484514881332 ], [ -72.041618459562741, -36.633645971366072 ], [ -72.041952168658014, -36.633856794636557 ], [ -72.042305722155604, -36.634222351862284 ], [ -72.042451740723664, -36.634373328253339 ], [ -72.042896535410023, -36.634700520571229 ], [ -72.043291046796, -36.634952700860396 ], [ -72.043713613812471, -36.635166014834653 ], [ -72.044202236483727, -36.635253656857017 ], [ -72.044835812979315, -36.635566476525028 ], [ -72.044989962243847, -36.635724661515809 ], [ -72.045326690506016, -36.636011692615142 ], [ -72.045771881880754, -36.636348400142346 ], [ -72.046336420306631, -36.636710663097141 ], [ -72.047048478416684, -36.637049571558357 ], [ -72.04743513590428, -36.637198193436042 ], [ -72.047933601991602, -36.637451804215459 ], [ -72.048385750183954, -36.637664343424802 ], [ -72.048824763004589, -36.637843837745521 ], [ -72.04924782233725, -36.637918832518331 ], [ -72.049663741017824, -36.637812806366526 ], [ -72.049987047805587, -36.637609015114734 ], [ -72.050397136502625, -36.637355313070614 ], [ -72.050739487914782, -36.637184410413866 ], [ -72.051155527674112, -36.637189995996678 ], [ -72.051513920011885, -36.637317149534901 ], [ -72.051854978601355, -36.637413311497738 ], [ -72.052211621064401, -36.637604441816556 ], [ -72.052538583693945, -36.637932079793245 ], [ -72.052673186573628, -36.638055146705021 ], [ -72.052785227020223, -36.638195326936533 ], [ -72.052820613288446, -36.638342241967024 ], [ -72.052816881254657, -36.638547381902022 ], [ -72.052695167007954, -36.638664410673968 ], [ -72.05256676795652, -36.638806526032006 ], [ -72.052553925988377, -36.63893083603535 ], [ -72.052632570914213, -36.639124326566012 ], [ -72.052757752690127, -36.639297549264192 ], [ -72.053126227931045, -36.639488373063607 ], [ -72.05358871756097, -36.639662478283704 ], [ -72.053915896903007, -36.639706537346598 ], [ -72.054319166546307, -36.639729568729379 ], [ -72.054580645808244, -36.639608414339015 ], [ -72.054834820800934, -36.639601890800371 ], [ -72.055110004360884, -36.63952806932091 ], [ -72.055306837359396, -36.639418110266256 ], [ -72.055585294849436, -36.639277444636242 ], [ -72.055639884811143, -36.639161600129128 ], [ -72.055743270881521, -36.639082650183106 ], [ -72.055843077573627, -36.638913191032422 ], [ -72.056005455874313, -36.638680135853143 ], [ -72.056214368142264, -36.638426811444319 ], [ -72.056843851826642, -36.637886114067008 ], [ -72.057571987073885, -36.63754778807975 ], [ -72.058022024953843, -36.637455297860157 ], [ -72.058375356928778, -36.637412839727759 ], [ -72.059012155056919, -36.637506150046107 ], [ -72.059752389265611, -36.637820914943156 ], [ -72.060171802216786, -36.638132285269791 ], [ -72.060202434260304, -36.638205980176828 ], [ -72.060348173404151, -36.638289684411035 ], [ -72.060553937262952, -36.638339143146567 ], [ -72.060971977009345, -36.638585890101943 ], [ -72.061256330728739, -36.638893294585792 ], [ -72.061738959716294, -36.639121736357794 ], [ -72.061923580674076, -36.639157469935888 ], [ -72.062353948952378, -36.639117786729344 ], [ -72.06300402583733, -36.638948467630449 ], [ -72.063310510459004, -36.638768915615877 ], [ -72.063472924181198, -36.638388027551613 ], [ -72.063491907476049, -36.638120505170839 ], [ -72.063459202110934, -36.637892460490662 ], [ -72.06354754633098, -36.637732827750881 ], [ -72.063832080436981, -36.637596754624717 ], [ -72.063796329529609, -36.637515042715286 ], [ -72.063365168390391, -36.636279763861104 ], [ -72.062777948322733, -36.634597303808661 ], [ -72.061794913411589, -36.631780590445935 ], [ -72.061757415186008, -36.631673141511861 ], [ -72.061465053192478, -36.630835382316022 ], [ -72.061227559947412, -36.630154830845946 ], [ -72.060780927155591, -36.628874941765964 ], [ -72.06035380346205, -36.627650914369681 ], [ -72.060346398331916, -36.627646040425141 ], [ -72.057393462600743, -36.628293967965533 ], [ -72.055648500559201, -36.628691069650294 ], [ -72.05258087451908, -36.629243764474502 ], [ -72.051722480957935, -36.629404060671753 ], [ -72.05168278444107, -36.629477559276268 ], [ -72.046404562978026, -36.630295609049533 ], [ -72.044431158202002, -36.63047122348447 ], [ -72.034895187613287, -36.631828660393623 ], [ -72.033013970167673, -36.632136016843276 ], [ -72.031034646350165, -36.63258771502246 ] ] ] } },
{ "type": "Feature", "properties": { "zona": "83" }, "geometry": { "type": "Polygon", "coordinates": [ [ [ -72.091618061733755, -36.634944663533318 ], [ -72.089097270045684, -36.635129218743465 ], [ -72.086785060968722, -36.635307464034561 ], [ -72.086355381855086, -36.635333865716362 ], [ -72.086109655161536, -36.635344052099867 ], [ -72.086013793336718, -36.635314112303796 ], [ -72.085791139587968, -36.634953669475998 ], [ -72.085433832126952, -36.634362109965288 ], [ -72.0853114329215, -36.63416135284573 ], [ -72.084281041588753, -36.634672530804153 ], [ -72.08342247274814, -36.635101046616406 ], [ -72.083182893474657, -36.634790628819516 ], [ -72.08296794596437, -36.634504368342959 ], [ -72.082782756094417, -36.634279326373822 ], [ -72.082779062291905, -36.634246042990753 ], [ -72.082780286822739, -36.634217400656958 ], [ -72.082787345855905, -36.634186699832327 ], [ -72.082804625865336, -36.634145243718315 ], [ -72.082807336394154, -36.634124192394069 ], [ -72.082783736929713, -36.634096193014088 ], [ -72.082764409999612, -36.634056638721916 ], [ -72.08277303546032, -36.634005869893763 ], [ -72.082813516782409, -36.633596643241916 ], [ -72.082816160224624, -36.633514557664739 ], [ -72.082814721127278, -36.633448790511537 ], [ -72.082789595662916, -36.63317477930913 ], [ -72.082738759664068, -36.63296819210651 ], [ -72.082694883426157, -36.632623298884404 ], [ -72.0826886425113, -36.632540966552632 ], [ -72.082694836867589, -36.632429224687748 ], [ -72.082702184357444, -36.63225737064321 ], [ -72.082681983517062, -36.632077170041569 ], [ -72.082666677421571, -36.631930698570862 ], [ -72.082702376256307, -36.631876367504155 ], [ -72.082716715191694, -36.631865028730516 ], [ -72.083276934493128, -36.631596360454552 ], [ -72.083293354627088, -36.631563032891592 ], [ -72.083224431698468, -36.631448037222036 ], [ -72.082951361918859, -36.631578629087088 ], [ -72.082519514460699, -36.631691142829467 ], [ -72.082579007182147, -36.63209544236323 ], [ -72.082466440091778, -36.632610965279859 ], [ -72.082524061366797, -36.632943263284957 ], [ -72.082502581380894, -36.633146477902592 ], [ -72.082358087048092, -36.633603222043561 ], [ -72.082240294455659, -36.633987747243708 ], [ -72.082096272085366, -36.634456399782401 ], [ -72.082007555753094, -36.634828250019254 ], [ -72.082007971762593, -36.635209714936117 ], [ -72.081923051307569, -36.635676835954627 ], [ -72.081893914463649, -36.636059065169569 ], [ -72.081905783422727, -36.63635678526628 ], [ -72.082069970691123, -36.636816941230599 ], [ -72.08229868724689, -36.637359387630312 ], [ -72.082399638287882, -36.638036275195262 ], [ -72.082388603571957, -36.638501483762887 ], [ -72.082655905609414, -36.639269431702928 ], [ -72.082846531240691, -36.639598284169843 ], [ -72.08322783772347, -36.639886433990803 ], [ -72.083911344550103, -36.640333646891925 ], [ -72.08469683230058, -36.641112003171585 ], [ -72.085193479475763, -36.641695183781266 ], [ -72.085494181812038, -36.642557626449822 ], [ -72.085769576526502, -36.643897567261774 ], [ -72.085738042384165, -36.644589806582488 ], [ -72.085613559243555, -36.645177165967333 ], [ -72.085519106346581, -36.645775668435135 ], [ -72.085292597610575, -36.646401436197266 ], [ -72.085032249877756, -36.646920790940143 ], [ -72.084722765853314, -36.647691762018376 ], [ -72.084860012977344, -36.648165047270119 ], [ -72.085502122387453, -36.648684848144072 ], [ -72.086195270901086, -36.64900066489507 ], [ -72.086864605696775, -36.64909059390218 ], [ -72.087276038918347, -36.649020315800563 ], [ -72.087697014343505, -36.648818657226414 ], [ -72.087798590412831, -36.648398785509769 ], [ -72.087665131770677, -36.648020773715544 ], [ -72.087494028757831, -36.647441081561958 ], [ -72.087584157035877, -36.647104954051876 ], [ -72.087895961581751, -36.646763073979905 ], [ -72.088120044630458, -36.646447312084845 ], [ -72.088453762681795, -36.646283678824695 ], [ -72.08881225219487, -36.646369742912462 ], [ -72.089044877746645, -36.646637889735686 ], [ -72.08918740564404, -36.646872610392329 ], [ -72.089557325632413, -36.647244481880414 ], [ -72.090008302883192, -36.647423509915519 ], [ -72.090386341323793, -36.647628272036108 ], [ -72.090618499896877, -36.647884505893437 ], [ -72.090643757182065, -36.648146113638838 ], [ -72.090999389242981, -36.648530271331538 ], [ -72.091257288976763, -36.649060019698283 ], [ -72.091496133891525, -36.649113420514922 ], [ -72.091639634917541, -36.649002402982973 ], [ -72.091673964852305, -36.648751169308397 ], [ -72.091705436865695, -36.648428483761684 ], [ -72.091869916442263, -36.648102341747006 ], [ -72.092102563749648, -36.648000929349656 ], [ -72.092456776496405, -36.647979804586335 ], [ -72.092768651926463, -36.647953181076019 ], [ -72.09298105878355, -36.647845538233561 ], [ -72.092867800707438, -36.647636741998134 ], [ -72.092866662961569, -36.647628265030882 ], [ -72.09284222611285, -36.647446150162011 ], [ -72.092833934291207, -36.647384352644835 ], [ -72.092902048755832, -36.647276813019111 ], [ -72.092914861390682, -36.647242152911026 ], [ -72.093088928744876, -36.646771271576839 ], [ -72.093222889649297, -36.646422080180997 ], [ -72.093401660420611, -36.646083643873801 ], [ -72.094375107397056, -36.644532444914489 ], [ -72.09493141300463, -36.643647743582896 ], [ -72.095312283655545, -36.642815286154352 ], [ -72.095424774095221, -36.642299756068283 ], [ -72.095358978945711, -36.641765020291182 ], [ -72.095255053245609, -36.641386250067853 ], [ -72.094501397320258, -36.640297191217293 ], [ -72.093980380918239, -36.639476264100125 ], [ -72.093115705623873, -36.637829792057353 ], [ -72.091618061733755, -36.634944663533318 ] ] ] } },
{ "type": "Feature", "properties": { "zona": "67" }, "geometry": { "type": "Polygon", "coordinates": [ [ [ -72.103729066096321, -36.629919389950068 ], [ -72.103713515747216, -36.629847033073297 ], [ -72.103197814845302, -36.627447402347777 ], [ -72.106585117823968, -36.626991300549385 ], [ -72.106579089619927, -36.626976493963667 ], [ -72.105188366848935, -36.624018219501735 ], [ -72.104632721845775, -36.622850146207554 ], [ -72.104560385425074, -36.622749322722527 ], [ -72.104363273951748, -36.622738965963727 ], [ -72.103951044103724, -36.622785479282669 ], [ -72.10336920197085, -36.622843565363461 ], [ -72.103097937381307, -36.622864942320057 ], [ -72.10284459330488, -36.622890620248114 ], [ -72.102209041472818, -36.622973942414447 ], [ -72.101656220875199, -36.623055106466637 ], [ -72.101256283173711, -36.623113210178353 ], [ -72.100726716787406, -36.62318422667888 ], [ -72.099998516913743, -36.623317635723105 ], [ -72.099687028556588, -36.623368662921933 ], [ -72.097881702081125, -36.623688810792956 ], [ -72.09848281054488, -36.624560489458219 ], [ -72.098978121453058, -36.625405911267684 ], [ -72.09944513094473, -36.626209151039092 ], [ -72.099600140200153, -36.626534135872248 ], [ -72.100241055639685, -36.627855362138085 ], [ -72.100495022639194, -36.62828744209191 ], [ -72.10069751116643, -36.628615956285287 ], [ -72.100948887590917, -36.629855569287209 ], [ -72.10096299249247, -36.629925123019326 ], [ -72.102615375927641, -36.629813804510519 ], [ -72.102824456731213, -36.629799718093423 ], [ -72.102889940559294, -36.629809862517696 ], [ -72.103687462294573, -36.629933403088785 ], [ -72.103730473370902, -36.629943725720914 ], [ -72.103729066096321, -36.629919389950068 ] ] ] } },
{ "type": "Feature", "properties": { "zona": "78" }, "geometry": { "type": "Polygon", "coordinates": [ [ [ -72.116254989043796, -36.626072442273347 ], [ -72.116258802984888, -36.626091210821976 ], [ -72.116372169592054, -36.626555545397707 ], [ -72.116487758459556, -36.626781401677214 ], [ -72.116662445753065, -36.627005711325069 ], [ -72.11690843501782, -36.6272376900816 ], [ -72.117176145051261, -36.627421415308049 ], [ -72.117588763493757, -36.627677639060849 ], [ -72.11789116711229, -36.627841380069952 ], [ -72.117920184380722, -36.62797413504795 ], [ -72.118186067188304, -36.628405862005351 ], [ -72.11877434516974, -36.629496717315448 ], [ -72.119073101698518, -36.630156462951796 ], [ -72.119291595838916, -36.630786752404724 ], [ -72.119798331224217, -36.630698964806164 ], [ -72.120802998960556, -36.630644315120762 ], [ -72.121651152706733, -36.630550548231568 ], [ -72.12230398669449, -36.630454746118438 ], [ -72.123208996990911, -36.630230730539949 ], [ -72.124929973719546, -36.629556133022149 ], [ -72.124434402706427, -36.627629272894524 ], [ -72.123382390782183, -36.623538499475757 ], [ -72.123316968146924, -36.623545102828153 ], [ -72.123316993218367, -36.623545197688102 ], [ -72.123187292492332, -36.62356651128934 ], [ -72.123027568997898, -36.623592761157575 ], [ -72.122831632050421, -36.623628942243478 ], [ -72.122724957366927, -36.623653643184618 ], [ -72.122682186897933, -36.623666248971524 ], [ -72.122638655355757, -36.623699294792125 ], [ -72.122585909652202, -36.623752577068828 ], [ -72.122531586775338, -36.623799692039036 ], [ -72.122526845112347, -36.623803804742025 ], [ -72.122402317251527, -36.623911810189981 ], [ -72.122278497340034, -36.62402201908435 ], [ -72.122209537121208, -36.624083398572317 ], [ -72.122174809810943, -36.62411430744816 ], [ -72.122151842755386, -36.624134655909593 ], [ -72.121988519915675, -36.624279344484201 ], [ -72.121972529565483, -36.624293511230228 ], [ -72.121867650272009, -36.624386453263497 ], [ -72.121840130603317, -36.624410840001396 ], [ -72.121785045364078, -36.62445964079501 ], [ -72.121730849488401, -36.624507654998702 ], [ -72.121639597576646, -36.624588499771953 ], [ -72.121556126390544, -36.624662448781109 ], [ -72.121453659824866, -36.624753232109569 ], [ -72.121436527419959, -36.624768412749084 ], [ -72.121396383186791, -36.624803978025781 ], [ -72.121141977855245, -36.625029371310262 ], [ -72.121113531441978, -36.625054573363578 ], [ -72.121089381912938, -36.625075968186977 ], [ -72.120278442801293, -36.624451189108356 ], [ -72.120245836704726, -36.624468583729012 ], [ -72.116254989043796, -36.626072442273347 ] ] ] } },
{ "type": "Feature", "properties": { "zona": "53" }, "geometry": { "type": "Polygon", "coordinates": [ [ [ -72.115648268476093, -36.62305303380667 ], [ -72.115100202990732, -36.621095841642408 ], [ -72.11447261852588, -36.621045743890448 ], [ -72.113716593670063, -36.621001148972944 ], [ -72.113235926926578, -36.620963652329166 ], [ -72.111732744089167, -36.620874209155907 ], [ -72.111643242400817, -36.62085509050695 ], [ -72.110738061662573, -36.618425402223636 ], [ -72.109588995207815, -36.615665903141903 ], [ -72.108260385041177, -36.615943789931947 ], [ -72.107774404733036, -36.614486874060049 ], [ -72.105604307454598, -36.614999910350242 ], [ -72.10354602382732, -36.615511232540079 ], [ -72.103476024045065, -36.615528621516468 ], [ -72.104128519671022, -36.616852517062185 ], [ -72.104422891605239, -36.617407514208729 ], [ -72.104568550426293, -36.617646904424554 ], [ -72.104845566515181, -36.61806406946134 ], [ -72.105028020089833, -36.618335878508084 ], [ -72.105161481231676, -36.618566049537421 ], [ -72.105183989036306, -36.618684672890886 ], [ -72.105235296867122, -36.618931291953388 ], [ -72.105289491894254, -36.6193971835404 ], [ -72.10534502638022, -36.619896418359389 ], [ -72.105228025878148, -36.620223722615705 ], [ -72.104946921189182, -36.620736507274493 ], [ -72.104856596143819, -36.620991589320575 ], [ -72.104787232546727, -36.621179366306727 ], [ -72.104688971616426, -36.621604972450307 ], [ -72.10468644418259, -36.621615921147139 ], [ -72.104667203925629, -36.621726095983007 ], [ -72.10464205500277, -36.621836425821229 ], [ -72.104560385425074, -36.622749322722527 ], [ -72.104754447439362, -36.622829834864504 ], [ -72.105031346861821, -36.622912020170375 ], [ -72.105416181084095, -36.622919862114109 ], [ -72.105941844703651, -36.622935950083054 ], [ -72.106756072906904, -36.622956426523182 ], [ -72.106969236043966, -36.622960961744852 ], [ -72.109020757691169, -36.623004587033904 ], [ -72.111554002802364, -36.62311125138509 ], [ -72.114125817431358, -36.62307379983276 ], [ -72.115648268476093, -36.62305303380667 ] ] ] } },
{ "type": "Feature", "properties": { "zona": "74" }, "geometry": { "type": "Polygon", "coordinates": [ [ [ -72.136742570929144, -36.621684033527117 ], [ -72.137463698878079, -36.624019362742651 ], [ -72.137804826804839, -36.625136898393897 ], [ -72.137875173441756, -36.625230410850257 ], [ -72.136327158771593, -36.625423797352319 ], [ -72.136648455284245, -36.626636033646186 ], [ -72.13690924971813, -36.627618001965651 ], [ -72.136934791641252, -36.62770077496716 ], [ -72.137010353488222, -36.627740506616917 ], [ -72.137121884761214, -36.627755448711191 ], [ -72.137454062995545, -36.627740733395385 ], [ -72.137535804749859, -36.627750499490524 ], [ -72.137664042828817, -36.627812683672147 ], [ -72.137711022431233, -36.627877010702925 ], [ -72.137820724532077, -36.628029090277799 ], [ -72.138271375048575, -36.628929160174543 ], [ -72.138671534292556, -36.62986036089174 ], [ -72.142862574624317, -36.628718612611557 ], [ -72.14290023641189, -36.628735498798029 ], [ -72.143056808477112, -36.629130714613041 ], [ -72.143367535047119, -36.629861604787614 ], [ -72.144589584075476, -36.629543224176103 ], [ -72.145166753474896, -36.6310061649273 ], [ -72.145289311413308, -36.631837388139303 ], [ -72.145987375406904, -36.632999106695969 ], [ -72.14723621813441, -36.632429651427749 ], [ -72.149109130553924, -36.634835811505901 ], [ -72.150115409549741, -36.636299291444104 ], [ -72.150470780220232, -36.636671352558679 ], [ -72.151044392260417, -36.636954188863086 ], [ -72.151448192374914, -36.6370627059054 ], [ -72.15183381916917, -36.637088256218597 ], [ -72.152218474949777, -36.637089989620911 ], [ -72.152678565120922, -36.637126370502827 ], [ -72.152564603637558, -36.636943424234616 ], [ -72.152483189423037, -36.636688089825761 ], [ -72.152496507510747, -36.636144146063884 ], [ -72.152669982270851, -36.635610264964171 ], [ -72.152791429166385, -36.635106371867764 ], [ -72.152947169748273, -36.634572960167056 ], [ -72.15307211164459, -36.634154804233518 ], [ -72.15351036544088, -36.633585296231878 ], [ -72.154009380182728, -36.633200143407002 ], [ -72.154474680378485, -36.632858796235347 ], [ -72.15493764396642, -36.632460289254318 ], [ -72.155472104757678, -36.632074190052279 ], [ -72.155871139464423, -36.63184903531188 ], [ -72.156163793188142, -36.631626699376802 ], [ -72.156794475186402, -36.631424008685507 ], [ -72.157022624985927, -36.631360737336934 ], [ -72.157168545525593, -36.631457001702373 ], [ -72.157349703504508, -36.631981481753343 ], [ -72.157620095451676, -36.63251789908832 ], [ -72.157846276654368, -36.632840913898349 ], [ -72.158104418427882, -36.633077250265146 ], [ -72.158525633859, -36.633395087519958 ], [ -72.159140714992702, -36.633679168489905 ], [ -72.159487512580057, -36.633913147538003 ], [ -72.160063636353044, -36.634112427848258 ], [ -72.160792324194773, -36.634135993139218 ], [ -72.161128026903086, -36.634098467414965 ], [ -72.161456718088374, -36.633889467343366 ], [ -72.161560959553839, -36.633400327550667 ], [ -72.161558236941516, -36.632899724958357 ], [ -72.161588052209964, -36.63232673315963 ], [ -72.161477784168497, -36.631800377260014 ], [ -72.161405313846757, -36.631330237136297 ], [ -72.161206986696442, -36.630820524783054 ], [ -72.161215952364017, -36.630605711097211 ], [ -72.161312395592176, -36.630359964937668 ], [ -72.161461441369539, -36.630098515627509 ], [ -72.161662504802408, -36.629807074441402 ], [ -72.161665042058672, -36.629435077634106 ], [ -72.161792267069842, -36.629074072726816 ], [ -72.162258091503062, -36.628746987198944 ], [ -72.16269780486931, -36.628649474232041 ], [ -72.16300211786097, -36.628712912603795 ], [ -72.163342472374509, -36.628789697280901 ], [ -72.163943896670403, -36.62917425166097 ], [ -72.164358678327446, -36.62933488558884 ], [ -72.164900489753805, -36.629563664236983 ], [ -72.165678047741153, -36.629914915948504 ], [ -72.16611466161369, -36.630175097595306 ], [ -72.166446689334748, -36.630409449177534 ], [ -72.166774007135814, -36.630601011131212 ], [ -72.167245502598405, -36.630845954493559 ], [ -72.167537366771086, -36.631038457687062 ], [ -72.167758314079833, -36.631232846699021 ], [ -72.168134728844734, -36.631322962466939 ], [ -72.168416640878078, -36.631272543302508 ], [ -72.168752327060048, -36.631234996785963 ], [ -72.169254019221583, -36.631350383492013 ], [ -72.169866189578698, -36.631562961240896 ], [ -72.170837639766106, -36.631880404194128 ], [ -72.171487035485853, -36.632134895551765 ], [ -72.172099217512766, -36.632347461183862 ], [ -72.172700710014951, -36.632731967667951 ], [ -72.173471746454027, -36.633355134131591 ], [ -72.174063150542409, -36.633925866310975 ], [ -72.174528106965198, -36.634442749338668 ], [ -72.174700585942205, -36.634752856873249 ], [ -72.17603749910927, -36.634459699568403 ], [ -72.175835229557222, -36.634115089428505 ], [ -72.176894259491831, -36.630688938412987 ], [ -72.177260336806057, -36.629663515907147 ], [ -72.170003394697346, -36.627983063864633 ], [ -72.167567139646579, -36.627432809630101 ], [ -72.165709338346574, -36.627138915482909 ], [ -72.163901225130502, -36.626757841335731 ], [ -72.161302568513491, -36.626140247534934 ], [ -72.160191152125989, -36.625869355939031 ], [ -72.159433722949984, -36.625574752383855 ], [ -72.157873281470387, -36.625172705600612 ], [ -72.154953281060799, -36.624506275223382 ], [ -72.153686433020184, -36.624339576458155 ], [ -72.153414916877296, -36.62431647836933 ], [ -72.153408606655276, -36.624315941779763 ], [ -72.151763073265002, -36.624175943310505 ], [ -72.151110411481724, -36.624132736335163 ], [ -72.144662847830361, -36.62370570042949 ], [ -72.143969132379766, -36.623666805088881 ], [ -72.14346868248056, -36.623579886819392 ], [ -72.143111219626704, -36.623517800096913 ], [ -72.142464301846999, -36.623320304482142 ], [ -72.140088819033807, -36.62251038186443 ], [ -72.138506001321218, -36.621990411137212 ], [ -72.13772697900329, -36.621743920472923 ], [ -72.137262582744683, -36.621670329422365 ], [ -72.137001804134769, -36.621658129271459 ], [ -72.136742570929144, -36.621684033527117 ] ] ] } },
{ "type": "Feature", "properties": { "zona": "64" }, "geometry": { "type": "Polygon", "coordinates": [ [ [ -72.136742570929144, -36.621684033527117 ], [ -72.13551136710781, -36.618264614407607 ], [ -72.135164948661824, -36.617379668292706 ], [ -72.134931299988253, -36.617087797862233 ], [ -72.134625722462147, -36.616845504972012 ], [ -72.13425014595424, -36.616700421350409 ], [ -72.133059108349258, -36.616210865246892 ], [ -72.132804431076835, -36.61623966567366 ], [ -72.132395547891676, -36.616184859753048 ], [ -72.131990279969571, -36.616219365407787 ], [ -72.131675090139808, -36.616287262372374 ], [ -72.131064940281234, -36.616374837703987 ], [ -72.13084822344949, -36.616376642998588 ], [ -72.129208033826586, -36.616627193800824 ], [ -72.127840573846626, -36.616820488080684 ], [ -72.127352313641353, -36.617033588904754 ], [ -72.127273987045243, -36.617071409880992 ], [ -72.127014909031857, -36.617686184365766 ], [ -72.126921165264022, -36.617781630646853 ], [ -72.126740519438769, -36.617922274868633 ], [ -72.126591283808239, -36.617961956994108 ], [ -72.12533832285547, -36.618574218701845 ], [ -72.12425799677375, -36.619067495654306 ], [ -72.123774328528938, -36.619394901958778 ], [ -72.122828379145417, -36.619920403291914 ], [ -72.122770082392847, -36.620014915625497 ], [ -72.122747241672812, -36.620108498719858 ], [ -72.122742415757145, -36.620208761352082 ], [ -72.12275676082713, -36.620344284388196 ], [ -72.122763972385769, -36.620522909995977 ], [ -72.122733709470623, -36.620652450210734 ], [ -72.122625979087161, -36.620841244073716 ], [ -72.122535110530464, -36.621008136463992 ], [ -72.122676641645114, -36.621131512081149 ], [ -72.122865530947223, -36.621260463827987 ], [ -72.123131274167775, -36.621432306687268 ], [ -72.125095679431155, -36.622742721630516 ], [ -72.12521281971857, -36.622805211949988 ], [ -72.125400495292453, -36.622874790107424 ], [ -72.125576369137335, -36.622926797107212 ], [ -72.125715068888809, -36.622973819146729 ], [ -72.125902023357526, -36.623025534689617 ], [ -72.126087654378779, -36.623044501386701 ], [ -72.126224910586657, -36.623055798356916 ], [ -72.126368711573647, -36.623046060764295 ], [ -72.127865889403338, -36.622857716924457 ], [ -72.129385580217246, -36.622677703306906 ], [ -72.136742570929144, -36.621684033527117 ] ] ] } },
{ "type": "Feature", "properties": { "zona": "47" }, "geometry": { "type": "Polygon", "coordinates": [ [ [ -72.146276647722445, -36.61261720957674 ], [ -72.155000548149914, -36.615329211167463 ], [ -72.154760942200781, -36.614163069649145 ], [ -72.154543871678982, -36.61319130935631 ], [ -72.154222232044859, -36.612556104497799 ], [ -72.153749976092342, -36.611853362695932 ], [ -72.152948889457008, -36.611063961583184 ], [ -72.152247117070189, -36.610534184471092 ], [ -72.148382938900426, -36.607870789527908 ], [ -72.13286701235532, -36.605470967318809 ], [ -72.132868366583196, -36.605505027910226 ], [ -72.132600770798419, -36.606608797512301 ], [ -72.132343518019795, -36.607676055339013 ], [ -72.132081534069002, -36.608743437096123 ], [ -72.131838307816949, -36.609716527349548 ], [ -72.133084228671777, -36.60993093459696 ], [ -72.13447315275846, -36.610139468488292 ], [ -72.135938405783108, -36.610363141511996 ], [ -72.140224557040568, -36.610984098493169 ], [ -72.141176859275916, -36.611130636279178 ], [ -72.146276647722445, -36.61261720957674 ] ] ] } },
{ "type": "Feature", "properties": { "zona": "29" }, "geometry": { "type": "Polygon", "coordinates": [ [ [ -72.11319609503127, -36.604956384120399 ], [ -72.11361799043479, -36.605657933766771 ], [ -72.114008890507748, -36.606112630767633 ], [ -72.11460276430158, -36.606540558326337 ], [ -72.115297816097325, -36.606837087600105 ], [ -72.11565835001403, -36.606977858099768 ], [ -72.116169544117355, -36.607114684172259 ], [ -72.11688428629212, -36.607239026207289 ], [ -72.119439651593424, -36.607687087228335 ], [ -72.12354723675351, -36.608352411571225 ], [ -72.12347227835177, -36.608252266803923 ], [ -72.123465622315322, -36.608243375335334 ], [ -72.123363246551534, -36.60811190263135 ], [ -72.123363089734312, -36.608111700390609 ], [ -72.123302566497102, -36.608033975852656 ], [ -72.12327592838146, -36.608001659712905 ], [ -72.123212351288117, -36.607924532478279 ], [ -72.123152603245771, -36.607852050018849 ], [ -72.123096145985031, -36.607783559637589 ], [ -72.122887188635701, -36.607521733897066 ], [ -72.122816559519123, -36.607440142567015 ], [ -72.122793653074069, -36.607413680277205 ], [ -72.122775013432616, -36.607390555525953 ], [ -72.122693395273075, -36.607289294503929 ], [ -72.122683981436438, -36.607278614522869 ], [ -72.122660099535707, -36.607251298303638 ], [ -72.122544121405653, -36.607112025618008 ], [ -72.122449071623279, -36.606997886549124 ], [ -72.122397982459134, -36.606936535106776 ], [ -72.122190576988118, -36.60668382803145 ], [ -72.121956710295109, -36.606405398306023 ], [ -72.121735853445458, -36.606129172593697 ], [ -72.12161313162612, -36.605988797052298 ], [ -72.121602820399389, -36.605977003301319 ], [ -72.121512133024865, -36.605873270428397 ], [ -72.12150836474062, -36.605868960079668 ], [ -72.121390133844329, -36.605731032911031 ], [ -72.121353033015055, -36.605687751916214 ], [ -72.121199661545475, -36.605501339572371 ], [ -72.121095567838481, -36.605377680951975 ], [ -72.121035866659639, -36.605306757722389 ], [ -72.120921910454797, -36.605173738988398 ], [ -72.12091732215346, -36.605168382294949 ], [ -72.120730763520015, -36.60494872487056 ], [ -72.120610880785151, -36.604812085488241 ], [ -72.120583227694667, -36.604780567542157 ], [ -72.120489906619369, -36.6046603962413 ], [ -72.120322652226164, -36.604458838350112 ], [ -72.12021561054047, -36.60433317637343 ], [ -72.120051705663883, -36.60413851121082 ], [ -72.119887801631933, -36.603943845777692 ], [ -72.119876358624879, -36.603930107179217 ], [ -72.119685278871628, -36.603700696522218 ], [ -72.11965116591567, -36.603660787019649 ], [ -72.119594550940405, -36.603594186774387 ], [ -72.119518372202691, -36.603535664852735 ], [ -72.11945542141774, -36.603490274263436 ], [ -72.119379775723672, -36.603494277415081 ], [ -72.119340539862606, -36.603496354290947 ], [ -72.119287556242284, -36.603501544241546 ], [ -72.119221651278863, -36.603514740275024 ], [ -72.119184583011759, -36.603524012479326 ], [ -72.119090884006596, -36.603543932615217 ], [ -72.11902265015901, -36.60355799694959 ], [ -72.118954417436669, -36.603572062116854 ], [ -72.118823717412369, -36.603599406021715 ], [ -72.118609620065214, -36.603655814542662 ], [ -72.118470223703326, -36.603692541175995 ], [ -72.118066780992734, -36.603790318453633 ], [ -72.117650835011929, -36.603887950505531 ], [ -72.117562888796201, -36.603908592892701 ], [ -72.117472639243289, -36.603930432733513 ], [ -72.117118537256204, -36.604016121326694 ], [ -72.117112055526135, -36.604017690457638 ], [ -72.117010085144301, -36.604042365345087 ], [ -72.116883785098452, -36.604072268262343 ], [ -72.116608973124073, -36.604137332829744 ], [ -72.116603162000288, -36.604138708661445 ], [ -72.116274957691971, -36.604216413314582 ], [ -72.115610924205839, -36.60437728108306 ], [ -72.115610313654429, -36.604375607469514 ], [ -72.115517870963572, -36.604399938952255 ], [ -72.115015277424547, -36.604522691452011 ], [ -72.114994104865204, -36.604527862717127 ], [ -72.114990481293461, -36.604528747800536 ], [ -72.11461150179602, -36.604621307515799 ], [ -72.114055760910205, -36.60475703650075 ], [ -72.113621719068405, -36.604857687121083 ], [ -72.11319609503127, -36.604956384120399 ] ] ] } },
{ "type": "Feature", "properties": { "zona": "31" }, "geometry": { "type": "Polygon", "coordinates": [ [ [ -72.108969864793011, -36.605979301958982 ], [ -72.108962547693864, -36.60598106277687 ], [ -72.109421145585998, -36.607225083250903 ], [ -72.110817665259731, -36.610932003448468 ], [ -72.111278362407646, -36.61215478639501 ], [ -72.111754935361901, -36.613415496345304 ], [ -72.111849534881898, -36.613568970577589 ], [ -72.112451640108503, -36.613385458933038 ], [ -72.112515375878004, -36.613366033400915 ], [ -72.113905046700495, -36.612978973034281 ], [ -72.114781597187175, -36.612724421524469 ], [ -72.114802844627945, -36.612718250761247 ], [ -72.11442567739148, -36.611713215596566 ], [ -72.114548385576867, -36.61170140696651 ], [ -72.114130158623595, -36.610589398369896 ], [ -72.112137129937466, -36.60528970574569 ], [ -72.112107525865497, -36.605210980435004 ], [ -72.111966292956922, -36.605245907478071 ], [ -72.111450840901753, -36.605373373251368 ], [ -72.110955678894172, -36.605495819990516 ], [ -72.110427652604471, -36.605626391696504 ], [ -72.11027051401102, -36.605665248449966 ], [ -72.110113375282097, -36.605704105903264 ], [ -72.109561970577005, -36.605836808311736 ], [ -72.108969864793011, -36.605979301958982 ] ] ] } },
{ "type": "Feature", "properties": { "zona": "22" }, "geometry": { "type": "Polygon", "coordinates": [ [ [ -72.106235645107731, -36.598431259349816 ], [ -72.107572189315221, -36.602273670119253 ], [ -72.108969864793011, -36.605979301958982 ], [ -72.109561970577005, -36.605836808311736 ], [ -72.110113375282097, -36.605704105903264 ], [ -72.11027051401102, -36.605665248449966 ], [ -72.110427652604471, -36.605626391696504 ], [ -72.110955678894172, -36.605495819990516 ], [ -72.111450840901753, -36.605373373251368 ], [ -72.111966292956922, -36.605245907478071 ], [ -72.112107525865497, -36.605210980435004 ], [ -72.110645319382442, -36.60128350070692 ], [ -72.109327996387705, -36.597744781890114 ], [ -72.109162565729093, -36.597778591798232 ], [ -72.109021073213341, -36.597807732207087 ], [ -72.107807209280381, -36.598057716598817 ], [ -72.107451987700529, -36.598142150942813 ], [ -72.107060083608815, -36.598235302805257 ], [ -72.106235645107731, -36.598431259349816 ] ] ] } },
{ "type": "Feature", "properties": { "zona": "33" }, "geometry": { "type": "Polygon", "coordinates": [ [ [ -72.110817665259731, -36.610932003448468 ], [ -72.109421145585998, -36.607225083250903 ], [ -72.108962547693864, -36.60598106277687 ], [ -72.108871909785236, -36.606002875680687 ], [ -72.108210041635871, -36.606162153883261 ], [ -72.107791957958128, -36.606264511541973 ], [ -72.107373873112351, -36.606366868682272 ], [ -72.105890956074006, -36.60672990616029 ], [ -72.107730298418574, -36.611657648480467 ], [ -72.110817665259731, -36.610932003448468 ] ] ] } },
{ "type": "Feature", "properties": { "zona": "25" }, "geometry": { "type": "Polygon", "coordinates": [ [ [ -72.096677689251081, -36.608984935036695 ], [ -72.096718972418785, -36.608971753791344 ], [ -72.096664315380039, -36.608825414416323 ], [ -72.096653962608045, -36.608797695830148 ], [ -72.096251067333, -36.607718969816816 ], [ -72.095807468070149, -36.606531221485206 ], [ -72.095806825886442, -36.606531373351608 ], [ -72.095801159145651, -36.606514328236713 ], [ -72.095625397472489, -36.606047201753157 ], [ -72.095387011093194, -36.605413627118153 ], [ -72.094906479282756, -36.604136448747177 ], [ -72.094493333147739, -36.603038333568598 ], [ -72.094418495419561, -36.602839415251566 ], [ -72.09441829328199, -36.602838860008134 ], [ -72.093928988150651, -36.601493223901471 ], [ -72.092608479759633, -36.601818263742651 ], [ -72.090644809876594, -36.602301583752229 ], [ -72.091182532268263, -36.603625757063838 ], [ -72.091441428135113, -36.604311544000197 ], [ -72.091689964627847, -36.604969877140654 ], [ -72.09210953704698, -36.606081224399148 ], [ -72.093042908776781, -36.608525107134248 ], [ -72.093053556585431, -36.608552047040419 ], [ -72.093530191644604, -36.609757918898438 ], [ -72.093569818334473, -36.609745719837598 ], [ -72.093623077045322, -36.609732378055469 ], [ -72.095150995584405, -36.609358519187381 ], [ -72.095482968577457, -36.609277287644645 ], [ -72.095565013642073, -36.609257211302328 ], [ -72.096229349863137, -36.609094647464666 ], [ -72.09639776149217, -36.609053436039339 ], [ -72.096566174042508, -36.609012224354743 ], [ -72.096642246846997, -36.60899360833735 ], [ -72.096669674300472, -36.60898689618702 ], [ -72.096677689251081, -36.608984935036695 ] ] ] } },
{ "type": "Feature", "properties": { "zona": "8" }, "geometry": { "type": "Polygon", "coordinates": [ [ [ -72.106075302610876, -36.598208308245447 ], [ -72.106235645107731, -36.598431259349816 ], [ -72.107060083608815, -36.598235302805257 ], [ -72.107451987700529, -36.598142150942813 ], [ -72.107807209280381, -36.598057716598817 ], [ -72.109021073213341, -36.597807732207087 ], [ -72.109162565729093, -36.597778591798232 ], [ -72.109327996387705, -36.597744781890114 ], [ -72.109438685117297, -36.597721447664846 ], [ -72.110228556507337, -36.597554934858145 ], [ -72.110439269471854, -36.5975013505237 ], [ -72.110426290909558, -36.597468824922011 ], [ -72.11042384165269, -36.597462688317201 ], [ -72.110408561455785, -36.597424389907644 ], [ -72.110397924017377, -36.597397728891316 ], [ -72.110393620622844, -36.597386944098474 ], [ -72.110375492236429, -36.597341507544598 ], [ -72.110336251686476, -36.597232304347635 ], [ -72.110331033822803, -36.597217783979048 ], [ -72.110308871346689, -36.597156107426869 ], [ -72.110279326854908, -36.597073886290502 ], [ -72.110227710710816, -36.596930241216633 ], [ -72.110223241397449, -36.59691780089198 ], [ -72.110219796467817, -36.596908215581941 ], [ -72.110212757918177, -36.596888626221435 ], [ -72.110206293172652, -36.596870634871877 ], [ -72.110164174498792, -36.596753423759409 ], [ -72.110119199701458, -36.596628260978669 ], [ -72.110102572452149, -36.596581987672785 ], [ -72.110009137273821, -36.596317960567667 ], [ -72.109967368542925, -36.596199930120115 ], [ -72.109950971527269, -36.596153596706237 ], [ -72.109918540392343, -36.596062756868655 ], [ -72.109889558369517, -36.595981578827917 ], [ -72.10970612815089, -36.59548587807906 ], [ -72.109601108698286, -36.595202077102485 ], [ -72.109568782535717, -36.595114719022263 ], [ -72.109507093745478, -36.594943416365894 ], [ -72.109413321453118, -36.594683017248485 ], [ -72.109135600421283, -36.593942060366736 ], [ -72.109117581164668, -36.59389398404889 ], [ -72.108982734066927, -36.593520856624643 ], [ -72.108790288137826, -36.592988354415887 ], [ -72.108763479304613, -36.592915064440746 ], [ -72.108676391362707, -36.59267698016415 ], [ -72.108622116597147, -36.592528605146143 ], [ -72.108601817857661, -36.592473111660503 ], [ -72.108598055905489, -36.592462828089559 ], [ -72.108585458120956, -36.592428386427052 ], [ -72.108583248857357, -36.592422346236226 ], [ -72.108577600209458, -36.592406903456116 ], [ -72.108451148176485, -36.592061206000125 ], [ -72.108447755261082, -36.592051930151804 ], [ -72.108382985204798, -36.591874859824138 ], [ -72.108236594707506, -36.59144107559387 ], [ -72.108083012342703, -36.590985979061315 ], [ -72.108063944529874, -36.590922126993121 ], [ -72.107829441412264, -36.590136833980736 ], [ -72.107756123609605, -36.589892178021039 ], [ -72.107533202155651, -36.589148299223872 ], [ -72.107468053973392, -36.588912559954728 ], [ -72.107452960557879, -36.588857945032963 ], [ -72.107249675962578, -36.588122351574789 ], [ -72.10707301912133, -36.588140765347219 ], [ -72.10285266677154, -36.588580597871442 ], [ -72.102726895918892, -36.588593702631393 ], [ -72.102626879483168, -36.588599221933606 ], [ -72.102688528801025, -36.589018621603685 ], [ -72.102835994476408, -36.589691651794311 ], [ -72.104192126891434, -36.593120141382002 ], [ -72.104203555815403, -36.59315042021025 ], [ -72.104964371864483, -36.595280857735666 ], [ -72.106075302610876, -36.598208308245447 ] ] ] } },
{ "type": "Feature", "properties": { "zona": "9" }, "geometry": { "type": "Polygon", "coordinates": [ [ [ -72.098872380623192, -36.594535563458571 ], [ -72.096399688318101, -36.595677716067463 ], [ -72.097527068827574, -36.597250589382099 ], [ -72.097364293016867, -36.597345424257313 ], [ -72.097884843084856, -36.598678965629546 ], [ -72.098524306436062, -36.600361580761962 ], [ -72.098528962664687, -36.600360388157753 ], [ -72.099298541198209, -36.600163322532836 ], [ -72.099949098877772, -36.599996730459331 ], [ -72.100069866356819, -36.59996685622918 ], [ -72.100864773970258, -36.599770217785405 ], [ -72.101539218670666, -36.599603373504813 ], [ -72.101842445441306, -36.599528463562535 ], [ -72.102902626881431, -36.599266545046959 ], [ -72.103370493462876, -36.599150955205687 ], [ -72.104566357187323, -36.598855498100747 ], [ -72.104741601220724, -36.598810680166352 ], [ -72.104852524666057, -36.59878231129106 ], [ -72.105290354651018, -36.598670335772347 ], [ -72.106086861872058, -36.598466622198991 ], [ -72.106235645107731, -36.598431259349816 ], [ -72.106075302610876, -36.598208308245447 ], [ -72.104964371864483, -36.595280857735666 ], [ -72.104203555815403, -36.59315042021025 ], [ -72.102345700747605, -36.593603470797035 ], [ -72.099441860201296, -36.594370515567036 ], [ -72.098872380623192, -36.594535563458571 ] ] ] } },
{ "type": "Feature", "properties": { "zona": "13" }, "geometry": { "type": "Polygon", "coordinates": [ [ [ -72.069166598263052, -36.590420266594776 ], [ -72.072450105314104, -36.594613996365553 ], [ -72.073170287169404, -36.595550297478653 ], [ -72.077535036611636, -36.593996596026095 ], [ -72.083328709251148, -36.591915489194655 ], [ -72.08446000640059, -36.59152164964744 ], [ -72.084310552093399, -36.591307761493859 ], [ -72.084094938798657, -36.59090504661377 ], [ -72.083933489213209, -36.590655903919391 ], [ -72.083788942476488, -36.590459968084886 ], [ -72.083568304841478, -36.590209376700741 ], [ -72.083472212971216, -36.590116496258567 ], [ -72.083238349775684, -36.589904990530286 ], [ -72.083001982700765, -36.589723352034554 ], [ -72.082584966842035, -36.58945996179488 ], [ -72.082315730611199, -36.589288113692433 ], [ -72.082119840334698, -36.589194834345015 ], [ -72.081943358487933, -36.589124894318992 ], [ -72.081729839478001, -36.589052933409 ], [ -72.081639930752502, -36.589022476324025 ], [ -72.081613969083435, -36.5890201681528 ], [ -72.08136903480883, -36.588958508402037 ], [ -72.081061552306807, -36.588884208004018 ], [ -72.080805654906769, -36.588843144798005 ], [ -72.08050288089774, -36.588812829405128 ], [ -72.080230020760425, -36.588791276978299 ], [ -72.080058526971641, -36.588790944078248 ], [ -72.079839966830818, -36.588796596993951 ], [ -72.079580246538015, -36.588808082725251 ], [ -72.079391410438916, -36.588817734869991 ], [ -72.078574876866512, -36.588953290344001 ], [ -72.077564732381092, -36.589127223686219 ], [ -72.075978525242718, -36.589387557161906 ], [ -72.074174309564299, -36.58966780336339 ], [ -72.073004838457592, -36.589850580150078 ], [ -72.071418407985007, -36.590106090324312 ], [ -72.070590029104991, -36.590241897880929 ], [ -72.070096468480997, -36.590321382063138 ], [ -72.069796901215909, -36.590372021305321 ], [ -72.069608436623838, -36.590391185057939 ], [ -72.069378432333693, -36.590406651372874 ], [ -72.069166598263052, -36.590420266594776 ] ] ] } },
{ "type": "Feature", "properties": { "zona": "7" }, "geometry": { "type": "Polygon", "coordinates": [ [ [ -72.124497120942721, -36.590317558739294 ], [ -72.123505176368468, -36.589696040922554 ], [ -72.121495709788476, -36.588547094513402 ], [ -72.120530662155701, -36.588076473669219 ], [ -72.118920025172486, -36.58743201825154 ], [ -72.117098307892434, -36.586831213740844 ], [ -72.115711093921988, -36.586447896565772 ], [ -72.114470248963798, -36.586175177623154 ], [ -72.11077444923373, -36.58543253751462 ], [ -72.109200571597256, -36.585111240068386 ], [ -72.106234915232164, -36.584465082684368 ], [ -72.106458829231272, -36.585234547908044 ], [ -72.106857406466958, -36.586658255866169 ], [ -72.107249675962578, -36.588122351574789 ], [ -72.107452960557879, -36.588857945032963 ], [ -72.107468053973392, -36.588912559954728 ], [ -72.107533202155651, -36.589148299223872 ], [ -72.107756123609605, -36.589892178021039 ], [ -72.107829441412264, -36.590136833980736 ], [ -72.108063944529874, -36.590922126993121 ], [ -72.108083012342703, -36.590985979061315 ], [ -72.108236594707506, -36.59144107559387 ], [ -72.108382985204798, -36.591874859824138 ], [ -72.108447755261082, -36.592051930151804 ], [ -72.108451148176485, -36.592061206000125 ], [ -72.108577600209458, -36.592406903456116 ], [ -72.108583248857357, -36.592422346236226 ], [ -72.108585458120956, -36.592428386427052 ], [ -72.108598055905489, -36.592462828089559 ], [ -72.108601817857661, -36.592473111660503 ], [ -72.108622116597147, -36.592528605146143 ], [ -72.108676391362707, -36.59267698016415 ], [ -72.108763479304613, -36.592915064440746 ], [ -72.108790288137826, -36.592988354415887 ], [ -72.108982734066927, -36.593520856624643 ], [ -72.109117581164668, -36.59389398404889 ], [ -72.109135600421283, -36.593942060366736 ], [ -72.109413321453118, -36.594683017248485 ], [ -72.109507093745478, -36.594943416365894 ], [ -72.109568782535717, -36.595114719022263 ], [ -72.109601108698286, -36.595202077102485 ], [ -72.10970612815089, -36.59548587807906 ], [ -72.109889558369517, -36.595981578827917 ], [ -72.109918540392343, -36.596062756868655 ], [ -72.109950971527269, -36.596153596706237 ], [ -72.109967368542925, -36.596199930120115 ], [ -72.110009137273821, -36.596317960567667 ], [ -72.110102572452149, -36.596581987672785 ], [ -72.110119199701458, -36.596628260978669 ], [ -72.110164174498792, -36.596753423759409 ], [ -72.110206293172652, -36.596870634871877 ], [ -72.110212757918177, -36.596888626221435 ], [ -72.110219796467817, -36.596908215581941 ], [ -72.110223241397449, -36.59691780089198 ], [ -72.110227710710816, -36.596930241216633 ], [ -72.110279326854908, -36.597073886290502 ], [ -72.110308871346689, -36.597156107426869 ], [ -72.110331033822803, -36.597217783979048 ], [ -72.110336251686476, -36.597232304347635 ], [ -72.110375492236429, -36.597341507544598 ], [ -72.110393620622844, -36.597386944098474 ], [ -72.110397924017377, -36.597397728891316 ], [ -72.110408561455785, -36.597424389907644 ], [ -72.11042384165269, -36.597462688317201 ], [ -72.110426290909558, -36.597468824922011 ], [ -72.110439269471854, -36.5975013505237 ], [ -72.111005955502861, -36.597357239694546 ], [ -72.111190259079251, -36.597293296376051 ], [ -72.111896991535389, -36.597103164031139 ], [ -72.112379173077471, -36.596976119208904 ], [ -72.112493044581669, -36.596925458223446 ], [ -72.112673986474078, -36.596836804495247 ], [ -72.11283808026289, -36.59674096121018 ], [ -72.113030223956684, -36.59663675459467 ], [ -72.113187535527103, -36.596548717015295 ], [ -72.113388593018527, -36.596430925833808 ], [ -72.113625018756466, -36.596310300892775 ], [ -72.113778368650273, -36.596241440084341 ], [ -72.114208335561656, -36.596021869745002 ], [ -72.114967437829762, -36.595597890635609 ], [ -72.115904155603587, -36.595069121587478 ], [ -72.118541618026541, -36.593601737083532 ], [ -72.119880952370963, -36.592829931559976 ], [ -72.120644708271826, -36.592412947546684 ], [ -72.121680794351803, -36.591820733708822 ], [ -72.122173817355815, -36.591536703432617 ], [ -72.123469100844588, -36.590884032779933 ], [ -72.123526261389785, -36.590871803810096 ], [ -72.123889645037124, -36.590754982628624 ], [ -72.124016103025795, -36.590701596360496 ], [ -72.124253277787602, -36.590534440054356 ], [ -72.124497120942721, -36.590317558739294 ] ] ] } },
{ "type": "Feature", "properties": { "zona": "49" }, "geometry": { "type": "Polygon", "coordinates": [ [ [ -72.124052739904215, -36.608995617354267 ], [ -72.124224823831582, -36.609200684121284 ], [ -72.12425809047798, -36.609240326935463 ], [ -72.124363641901368, -36.609366107822225 ], [ -72.124421700188165, -36.609441720266148 ], [ -72.125064055959385, -36.60918202057649 ], [ -72.125288545305949, -36.609102217497998 ], [ -72.125496656026556, -36.609056222992457 ], [ -72.125617391397654, -36.609043516777952 ], [ -72.125792071115185, -36.609048467049668 ], [ -72.125996389337118, -36.609055023181376 ], [ -72.126273435472896, -36.609104968970463 ], [ -72.126463945543946, -36.609135729410603 ], [ -72.126730138330998, -36.609209801661741 ], [ -72.126918782259281, -36.60934074551971 ], [ -72.127079683820824, -36.609443808366464 ], [ -72.127166347479118, -36.609539283673527 ], [ -72.127200094435977, -36.609569391863786 ], [ -72.127240327655784, -36.609613634810763 ], [ -72.127313087791222, -36.609689654365731 ], [ -72.127386273227899, -36.609748731713815 ], [ -72.127493574544474, -36.609829227015446 ], [ -72.127508879779953, -36.609840708802892 ], [ -72.127516498964638, -36.609846424441898 ], [ -72.127632986507336, -36.609904892111032 ], [ -72.12773191107874, -36.609973666625386 ], [ -72.127809203781069, -36.610027797723497 ], [ -72.127851198813076, -36.610061718786483 ], [ -72.127878789055814, -36.610095292002676 ], [ -72.127901147827728, -36.610140354863979 ], [ -72.127913224363922, -36.610138710231134 ], [ -72.127923081510957, -36.610167905875905 ], [ -72.127928379037442, -36.610183598316127 ], [ -72.127924718861806, -36.610282235524068 ], [ -72.127915721526563, -36.610330411948077 ], [ -72.127901994962329, -36.610376540046424 ], [ -72.127887549053952, -36.610442007773059 ], [ -72.127884001430232, -36.610472894662585 ], [ -72.127860742391164, -36.610516856427928 ], [ -72.127850062227751, -36.610545635581921 ], [ -72.127841564892691, -36.610580274082494 ], [ -72.127800169012914, -36.610653619103424 ], [ -72.127769348901296, -36.610707078072579 ], [ -72.127745945408307, -36.610754907578091 ], [ -72.127739421685689, -36.610801208668605 ], [ -72.127736445647869, -36.610816622871781 ], [ -72.12772082018968, -36.610849154407994 ], [ -72.127715444261185, -36.610864510912499 ], [ -72.127706949110021, -36.610899150247931 ], [ -72.127696484744121, -36.610922126869909 ], [ -72.127691571166309, -36.610990316004226 ], [ -72.12768812658723, -36.61108314978781 ], [ -72.12769334859054, -36.611201357356151 ], [ -72.127698758356843, -36.611249882453095 ], [ -72.127740786821803, -36.611347686047793 ], [ -72.127763430040631, -36.611385011715974 ], [ -72.127793841244937, -36.611412484189941 ], [ -72.127812478120475, -36.611437164381307 ], [ -72.127830754230132, -36.61147152837917 ], [ -72.127845105881434, -36.611490047615263 ], [ -72.127877670825015, -36.611504159472069 ], [ -72.1278969360269, -36.611511893061127 ], [ -72.127956586333838, -36.611528051552895 ], [ -72.127978629780415, -36.611541910875779 ], [ -72.128027364880012, -36.611566104780387 ], [ -72.128071546164662, -36.611591401430537 ], [ -72.1280993325407, -36.611612667451496 ], [ -72.128133354113672, -36.611628025946423 ], [ -72.128261824686732, -36.611701139200534 ], [ -72.128337390450568, -36.611739790033504 ], [ -72.128410407835048, -36.61178225640635 ], [ -72.128459887186807, -36.611810585592231 ], [ -72.128535307968448, -36.611853109475362 ], [ -72.128584890069689, -36.611885387278889 ], [ -72.128667810066318, -36.611920338401291 ], [ -72.128705702041174, -36.611936759245161 ], [ -72.128753137906187, -36.611955347832691 ], [ -72.128805523303939, -36.611970179346322 ], [ -72.128929316078569, -36.61200611510295 ], [ -72.129006324829234, -36.612024268745849 ], [ -72.129068980020762, -36.612040337773109 ], [ -72.129121194361289, -36.612053728258893 ], [ -72.129174956157769, -36.612065941745662 ], [ -72.12924039444917, -36.612088141675869 ], [ -72.129284993740114, -36.612103775071667 ], [ -72.129329908228058, -36.612110923414868 ], [ -72.129419781004728, -36.612124008706473 ], [ -72.129460091182935, -36.612133471337124 ], [ -72.129512798074643, -36.612133529380607 ], [ -72.129549222994612, -36.612125915338638 ], [ -72.129585829640476, -36.612113453938825 ], [ -72.129602469384736, -36.612111428748143 ], [ -72.129637345698043, -36.612104990789724 ], [ -72.129676645751033, -36.612101086691752 ], [ -72.129809252222088, -36.612062129180586 ], [ -72.129840905335001, -36.61205318791184 ], [ -72.12987000688608, -36.612048066843641 ], [ -72.129959938894743, -36.612026944906404 ], [ -72.12999881521759, -36.612018176834404 ], [ -72.130044983978038, -36.612007645478485 ], [ -72.130096471946246, -36.611983654030382 ], [ -72.13015291702861, -36.611955902548729 ], [ -72.130209505796572, -36.611924271585949 ], [ -72.130261280133567, -36.611892524789162 ], [ -72.130291101577811, -36.611868012613499 ], [ -72.130313486856352, -36.61184914317478 ], [ -72.13033572616969, -36.611834153247088 ], [ -72.130362997162479, -36.611813461243209 ], [ -72.13037780028165, -36.611804113154214 ], [ -72.130397705356472, -36.611787125556269 ], [ -72.130417825494675, -36.611764320136288 ], [ -72.130471863612968, -36.611736509248935 ], [ -72.130540375257937, -36.611703030020891 ], [ -72.130574283527579, -36.611684386474089 ], [ -72.130603802460229, -36.611661988073635 ], [ -72.130652867611644, -36.61160113889941 ], [ -72.130764234908099, -36.611448135632749 ], [ -72.13082892397847, -36.611373067791561 ], [ -72.130896754470015, -36.611237936676616 ], [ -72.130939514415019, -36.611192263913175 ], [ -72.13095471664171, -36.611173171462809 ], [ -72.130980528099499, -36.611148572647146 ], [ -72.131010428409212, -36.611133286498827 ], [ -72.131039044418486, -36.611127115513007 ], [ -72.131066574059105, -36.611124730723546 ], [ -72.131143178875305, -36.611125814865893 ], [ -72.131370315955991, -36.611140326508099 ], [ -72.131495809075716, -36.611144569673669 ], [ -72.131557777012006, -36.611147282090997 ], [ -72.131589450445489, -36.611150484098005 ], [ -72.131624012141089, -36.611157414608137 ], [ -72.131640468643184, -36.611162688446093 ], [ -72.131665640087874, -36.611177929093991 ], [ -72.131698374867227, -36.611193351945722 ], [ -72.131744810536063, -36.61120666531361 ], [ -72.131840677557165, -36.611210705251608 ], [ -72.131847636186478, -36.611210997976102 ], [ -72.131868902918256, -36.611211894700531 ], [ -72.131950461878347, -36.611215331449273 ], [ -72.132008178868773, -36.611217485938994 ], [ -72.132030784399731, -36.611221082282263 ], [ -72.13205425364859, -36.611226990674474 ], [ -72.132075826440413, -36.611232852537277 ], [ -72.132079928579302, -36.611234261182176 ], [ -72.131993816908405, -36.610587454190252 ], [ -72.131939619375245, -36.610234827431107 ], [ -72.131902816794621, -36.61009274433286 ], [ -72.131796188959072, -36.609898634210253 ], [ -72.131838307816949, -36.609716527349548 ], [ -72.12354723675351, -36.608352411571225 ], [ -72.12362890692161, -36.608461521074808 ], [ -72.123666571757127, -36.608511840400404 ], [ -72.123699663374978, -36.608556050312508 ], [ -72.123758871016932, -36.608631869950671 ], [ -72.123902912823766, -36.608816327450931 ], [ -72.123926193452036, -36.608846140836718 ], [ -72.123965483672066, -36.608892524600847 ], [ -72.12404505357263, -36.608986458293884 ], [ -72.124052739904215, -36.608995617354267 ] ] ] } },
{ "type": "Feature", "properties": { "zona": "48" }, "geometry": { "type": "Polygon", "coordinates": [ [ [ -72.135235232373148, -36.614006058272345 ], [ -72.135537421406482, -36.614164991914706 ], [ -72.136197751304692, -36.614403898227614 ], [ -72.137017436238352, -36.614561115275428 ], [ -72.137367100475814, -36.614569774030485 ], [ -72.13801937354468, -36.614609802252666 ], [ -72.138586219647763, -36.614585322369351 ], [ -72.13884542826743, -36.614559414336206 ], [ -72.139019982166587, -36.614488054944488 ], [ -72.13921778408826, -36.614406544923014 ], [ -72.139675566150245, -36.614318178166165 ], [ -72.14061067811538, -36.61433165850908 ], [ -72.14148399544051, -36.614280005447668 ], [ -72.141931504255467, -36.614230048647812 ], [ -72.142328260330132, -36.614095598481448 ], [ -72.142646163717927, -36.614058596457532 ], [ -72.143043691567058, -36.613943197306227 ], [ -72.143329626984197, -36.613992867951175 ], [ -72.143702540719175, -36.614145145212341 ], [ -72.143896648067397, -36.614263997018327 ], [ -72.144175027067675, -36.614418769314192 ], [ -72.144569254841372, -36.614513260536526 ], [ -72.144817030666587, -36.614497178823648 ], [ -72.145144428229287, -36.614402698114901 ], [ -72.145415837166126, -36.61438599077335 ], [ -72.145572171834189, -36.614448616632991 ], [ -72.145820721839357, -36.61445158609876 ], [ -72.146071982495144, -36.614521240075952 ], [ -72.14642804993656, -36.614549975989419 ], [ -72.146844365454285, -36.614605729250201 ], [ -72.146980168005328, -36.614745189929273 ], [ -72.147178158096338, -36.614959300341745 ], [ -72.147228914769144, -36.615043788819783 ], [ -72.147380996896743, -36.615583361133311 ], [ -72.14745132416229, -36.615858067362161 ], [ -72.147568921389791, -36.616131522779106 ], [ -72.147684193761762, -36.616347819305588 ], [ -72.147835308142291, -36.616572705231263 ], [ -72.147987197631835, -36.616816643245933 ], [ -72.148123781714816, -36.616975155488852 ], [ -72.14827257128924, -36.617142881161463 ], [ -72.148465143142801, -36.61722361834866 ], [ -72.148650734654368, -36.617132879246718 ], [ -72.148860350121225, -36.617051040783231 ], [ -72.149193182028142, -36.617089920043895 ], [ -72.149352239936093, -36.61721922616649 ], [ -72.149562060404975, -36.617433019274763 ], [ -72.149840461655032, -36.617587777147911 ], [ -72.150113043742437, -36.617599637898486 ], [ -72.150401710900269, -36.617715976272507 ], [ -72.150622189995588, -36.617900875237652 ], [ -72.150818645177907, -36.618076872358216 ], [ -72.151100154611228, -36.618307838729812 ], [ -72.151318308465221, -36.61843557771973 ], [ -72.151428161360897, -36.618518500648037 ], [ -72.151586062573685, -36.618619223261206 ], [ -72.151748621052093, -36.618834264427385 ], [ -72.151895869328385, -36.618963879626641 ], [ -72.152067142365865, -36.619102394856618 ], [ -72.152249458167148, -36.619221543722986 ], [ -72.15226593445179, -36.619335548569381 ], [ -72.152249674651443, -36.619517175919441 ], [ -72.152411849821306, -36.619722688936768 ], [ -72.152537794286019, -36.619910087565472 ], [ -72.15268893006666, -36.620134966197227 ], [ -72.152755786519606, -36.620323929495108 ], [ -72.152918740350401, -36.620548493880676 ], [ -72.153126249804458, -36.620705121305157 ], [ -72.153197425127772, -36.620758843955997 ], [ -72.155945366306426, -36.618552605026615 ], [ -72.155740067084977, -36.618051410354127 ], [ -72.155496626372766, -36.617521424996717 ], [ -72.155243475107341, -36.616753277847444 ], [ -72.155107188147028, -36.616131044599548 ], [ -72.155000548149914, -36.615329211167463 ], [ -72.153004897532128, -36.614708897307999 ], [ -72.146276647722445, -36.61261720957674 ], [ -72.141176859275916, -36.611130636279178 ], [ -72.140224557040568, -36.610984098493169 ], [ -72.135938405783108, -36.610363141511996 ], [ -72.13447315275846, -36.610139468488292 ], [ -72.133084228671777, -36.60993093459696 ], [ -72.131838307816949, -36.609716527349548 ], [ -72.131796188959072, -36.609898634210253 ], [ -72.131902816794621, -36.61009274433286 ], [ -72.131939619375245, -36.610234827431107 ], [ -72.131993816908405, -36.610587454190252 ], [ -72.132079928579302, -36.611234261182176 ], [ -72.132208397169023, -36.611379677944377 ], [ -72.132459112012796, -36.611545934960482 ], [ -72.132809697261536, -36.611804931411818 ], [ -72.133032560374161, -36.612013643273926 ], [ -72.133163026596705, -36.612314194599151 ], [ -72.133210564105767, -36.612575204292256 ], [ -72.133237784976401, -36.612699658328324 ], [ -72.133402047128243, -36.61292183250108 ], [ -72.133554102201259, -36.613025119030098 ], [ -72.133869367180068, -36.613141990629146 ], [ -72.134613582059757, -36.613444262518279 ], [ -72.134857887514244, -36.613634524490493 ], [ -72.135235232373148, -36.614006058272345 ] ] ] } },
{ "type": "Feature", "properties": { "zona": "75" }, "geometry": { "type": "Polygon", "coordinates": [ [ [ -72.130612783856307, -36.627467979605377 ], [ -72.136648455284245, -36.626636033646186 ], [ -72.136327158771593, -36.625423797352319 ], [ -72.137875173441756, -36.625230410850257 ], [ -72.137804826804839, -36.625136898393897 ], [ -72.137463698878079, -36.624019362742651 ], [ -72.136742570929144, -36.621684033527117 ], [ -72.129385580217246, -36.622677703306906 ], [ -72.129756981417415, -36.624135616451859 ], [ -72.129996892801799, -36.62507733654035 ], [ -72.130612783856307, -36.627467979605377 ] ] ] } },
{ "type": "Feature", "properties": { "zona": "32" }, "geometry": { "type": "Polygon", "coordinates": [ [ [ -72.104981330062785, -36.604300677707663 ], [ -72.105890956074006, -36.60672990616029 ], [ -72.107373873112351, -36.606366868682272 ], [ -72.107791957958128, -36.606264511541973 ], [ -72.108210041635871, -36.606162153883261 ], [ -72.108871909785236, -36.606002875680687 ], [ -72.108962547693864, -36.60598106277687 ], [ -72.108969864793011, -36.605979301958982 ], [ -72.108043730346424, -36.603523905293208 ], [ -72.104981330062785, -36.604300677707663 ] ] ] } },
{ "type": "Feature", "properties": { "zona": "61" }, "geometry": { "type": "Polygon", "coordinates": [ [ [ -72.155945366306426, -36.618552605026615 ], [ -72.159000601884273, -36.616537507387761 ], [ -72.155000548149914, -36.615329211167463 ], [ -72.155107188147028, -36.616131044599548 ], [ -72.155243475107341, -36.616753277847444 ], [ -72.155496626372766, -36.617521424996717 ], [ -72.155740067084977, -36.618051410354127 ], [ -72.155945366306426, -36.618552605026615 ] ] ] } },
{ "type": "Feature", "properties": { "zona": "65" }, "geometry": { "type": "Polygon", "coordinates": [ [ [ -72.116254989043796, -36.626072442273347 ], [ -72.120245836704726, -36.624468583729012 ], [ -72.120278442801293, -36.624451189108356 ], [ -72.121089381912938, -36.625075968186977 ], [ -72.121113531441978, -36.625054573363578 ], [ -72.121141977855245, -36.625029371310262 ], [ -72.121396383186791, -36.624803978025781 ], [ -72.121436527419959, -36.624768412749084 ], [ -72.121453659824866, -36.624753232109569 ], [ -72.121556126390544, -36.624662448781109 ], [ -72.121639597576646, -36.624588499771953 ], [ -72.121730849488401, -36.624507654998702 ], [ -72.121785045364078, -36.62445964079501 ], [ -72.121840130603317, -36.624410840001396 ], [ -72.121867650272009, -36.624386453263497 ], [ -72.121972529565483, -36.624293511230228 ], [ -72.121988519915675, -36.624279344484201 ], [ -72.122151842755386, -36.624134655909593 ], [ -72.122174809810943, -36.62411430744816 ], [ -72.122209537121208, -36.624083398572317 ], [ -72.122278497340034, -36.62402201908435 ], [ -72.122402317251527, -36.623911810189981 ], [ -72.122526845112347, -36.623803804742025 ], [ -72.122531586775338, -36.623799692039036 ], [ -72.122585909652202, -36.623752577068828 ], [ -72.122638655355757, -36.623699294792125 ], [ -72.122682186897933, -36.623666248971524 ], [ -72.122724957366927, -36.623653643184618 ], [ -72.122831632050421, -36.623628942243478 ], [ -72.123027568997898, -36.623592761157575 ], [ -72.123187292492332, -36.62356651128934 ], [ -72.123316993218367, -36.623545197688102 ], [ -72.123316968146924, -36.623545102828153 ], [ -72.123382390782183, -36.623538499475757 ], [ -72.12337889358686, -36.623524899756902 ], [ -72.123108443678504, -36.622488665799075 ], [ -72.123068335470464, -36.622334990073 ], [ -72.122926380452441, -36.621841013411917 ], [ -72.122800523763146, -36.621379397532451 ], [ -72.12276676977973, -36.621275973956607 ], [ -72.122676641645114, -36.621131512081149 ], [ -72.122535110530464, -36.621008136463992 ], [ -72.122462469018927, -36.620967126494214 ], [ -72.122207647511487, -36.620809301650681 ], [ -72.122007621749717, -36.620707711178419 ], [ -72.121899642938061, -36.620652870126818 ], [ -72.121684121924119, -36.620541696642661 ], [ -72.121118605936218, -36.621003561757028 ], [ -72.121296007657975, -36.621368460732413 ], [ -72.121299371618591, -36.621451819992188 ], [ -72.121264841319217, -36.621512330360417 ], [ -72.118650221523055, -36.623479098663815 ], [ -72.117767989660749, -36.624134498408402 ], [ -72.117122048020533, -36.624576279976843 ], [ -72.116092310724724, -36.625271828992844 ], [ -72.116254989043796, -36.626072442273347 ] ] ] } },
{ "type": "Feature", "properties": { "zona": "66" }, "geometry": { "type": "Polygon", "coordinates": [ [ [ -72.106585117823968, -36.626991300549385 ], [ -72.107712439074376, -36.62664761687995 ], [ -72.109302614971483, -36.62616119768046 ], [ -72.110392180672633, -36.626157526652975 ], [ -72.111495004020597, -36.626150412757639 ], [ -72.11275736493964, -36.626158097782685 ], [ -72.114069618019897, -36.626189124891319 ], [ -72.11464336761648, -36.626191375901747 ], [ -72.11555991912455, -36.626196982000174 ], [ -72.115697452777724, -36.626193382089696 ], [ -72.115946043882659, -36.626174544948114 ], [ -72.116038715113703, -36.626158555469438 ], [ -72.116153712772004, -36.626127185164101 ], [ -72.116194277633397, -36.626108861489058 ], [ -72.116254989043796, -36.626072442273347 ], [ -72.116092310724724, -36.625271828992844 ], [ -72.116037044700178, -36.624773786221496 ], [ -72.115999395805929, -36.624426679089616 ], [ -72.115844821223362, -36.623820370005781 ], [ -72.115648268476093, -36.62305303380667 ], [ -72.114125817431358, -36.62307379983276 ], [ -72.111554002802364, -36.62311125138509 ], [ -72.109020757691169, -36.623004587033904 ], [ -72.106969236043966, -36.622960961744852 ], [ -72.106756072906904, -36.622956426523182 ], [ -72.105941844703651, -36.622935950083054 ], [ -72.105416181084095, -36.622919862114109 ], [ -72.105031346861821, -36.622912020170375 ], [ -72.104754447439362, -36.622829834864504 ], [ -72.104560385425074, -36.622749322722527 ], [ -72.104632721845775, -36.622850146207554 ], [ -72.105188366848935, -36.624018219501735 ], [ -72.106579089619927, -36.626976493963667 ], [ -72.106585117823968, -36.626991300549385 ] ] ] } },
{ "type": "Feature", "properties": { "zona": "80" }, "geometry": { "type": "Polygon", "coordinates": [ [ [ -72.105208300770286, -36.630231381278819 ], [ -72.107357686984457, -36.630654666799764 ], [ -72.107274385024525, -36.6302690802397 ], [ -72.106880719293741, -36.628446828137271 ], [ -72.106657852939534, -36.627169943300729 ], [ -72.106585117823968, -36.626991300549385 ], [ -72.103197814845302, -36.627447402347777 ], [ -72.103706159237248, -36.629812803192166 ], [ -72.103713515747216, -36.629847033073297 ], [ -72.103729066096321, -36.629919389950068 ], [ -72.103730473370902, -36.629943725720914 ], [ -72.10426377563364, -36.630141536252466 ], [ -72.105101623414896, -36.630291583289697 ], [ -72.105092063579903, -36.63020848945748 ], [ -72.105208300770286, -36.630231381278819 ] ] ] } },
{ "type": "Feature", "properties": { "zona": "88" }, "geometry": { "type": "Polygon", "coordinates": [ [ [ -72.092914861390682, -36.647242152911019 ], [ -72.09290204875586, -36.647276813019118 ], [ -72.092833934291221, -36.647384352644856 ], [ -72.09284222611285, -36.64744615016199 ], [ -72.092866662961555, -36.64762826503091 ], [ -72.092867800707452, -36.647636741998141 ], [ -72.092992317599808, -36.647866293885585 ], [ -72.093078062888708, -36.647925088906803 ], [ -72.09320865832278, -36.648014639262897 ], [ -72.093291381579334, -36.648062884007736 ], [ -72.093385667363421, -36.648117871265313 ], [ -72.093614022243685, -36.648251048683235 ], [ -72.093842908097727, -36.648459305421738 ], [ -72.093953091685577, -36.648641155195072 ], [ -72.093982212031563, -36.648689216955674 ], [ -72.093988228642232, -36.648754099459751 ], [ -72.093993113574015, -36.648806777838253 ], [ -72.094041901645056, -36.648795884583201 ], [ -72.094235010915114, -36.648782115719385 ], [ -72.094428121246921, -36.648768347416244 ], [ -72.094762789388838, -36.648702423937472 ], [ -72.095352609430336, -36.648801525744034 ], [ -72.095574011423352, -36.649010345814432 ], [ -72.095868071909166, -36.649260189989434 ], [ -72.096410419994825, -36.649503574284282 ], [ -72.096852068798839, -36.649449166481674 ], [ -72.097432159153954, -36.649305322607859 ], [ -72.097659844740349, -36.649227869343711 ], [ -72.098186153888278, -36.649071116547674 ], [ -72.09862378818282, -36.648916670386889 ], [ -72.099341159765942, -36.648654800327684 ], [ -72.100164932486351, -36.648390155162637 ], [ -72.101007008071079, -36.648139331746954 ], [ -72.10168545341088, -36.647792631029915 ], [ -72.102696251453693, -36.647322820589174 ], [ -72.103005136909616, -36.647057273816579 ], [ -72.10378767095068, -36.646650626658712 ], [ -72.104116005840311, -36.646427485385033 ], [ -72.104410592293178, -36.646248138220443 ], [ -72.104796143875234, -36.646123638797349 ], [ -72.105109610792425, -36.645972408624083 ], [ -72.105530051701621, -36.645832690471394 ], [ -72.105792037901082, -36.645725717438189 ], [ -72.106477907109152, -36.645564764476823 ], [ -72.10681484682658, -36.645555968869076 ], [ -72.107433225455082, -36.645482603324218 ], [ -72.107806205221195, -36.64548716902808 ], [ -72.10862540047151, -36.645551604586473 ], [ -72.108898302746383, -36.64571613768517 ], [ -72.109463570568224, -36.646087609745926 ], [ -72.110012835350034, -36.646502412650392 ], [ -72.110506028367013, -36.646847152690214 ], [ -72.111027789737904, -36.647019481072007 ], [ -72.111562108460546, -36.64706273246653 ], [ -72.111845274896467, -36.647041023260655 ], [ -72.109224891704059, -36.638014426251878 ], [ -72.107977842878427, -36.633214236754462 ], [ -72.107530776889618, -36.63149320340748 ], [ -72.107527970165691, -36.63148239933566 ], [ -72.107521055557157, -36.631407386384851 ], [ -72.107357686984457, -36.630654666799764 ], [ -72.105092063579903, -36.63020848945748 ], [ -72.105101623414896, -36.630291583289697 ], [ -72.10426377563364, -36.630141536252466 ], [ -72.103730473370902, -36.629943725720914 ], [ -72.104132634822221, -36.631799975924523 ], [ -72.103197790759666, -36.631945947212742 ], [ -72.103190358824364, -36.631981904437474 ], [ -72.103432718532119, -36.633155766944689 ], [ -72.104081065188296, -36.637184491170082 ], [ -72.104056368867433, -36.637177942564954 ], [ -72.103944844304635, -36.637148366832427 ], [ -72.103891412348574, -36.637134194440236 ], [ -72.103776340384911, -36.637103679282689 ], [ -72.103455711757391, -36.636974819350002 ], [ -72.103150245897012, -36.636886680158796 ], [ -72.102834932257608, -36.636838654106462 ], [ -72.102763851727985, -36.636834581419784 ], [ -72.102550342237706, -36.636822345756734 ], [ -72.10252309033099, -36.636834941849393 ], [ -72.10250806637076, -36.636841718782968 ], [ -72.101612169968675, -36.637245774721919 ], [ -72.099315194109863, -36.638281731112784 ], [ -72.099053043766162, -36.638399963224536 ], [ -72.098750621433737, -36.638536356388634 ], [ -72.098776046562946, -36.638610899724654 ], [ -72.098786897768306, -36.638642713135489 ], [ -72.098789914608474, -36.638651556533624 ], [ -72.098848208379309, -36.638797038648086 ], [ -72.099044163642475, -36.63928607572209 ], [ -72.099339310559827, -36.640010713061763 ], [ -72.099462661020567, -36.640313554677036 ], [ -72.09995774200685, -36.64152905427644 ], [ -72.099980084121498, -36.64158390802374 ], [ -72.100092565538731, -36.641860069669654 ], [ -72.100217626922472, -36.642261771210499 ], [ -72.100330374000691, -36.642623922640816 ], [ -72.100471748451312, -36.643078027612006 ], [ -72.100526828766121, -36.643254948492164 ], [ -72.100587205610225, -36.643448880461428 ], [ -72.100734894107731, -36.643923260493033 ], [ -72.100746123794949, -36.643949637298867 ], [ -72.101049701217235, -36.644662627991607 ], [ -72.101050593888402, -36.644664725954584 ], [ -72.100929099998723, -36.644705706030145 ], [ -72.099177650674889, -36.645172721781677 ], [ -72.097525897077034, -36.64574320198853 ], [ -72.095006455334953, -36.646622023624509 ], [ -72.094317580815272, -36.646826267901673 ], [ -72.093936329454138, -36.64693930479045 ], [ -72.093758965110354, -36.646991888443686 ], [ -72.09342054807405, -36.647092225417836 ], [ -72.093240090839089, -36.647145727643419 ], [ -72.093020915049635, -36.647210708677235 ], [ -72.092914861390682, -36.647242152911019 ] ] ] } },
{ "type": "Feature", "properties": { "zona": "73" }, "geometry": { "type": "Polygon", "coordinates": [ [ [ -71.982147716142265, -36.642504478127343 ], [ -71.984865313795098, -36.648055101808687 ], [ -71.985016922124345, -36.648064991352108 ], [ -71.985128936018754, -36.648072298086184 ], [ -71.98522427615184, -36.648012684201809 ], [ -71.985388905507875, -36.647908414408406 ], [ -71.985567405526524, -36.647703657938706 ], [ -71.985864811074066, -36.647360014239098 ], [ -71.986127327104825, -36.646802659897759 ], [ -71.986175471961459, -36.646561945517114 ], [ -71.986298429686641, -36.645947179632309 ], [ -71.98645697829933, -36.645685700005188 ], [ -71.986654863136266, -36.645523372476333 ], [ -71.987035380457996, -36.645263474139497 ], [ -71.987561369795557, -36.645092909234627 ], [ -71.988146088671812, -36.645063924697659 ], [ -71.989101261182313, -36.645046101657108 ], [ -71.989270632611536, -36.644992768957216 ], [ -71.989479865424698, -36.644894526680581 ], [ -71.989718485895935, -36.644638184030114 ], [ -71.989895584804316, -36.644397692055811 ], [ -71.99004092628897, -36.644102687407425 ], [ -71.990135882629772, -36.643955333436011 ], [ -71.990380857181606, -36.64386334494872 ], [ -71.990807054666945, -36.643866941513735 ], [ -71.991374026835103, -36.643838387237572 ], [ -71.992052941712643, -36.643950072273228 ], [ -71.992581940130862, -36.644086981805991 ], [ -71.99296627856782, -36.644384888476459 ], [ -71.99334729770122, -36.644597043682538 ], [ -71.99364824466285, -36.644575168779888 ], [ -71.993938108696668, -36.644496349500393 ], [ -71.994260120350262, -36.644330886245996 ], [ -71.994660112709809, -36.644090788522412 ], [ -71.995253820781599, -36.64354522756156 ], [ -71.995379121791345, -36.64343008586895 ], [ -71.995643766655462, -36.643158771193313 ], [ -71.99575987879723, -36.642948417043719 ], [ -71.995963834496408, -36.642714393686035 ], [ -71.996322694635083, -36.642125981903405 ], [ -71.996396280414842, -36.641675685140292 ], [ -71.997081777775222, -36.641375375748325 ], [ -71.997519228592495, -36.64121176590838 ], [ -71.998722022977347, -36.640795216101338 ], [ -71.999284161081405, -36.640642764870407 ], [ -71.999788477602735, -36.640525147443903 ], [ -72.000379982956119, -36.640367181212177 ], [ -72.000954491405111, -36.640228715941063 ], [ -72.001212723015243, -36.640136242445969 ], [ -72.001584783006777, -36.640003006782081 ], [ -72.002275672690999, -36.639966507183516 ], [ -72.003042309522755, -36.640052074710056 ], [ -72.003773294437863, -36.640133768175389 ], [ -72.004069513459456, -36.640249995021819 ], [ -72.004262113472791, -36.640378932065737 ], [ -72.004604803149221, -36.640518106226011 ], [ -72.004851985445782, -36.640635848287396 ], [ -72.00521241031548, -36.640774572897037 ], [ -72.00565355918549, -36.640858803551374 ], [ -72.005931025278741, -36.640842259648394 ], [ -72.006203303498097, -36.640692326340805 ], [ -72.006377124706844, -36.640597334622221 ], [ -72.006597495951041, -36.640482091490327 ], [ -72.006867733134328, -36.640279754837614 ], [ -72.007235495907665, -36.639998657824172 ], [ -72.007267743370591, -36.639804495854442 ], [ -72.007385444822731, -36.639594312521474 ], [ -72.007569046502724, -36.639446616777057 ], [ -72.007856039150838, -36.639311004657394 ], [ -72.007896907663962, -36.639204673930131 ], [ -72.008245280182663, -36.639033739597629 ], [ -72.008478393232593, -36.638942014257253 ], [ -72.008709651543995, -36.638802649863109 ], [ -72.009071512439803, -36.638674288878455 ], [ -72.009335663728095, -36.638619925054023 ], [ -72.009730973261512, -36.638590856175028 ], [ -72.01016784667236, -36.638565502744676 ], [ -72.01087515184544, -36.638495158367022 ], [ -72.011351759432713, -36.638578471930607 ], [ -72.011782192267873, -36.638691562161917 ], [ -72.012208942281305, -36.638861967084758 ], [ -72.012488284381419, -36.639045638144871 ], [ -72.01287421577392, -36.639231379251342 ], [ -72.013279708929758, -36.639311716237053 ], [ -72.013897297861988, -36.639520199968558 ], [ -72.014448564820199, -36.639696980268269 ], [ -72.014911130922201, -36.639723411892341 ], [ -72.015193571957653, -36.63968287729049 ], [ -72.015589812532454, -36.639677607501035 ], [ -72.015944265985112, -36.639511265631342 ], [ -72.01630589387274, -36.639225526985371 ], [ -72.016646104813873, -36.638997553104488 ], [ -72.0171074353796, -36.638537619699193 ], [ -72.017302572755838, -36.638079663246323 ], [ -72.017568270328013, -36.637610381830719 ], [ -72.017841402332806, -36.637331651097902 ], [ -72.018039217269532, -36.637245570174073 ], [ -72.018399193569067, -36.63706954450894 ], [ -72.018811293755661, -36.637016176682963 ], [ -72.019377637859591, -36.636973200283613 ], [ -72.019874120791101, -36.636808011949313 ], [ -72.020545185414448, -36.63671945650519 ], [ -72.021147364115407, -36.636685099047483 ], [ -72.021646448813144, -36.636586597028185 ], [ -72.022190771010855, -36.636434490181813 ], [ -72.022926663894452, -36.636339506520471 ], [ -72.023584780354838, -36.636222651879592 ], [ -72.023961031768152, -36.636160640283585 ], [ -72.025227407967861, -36.635858225513687 ], [ -72.02549678197181, -36.635639993437465 ], [ -72.025781140809983, -36.635346655135038 ], [ -72.026187443382952, -36.635145585598607 ], [ -72.026565625441634, -36.634830784876861 ], [ -72.026974419988235, -36.634391223849924 ], [ -72.02739913482948, -36.634056163827964 ], [ -72.027953941540986, -36.633870385563107 ], [ -72.028395755766525, -36.633820996934425 ], [ -72.028817658436296, -36.633867484774981 ], [ -72.029220149447838, -36.633871547759924 ], [ -72.02979199903811, -36.633818844550348 ], [ -72.029873929999084, -36.633818295460507 ], [ -72.029659909329467, -36.63334686086921 ], [ -72.029481123178229, -36.632953033062009 ], [ -72.029434928950209, -36.632939694337445 ], [ -72.029095548741552, -36.632975798026585 ], [ -72.028907033874006, -36.632996617420638 ], [ -72.028724511853, -36.63300126184712 ], [ -72.028469787403452, -36.632999350484774 ], [ -72.028135682948005, -36.633000983961125 ], [ -72.02791060379964, -36.633006709788198 ], [ -72.027598399776281, -36.633011599449432 ], [ -72.027407634695081, -36.633023318172249 ], [ -72.02725948624979, -36.633035478661647 ], [ -72.026422213371973, -36.633157480785925 ], [ -72.026200391913505, -36.633204129735979 ], [ -72.025932130939253, -36.63324337553648 ], [ -72.024732987973437, -36.633474131142805 ], [ -72.023117855339081, -36.633749201914185 ], [ -72.021561933080264, -36.633940920175867 ], [ -72.020749235296094, -36.634038225498749 ], [ -72.019995837733447, -36.634090531879195 ], [ -72.019542467198008, -36.634116911657998 ], [ -72.018256948952185, -36.63414264917477 ], [ -72.017836954064393, -36.634151009467168 ], [ -72.017031054760494, -36.634168005959921 ], [ -72.01642140380676, -36.634155990510287 ], [ -72.015913981426024, -36.634143670638956 ], [ -72.014604382131481, -36.634353090101335 ], [ -72.012699505389449, -36.634664541494459 ], [ -72.011654277710647, -36.634844348106114 ], [ -72.011265098295624, -36.634914850111301 ], [ -72.010076186821749, -36.635124600164119 ], [ -72.009494782558647, -36.635218268535233 ], [ -72.009132858964549, -36.635259463311115 ], [ -72.001191793040448, -36.637179298974118 ], [ -71.9960690501225, -36.638777067514219 ], [ -71.993076099851649, -36.639722150737597 ], [ -71.991636867384926, -36.640130280951787 ], [ -71.991323831780605, -36.640221598239414 ], [ -71.990335401227924, -36.640444330391077 ], [ -71.989361190454133, -36.640652391627405 ], [ -71.986934991200059, -36.641337983375116 ], [ -71.985530029606707, -36.641654578124431 ], [ -71.983124662680851, -36.642191745363618 ], [ -71.982120006237352, -36.642455349491279 ], [ -71.982147716142265, -36.642504478127343 ] ] ] } },
{ "type": "Feature", "properties": { "zona": "59" }, "geometry": { "type": "Polygon", "coordinates": [ [ [ -72.031034646350165, -36.63258771502246 ], [ -72.033013970167673, -36.632136016843276 ], [ -72.034895187613287, -36.631828660393623 ], [ -72.044431158202002, -36.63047122348447 ], [ -72.046404562978026, -36.630295609049533 ], [ -72.05168278444107, -36.629477559276268 ], [ -72.051722480957935, -36.629404060671753 ], [ -72.05258087451908, -36.629243764474502 ], [ -72.055648500559201, -36.628691069650294 ], [ -72.057393462600743, -36.628293967965533 ], [ -72.060346398331916, -36.627646040425141 ], [ -72.060195476190444, -36.627246174487588 ], [ -72.059625991756221, -36.625737291696716 ], [ -72.058819786046627, -36.623601083608889 ], [ -72.058761940670564, -36.62347004573391 ], [ -72.058678840100654, -36.623496749332752 ], [ -72.057743663003762, -36.623782987443278 ], [ -72.050749123907337, -36.626076082410499 ], [ -72.05067367618642, -36.625663158854728 ], [ -72.048205796366162, -36.626732113965545 ], [ -72.048241221539044, -36.626838913386727 ], [ -72.046141818846436, -36.627760520249083 ], [ -72.045862164086827, -36.626217917833536 ], [ -72.045735558033925, -36.625997756377814 ], [ -72.042741082292778, -36.625988517342186 ], [ -72.041783584167817, -36.623899813524261 ], [ -72.041384362498931, -36.624062325898734 ], [ -72.040333734399155, -36.62448999810659 ], [ -72.039895728635301, -36.624634702153308 ], [ -72.039638282271014, -36.62464412202619 ], [ -72.039154547039644, -36.624591636661187 ], [ -72.038690760149848, -36.624531949193511 ], [ -72.03811797452623, -36.624408282341292 ], [ -72.037902391495095, -36.625396095558663 ], [ -72.035910695141368, -36.626200330818527 ], [ -72.034704308364851, -36.626665025273944 ], [ -72.032025768473346, -36.627305502426623 ], [ -72.031727412971549, -36.625429541053116 ], [ -72.031596160282831, -36.625454538005833 ], [ -72.031392625112488, -36.623831080102036 ], [ -72.030303571329796, -36.623968483190019 ], [ -72.030501849859334, -36.626730058482416 ], [ -72.031034646350165, -36.63258771502246 ] ] ] } },
{ "type": "Feature", "properties": { "zona": "70" }, "geometry": { "type": "Polygon", "coordinates": [ [ [ -72.075633147381211, -36.633023596114533 ], [ -72.075924641293369, -36.632997308688402 ], [ -72.076139458356238, -36.632820093409521 ], [ -72.076430938829191, -36.632562215754568 ], [ -72.076725880020845, -36.632168348893046 ], [ -72.07709435203364, -36.631615220277681 ], [ -72.077382695576702, -36.631278743672567 ], [ -72.077630407613199, -36.631036301026839 ], [ -72.077936998892753, -36.630935388411778 ], [ -72.078278481818572, -36.630819267367706 ], [ -72.079028908374411, -36.630721179059101 ], [ -72.079106989684604, -36.630676242431008 ], [ -72.079002072732976, -36.630492987516405 ], [ -72.07891289636278, -36.630259256328912 ], [ -72.078839981378579, -36.630211073374191 ], [ -72.078764837902142, -36.629883995052104 ], [ -72.078497312937586, -36.629182800452519 ], [ -72.078407048439658, -36.628698752709049 ], [ -72.078260418129602, -36.628359217404366 ], [ -72.078135501147884, -36.628119256642279 ], [ -72.077961141174967, -36.627751826449121 ], [ -72.077748243613669, -36.627084980841389 ], [ -72.077328148247673, -36.625894192996306 ], [ -72.077269045875511, -36.625736078990805 ], [ -72.076722119940683, -36.625743730442935 ], [ -72.073011229486596, -36.625703687337115 ], [ -72.071120464582876, -36.625688109613378 ], [ -72.071728608771679, -36.627666739568866 ], [ -72.072795862670574, -36.631209810481067 ], [ -72.072834656390725, -36.631292733729069 ], [ -72.072959753891752, -36.631463075762014 ], [ -72.073068243751365, -36.63157281025962 ], [ -72.073252234826484, -36.631676780508307 ], [ -72.073477644766797, -36.631751070273374 ], [ -72.073840039591488, -36.63175887858079 ], [ -72.075215737521802, -36.631420070644722 ], [ -72.075235072016568, -36.631449884096028 ], [ -72.075262298016582, -36.631553954096056 ], [ -72.075438774975353, -36.632228536142655 ], [ -72.075445896981606, -36.63225575967634 ], [ -72.075592816210957, -36.632817346498207 ], [ -72.075602892016519, -36.632855860096065 ], [ -72.075633147381211, -36.633023596114533 ] ] ] } },
{ "type": "Feature", "properties": { "zona": "14" }, "geometry": { "type": "Polygon", "coordinates": [ [ [ -72.081443337805283, -36.604635339887395 ], [ -72.080575988815141, -36.604312845142914 ], [ -72.080198810673011, -36.604168105580769 ], [ -72.080095349462439, -36.604112606963973 ], [ -72.079954140416362, -36.604041871985217 ], [ -72.079594797535947, -36.603750754266059 ], [ -72.079245884563164, -36.603364950172107 ], [ -72.078912425617688, -36.602921523819653 ], [ -72.078426697646066, -36.602307507833551 ], [ -72.077337529214532, -36.600914661820518 ], [ -72.076709742198616, -36.60011833955204 ], [ -72.075901638956196, -36.59907012845504 ], [ -72.075545466335001, -36.598619648837577 ], [ -72.075020432334085, -36.597967531297513 ], [ -72.074317564629837, -36.597066320344659 ], [ -72.073184046911905, -36.595624985185118 ], [ -72.07317028716939, -36.595550297478653 ], [ -72.072450105314104, -36.594613996365553 ], [ -72.069591714862796, -36.595231322612889 ], [ -72.068236549276207, -36.595505865800988 ], [ -72.068011290695225, -36.595529551942157 ], [ -72.067176717247847, -36.595622579432487 ], [ -72.067306906611321, -36.595662142070239 ], [ -72.067441951734224, -36.595712308302538 ], [ -72.06757798795212, -36.595787483979876 ], [ -72.067736035619916, -36.595858515828979 ], [ -72.067906088315624, -36.595934006020016 ], [ -72.068258548213961, -36.596172885897992 ], [ -72.068630487383771, -36.59630635520481 ], [ -72.069129752956982, -36.596369783275406 ], [ -72.069793678499721, -36.596409890090563 ], [ -72.070366104297662, -36.596528648337625 ], [ -72.070798259155083, -36.596689168792011 ], [ -72.071246388238436, -36.596954182994914 ], [ -72.071529104063757, -36.597223461610056 ], [ -72.071646783072524, -36.597506533668039 ], [ -72.071635626158695, -36.597821540882059 ], [ -72.071559249541508, -36.597983254762205 ], [ -72.071500335931518, -36.598063454571765 ], [ -72.07142102937658, -36.598151332636526 ], [ -72.071396522763919, -36.598204418469138 ], [ -72.07139392312358, -36.598287933463297 ], [ -72.071364925722193, -36.598376898144352 ], [ -72.071392809714197, -36.598483469727512 ], [ -72.071451580053306, -36.598548711900172 ], [ -72.071571319156149, -36.598660067094059 ], [ -72.071671231541259, -36.59879339036236 ], [ -72.071759233378557, -36.598924637328423 ], [ -72.071798838961314, -36.599028522016432 ], [ -72.071780594412871, -36.599164894289956 ], [ -72.071838491967071, -36.59928261243568 ], [ -72.071852457027404, -36.599411000595119 ], [ -72.071810794945378, -36.599478834484309 ], [ -72.071832582747419, -36.599580794441756 ], [ -72.071913070730659, -36.599671702440318 ], [ -72.072213216913809, -36.60000728842266 ], [ -72.072285978886882, -36.600127007154065 ], [ -72.072395819362015, -36.600212389552972 ], [ -72.072534066044582, -36.60026842806716 ], [ -72.072654682530981, -36.600327305763152 ], [ -72.072822634871031, -36.600461256464762 ], [ -72.073014220036228, -36.600594597874142 ], [ -72.073180849748482, -36.600695203567547 ], [ -72.073359769402941, -36.600807412782743 ], [ -72.073792121237261, -36.601046596538133 ], [ -72.073966269231562, -36.601187538725981 ], [ -72.074131344303581, -36.601397858268889 ], [ -72.074257356818421, -36.601592495507184 ], [ -72.074408252820817, -36.601743574869786 ], [ -72.074548583828246, -36.60185200983522 ], [ -72.074685583698312, -36.601950994036137 ], [ -72.074820597003608, -36.601999961040789 ], [ -72.075003536889767, -36.602064378973594 ], [ -72.075174661308765, -36.602129101785316 ], [ -72.075305186213882, -36.602213947110421 ], [ -72.07544161873281, -36.602298639691256 ], [ -72.075529632301865, -36.602429883286042 ], [ -72.075555705275633, -36.602565111193876 ], [ -72.075570056049514, -36.602703026268784 ], [ -72.075569543257416, -36.60283894090729 ], [ -72.075590864024718, -36.602928991089136 ], [ -72.075606276311703, -36.603019192989933 ], [ -72.075619303404423, -36.603123762763431 ], [ -72.07565225098034, -36.603208744733358 ], [ -72.075738845181633, -36.603304260942352 ], [ -72.075842407997527, -36.603380265508399 ], [ -72.07594339535828, -36.603465873121053 ], [ -72.076054191213785, -36.603575069199493 ], [ -72.07617441818806, -36.603698326857213 ], [ -72.076260256294091, -36.603774788980417 ], [ -72.076369443670686, -36.603843494605201 ], [ -72.076464827115828, -36.603862488508369 ], [ -72.076680854872151, -36.603866442954754 ], [ -72.076864293123549, -36.603868855729978 ], [ -72.077083256315873, -36.603946644732694 ], [ -72.077249236677204, -36.604030571465309 ], [ -72.077391488380357, -36.604112726897803 ], [ -72.077550233842103, -36.604163461639153 ], [ -72.077702503727835, -36.604200057302172 ], [ -72.077823983660238, -36.604280364763319 ], [ -72.077970611526524, -36.604398170176211 ], [ -72.078083418606113, -36.604483470317469 ], [ -72.07832620742407, -36.604565409745703 ], [ -72.078491052418286, -36.60462075333912 ], [ -72.078628647918705, -36.604660111583961 ], [ -72.078700873197818, -36.604691623438704 ], [ -72.078798153064639, -36.604758250280504 ], [ -72.078854832990231, -36.604845001033219 ], [ -72.078996218122938, -36.604979630409822 ], [ -72.079069107110371, -36.60502781368394 ], [ -72.079135425382987, -36.605059478024835 ], [ -72.079239862210414, -36.605083003359304 ], [ -72.079370507805052, -36.605096314147694 ], [ -72.079540125984849, -36.60512292210268 ], [ -72.079649418119814, -36.605152878065851 ], [ -72.081045796910161, -36.604750031339741 ], [ -72.081443337805283, -36.604635339887395 ] ] ] } },
{ "type": "Feature", "properties": { "zona": "18" }, "geometry": { "type": "Polygon", "coordinates": [ [ [ -72.064927528125864, -36.603512651275587 ], [ -72.064905742259171, -36.603463552656208 ], [ -72.06488070748307, -36.603365597085308 ], [ -72.064683386151088, -36.602593511933144 ], [ -72.060656655504516, -36.603559449874936 ], [ -72.060655319779542, -36.603559770264333 ], [ -72.060487793510319, -36.603599953280934 ], [ -72.057876100318708, -36.604226361225216 ], [ -72.058522271079894, -36.605753545981074 ], [ -72.05835947003402, -36.605824487248071 ], [ -72.060442565135389, -36.610939992230605 ], [ -72.067132641733721, -36.60889132064878 ], [ -72.066447855037424, -36.607152363557496 ], [ -72.066096381804442, -36.606227986748749 ], [ -72.06569493719563, -36.605410517056832 ], [ -72.065279788350679, -36.60430652705071 ], [ -72.064965382679517, -36.603597963583596 ], [ -72.064927528125864, -36.603512651275587 ] ] ] } },
{ "type": "Feature", "properties": { "zona": "15" }, "geometry": { "type": "Polygon", "coordinates": [ [ [ -72.067176717247847, -36.595622579432508 ], [ -72.068011290695253, -36.595529551942157 ], [ -72.068236549276207, -36.595505865800988 ], [ -72.06959171486281, -36.595231322612889 ], [ -72.072450105314104, -36.594613996365545 ], [ -72.069166598263052, -36.590420266594769 ], [ -72.069130707385682, -36.590422573072438 ], [ -72.068923010506353, -36.59040408397221 ], [ -72.068721598818172, -36.590394969175229 ], [ -72.068513525625107, -36.590366951511406 ], [ -72.066104689179127, -36.590014141249419 ], [ -72.06439134860743, -36.589753061567315 ], [ -72.06062610611221, -36.589191843424011 ], [ -72.058777694293937, -36.588924844528009 ], [ -72.058791076015993, -36.588970766096494 ], [ -72.058804761015963, -36.589001867096492 ], [ -72.058809086015955, -36.58901169509646 ], [ -72.058818262016018, -36.589032547096501 ], [ -72.058832651016061, -36.589065246096453 ], [ -72.058856942016035, -36.589120447096484 ], [ -72.058931873015993, -36.589290729096454 ], [ -72.058987727016003, -36.589417657096504 ], [ -72.059044995016038, -36.589547798096397 ], [ -72.059085492015996, -36.589639829096463 ], [ -72.05914697001603, -36.589779538096494 ], [ -72.059198285016038, -36.589896151096447 ], [ -72.059206649612833, -36.589915160044676 ], [ -72.059220971015975, -36.589947706096467 ], [ -72.059257384016021, -36.590030456096457 ], [ -72.05932853901605, -36.59019215609645 ], [ -72.059418722015977, -36.590397098096503 ], [ -72.059480573016046, -36.590537654096423 ], [ -72.059525153015983, -36.590638963096453 ], [ -72.059643598016052, -36.590908131096512 ], [ -72.059837476484972, -36.591348724211656 ], [ -72.059850697717749, -36.591378769543915 ], [ -72.06001969701606, -36.591762819096438 ], [ -72.060064460016065, -36.591864543096499 ], [ -72.060081264016034, -36.591902731096475 ], [ -72.060103317016086, -36.591952848096462 ], [ -72.060133179015978, -36.592020707096459 ], [ -72.060164916016035, -36.592092832096462 ], [ -72.060171110016014, -36.592092916096405 ], [ -72.060209737016109, -36.592093440096427 ], [ -72.060233634016015, -36.592093763096486 ], [ -72.060235384015996, -36.592093787096466 ], [ -72.060261962016071, -36.592094146096407 ], [ -72.060654758626768, -36.593019362061668 ], [ -72.060788578508607, -36.593340942556615 ], [ -72.061223223197402, -36.594426903064793 ], [ -72.061807074873116, -36.595840148678825 ], [ -72.06210985038318, -36.596509869175968 ], [ -72.062160187084444, -36.59658639635888 ], [ -72.062237313331252, -36.596622560771863 ], [ -72.062311885915037, -36.596642005743512 ], [ -72.062375920809856, -36.596634255213353 ], [ -72.063624961305109, -36.596348823287649 ], [ -72.064850683050352, -36.596096022812034 ], [ -72.065896422127835, -36.595885992016804 ], [ -72.066360344028624, -36.595797750370856 ], [ -72.066499270947318, -36.595769758043673 ], [ -72.066815537129742, -36.595728042709908 ], [ -72.06706905602006, -36.595678787312202 ], [ -72.067176717247847, -36.595622579432508 ] ] ] } },
{ "type": "Feature", "properties": { "zona": "87" }, "geometry": { "type": "Polygon", "coordinates": [ [ [ -72.117763989994842, -36.638136369482062 ], [ -72.118329852914343, -36.638194208780135 ], [ -72.118746477369541, -36.638137515654442 ], [ -72.119068359061671, -36.638020361329218 ], [ -72.119523385710153, -36.63785966195281 ], [ -72.120029212459528, -36.637726239473039 ], [ -72.120544668209334, -36.637655505091452 ], [ -72.12069793712692, -36.637582821651478 ], [ -72.12118472775461, -36.637329730171366 ], [ -72.121773812087454, -36.637148340478404 ], [ -72.122372525717182, -36.637029637954072 ], [ -72.124283838208001, -36.636506266194964 ], [ -72.124799644757189, -36.635750717258759 ], [ -72.124889584102817, -36.635639636830376 ], [ -72.124965312790863, -36.635594160897497 ], [ -72.125031263961844, -36.635557095571862 ], [ -72.126197600820902, -36.635376977289567 ], [ -72.126257801584018, -36.635364524123133 ], [ -72.126296361625577, -36.635317305679166 ], [ -72.126289698779217, -36.635235941412823 ], [ -72.12624352797711, -36.63501156215753 ], [ -72.126218044595944, -36.634881768659788 ], [ -72.126227787031212, -36.634789101572153 ], [ -72.126280531540004, -36.634711939090039 ], [ -72.126228385297338, -36.63462790068251 ], [ -72.126170651343671, -36.634480405189031 ], [ -72.126103723656385, -36.634288448003026 ], [ -72.125898580183815, -36.633238831444196 ], [ -72.125597691377138, -36.632015895090362 ], [ -72.125283722286952, -36.630835024237953 ], [ -72.12495736051811, -36.629621695160871 ], [ -72.12492997371956, -36.629556133022149 ], [ -72.123208996990911, -36.630230730539949 ], [ -72.12230398669449, -36.630454746118453 ], [ -72.121651152706733, -36.630550548231568 ], [ -72.120802998960542, -36.630644315120762 ], [ -72.119798331224217, -36.630698964806143 ], [ -72.119291595838916, -36.630786752404724 ], [ -72.118665606455465, -36.630943227443744 ], [ -72.118504881828599, -36.630992141823924 ], [ -72.11776234114032, -36.63110100168317 ], [ -72.117247612024357, -36.631174088357433 ], [ -72.115784707666535, -36.631483594778516 ], [ -72.11412388276301, -36.631837006123519 ], [ -72.113871286203135, -36.631900238811959 ], [ -72.113805037447662, -36.631907932821527 ], [ -72.11373428216389, -36.631904419503186 ], [ -72.113681638265049, -36.63180923614523 ], [ -72.113586683412507, -36.63176522810793 ], [ -72.113443977600085, -36.631747503779323 ], [ -72.113289988298078, -36.631780142043624 ], [ -72.11319462858593, -36.631836280436026 ], [ -72.113084388956864, -36.631853468956969 ], [ -72.112895121451473, -36.63182545816904 ], [ -72.112837065983484, -36.631816246944716 ], [ -72.11197702248603, -36.63194602559669 ], [ -72.11149132881711, -36.63211608023957 ], [ -72.111390240520308, -36.632140181009198 ], [ -72.111245665388068, -36.632076009969744 ], [ -72.110847712851438, -36.632000580522636 ], [ -72.110451484559761, -36.631968020193156 ], [ -72.110044523687066, -36.63188924691616 ], [ -72.109682464875974, -36.63182360429164 ], [ -72.109218866205964, -36.631660476779182 ], [ -72.108670885813382, -36.631385109820215 ], [ -72.108613815736533, -36.631346579165083 ], [ -72.108396955226937, -36.631304048455128 ], [ -72.108178899499251, -36.631306761954299 ], [ -72.108031266160324, -36.631313597962006 ], [ -72.107815365460638, -36.63136989965048 ], [ -72.107521055557143, -36.631407386384851 ], [ -72.107527970165663, -36.63148239933566 ], [ -72.107530776889618, -36.63149320340748 ], [ -72.107977842878441, -36.633214236754462 ], [ -72.109224891704073, -36.638014426251857 ], [ -72.109233200786761, -36.638043052952654 ], [ -72.109263747922739, -36.638148294648715 ], [ -72.110136159995847, -36.641153807730547 ], [ -72.110936773677736, -36.640796677180283 ], [ -72.114189408106995, -36.639578641382883 ], [ -72.114690880442893, -36.639336635853923 ], [ -72.115159419513333, -36.639158433041743 ], [ -72.115803202455822, -36.638924142099874 ], [ -72.11614793304085, -36.638669067723868 ], [ -72.116383786542684, -36.638531284685094 ], [ -72.116809990576414, -36.638359906104341 ], [ -72.117223159762261, -36.638217477766872 ], [ -72.117616893549425, -36.638121333659114 ], [ -72.117763989994842, -36.638136369482062 ] ] ] } },
{ "type": "Feature", "properties": { "zona": "76" }, "geometry": { "type": "Polygon", "coordinates": [ [ [ -72.131892349030778, -36.632330246606301 ], [ -72.134995018495175, -36.631892804480216 ], [ -72.136382397347361, -36.631685736909091 ], [ -72.136425208287335, -36.631655998586055 ], [ -72.136555546882022, -36.631638850095769 ], [ -72.137427192185399, -36.631511926556968 ], [ -72.137633781195845, -36.631587542972852 ], [ -72.139064282025728, -36.631250927285798 ], [ -72.141739584341238, -36.630260046599041 ], [ -72.143341319687906, -36.629799941712754 ], [ -72.143056808477112, -36.629130714613041 ], [ -72.142900236411862, -36.628735498798029 ], [ -72.142862574624289, -36.628718612611543 ], [ -72.138671534292541, -36.62986036089174 ], [ -72.138271375048575, -36.628929160174543 ], [ -72.137820724532077, -36.628029090277792 ], [ -72.137711022431205, -36.627877010702925 ], [ -72.137664042828817, -36.627812683672126 ], [ -72.137535804749859, -36.627750499490524 ], [ -72.137454062995516, -36.627740733395385 ], [ -72.1371218847612, -36.627755448711177 ], [ -72.137010353488222, -36.627740506616917 ], [ -72.136934791641238, -36.62770077496716 ], [ -72.136909249718116, -36.627618001965651 ], [ -72.136648455284245, -36.626636033646186 ], [ -72.130612783856307, -36.62746797960537 ], [ -72.130943076863801, -36.628721719299989 ], [ -72.131594204515949, -36.631104275096007 ], [ -72.131892349030778, -36.632330246606301 ] ] ] } },
{ "type": "Feature", "properties": { "zona": "82" }, "geometry": { "type": "Polygon", "coordinates": [ [ [ -72.083224431698468, -36.631448037222036 ], [ -72.083293354627088, -36.631563032891592 ], [ -72.083276934493128, -36.631596360454552 ], [ -72.082716715191694, -36.631865028730516 ], [ -72.082702376256307, -36.631876367504155 ], [ -72.082666677421571, -36.631930698570862 ], [ -72.082681983517062, -36.632077170041569 ], [ -72.082702184357444, -36.63225737064321 ], [ -72.082694836867589, -36.632429224687748 ], [ -72.0826886425113, -36.632540966552632 ], [ -72.082694883426157, -36.632623298884404 ], [ -72.082738759664068, -36.63296819210651 ], [ -72.082789595662916, -36.63317477930913 ], [ -72.082814721127278, -36.633448790511537 ], [ -72.082816160224624, -36.633514557664739 ], [ -72.082813516782409, -36.633596643241916 ], [ -72.08277303546032, -36.634005869893763 ], [ -72.082764409999612, -36.634056638721916 ], [ -72.082783736929713, -36.634096193014088 ], [ -72.082807336394154, -36.634124192394069 ], [ -72.082804625865336, -36.634145243718315 ], [ -72.082787345855905, -36.634186699832327 ], [ -72.082780286822739, -36.634217400656958 ], [ -72.082779062291905, -36.634246042990753 ], [ -72.082782756094417, -36.634279326373822 ], [ -72.08296794596437, -36.634504368342959 ], [ -72.083182893474657, -36.634790628819516 ], [ -72.08342247274814, -36.635101046616406 ], [ -72.084281041588753, -36.634672530804153 ], [ -72.0853114329215, -36.63416135284573 ], [ -72.085433832126952, -36.634362109965288 ], [ -72.085791139587968, -36.634953669475998 ], [ -72.086013793336718, -36.635314112303796 ], [ -72.086109655161536, -36.635344052099867 ], [ -72.086355381855086, -36.635333865716362 ], [ -72.086785060968722, -36.635307464034561 ], [ -72.089097270045684, -36.635129218743465 ], [ -72.091618061733755, -36.634944663533318 ], [ -72.091428080874394, -36.634578657761523 ], [ -72.091367168000744, -36.634497984012356 ], [ -72.091278944617329, -36.634400138657575 ], [ -72.090902310321411, -36.634080898388177 ], [ -72.09029889908615, -36.6336387977369 ], [ -72.090188228254348, -36.633534381248069 ], [ -72.089782301036109, -36.633111112067596 ], [ -72.089053702282783, -36.632182298162675 ], [ -72.088180272440056, -36.63068204555686 ], [ -72.088073149990564, -36.630684824791956 ], [ -72.087984140715562, -36.630678193112949 ], [ -72.08741418529884, -36.630612311857831 ], [ -72.087385609515238, -36.630608704264347 ], [ -72.085933566736855, -36.63042539974591 ], [ -72.085760693604712, -36.630429881518403 ], [ -72.085579811128724, -36.630456028129103 ], [ -72.085474283497462, -36.630480222036759 ], [ -72.085058314500401, -36.630619751593699 ], [ -72.084660502107468, -36.630769538824566 ], [ -72.084385804875012, -36.630891099611844 ], [ -72.083952835584668, -36.631099683494845 ], [ -72.083452099794968, -36.631339157290931 ], [ -72.083224431698468, -36.631448037222036 ] ] ] } }
]
}
