{
"type": "FeatureCollection",
"name": "Coquimbo - La Serena",
"crs": { "type": "name", "properties": { "name": "urn:ogc:def:crs:OGC:1.3:CRS84" } },
"features": [
{ "type": "Feature", "properties": { "zona": "50" }, "geometry": { "type": "Polygon", "coordinates": [ [ [ -71.220140424255789, -29.907497806144171 ], [ -71.218882448310225, -29.907635787504731 ], [ -71.216613386204799, -29.907713825049516 ], [ -71.21571743333466, -29.907774795701883 ], [ -71.216447458466519, -29.911312771831629 ], [ -71.217089443353132, -29.912886787985045 ], [ -71.217325933728063, -29.913289678607114 ], [ -71.21833069700719, -29.915360960818035 ], [ -71.219162222880087, -29.91502569058845 ], [ -71.219655587702789, -29.914824637522926 ], [ -71.22014823608616, -29.914591395254554 ], [ -71.220860086709393, -29.914266247843543 ], [ -71.221610315904471, -29.914004578252996 ], [ -71.222387394383546, -29.913940789695619 ], [ -71.223007441945526, -29.913588857709147 ], [ -71.223516431954081, -29.913257827377567 ], [ -71.224179375323303, -29.912903813621369 ], [ -71.224857388512277, -29.912720821687589 ], [ -71.224525451278154, -29.911697845467298 ], [ -71.224053398106506, -29.910597860869743 ], [ -71.222729453822424, -29.910984847811864 ], [ -71.222240387852452, -29.909859797982715 ], [ -71.2214404022547, -29.907505851858893 ], [ -71.220140424255789, -29.907497806144171 ] ] ] } },
{ "type": "Feature", "properties": { "zona": "52" }, "geometry": { "type": "Polygon", "coordinates": [ [ [ -71.218340093713152, -29.915368830001043 ], [ -71.21733568586275, -29.913313596556712 ], [ -71.217089443353132, -29.912886787985045 ], [ -71.216447458466519, -29.911312771831629 ], [ -71.21571743333466, -29.907774795701883 ], [ -71.211956414325186, -29.907847785427279 ], [ -71.208760443758621, -29.907807838475804 ], [ -71.210411446309649, -29.915309822694063 ], [ -71.212312434689522, -29.914665777899486 ], [ -71.213133069781094, -29.916705197261216 ], [ -71.213490700562957, -29.917454212664403 ], [ -71.21432470770992, -29.917171604030123 ], [ -71.214899949416449, -29.916976678788775 ], [ -71.216857611651548, -29.916285255937506 ], [ -71.217388930323281, -29.916131736662649 ], [ -71.218340093713152, -29.915368830001043 ] ] ] } },
{ "type": "Feature", "properties": { "zona": "51" }, "geometry": { "type": "Polygon", "coordinates": [ [ [ -71.224857388512277, -29.912720821687589 ], [ -71.224179375323303, -29.912903813621369 ], [ -71.223516431954081, -29.913257827377567 ], [ -71.223007441945526, -29.913588857709147 ], [ -71.222387394383546, -29.913940789695619 ], [ -71.221592056883139, -29.914012913308849 ], [ -71.220860086709393, -29.914266247843543 ], [ -71.220029641875513, -29.914649674151725 ], [ -71.219692106388706, -29.914807967915912 ], [ -71.21899770990423, -29.915092678791911 ], [ -71.218339915763536, -29.915360805669678 ], [ -71.218865809379025, -29.916002437864694 ], [ -71.219392067968073, -29.916660206366952 ], [ -71.219783497993333, -29.917264051987818 ], [ -71.220721457590685, -29.918818359311587 ], [ -71.221370382263075, -29.91974580798944 ], [ -71.222862412854028, -29.919354823744484 ], [ -71.225386378050089, -29.917787856019366 ], [ -71.227506442439051, -29.916423841427815 ], [ -71.228397409858943, -29.915706798693432 ], [ -71.229107424902338, -29.915012833711643 ], [ -71.22800639035647, -29.913980864841857 ], [ -71.227328419204511, -29.91304979089352 ], [ -71.226923383374782, -29.912656802267634 ], [ -71.226624392779556, -29.912627849748606 ], [ -71.226320372572459, -29.912633796553305 ], [ -71.226003436280337, -29.912684787422776 ], [ -71.225696381918581, -29.91266183160236 ], [ -71.225237375313185, -29.912682839546672 ], [ -71.224857388512277, -29.912720821687589 ] ] ] } },
{ "type": "Feature", "properties": { "zona": "75" }, "geometry": { "type": "Polygon", "coordinates": [ [ [ -71.214679591935351, -29.917954214387887 ], [ -71.214341675578893, -29.917162750468329 ], [ -71.213490788353241, -29.917458179761354 ], [ -71.213133069781094, -29.916705197261216 ], [ -71.212312434689522, -29.914665777899486 ], [ -71.210394024432674, -29.9153019973052 ], [ -71.209419083517432, -29.915563402466287 ], [ -71.208449759109044, -29.915893795816253 ], [ -71.207957029852864, -29.916113377306775 ], [ -71.207025296314498, -29.916429601536148 ], [ -71.207554737153814, -29.917935199484848 ], [ -71.208665916286236, -29.921494706870906 ], [ -71.209277796277092, -29.923764487528633 ], [ -71.209830912398232, -29.925816075733096 ], [ -71.210286927609218, -29.926985740879203 ], [ -71.210691239779564, -29.927434893534098 ], [ -71.211967265906168, -29.927043231769215 ], [ -71.212495984055593, -29.926769273761519 ], [ -71.213265376254355, -29.926121924520768 ], [ -71.213996479573055, -29.92582850693125 ], [ -71.214532136920269, -29.924877423265279 ], [ -71.214922737939972, -29.924768848859213 ], [ -71.215365392889211, -29.924357877538355 ], [ -71.215611679832264, -29.924080266989527 ], [ -71.215901792014989, -29.923391082488344 ], [ -71.216244367015292, -29.922691815350223 ], [ -71.216847221965565, -29.92205401170644 ], [ -71.217206392477095, -29.921772515333711 ], [ -71.216974573458373, -29.921716165055255 ], [ -71.216781230319967, -29.921727444551845 ], [ -71.216587887118934, -29.921738723766836 ], [ -71.216067006820282, -29.920653602119511 ], [ -71.215484498613591, -29.919330137037125 ], [ -71.214679591935351, -29.917954214387887 ] ] ] } },
{ "type": "Feature", "properties": { "zona": "53" }, "geometry": { "type": "Polygon", "coordinates": [ [ [ -71.218340093713152, -29.915368830001043 ], [ -71.217379889368146, -29.91613991608379 ], [ -71.216839351785879, -29.916293590373371 ], [ -71.214346285052528, -29.917162673029445 ], [ -71.214681852770241, -29.917952192114907 ], [ -71.215324785372687, -29.919089927220835 ], [ -71.215477272699573, -29.919316188123659 ], [ -71.215748574176004, -29.919909979147725 ], [ -71.2160790203597, -29.920675497818465 ], [ -71.21659131425065, -29.921743085665618 ], [ -71.216762791614642, -29.921727754689567 ], [ -71.216965354107998, -29.921716320137893 ], [ -71.217202859144805, -29.921774919836313 ], [ -71.216847177995746, -29.922052028163854 ], [ -71.216244367015292, -29.922691815350223 ], [ -71.217475425888466, -29.922143830052327 ], [ -71.218708385197829, -29.921766810609679 ], [ -71.220004406478068, -29.921045797982352 ], [ -71.220757401937476, -29.920221812296088 ], [ -71.221370382263075, -29.91974580798944 ], [ -71.220711970282949, -29.918806433090847 ], [ -71.219783497993333, -29.917264051987818 ], [ -71.219363699195824, -29.916628574752067 ], [ -71.218861021976991, -29.915994491131073 ], [ -71.218340093713152, -29.915368830001043 ] ] ] } },
{ "type": "Feature", "properties": { "zona": "64" }, "geometry": { "type": "Polygon", "coordinates": [ [ [ -71.229107424902338, -29.915012833711643 ], [ -71.228397409858943, -29.915706798693432 ], [ -71.227506442439051, -29.916423841427815 ], [ -71.225386378050089, -29.917787856019366 ], [ -71.222862412854028, -29.919354823744484 ], [ -71.221370382263075, -29.91974580798944 ], [ -71.220757401937476, -29.920221812296088 ], [ -71.220004406478068, -29.921045797982352 ], [ -71.218708385197829, -29.921766810609679 ], [ -71.217475425888466, -29.922143830052327 ], [ -71.216244367015292, -29.922691815350223 ], [ -71.215897447977397, -29.923403151417951 ], [ -71.215612887482393, -29.9240846662249 ], [ -71.215408295114528, -29.924316929519691 ], [ -71.214918217987631, -29.924772983585829 ], [ -71.214533254680859, -29.924877765261176 ], [ -71.213994244234783, -29.925958966003819 ], [ -71.215584364602861, -29.926023338547871 ], [ -71.215946260489744, -29.925910282897529 ], [ -71.21683644383458, -29.925250510166155 ], [ -71.21717906293874, -29.924626462326096 ], [ -71.217413120738811, -29.923882297234098 ], [ -71.217671664574269, -29.923422193526793 ], [ -71.218107853636695, -29.923205601452963 ], [ -71.219102448026092, -29.923192736467712 ], [ -71.219684418259732, -29.923149834496005 ], [ -71.220821559907804, -29.92266491278253 ], [ -71.221613198424549, -29.921984942991045 ], [ -71.222328906586853, -29.921523888390983 ], [ -71.222892647615183, -29.92115315250873 ], [ -71.22339874292615, -29.920832362418764 ], [ -71.224024341652424, -29.920747577088257 ], [ -71.224295697382885, -29.920949723398653 ], [ -71.225088513802191, -29.922047716158474 ], [ -71.225855743376044, -29.9231079833256 ], [ -71.226387477883875, -29.923608960348858 ], [ -71.226864214819841, -29.923461555460655 ], [ -71.230644472130692, -29.921458089193159 ], [ -71.231337408352175, -29.921122922863887 ], [ -71.232537016104104, -29.920574791318845 ], [ -71.233673802409527, -29.920055313353739 ], [ -71.234068568922396, -29.9198598460382 ], [ -71.234312151952295, -29.919739276296649 ], [ -71.234932711287243, -29.919456548985679 ], [ -71.235195352641838, -29.920479225515066 ], [ -71.235920604623331, -29.923469664147735 ], [ -71.238954842032314, -29.922901068542789 ], [ -71.241875365434083, -29.922491817006815 ], [ -71.242367406802046, -29.922281862786292 ], [ -71.243102419757236, -29.922015819983528 ], [ -71.243579362911817, -29.921806839907546 ], [ -71.244145358743367, -29.92170385283827 ], [ -71.243975426066257, -29.921159811044948 ], [ -71.243682352488946, -29.920413846886436 ], [ -71.243982387903699, -29.919239826753252 ], [ -71.244458371799524, -29.917207862493299 ], [ -71.244451378728712, -29.916473803643303 ], [ -71.244207400981423, -29.915281806881332 ], [ -71.2440384381662, -29.914890806865689 ], [ -71.243966363579418, -29.914117809528854 ], [ -71.243769422504712, -29.911656883899624 ], [ -71.243644427045567, -29.910598871876054 ], [ -71.243625435922112, -29.910387870686222 ], [ -71.243130391766556, -29.909771882559628 ], [ -71.242674424325358, -29.909142870952873 ], [ -71.242092401534492, -29.908923858834399 ], [ -71.241554428177395, -29.908471845411142 ], [ -71.24067638738623, -29.907417882425889 ], [ -71.240200399507799, -29.908383832918631 ], [ -71.238869441236872, -29.909822851914491 ], [ -71.236701384488413, -29.910886877025444 ], [ -71.233818412838062, -29.912577838878939 ], [ -71.231450436980424, -29.913871827061737 ], [ -71.230173421259778, -29.914705819396197 ], [ -71.229107424902338, -29.915012833711643 ] ] ] } },
{ "type": "Feature", "properties": { "zona": "49" }, "geometry": { "type": "Polygon", "coordinates": [ [ [ -71.226923383374782, -29.912656802267634 ], [ -71.227328419204511, -29.91304979089352 ], [ -71.22800639035647, -29.913980864841857 ], [ -71.229107424902338, -29.915012833711643 ], [ -71.230173421259778, -29.914705819396197 ], [ -71.231450436980424, -29.913871827061737 ], [ -71.233818412838062, -29.912577838878939 ], [ -71.236701384488413, -29.910886877025444 ], [ -71.238869441236872, -29.909822851914491 ], [ -71.240200399507799, -29.908383832918631 ], [ -71.24067638738623, -29.907417882425889 ], [ -71.240860387826132, -29.907173846553349 ], [ -71.240103389447015, -29.90730387388782 ], [ -71.238288390030846, -29.90750580050878 ], [ -71.236466393090325, -29.907631877535373 ], [ -71.234561408408581, -29.907815797790089 ], [ -71.233684455481267, -29.907927798721946 ], [ -71.232820444143655, -29.908179826838854 ], [ -71.23184840436771, -29.908530817681434 ], [ -71.23213544931545, -29.909398858385426 ], [ -71.231511438294959, -29.910006870187402 ], [ -71.230769433173535, -29.910611825162118 ], [ -71.230166392797713, -29.911042785405279 ], [ -71.229934409415193, -29.91128085447496 ], [ -71.229513409635288, -29.911485862038557 ], [ -71.229157420348272, -29.911657840148262 ], [ -71.228917386306179, -29.911806841427413 ], [ -71.228726388654849, -29.911937786092707 ], [ -71.228489391911694, -29.912115868069318 ], [ -71.228178383168498, -29.912225841215129 ], [ -71.227807453319116, -29.912428824667384 ], [ -71.227393372088059, -29.912530796962063 ], [ -71.226923383374782, -29.912656802267634 ] ] ] } },
{ "type": "Feature", "properties": { "zona": "14" }, "geometry": { "type": "Polygon", "coordinates": [ [ [ -71.352868228691392, -29.971708990563581 ], [ -71.353874223774326, -29.968293018985353 ], [ -71.347177238891348, -29.965863989117445 ], [ -71.346813213057203, -29.96571102189133 ], [ -71.346391219509442, -29.965407026214006 ], [ -71.345883227525363, -29.964896943744378 ], [ -71.344534207263834, -29.965856964050545 ], [ -71.343409213813857, -29.966680945941842 ], [ -71.343971236581666, -29.967119998412048 ], [ -71.344662232401319, -29.967673998708747 ], [ -71.345105251542847, -29.967999992337642 ], [ -71.34447426840778, -29.968459023185947 ], [ -71.343701253866996, -29.968981999012943 ], [ -71.343152213025974, -29.969412959136367 ], [ -71.344043250317185, -29.969869964884069 ], [ -71.345591204073159, -29.970708941777037 ], [ -71.346079263007027, -29.970834989464048 ], [ -71.34705324713498, -29.971087027109213 ], [ -71.352868228691392, -29.971708990563581 ] ] ] } },
{ "type": "Feature", "properties": { "zona": "15" }, "geometry": { "type": "Polygon", "coordinates": [ [ [ -71.343152213025974, -29.969412959136367 ], [ -71.343701253866996, -29.968981999012943 ], [ -71.34447426840778, -29.968459023185947 ], [ -71.345105251542847, -29.967999992337642 ], [ -71.344662232401319, -29.967673998708747 ], [ -71.343971236581666, -29.967119998412048 ], [ -71.343409213813857, -29.966680945941842 ], [ -71.342791233399069, -29.966147014407817 ], [ -71.342023224957103, -29.96550301060574 ], [ -71.341209227925731, -29.966125007886504 ], [ -71.34055924271577, -29.966611956347894 ], [ -71.340181270743372, -29.966967981491813 ], [ -71.339290278299941, -29.967940011578836 ], [ -71.338455238567619, -29.968825000849257 ], [ -71.338169257759958, -29.969148000558501 ], [ -71.337414256366998, -29.969953006610716 ], [ -71.338574221781172, -29.971018929803435 ], [ -71.339908219148555, -29.972316964700042 ], [ -71.340557253196323, -29.971816957699978 ], [ -71.341360238096073, -29.970901950782594 ], [ -71.342154254091454, -29.970307995403711 ], [ -71.342753257305375, -29.969693966116086 ], [ -71.343152213025974, -29.969412959136367 ] ] ] } },
{ "type": "Feature", "properties": { "zona": "13" }, "geometry": { "type": "Polygon", "coordinates": [ [ [ -71.337414256366998, -29.969953006610716 ], [ -71.338169257759958, -29.969148000558501 ], [ -71.338455238567619, -29.968825000849257 ], [ -71.339290278299941, -29.967940011578836 ], [ -71.340181270743372, -29.966967981491813 ], [ -71.34055924271577, -29.966611956347894 ], [ -71.341209227925731, -29.966125007886504 ], [ -71.342023224957103, -29.96550301060574 ], [ -71.341011216798208, -29.964654008711086 ], [ -71.339374252978359, -29.963342964652103 ], [ -71.338146242968676, -29.962358973194561 ], [ -71.337417238702514, -29.961688994167467 ], [ -71.337194251456239, -29.961979937936366 ], [ -71.336791289133757, -29.962530937563145 ], [ -71.336360279032732, -29.963299972961806 ], [ -71.336005231818177, -29.964467924457871 ], [ -71.335979258502036, -29.964821931570921 ], [ -71.336155246057203, -29.965898929229038 ], [ -71.336082247131841, -29.966995947143594 ], [ -71.335818241971097, -29.967684995434624 ], [ -71.335664255619349, -29.96801196150999 ], [ -71.335443246189868, -29.968212947883991 ], [ -71.33563722472752, -29.968371939797539 ], [ -71.336051257330595, -29.968759988887214 ], [ -71.336442265277171, -29.969094962270837 ], [ -71.337414256366998, -29.969953006610716 ] ] ] } },
{ "type": "Feature", "properties": { "zona": "12" }, "geometry": { "type": "Polygon", "coordinates": [ [ [ -71.337417238702514, -29.961688994167467 ], [ -71.338146242968676, -29.962358973194561 ], [ -71.339374252978359, -29.963342964652103 ], [ -71.341011216798208, -29.964654008711086 ], [ -71.342023224957103, -29.96550301060574 ], [ -71.342791233399069, -29.966147014407817 ], [ -71.343409213813857, -29.966680945941842 ], [ -71.344534207263834, -29.965856964050545 ], [ -71.345883227525363, -29.964896943744378 ], [ -71.344410224785165, -29.963436935710682 ], [ -71.342730228163234, -29.961730945682572 ], [ -71.341369288958361, -29.960360990185599 ], [ -71.342121270095703, -29.959802958795446 ], [ -71.341476270575868, -29.959130967121748 ], [ -71.341161222040398, -29.958638988671954 ], [ -71.340410287612087, -29.958785998682515 ], [ -71.33966622281747, -29.958930988431462 ], [ -71.339394277207973, -29.95898398137912 ], [ -71.338954300019509, -29.959025978845354 ], [ -71.338868260468971, -29.95950299055923 ], [ -71.338487231540043, -29.960303973743063 ], [ -71.337748294270909, -29.961255975725109 ], [ -71.337417238702514, -29.961688994167467 ] ] ] } },
{ "type": "Feature", "properties": { "zona": "61" }, "geometry": { "type": "Polygon", "coordinates": [ [ [ -71.268314322977432, -29.949673882298146 ], [ -71.268723293053384, -29.949537863166938 ], [ -71.270077287345245, -29.949463846487468 ], [ -71.272148292186856, -29.949382860899998 ], [ -71.274393283817332, -29.949312908693777 ], [ -71.276298334019756, -29.949307869519906 ], [ -71.27739234660973, -29.94961789043251 ], [ -71.27860429013414, -29.950135919991769 ], [ -71.279945286843173, -29.950708886021236 ], [ -71.280636328929859, -29.950940892580334 ], [ -71.281443307004309, -29.950840873666973 ], [ -71.282154332450958, -29.95069489091064 ], [ -71.28278234006288, -29.949958862390559 ], [ -71.283369273227052, -29.949447941491698 ], [ -71.284169283493299, -29.949170889604321 ], [ -71.285019312430165, -29.949082910067069 ], [ -71.286202343934249, -29.949164930163921 ], [ -71.288043334466238, -29.949141892441055 ], [ -71.287426318548043, -29.948822866691202 ], [ -71.285328302287823, -29.945962941838971 ], [ -71.283852308611543, -29.944018921660231 ], [ -71.281364364937033, -29.941361852451401 ], [ -71.275273331485906, -29.933662913353054 ], [ -71.271593323208648, -29.929073903031011 ], [ -71.270113321216314, -29.929573913140061 ], [ -71.267055382763971, -29.930610835300428 ], [ -71.264155382221603, -29.931700894343287 ], [ -71.262799339207277, -29.93209289803147 ], [ -71.263194328682204, -29.932835889324114 ], [ -71.263751317773796, -29.933860835418223 ], [ -71.264750375009314, -29.935254916865667 ], [ -71.262711377008017, -29.935797916815996 ], [ -71.260872332012141, -29.936202886734925 ], [ -71.261580388199604, -29.937815833567107 ], [ -71.262035354773602, -29.939109869361133 ], [ -71.262778301209309, -29.940424842368678 ], [ -71.264162296397814, -29.942482897420462 ], [ -71.265641319816794, -29.94453289732586 ], [ -71.266814357518271, -29.94635688954439 ], [ -71.267652359165979, -29.947665864631034 ], [ -71.268314322977432, -29.949673882298146 ] ] ] } },
{ "type": "Feature", "properties": { "zona": "26" }, "geometry": { "type": "Polygon", "coordinates": [ [ [ -71.282154332450958, -29.95069489091064 ], [ -71.281443307004309, -29.950840873666973 ], [ -71.280636328929859, -29.950940892580334 ], [ -71.279945286843173, -29.950708886021236 ], [ -71.27860429013414, -29.950135919991769 ], [ -71.27739234660973, -29.94961789043251 ], [ -71.276298334019756, -29.949307869519906 ], [ -71.274393283817332, -29.949312908693777 ], [ -71.272148292186856, -29.949382860899998 ], [ -71.270077287345245, -29.949463846487468 ], [ -71.268723293053384, -29.949537863166938 ], [ -71.268314322977432, -29.949673882298146 ], [ -71.268477289046942, -29.950609891668407 ], [ -71.26848528003633, -29.952266864441182 ], [ -71.267964338727865, -29.954348914738414 ], [ -71.267577290565413, -29.956549876830817 ], [ -71.267188315193991, -29.958391904171869 ], [ -71.268220308109292, -29.959525893494035 ], [ -71.269035339240403, -29.960005837797379 ], [ -71.270407288235319, -29.960936879663187 ], [ -71.272752262327842, -29.961006914994957 ], [ -71.272849283772516, -29.955713918357166 ], [ -71.274747293305879, -29.955521869565963 ], [ -71.275948277680371, -29.955353926616386 ], [ -71.278327327484305, -29.954762889777285 ], [ -71.279166286662274, -29.954224897712059 ], [ -71.280744326737846, -29.952258896753378 ], [ -71.282154332450958, -29.95069489091064 ] ] ] } },
{ "type": "Feature", "properties": { "zona": "28" }, "geometry": { "type": "Polygon", "coordinates": [ [ [ -71.267188315193991, -29.958391904171869 ], [ -71.267577290565413, -29.956549876830817 ], [ -71.267964338727865, -29.954348914738414 ], [ -71.26848528003633, -29.952266864441182 ], [ -71.268477289046942, -29.950609891668407 ], [ -71.268314322977432, -29.949673882298146 ], [ -71.26775734091153, -29.949776912650549 ], [ -71.266819338359056, -29.950671897098292 ], [ -71.266206358999668, -29.951386850658366 ], [ -71.265974349523802, -29.951604869789872 ], [ -71.265684282829852, -29.951876920600906 ], [ -71.264431302616998, -29.952794894634906 ], [ -71.263981329319094, -29.953319885930416 ], [ -71.263606291017553, -29.953830870757287 ], [ -71.26356432932802, -29.953946858363352 ], [ -71.263857280788272, -29.954268862359193 ], [ -71.2640303023461, -29.954575880865033 ], [ -71.264055354759719, -29.954836919124531 ], [ -71.263980355860099, -29.955571836559557 ], [ -71.263831355663925, -29.956075869741259 ], [ -71.263778285766989, -29.957442841842344 ], [ -71.263868333292208, -29.958878876407514 ], [ -71.263951312952855, -29.959761879997455 ], [ -71.263932307561959, -29.960769839982277 ], [ -71.266760341030775, -29.960544864421546 ], [ -71.267188315193991, -29.958391904171869 ] ] ] } },
{ "type": "Feature", "properties": { "zona": "25" }, "geometry": { "type": "Polygon", "coordinates": [ [ [ -71.272752262327842, -29.961006914994957 ], [ -71.270407288235319, -29.960936879663187 ], [ -71.269035339240403, -29.960005837797379 ], [ -71.268220308109292, -29.959525893494035 ], [ -71.267188315193991, -29.958391904171869 ], [ -71.266760341030775, -29.960544864421546 ], [ -71.265864338089358, -29.965052870265733 ], [ -71.263493241624175, -29.97643284804747 ], [ -71.263196308889789, -29.977885904523966 ], [ -71.261940128364799, -29.984021377806421 ], [ -71.270316242444068, -29.981763876379372 ], [ -71.27717328350306, -29.979809932109227 ], [ -71.277385917544393, -29.979733468581625 ], [ -71.280460121907595, -29.978646196091297 ], [ -71.283760444832609, -29.977709249661327 ], [ -71.280471341843636, -29.974411666380661 ], [ -71.278674466201892, -29.975885943629315 ], [ -71.275473291535903, -29.970948903721503 ], [ -71.274219258884827, -29.968991932394577 ], [ -71.272914324334707, -29.963952869169372 ], [ -71.272688304154471, -29.962591888324233 ], [ -71.272752262327842, -29.961006914994957 ] ] ] } },
{ "type": "Feature", "properties": { "zona": "31" }, "geometry": { "type": "Polygon", "coordinates": [ [ [ -71.263196308889789, -29.977885904523966 ], [ -71.263493241624175, -29.97643284804747 ], [ -71.265864338089358, -29.965052870265733 ], [ -71.266760341030775, -29.960544864421546 ], [ -71.263932307561959, -29.960769839982277 ], [ -71.263492284741673, -29.966403895931911 ], [ -71.263386262653398, -29.967929884436696 ], [ -71.26286427480467, -29.975451903120153 ], [ -71.262716298042051, -29.977923919529729 ], [ -71.263196308889789, -29.977885904523966 ] ] ] } },
{ "type": "Feature", "properties": { "zona": "96" }, "geometry": { "type": "Polygon", "coordinates": [ [ [ -71.28582521633642, -29.982813625196165 ], [ -71.283760444832609, -29.977709249661327 ], [ -71.280460121907595, -29.978646196091297 ], [ -71.277385917544393, -29.979733468581625 ], [ -71.27717328350306, -29.979809932109227 ], [ -71.270316242444068, -29.981763876379372 ], [ -71.261940128364799, -29.984021377806421 ], [ -71.261422809931972, -29.986346230380956 ], [ -71.260987600108521, -29.988313410164988 ], [ -71.260683965488155, -29.989571489997495 ], [ -71.260315339780107, -29.991216168118157 ], [ -71.259532178905417, -29.99467199332334 ], [ -71.258922582528484, -29.999785367955802 ], [ -71.258718357885343, -30.00165369244856 ], [ -71.258462416406431, -30.003849941822036 ], [ -71.258326028311402, -30.00501991366724 ], [ -71.258145349717438, -30.006011884172267 ], [ -71.257288922026802, -30.010767994283775 ], [ -71.256830550297167, -30.013345889679417 ], [ -71.256555037872332, -30.014744628902651 ], [ -71.256367066672965, -30.015698931451158 ], [ -71.256096588251083, -30.016795799864639 ], [ -71.256025057070346, -30.01738517086261 ], [ -71.255595910207589, -30.020157466237709 ], [ -71.259001752697571, -30.020376086767474 ], [ -71.263252693133737, -30.02041944737212 ], [ -71.269771327674135, -30.018122672054417 ], [ -71.272620277875944, -30.016788517404105 ], [ -71.276086329633415, -30.013387616423511 ], [ -71.279364933693827, -30.008255131649481 ], [ -71.280091423714424, -30.004516002369964 ], [ -71.279591348008964, -30.002018960457644 ], [ -71.280331022740597, -29.998857910022277 ], [ -71.281619463161348, -29.997100827585665 ], [ -71.282820905761881, -29.994767023657182 ], [ -71.282767974605221, -29.992454974197145 ], [ -71.283005761569612, -29.989945141355818 ], [ -71.283697932190094, -29.987941337243079 ], [ -71.284038903776178, -29.986714674583645 ], [ -71.284904358124876, -29.984693697605536 ], [ -71.28582521633642, -29.982813625196165 ] ] ] } },
{ "type": "Feature", "properties": { "zona": "72" }, "geometry": { "type": "Polygon", "coordinates": [ [ [ -71.265974349523802, -29.951604869789872 ], [ -71.266206358999668, -29.951386850658366 ], [ -71.266819338359056, -29.950671897098292 ], [ -71.26775734091153, -29.949776912650549 ], [ -71.268314322977432, -29.949673882298146 ], [ -71.267652359165979, -29.947665864631034 ], [ -71.266814357518271, -29.94635688954439 ], [ -71.265641319816794, -29.94453289732586 ], [ -71.264162296397814, -29.942482897420462 ], [ -71.262778301209309, -29.940424842368678 ], [ -71.262035354773602, -29.939109869361133 ], [ -71.261580388199604, -29.937815833567107 ], [ -71.260872332012141, -29.936202886734925 ], [ -71.260389331624793, -29.934834826860797 ], [ -71.260051383426216, -29.933701845356186 ], [ -71.259777384795598, -29.932801907323128 ], [ -71.259161388896246, -29.932976892671398 ], [ -71.258134353392123, -29.933405869328556 ], [ -71.256971374234041, -29.933858903533629 ], [ -71.256497328557472, -29.934170883962125 ], [ -71.255249317421857, -29.935000834425036 ], [ -71.254067317501281, -29.935732866925814 ], [ -71.25311933700452, -29.93635590249588 ], [ -71.2524563784187, -29.936714843364918 ], [ -71.251858373891736, -29.937041824743119 ], [ -71.251764395228108, -29.937214888591303 ], [ -71.251868393493169, -29.937444817904588 ], [ -71.251894351820496, -29.937728844133595 ], [ -71.251831357767514, -29.937923836583774 ], [ -71.253051314334627, -29.939566866174008 ], [ -71.254779318193627, -29.938986853637346 ], [ -71.255708349423273, -29.940444888199394 ], [ -71.25668730815795, -29.941381825473385 ], [ -71.257819365929421, -29.942882904509695 ], [ -71.258931331688544, -29.944528896370688 ], [ -71.260044328560667, -29.945829871201472 ], [ -71.260975348235121, -29.946942840123402 ], [ -71.261065357488874, -29.947194827603283 ], [ -71.260845300004632, -29.947325867043624 ], [ -71.261717323377994, -29.948872858606055 ], [ -71.262536359885999, -29.950194910318711 ], [ -71.2626572936542, -29.950755907150111 ], [ -71.263164329880482, -29.951154867819589 ], [ -71.264114324646528, -29.95136384282053 ], [ -71.26508635856699, -29.951553852085169 ], [ -71.265974349523802, -29.951604869789872 ] ] ] } },
{ "type": "Feature", "properties": { "zona": "29" }, "geometry": { "type": "Polygon", "coordinates": [ [ [ -71.264108671163342, -29.951366916366087 ], [ -71.263542273752861, -29.951635595045474 ], [ -71.262741923051223, -29.952251925629408 ], [ -71.262309962871257, -29.952505211637106 ], [ -71.260726658963179, -29.952843924041765 ], [ -71.260007153138801, -29.953081754427711 ], [ -71.259122732916438, -29.953933106350853 ], [ -71.257723478157445, -29.954502226457191 ], [ -71.256818496849931, -29.954653026339894 ], [ -71.255594899749667, -29.954664607482652 ], [ -71.255901275191974, -29.958455855360061 ], [ -71.256159068452888, -29.96147939801504 ], [ -71.259085318273193, -29.961156848131868 ], [ -71.261904270744566, -29.960940880783376 ], [ -71.263932307561959, -29.960769839982277 ], [ -71.263951312952855, -29.959761879997455 ], [ -71.263868333292208, -29.958878876407514 ], [ -71.263778285766989, -29.957442841842344 ], [ -71.263831355663925, -29.956075869741259 ], [ -71.263980355860099, -29.955571836559557 ], [ -71.264055354759719, -29.954836919124531 ], [ -71.2640303023461, -29.954575880865033 ], [ -71.263857280788272, -29.954268862359193 ], [ -71.26356432932802, -29.953946858363352 ], [ -71.263981329319094, -29.953319885930416 ], [ -71.264431302616998, -29.952794894634906 ], [ -71.265684282829852, -29.951876920600906 ], [ -71.265974349523802, -29.951604869789872 ], [ -71.26508635856699, -29.951553852085169 ], [ -71.264108671163342, -29.951366916366087 ] ] ] } },
{ "type": "Feature", "properties": { "zona": "32" }, "geometry": { "type": "Polygon", "coordinates": [ [ [ -71.263932307561959, -29.960769839982277 ], [ -71.261904270744566, -29.960940880783376 ], [ -71.259085318273193, -29.961156848131868 ], [ -71.256159068452888, -29.96147939801504 ], [ -71.25658434054445, -29.966003854837073 ], [ -71.25677204359809, -29.967678225587402 ], [ -71.257379304045656, -29.967609912169507 ], [ -71.25778325983724, -29.967323839192996 ], [ -71.258293274509654, -29.967031887399479 ], [ -71.259084319856271, -29.966858856955874 ], [ -71.259905303098975, -29.966732839618839 ], [ -71.260695275115083, -29.966840858725792 ], [ -71.26131832303524, -29.967171900348966 ], [ -71.261687262402219, -29.967659909993682 ], [ -71.262642262562821, -29.967803865129063 ], [ -71.263386262653398, -29.967929884436696 ], [ -71.263492284741673, -29.966403895931911 ], [ -71.263932307561959, -29.960769839982277 ] ] ] } },
{ "type": "Feature", "properties": { "zona": "92" }, "geometry": { "type": "Polygon", "coordinates": [ [ [ -71.263386262653398, -29.967929884436696 ], [ -71.262642262562821, -29.967803865129063 ], [ -71.261687262402219, -29.967659909993682 ], [ -71.26131832303524, -29.967171900348966 ], [ -71.260695275115083, -29.966840858725792 ], [ -71.259905303098975, -29.966732839618839 ], [ -71.259084319856271, -29.966858856955874 ], [ -71.258293274509654, -29.967031887399479 ], [ -71.25778325983724, -29.967323839192996 ], [ -71.257379304045656, -29.967609912169507 ], [ -71.25677204359809, -29.967678225587402 ], [ -71.256991547598375, -29.969500417604152 ], [ -71.257124742622338, -29.970494043633501 ], [ -71.257231072997669, -29.971323437804983 ], [ -71.258087211024943, -29.978190283716874 ], [ -71.262716298042051, -29.977923919529729 ], [ -71.26286427480467, -29.975451903120153 ], [ -71.263386262653398, -29.967929884436696 ] ] ] } },
{ "type": "Feature", "properties": { "zona": "17" }, "geometry": { "type": "Polygon", "coordinates": [ [ [ -71.336791289133757, -29.962530937563145 ], [ -71.337194251456239, -29.961979937936366 ], [ -71.337417238702514, -29.961688994167467 ], [ -71.337748294270909, -29.961255975725109 ], [ -71.338487231540043, -29.960303973743063 ], [ -71.338868260468971, -29.95950299055923 ], [ -71.338954300019509, -29.959025978845354 ], [ -71.338930240708763, -29.958895990910527 ], [ -71.338858271879104, -29.958875984212881 ], [ -71.338791256826852, -29.958917940465916 ], [ -71.338735224288101, -29.958961956400362 ], [ -71.338623254508249, -29.95912700908336 ], [ -71.338382263417913, -29.959392930865228 ], [ -71.337803254704468, -29.957024980373895 ], [ -71.337128258225576, -29.954174947386413 ], [ -71.335666247434517, -29.954406969066042 ], [ -71.334146269160613, -29.954457997546974 ], [ -71.334096226444515, -29.956592973353576 ], [ -71.33397723444314, -29.958668923406254 ], [ -71.333589275134429, -29.958761930749411 ], [ -71.333985261356688, -29.960010004283127 ], [ -71.334399229891503, -29.960546966092615 ], [ -71.334532226056396, -29.960772970666447 ], [ -71.334669294440175, -29.960931981547823 ], [ -71.335118258999742, -29.961492942282938 ], [ -71.335482260881236, -29.961879987794518 ], [ -71.335774231209626, -29.962079992311644 ], [ -71.336791289133757, -29.962530937563145 ] ] ] } },
{ "type": "Feature", "properties": { "zona": "9" }, "geometry": { "type": "Polygon", "coordinates": [ [ [ -71.361714227217462, -29.950463281440669 ], [ -71.361090426447873, -29.950080065805505 ], [ -71.360470870637783, -29.950335314432429 ], [ -71.360138800879781, -29.950886011467013 ], [ -71.359431673819017, -29.951086546226342 ], [ -71.358216764629859, -29.950788942550847 ], [ -71.357623030512372, -29.950311193904465 ], [ -71.354564292302896, -29.951681961832456 ], [ -71.352136279661096, -29.952239970151698 ], [ -71.351504254813008, -29.952242958566014 ], [ -71.350769287825599, -29.952190961638738 ], [ -71.350430232013125, -29.951960985519431 ], [ -71.349759271798888, -29.952560005056544 ], [ -71.349326302097907, -29.953119962957125 ], [ -71.349216226727137, -29.953488008015412 ], [ -71.348327218764751, -29.953594954604196 ], [ -71.347443277908098, -29.953764938030616 ], [ -71.346394291656821, -29.953988994012857 ], [ -71.344853266445028, -29.954357990435181 ], [ -71.343928259522812, -29.954594971652451 ], [ -71.34426330050654, -29.955723962147207 ], [ -71.344758230357556, -29.957400986360568 ], [ -71.344960217670135, -29.958276022533731 ], [ -71.345377288280062, -29.95902294564166 ], [ -71.345772278731232, -29.959716958091263 ], [ -71.346414216081186, -29.960558990353992 ], [ -71.347282268460233, -29.959844997882144 ], [ -71.348241290235322, -29.959192961913299 ], [ -71.349787247682684, -29.958511958694633 ], [ -71.350826255732628, -29.958032995180705 ], [ -71.351412226965209, -29.957657985715475 ], [ -71.352299294810635, -29.956927027565147 ], [ -71.353246219255894, -29.95616297684273 ], [ -71.353686285212774, -29.955437020478374 ], [ -71.353979281246126, -29.954513019050754 ], [ -71.354823726938506, -29.954381848364804 ], [ -71.356297025817042, -29.953077416646064 ], [ -71.357405262792682, -29.953193771082848 ], [ -71.359855082647954, -29.951661225640532 ], [ -71.361714227217462, -29.950463281440669 ] ] ] } },
{ "type": "Feature", "properties": { "zona": "8" }, "geometry": { "type": "Polygon", "coordinates": [ [ [ -71.357623030512372, -29.950311193904465 ], [ -71.355771807558241, -29.946812841196312 ], [ -71.354232002171472, -29.945541905801786 ], [ -71.352667024059329, -29.946587932188471 ], [ -71.351328542393603, -29.947387647351874 ], [ -71.350219610476117, -29.946440059177167 ], [ -71.349498143687583, -29.94625568407773 ], [ -71.349206671698056, -29.945556497465663 ], [ -71.348994587637804, -29.94540010193078 ], [ -71.348163280963107, -29.946548975483253 ], [ -71.346967247213527, -29.948010990353179 ], [ -71.346105242369106, -29.949153003536743 ], [ -71.345593279819923, -29.949633997104605 ], [ -71.345019264145904, -29.94983695478706 ], [ -71.344621297982044, -29.95003298827249 ], [ -71.344233279000363, -29.95015795399642 ], [ -71.343442247402081, -29.950376943033394 ], [ -71.343507292162457, -29.951875019064033 ], [ -71.34369722615439, -29.953405956329515 ], [ -71.343928259522812, -29.954594971652451 ], [ -71.344853266445028, -29.954357990435181 ], [ -71.346394291656821, -29.953988994012857 ], [ -71.347443277908098, -29.953764938030616 ], [ -71.348327218764751, -29.953594954604196 ], [ -71.349216226727137, -29.953488008015412 ], [ -71.349326302097907, -29.953119962957125 ], [ -71.349759271798888, -29.952560005056544 ], [ -71.350430232013125, -29.951960985519431 ], [ -71.350769287825599, -29.952190961638738 ], [ -71.351504254813008, -29.952242958566014 ], [ -71.352136279661096, -29.952239970151698 ], [ -71.354564292302896, -29.951681961832456 ], [ -71.357623030512372, -29.950311193904465 ] ] ] } },
{ "type": "Feature", "properties": { "zona": "7" }, "geometry": { "type": "Polygon", "coordinates": [ [ [ -71.354232002171472, -29.945541905801786 ], [ -71.352585251407575, -29.943394679928069 ], [ -71.35231713663886, -29.942084586429424 ], [ -71.352276912328804, -29.940375931235288 ], [ -71.35169523325429, -29.939484685340645 ], [ -71.350496300139184, -29.939862964897213 ], [ -71.348589370678198, -29.939483723146676 ], [ -71.347856689832369, -29.937674668393065 ], [ -71.345499022920436, -29.935777209813835 ], [ -71.343821284523798, -29.937577506132989 ], [ -71.343292813221737, -29.93826315497758 ], [ -71.343607479503802, -29.93880699782336 ], [ -71.343652067503612, -29.940708140287704 ], [ -71.344193078573667, -29.941703415644604 ], [ -71.344846254091692, -29.942094941697555 ], [ -71.344621308266838, -29.942812982655411 ], [ -71.344257313053632, -29.94355297901069 ], [ -71.343853284549368, -29.944094005341455 ], [ -71.343777245942988, -29.944286020735017 ], [ -71.343662277132537, -29.944598952502492 ], [ -71.343259259158131, -29.944851981350013 ], [ -71.343261270225099, -29.94557500181044 ], [ -71.34325129301449, -29.945917992890461 ], [ -71.343318285904033, -29.946337990108276 ], [ -71.343423056581514, -29.946769941801932 ], [ -71.342089283463849, -29.946997945364139 ], [ -71.341890268532879, -29.947201977129374 ], [ -71.341668263037718, -29.947430949130858 ], [ -71.34142724052856, -29.947704993278428 ], [ -71.341255255469733, -29.947929016895721 ], [ -71.34097725082998, -29.948308969849887 ], [ -71.340584282358151, -29.948506976773725 ], [ -71.340724242249721, -29.948920988961863 ], [ -71.34114824213502, -29.94950392982971 ], [ -71.341556250423082, -29.949961969166473 ], [ -71.341911243463358, -29.950380995408189 ], [ -71.342325304410281, -29.950921989734184 ], [ -71.343442247402081, -29.950376943033394 ], [ -71.344233279000363, -29.95015795399642 ], [ -71.344621297982044, -29.95003298827249 ], [ -71.345019264145904, -29.94983695478706 ], [ -71.345593279819923, -29.949633997104605 ], [ -71.346105242369106, -29.949153003536743 ], [ -71.346967247213527, -29.948010990353179 ], [ -71.348163280963107, -29.946548975483253 ], [ -71.348994587637804, -29.94540010193078 ], [ -71.349206671698056, -29.945556497465663 ], [ -71.349498143687583, -29.94625568407773 ], [ -71.350219610476117, -29.946440059177167 ], [ -71.351328542393603, -29.947387647351874 ], [ -71.352667024059329, -29.946587932188471 ], [ -71.354232002171472, -29.945541905801786 ] ] ] } },
{ "type": "Feature", "properties": { "zona": "41" }, "geometry": { "type": "Polygon", "coordinates": [ [ [ -71.326385285371273, -29.970200929037812 ], [ -71.323424260129755, -29.970470936796328 ], [ -71.322803212225551, -29.970491996547043 ], [ -71.321849255635058, -29.970642937087966 ], [ -71.321362216352597, -29.970790960302036 ], [ -71.320208217139822, -29.971160972143345 ], [ -71.318098265249759, -29.971655948166845 ], [ -71.316721420179547, -29.972036798383503 ], [ -71.316660305225298, -29.972583979852779 ], [ -71.31638126670606, -29.973279571818473 ], [ -71.315066727015264, -29.974668005005128 ], [ -71.31433869193441, -29.975098480076987 ], [ -71.31345505067992, -29.975178227427119 ], [ -71.312875325641798, -29.975638106158438 ], [ -71.311962140069795, -29.976039713389227 ], [ -71.309174575064873, -29.976763269096068 ], [ -71.30795843987265, -29.978422918074461 ], [ -71.308160662763399, -29.979190326146917 ], [ -71.307288776396348, -29.979783916835501 ], [ -71.303429002240023, -29.97882351407128 ], [ -71.302560051449504, -29.97954545532172 ], [ -71.301391639726205, -29.980079888242361 ], [ -71.300024781640047, -29.981613581531374 ], [ -71.299454578852476, -29.982490913977919 ], [ -71.298179859843287, -29.983219916031604 ], [ -71.297138912073478, -29.984490935683308 ], [ -71.295397200273015, -29.985774260919467 ], [ -71.298957635337985, -29.986547291897633 ], [ -71.303175465810071, -29.987019659290734 ], [ -71.306014593977878, -29.988511943211666 ], [ -71.308801562849254, -29.990936660036617 ], [ -71.315399105322768, -29.985809390878892 ], [ -71.322254066741621, -29.980677179732677 ], [ -71.324175205547945, -29.978275949944013 ], [ -71.324497247119808, -29.977080920050387 ], [ -71.325422240928745, -29.974068000526703 ], [ -71.32595322542717, -29.972461975787866 ], [ -71.326433205826135, -29.970852972259603 ], [ -71.326385285371273, -29.970200929037812 ] ] ] } },
{ "type": "Feature", "properties": { "zona": "42" }, "geometry": { "type": "Polygon", "coordinates": [ [ [ -71.316385553093184, -29.971079017974812 ], [ -71.316730177088004, -29.971619060293193 ], [ -71.3167217927043, -29.972052845812932 ], [ -71.318098265249759, -29.971655948166845 ], [ -71.320208217139822, -29.971160972143345 ], [ -71.321362216352597, -29.970790960302036 ], [ -71.321849255635058, -29.970642937087966 ], [ -71.322803212225551, -29.970491996547043 ], [ -71.323424260129755, -29.970470936796328 ], [ -71.326385285371273, -29.970200929037812 ], [ -71.326341269454574, -29.96990696377393 ], [ -71.325562264906225, -29.969832970442265 ], [ -71.324163218045825, -29.96977893841806 ], [ -71.323100236318268, -29.969260973503367 ], [ -71.322689293842487, -29.968408976250672 ], [ -71.322785244288568, -29.967564991883467 ], [ -71.323073254236334, -29.966592975317816 ], [ -71.322380257144744, -29.96638098590897 ], [ -71.31896124667, -29.964907909951599 ], [ -71.317506279698776, -29.965834984797624 ], [ -71.316091247416267, -29.967018927440083 ], [ -71.315532225719323, -29.968250938086825 ], [ -71.315328219673162, -29.970037511640093 ], [ -71.316385553093184, -29.971079017974812 ] ] ] } },
{ "type": "Feature", "properties": { "zona": "43" }, "geometry": { "type": "Polygon", "coordinates": [ [ [ -71.323073254236334, -29.966592975317816 ], [ -71.322785244288568, -29.967564991883467 ], [ -71.322689293842487, -29.968408976250672 ], [ -71.323100236318268, -29.969260973503367 ], [ -71.324163218045825, -29.96977893841806 ], [ -71.325562264906225, -29.969832970442265 ], [ -71.326341269454574, -29.96990696377393 ], [ -71.326385285371273, -29.970200929037812 ], [ -71.327689238317674, -29.970074974557569 ], [ -71.32966223304696, -29.969857983240708 ], [ -71.329768284208328, -29.969796941680166 ], [ -71.331555249491146, -29.969490949141434 ], [ -71.332552275603433, -29.969264949266478 ], [ -71.332903229850658, -29.969070954686099 ], [ -71.333135215342466, -29.969108962877534 ], [ -71.333328247191801, -29.969307929383785 ], [ -71.33362921739905, -29.969438963072921 ], [ -71.334276208421301, -29.969566928177723 ], [ -71.335312249504625, -29.969832925743184 ], [ -71.335473229934252, -29.969048931621419 ], [ -71.335443246189868, -29.968212947883991 ], [ -71.334457235344587, -29.967543002751349 ], [ -71.331893230407218, -29.966082978342033 ], [ -71.33111628313128, -29.965784947263394 ], [ -71.330564239949354, -29.965638960491336 ], [ -71.329910231131521, -29.965629971323345 ], [ -71.329211262007675, -29.965835976900276 ], [ -71.327983254290089, -29.966321995641238 ], [ -71.32640825052421, -29.966981979588084 ], [ -71.324354285399622, -29.966984974288753 ], [ -71.323073254236334, -29.966592975317816 ] ] ] } },
{ "type": "Feature", "properties": { "zona": "23" }, "geometry": { "type": "Polygon", "coordinates": [ [ [ -71.288043334466238, -29.949141892441055 ], [ -71.286202343934249, -29.949164930163921 ], [ -71.285019312430165, -29.949082910067069 ], [ -71.284169283493299, -29.949170889604321 ], [ -71.283369273227052, -29.949447941491698 ], [ -71.28278234006288, -29.949958862390559 ], [ -71.282154332450958, -29.95069489091064 ], [ -71.280744326737846, -29.952258896753378 ], [ -71.279166286662274, -29.954224897712059 ], [ -71.280500307977476, -29.956060938822478 ], [ -71.282273285852114, -29.958931889239672 ], [ -71.282272256761615, -29.959170916332237 ], [ -71.282530305757234, -29.959453886377499 ], [ -71.282749277179633, -29.959738886126509 ], [ -71.28293231557025, -29.960043899700491 ], [ -71.283147333994435, -29.960480940946418 ], [ -71.283373331420435, -29.960833912711639 ], [ -71.283705294036835, -29.961094944487996 ], [ -71.284084316641724, -29.961235925164591 ], [ -71.284438323250441, -29.961511905260092 ], [ -71.284615332178333, -29.961750909939653 ], [ -71.285068250656479, -29.96207089948356 ], [ -71.285406247945346, -29.962180930626829 ], [ -71.285642309427189, -29.962431896533996 ], [ -71.286052271709792, -29.962285884367251 ], [ -71.286739255132417, -29.962220923420528 ], [ -71.287401278300152, -29.962106877095326 ], [ -71.287898269878283, -29.962071907099585 ], [ -71.288424246054774, -29.962134921139096 ], [ -71.28887531528774, -29.962220881148653 ], [ -71.289817280533086, -29.962806896412474 ], [ -71.290903291442959, -29.963701921164134 ], [ -71.293474240471809, -29.964825872236137 ], [ -71.296999314227847, -29.959119961138171 ], [ -71.298586317978405, -29.95615689221977 ], [ -71.293224318654765, -29.953579877352752 ], [ -71.290422327409956, -29.951694919046759 ], [ -71.288950321986462, -29.950607899618241 ], [ -71.288043334466238, -29.949141892441055 ] ] ] } },
{ "type": "Feature", "properties": { "zona": "24" }, "geometry": { "type": "Polygon", "coordinates": [ [ [ -71.302317256758698, -29.971440958817354 ], [ -71.300794299730597, -29.969807879181424 ], [ -71.298653282147441, -29.968352876792608 ], [ -71.295795297628345, -29.966444951112948 ], [ -71.293474240471809, -29.964825872236137 ], [ -71.290903291442959, -29.963701921164134 ], [ -71.289817280533086, -29.962806896412474 ], [ -71.28887531528774, -29.962220881148653 ], [ -71.288424246054774, -29.962134921139096 ], [ -71.287898269878283, -29.962071907099585 ], [ -71.287401278300152, -29.962106877095326 ], [ -71.286739255132417, -29.962220923420528 ], [ -71.286052271709792, -29.962285884367251 ], [ -71.285642309427189, -29.962431896533996 ], [ -71.285406247945346, -29.962180930626829 ], [ -71.285068250656479, -29.96207089948356 ], [ -71.284615332178333, -29.961750909939653 ], [ -71.284438323250441, -29.961511905260092 ], [ -71.284084316641724, -29.961235925164591 ], [ -71.283705294036835, -29.961094944487996 ], [ -71.283373331420435, -29.960833912711639 ], [ -71.283147333994435, -29.960480940946418 ], [ -71.28293231557025, -29.960043899700491 ], [ -71.282749277179633, -29.959738886126509 ], [ -71.282530305757234, -29.959453886377499 ], [ -71.282272256761615, -29.959170916332237 ], [ -71.282273285852114, -29.958931889239672 ], [ -71.280500307977476, -29.956060938822478 ], [ -71.279166286662274, -29.954224897712059 ], [ -71.278327327484305, -29.954762889777285 ], [ -71.275948277680371, -29.955353926616386 ], [ -71.274747293305879, -29.955521869565963 ], [ -71.272849283772516, -29.955713918357166 ], [ -71.272752262327842, -29.961006914994957 ], [ -71.272688304154471, -29.962591888324233 ], [ -71.272914324334707, -29.963952869169372 ], [ -71.274219258884827, -29.968991932394577 ], [ -71.275473291535903, -29.970948903721503 ], [ -71.278674466201892, -29.975885943629315 ], [ -71.280471341843636, -29.974411666380661 ], [ -71.283760444832609, -29.977709249661327 ], [ -71.289745297450295, -29.976635905938593 ], [ -71.295714221253874, -29.975399956386667 ], [ -71.299997253415256, -29.972857920594841 ], [ -71.302317256758698, -29.971440958817354 ] ] ] } },
{ "type": "Feature", "properties": { "zona": "20" }, "geometry": { "type": "Polygon", "coordinates": [ [ [ -71.288043334466238, -29.949141892441055 ], [ -71.288950321986462, -29.950607899618241 ], [ -71.290422327409956, -29.951694919046759 ], [ -71.293224318654765, -29.953579877352752 ], [ -71.298586317978405, -29.95615689221977 ], [ -71.306816309475792, -29.959757920630501 ], [ -71.312780227557113, -29.962456906585324 ], [ -71.315781301493857, -29.96354994997056 ], [ -71.319030244414321, -29.961798985186771 ], [ -71.319908248017697, -29.958889923368314 ], [ -71.316651262304688, -29.958525977284282 ], [ -71.310198301022737, -29.95680295219076 ], [ -71.305772315909053, -29.955410938641403 ], [ -71.300281330635244, -29.952898887246601 ], [ -71.297838315860901, -29.951365882333548 ], [ -71.296416306574272, -29.950089936752178 ], [ -71.295141345753919, -29.948951931057156 ], [ -71.293272295776561, -29.947796928170181 ], [ -71.292426351092431, -29.9468969263567 ], [ -71.291639342841904, -29.947496868703116 ], [ -71.290171288100979, -29.948196947542904 ], [ -71.288043334466238, -29.949141892441055 ] ] ] } },
{ "type": "Feature", "properties": { "zona": "22" }, "geometry": { "type": "Polygon", "coordinates": [ [ [ -71.315781301493857, -29.96354994997056 ], [ -71.312780227557113, -29.962456906585324 ], [ -71.306816309475792, -29.959757920630501 ], [ -71.298586317978405, -29.95615689221977 ], [ -71.296999314227847, -29.959119961138171 ], [ -71.293474240471809, -29.964825872236137 ], [ -71.295795297628345, -29.966444951112948 ], [ -71.298653282147441, -29.968352876792608 ], [ -71.300794299730597, -29.969807879181424 ], [ -71.302317256758698, -29.971440958817354 ], [ -71.307785262945174, -29.968440977096439 ], [ -71.309746258633226, -29.967301928916015 ], [ -71.312887280021201, -29.965517917460865 ], [ -71.315781301493857, -29.96354994997056 ] ] ] } },
{ "type": "Feature", "properties": { "zona": "27" }, "geometry": { "type": "Polygon", "coordinates": [ [ [ -71.288043334466238, -29.949141892441055 ], [ -71.290171288100979, -29.948196947542904 ], [ -71.291639342841904, -29.947496868703116 ], [ -71.292426351092431, -29.9468969263567 ], [ -71.291317309081066, -29.94519093933938 ], [ -71.289819290288946, -29.943605886397851 ], [ -71.28871429366923, -29.942717936633592 ], [ -71.287953324836408, -29.941563888009366 ], [ -71.287516334914812, -29.941767915350702 ], [ -71.283852308611543, -29.944018921660231 ], [ -71.285328302287823, -29.945962941838971 ], [ -71.287426318548043, -29.948822866691202 ], [ -71.288043334466238, -29.949141892441055 ] ] ] } },
{ "type": "Feature", "properties": { "zona": "62" }, "geometry": { "type": "Polygon", "coordinates": [ [ [ -71.283852308611543, -29.944018921660231 ], [ -71.287516334914812, -29.941767915350702 ], [ -71.287953324836408, -29.941563888009366 ], [ -71.286404362566486, -29.939460890455514 ], [ -71.283576346021079, -29.935635907160581 ], [ -71.280302316483883, -29.92962788590042 ], [ -71.278828326514713, -29.926455875955984 ], [ -71.276239370589479, -29.927377925877273 ], [ -71.273351354408661, -29.928437849936536 ], [ -71.271593323208648, -29.929073903031011 ], [ -71.275273331485906, -29.933662913353054 ], [ -71.281364364937033, -29.941361852451401 ], [ -71.283852308611543, -29.944018921660231 ] ] ] } },
{ "type": "Feature", "properties": { "zona": "44" }, "geometry": { "type": "Polygon", "coordinates": [ [ [ -71.325422240928745, -29.974068000526703 ], [ -71.324497247119808, -29.977080920050387 ], [ -71.324175205547945, -29.978275949944013 ], [ -71.322361765557858, -29.980546757987504 ], [ -71.315906567461298, -29.985414987289879 ], [ -71.308801562849254, -29.990936660036617 ], [ -71.310447297012942, -29.993477767573815 ], [ -71.312943664490675, -29.996092198917381 ], [ -71.316013737694362, -29.99678507026136 ], [ -71.318765857241203, -29.996897232753124 ], [ -71.320775769277176, -29.99643619114476 ], [ -71.322127453021949, -29.995842161166728 ], [ -71.323570120306186, -29.995214674092349 ], [ -71.324283028389104, -29.994904545984131 ], [ -71.326756681153967, -29.993760599666022 ], [ -71.328625520883662, -29.992795967906638 ], [ -71.329456167055412, -29.992018347536082 ], [ -71.330476686283816, -29.991076641042795 ], [ -71.331179200724662, -29.990473993857726 ], [ -71.332033247484048, -29.98737697231137 ], [ -71.332294205653767, -29.986371957876873 ], [ -71.332462225465122, -29.985287959914036 ], [ -71.332489185934904, -29.984675992106546 ], [ -71.332414217716675, -29.981308983678922 ], [ -71.332417203676684, -29.979126956199107 ], [ -71.332371264682678, -29.97835700348827 ], [ -71.331257250345473, -29.978022920205895 ], [ -71.330520215813976, -29.977787947091382 ], [ -71.330107210860859, -29.977195942824935 ], [ -71.329038232892501, -29.975572942317722 ], [ -71.328624267956641, -29.974982933757115 ], [ -71.327212278739594, -29.974497964741598 ], [ -71.326101254687472, -29.974230974559784 ], [ -71.325422240928745, -29.974068000526703 ] ] ] } },
{ "type": "Feature", "properties": { "zona": "38" }, "geometry": { "type": "Polygon", "coordinates": [ [ [ -71.347674168677713, -29.988315022356261 ], [ -71.346716206231406, -29.987610949698979 ], [ -71.344107232102317, -29.985550968689246 ], [ -71.344536248614375, -29.985175983834488 ], [ -71.342152225945924, -29.982789974104886 ], [ -71.340814985216056, -29.981394081076413 ], [ -71.340684520879961, -29.981470898100774 ], [ -71.339385243880116, -29.980263983621224 ], [ -71.334908252938419, -29.984116942258211 ], [ -71.334304206451478, -29.984469928258896 ], [ -71.333475202281278, -29.984940990714136 ], [ -71.332462225465122, -29.985287959914036 ], [ -71.332294205653767, -29.986371957876873 ], [ -71.332033247484048, -29.98737697231137 ], [ -71.331179200724662, -29.990473993857726 ], [ -71.330476686283816, -29.991076641042795 ], [ -71.329456167055412, -29.992018347536082 ], [ -71.328625520883662, -29.992795967906638 ], [ -71.326756681153967, -29.993760599666022 ], [ -71.324283028389104, -29.994904545984131 ], [ -71.323570120306186, -29.995214674092349 ], [ -71.322127453021949, -29.995842161166728 ], [ -71.320775769277176, -29.99643619114476 ], [ -71.318765857241203, -29.996897232753124 ], [ -71.316013737694362, -29.99678507026136 ], [ -71.312943664490675, -29.996092198917381 ], [ -71.316202652985496, -29.998163105163137 ], [ -71.31829525694819, -29.999047731091746 ], [ -71.321604974893944, -30.000348727818324 ], [ -71.325211123581724, -30.003047760815967 ], [ -71.332215376422553, -30.006634120266998 ], [ -71.33529482530156, -30.003772693256593 ], [ -71.338970946388216, -29.999209984506262 ], [ -71.342351190673767, -29.994768974433775 ], [ -71.34314315327218, -29.993672958075752 ], [ -71.344061916038982, -29.992693458863876 ], [ -71.344732307609576, -29.991930776177757 ], [ -71.345352280892797, -29.991168447764579 ], [ -71.345804225333993, -29.990612219231284 ], [ -71.346699106316038, -29.989520662190742 ], [ -71.347255093974894, -29.988691283095427 ], [ -71.347674168677713, -29.988315022356261 ] ] ] } },
{ "type": "Feature", "properties": { "zona": "39" }, "geometry": { "type": "Polygon", "coordinates": [ [ [ -71.332462225465122, -29.985287959914036 ], [ -71.33295019883154, -29.985290946004167 ], [ -71.333475202281278, -29.984940990714136 ], [ -71.333973231143972, -29.984606934302867 ], [ -71.334304206451478, -29.984469928258896 ], [ -71.334908252938419, -29.984116942258211 ], [ -71.339385243880116, -29.980263983621224 ], [ -71.3410672121543, -29.978735933564213 ], [ -71.344206225963333, -29.976127964675111 ], [ -71.341913208620085, -29.974161957982208 ], [ -71.339908219148555, -29.972316964700042 ], [ -71.338574221781172, -29.971018929803435 ], [ -71.337414256366998, -29.969953006610716 ], [ -71.336442265277171, -29.969094962270837 ], [ -71.336051257330595, -29.968759988887214 ], [ -71.33563722472752, -29.968371939797539 ], [ -71.335443246189868, -29.968212947883991 ], [ -71.335473229934252, -29.969048931621419 ], [ -71.335312249504625, -29.969832925743184 ], [ -71.33480520252759, -29.972079000092904 ], [ -71.333440266960977, -29.976261967223891 ], [ -71.332981244231945, -29.978438008094198 ], [ -71.332371264682678, -29.97835700348827 ], [ -71.332417203676684, -29.979126956199107 ], [ -71.332414217716675, -29.981308983678922 ], [ -71.332489185934904, -29.984675992106546 ], [ -71.332462225465122, -29.985287959914036 ] ] ] } },
{ "type": "Feature", "properties": { "zona": "40" }, "geometry": { "type": "Polygon", "coordinates": [ [ [ -71.332371264682678, -29.97835700348827 ], [ -71.332981244231945, -29.978438008094198 ], [ -71.333440266960977, -29.976261967223891 ], [ -71.33480520252759, -29.972079000092904 ], [ -71.335312249504625, -29.969832925743184 ], [ -71.334276208421301, -29.969566928177723 ], [ -71.33362921739905, -29.969438963072921 ], [ -71.333328247191801, -29.969307929383785 ], [ -71.333135215342466, -29.969108962877534 ], [ -71.332903229850658, -29.969070954686099 ], [ -71.332552275603433, -29.969264949266478 ], [ -71.331555249491146, -29.969490949141434 ], [ -71.329768284208328, -29.969796941680166 ], [ -71.32966223304696, -29.969857983240708 ], [ -71.327689238317674, -29.970074974557569 ], [ -71.326385285371273, -29.970200929037812 ], [ -71.326433205826135, -29.970852972259603 ], [ -71.32595322542717, -29.972461975787866 ], [ -71.325422240928745, -29.974068000526703 ], [ -71.326101254687472, -29.974230974559784 ], [ -71.327212278739594, -29.974497964741598 ], [ -71.328236277761903, -29.974791918142749 ], [ -71.328411246291012, -29.974699985963451 ], [ -71.328624267956641, -29.974982933757115 ], [ -71.329038232892501, -29.975572942317722 ], [ -71.330107210860859, -29.977195942824935 ], [ -71.330520215813976, -29.977787947091382 ], [ -71.331257250345473, -29.978022920205895 ], [ -71.332027189217058, -29.978206979918742 ], [ -71.332371264682678, -29.97835700348827 ] ] ] } },
{ "type": "Feature", "properties": { "zona": "21" }, "geometry": { "type": "Polygon", "coordinates": [ [ [ -71.315781301493857, -29.96354994997056 ], [ -71.312887280021201, -29.965517917460865 ], [ -71.309746258633226, -29.967301928916015 ], [ -71.307785262945174, -29.968440977096439 ], [ -71.302317256758698, -29.971440958817354 ], [ -71.299997253415256, -29.972857920594841 ], [ -71.295714221253874, -29.975399956386667 ], [ -71.289745297450295, -29.976635905938593 ], [ -71.283760444832609, -29.977709249661327 ], [ -71.28582521633642, -29.982813625196165 ], [ -71.287926272320547, -29.982124945610579 ], [ -71.290349247554687, -29.982157937983668 ], [ -71.29143922904052, -29.982962958412223 ], [ -71.29268627812155, -29.984570914490192 ], [ -71.294507214912912, -29.985664953897881 ], [ -71.295434837940377, -29.98580571268332 ], [ -71.297102098953886, -29.984491578155552 ], [ -71.298215933032239, -29.983187178058905 ], [ -71.299490736762749, -29.982458174196136 ], [ -71.300059459099344, -29.981516651235033 ], [ -71.301428536516838, -29.980079243163246 ], [ -71.302011959598332, -29.979779888278845 ], [ -71.302600783777322, -29.979518497163959 ], [ -71.303392105965528, -29.978824159686415 ], [ -71.307324928579035, -29.979751084920938 ], [ -71.30812376647647, -29.979190973094703 ], [ -71.308031489439529, -29.978389529265922 ], [ -71.309137679701408, -29.976763916280607 ], [ -71.312035186450501, -29.976006322509736 ], [ -71.312839176789979, -29.975670939441496 ], [ -71.313455794774001, -29.975210322344914 ], [ -71.314301882725104, -29.9750991271742 ], [ -71.315066727015264, -29.974668005005128 ], [ -71.31638126670606, -29.973279571818473 ], [ -71.316660679841277, -29.972600117435665 ], [ -71.316703345991542, -29.972053170417503 ], [ -71.316749741289726, -29.971666877979402 ], [ -71.316404372089522, -29.971094740859648 ], [ -71.315327475132307, -29.970005416739671 ], [ -71.315532225719323, -29.968250938086825 ], [ -71.316091247416267, -29.967018927440083 ], [ -71.317506279698776, -29.965834984797624 ], [ -71.31896124667, -29.964907909951599 ], [ -71.315781301493857, -29.96354994997056 ] ] ] } },
{ "type": "Feature", "properties": { "zona": "73" }, "geometry": { "type": "Polygon", "coordinates": [ [ [ -71.264108671163342, -29.951366916366087 ], [ -71.26318403013822, -29.95119493572237 ], [ -71.2626572936542, -29.950755907150111 ], [ -71.262536359885999, -29.950194910318711 ], [ -71.261717323377994, -29.948872858606055 ], [ -71.260845300004632, -29.947325867043624 ], [ -71.261065357488874, -29.947194827603283 ], [ -71.260975348235121, -29.946942840123402 ], [ -71.260044328560667, -29.945829871201472 ], [ -71.258931331688544, -29.944528896370688 ], [ -71.257819365929421, -29.942882904509695 ], [ -71.25668730815795, -29.941381825473385 ], [ -71.255708349423273, -29.940444888199394 ], [ -71.254779318193627, -29.938986853637346 ], [ -71.253051314334627, -29.939566866174008 ], [ -71.251831357767514, -29.937923836583774 ], [ -71.251013320984541, -29.938242849837884 ], [ -71.249472395413505, -29.938729876708418 ], [ -71.248405381015658, -29.939018851553573 ], [ -71.2478433843375, -29.939151826160646 ], [ -71.24761233820189, -29.939310810660402 ], [ -71.247335348281226, -29.939568889412445 ], [ -71.247272315399627, -29.940358887110296 ], [ -71.247162379647676, -29.941816845947614 ], [ -71.247116351581553, -29.942200863143459 ], [ -71.246878321863761, -29.942573814429977 ], [ -71.246409319595443, -29.942820825531925 ], [ -71.243992364965038, -29.943892840107473 ], [ -71.241722347309405, -29.944956809685738 ], [ -71.241371383678583, -29.945120891120489 ], [ -71.241559171776061, -29.945872886882917 ], [ -71.245007270342597, -29.952863507317961 ], [ -71.245674804833939, -29.952888385191681 ], [ -71.246708001659982, -29.952889164411221 ], [ -71.247618322832537, -29.952762965772859 ], [ -71.24936209492158, -29.952860279278731 ], [ -71.251478517250874, -29.953410193111676 ], [ -71.253152460785529, -29.953959615228936 ], [ -71.254315177891328, -29.954494496879754 ], [ -71.255071576170607, -29.954629644941534 ], [ -71.255594899749667, -29.954664607482652 ], [ -71.256818496849931, -29.954653026339894 ], [ -71.257723478157445, -29.954502226457191 ], [ -71.259122732916438, -29.953933106350853 ], [ -71.260007153138801, -29.953081754427711 ], [ -71.260726658963179, -29.952843924041765 ], [ -71.262309962871257, -29.952505211637106 ], [ -71.262741923051223, -29.952251925629408 ], [ -71.263542273752861, -29.951635595045474 ], [ -71.264108671163342, -29.951366916366087 ] ] ] } },
{ "type": "Feature", "properties": { "zona": "18" }, "geometry": { "type": "Polygon", "coordinates": [ [ [ -71.336791289133757, -29.962530937563145 ], [ -71.335774231209626, -29.962079992311644 ], [ -71.335482260881236, -29.961879987794518 ], [ -71.335118258999742, -29.961492942282938 ], [ -71.334669294440175, -29.960931981547823 ], [ -71.334532226056396, -29.960772970666447 ], [ -71.334399229891503, -29.960546966092615 ], [ -71.333985261356688, -29.960010004283127 ], [ -71.330813259963634, -29.961770969102442 ], [ -71.329060231524835, -29.962713002467222 ], [ -71.329600235882268, -29.963562966600477 ], [ -71.33026423349942, -29.96443598717995 ], [ -71.330583258580404, -29.964956963636428 ], [ -71.330564239949354, -29.965638960491336 ], [ -71.33111628313128, -29.965784947263394 ], [ -71.331893230407218, -29.966082978342033 ], [ -71.334457235344587, -29.967543002751349 ], [ -71.335443246189868, -29.968212947883991 ], [ -71.335664255619349, -29.96801196150999 ], [ -71.335818241971097, -29.967684995434624 ], [ -71.336082247131841, -29.966995947143594 ], [ -71.336155246057203, -29.965898929229038 ], [ -71.335979258502036, -29.964821931570921 ], [ -71.336005231818177, -29.964467924457871 ], [ -71.336360279032732, -29.963299972961806 ], [ -71.336791289133757, -29.962530937563145 ] ] ] } },
{ "type": "Feature", "properties": { "zona": "19" }, "geometry": { "type": "Polygon", "coordinates": [ [ [ -71.330564239949354, -29.965638960491336 ], [ -71.330583258580404, -29.964956963636428 ], [ -71.33026423349942, -29.96443598717995 ], [ -71.329600235882268, -29.963562966600477 ], [ -71.329060231524835, -29.962713002467222 ], [ -71.330813259963634, -29.961770969102442 ], [ -71.333985261356688, -29.960010004283127 ], [ -71.333589275134429, -29.958761930749411 ], [ -71.331618249160229, -29.958683924881818 ], [ -71.3291512698285, -29.958950983084218 ], [ -71.326758281828248, -29.959090962228306 ], [ -71.325963224747582, -29.959163992189541 ], [ -71.324266259713681, -29.959332938208707 ], [ -71.322733266159105, -29.959110969300443 ], [ -71.319908248017697, -29.958889923368314 ], [ -71.319030244414321, -29.961798985186771 ], [ -71.315781301493857, -29.96354994997056 ], [ -71.31896124667, -29.964907909951599 ], [ -71.322380257144744, -29.96638098590897 ], [ -71.323073254236334, -29.966592975317816 ], [ -71.324354285399622, -29.966984974288753 ], [ -71.32640825052421, -29.966981979588084 ], [ -71.327983254290089, -29.966321995641238 ], [ -71.329211262007675, -29.965835976900276 ], [ -71.329910231131521, -29.965629971323345 ], [ -71.330564239949354, -29.965638960491336 ] ] ] } },
{ "type": "Feature", "properties": { "zona": "30" }, "geometry": { "type": "Polygon", "coordinates": [ [ [ -71.234818023932689, -29.966478439571357 ], [ -71.236817351030098, -29.965738817172955 ], [ -71.237104898561512, -29.965627323491766 ], [ -71.238483684571307, -29.965001579539166 ], [ -71.239226006367971, -29.96478818760643 ], [ -71.241498249313068, -29.964106990301421 ], [ -71.242557589143729, -29.963786896111749 ], [ -71.242854184343585, -29.963698415847574 ], [ -71.243705725391266, -29.963316551843242 ], [ -71.244232899763048, -29.963080010641924 ], [ -71.2447900999165, -29.962830148114172 ], [ -71.246529823238077, -29.962128449875038 ], [ -71.247772323944631, -29.962071891416709 ], [ -71.249260080294647, -29.962011042196863 ], [ -71.250066474969259, -29.961977964731876 ], [ -71.251924392526021, -29.961811006560371 ], [ -71.253370346503019, -29.96166983252234 ], [ -71.256159068452888, -29.96147939801504 ], [ -71.255901275191974, -29.958455855360061 ], [ -71.255594899749667, -29.954664607482652 ], [ -71.255071576170607, -29.954629644941534 ], [ -71.254315177891328, -29.954494496879754 ], [ -71.253152460785529, -29.953959615228936 ], [ -71.251478517250874, -29.953410193111676 ], [ -71.24936209492158, -29.952860279278731 ], [ -71.247618322832537, -29.952762965772859 ], [ -71.246708001659982, -29.952889164411221 ], [ -71.245674804833939, -29.952888385191681 ], [ -71.245007270342597, -29.952863507317961 ], [ -71.244551510057704, -29.952960837073299 ], [ -71.24395220034495, -29.95331116841205 ], [ -71.242528034155043, -29.954345862092062 ], [ -71.241591334444152, -29.95566889184515 ], [ -71.241293360108415, -29.955873831841782 ], [ -71.240390314561154, -29.959200831539839 ], [ -71.238205685588298, -29.960500958872142 ], [ -71.237362256006406, -29.962891710734471 ], [ -71.234818023932689, -29.966478439571357 ] ] ] } },
{ "type": "Feature", "properties": { "zona": "37" }, "geometry": { "type": "Polygon", "coordinates": [ [ [ -71.347674168677713, -29.988315022356261 ], [ -71.349081171681064, -29.987172015174071 ], [ -71.349744244756209, -29.985963992795266 ], [ -71.350734219849173, -29.984813983646479 ], [ -71.351867176251886, -29.984651965861239 ], [ -71.352841199849806, -29.983722019134582 ], [ -71.351313207316409, -29.982457988498279 ], [ -71.346405231145837, -29.978078016367601 ], [ -71.344206225963333, -29.976127964675111 ], [ -71.3410672121543, -29.978735933564213 ], [ -71.339385243880116, -29.980263983621224 ], [ -71.340684520879961, -29.981470898100774 ], [ -71.340807213090542, -29.98139421929173 ], [ -71.342152225945924, -29.982789974104886 ], [ -71.344536248614375, -29.985175983834488 ], [ -71.344107232102317, -29.985550968689246 ], [ -71.346716206231406, -29.987610949698979 ], [ -71.347674168677713, -29.988315022356261 ] ] ] } },
{ "type": "Feature", "properties": { "zona": "35" }, "geometry": { "type": "Polygon", "coordinates": [ [ [ -71.354953408191335, -29.986241028072062 ], [ -71.352841199849806, -29.983722019134582 ], [ -71.351867176251886, -29.984651965861239 ], [ -71.350734219849173, -29.984813983646479 ], [ -71.349744244756209, -29.985963992795266 ], [ -71.349081171681064, -29.987172015174071 ], [ -71.347674168677713, -29.988315022356261 ], [ -71.347255093974894, -29.988691283095427 ], [ -71.346699106316038, -29.989520662190742 ], [ -71.345804225333993, -29.990612219231284 ], [ -71.345352280892797, -29.991168447764579 ], [ -71.344732307609576, -29.991930776177757 ], [ -71.344061916038982, -29.992693458863876 ], [ -71.34314315327218, -29.993672958075752 ], [ -71.342351190673767, -29.994768974433775 ], [ -71.338970946388216, -29.999209984506262 ], [ -71.33529482530156, -30.003772693256593 ], [ -71.332215376422553, -30.006634120266998 ], [ -71.32580539002231, -30.014280730153686 ], [ -71.326866764981148, -30.018630857892731 ], [ -71.329323739878888, -30.021093027372252 ], [ -71.333291501215598, -30.025006110996099 ], [ -71.340220231358941, -30.024513583975885 ], [ -71.341042220763001, -30.016291251141304 ], [ -71.341890352190774, -30.015079517829001 ], [ -71.345017490768328, -30.008751663471291 ], [ -71.348105049746422, -30.004278386628798 ], [ -71.350098184284604, -29.999495945689322 ], [ -71.350392149892514, -29.998263035066952 ], [ -71.35110215693993, -29.995654966633971 ], [ -71.352415193485612, -29.993562011667979 ], [ -71.353273226420399, -29.992460969346173 ], [ -71.353722164285159, -29.99095002267261 ], [ -71.35348022412569, -29.989410034256878 ], [ -71.353580181165199, -29.988083993661256 ], [ -71.354953408191335, -29.986241028072062 ] ] ] } },
{ "type": "Feature", "properties": { "zona": "36" }, "geometry": { "type": "Polygon", "coordinates": [ [ [ -71.370294742181571, -29.995921865869157 ], [ -71.364454174463646, -29.992903963400714 ], [ -71.360551224508995, -29.99086901374967 ], [ -71.3587311698966, -29.989913983871986 ], [ -71.357594202874637, -29.988935959918933 ], [ -71.356265228392147, -29.987266002119263 ], [ -71.354953408191335, -29.986241028072062 ], [ -71.353580181165199, -29.988083993661256 ], [ -71.35348022412569, -29.989410034256878 ], [ -71.353722164285159, -29.99095002267261 ], [ -71.353273226420399, -29.992460969346173 ], [ -71.352415193485612, -29.993562011667979 ], [ -71.35110215693993, -29.995654966633971 ], [ -71.350392149892514, -29.998263035066952 ], [ -71.350098184284604, -29.999495945689322 ], [ -71.348105049746422, -30.004278386628798 ], [ -71.345677437970309, -30.007781002517831 ], [ -71.345017490768328, -30.008751663471291 ], [ -71.341890352190774, -30.015079517829001 ], [ -71.341042220763001, -30.016291251141304 ], [ -71.340220231358941, -30.024513583975885 ], [ -71.350703415826885, -30.024471197969195 ], [ -71.355062288500051, -30.024585948727907 ], [ -71.365079886768086, -30.024374071205688 ], [ -71.365038756771497, -30.007092189889438 ], [ -71.366745631255327, -30.004363041850151 ], [ -71.367412997018221, -30.002563580634366 ], [ -71.367941345511255, -30.001097070688473 ], [ -71.368431172890041, -29.999890996423591 ], [ -71.370294742181571, -29.995921865869157 ] ] ] } },
{ "type": "Feature", "properties": { "zona": "34" }, "geometry": { "type": "Polygon", "coordinates": [ [ [ -71.352841199849806, -29.983722019134582 ], [ -71.354953408191335, -29.986241028072062 ], [ -71.356265228392147, -29.987266002119263 ], [ -71.357594202874637, -29.988935959918933 ], [ -71.3587311698966, -29.989913983871986 ], [ -71.360551224508995, -29.99086901374967 ], [ -71.364454174463646, -29.992903963400714 ], [ -71.370294742181571, -29.995921865869157 ], [ -71.371553066859533, -29.994671542648781 ], [ -71.373886718287622, -29.99106375902792 ], [ -71.376215548512803, -29.98784140228576 ], [ -71.376567211339761, -29.981112015715688 ], [ -71.376759174645287, -29.976947053657611 ], [ -71.374545187532988, -29.973349055033001 ], [ -71.372896207830479, -29.970892003515946 ], [ -71.371262229586264, -29.969087987912342 ], [ -71.369938221291818, -29.968397979664189 ], [ -71.367502195342595, -29.971422021606237 ], [ -71.364856205641033, -29.97650502885984 ], [ -71.363662223167097, -29.978165032829661 ], [ -71.362738189927541, -29.979500009633703 ], [ -71.36146920377135, -29.981427039809418 ], [ -71.36046923145669, -29.983000021612128 ], [ -71.358000188528351, -29.982532001004309 ], [ -71.355521190811487, -29.982082960889059 ], [ -71.353933241234898, -29.981844948504978 ], [ -71.352841199849806, -29.983722019134582 ] ] ] } },
{ "type": "Feature", "properties": { "zona": "93" }, "geometry": { "type": "Polygon", "coordinates": [ [ [ -71.376215548512803, -29.98784140228576 ], [ -71.373886718287622, -29.99106375902792 ], [ -71.371553066859533, -29.994671542648781 ], [ -71.370294742181571, -29.995921865869157 ], [ -71.374488827866813, -29.998043790556054 ], [ -71.376165466372157, -29.999290415340795 ], [ -71.377790144778984, -30.00164222535496 ], [ -71.378917807967241, -30.003272291921224 ], [ -71.378903600837347, -30.006930595491145 ], [ -71.377218743479432, -30.017529700484776 ], [ -71.376655581823357, -30.024093058586704 ], [ -71.385585396193079, -30.022783014596254 ], [ -71.391848713752992, -30.019199905747474 ], [ -71.394271525219821, -30.017099900784689 ], [ -71.395144473410681, -30.015028084877553 ], [ -71.396128109457962, -30.012954337927876 ], [ -71.39931997350287, -30.01168484508251 ], [ -71.402182049975664, -30.01297234885774 ], [ -71.40630495865237, -30.012511530897719 ], [ -71.409194384183095, -30.009888841422693 ], [ -71.412203290312391, -30.006107339036486 ], [ -71.413114966346583, -30.001079446440766 ], [ -71.409900086820826, -29.997861765736975 ], [ -71.403852842540672, -29.995017018064306 ], [ -71.40123484742459, -29.992045235673078 ], [ -71.397747575085759, -29.992815535085562 ], [ -71.39329803249268, -29.993474730093173 ], [ -71.388179886089929, -29.995495129768486 ], [ -71.385022829563709, -29.99311098764365 ], [ -71.383565936214922, -29.987740682418806 ], [ -71.378910688986252, -29.98596170200927 ], [ -71.376215548512803, -29.98784140228576 ] ] ] } },
{ "type": "Feature", "properties": { "zona": "98" }, "geometry": { "type": "Polygon", "coordinates": [ [ [ -71.376165466372157, -29.999290415340795 ], [ -71.374488827866813, -29.998043790556054 ], [ -71.370294742181571, -29.995921865869157 ], [ -71.368431172890041, -29.999890996423591 ], [ -71.367941345511255, -30.001097070688473 ], [ -71.367412997018221, -30.002563580634366 ], [ -71.366745631255327, -30.004363041850151 ], [ -71.365038756771497, -30.007092189889438 ], [ -71.365079886768086, -30.024374071205688 ], [ -71.376655581823357, -30.024093058586704 ], [ -71.377218743479432, -30.017529700484776 ], [ -71.378903600837347, -30.006930595491145 ], [ -71.378917807967241, -30.003272291921224 ], [ -71.377790144778984, -30.00164222535496 ], [ -71.376165466372157, -29.999290415340795 ] ] ] } },
{ "type": "Feature", "properties": { "zona": "33" }, "geometry": { "type": "Polygon", "coordinates": [ [ [ -71.258087211024943, -29.978190283716874 ], [ -71.257231072997669, -29.971323437804983 ], [ -71.257124742622338, -29.970494043633501 ], [ -71.256991547598375, -29.969500417604152 ], [ -71.25677204359809, -29.967678225587402 ], [ -71.255890710121434, -29.967474430164764 ], [ -71.255292772329724, -29.967248277517481 ], [ -71.254725542988353, -29.966611398673411 ], [ -71.253519847480575, -29.966608859493878 ], [ -71.252183252392186, -29.967298615120168 ], [ -71.251094365563674, -29.967456493653152 ], [ -71.250303309305863, -29.966936433181022 ], [ -71.249423854156376, -29.965742241115791 ], [ -71.24775100536958, -29.963333427028587 ], [ -71.246529823238077, -29.962128449875038 ], [ -71.2447900999165, -29.962830148114172 ], [ -71.244232899763048, -29.963080010641924 ], [ -71.243705725391266, -29.963316551843242 ], [ -71.242854184343585, -29.963698415847574 ], [ -71.242557589143729, -29.963786896111749 ], [ -71.241498249313068, -29.964106990301421 ], [ -71.239226006367971, -29.96478818760643 ], [ -71.238483684571307, -29.965001579539166 ], [ -71.237104898561512, -29.965627323491766 ], [ -71.236817351030098, -29.965738817172955 ], [ -71.234818023932689, -29.966478439571357 ], [ -71.23502738591074, -29.969250772945973 ], [ -71.23693361362659, -29.970206380528857 ], [ -71.238049055612379, -29.971519762067423 ], [ -71.23847156891182, -29.972785388436797 ], [ -71.239762482296371, -29.975797086330726 ], [ -71.245780471531702, -29.977333914397278 ], [ -71.246609763406809, -29.97752666753021 ], [ -71.25089008269029, -29.978562834156953 ], [ -71.252443831828714, -29.978485028453846 ], [ -71.256884242617346, -29.978216234379087 ], [ -71.258087211024943, -29.978190283716874 ] ] ] } },
{ "type": "Feature", "properties": { "zona": "1" }, "geometry": { "type": "Polygon", "coordinates": [ [ [ -71.337128258225576, -29.954174947386413 ], [ -71.337803254704468, -29.957024980373895 ], [ -71.338382263417913, -29.959392930865228 ], [ -71.338623254508249, -29.95912700908336 ], [ -71.338735224288101, -29.958961956400362 ], [ -71.338791256826852, -29.958917940465916 ], [ -71.338858271879104, -29.958875984212881 ], [ -71.338930240708763, -29.958895990910527 ], [ -71.338954300019509, -29.959025978845354 ], [ -71.339394277207973, -29.95898398137912 ], [ -71.33966622281747, -29.958930988431462 ], [ -71.340410287612087, -29.958785998682515 ], [ -71.3395842437006, -29.955442979969003 ], [ -71.339190288690403, -29.953856944912232 ], [ -71.338677241467167, -29.951715014369704 ], [ -71.335974302888019, -29.952205997626209 ], [ -71.335666247434517, -29.954406969066042 ], [ -71.337128258225576, -29.954174947386413 ] ] ] } },
{ "type": "Feature", "properties": { "zona": "10" }, "geometry": { "type": "Polygon", "coordinates": [ [ [ -71.345377288280062, -29.95902294564166 ], [ -71.344960217670135, -29.958276022533731 ], [ -71.344758230357556, -29.957400986360568 ], [ -71.34426330050654, -29.955723962147207 ], [ -71.343928259522812, -29.954594971652451 ], [ -71.342232295074524, -29.954928995912713 ], [ -71.340419289205656, -29.955313961867077 ], [ -71.3395842437006, -29.955442979969003 ], [ -71.340410287612087, -29.958785998682515 ], [ -71.341161222040398, -29.958638988671954 ], [ -71.341476270575868, -29.959130967121748 ], [ -71.342121270095703, -29.959802958795446 ], [ -71.342727289467504, -29.959505013231855 ], [ -71.343144295992317, -29.959285015596592 ], [ -71.343883242920455, -29.95912593748184 ], [ -71.345377288280062, -29.95902294564166 ] ] ] } },
{ "type": "Feature", "properties": { "zona": "6" }, "geometry": { "type": "Polygon", "coordinates": [ [ [ -71.343928259522812, -29.954594971652451 ], [ -71.34369722615439, -29.953405956329515 ], [ -71.343507292162457, -29.951875019064033 ], [ -71.343442247402081, -29.950376943033394 ], [ -71.342325304410281, -29.950921989734184 ], [ -71.341208284508539, -29.951467930616108 ], [ -71.340598298643712, -29.951449009352821 ], [ -71.339385290409552, -29.951609994710736 ], [ -71.338677241467167, -29.951715014369704 ], [ -71.339190288690403, -29.953856944912232 ], [ -71.3395842437006, -29.955442979969003 ], [ -71.340419289205656, -29.955313961867077 ], [ -71.342232295074524, -29.954928995912713 ], [ -71.343928259522812, -29.954594971652451 ] ] ] } },
{ "type": "Feature", "properties": { "zona": "2" }, "geometry": { "type": "Polygon", "coordinates": [ [ [ -71.335974302888019, -29.952205997626209 ], [ -71.338677241467167, -29.951715014369704 ], [ -71.339385290409552, -29.951609994710736 ], [ -71.339315308344183, -29.950853998825238 ], [ -71.339098269017938, -29.950339979964333 ], [ -71.3389042955408, -29.949826001989614 ], [ -71.33894928831667, -29.949525951054706 ], [ -71.338810275923706, -29.949112010140492 ], [ -71.338710310595786, -29.948610973226636 ], [ -71.338589251922613, -29.94813195639464 ], [ -71.338450277622684, -29.947485954060554 ], [ -71.33828131293771, -29.947010943928674 ], [ -71.338192244759711, -29.946613973118495 ], [ -71.338111316414597, -29.946301997578317 ], [ -71.338034277062121, -29.945991937121228 ], [ -71.33796225906319, -29.945702982242743 ], [ -71.337874260543998, -29.945556000275936 ], [ -71.337705276392683, -29.944828004901446 ], [ -71.337374287943888, -29.944914959789241 ], [ -71.336946266433486, -29.945030963116981 ], [ -71.336740246785581, -29.944409957927288 ], [ -71.336527257826901, -29.944213963843307 ], [ -71.336092319510499, -29.94424593916958 ], [ -71.335788285892733, -29.944630942994245 ], [ -71.336127259188245, -29.945195928585314 ], [ -71.336536269125091, -29.946585996931351 ], [ -71.336728292142524, -29.947524991809352 ], [ -71.336059294890873, -29.947636969884201 ], [ -71.3364012539204, -29.949095960184241 ], [ -71.336076251252706, -29.94924593952075 ], [ -71.336212273868469, -29.950167980118071 ], [ -71.335974302888019, -29.952205997626209 ] ] ] } },
{ "type": "Feature", "properties": { "zona": "5" }, "geometry": { "type": "Polygon", "coordinates": [ [ [ -71.335666247434517, -29.954406969066042 ], [ -71.335974302888019, -29.952205997626209 ], [ -71.336212273868469, -29.950167980118071 ], [ -71.336076251252706, -29.94924593952075 ], [ -71.3364012539204, -29.949095960184241 ], [ -71.336059294890873, -29.947636969884201 ], [ -71.336728292142524, -29.947524991809352 ], [ -71.336536269125091, -29.946585996931351 ], [ -71.336127259188245, -29.945195928585314 ], [ -71.335788285892733, -29.944630942994245 ], [ -71.335207287578427, -29.94413292958064 ], [ -71.333346269705771, -29.944729960396103 ], [ -71.334031293734256, -29.946459947341172 ], [ -71.334433297454311, -29.94971492829001 ], [ -71.334261287308067, -29.952351001217565 ], [ -71.334146269160613, -29.954457997546974 ], [ -71.335666247434517, -29.954406969066042 ] ] ] } },
{ "type": "Feature", "properties": { "zona": "11" }, "geometry": { "type": "Polygon", "coordinates": [ [ [ -71.361714227217462, -29.950463281440669 ], [ -71.359855082647954, -29.951661225640532 ], [ -71.357405262792682, -29.953193771082848 ], [ -71.356297025817042, -29.953077416646064 ], [ -71.354823726938506, -29.954381848364804 ], [ -71.353979281246126, -29.954513019050754 ], [ -71.353686285212774, -29.955437020478374 ], [ -71.353246219255894, -29.95616297684273 ], [ -71.352299294810635, -29.956927027565147 ], [ -71.351412226965209, -29.957657985715475 ], [ -71.350826255732628, -29.958032995180705 ], [ -71.349787247682684, -29.958511958694633 ], [ -71.348241290235322, -29.959192961913299 ], [ -71.347282268460233, -29.959844997882144 ], [ -71.346414216081186, -29.960558990353992 ], [ -71.345772278731232, -29.959716958091263 ], [ -71.345377288280062, -29.95902294564166 ], [ -71.343883242920455, -29.95912593748184 ], [ -71.343144295992317, -29.959285015596592 ], [ -71.342727289467504, -29.959505013231855 ], [ -71.342121270095703, -29.959802958795446 ], [ -71.341369288958361, -29.960360990185599 ], [ -71.342730228163234, -29.961730945682572 ], [ -71.344410224785165, -29.963436935710682 ], [ -71.345883227525363, -29.964896943744378 ], [ -71.346391219509442, -29.965407026214006 ], [ -71.346813213057203, -29.96571102189133 ], [ -71.347177238891348, -29.965863989117445 ], [ -71.353874223774326, -29.968293018985353 ], [ -71.355170191689325, -29.966654995969364 ], [ -71.357734255229587, -29.965784953472319 ], [ -71.360824263559721, -29.964925996686805 ], [ -71.363377213413159, -29.963651997557818 ], [ -71.362030224805181, -29.960003016614891 ], [ -71.361033511845733, -29.955885425004215 ], [ -71.362851469700701, -29.954312471394147 ], [ -71.364443916130995, -29.952330294428766 ], [ -71.361714227217462, -29.950463281440669 ] ] ] } },
{ "type": "Feature", "properties": { "zona": "3" }, "geometry": { "type": "Polygon", "coordinates": [ [ [ -71.343853284549368, -29.944094005341455 ], [ -71.343727305711724, -29.943831989058314 ], [ -71.34320525340992, -29.943721954591339 ], [ -71.342430283070371, -29.943756932379635 ], [ -71.341842268020372, -29.943714986690438 ], [ -71.341289292065824, -29.943775954230084 ], [ -71.340771250218623, -29.943960941933181 ], [ -71.339977291753584, -29.944293961591814 ], [ -71.339562312593785, -29.944280949516678 ], [ -71.339189316865259, -29.944455959350183 ], [ -71.338694241318862, -29.944618975745488 ], [ -71.338221259311638, -29.944758960330986 ], [ -71.337705276392683, -29.944828004901446 ], [ -71.337874260543998, -29.945556000275936 ], [ -71.338034277062121, -29.945991937121228 ], [ -71.338111316414597, -29.946301997578317 ], [ -71.338192244759711, -29.946613973118495 ], [ -71.33828131293771, -29.947010943928674 ], [ -71.338450277622684, -29.947485954060554 ], [ -71.338589251922613, -29.94813195639464 ], [ -71.338710310595786, -29.948610973226636 ], [ -71.338810275923706, -29.949112010140492 ], [ -71.33894928831667, -29.949525951054706 ], [ -71.3389042955408, -29.949826001989614 ], [ -71.339098269017938, -29.950339979964333 ], [ -71.339315308344183, -29.950853998825238 ], [ -71.339385290409552, -29.951609994710736 ], [ -71.340598298643712, -29.951449009352821 ], [ -71.341208284508539, -29.951467930616108 ], [ -71.342325304410281, -29.950921989734184 ], [ -71.341911243463358, -29.950380995408189 ], [ -71.341556250423082, -29.949961969166473 ], [ -71.34114824213502, -29.94950392982971 ], [ -71.340724242249721, -29.948920988961863 ], [ -71.340584282358151, -29.948506976773725 ], [ -71.34097725082998, -29.948308969849887 ], [ -71.341255255469733, -29.947929016895721 ], [ -71.34142724052856, -29.947704993278428 ], [ -71.341668263037718, -29.947430949130858 ], [ -71.341890268532879, -29.947201977129374 ], [ -71.342089283463849, -29.946997945364139 ], [ -71.343423056581514, -29.946769941801932 ], [ -71.343318285904033, -29.946337990108276 ], [ -71.34325129301449, -29.945917992890461 ], [ -71.343261270225099, -29.94557500181044 ], [ -71.343259259158131, -29.944851981350013 ], [ -71.343662277132537, -29.944598952502492 ], [ -71.343777245942988, -29.944286020735017 ], [ -71.343853284549368, -29.944094005341455 ] ] ] } },
{ "type": "Feature", "properties": { "zona": "4" }, "geometry": { "type": "Polygon", "coordinates": [ [ [ -71.335788285892733, -29.944630942994245 ], [ -71.336092319510499, -29.94424593916958 ], [ -71.336527257826901, -29.944213963843307 ], [ -71.336740246785581, -29.944409957927288 ], [ -71.336946266433486, -29.945030963116981 ], [ -71.337374287943888, -29.944914959789241 ], [ -71.337705276392683, -29.944828004901446 ], [ -71.338221259311638, -29.944758960330986 ], [ -71.338694241318862, -29.944618975745488 ], [ -71.339189316865259, -29.944455959350183 ], [ -71.339562312593785, -29.944280949516678 ], [ -71.339977291753584, -29.944293961591814 ], [ -71.340771250218623, -29.943960941933181 ], [ -71.341289292065824, -29.943775954230084 ], [ -71.341842268020372, -29.943714986690438 ], [ -71.342430283070371, -29.943756932379635 ], [ -71.34320525340992, -29.943721954591339 ], [ -71.343727305711724, -29.943831989058314 ], [ -71.343853284549368, -29.944094005341455 ], [ -71.344257313053632, -29.94355297901069 ], [ -71.344621308266838, -29.942812982655411 ], [ -71.344846254091692, -29.942094941697555 ], [ -71.344193078573667, -29.941703415644604 ], [ -71.343652067503612, -29.940708140287704 ], [ -71.343607479503802, -29.93880699782336 ], [ -71.343292813221737, -29.93826315497758 ], [ -71.343821284523798, -29.937577506132989 ], [ -71.345499022920436, -29.935777209813835 ], [ -71.342511923316962, -29.934163182913828 ], [ -71.3401052994178, -29.934544074052148 ], [ -71.33730371069278, -29.932790531390719 ], [ -71.335704263907871, -29.933921927894982 ], [ -71.334604313472838, -29.938332991336779 ], [ -71.334277295645862, -29.942482959434287 ], [ -71.334762247268017, -29.94371800446519 ], [ -71.335207287578427, -29.94413292958064 ], [ -71.335788285892733, -29.944630942994245 ] ] ] } },
{ "type": "Feature", "properties": { "zona": "16" }, "geometry": { "type": "Polygon", "coordinates": [ [ [ -71.352841199849806, -29.983722019134582 ], [ -71.353933241234898, -29.981844948504978 ], [ -71.352183246921541, -29.981477955192343 ], [ -71.350691204409742, -29.980134988319417 ], [ -71.349064210346924, -29.97763096260033 ], [ -71.349302209492862, -29.974700957380595 ], [ -71.351600255993603, -29.972585021123482 ], [ -71.352868228691392, -29.971708990563581 ], [ -71.34705324713498, -29.971087027109213 ], [ -71.346079263007027, -29.970834989464048 ], [ -71.345591204073159, -29.970708941777037 ], [ -71.344043250317185, -29.969869964884069 ], [ -71.343152213025974, -29.969412959136367 ], [ -71.342753257305375, -29.969693966116086 ], [ -71.342154254091454, -29.970307995403711 ], [ -71.341360238096073, -29.970901950782594 ], [ -71.340557253196323, -29.971816957699978 ], [ -71.339908219148555, -29.972316964700042 ], [ -71.341913208620085, -29.974161957982208 ], [ -71.344206225963333, -29.976127964675111 ], [ -71.346405231145837, -29.978078016367601 ], [ -71.351313207316409, -29.982457988498279 ], [ -71.352841199849806, -29.983722019134582 ] ] ] } },
{ "type": "Feature", "properties": { "zona": "47" }, "geometry": { "type": "Polygon", "coordinates": [ [ [ -71.219590135234341, -29.893849684111633 ], [ -71.215628968748987, -29.894996563921474 ], [ -71.213634875066887, -29.895524322847375 ], [ -71.211245936101591, -29.896416929109559 ], [ -71.211948772475878, -29.907784055614492 ], [ -71.215674456614806, -29.907754232028612 ], [ -71.218683683808962, -29.907670881347638 ], [ -71.220140424255789, -29.907497806144171 ], [ -71.2214404022547, -29.907505851858893 ], [ -71.222256427033528, -29.90737177920845 ], [ -71.222919438200307, -29.907352844623876 ], [ -71.223812388659198, -29.907264817480897 ], [ -71.225283417919485, -29.907189847076431 ], [ -71.226821397706274, -29.907199865197647 ], [ -71.228134419905089, -29.907172809501997 ], [ -71.229666381741524, -29.906797856090339 ], [ -71.231991409855823, -29.906225825052285 ], [ -71.232919449544426, -29.905713860636393 ], [ -71.234739441699801, -29.904944872656596 ], [ -71.235597419151915, -29.90398085152075 ], [ -71.238273463001875, -29.90266984212078 ], [ -71.238793448682415, -29.902445810111317 ], [ -71.239159449477299, -29.902280852938361 ], [ -71.239503444130477, -29.902139809260138 ], [ -71.239418403299197, -29.901887808084346 ], [ -71.239170405451659, -29.901476856272144 ], [ -71.239033460160414, -29.901186862561989 ], [ -71.239617425706228, -29.900857837364455 ], [ -71.239905456566689, -29.900783855735529 ], [ -71.24053538292118, -29.900547847750062 ], [ -71.241201391047539, -29.900100800591201 ], [ -71.24162146500214, -29.899792862047931 ], [ -71.241939413539029, -29.899636831987504 ], [ -71.242287391835049, -29.899540810757863 ], [ -71.242242452064829, -29.899348830166833 ], [ -71.242519428673432, -29.899181860485569 ], [ -71.242911448888734, -29.899016811678628 ], [ -71.244463422593554, -29.898430838499177 ], [ -71.244374394170208, -29.898130835167894 ], [ -71.243477433237018, -29.894221843783736 ], [ -71.242193428960348, -29.894110826663777 ], [ -71.23982946332201, -29.893781836117959 ], [ -71.237727425211148, -29.893234868091923 ], [ -71.235352456294621, -29.892839870096452 ], [ -71.233405423483376, -29.892664871726296 ], [ -71.23261541704538, -29.892592834969538 ], [ -71.229145406964406, -29.892541860961103 ], [ -71.22473543177567, -29.892700845627356 ], [ -71.222816488405286, -29.892936774892885 ], [ -71.219590135234341, -29.893849684111633 ] ] ] } },
{ "type": "Feature", "properties": { "zona": "48" }, "geometry": { "type": "Polygon", "coordinates": [ [ [ -71.231991409855823, -29.906225825052285 ], [ -71.229666381741524, -29.906797856090339 ], [ -71.228134419905089, -29.907172809501997 ], [ -71.226821397706274, -29.907199865197647 ], [ -71.225283417919485, -29.907189847076431 ], [ -71.223812388659198, -29.907264817480897 ], [ -71.222919438200307, -29.907352844623876 ], [ -71.222256427033528, -29.90737177920845 ], [ -71.2214404022547, -29.907505851858893 ], [ -71.222240387852452, -29.909859797982715 ], [ -71.222729453822424, -29.910984847811864 ], [ -71.224053398106506, -29.910597860869743 ], [ -71.224525451278154, -29.911697845467298 ], [ -71.224857388512277, -29.912720821687589 ], [ -71.225237375313185, -29.912682839546672 ], [ -71.225696381918581, -29.91266183160236 ], [ -71.226003436280337, -29.912684787422776 ], [ -71.226320372572459, -29.912633796553305 ], [ -71.226624392779556, -29.912627849748606 ], [ -71.226923383374782, -29.912656802267634 ], [ -71.227393372088059, -29.912530796962063 ], [ -71.227807453319116, -29.912428824667384 ], [ -71.228178383168498, -29.912225841215129 ], [ -71.228489391911694, -29.912115868069318 ], [ -71.228726388654849, -29.911937786092707 ], [ -71.228917386306179, -29.911806841427413 ], [ -71.229157420348272, -29.911657840148262 ], [ -71.229513409635288, -29.911485862038557 ], [ -71.229934409415193, -29.91128085447496 ], [ -71.230166392797713, -29.911042785405279 ], [ -71.230769433173535, -29.910611825162118 ], [ -71.231511438294959, -29.910006870187402 ], [ -71.23213544931545, -29.909398858385426 ], [ -71.23184840436771, -29.908530817681434 ], [ -71.232820444143655, -29.908179826838854 ], [ -71.232630413497461, -29.907729818827651 ], [ -71.231991409855823, -29.906225825052285 ] ] ] } },
{ "type": "Feature", "properties": { "zona": "54" }, "geometry": { "type": "Polygon", "coordinates": [ [ [ -71.244463422593554, -29.898430838499177 ], [ -71.242911448888734, -29.899016811678628 ], [ -71.242519428673432, -29.899181860485569 ], [ -71.242242452064829, -29.899348830166833 ], [ -71.242287391835049, -29.899540810757863 ], [ -71.241939413539029, -29.899636831987504 ], [ -71.24162146500214, -29.899792862047931 ], [ -71.241201391047539, -29.900100800591201 ], [ -71.24053538292118, -29.900547847750062 ], [ -71.239905456566689, -29.900783855735529 ], [ -71.239617425706228, -29.900857837364455 ], [ -71.239033460160414, -29.901186862561989 ], [ -71.239170405451659, -29.901476856272144 ], [ -71.239418403299197, -29.901887808084346 ], [ -71.239503444130477, -29.902139809260138 ], [ -71.239159449477299, -29.902280852938361 ], [ -71.238793448682415, -29.902445810111317 ], [ -71.238273463001875, -29.90266984212078 ], [ -71.235597419151915, -29.90398085152075 ], [ -71.234739441699801, -29.904944872656596 ], [ -71.232919449544426, -29.905713860636393 ], [ -71.231991409855823, -29.906225825052285 ], [ -71.232630413497461, -29.907729818827651 ], [ -71.232820444143655, -29.908179826838854 ], [ -71.233684455481267, -29.907927798721946 ], [ -71.234561408408581, -29.907815797790089 ], [ -71.236466393090325, -29.907631877535373 ], [ -71.238288390030846, -29.90750580050878 ], [ -71.240103389447015, -29.90730387388782 ], [ -71.240860387826132, -29.907173846553349 ], [ -71.242074434286508, -29.907058861767631 ], [ -71.244177437751844, -29.906804809643074 ], [ -71.245954421487852, -29.906591815270058 ], [ -71.247413379486048, -29.906387826802376 ], [ -71.247459400794639, -29.905984867746493 ], [ -71.247448408310433, -29.905639883149831 ], [ -71.247341379511383, -29.904812825787015 ], [ -71.247277370958244, -29.904414808861105 ], [ -71.247038398949215, -29.903920831282573 ], [ -71.24660445657355, -29.903515859879207 ], [ -71.246240386277705, -29.903195831709894 ], [ -71.245798447475281, -29.903084845575325 ], [ -71.245438387007027, -29.902600864256879 ], [ -71.244787381296504, -29.901900860423929 ], [ -71.245258414197849, -29.901900867089971 ], [ -71.245558408447948, -29.901838845597734 ], [ -71.245236438817727, -29.900791855065552 ], [ -71.244749460052233, -29.899345858284164 ], [ -71.244463422593554, -29.898430838499177 ] ] ] } },
{ "type": "Feature", "properties": { "zona": "76" }, "geometry": { "type": "Polygon", "coordinates": [ [ [ -71.233405423483376, -29.892664871726296 ], [ -71.235352456294621, -29.892839870096452 ], [ -71.237727425211148, -29.893234868091923 ], [ -71.23982946332201, -29.893781836117959 ], [ -71.242193428960348, -29.894110826663777 ], [ -71.243477433237018, -29.894221843783736 ], [ -71.244415423711985, -29.894210842799744 ], [ -71.245334444998647, -29.894263835158995 ], [ -71.245140410181207, -29.892935874058434 ], [ -71.244946406825633, -29.892522840892351 ], [ -71.244649477797196, -29.892095865571932 ], [ -71.24411443975184, -29.891595825650903 ], [ -71.243516461012319, -29.890987809372881 ], [ -71.243273421155138, -29.890309805208293 ], [ -71.242889440116357, -29.888678860356809 ], [ -71.242642474874899, -29.887687857029746 ], [ -71.242489477583788, -29.887160837974211 ], [ -71.242122420505297, -29.885708817649839 ], [ -71.241960475912279, -29.884800878848257 ], [ -71.241857462706662, -29.884248836853281 ], [ -71.241415488418028, -29.882823882260677 ], [ -71.241255479062517, -29.88220786810243 ], [ -71.240102447286461, -29.882533846060188 ], [ -71.239475429938878, -29.882711804240852 ], [ -71.238800421678505, -29.88291582854815 ], [ -71.237823463854141, -29.883206869438901 ], [ -71.23667049290647, -29.88353281705183 ], [ -71.235841466799286, -29.883747826396423 ], [ -71.234780497230091, -29.883954855161299 ], [ -71.233702451410323, -29.884253802396547 ], [ -71.233775458100382, -29.88476378870525 ], [ -71.234038420832192, -29.885932855940769 ], [ -71.234318421476843, -29.887279857968394 ], [ -71.234716472590421, -29.88906581940682 ], [ -71.234109464966025, -29.889174866745424 ], [ -71.23352142616173, -29.889215853997179 ], [ -71.233405423483376, -29.892664871726296 ] ] ] } },
{ "type": "Feature", "properties": { "zona": "77" }, "geometry": { "type": "Polygon", "coordinates": [ [ [ -71.222358727828109, -29.886112951591141 ], [ -71.222511707398738, -29.886428581318761 ], [ -71.22271399436525, -29.888011880452776 ], [ -71.22274624726866, -29.889630334410604 ], [ -71.222706449457775, -29.892267850893123 ], [ -71.222816488405286, -29.892936774892885 ], [ -71.22473543177567, -29.892700845627356 ], [ -71.229145406964406, -29.892541860961103 ], [ -71.23261541704538, -29.892592834969538 ], [ -71.233405423483376, -29.892664871726296 ], [ -71.23352142616173, -29.889215853997179 ], [ -71.234109464966025, -29.889174866745424 ], [ -71.234716472590421, -29.88906581940682 ], [ -71.234318421476843, -29.887279857968394 ], [ -71.234038420832192, -29.885932855940769 ], [ -71.233775458100382, -29.88476378870525 ], [ -71.233702451410323, -29.884253802396547 ], [ -71.232773397937564, -29.884037552794819 ], [ -71.232018947094062, -29.884098486331805 ], [ -71.230894603661227, -29.884101453996809 ], [ -71.230085300272734, -29.884179449139591 ], [ -71.229718982018511, -29.884281970342133 ], [ -71.229461738706846, -29.884318428220269 ], [ -71.228671135324774, -29.884412153328494 ], [ -71.228248805304176, -29.884483507645594 ], [ -71.227515721092246, -29.884672582125251 ], [ -71.227094019308282, -29.884776121721426 ], [ -71.226727338480757, -29.884862586226017 ], [ -71.226270198222039, -29.885030940225814 ], [ -71.225558035830616, -29.885332123823563 ], [ -71.225117538388588, -29.88541982953555 ], [ -71.223688203292326, -29.885797319453641 ], [ -71.222358727828109, -29.886112951591141 ] ] ] } },
{ "type": "Feature", "properties": { "zona": "78" }, "geometry": { "type": "Polygon", "coordinates": [ [ [ -71.222366343141886, -29.886106058654232 ], [ -71.221689952968063, -29.886292883390723 ], [ -71.219956189081529, -29.88677882490391 ], [ -71.219693279659879, -29.886860547077909 ], [ -71.217888329574677, -29.887320872148766 ], [ -71.217457051922409, -29.887490294777219 ], [ -71.216360511071628, -29.887956906150553 ], [ -71.213986033422159, -29.888853461943647 ], [ -71.213174090794979, -29.889363073104182 ], [ -71.21262591526137, -29.889462466394917 ], [ -71.210713808183883, -29.890211855392689 ], [ -71.206676689401661, -29.89187394160275 ], [ -71.204368629366016, -29.892639246669479 ], [ -71.204686108987914, -29.893661985989798 ], [ -71.212211520392884, -29.89196574947896 ], [ -71.213636246060076, -29.895539993771305 ], [ -71.217190685407573, -29.894548562845973 ], [ -71.219572057486005, -29.893866043082522 ], [ -71.222816488405286, -29.892936774892885 ], [ -71.222706449457775, -29.892267850893123 ], [ -71.22274624726866, -29.889630334410604 ], [ -71.22271399436525, -29.888011880452776 ], [ -71.222511707398738, -29.886428581318761 ], [ -71.222366343141886, -29.886106058654232 ] ] ] } },
{ "type": "Feature", "properties": { "zona": "74" }, "geometry": { "type": "Polygon", "coordinates": [ [ [ -71.247413379486048, -29.906387826802376 ], [ -71.245954421487852, -29.906591815270058 ], [ -71.244177437751844, -29.906804809643074 ], [ -71.242074434286508, -29.907058861767631 ], [ -71.240860387826132, -29.907173846553349 ], [ -71.24067638738623, -29.907417882425889 ], [ -71.241554428177395, -29.908471845411142 ], [ -71.242092401534492, -29.908923858834399 ], [ -71.242674424325358, -29.909142870952873 ], [ -71.243130391766556, -29.909771882559628 ], [ -71.243625435922112, -29.910387870686222 ], [ -71.243790441995685, -29.910347812081294 ], [ -71.243904410729101, -29.910327833355279 ], [ -71.245176416631978, -29.910225812247837 ], [ -71.246976422307625, -29.910027833180887 ], [ -71.248342398929864, -29.909916874216627 ], [ -71.248206425359342, -29.908949880305428 ], [ -71.247905363376489, -29.907695818158977 ], [ -71.247656372795603, -29.906995829951953 ], [ -71.247413379486048, -29.906387826802376 ] ] ] } },
{ "type": "Feature", "properties": { "zona": "86" }, "geometry": { "type": "Polygon", "coordinates": [ [ [ -71.241255479062517, -29.88220786810243 ], [ -71.241415488418028, -29.882823882260677 ], [ -71.241857462706662, -29.884248836853281 ], [ -71.241960475912279, -29.884800878848257 ], [ -71.242122420505297, -29.885708817649839 ], [ -71.242489477583788, -29.887160837974211 ], [ -71.242642474874899, -29.887687857029746 ], [ -71.242889440116357, -29.888678860356809 ], [ -71.243273421155138, -29.890309805208293 ], [ -71.243516461012319, -29.890987809372881 ], [ -71.24411443975184, -29.891595825650903 ], [ -71.244649477797196, -29.892095865571932 ], [ -71.244946406825633, -29.892522840892351 ], [ -71.245140410181207, -29.892935874058434 ], [ -71.245334444998647, -29.894263835158995 ], [ -71.246283455303441, -29.894317843517555 ], [ -71.247476428849311, -29.894343875962889 ], [ -71.248516417874129, -29.894525836064773 ], [ -71.249828437191482, -29.894488845999916 ], [ -71.251315450639623, -29.894530841600254 ], [ -71.252215384018726, -29.894979882235862 ], [ -71.252608439920735, -29.895184853248981 ], [ -71.254045396544228, -29.895812850060796 ], [ -71.253550437141612, -29.895237846244957 ], [ -71.252807385032426, -29.893937861781716 ], [ -71.252774410849113, -29.893219850641817 ], [ -71.253060456289376, -29.891848887439089 ], [ -71.253586437886341, -29.889740818049745 ], [ -71.254452402625503, -29.886107890029926 ], [ -71.255102460918621, -29.883480883150902 ], [ -71.255599460294462, -29.881434814243512 ], [ -71.255641467919332, -29.880771892163228 ], [ -71.2555964775284, -29.879933858056749 ], [ -71.255391487118672, -29.878115896603486 ], [ -71.253039459275243, -29.878400877614183 ], [ -71.252693460965887, -29.87875583787234 ], [ -71.252056440259977, -29.878949899444169 ], [ -71.251447470432254, -29.879081876680978 ], [ -71.250961453024161, -29.879416854374529 ], [ -71.250390473394319, -29.87957586814052 ], [ -71.249557448543527, -29.879514855626457 ], [ -71.249312475866262, -29.879522821411836 ], [ -71.248698446948367, -29.879543843446154 ], [ -71.247950481061054, -29.879655806146165 ], [ -71.246479444134081, -29.880148885483731 ], [ -71.245273464593225, -29.880532811924994 ], [ -71.243731479593393, -29.880999830423722 ], [ -71.242611493868637, -29.881557878642262 ], [ -71.241255479062517, -29.88220786810243 ] ] ] } },
{ "type": "Feature", "properties": { "zona": "81" }, "geometry": { "type": "Polygon", "coordinates": [ [ [ -71.233702451410323, -29.884253802396547 ], [ -71.234780497230091, -29.883954855161299 ], [ -71.235841466799286, -29.883747826396423 ], [ -71.23667049290647, -29.88353281705183 ], [ -71.237823463854141, -29.883206869438901 ], [ -71.238800421678505, -29.88291582854815 ], [ -71.239475429938878, -29.882711804240852 ], [ -71.240102447286461, -29.882533846060188 ], [ -71.241255479062517, -29.88220786810243 ], [ -71.240836449695038, -29.881101808803308 ], [ -71.240543499805327, -29.88023586829798 ], [ -71.240278421011055, -29.879451801010628 ], [ -71.23996542858977, -29.878570866041368 ], [ -71.239263478025862, -29.878862837961687 ], [ -71.238914492023255, -29.879036794182582 ], [ -71.237677469587126, -29.879357862016207 ], [ -71.236401427774894, -29.879678858496991 ], [ -71.235049498846053, -29.880007803166805 ], [ -71.234000452184375, -29.880280825239396 ], [ -71.232722492999486, -29.880585854865902 ], [ -71.230675490418079, -29.881077865883693 ], [ -71.229829482515626, -29.881269854136576 ], [ -71.230096485316679, -29.882070869012718 ], [ -71.230487490927857, -29.883180867625239 ], [ -71.230720454398252, -29.883832823384278 ], [ -71.230858183245971, -29.884118124666685 ], [ -71.231706138340954, -29.884119834222847 ], [ -71.232699671673203, -29.884038800854068 ], [ -71.233702451410323, -29.884253802396547 ] ] ] } },
{ "type": "Feature", "properties": { "zona": "82" }, "geometry": { "type": "Polygon", "coordinates": [ [ [ -71.229829482515626, -29.881269854136576 ], [ -71.229587482742119, -29.880456780740506 ], [ -71.229183977188598, -29.879179137152246 ], [ -71.227909806315154, -29.877186613892487 ], [ -71.228213704527505, -29.87644314612362 ], [ -71.216028123118264, -29.869316082308352 ], [ -71.213976955156895, -29.871842705951806 ], [ -71.21419719783448, -29.874845399219321 ], [ -71.214225510200663, -29.877559440524166 ], [ -71.217780635579416, -29.878428366760978 ], [ -71.219609835329763, -29.879258421655191 ], [ -71.220012718074528, -29.879288531492438 ], [ -71.220078441190822, -29.882311844918686 ], [ -71.220200599503713, -29.882824261021121 ], [ -71.220406833150221, -29.88335167708393 ], [ -71.220720551810018, -29.883829479694388 ], [ -71.220851072152399, -29.884206732267529 ], [ -71.220581579631187, -29.884522532577765 ], [ -71.220915372225832, -29.885651294230431 ], [ -71.221420679461531, -29.885787366800603 ], [ -71.221974537734766, -29.885826201083681 ], [ -71.2223684393268, -29.88586583433128 ], [ -71.222372283792225, -29.886100637053801 ], [ -71.223339863893273, -29.885883555694743 ], [ -71.224494319186007, -29.885574924669548 ], [ -71.225410937267753, -29.885350660594398 ], [ -71.226124255750065, -29.885097622276973 ], [ -71.226599386274913, -29.884912910385861 ], [ -71.227020292214874, -29.884777366635376 ], [ -71.227368980905879, -29.884707169653069 ], [ -71.227680450620639, -29.884621635931783 ], [ -71.228285668712488, -29.884482884856091 ], [ -71.229002105969315, -29.884374451001747 ], [ -71.229535022761482, -29.884301134785943 ], [ -71.229902141247152, -29.884230709863484 ], [ -71.230159026772156, -29.884178202535693 ], [ -71.230821320036526, -29.884118748167957 ], [ -71.230720454398252, -29.883832823384278 ], [ -71.230487490927857, -29.883180867625239 ], [ -71.230096485316679, -29.882070869012718 ], [ -71.229829482515626, -29.881269854136576 ] ] ] } },
{ "type": "Feature", "properties": { "zona": "46" }, "geometry": { "type": "Polygon", "coordinates": [ [ [ -71.245236438817727, -29.900791855065552 ], [ -71.245558408447948, -29.901838845597734 ], [ -71.245258414197849, -29.901900867089971 ], [ -71.244787381296504, -29.901900860423929 ], [ -71.245438387007027, -29.902600864256879 ], [ -71.245798447475281, -29.903084845575325 ], [ -71.246240386277705, -29.903195831709894 ], [ -71.24660445657355, -29.903515859879207 ], [ -71.247038398949215, -29.903920831282573 ], [ -71.247277370958244, -29.904414808861105 ], [ -71.247341379511383, -29.904812825787015 ], [ -71.247448408310433, -29.905639883149831 ], [ -71.247459400794639, -29.905984867746493 ], [ -71.247413379486048, -29.906387826802376 ], [ -71.247621375082687, -29.906372826236311 ], [ -71.249564368689633, -29.906028878023413 ], [ -71.25038737455219, -29.905869890598321 ], [ -71.252413376092449, -29.905853871523735 ], [ -71.256708438931099, -29.90579088214718 ], [ -71.256626364515427, -29.904142826392285 ], [ -71.256457418361791, -29.902151897633889 ], [ -71.256377383068838, -29.902210901120366 ], [ -71.255137396424189, -29.902288848249793 ], [ -71.254711368093581, -29.902243822267682 ], [ -71.254426378587226, -29.901811887538333 ], [ -71.253969435606393, -29.901068837238103 ], [ -71.252738429881063, -29.900983898250157 ], [ -71.249798423813672, -29.900917838365675 ], [ -71.245705395752225, -29.900771872597076 ], [ -71.245236438817727, -29.900791855065552 ] ] ] } },
{ "type": "Feature", "properties": { "zona": "56" }, "geometry": { "type": "Polygon", "coordinates": [ [ [ -71.256708438931099, -29.90579088214718 ], [ -71.252413376092449, -29.905853871523735 ], [ -71.25038737455219, -29.905869890598321 ], [ -71.249564368689633, -29.906028878023413 ], [ -71.247621375082687, -29.906372826236311 ], [ -71.247413379486048, -29.906387826802376 ], [ -71.247656372795603, -29.906995829951953 ], [ -71.247905363376489, -29.907695818158977 ], [ -71.248206425359342, -29.908949880305428 ], [ -71.248342398929864, -29.909916874216627 ], [ -71.248772384945056, -29.909866878158571 ], [ -71.249933397925048, -29.909856898560431 ], [ -71.25073935896431, -29.9098498145209 ], [ -71.253701425022342, -29.909882816925027 ], [ -71.255124404466414, -29.909914852506684 ], [ -71.256244365695878, -29.909939883245389 ], [ -71.258886424192895, -29.91000386047287 ], [ -71.257476362238606, -29.906918863745467 ], [ -71.256708438931099, -29.90579088214718 ] ] ] } },
{ "type": "Feature", "properties": { "zona": "91" }, "geometry": { "type": "Polygon", "coordinates": [ [ [ -71.256457418361791, -29.902151897633889 ], [ -71.256626364515427, -29.904142826392285 ], [ -71.256708438931099, -29.90579088214718 ], [ -71.25879940025024, -29.905732885389789 ], [ -71.258845848272813, -29.904639755676733 ], [ -71.259198514483103, -29.903926956245488 ], [ -71.25966677609722, -29.903437117464222 ], [ -71.259890695869913, -29.901923349545534 ], [ -71.259414081578726, -29.897144854603564 ], [ -71.257772876620848, -29.896305574460285 ], [ -71.256407435161265, -29.895601895684823 ], [ -71.254045396544228, -29.895812850060796 ], [ -71.254806441143231, -29.897030893154653 ], [ -71.255274453855364, -29.897780877326618 ], [ -71.25566738925562, -29.898407856978899 ], [ -71.255927430822936, -29.898952868136078 ], [ -71.256147441923346, -29.899736855332009 ], [ -71.256347427794879, -29.900976843044472 ], [ -71.256457418361791, -29.902151897633889 ] ] ] } },
{ "type": "Feature", "properties": { "zona": "65" }, "geometry": { "type": "Polygon", "coordinates": [ [ [ -71.249933397925048, -29.909856898560431 ], [ -71.248772384945056, -29.909866878158571 ], [ -71.248342398929864, -29.909916874216627 ], [ -71.246976422307625, -29.910027833180887 ], [ -71.245176416631978, -29.910225812247837 ], [ -71.243904410729101, -29.910327833355279 ], [ -71.243790441995685, -29.910347812081294 ], [ -71.243625435922112, -29.910387870686222 ], [ -71.243644427045567, -29.910598871876054 ], [ -71.243769422504712, -29.911656883899624 ], [ -71.243966363579418, -29.914117809528854 ], [ -71.2440384381662, -29.914890806865689 ], [ -71.244207400981423, -29.915281806881332 ], [ -71.244451378728712, -29.916473803643303 ], [ -71.246126431183143, -29.916033805469574 ], [ -71.24697338557155, -29.915811833967712 ], [ -71.24830340607302, -29.915852830798215 ], [ -71.249718426772304, -29.915887853691249 ], [ -71.251175390375067, -29.915475866793571 ], [ -71.252249376962624, -29.915124885629037 ], [ -71.252192426576187, -29.915018889092195 ], [ -71.251375380324561, -29.913491888414445 ], [ -71.250690414224749, -29.912171875808728 ], [ -71.250165435236738, -29.910644839108635 ], [ -71.249933397925048, -29.909856898560431 ] ] ] } },
{ "type": "Feature", "properties": { "zona": "63" }, "geometry": { "type": "Polygon", "coordinates": [ [ [ -71.255124404466414, -29.909914852506684 ], [ -71.253701425022342, -29.909882816925027 ], [ -71.25073935896431, -29.9098498145209 ], [ -71.249933397925048, -29.909856898560431 ], [ -71.250165435236738, -29.910644839108635 ], [ -71.250690414224749, -29.912171875808728 ], [ -71.251375380324561, -29.913491888414445 ], [ -71.252192426576187, -29.915018889092195 ], [ -71.252249376962624, -29.915124885629037 ], [ -71.25298535528384, -29.916527896287235 ], [ -71.253682413019703, -29.917964848785402 ], [ -71.254342407526309, -29.919165853001456 ], [ -71.25596439812351, -29.918648890473019 ], [ -71.25625437097878, -29.918439819018722 ], [ -71.256974407439074, -29.91820182699049 ], [ -71.25761336170126, -29.918173837389762 ], [ -71.256913370960632, -29.915477857183692 ], [ -71.256578399316624, -29.914217907079188 ], [ -71.256384387329021, -29.912903861897313 ], [ -71.256122360035604, -29.912075860632985 ], [ -71.255630404644108, -29.910937829410063 ], [ -71.255124404466414, -29.909914852506684 ] ] ] } },
{ "type": "Feature", "properties": { "zona": "57" }, "geometry": { "type": "Polygon", "coordinates": [ [ [ -71.258886424192895, -29.91000386047287 ], [ -71.256244365695878, -29.909939883245389 ], [ -71.255124404466414, -29.909914852506684 ], [ -71.255630404644108, -29.910937829410063 ], [ -71.256122360035604, -29.912075860632985 ], [ -71.256384387329021, -29.912903861897313 ], [ -71.256578399316624, -29.914217907079188 ], [ -71.256913370960632, -29.915477857183692 ], [ -71.25761336170126, -29.918173837389762 ], [ -71.260462402197277, -29.917630836346156 ], [ -71.262002355000817, -29.917245898264255 ], [ -71.261684363778315, -29.916573913280413 ], [ -71.260484369860933, -29.914098848448194 ], [ -71.259675356656743, -29.912187902303689 ], [ -71.258886424192895, -29.91000386047287 ] ] ] } },
{ "type": "Feature", "properties": { "zona": "88" }, "geometry": { "type": "Polygon", "coordinates": [ [ [ -71.276646529543584, -29.86318254732803 ], [ -71.265307266179207, -29.861481295278733 ], [ -71.25993020738315, -29.858622980140552 ], [ -71.253590373340273, -29.857760552091698 ], [ -71.253475517237774, -29.859146995112038 ], [ -71.253520560076112, -29.859905571114183 ], [ -71.253978236947447, -29.86491904469489 ], [ -71.254547784103067, -29.870106929583624 ], [ -71.254803449275414, -29.872820828557742 ], [ -71.255280477652562, -29.87658585008484 ], [ -71.255391487118672, -29.878115896603486 ], [ -71.2555964775284, -29.879933858056749 ], [ -71.255641467919332, -29.880771892163228 ], [ -71.255599460294462, -29.881434814243512 ], [ -71.255102460918621, -29.883480883150902 ], [ -71.254452402625503, -29.886107890029926 ], [ -71.253586437886341, -29.889740818049745 ], [ -71.253060456289376, -29.891848887439089 ], [ -71.252774410849113, -29.893219850641817 ], [ -71.252807385032426, -29.893937861781716 ], [ -71.253550437141612, -29.895237846244957 ], [ -71.254045396544228, -29.895812850060796 ], [ -71.256407435161265, -29.895601895684823 ], [ -71.25940737220462, -29.897146412668285 ], [ -71.259890695869913, -29.901923349545534 ], [ -71.25966532465668, -29.903372834355441 ], [ -71.274462427387562, -29.903108920472871 ], [ -71.275607470236807, -29.872989886171336 ], [ -71.276646529543584, -29.86318254732803 ] ] ] } },
{ "type": "Feature", "properties": { "zona": "66" }, "geometry": { "type": "Polygon", "coordinates": [ [ [ -71.252249376962624, -29.915124885629037 ], [ -71.251175390375067, -29.915475866793571 ], [ -71.249718426772304, -29.915887853691249 ], [ -71.24830340607302, -29.915852830798215 ], [ -71.24697338557155, -29.915811833967712 ], [ -71.246126431183143, -29.916033805469574 ], [ -71.244451378728712, -29.916473803643303 ], [ -71.244542363605674, -29.917099823076153 ], [ -71.244750359193674, -29.918175810859108 ], [ -71.244883411855028, -29.918807877855649 ], [ -71.245216424183056, -29.919217818452822 ], [ -71.245392356239165, -29.919526891828173 ], [ -71.245834413135583, -29.920506891539763 ], [ -71.246379407217205, -29.921799820782653 ], [ -71.246921376121151, -29.923253884588611 ], [ -71.247614338855286, -29.924760839299292 ], [ -71.248492364854314, -29.924090875256809 ], [ -71.249039406283686, -29.923668814654544 ], [ -71.249751385497504, -29.923168895290761 ], [ -71.250470343336929, -29.922766893555671 ], [ -71.25236737535522, -29.921767881565682 ], [ -71.252563346669149, -29.922684867024376 ], [ -71.254194370935963, -29.922186890865774 ], [ -71.255634350711603, -29.921779832926582 ], [ -71.255182399709128, -29.92085785314541 ], [ -71.254342407526309, -29.919165853001456 ], [ -71.253682413019703, -29.917964848785402 ], [ -71.25298535528384, -29.916527896287235 ], [ -71.252249376962624, -29.915124885629037 ] ] ] } },
{ "type": "Feature", "properties": { "zona": "59" }, "geometry": { "type": "Polygon", "coordinates": [ [ [ -71.262002355000817, -29.917245898264255 ], [ -71.260462402197277, -29.917630836346156 ], [ -71.25761336170126, -29.918173837389762 ], [ -71.256974407439074, -29.91820182699049 ], [ -71.25625437097878, -29.918439819018722 ], [ -71.25596439812351, -29.918648890473019 ], [ -71.254342407526309, -29.919165853001456 ], [ -71.255182399709128, -29.92085785314541 ], [ -71.255634350711603, -29.921779832926582 ], [ -71.256177355591561, -29.922887854284998 ], [ -71.256934364493915, -29.92436984767372 ], [ -71.257529363842096, -29.925755849414216 ], [ -71.257795359583938, -29.926276848909175 ], [ -71.25842935893165, -29.928412855903094 ], [ -71.258613331400682, -29.92899586878908 ], [ -71.258737394512067, -29.929387886801202 ], [ -71.260311378143612, -29.929007881011184 ], [ -71.261374335777376, -29.928798885075693 ], [ -71.262117396131742, -29.930443881271461 ], [ -71.262799339207277, -29.93209289803147 ], [ -71.264155382221603, -29.931700894343287 ], [ -71.267055382763971, -29.930610835300428 ], [ -71.270113321216314, -29.929573913140061 ], [ -71.271593323208648, -29.929073903031011 ], [ -71.26695534984367, -29.923249919143451 ], [ -71.263834402789698, -29.919225843195814 ], [ -71.262002355000817, -29.917245898264255 ] ] ] } },
{ "type": "Feature", "properties": { "zona": "58" }, "geometry": { "type": "Polygon", "coordinates": [ [ [ -71.258886424192895, -29.91000386047287 ], [ -71.259675356656743, -29.912187902303689 ], [ -71.260484369860933, -29.914098848448194 ], [ -71.261684363778315, -29.916573913280413 ], [ -71.262002355000817, -29.917245898264255 ], [ -71.263834402789698, -29.919225843195814 ], [ -71.26695534984367, -29.923249919143451 ], [ -71.271593323208648, -29.929073903031011 ], [ -71.273351354408661, -29.928437849936536 ], [ -71.276239370589479, -29.927377925877273 ], [ -71.278828326514713, -29.926455875955984 ], [ -71.277563327788215, -29.921795931291985 ], [ -71.275855388800579, -29.913274883139362 ], [ -71.274858422784718, -29.90728587231542 ], [ -71.269995397844909, -29.90840385408244 ], [ -71.265166420298456, -29.909446845653545 ], [ -71.258886424192895, -29.91000386047287 ] ] ] } },
{ "type": "Feature", "properties": { "zona": "67" }, "geometry": { "type": "Polygon", "coordinates": [ [ [ -71.247614338855286, -29.924760839299292 ], [ -71.246921376121151, -29.923253884588611 ], [ -71.246379407217205, -29.921799820782653 ], [ -71.245834413135583, -29.920506891539763 ], [ -71.245392356239165, -29.919526891828173 ], [ -71.245216424183056, -29.919217818452822 ], [ -71.244883411855028, -29.918807877855649 ], [ -71.244750359193674, -29.918175810859108 ], [ -71.244542363605674, -29.917099823076153 ], [ -71.244458371799524, -29.917207862493299 ], [ -71.243982387903699, -29.919239826753252 ], [ -71.243682352488946, -29.920413846886436 ], [ -71.243975426066257, -29.921159811044948 ], [ -71.244145358743367, -29.92170385283827 ], [ -71.243579362911817, -29.921806839907546 ], [ -71.243102419757236, -29.922015819983528 ], [ -71.242367406802046, -29.922281862786292 ], [ -71.241875365434083, -29.922491817006815 ], [ -71.238881267109974, -29.922910345734966 ], [ -71.235915849708562, -29.923474705491472 ], [ -71.236620628012986, -29.926337950705008 ], [ -71.237248844292409, -29.928865254478684 ], [ -71.237893821415383, -29.928637386174845 ], [ -71.238562925009077, -29.928457358686909 ], [ -71.239464059112521, -29.928349688845149 ], [ -71.239892246891173, -29.92832238825271 ], [ -71.240199023439359, -29.928433613627828 ], [ -71.24038691115517, -29.928795884808718 ], [ -71.240528951904764, -29.929212059362552 ], [ -71.241952395342906, -29.928547833833566 ], [ -71.243254379548475, -29.9279368912308 ], [ -71.244580355130282, -29.927375855695615 ], [ -71.245653375315314, -29.926883877208549 ], [ -71.246236368474825, -29.926703835816042 ], [ -71.246484382387308, -29.926582807272428 ], [ -71.246634346223928, -29.926050813861742 ], [ -71.246819366447269, -29.925672814568344 ], [ -71.247214416002706, -29.925193824553897 ], [ -71.247614338855286, -29.924760839299292 ] ] ] } },
{ "type": "Feature", "properties": { "zona": "68" }, "geometry": { "type": "Polygon", "coordinates": [ [ [ -71.255634350711603, -29.921779832926582 ], [ -71.254194370935963, -29.922186890865774 ], [ -71.252563346669149, -29.922684867024376 ], [ -71.25236737535522, -29.921767881565682 ], [ -71.250470343336929, -29.922766893555671 ], [ -71.249751385497504, -29.923168895290761 ], [ -71.249039406283686, -29.923668814654544 ], [ -71.248492364854314, -29.924090875256809 ], [ -71.247614338855286, -29.924760839299292 ], [ -71.247959389257986, -29.925666811660275 ], [ -71.24848940734347, -29.927084812798153 ], [ -71.249022382113523, -29.928310828636977 ], [ -71.249583393337105, -29.929415864466918 ], [ -71.250149407889253, -29.930571861406577 ], [ -71.250600347684838, -29.931353894395599 ], [ -71.252038331449427, -29.930976849529031 ], [ -71.253602372365009, -29.930520878850569 ], [ -71.255298399236381, -29.930074897408112 ], [ -71.257906332903005, -29.929216872671013 ], [ -71.258613331400682, -29.92899586878908 ], [ -71.25842935893165, -29.928412855903094 ], [ -71.257795359583938, -29.926276848909175 ], [ -71.257529363842096, -29.925755849414216 ], [ -71.256934364493915, -29.92436984767372 ], [ -71.256177355591561, -29.922887854284998 ], [ -71.255634350711603, -29.921779832926582 ] ] ] } },
{ "type": "Feature", "properties": { "zona": "70" }, "geometry": { "type": "Polygon", "coordinates": [ [ [ -71.258737394512067, -29.929387886801202 ], [ -71.258613331400682, -29.92899586878908 ], [ -71.257906332903005, -29.929216872671013 ], [ -71.255298399236381, -29.930074897408112 ], [ -71.253602372365009, -29.930520878850569 ], [ -71.252038331449427, -29.930976849529031 ], [ -71.250600347684838, -29.931353894395599 ], [ -71.251070332221673, -29.932385887018285 ], [ -71.251582380121334, -29.933464871028153 ], [ -71.251960345390117, -29.934247874658169 ], [ -71.252394335155486, -29.935132829844321 ], [ -71.25278033344307, -29.935835872052149 ], [ -71.25311933700452, -29.93635590249588 ], [ -71.254067317501281, -29.935732866925814 ], [ -71.255249317421857, -29.935000834425036 ], [ -71.256497328557472, -29.934170883962125 ], [ -71.256971374234041, -29.933858903533629 ], [ -71.258134353392123, -29.933405869328556 ], [ -71.259161388896246, -29.932976892671398 ], [ -71.259777384795598, -29.932801907323128 ], [ -71.259565345991348, -29.932103840642959 ], [ -71.259052394953699, -29.930413846612527 ], [ -71.258737394512067, -29.929387886801202 ] ] ] } },
{ "type": "Feature", "properties": { "zona": "60" }, "geometry": { "type": "Polygon", "coordinates": [ [ [ -71.262799339207277, -29.93209289803147 ], [ -71.262117396131742, -29.930443881271461 ], [ -71.261374335777376, -29.928798885075693 ], [ -71.260311378143612, -29.929007881011184 ], [ -71.258737394512067, -29.929387886801202 ], [ -71.259052394953699, -29.930413846612527 ], [ -71.259565345991348, -29.932103840642959 ], [ -71.259777384795598, -29.932801907323128 ], [ -71.260051383426216, -29.933701845356186 ], [ -71.260389331624793, -29.934834826860797 ], [ -71.260872332012141, -29.936202886734925 ], [ -71.262711377008017, -29.935797916815996 ], [ -71.264750375009314, -29.935254916865667 ], [ -71.263751317773796, -29.933860835418223 ], [ -71.263194328682204, -29.932835889324114 ], [ -71.262799339207277, -29.93209289803147 ] ] ] } },
{ "type": "Feature", "properties": { "zona": "69" }, "geometry": { "type": "Polygon", "coordinates": [ [ [ -71.250600347684838, -29.931353894395599 ], [ -71.250149407889253, -29.930571861406577 ], [ -71.249583393337105, -29.929415864466918 ], [ -71.249022382113523, -29.928310828636977 ], [ -71.24848940734347, -29.927084812798153 ], [ -71.247959389257986, -29.925666811660275 ], [ -71.247614338855286, -29.924760839299292 ], [ -71.247214416002706, -29.925193824553897 ], [ -71.246819366447269, -29.925672814568344 ], [ -71.246634346223928, -29.926050813861742 ], [ -71.246484382387308, -29.926582807272428 ], [ -71.246236368474825, -29.926703835816042 ], [ -71.245653375315314, -29.926883877208549 ], [ -71.244580355130282, -29.927375855695615 ], [ -71.243254379548475, -29.9279368912308 ], [ -71.241952395342906, -29.928547833833566 ], [ -71.240530134952778, -29.929211498084289 ], [ -71.240387090969847, -29.928803909003076 ], [ -71.240199023439359, -29.928433613627828 ], [ -71.239906076613735, -29.92832215317717 ], [ -71.239427270707608, -29.928354372766787 ], [ -71.238576754762889, -29.928457123749851 ], [ -71.23791217233034, -29.928633105992738 ], [ -71.237247968406422, -29.92886427721611 ], [ -71.238210992579496, -29.932459106275683 ], [ -71.238275084252265, -29.932712544640633 ], [ -71.238312842667511, -29.932861715226348 ], [ -71.23847400444879, -29.933498722364554 ], [ -71.238901218834016, -29.935260976343216 ], [ -71.238987360004856, -29.935594943305194 ], [ -71.242131581985674, -29.934842653855714 ], [ -71.244110368481159, -29.93410085550325 ], [ -71.24578937707976, -29.933462809991887 ], [ -71.24647337244086, -29.933085865889385 ], [ -71.247880350233203, -29.93253586138275 ], [ -71.248798408229206, -29.932089882827931 ], [ -71.249740383974867, -29.93169381773934 ], [ -71.250600347684838, -29.931353894395599 ] ] ] } },
{ "type": "Feature", "properties": { "zona": "71" }, "geometry": { "type": "Polygon", "coordinates": [ [ [ -71.25311933700452, -29.93635590249588 ], [ -71.25278033344307, -29.935835872052149 ], [ -71.252394335155486, -29.935132829844321 ], [ -71.251960345390117, -29.934247874658169 ], [ -71.251582380121334, -29.933464871028153 ], [ -71.251070332221673, -29.932385887018285 ], [ -71.250600347684838, -29.931353894395599 ], [ -71.249740383974867, -29.93169381773934 ], [ -71.248798408229206, -29.932089882827931 ], [ -71.247880350233203, -29.93253586138275 ], [ -71.24647337244086, -29.933085865889385 ], [ -71.24578937707976, -29.933462809991887 ], [ -71.244110368481159, -29.93410085550325 ], [ -71.242131581985674, -29.934842653855714 ], [ -71.238987360004856, -29.935594943305194 ], [ -71.239174537048896, -29.936313853893353 ], [ -71.239402184704318, -29.937226443757663 ], [ -71.23974140888258, -29.938555635206221 ], [ -71.240139351536385, -29.940114812931128 ], [ -71.240724360100259, -29.942492832229625 ], [ -71.241371383678583, -29.945120891120489 ], [ -71.241722347309405, -29.944956809685738 ], [ -71.243992364965038, -29.943892840107473 ], [ -71.246409319595443, -29.942820825531925 ], [ -71.246878321863761, -29.942573814429977 ], [ -71.247116351581553, -29.942200863143459 ], [ -71.247162379647676, -29.941816845947614 ], [ -71.247272315399627, -29.940358887110296 ], [ -71.247335348281226, -29.939568889412445 ], [ -71.24761233820189, -29.939310810660402 ], [ -71.2478433843375, -29.939151826160646 ], [ -71.248405381015658, -29.939018851553573 ], [ -71.249472395413505, -29.938729876708418 ], [ -71.251013320984541, -29.938242849837884 ], [ -71.251831357767514, -29.937923836583774 ], [ -71.251894351820496, -29.937728844133595 ], [ -71.251868393493169, -29.937444817904588 ], [ -71.251764395228108, -29.937214888591303 ], [ -71.251858373891736, -29.937041824743119 ], [ -71.2524563784187, -29.936714843364918 ], [ -71.25311933700452, -29.93635590249588 ] ] ] } },
{ "type": "Feature", "properties": { "zona": "45" }, "geometry": { "type": "Polygon", "coordinates": [ [ [ -71.256377383068838, -29.902210901120366 ], [ -71.256457418361791, -29.902151897633889 ], [ -71.256347427794879, -29.900976843044472 ], [ -71.256147441923346, -29.899736855332009 ], [ -71.255927430822936, -29.898952868136078 ], [ -71.25566738925562, -29.898407856978899 ], [ -71.255274453855364, -29.897780877326618 ], [ -71.254806441143231, -29.897030893154653 ], [ -71.254045396544228, -29.895812850060796 ], [ -71.252608439920735, -29.895184853248981 ], [ -71.252215384018726, -29.894979882235862 ], [ -71.251315450639623, -29.894530841600254 ], [ -71.249828437191482, -29.894488845999916 ], [ -71.248516417874129, -29.894525836064773 ], [ -71.247476428849311, -29.894343875962889 ], [ -71.246283455303441, -29.894317843517555 ], [ -71.245334444998647, -29.894263835158995 ], [ -71.244415423711985, -29.894210842799744 ], [ -71.243477433237018, -29.894221843783736 ], [ -71.244374394170208, -29.898130835167894 ], [ -71.244463422593554, -29.898430838499177 ], [ -71.244749460052233, -29.899345858284164 ], [ -71.245236438817727, -29.900791855065552 ], [ -71.245705395752225, -29.900771872597076 ], [ -71.249798423813672, -29.900917838365675 ], [ -71.252738429881063, -29.900983898250157 ], [ -71.253969435606393, -29.901068837238103 ], [ -71.254426378587226, -29.901811887538333 ], [ -71.254711368093581, -29.902243822267682 ], [ -71.255137396424189, -29.902288848249793 ], [ -71.256377383068838, -29.902210901120366 ] ] ] } },
{ "type": "Feature", "properties": { "zona": "79" }, "geometry": { "type": "Polygon", "coordinates": [ [ [ -71.255391487118672, -29.878115896603486 ], [ -71.255280477652562, -29.87658585008484 ], [ -71.254803449275414, -29.872820828557742 ], [ -71.254547784103067, -29.870106929583624 ], [ -71.253978236947447, -29.86491904469489 ], [ -71.253520560076112, -29.859905571114183 ], [ -71.253475517237774, -29.859146995112038 ], [ -71.253590373340273, -29.857760552091698 ], [ -71.252929381658106, -29.859331567807871 ], [ -71.251994526409533, -29.860375469399219 ], [ -71.251389347129518, -29.861632732058542 ], [ -71.251567107360131, -29.862984957890916 ], [ -71.251829993768396, -29.864843794371371 ], [ -71.251491905549614, -29.866198869516207 ], [ -71.251402976808905, -29.867164112166009 ], [ -71.251377662367148, -29.867678560904015 ], [ -71.251163821247644, -29.868003481502441 ], [ -71.25061618763975, -29.868237678610633 ], [ -71.249275874115668, -29.870926948050602 ], [ -71.2490377741956, -29.871814459774214 ], [ -71.249457493716733, -29.87243983581498 ], [ -71.249404462000427, -29.873970884653083 ], [ -71.249463438862009, -29.874601869662495 ], [ -71.249543484303075, -29.875448871106844 ], [ -71.249777484955047, -29.876518822326481 ], [ -71.249762455518862, -29.876970861137149 ], [ -71.249519461040009, -29.877655880826445 ], [ -71.249431417242008, -29.877946815261314 ], [ -71.249415491900152, -29.878381822597024 ], [ -71.248850450362809, -29.8785048310496 ], [ -71.2490484722899, -29.878975876100853 ], [ -71.249312475866262, -29.879522821411836 ], [ -71.249557448543527, -29.879514855626457 ], [ -71.250390473394319, -29.87957586814052 ], [ -71.250961453024161, -29.879416854374529 ], [ -71.251447470432254, -29.879081876680978 ], [ -71.252056440259977, -29.878949899444169 ], [ -71.252693460965887, -29.87875583787234 ], [ -71.253039459275243, -29.878400877614183 ], [ -71.255391487118672, -29.878115896603486 ] ] ] } },
{ "type": "Feature", "properties": { "zona": "80" }, "geometry": { "type": "Polygon", "coordinates": [ [ [ -71.241255479062517, -29.88220786810243 ], [ -71.242611493868637, -29.881557878642262 ], [ -71.243731479593393, -29.880999830423722 ], [ -71.245273464593225, -29.880532811924994 ], [ -71.246479444134081, -29.880148885483731 ], [ -71.247950481061054, -29.879655806146165 ], [ -71.248698446948367, -29.879543843446154 ], [ -71.249312475866262, -29.879522821411836 ], [ -71.2490484722899, -29.878975876100853 ], [ -71.248850450362809, -29.8785048310496 ], [ -71.249341424278811, -29.878420876990759 ], [ -71.249415491900152, -29.878381822597024 ], [ -71.249431417242008, -29.877946815261314 ], [ -71.249519461040009, -29.877655880826445 ], [ -71.249762455518862, -29.876970861137149 ], [ -71.249777484955047, -29.876518822326481 ], [ -71.249543484303075, -29.875448871106844 ], [ -71.249463438862009, -29.874601869662495 ], [ -71.249404462000427, -29.873970884653083 ], [ -71.248126482954561, -29.874059864384531 ], [ -71.246870449572299, -29.874179845616215 ], [ -71.245787477383857, -29.874305888323267 ], [ -71.244575444461603, -29.87447380373391 ], [ -71.243493484661897, -29.874614873014391 ], [ -71.242241462941749, -29.874769827916971 ], [ -71.240969464902335, -29.874924839815176 ], [ -71.239793439385409, -29.875073880764706 ], [ -71.239899451692878, -29.875600800760438 ], [ -71.240002457879058, -29.876294811780422 ], [ -71.2401994974459, -29.877166802855271 ], [ -71.240244441675273, -29.877649842541846 ], [ -71.24041447265617, -29.878439853972193 ], [ -71.240169501632749, -29.878489833256854 ], [ -71.23996542858977, -29.878570866041368 ], [ -71.240278421011055, -29.879451801010628 ], [ -71.240543499805327, -29.88023586829798 ], [ -71.240836449695038, -29.881101808803308 ], [ -71.241255479062517, -29.88220786810243 ] ] ] } },
{ "type": "Feature", "properties": { "zona": "94" }, "geometry": { "type": "Polygon", "coordinates": [ [ [ -71.289855389926231, -29.823042824853335 ], [ -71.274182941710166, -29.81765407523805 ], [ -71.271918827868959, -29.82014208387443 ], [ -71.271025453428862, -29.821125232837357 ], [ -71.270876448049378, -29.821292489654564 ], [ -71.270487301350855, -29.821686294001911 ], [ -71.270174047023019, -29.822003300168522 ], [ -71.269292325585241, -29.822925988317895 ], [ -71.266913707916203, -29.825476676415221 ], [ -71.265044509357267, -29.828974285419221 ], [ -71.264264661838652, -29.830336876425118 ], [ -71.262250638699797, -29.834162264401556 ], [ -71.259426347041412, -29.839311116249981 ], [ -71.258423636720508, -29.842162810138937 ], [ -71.257800308230713, -29.843940379038777 ], [ -71.257664074321696, -29.844359045971935 ], [ -71.257082576609236, -29.846024777089763 ], [ -71.256659108783111, -29.847448338399676 ], [ -71.256545741734556, -29.847829363125708 ], [ -71.255637002916302, -29.850980770878305 ], [ -71.255030367382801, -29.852935635505506 ], [ -71.254855788329252, -29.853498183558045 ], [ -71.254674843315939, -29.854081314261961 ], [ -71.254523910779184, -29.854591235465076 ], [ -71.254066014009041, -29.856099528829411 ], [ -71.253590373340273, -29.857760552091698 ], [ -71.25993020738315, -29.858622980140552 ], [ -71.265307266179207, -29.861481295278733 ], [ -71.276646529543584, -29.86318254732803 ], [ -71.279221883939755, -29.844038082754299 ], [ -71.282123524236596, -29.833900609969959 ], [ -71.285947827244911, -29.827088063133228 ], [ -71.289855389926231, -29.823042824853335 ] ] ] } },
{ "type": "Feature", "properties": { "zona": "84" }, "geometry": { "type": "Polygon", "coordinates": [ [ [ -71.239793439385409, -29.875073880764706 ], [ -71.240969464902335, -29.874924839815176 ], [ -71.242241462941749, -29.874769827916971 ], [ -71.243493484661897, -29.874614873014391 ], [ -71.244575444461603, -29.87447380373391 ], [ -71.245787477383857, -29.874305888323267 ], [ -71.246870449572299, -29.874179845616215 ], [ -71.248126482954561, -29.874059864384531 ], [ -71.249404462000427, -29.873970884653083 ], [ -71.249457493716733, -29.87243983581498 ], [ -71.249037414007361, -29.871798411342191 ], [ -71.249275874115668, -29.870926948050602 ], [ -71.25061618763975, -29.868237678610633 ], [ -71.251163821247644, -29.868003481502441 ], [ -71.251395369678846, -29.867646149607666 ], [ -71.251403697808115, -29.867196209000308 ], [ -71.251491182525925, -29.866166682519367 ], [ -71.251829272701215, -29.864811697535053 ], [ -71.251388759934258, -29.861606585738649 ], [ -71.249659546288242, -29.860904061233914 ], [ -71.249461216537767, -29.861117414776686 ], [ -71.249190299621191, -29.861363032190134 ], [ -71.249160650444068, -29.861684809814193 ], [ -71.248747352908964, -29.862157617540458 ], [ -71.248846334019518, -29.86246114829985 ], [ -71.248461605737944, -29.862564122465546 ], [ -71.248149504607241, -29.862617604157251 ], [ -71.247917234845616, -29.862942833669212 ], [ -71.247388766729983, -29.863208799498249 ], [ -71.247132307344245, -29.863277475940173 ], [ -71.246191401807224, -29.863229187946381 ], [ -71.245497080549711, -29.863498059848997 ], [ -71.244317332308782, -29.863485932163666 ], [ -71.242754114625413, -29.862805747531979 ], [ -71.240814557762207, -29.861778552662908 ], [ -71.238252512404571, -29.861590867302773 ], [ -71.238858515479635, -29.86905979516267 ], [ -71.239329498136186, -29.87246386149857 ], [ -71.239586488636263, -29.873910818813705 ], [ -71.239793439385409, -29.875073880764706 ] ] ] } },
{ "type": "Feature", "properties": { "zona": "87" }, "geometry": { "type": "Polygon", "coordinates": [ [ [ -71.239793439385409, -29.875073880764706 ], [ -71.238108438866462, -29.875272856691666 ], [ -71.236068488614919, -29.875527796187708 ], [ -71.234982470700842, -29.875648841909062 ], [ -71.233179669390466, -29.875905852296231 ], [ -71.230410511720464, -29.876487827405569 ], [ -71.228213704527505, -29.87644314612362 ], [ -71.227909806315154, -29.877186613892487 ], [ -71.229183977188598, -29.879179137152246 ], [ -71.229587482742119, -29.880456780740506 ], [ -71.229829482515626, -29.881269854136576 ], [ -71.230675490418079, -29.881077865883693 ], [ -71.232722492999486, -29.880585854865902 ], [ -71.234000452184375, -29.880280825239396 ], [ -71.235049498846053, -29.880007803166805 ], [ -71.236401427774894, -29.879678858496991 ], [ -71.237677469587126, -29.879357862016207 ], [ -71.238914492023255, -29.879036794182582 ], [ -71.239263478025862, -29.878862837961687 ], [ -71.23996542858977, -29.878570866041368 ], [ -71.240169501632749, -29.878489833256854 ], [ -71.24041447265617, -29.878439853972193 ], [ -71.240244441675273, -29.877649842541846 ], [ -71.2401994974459, -29.877166802855271 ], [ -71.240002457879058, -29.876294811780422 ], [ -71.239899451692878, -29.875600800760438 ], [ -71.239793439385409, -29.875073880764706 ] ] ] } },
{ "type": "Feature", "properties": { "zona": "90" }, "geometry": { "type": "Polygon", "coordinates": [ [ [ -71.210691239779564, -29.927434893534098 ], [ -71.210286927609218, -29.926985740879203 ], [ -71.209830912398232, -29.925816075733096 ], [ -71.209277796277092, -29.923764487528633 ], [ -71.208665916286236, -29.921494706870906 ], [ -71.207554737153814, -29.917935199484848 ], [ -71.207025296314498, -29.916429601536148 ], [ -71.206308060222256, -29.916645089058292 ], [ -71.205764347247126, -29.916791285476535 ], [ -71.204227851243402, -29.917204467362577 ], [ -71.202879791102717, -29.917756630032549 ], [ -71.20094850073859, -29.91855825854941 ], [ -71.201726656716829, -29.921229198680226 ], [ -71.202720185992618, -29.925208329112429 ], [ -71.203766300769672, -29.929484572050594 ], [ -71.204818223650378, -29.929779410962873 ], [ -71.205678103652716, -29.929676629768412 ], [ -71.206524421355283, -29.929377355086711 ], [ -71.210691239779564, -29.927434893534098 ] ] ] } },
{ "type": "Feature", "properties": { "zona": "95" }, "geometry": { "type": "Polygon", "coordinates": [ [ [ -71.203766300769672, -29.929484572050594 ], [ -71.202720185992618, -29.925208329112429 ], [ -71.201726656716829, -29.921229198680226 ], [ -71.20094850073859, -29.91855825854941 ], [ -71.19924547967922, -29.919140394213436 ], [ -71.198638350442906, -29.919328027562095 ], [ -71.197597115318004, -29.919649801719896 ], [ -71.19597855143266, -29.920214343098046 ], [ -71.195349902065388, -29.920589295134047 ], [ -71.194326303417043, -29.920999863389682 ], [ -71.190552511005095, -29.922136236500464 ], [ -71.193624154321128, -29.931937359971048 ], [ -71.200058228087386, -29.930585219185879 ], [ -71.203766300769672, -29.929484572050594 ] ] ] } },
{ "type": "Feature", "properties": { "zona": "97" }, "geometry": { "type": "Polygon", "coordinates": [ [ [ -71.251389347129518, -29.861632732058542 ], [ -71.251994526409533, -29.860375469399219 ], [ -71.252929381658106, -29.859331567807871 ], [ -71.253590373340273, -29.857760552091698 ], [ -71.254066014009041, -29.856099528829411 ], [ -71.254523910779184, -29.854591235465076 ], [ -71.254674843315939, -29.854081314261961 ], [ -71.254855788329252, -29.853498183558045 ], [ -71.255030367382801, -29.852935635505506 ], [ -71.255637002916302, -29.850980770878305 ], [ -71.256545741734556, -29.847829363125708 ], [ -71.256659108783111, -29.847448338399676 ], [ -71.257082576609236, -29.846024777089763 ], [ -71.257664074321696, -29.844359045971935 ], [ -71.257800308230713, -29.843940379038777 ], [ -71.258423636720508, -29.842162810138937 ], [ -71.259426347041412, -29.839311116249981 ], [ -71.259001684822493, -29.839197343061549 ], [ -71.258660037087452, -29.838753480117987 ], [ -71.258861420335947, -29.838386641589562 ], [ -71.258992454238864, -29.837968693898652 ], [ -71.259296150674629, -29.837136324897852 ], [ -71.259438922905019, -29.836728277695592 ], [ -71.259812327853297, -29.835922765037157 ], [ -71.259302397551721, -29.835367327081553 ], [ -71.255850927227286, -29.834271767983921 ], [ -71.254390651637351, -29.834874947721939 ], [ -71.253387384239915, -29.836145057436472 ], [ -71.253015424685955, -29.837629152465112 ], [ -71.252823275024468, -29.838917432560677 ], [ -71.252557430516262, -29.840207060046822 ], [ -71.251705080025275, -29.841635129630813 ], [ -71.250800524551735, -29.845666285666272 ], [ -71.249982047547277, -29.848603623471277 ], [ -71.250709318874286, -29.849812005420684 ], [ -71.249822180397445, -29.851337075942009 ], [ -71.248555151273322, -29.852354505649643 ], [ -71.249645606425915, -29.85660870234344 ], [ -71.249670103628716, -29.857700538637669 ], [ -71.250198116365681, -29.859876043124881 ], [ -71.249686606619278, -29.860896745117458 ], [ -71.251389347129518, -29.861632732058542 ] ] ] } },
{ "type": "Feature", "properties": { "zona": "85" }, "geometry": { "type": "Polygon", "coordinates": [ [ [ -71.239793439385409, -29.875073880764706 ], [ -71.239586488636263, -29.873910818813705 ], [ -71.239329498136186, -29.87246386149857 ], [ -71.238858515479635, -29.86905979516267 ], [ -71.238252512404571, -29.861590867302773 ], [ -71.23746045919944, -29.861618821423257 ], [ -71.23705447841688, -29.861859850274691 ], [ -71.235444863245391, -29.862295350471037 ], [ -71.2339847679374, -29.862930426654277 ], [ -71.232531005711465, -29.863854544733389 ], [ -71.231658163578203, -29.864383330667323 ], [ -71.230552112094244, -29.864369923702586 ], [ -71.229555200360466, -29.864290444521767 ], [ -71.227525150128201, -29.864164094160145 ], [ -71.225581648536803, -29.864614492968208 ], [ -71.220183535071854, -29.863278004857399 ], [ -71.21677145066009, -29.865499699081653 ], [ -71.216028123118264, -29.869316082308352 ], [ -71.228213704527505, -29.87644314612362 ], [ -71.230410511720464, -29.876487827405569 ], [ -71.233179669390466, -29.875905852296231 ], [ -71.234982470700842, -29.875648841909062 ], [ -71.236068488614919, -29.875527796187708 ], [ -71.238108438866462, -29.875272856691666 ], [ -71.239793439385409, -29.875073880764706 ] ] ] } },
{ "type": "Feature", "properties": { "zona": "55" }, "geometry": { "type": "Polygon", "coordinates": [ [ [ -71.256708438931099, -29.90579088214718 ], [ -71.257476362238606, -29.906918863745467 ], [ -71.258886424192895, -29.91000386047287 ], [ -71.265166420298456, -29.909446845653545 ], [ -71.269995397844909, -29.90840385408244 ], [ -71.274858422784718, -29.90728587231542 ], [ -71.27456738294255, -29.905671929448118 ], [ -71.274462427387562, -29.903108920472871 ], [ -71.259665249336607, -29.903369498485819 ], [ -71.259270804863917, -29.903861499659584 ], [ -71.258847663991403, -29.904610501860066 ], [ -71.25879940025024, -29.905732885389789 ], [ -71.256708438931099, -29.90579088214718 ] ] ] } },
{ "type": "Feature", "properties": { "zona": "83" }, "geometry": { "type": "Polygon", "coordinates": [ [ [ -71.204368629366016, -29.892639246669479 ], [ -71.206676689401661, -29.89187394160275 ], [ -71.210713808183883, -29.890211855392689 ], [ -71.21262591526137, -29.889462466394917 ], [ -71.213174090794979, -29.889363073104182 ], [ -71.213986033422159, -29.888853461943647 ], [ -71.216360511071628, -29.887956906150553 ], [ -71.217457051922409, -29.887490294777219 ], [ -71.217888329574677, -29.887320872148766 ], [ -71.219693279659879, -29.886860547077909 ], [ -71.219956189081529, -29.88677882490391 ], [ -71.221689952968063, -29.886292883390723 ], [ -71.222366343141886, -29.886106058654232 ], [ -71.2223684393268, -29.88586583433128 ], [ -71.221974537734766, -29.885826201083681 ], [ -71.221420679461531, -29.885787366800603 ], [ -71.220915372225832, -29.885651294230431 ], [ -71.220581579631187, -29.884522532577765 ], [ -71.220851072152399, -29.884206732267529 ], [ -71.220720551810018, -29.883829479694388 ], [ -71.220406833150221, -29.88335167708393 ], [ -71.220200599503713, -29.882824261021121 ], [ -71.220078441190822, -29.882311844918686 ], [ -71.220012718074528, -29.879288531492438 ], [ -71.219609835329763, -29.879258421655191 ], [ -71.217780635579416, -29.878428366760978 ], [ -71.214225510200663, -29.877559440524166 ], [ -71.208152265978171, -29.878633189575883 ], [ -71.20677921987442, -29.879057807415457 ], [ -71.205144270764194, -29.88014530721264 ], [ -71.203484559958198, -29.880108733655614 ], [ -71.201818341266119, -29.881453773584795 ], [ -71.200391779339114, -29.88195949432286 ], [ -71.199875417595877, -29.88278726400938 ], [ -71.201066183429475, -29.884132779167015 ], [ -71.201147946052771, -29.885336156810826 ], [ -71.200774716445423, -29.886804094313785 ], [ -71.201394654629723, -29.888175182785851 ], [ -71.20284074386413, -29.889387887385041 ], [ -71.20386484480899, -29.890687991511527 ], [ -71.204368629366016, -29.892639246669479 ] ] ] } },
{ "type": "Feature", "properties": { "zona": "99" }, "geometry": { "type": "Polygon", "coordinates": [ [ [ -71.23502738591074, -29.969250772945973 ], [ -71.234818023932689, -29.966478439571357 ], [ -71.228100470496827, -29.954091683131544 ], [ -71.227213254271035, -29.952386690330375 ], [ -71.226783191909632, -29.952568487203429 ], [ -71.226554134773622, -29.952352105825643 ], [ -71.226563886241053, -29.952065304467443 ], [ -71.226757276853192, -29.951612959240478 ], [ -71.226423883171037, -29.951122708499504 ], [ -71.22612234369285, -29.951107240914659 ], [ -71.225655429366427, -29.950961440747118 ], [ -71.225406798680552, -29.950682883379827 ], [ -71.225401761511719, -29.950364763878305 ], [ -71.225494101966234, -29.949847203565202 ], [ -71.225393798038624, -29.949570198594373 ], [ -71.225109658756523, -29.949388477452711 ], [ -71.224323736544633, -29.949182399389496 ], [ -71.224185661421615, -29.948582234312319 ], [ -71.224361126354324, -29.948007440762815 ], [ -71.224128711558379, -29.947716250073906 ], [ -71.223727095690322, -29.947540658063836 ], [ -71.223309422540027, -29.947649086588463 ], [ -71.22233840308381, -29.948114368669732 ], [ -71.221631393363623, -29.947008157360305 ], [ -71.222334052774059, -29.943422088841583 ], [ -71.222510648197144, -29.943312680455808 ], [ -71.226809353375742, -29.939378697097403 ], [ -71.224671536154105, -29.936582534698648 ], [ -71.224207531275283, -29.934553150842326 ], [ -71.223406239578239, -29.933439516619146 ], [ -71.222713130638553, -29.934129111088449 ], [ -71.222418407686163, -29.934517769199974 ], [ -71.220979775827814, -29.935853723623591 ], [ -71.215615368641565, -29.937583596362359 ], [ -71.213254402880835, -29.939354653275988 ], [ -71.213097088935712, -29.93947869780229 ], [ -71.211735385416304, -29.939872895851696 ], [ -71.211077762149259, -29.940102836594182 ], [ -71.210461508702892, -29.940241614823574 ], [ -71.20972678804543, -29.940442266539819 ], [ -71.210219473215872, -29.942150315438131 ], [ -71.211266227674216, -29.945215149042628 ], [ -71.210918867675616, -29.946532678719748 ], [ -71.211108578221413, -29.948300193432292 ], [ -71.209770967965895, -29.949109677290185 ], [ -71.208530305215575, -29.950901274894708 ], [ -71.209779899962058, -29.952965433543795 ], [ -71.209764324849417, -29.953929423046617 ], [ -71.210009821802288, -29.955017559086659 ], [ -71.210215507792427, -29.95597792553728 ], [ -71.210236828930533, -29.956941295394483 ], [ -71.21010419207964, -29.957618175686274 ], [ -71.209972349466895, -29.958327151736452 ], [ -71.209622000210942, -29.95916832105905 ], [ -71.208161572832822, -29.961141107097056 ], [ -71.207529156859351, -29.963611222576009 ], [ -71.206670684122756, -29.966217980190304 ], [ -71.206548913668485, -29.967615960102314 ], [ -71.203150308326315, -29.977502443571176 ], [ -71.206686393899432, -29.985486292250133 ], [ -71.209517887603127, -29.985771157649257 ], [ -71.212196834049664, -29.986058525412471 ], [ -71.218307643617408, -29.986155098207792 ], [ -71.220273235452709, -29.986986103240426 ], [ -71.22184766315344, -29.987353230974492 ], [ -71.22333029169971, -29.985541367426492 ], [ -71.223658389995734, -29.984516455755113 ], [ -71.223599427267871, -29.983151648371958 ], [ -71.223521521518677, -29.981151475115848 ], [ -71.22287670736803, -29.980475088779059 ], [ -71.222685010919776, -29.979376337936873 ], [ -71.22269182029433, -29.979118178506404 ], [ -71.222648917196025, -29.978803224580467 ], [ -71.222777521967316, -29.975865605150226 ], [ -71.222578367370645, -29.974350824624796 ], [ -71.226732147353601, -29.971887614878888 ], [ -71.229093509715781, -29.971750067220988 ], [ -71.230946923098017, -29.969597771306326 ], [ -71.231575955907189, -29.968816497049637 ], [ -71.232979173646086, -29.968622421700385 ], [ -71.233917259933207, -29.969603509040361 ], [ -71.23502738591074, -29.969250772945973 ] ] ] } },
{ "type": "Feature", "properties": { "zona": "100" }, "geometry": { "type": "Polygon", "coordinates": [ [ [ -71.238987360004856, -29.935594943305194 ], [ -71.238901218834016, -29.935260976343216 ], [ -71.23847400444879, -29.933498722364554 ], [ -71.238312842667511, -29.932861715226348 ], [ -71.238210992579496, -29.932459106275683 ], [ -71.237247968406422, -29.92886427721611 ], [ -71.236657152828073, -29.926478033401398 ], [ -71.235920604623331, -29.923469664147735 ], [ -71.235195352641838, -29.920479225515066 ], [ -71.234932711287243, -29.919456548985679 ], [ -71.234312151952295, -29.919739276296649 ], [ -71.234068568922396, -29.9198598460382 ], [ -71.233673802409527, -29.920055313353739 ], [ -71.232537016104104, -29.920574791318845 ], [ -71.231337408352175, -29.921122922863887 ], [ -71.230644472130692, -29.921458089193159 ], [ -71.22687342229186, -29.923453192197083 ], [ -71.226383055784794, -29.923621301483127 ], [ -71.225855743376044, -29.9231079833256 ], [ -71.225088513802191, -29.922047716158474 ], [ -71.224295697382885, -29.920949723398653 ], [ -71.224024341652424, -29.920747577088257 ], [ -71.22339874292615, -29.920832362418764 ], [ -71.222892647615183, -29.92115315250873 ], [ -71.222328906586853, -29.921523888390983 ], [ -71.221613198424549, -29.921984942991045 ], [ -71.220821559907804, -29.92266491278253 ], [ -71.219684418259732, -29.923149834496005 ], [ -71.219102448026092, -29.923192736467712 ], [ -71.218107853636695, -29.923205601452963 ], [ -71.21848816377117, -29.923765351427029 ], [ -71.218794461074538, -29.924253018053268 ], [ -71.219598344398378, -29.925254620719272 ], [ -71.220595225255323, -29.925936022418604 ], [ -71.22182869097368, -29.926387400166593 ], [ -71.222600657392306, -29.926266059116934 ], [ -71.223637673636119, -29.926009008692237 ], [ -71.224207636227206, -29.926170488897593 ], [ -71.224375126313632, -29.926555317275671 ], [ -71.224079658327454, -29.927024444451966 ], [ -71.223905411236288, -29.927721881755428 ], [ -71.223733426309082, -29.928325298152807 ], [ -71.223790859805277, -29.929241064341166 ], [ -71.223814868876929, -29.930120775544616 ], [ -71.224515492637337, -29.930749148975604 ], [ -71.2237218544591, -29.932397046134138 ], [ -71.223406239578239, -29.933439516619146 ], [ -71.224207531275283, -29.934553150842326 ], [ -71.224671536154105, -29.936582534698648 ], [ -71.226809353375742, -29.939378697097403 ], [ -71.227833743005334, -29.939312222908516 ], [ -71.22858214204166, -29.939102852104078 ], [ -71.229253769888174, -29.938829114898674 ], [ -71.231261466988656, -29.938375635899551 ], [ -71.232151853184192, -29.937782319967106 ], [ -71.233216522526391, -29.937642696339744 ], [ -71.233473809217685, -29.937602167235852 ], [ -71.233992152574729, -29.937689796464795 ], [ -71.234543283539111, -29.937387320004873 ], [ -71.234907521241666, -29.937301861488589 ], [ -71.235131363481514, -29.937247736064776 ], [ -71.236264928665989, -29.936973702932608 ], [ -71.236561956757541, -29.936907780223184 ], [ -71.238100189273609, -29.936557953465762 ], [ -71.239174537048896, -29.936313853893353 ], [ -71.238987360004856, -29.935594943305194 ] ] ] } },
{ "type": "Feature", "properties": { "zona": "101" }, "geometry": { "type": "Polygon", "coordinates": [ [ [ -71.188898926075197, -29.916706970818801 ], [ -71.190552511005095, -29.922136236500464 ], [ -71.194326303417043, -29.920999863389682 ], [ -71.195349902065388, -29.920589295134047 ], [ -71.19597855143266, -29.920214343098046 ], [ -71.197597115318004, -29.919649801719896 ], [ -71.198638350442906, -29.919328027562095 ], [ -71.19924547967922, -29.919140394213436 ], [ -71.20094850073859, -29.91855825854941 ], [ -71.202879791102717, -29.917756630032549 ], [ -71.204227851243402, -29.917204467362577 ], [ -71.205764347247126, -29.916791285476535 ], [ -71.206308060222256, -29.916645089058292 ], [ -71.207025296314498, -29.916429601536148 ], [ -71.207957029852864, -29.916113377306775 ], [ -71.208449759109044, -29.915893795816253 ], [ -71.209419083517432, -29.915563402466287 ], [ -71.210394024432674, -29.9153019973052 ], [ -71.20946343189776, -29.91090589256132 ], [ -71.20901403412833, -29.908921647262915 ], [ -71.208767986211384, -29.907801398452403 ], [ -71.205049300817308, -29.908056397508659 ], [ -71.203396905011004, -29.908373101254316 ], [ -71.199516400051962, -29.909658696016855 ], [ -71.198071522358035, -29.911032118140401 ], [ -71.194209854976094, -29.913184657303162 ], [ -71.188898926075197, -29.916706970818801 ] ] ] } },
{ "type": "Feature", "properties": { "zona": "103" }, "geometry": { "type": "Polygon", "coordinates": [ [ [ -71.274182941710166, -29.81765407523805 ], [ -71.273818142006533, -29.816262348250287 ], [ -71.272259633035091, -29.814648810045114 ], [ -71.271868712839748, -29.812021233406938 ], [ -71.270778267215476, -29.808192929231701 ], [ -71.269626643946467, -29.808784913909601 ], [ -71.265208220556445, -29.816635153821252 ], [ -71.263552565442481, -29.818366229838571 ], [ -71.262117801999935, -29.820093503212465 ], [ -71.259116111749307, -29.824224832623702 ], [ -71.25711715725491, -29.828724544592461 ], [ -71.256478050281927, -29.831433996539261 ], [ -71.255565163906596, -29.831802976820811 ], [ -71.256144353289358, -29.832981753784249 ], [ -71.255850927227286, -29.834271767983921 ], [ -71.259302397551721, -29.835367327081553 ], [ -71.259812327853297, -29.835922765037157 ], [ -71.259438922905019, -29.836728277695592 ], [ -71.259296150674629, -29.837136324897852 ], [ -71.258992454238864, -29.837968693898652 ], [ -71.258861420335947, -29.838386641589562 ], [ -71.258660037087452, -29.838753480117987 ], [ -71.259001684822493, -29.839197343061549 ], [ -71.259426347041412, -29.839311116249981 ], [ -71.262250638699797, -29.834162264401556 ], [ -71.264264661838652, -29.830336876425118 ], [ -71.265044509357267, -29.828974285419221 ], [ -71.266913707916203, -29.825476676415221 ], [ -71.269292325585241, -29.822925988317895 ], [ -71.270174047023019, -29.822003300168522 ], [ -71.270487301350855, -29.821686294001911 ], [ -71.270876448049378, -29.821292489654564 ], [ -71.271025453428862, -29.821125232837357 ], [ -71.271918827868959, -29.82014208387443 ], [ -71.274182941710166, -29.81765407523805 ] ] ] } },
{ "type": "Feature", "properties": { "zona": "104" }, "geometry": { "type": "Polygon", "coordinates": [ [ [ -71.25809445456882, -29.978189437924843 ], [ -71.256884242617346, -29.978216234379087 ], [ -71.252443831828714, -29.978485028453846 ], [ -71.25089008269029, -29.978562834156953 ], [ -71.246609763406809, -29.97752666753021 ], [ -71.245780471531702, -29.977333914397278 ], [ -71.239762482296371, -29.975797086330726 ], [ -71.23847156891182, -29.972785388436797 ], [ -71.238049055612379, -29.971519762067423 ], [ -71.23693361362659, -29.970206380528857 ], [ -71.23502738591074, -29.969250772945973 ], [ -71.233917259933207, -29.969603509040361 ], [ -71.232979173646086, -29.968622421700385 ], [ -71.231575955907189, -29.968816497049637 ], [ -71.230946923098017, -29.969597771306326 ], [ -71.229093509715781, -29.971750067220988 ], [ -71.226732147353601, -29.971887614878888 ], [ -71.222578367370645, -29.974350824624796 ], [ -71.222777521967316, -29.975865605150226 ], [ -71.222648917196025, -29.978803224580467 ], [ -71.22269182029433, -29.979118178506404 ], [ -71.222685010919776, -29.979376337936873 ], [ -71.22287670736803, -29.980475088779059 ], [ -71.223521521518677, -29.981151475115848 ], [ -71.223599427267871, -29.983151648371958 ], [ -71.223658389995734, -29.984516455755113 ], [ -71.22333029169971, -29.985541367426492 ], [ -71.22184766315344, -29.987353230974492 ], [ -71.222089731350039, -29.988269120374635 ], [ -71.221004470060109, -29.989251158378348 ], [ -71.218434936917973, -29.989872726647565 ], [ -71.216462780356423, -29.990805457237006 ], [ -71.215005720548902, -29.991665273136448 ], [ -71.213717464835867, -29.993485956312234 ], [ -71.212344040912612, -29.994794134799278 ], [ -71.210895431062397, -29.996039254805563 ], [ -71.210556368750034, -29.997394162306286 ], [ -71.211261808870063, -29.99924562658131 ], [ -71.211863536731215, -29.999749528620445 ], [ -71.212753223548887, -29.999927315145662 ], [ -71.213343554778561, -29.99991738690774 ], [ -71.21416094546548, -30.000160687974631 ], [ -71.214762690936311, -30.000664485500639 ], [ -71.215433976088121, -30.000974455347674 ], [ -71.216396064979193, -30.001086779617328 ], [ -71.217504352554684, -30.001132324936453 ], [ -71.218680736957964, -30.000919750922943 ], [ -71.219564809645547, -30.000840623495893 ], [ -71.220531191662005, -30.001145588696286 ], [ -71.22128060294645, -30.001646953169526 ], [ -71.221371505441667, -30.002416393256301 ], [ -71.221759101575614, -30.003245131685663 ], [ -71.222294249858237, -30.004071376617144 ], [ -71.222330050377479, -30.005677028190416 ], [ -71.222802943719316, -30.007018244132748 ], [ -71.223206247216581, -30.008553467250334 ], [ -71.22360105155478, -30.009703345404141 ], [ -71.224258816518855, -30.012711990931216 ], [ -71.224802645477595, -30.013923561729218 ], [ -71.225279838160063, -30.015457525422974 ], [ -71.225450440735798, -30.016482662407174 ], [ -71.255595910207589, -30.020157466237709 ], [ -71.256025057070346, -30.01738517086261 ], [ -71.256096588251083, -30.016795799864639 ], [ -71.256367066672965, -30.015698931451158 ], [ -71.256555037872332, -30.014744628902651 ], [ -71.256830550297167, -30.013345889679417 ], [ -71.257288922026802, -30.010767994283775 ], [ -71.258145349717438, -30.006011884172267 ], [ -71.258326028311402, -30.00501991366724 ], [ -71.258462416406431, -30.003849941822036 ], [ -71.258718357885343, -30.00165369244856 ], [ -71.258922582528484, -29.999785367955802 ], [ -71.259532178905417, -29.99467199332334 ], [ -71.260315339780107, -29.991216168118157 ], [ -71.260683965488155, -29.989571489997495 ], [ -71.260987600108521, -29.988313410164988 ], [ -71.261422809931972, -29.986346230380956 ], [ -71.261930776235175, -29.984079983273965 ], [ -71.26265693885162, -29.980558562477285 ], [ -71.26292144718586, -29.979204825401183 ], [ -71.263056569400661, -29.978656386654507 ], [ -71.263204674588408, -29.977866730071529 ], [ -71.25809445456882, -29.978189437924843 ] ] ] } },
{ "type": "Feature", "properties": { "zona": "105" }, "geometry": { "type": "Polygon", "coordinates": [ [ [ -71.270778267215476, -29.808192929231701 ], [ -71.271868712839748, -29.812021233406938 ], [ -71.272259633035091, -29.814648810045114 ], [ -71.273818142006533, -29.816262348250287 ], [ -71.274182941710166, -29.81765407523805 ], [ -71.289855389926231, -29.823042824853335 ], [ -71.290367020466235, -29.822554122687613 ], [ -71.291267137762347, -29.821639008549067 ], [ -71.291025206101764, -29.821530734709977 ], [ -71.29089857160659, -29.82082617544846 ], [ -71.290771292292703, -29.820089518237751 ], [ -71.291293650967191, -29.818763270494003 ], [ -71.291444781089325, -29.817315026880028 ], [ -71.292832434291398, -29.816776930713441 ], [ -71.293759417402399, -29.816230767506163 ], [ -71.294246351447441, -29.814969432681227 ], [ -71.294549180865332, -29.813711294800946 ], [ -71.294274543743555, -29.812977110617798 ], [ -71.293927710642691, -29.812308577677449 ], [ -71.29324725030537, -29.811549329403618 ], [ -71.292759038398245, -29.811140208754249 ], [ -71.291642612293586, -29.810645569920116 ], [ -71.289801473574968, -29.810677499939473 ], [ -71.288743763490899, -29.811145537350708 ], [ -71.287803950056869, -29.811932884714587 ], [ -71.286975271991153, -29.812750320343508 ], [ -71.286102437396465, -29.813247335590685 ], [ -71.285116038025294, -29.812798644348483 ], [ -71.284088466949058, -29.809732330821934 ], [ -71.283080407434312, -29.809139326170236 ], [ -71.284966504505036, -29.807034690505073 ], [ -71.28501700582656, -29.806824928017694 ], [ -71.285119386757913, -29.806469777548777 ], [ -71.285361797115044, -29.805791024281209 ], [ -71.285462799064618, -29.805371589228937 ], [ -71.285808397148756, -29.804369779523579 ], [ -71.285771140180145, -29.80273196268843 ], [ -71.28584429707638, -29.801092325295411 ], [ -71.285954369428126, -29.79945204888185 ], [ -71.285841997280556, -29.797751312606067 ], [ -71.277263920355551, -29.797931552524098 ], [ -71.27670463086352, -29.799258387346903 ], [ -71.275702792478356, -29.800560644490353 ], [ -71.274960848668513, -29.801954837214701 ], [ -71.273028669330984, -29.806100141391319 ], [ -71.272652641224624, -29.807391608340698 ], [ -71.270778267215476, -29.808192929231701 ] ] ] } },
{ "type": "Feature", "properties": { "zona": "106" }, "geometry": { "type": "Polygon", "coordinates": [ [ [ -71.224515492637337, -29.930749148975604 ], [ -71.223814868876929, -29.930120775544616 ], [ -71.223790859805277, -29.929241064341166 ], [ -71.223733426309082, -29.928325298152807 ], [ -71.223905411236288, -29.927721881755428 ], [ -71.224079658327454, -29.927024444451966 ], [ -71.224375126313632, -29.926555317275671 ], [ -71.224207636227206, -29.926170488897593 ], [ -71.223637673636119, -29.926009008692237 ], [ -71.222600657392306, -29.926266059116934 ], [ -71.22182869097368, -29.926387400166593 ], [ -71.220595225255323, -29.925936022418604 ], [ -71.219598344398378, -29.925254620719272 ], [ -71.218794461074538, -29.924253018053268 ], [ -71.21848816377117, -29.923765351427029 ], [ -71.218107853636695, -29.923205601452963 ], [ -71.217671664574269, -29.923422193526793 ], [ -71.217413120738811, -29.923882297234098 ], [ -71.21717906293874, -29.924626462326096 ], [ -71.21683644383458, -29.925250510166155 ], [ -71.215946260489744, -29.925910282897529 ], [ -71.215584364602861, -29.926023338547871 ], [ -71.213994244234783, -29.925958966003819 ], [ -71.213315790762252, -29.926100062443851 ], [ -71.212519114202678, -29.926760948288152 ], [ -71.211960371743515, -29.927032704510232 ], [ -71.210691239779564, -29.927434893534098 ], [ -71.206524421355283, -29.929377355086711 ], [ -71.205678103652716, -29.929676629768412 ], [ -71.204818223650378, -29.929779410962873 ], [ -71.203766300769672, -29.929484572050594 ], [ -71.200058228087386, -29.930585219185879 ], [ -71.193624154321128, -29.931937359971048 ], [ -71.190552511005095, -29.922136236500464 ], [ -71.188898926075197, -29.916706970818801 ], [ -71.188330810360341, -29.916262088885411 ], [ -71.183461041686812, -29.91955543813533 ], [ -71.182051910728887, -29.91582004668064 ], [ -71.176658053893959, -29.918768438446005 ], [ -71.174253541229859, -29.920125347305785 ], [ -71.170574586289931, -29.922242005011885 ], [ -71.165511250347393, -29.925152406292774 ], [ -71.164379399076736, -29.927387751536614 ], [ -71.165663610734782, -29.928780207325691 ], [ -71.166402372616119, -29.930535005808494 ], [ -71.165273981846241, -29.931228218963696 ], [ -71.165301805369481, -29.932512785588219 ], [ -71.165839645172554, -29.935202612491352 ], [ -71.167121112653049, -29.936466564434092 ], [ -71.167660999575716, -29.937549956588533 ], [ -71.167797426910738, -29.938736404419597 ], [ -71.170072522476744, -29.939887642584186 ], [ -71.171214926177683, -29.939836711067922 ], [ -71.172056661645541, -29.939533668881445 ], [ -71.173118390848998, -29.939162773636458 ], [ -71.173701393270079, -29.938831878895527 ], [ -71.174354581976303, -29.938339184765653 ], [ -71.174884617716543, -29.937270275627782 ], [ -71.175502391181652, -29.936842470379982 ], [ -71.176128549501456, -29.936800020393374 ], [ -71.176687232576867, -29.937047759392829 ], [ -71.17724451983625, -29.937231299663235 ], [ -71.177867794222848, -29.937060360185672 ], [ -71.178636588459696, -29.936790682740163 ], [ -71.179299542640734, -29.936747609277798 ], [ -71.179577253630853, -29.93764253633007 ], [ -71.18014085437656, -29.938115126611283 ], [ -71.180831231814437, -29.939324497772184 ], [ -71.18137548711978, -29.940600503242351 ], [ -71.181900824430102, -29.941009409113732 ], [ -71.182933570428418, -29.942695010924126 ], [ -71.18379502594982, -29.943291086192943 ], [ -71.184441580243316, -29.944179975627389 ], [ -71.18478330317717, -29.944624022858719 ], [ -71.185830541587777, -29.945281311673334 ], [ -71.186495739076605, -29.945334491556945 ], [ -71.188182489812306, -29.94318617404825 ], [ -71.188869702745109, -29.942564406358358 ], [ -71.189812993722256, -29.941841960337104 ], [ -71.191792151482872, -29.941262916238713 ], [ -71.19351819435866, -29.940912914095883 ], [ -71.194876870100671, -29.940633229438934 ], [ -71.195653314875202, -29.940716710131365 ], [ -71.196327660730361, -29.941187381986744 ], [ -71.197077109434801, -29.941721016524426 ], [ -71.19772023277406, -29.94244916696324 ], [ -71.198393185555659, -29.942855541625875 ], [ -71.199394412445088, -29.943095885467823 ], [ -71.200639697996863, -29.942689596372798 ], [ -71.202301466313429, -29.941939005379563 ], [ -71.205398794718263, -29.942099960883588 ], [ -71.207358910309154, -29.942198276232194 ], [ -71.209504274825889, -29.940457092452544 ], [ -71.20972678804543, -29.940442266539819 ], [ -71.210461508702892, -29.940241614823574 ], [ -71.211077762149259, -29.940102836594182 ], [ -71.211735385416304, -29.939872895851696 ], [ -71.213097088935712, -29.93947869780229 ], [ -71.213254402880835, -29.939354653275988 ], [ -71.215615368641565, -29.937583596362359 ], [ -71.220979775827814, -29.935853723623591 ], [ -71.222418407686163, -29.934517769199974 ], [ -71.222713130638553, -29.934129111088449 ], [ -71.223406239578239, -29.933439516619146 ], [ -71.2237218544591, -29.932397046134138 ], [ -71.224515492637337, -29.930749148975604 ] ] ] } },
{ "type": "Feature", "properties": { "zona": "89" }, "geometry": { "type": "Polygon", "coordinates": [ [ [ -71.241371383678583, -29.945120891120489 ], [ -71.240724360100259, -29.942492832229625 ], [ -71.240139351536385, -29.940114812931128 ], [ -71.23974140888258, -29.938555635206221 ], [ -71.239402184704318, -29.937226443757663 ], [ -71.239174537048896, -29.936313853893353 ], [ -71.238100189273609, -29.936557953465762 ], [ -71.236561956757541, -29.936907780223184 ], [ -71.236264928665989, -29.936973702932608 ], [ -71.235131363481514, -29.937247736064776 ], [ -71.234907521241666, -29.937301861488589 ], [ -71.234543283539111, -29.937387320004873 ], [ -71.233992152574729, -29.937689796464795 ], [ -71.233473809217685, -29.937602167235852 ], [ -71.233216522526391, -29.937642696339744 ], [ -71.232078614063951, -29.937830100879825 ], [ -71.231251309049966, -29.938375898124626 ], [ -71.229722375410617, -29.938739198600839 ], [ -71.227778490426516, -29.939362403196675 ], [ -71.226819110691437, -29.939394947509712 ], [ -71.222510648197144, -29.943312680455808 ], [ -71.222334052774059, -29.943422088841583 ], [ -71.221631393363623, -29.947008157360305 ], [ -71.22233840308381, -29.948114368669732 ], [ -71.223309422540027, -29.947649086588463 ], [ -71.223727095690322, -29.947540658063836 ], [ -71.224128711558379, -29.947716250073906 ], [ -71.224361126354324, -29.948007440762815 ], [ -71.224185661421615, -29.948582234312319 ], [ -71.224323736544633, -29.949182399389496 ], [ -71.225109658756523, -29.949388477452711 ], [ -71.225393798038624, -29.949570198594373 ], [ -71.225494101966234, -29.949847203565202 ], [ -71.225401761511719, -29.950364763878305 ], [ -71.225406798680552, -29.950682883379827 ], [ -71.225655429366427, -29.950961440747118 ], [ -71.22612234369285, -29.951107240914659 ], [ -71.226423883171037, -29.951122708499504 ], [ -71.226757276853192, -29.951612959240478 ], [ -71.226563886241053, -29.952065304467443 ], [ -71.226554134773622, -29.952352105825643 ], [ -71.226783191909632, -29.952568487203429 ], [ -71.227213254271035, -29.952386690330375 ], [ -71.241371383678583, -29.945120891120489 ] ] ] } },
{ "type": "Feature", "properties": { "zona": "102" }, "geometry": { "type": "Polygon", "coordinates": [ [ [ -71.241371383678583, -29.945120891120489 ], [ -71.227213254271035, -29.952386690330375 ], [ -71.228100470496827, -29.954091683131544 ], [ -71.234818023932689, -29.966478439571357 ], [ -71.237362256006406, -29.962891710734471 ], [ -71.238205685588298, -29.960500958872142 ], [ -71.240390314561154, -29.959200831539839 ], [ -71.241293360108415, -29.955873831841782 ], [ -71.241591334444152, -29.95566889184515 ], [ -71.242528034155043, -29.954345862092062 ], [ -71.24395220034495, -29.95331116841205 ], [ -71.244551510057704, -29.952960837073299 ], [ -71.245007270342597, -29.952863507317961 ], [ -71.241559171776061, -29.945872886882917 ], [ -71.241371383678583, -29.945120891120489 ] ] ] } },
{ "type": "Feature", "properties": { "zona": "107" }, "geometry": { "type": "Polygon", "coordinates": [ [ [ -71.25677204359809, -29.967678225587402 ], [ -71.25658434054445, -29.966003854837073 ], [ -71.256159068452888, -29.96147939801504 ], [ -71.253370346503019, -29.96166983252234 ], [ -71.251924392526021, -29.961811006560371 ], [ -71.250066474969259, -29.961977964731876 ], [ -71.249260080294647, -29.962011042196863 ], [ -71.247772323944631, -29.962071891416709 ], [ -71.246529823238077, -29.962128449875038 ], [ -71.24775100536958, -29.963333427028587 ], [ -71.249423854156376, -29.965742241115791 ], [ -71.250303309305863, -29.966936433181022 ], [ -71.251094365563674, -29.967456493653152 ], [ -71.252183252392186, -29.967298615120168 ], [ -71.253519847480575, -29.966608859493878 ], [ -71.254725542988353, -29.966611398673411 ], [ -71.255292772329724, -29.967248277517481 ], [ -71.255890710121434, -29.967474430164764 ], [ -71.25677204359809, -29.967678225587402 ] ] ] } }
]
}
