{
"type": "FeatureCollection",
"name": "Curicó",
"crs": { "type": "name", "properties": { "name": "urn:ogc:def:crs:OGC:1.3:CRS84" } },
"features": [
{ "type": "Feature", "properties": { "zona": "10001" }, "geometry": { "type": "Polygon", "coordinates": [ [ [ -71.226995877301292, -34.956336772296353 ], [ -71.227348563019035, -34.957953999358033 ], [ -71.227409963307394, -34.958289999319369 ], [ -71.227504363707212, -34.958737599262477 ], [ -71.227533063840468, -34.958892199244509 ], [ -71.227551063941405, -34.959016799232202 ], [ -71.234393258053615, -34.964971499726197 ], [ -71.234493276278243, -34.964861296048234 ], [ -71.234667076373995, -34.964669795981017 ], [ -71.235229777054357, -34.964636795741598 ], [ -71.235692977615372, -34.96461109554447 ], [ -71.236173378195517, -34.964581795340116 ], [ -71.236674778806318, -34.964559695126482 ], [ -71.237344779616095, -34.964519894841416 ], [ -71.237318679386462, -34.964207594864135 ], [ -71.237786579951276, -34.964178694665101 ], [ -71.238277380540794, -34.964143794456447 ], [ -71.238758981115964, -34.964104294251918 ], [ -71.238985981385497, -34.964083194155599 ], [ -71.240198982859312, -34.96402359363892 ], [ -71.240366883371593, -34.964503693549283 ], [ -71.24048598374965, -34.964867493484824 ], [ -71.240549183972988, -34.965096493449302 ], [ -71.240633184254605, -34.96537679340296 ], [ -71.241109984830175, -34.965347393200041 ], [ -71.241507985313405, -34.965327293030512 ], [ -71.241927785820337, -34.965301692851867 ], [ -71.242365086404533, -34.965363992662454 ], [ -71.242359186320897, -34.965243092669454 ], [ -71.242914086982054, -34.965195192433825 ], [ -71.24348058766688, -34.965161792192646 ], [ -71.24382118807678, -34.965138892047747 ], [ -71.245092489536191, -34.964941491511027 ], [ -71.245602090121167, -34.964862391295881 ], [ -71.24613759073587, -34.964779191069788 ], [ -71.246647191320861, -34.964700090854613 ], [ -71.248829993826376, -34.964361089932886 ], [ -71.248870893872635, -34.964353689915619 ], [ -71.249226793931342, -34.963744689785919 ], [ -71.250948094267912, -34.96088268915544 ], [ -71.251376986829541, -34.960175427528895 ], [ -71.229112710304761, -34.958686167171344 ], [ -71.228560143629494, -34.956072986464683 ], [ -71.226995877301292, -34.956336772296353 ] ] ] } },
{ "type": "Feature", "properties": { "zona": "10002" }, "geometry": { "type": "Polygon", "coordinates": [ [ [ -71.248870893872635, -34.964353689915619 ], [ -71.248750594336443, -34.965325189931043 ], [ -71.24858509516838, -34.966968589940826 ], [ -71.253070821885473, -34.967904605074033 ], [ -71.254559378299774, -34.968870139354529 ], [ -71.255408555676681, -34.969564915404483 ], [ -71.256446584107181, -34.970405438993218 ], [ -71.257528966261091, -34.971244247845121 ], [ -71.257487708987597, -34.971281685967838 ], [ -71.257050108667443, -34.971637786142047 ], [ -71.256718808298714, -34.971707586281362 ], [ -71.257154209088398, -34.972098386080262 ], [ -71.257617109901148, -34.972471485868098 ], [ -71.258129295647947, -34.973461604233876 ], [ -71.258008323432264, -34.975562471122295 ], [ -71.257878212284837, -34.975726385634985 ], [ -71.258355812862234, -34.975698185431419 ], [ -71.25881691339697, -34.975635085236199 ], [ -71.25926011393193, -34.975607585047314 ], [ -71.259771714583906, -34.975630284827247 ], [ -71.260328615304772, -34.975672684586989 ], [ -71.260561015613064, -34.975702184486302 ], [ -71.261462916827938, -34.975845784094417 ], [ -71.261998017510848, -34.975871083864178 ], [ -71.262098817636371, -34.975870983820961 ], [ -71.262240617804522, -34.975857383760712 ], [ -71.262929418547401, -34.975674783472279 ], [ -71.263501319147736, -34.975497183233756 ], [ -71.26553632120735, -34.974744182389522 ], [ -71.265732321401785, -34.97466548230841 ], [ -71.267802223414535, -34.973770081454418 ], [ -71.26843762406196, -34.973541981190472 ], [ -71.271090927194606, -34.97326788006292 ], [ -71.272042872704134, -34.973238679075436 ], [ -71.271905173641443, -34.972568977587812 ], [ -71.271006632341482, -34.972596173525133 ], [ -71.268353350380707, -34.972870272016813 ], [ -71.268310619141033, -34.972879599007236 ], [ -71.268331375539802, -34.972748163893769 ], [ -71.26830828737954, -34.972644504324812 ], [ -71.268227653439126, -34.972554952429803 ], [ -71.268135549066514, -34.972470139963846 ], [ -71.267796301698198, -34.972201831834276 ], [ -71.265840500945686, -34.970995083018344 ], [ -71.264496073887372, -34.970291564953179 ], [ -71.263797959322574, -34.969983371353351 ], [ -71.263051923086692, -34.969591192737838 ], [ -71.262908827471904, -34.969503089241762 ], [ -71.26281912911297, -34.969426649116905 ], [ -71.262714587511553, -34.969301477562652 ], [ -71.262223772637952, -34.968584965016348 ], [ -71.262117204559459, -34.968456145688378 ], [ -71.261990085326389, -34.968380009120871 ], [ -71.261796232466168, -34.968342091035858 ], [ -71.261569187478543, -34.968353207388553 ], [ -71.261350427889113, -34.968445738875538 ], [ -71.261158739699113, -34.968505584764749 ], [ -71.260953061853925, -34.96850562697054 ], [ -71.260740817750744, -34.968462091249812 ], [ -71.260535381390952, -34.968489311903511 ], [ -71.260296600568907, -34.968527455329166 ], [ -71.259844604642538, -34.968571163126597 ], [ -71.259458746008193, -34.968614898158663 ], [ -71.259079598459948, -34.96863136718666 ], [ -71.258720448892177, -34.968647828915209 ], [ -71.258408195609988, -34.968696964862112 ], [ -71.258167146378668, -34.968813745277231 ], [ -71.251475901958074, -34.960410027401394 ], [ -71.251612264584566, -34.960191143102136 ], [ -71.251376986829541, -34.960175427528895 ], [ -71.250948094267912, -34.96088268915544 ], [ -71.249226793931342, -34.963744689785919 ], [ -71.248870893872635, -34.964353689915619 ] ] ] } },
{ "type": "Feature", "properties": { "zona": "10003" }, "geometry": { "type": "Polygon", "coordinates": [ [ [ -71.257878212284837, -34.975726385634985 ], [ -71.258164713024811, -34.976331885489685 ], [ -71.258155413099033, -34.976467585488614 ], [ -71.258148813304103, -34.976804785478876 ], [ -71.25813541350486, -34.977148585471845 ], [ -71.258114213692394, -34.977486885468323 ], [ -71.258094313883461, -34.977828185464134 ], [ -71.258088614212383, -34.978359485446774 ], [ -71.258273014397574, -34.978288885370389 ], [ -71.258299914776245, -34.978834585338525 ], [ -71.258358315145102, -34.979302585296089 ], [ -71.258477315722104, -34.979980285219867 ], [ -71.25869951673333, -34.981140985081403 ], [ -71.258918616989675, -34.98111448498851 ], [ -71.259073417170754, -34.981095684922856 ], [ -71.259374617523207, -34.98105928479513 ], [ -71.259456617619151, -34.981049384760354 ], [ -71.259792518012105, -34.981008684617926 ], [ -71.259848018077051, -34.9810019845944 ], [ -71.260270418571281, -34.980950884415265 ], [ -71.260677519113315, -34.98100558423873 ], [ -71.260730919178442, -34.981003284215937 ], [ -71.261153519665228, -34.980940084037186 ], [ -71.261618620208239, -34.980881983839993 ], [ -71.261841326633728, -34.980960353271442 ], [ -71.266609853003857, -34.980709131913265 ], [ -71.267056896239353, -34.980930561975626 ], [ -71.267766527511924, -34.980552304971461 ], [ -71.267684290165292, -34.980243785697191 ], [ -71.267602824728343, -34.979549296392712 ], [ -71.267530564260042, -34.97804288087594 ], [ -71.267519974958248, -34.977150736020711 ], [ -71.267553146109975, -34.975728603379103 ], [ -71.267611728120329, -34.974939006671669 ], [ -71.268034165435807, -34.97476228008491 ], [ -71.268669572885884, -34.974534178371307 ], [ -71.271322906801785, -34.974260071013326 ], [ -71.272246769720624, -34.974230312023366 ], [ -71.272042872704134, -34.973238679075436 ], [ -71.271090927194606, -34.97326788006292 ], [ -71.26843762406196, -34.973541981190472 ], [ -71.267802223414535, -34.973770081454418 ], [ -71.265732321401785, -34.97466548230841 ], [ -71.26553632120735, -34.974744182389522 ], [ -71.263501319147736, -34.975497183233756 ], [ -71.262929418547401, -34.975674783472279 ], [ -71.262240617804522, -34.975857383760712 ], [ -71.262098817636371, -34.975870983820961 ], [ -71.261998017510848, -34.975871083864178 ], [ -71.261462916827938, -34.975845784094417 ], [ -71.260561015613064, -34.975702184486302 ], [ -71.260328615304772, -34.975672684586989 ], [ -71.259771714583906, -34.975630284827247 ], [ -71.25926011393193, -34.975607585047314 ], [ -71.25881691339697, -34.975635085236199 ], [ -71.258355812862234, -34.975698185431419 ], [ -71.257878212284837, -34.975726385634985 ] ] ] } },
{ "type": "Feature", "properties": { "zona": "11901" }, "geometry": { "type": "Polygon", "coordinates": [ [ [ -71.252717005963007, -34.975901787839433 ], [ -71.252825606806951, -34.977022587751215 ], [ -71.252860807035688, -34.977314987725279 ], [ -71.252919107487486, -34.977914687677981 ], [ -71.252967761717812, -34.978046195627172 ], [ -71.253192773355266, -34.978968597032363 ], [ -71.253482530863721, -34.979885116872289 ], [ -71.253535009496318, -34.979877487341149 ], [ -71.253560809592827, -34.979979287326337 ], [ -71.253562909803733, -34.98030868731319 ], [ -71.253567610043248, -34.9806781872974 ], [ -71.253810611449268, -34.980649943480365 ], [ -71.254036525229111, -34.981614905464838 ], [ -71.253793796795605, -34.981653400182424 ], [ -71.253816411073132, -34.981816287148483 ], [ -71.25441371175198, -34.981712286896453 ], [ -71.255687913222005, -34.981524986357556 ], [ -71.255928113493724, -34.981481186256246 ], [ -71.256678714353924, -34.981361785939129 ], [ -71.256881914606666, -34.981360885852077 ], [ -71.257321015120453, -34.981307785665905 ], [ -71.258002915918297, -34.981225285376759 ], [ -71.258476416472305, -34.981167985176015 ], [ -71.25869951673333, -34.981140985081403 ], [ -71.258477315722104, -34.979980285219867 ], [ -71.258358315145102, -34.979302585296089 ], [ -71.258299914776245, -34.978834585338525 ], [ -71.258273014397574, -34.978288885370389 ], [ -71.258088614212383, -34.978359485446774 ], [ -71.258094313883461, -34.977828185464134 ], [ -71.258114213692394, -34.977486885468323 ], [ -71.25813541350486, -34.977148585471845 ], [ -71.258148813304103, -34.976804785478876 ], [ -71.258155413099033, -34.976467585488614 ], [ -71.258164713024811, -34.976331885489685 ], [ -71.257878212284837, -34.975726385634985 ], [ -71.25579790965007, -34.975659986528719 ], [ -71.255119808812452, -34.975671886818773 ], [ -71.254333507877575, -34.975743287152959 ], [ -71.253799607251665, -34.975805787379329 ], [ -71.252717005963007, -34.975901787839433 ] ] ] } },
{ "type": "Feature", "properties": { "zona": "11902" }, "geometry": { "type": "Polygon", "coordinates": [ [ [ -71.248346700747717, -34.976268889697302 ], [ -71.246513752942363, -34.976453731244455 ], [ -71.246581498784593, -34.97664419043906 ], [ -71.246862599750813, -34.97761869028254 ], [ -71.246987300501047, -34.978559890194191 ], [ -71.24695600121261, -34.979747490163483 ], [ -71.246865401799468, -34.980854690161138 ], [ -71.246780802281265, -34.981783890162852 ], [ -71.246851502371698, -34.981787490132447 ], [ -71.247806203590272, -34.981832289722007 ], [ -71.24821470411672, -34.981859389546052 ], [ -71.24869390473161, -34.981886989339856 ], [ -71.248852304929969, -34.98188838927198 ], [ -71.248994405140834, -34.981941689209116 ], [ -71.249061105251116, -34.981984589178957 ], [ -71.24912728942445, -34.981901226747759 ], [ -71.24901210562453, -34.981415877220236 ], [ -71.251131207256961, -34.981075188326216 ], [ -71.253298209740251, -34.980730087410898 ], [ -71.253567610043248, -34.9806781872974 ], [ -71.253562909803733, -34.98030868731319 ], [ -71.253560809592827, -34.979979287326337 ], [ -71.253535009496318, -34.979877487341149 ], [ -71.253482530863721, -34.979885116872289 ], [ -71.253192773355266, -34.978968597032363 ], [ -71.252967761717812, -34.978046195627172 ], [ -71.252919107487486, -34.977914687677981 ], [ -71.252860807035688, -34.977314987725279 ], [ -71.252825606806951, -34.977022587751215 ], [ -71.252717005963007, -34.975901787839433 ], [ -71.251403204403417, -34.976025088397527 ], [ -71.250336703130927, -34.976114988850917 ], [ -71.248346700747717, -34.976268889697302 ] ] ] } },
{ "type": "Feature", "properties": { "zona": "12801" }, "geometry": { "type": "Polygon", "coordinates": [ [ [ -71.252717005963007, -34.975901787839433 ], [ -71.253799607251665, -34.975805787379329 ], [ -71.254333507877575, -34.975743287152959 ], [ -71.255119808812452, -34.975671886818773 ], [ -71.25579790965007, -34.975659986528719 ], [ -71.257878212284837, -34.975726385634985 ], [ -71.258008323432264, -34.975562471122295 ], [ -71.258129295647947, -34.973461604233876 ], [ -71.257617109901148, -34.972471485868098 ], [ -71.257154209088398, -34.972098386080262 ], [ -71.256718808298714, -34.971707586281362 ], [ -71.257050108667443, -34.971637786142047 ], [ -71.257487708987597, -34.971281685967838 ], [ -71.257528966261091, -34.971244247845121 ], [ -71.256446584107181, -34.970405438993218 ], [ -71.255408555676681, -34.969564915404483 ], [ -71.254559378299774, -34.968870139354529 ], [ -71.253070821885473, -34.967904605074033 ], [ -71.252370002469277, -34.971058788168179 ], [ -71.252383702601264, -34.971240588155553 ], [ -71.252405402940894, -34.971735188127852 ], [ -71.252410803214488, -34.972157388109842 ], [ -71.252433903527077, -34.972606388083257 ], [ -71.252439503733839, -34.972922488069109 ], [ -71.252469103931972, -34.97317758804693 ], [ -71.252528304220874, -34.973517888008921 ], [ -71.25258220463526, -34.974067187965403 ], [ -71.252643505001728, -34.974526087922087 ], [ -71.252718905357796, -34.974940687874387 ], [ -71.252725105515722, -34.975178287862889 ], [ -71.252717005963007, -34.975901787839433 ] ] ] } },
{ "type": "Feature", "properties": { "zona": "12802" }, "geometry": { "type": "Polygon", "coordinates": [ [ [ -71.248315596295782, -34.969284689970102 ], [ -71.248262996568997, -34.969820889972695 ], [ -71.248218796762629, -34.970214589977026 ], [ -71.248167297002809, -34.970696289981127 ], [ -71.248146897122083, -34.970925289981366 ], [ -71.248127597215984, -34.97111198998271 ], [ -71.248144097579001, -34.971653989955492 ], [ -71.248163497908777, -34.972137689929241 ], [ -71.248189998254901, -34.972633189899462 ], [ -71.248225198585146, -34.973086389867532 ], [ -71.248235898961397, -34.973660689841623 ], [ -71.248258999203387, -34.973998089819197 ], [ -71.248273699338043, -34.974182189806072 ], [ -71.248318799776072, -34.974786389764304 ], [ -71.248322299815442, -34.974841789760752 ], [ -71.248320200131189, -34.975345589742936 ], [ -71.248346700747717, -34.976268889697302 ], [ -71.250336703130927, -34.976114988850917 ], [ -71.251403204403417, -34.976025088397527 ], [ -71.252717005963007, -34.975901787839433 ], [ -71.252725105515722, -34.975178287862889 ], [ -71.252718905357796, -34.974940687874387 ], [ -71.252643505001728, -34.974526087922087 ], [ -71.25258220463526, -34.974067187965403 ], [ -71.252528304220874, -34.973517888008921 ], [ -71.252469103931972, -34.97317758804693 ], [ -71.252439503733839, -34.972922488069109 ], [ -71.252433903527077, -34.972606388083257 ], [ -71.252410803214488, -34.972157388109842 ], [ -71.252405402940894, -34.971735188127852 ], [ -71.252383702601264, -34.971240588155553 ], [ -71.252370002469277, -34.971058788168179 ], [ -71.253070821885473, -34.967904605074033 ], [ -71.24858509516838, -34.966968589940826 ], [ -71.24852389538303, -34.967429089949889 ], [ -71.248486095602985, -34.967851789950373 ], [ -71.248444495785961, -34.968223489954354 ], [ -71.24839709599793, -34.968652489958707 ], [ -71.248315596295782, -34.969284689970102 ] ] ] } },
{ "type": "Feature", "properties": { "zona": "12901" }, "geometry": { "type": "Polygon", "coordinates": [ [ [ -71.243600520430334, -34.972938426710407 ], [ -71.243955793349528, -34.973221891690088 ], [ -71.244759794800657, -34.973932691319611 ], [ -71.245650896562481, -34.974963290899908 ], [ -71.246159697688441, -34.975741590653165 ], [ -71.246460398440007, -34.976337790502299 ], [ -71.246513752942363, -34.976453731244455 ], [ -71.248346700747717, -34.976268889697302 ], [ -71.248320200131189, -34.975345589742936 ], [ -71.248322299815442, -34.974841789760752 ], [ -71.248318799776072, -34.974786389764304 ], [ -71.248273699338043, -34.974182189806072 ], [ -71.248258999203387, -34.973998089819197 ], [ -71.248235898961397, -34.973660689841623 ], [ -71.248225198585146, -34.973086389867532 ], [ -71.248189998254901, -34.972633189899462 ], [ -71.248163497908777, -34.972137689929241 ], [ -71.248106897840984, -34.972141989953307 ], [ -71.245339994554143, -34.972397791128252 ], [ -71.243904192848134, -34.972529991737872 ], [ -71.243939293189356, -34.97300089170534 ], [ -71.243600520430334, -34.972938426710407 ] ] ] } },
{ "type": "Feature", "properties": { "zona": "13601" }, "geometry": { "type": "Polygon", "coordinates": [ [ [ -71.234393258053615, -34.964971499726197 ], [ -71.238837061180973, -34.968838209232757 ], [ -71.239278384728095, -34.968800993855552 ], [ -71.239587885097322, -34.968774893724138 ], [ -71.239944885519634, -34.968739093572744 ], [ -71.240294285926709, -34.968694193424916 ], [ -71.240656986347545, -34.968644793271551 ], [ -71.241011386758828, -34.968596693121711 ], [ -71.241509587339905, -34.968533692910881 ], [ -71.241439687100183, -34.968291992949759 ], [ -71.241884587626188, -34.968246992761088 ], [ -71.242279488107457, -34.96822979259273 ], [ -71.242701888622776, -34.968212292412652 ], [ -71.243125989130007, -34.968178592232398 ], [ -71.243515389594307, -34.968145392066994 ], [ -71.243934390096356, -34.968113591888866 ], [ -71.243999990340924, -34.968371391851214 ], [ -71.244647491108338, -34.968308891576456 ], [ -71.245180291738123, -34.968254791350446 ], [ -71.2456899923436, -34.968207791134027 ], [ -71.245895593415668, -34.969499390998038 ], [ -71.246027793573091, -34.969487790941898 ], [ -71.246435694056629, -34.969448590768771 ], [ -71.24668949435943, -34.969427290660882 ], [ -71.247016594744025, -34.96939079052224 ], [ -71.247107094852311, -34.969383690483753 ], [ -71.24823909620163, -34.969286590002781 ], [ -71.248315596295782, -34.969284689970102 ], [ -71.24839709599793, -34.968652489958707 ], [ -71.248444495785961, -34.968223489954354 ], [ -71.248486095602985, -34.967851789950373 ], [ -71.24852389538303, -34.967429089949889 ], [ -71.24858509516838, -34.966968589940826 ], [ -71.248750594336443, -34.965325189931043 ], [ -71.248870893872635, -34.964353689915619 ], [ -71.248829993826376, -34.964361089932886 ], [ -71.246647191320861, -34.964700090854613 ], [ -71.24613759073587, -34.964779191069788 ], [ -71.245602090121167, -34.964862391295881 ], [ -71.245092489536191, -34.964941491511027 ], [ -71.24382118807678, -34.965138892047747 ], [ -71.24348058766688, -34.965161792192646 ], [ -71.242914086982054, -34.965195192433825 ], [ -71.242359186320897, -34.965243092669454 ], [ -71.242365086404533, -34.965363992662454 ], [ -71.241927785820337, -34.965301692851867 ], [ -71.241507985313405, -34.965327293030512 ], [ -71.241109984830175, -34.965347393200041 ], [ -71.240633184254605, -34.96537679340296 ], [ -71.240549183972988, -34.965096493449302 ], [ -71.24048598374965, -34.964867493484824 ], [ -71.240366883371593, -34.964503693549283 ], [ -71.240198982859312, -34.96402359363892 ], [ -71.238985981385497, -34.964083194155599 ], [ -71.238758981115964, -34.964104294251918 ], [ -71.238277380540794, -34.964143794456447 ], [ -71.237786579951276, -34.964178694665101 ], [ -71.237318679386462, -34.964207594864135 ], [ -71.237344779616095, -34.964519894841416 ], [ -71.236674778806318, -34.964559695126482 ], [ -71.236173378195517, -34.964581795340116 ], [ -71.235692977615372, -34.96461109554447 ], [ -71.235229777054357, -34.964636795741598 ], [ -71.234667076373995, -34.964669795981017 ], [ -71.234493276278243, -34.964861296048234 ], [ -71.234393258053615, -34.964971499726197 ] ] ] } },
{ "type": "Feature", "properties": { "zona": "13701" }, "geometry": { "type": "Polygon", "coordinates": [ [ [ -71.238837061180959, -34.968838209232757 ], [ -71.242989491658136, -34.972450892132272 ], [ -71.24360052043032, -34.9729384267104 ], [ -71.243939293189356, -34.973000891705333 ], [ -71.243904192848134, -34.972529991737872 ], [ -71.245339994554129, -34.972397791128238 ], [ -71.24810689784097, -34.972141989953307 ], [ -71.248163497908777, -34.972137689929241 ], [ -71.248144097579001, -34.971653989955492 ], [ -71.248127597215984, -34.97111198998271 ], [ -71.248146897122083, -34.970925289981366 ], [ -71.248167297002809, -34.970696289981127 ], [ -71.248218796762629, -34.970214589977019 ], [ -71.248262996568982, -34.969820889972695 ], [ -71.248315596295768, -34.969284689970102 ], [ -71.248239096201615, -34.969286590002781 ], [ -71.247107094852296, -34.969383690483753 ], [ -71.247016594744025, -34.96939079052224 ], [ -71.24668949435943, -34.969427290660875 ], [ -71.246435694056615, -34.969448590768771 ], [ -71.246027793573091, -34.969487790941891 ], [ -71.245895593415653, -34.969499390998038 ], [ -71.245689992343586, -34.968207791134027 ], [ -71.245180291738123, -34.968254791350446 ], [ -71.244647491108338, -34.968308891576456 ], [ -71.243999990340924, -34.968371391851214 ], [ -71.243934390096342, -34.968113591888866 ], [ -71.243515389594293, -34.968145392066994 ], [ -71.243125989129993, -34.968178592232384 ], [ -71.242701888622776, -34.968212292412645 ], [ -71.242279488107457, -34.96822979259273 ], [ -71.241884587626188, -34.968246992761081 ], [ -71.241439687100183, -34.968291992949759 ], [ -71.241509587339891, -34.968533692910867 ], [ -71.241011386758828, -34.968596693121711 ], [ -71.240656986347531, -34.968644793271551 ], [ -71.240294285926709, -34.968694193424916 ], [ -71.23994488551962, -34.968739093572744 ], [ -71.239587885097322, -34.968774893724138 ], [ -71.239278384728095, -34.968800993855545 ], [ -71.238837061180959, -34.968838209232757 ] ] ] } },
{ "type": "Feature", "properties": { "zona": "20001" }, "geometry": { "type": "Polygon", "coordinates": [ [ [ -71.201385093024356, -34.960652495820341 ], [ -71.192182012104297, -34.962201906280576 ], [ -71.197881900882223, -34.970857544124236 ], [ -71.197910965863258, -34.970851896028776 ], [ -71.201153037617587, -34.969458010118615 ], [ -71.201853438396, -34.969307309825382 ], [ -71.203384640117122, -34.969008809183094 ], [ -71.203687140447855, -34.968935109056709 ], [ -71.204151741049515, -34.968970708857164 ], [ -71.20689384412853, -34.968431407706845 ], [ -71.217598257339034, -34.968219103144513 ], [ -71.21776355754578, -34.968220203073862 ], [ -71.217979057783836, -34.968171702983597 ], [ -71.218347258190548, -34.968088802829406 ], [ -71.218741258625769, -34.968000102664384 ], [ -71.219063858982111, -34.967927502529243 ], [ -71.219483059445196, -34.967833202353674 ], [ -71.219886559890938, -34.967742402184669 ], [ -71.220280460325995, -34.96765370201966 ], [ -71.220651560735917, -34.967570201864227 ], [ -71.221037161161831, -34.967483401702687 ], [ -71.221494961667432, -34.9673803015109 ], [ -71.221566661904717, -34.96761490147162 ], [ -71.222004962403958, -34.967540201287086 ], [ -71.222255262696237, -34.967509001181313 ], [ -71.222414329169467, -34.967488923168716 ], [ -71.222683863196352, -34.967454901000181 ], [ -71.223131163718023, -34.96739800081118 ], [ -71.223503464149388, -34.967346200653999 ], [ -71.223574464235355, -34.967342200623825 ], [ -71.223901764614126, -34.967295900485681 ], [ -71.224027464757285, -34.967274500432723 ], [ -71.224405365203111, -34.967234600272761 ], [ -71.22454406537102, -34.967226700213764 ], [ -71.225050765976022, -34.967184599998774 ], [ -71.225521266524041, -34.967123699799984 ], [ -71.225577466590877, -34.967118599776121 ], [ -71.226048567109615, -34.967010099578829 ], [ -71.226147067220381, -34.96699109953741 ], [ -71.226567767641981, -34.966828199363654 ], [ -71.226646667727138, -34.966807299330682 ], [ -71.227158968296393, -34.966697499115803 ], [ -71.227188268326088, -34.966686699103661 ], [ -71.227699768911606, -34.966604298888093 ], [ -71.228164269449849, -34.966539798691961 ], [ -71.228384069679763, -34.966469998600573 ], [ -71.228621669957079, -34.966440198500109 ], [ -71.229061270464967, -34.966376798314549 ], [ -71.229518870995832, -34.96631429812124 ], [ -71.229904571439491, -34.966255597958565 ], [ -71.230042672041094, -34.966936397874328 ], [ -71.231123673300885, -34.966797797417307 ], [ -71.231401173183514, -34.966063597325849 ], [ -71.231821173601872, -34.965897097152421 ], [ -71.23223487400854, -34.965724496981913 ], [ -71.232642074481419, -34.965669696809876 ], [ -71.233048274950789, -34.965611296638336 ], [ -71.233468975436168, -34.965549696460734 ], [ -71.233912275946835, -34.965483496273649 ], [ -71.234355176467361, -34.965433696086109 ], [ -71.234517676654519, -34.965409396017513 ], [ -71.23418617605742, -34.965117796170077 ], [ -71.234393258053601, -34.96497149972619 ], [ -71.227551063941391, -34.959016799232202 ], [ -71.227533063840468, -34.958892199244509 ], [ -71.227504363707197, -34.958737599262477 ], [ -71.22740996330738, -34.958289999319369 ], [ -71.227348563019021, -34.957953999358033 ], [ -71.226995877301277, -34.956336772296353 ], [ -71.201385093024356, -34.960652495820341 ] ] ] } },
{ "type": "Feature", "properties": { "zona": "20002" }, "geometry": { "type": "Polygon", "coordinates": [ [ [ -71.185482129120686, -34.952024650398734 ], [ -71.185785732016654, -34.952486135323767 ], [ -71.192182012104297, -34.962201906280576 ], [ -71.201385093024356, -34.960652495820341 ], [ -71.201091181960095, -34.960223255580964 ], [ -71.199425658246085, -34.957986574502719 ], [ -71.198260841660016, -34.956422187735164 ], [ -71.197861235969867, -34.955885492274554 ], [ -71.197645533102985, -34.955608794718103 ], [ -71.195449103910718, -34.952791219598531 ], [ -71.19464109250697, -34.951712428772623 ], [ -71.194110385294906, -34.951021534788907 ], [ -71.193285175597111, -34.949683673691098 ], [ -71.185482129120686, -34.952024650398734 ] ] ] } },
{ "type": "Feature", "properties": { "zona": "20003" }, "geometry": { "type": "Polygon", "coordinates": [ [ [ -71.185482129120686, -34.952024650398734 ], [ -71.193285175597111, -34.949683673691098 ], [ -71.20060599048108, -34.947486800713747 ], [ -71.202255312665102, -34.949400225556872 ], [ -71.205428102899802, -34.946029048103114 ], [ -71.209562837389583, -34.946172672288789 ], [ -71.210584132661609, -34.944885238629574 ], [ -71.210810797814787, -34.944619670904643 ], [ -71.211050018872072, -34.944434464414464 ], [ -71.211269489049059, -34.944314708533774 ], [ -71.211489044644338, -34.944233030116649 ], [ -71.204146405839964, -34.937821686117452 ], [ -71.20519016295512, -34.937144647747317 ], [ -71.19354531105823, -34.926979307594408 ], [ -71.19131160484045, -34.928597247769126 ], [ -71.172972406865583, -34.932992499347804 ], [ -71.173709100080856, -34.93421514820453 ], [ -71.174926935136924, -34.935885395032223 ], [ -71.175233057686995, -34.936338466215616 ], [ -71.178082141976802, -34.940555738949044 ], [ -71.178449913311596, -34.941100307294448 ], [ -71.17999682690936, -34.943389832705854 ], [ -71.181151093035993, -34.945098076765518 ], [ -71.181237536347993, -34.945225988438722 ], [ -71.18209612597677, -34.946635997906519 ], [ -71.1835084195923, -34.948955217380458 ], [ -71.183734803495724, -34.949326835678868 ], [ -71.184076639153929, -34.949888172505716 ], [ -71.184952342876215, -34.951219345471493 ], [ -71.185482129120686, -34.952024650398734 ] ] ] } },
{ "type": "Feature", "properties": { "zona": "22001" }, "geometry": { "type": "Polygon", "coordinates": [ [ [ -71.24369039523117, -34.976724091673695 ], [ -71.243479496240198, -34.978737291689242 ], [ -71.243307897015228, -34.980302491704585 ], [ -71.243300397031291, -34.98034269170634 ], [ -71.243176897632907, -34.981538491714794 ], [ -71.244665599561671, -34.981653491073253 ], [ -71.244713199623376, -34.981657191052754 ], [ -71.245692800893465, -34.981734290630506 ], [ -71.246167501501645, -34.9817601904263 ], [ -71.246394801790927, -34.981769490328674 ], [ -71.246674902145699, -34.98177829020841 ], [ -71.246780802281265, -34.981783890162852 ], [ -71.246865401799468, -34.980854690161138 ], [ -71.24695600121261, -34.979747490163483 ], [ -71.246987300501047, -34.978559890194191 ], [ -71.246862599750813, -34.97761869028254 ], [ -71.246581498784593, -34.97664419043906 ], [ -71.246513752942363, -34.976453731244455 ], [ -71.2452932971362, -34.976576790993043 ], [ -71.24524739708103, -34.976579991012585 ], [ -71.24421349585495, -34.976679291451454 ], [ -71.24369039523117, -34.976724091673695 ] ] ] } },
{ "type": "Feature", "properties": { "zona": "22101" }, "geometry": { "type": "Polygon", "coordinates": [ [ [ -71.239908990687482, -34.976993493282002 ], [ -71.239693091384524, -34.978523193317642 ], [ -71.23969039139314, -34.978542193318106 ], [ -71.239481892066223, -34.980019293352541 ], [ -71.239476592083307, -34.980056793353434 ], [ -71.239309692622172, -34.981239293381009 ], [ -71.240674494390376, -34.981344592793043 ], [ -71.241938396028274, -34.981442792248473 ], [ -71.243176897632907, -34.981538491714794 ], [ -71.243300397031291, -34.98034269170634 ], [ -71.243307897015228, -34.980302491704585 ], [ -71.243479496240198, -34.978737291689242 ], [ -71.24369039523117, -34.976724091673695 ], [ -71.242496893808578, -34.97682729218068 ], [ -71.24127689236056, -34.976942592698528 ], [ -71.240141391006233, -34.97703949318084 ], [ -71.239908990687482, -34.976993493282002 ] ] ] } },
{ "type": "Feature", "properties": { "zona": "22401" }, "geometry": { "type": "Polygon", "coordinates": [ [ [ -71.238478788787049, -34.976807493900843 ], [ -71.237490587614161, -34.976900994320182 ], [ -71.236114585984112, -34.977036194903825 ], [ -71.235589685361361, -34.977086295126469 ], [ -71.235298285008241, -34.97710239525054 ], [ -71.234067083512869, -34.977165095774851 ], [ -71.232535281628202, -34.977204796428538 ], [ -71.232600281843929, -34.977418196392811 ], [ -71.232636381938235, -34.977496296374483 ], [ -71.232781582368006, -34.977890296297815 ], [ -71.232767382377432, -34.977933296302304 ], [ -71.232746082415645, -34.978035896307588 ], [ -71.232837682651962, -34.97822929626124 ], [ -71.232954182969991, -34.9785029962013 ], [ -71.233106083490853, -34.979027996116905 ], [ -71.233184583759993, -34.979299296073286 ], [ -71.233463684834973, -34.980450695911273 ], [ -71.233556485059154, -34.980622495865205 ], [ -71.233575137494455, -34.980775056787827 ], [ -71.23371898534721, -34.980757795790694 ], [ -71.233831585518686, -34.980806995740721 ], [ -71.234061885823834, -34.980835495641159 ], [ -71.234924486940699, -34.98090089526972 ], [ -71.236636489158911, -34.981033194532415 ], [ -71.237937290844314, -34.981133693972154 ], [ -71.239309692622172, -34.981239293381009 ], [ -71.239476592083307, -34.980056793353434 ], [ -71.239481892066223, -34.980019293352541 ], [ -71.23969039139314, -34.978542193318106 ], [ -71.239693091384524, -34.978523193317642 ], [ -71.239908990687482, -34.976993493282002 ], [ -71.239611890203022, -34.976812893415804 ], [ -71.239209889660501, -34.976747393590252 ], [ -71.238478788787049, -34.976807493900843 ] ] ] } },
{ "type": "Feature", "properties": { "zona": "23001" }, "geometry": { "type": "Polygon", "coordinates": [ [ [ -71.237548485550647, -34.973518794420769 ], [ -71.23759568588838, -34.97396049438418 ], [ -71.237661186251472, -34.97440619433965 ], [ -71.237696586586679, -34.974867194307429 ], [ -71.237790587190332, -34.975637594238655 ], [ -71.238333587839065, -34.975592994007997 ], [ -71.238478788787049, -34.976807493900843 ], [ -71.239209889660501, -34.976747393590252 ], [ -71.239611890203022, -34.976812893415804 ], [ -71.239908990687482, -34.976993493282002 ], [ -71.240141391006233, -34.97703949318084 ], [ -71.24127689236056, -34.976942592698528 ], [ -71.242496893808578, -34.97682729218068 ], [ -71.24369039523117, -34.976724091673695 ], [ -71.24421349585495, -34.976679291451454 ], [ -71.24524739708103, -34.976579991012585 ], [ -71.2452932971362, -34.976576790993043 ], [ -71.246513752942363, -34.976453731244455 ], [ -71.246460398440007, -34.976337790502299 ], [ -71.246159697688441, -34.975741590653165 ], [ -71.245650896562481, -34.974963290899908 ], [ -71.244759794800657, -34.973932691319611 ], [ -71.243955793349528, -34.973221891690088 ], [ -71.243600520430334, -34.972938426710407 ], [ -71.242844691830058, -34.973008792173538 ], [ -71.2415555902991, -34.973128792720736 ], [ -71.240201688690348, -34.973253593295439 ], [ -71.238412686575742, -34.973436194054081 ], [ -71.237548485550647, -34.973518794420769 ] ] ] } },
{ "type": "Feature", "properties": { "zona": "23101" }, "geometry": { "type": "Polygon", "coordinates": [ [ [ -71.235142382923797, -34.974108695428093 ], [ -71.23528338369735, -34.975055595332734 ], [ -71.235393384326187, -34.975834395256811 ], [ -71.235589685361361, -34.977086295126469 ], [ -71.236114585984112, -34.977036194903825 ], [ -71.237490587614161, -34.976900994320182 ], [ -71.238478788787049, -34.976807493900843 ], [ -71.238333587839065, -34.975592994007997 ], [ -71.237790587190332, -34.975637594238655 ], [ -71.237696586586679, -34.974867194307429 ], [ -71.237661186251472, -34.97440619433965 ], [ -71.23759568588838, -34.97396049438418 ], [ -71.237548485550647, -34.973518794420769 ], [ -71.237486785182412, -34.973057394464234 ], [ -71.237447784876665, -34.972650094496004 ], [ -71.237392284555639, -34.972251194534543 ], [ -71.237264183785769, -34.971284694625162 ], [ -71.2367902831908, -34.971277894828134 ], [ -71.236314082593339, -34.971271695032044 ], [ -71.235872382038707, -34.971265195221228 ], [ -71.235360281396012, -34.971258195440505 ], [ -71.234896280816187, -34.971255895639054 ], [ -71.234769380847695, -34.971556395682192 ], [ -71.234897481587723, -34.972475795593375 ], [ -71.234962681969947, -34.972952495547808 ], [ -71.23506598258092, -34.973716395475336 ], [ -71.235142382923797, -34.974108695428093 ] ] ] } },
{ "type": "Feature", "properties": { "zona": "23201" }, "geometry": { "type": "Polygon", "coordinates": [ [ [ -71.231076176159206, -34.971421697266479 ], [ -71.231195276617086, -34.971911997197438 ], [ -71.231415577411497, -34.97273569707275 ], [ -71.231475377638787, -34.972977697038232 ], [ -71.231541277871813, -34.9732167970012 ], [ -71.231830278943804, -34.974344496835876 ], [ -71.232271479472431, -34.974310596648479 ], [ -71.232909380241651, -34.974269396377217 ], [ -71.233451580890346, -34.974226296146931 ], [ -71.233986481532497, -34.974187295919613 ], [ -71.234513982167044, -34.974150795695344 ], [ -71.235142382923797, -34.974108695428093 ], [ -71.23506598258092, -34.973716395475336 ], [ -71.234962681969947, -34.972952495547808 ], [ -71.234897481587723, -34.972475795593375 ], [ -71.234769380847695, -34.971556395682192 ], [ -71.234896280816187, -34.971255895639054 ], [ -71.234882180646693, -34.971015195654012 ], [ -71.234478480169017, -34.971055595825149 ], [ -71.233980379575485, -34.971098896036573 ], [ -71.233482978989272, -34.971152396247319 ], [ -71.232982878400009, -34.971206396459159 ], [ -71.23248237781263, -34.971264196671036 ], [ -71.231998177238353, -34.971310596876386 ], [ -71.231499076654003, -34.97137039708759 ], [ -71.231076176159206, -34.971421697266479 ] ] ] } },
{ "type": "Feature", "properties": { "zona": "23301" }, "geometry": { "type": "Polygon", "coordinates": [ [ [ -71.228747751750035, -34.969874815808588 ], [ -71.228919176651772, -34.970842973077772 ], [ -71.229003173204021, -34.970833398174562 ], [ -71.229118373758126, -34.971483998101249 ], [ -71.229152673922954, -34.971677498079401 ], [ -71.22918340548695, -34.971893682645124 ], [ -71.228938661079823, -34.971923046124907 ], [ -71.229056196452149, -34.972968184553096 ], [ -71.228691874185088, -34.973003298227383 ], [ -71.22703964961066, -34.973193454161667 ], [ -71.227063372470326, -34.973503198905057 ], [ -71.227290973421916, -34.974561698768611 ], [ -71.227315673505885, -34.974645998754951 ], [ -71.227673174047382, -34.974797798596512 ], [ -71.22843037527673, -34.975249998256068 ], [ -71.228801575906544, -34.975514698087579 ], [ -71.229254476648308, -34.97579539788358 ], [ -71.230681078954476, -34.976631297242641 ], [ -71.231562480436978, -34.977239096843277 ], [ -71.232431081895456, -34.977833996449789 ], [ -71.232746082415645, -34.978035896307588 ], [ -71.232767382377432, -34.977933296302304 ], [ -71.232781582368006, -34.977890296297815 ], [ -71.232636381938235, -34.977496296374483 ], [ -71.232600281843929, -34.977418196392811 ], [ -71.232535281628202, -34.977204796428538 ], [ -71.231830278943804, -34.974344496835876 ], [ -71.231541277871813, -34.9732167970012 ], [ -71.231475377638787, -34.972977697038232 ], [ -71.231415577411497, -34.97273569707275 ], [ -71.231195276617086, -34.971911997197438 ], [ -71.231076176159206, -34.971421697266479 ], [ -71.230885875415296, -34.970618697377581 ], [ -71.230674274519501, -34.969616997505113 ], [ -71.230126673878218, -34.969682397736811 ], [ -71.229720073402603, -34.9697317979088 ], [ -71.229320372940933, -34.969789698077562 ], [ -71.228900072458373, -34.96985519825482 ], [ -71.228747751750035, -34.969874815808588 ] ] ] } },
{ "type": "Feature", "properties": { "zona": "23401" }, "geometry": { "type": "Polygon", "coordinates": [ [ [ -71.206893844128544, -34.968431407706845 ], [ -71.207339544993317, -34.968922207498579 ], [ -71.207915846115256, -34.969562707229059 ], [ -71.208224146713775, -34.969902707084962 ], [ -71.208460847181811, -34.970177206973801 ], [ -71.208530747329618, -34.970273506940437 ], [ -71.208894648031617, -34.970667706770584 ], [ -71.209120148478959, -34.970931506664613 ], [ -71.209165648571613, -34.970988506643096 ], [ -71.209324948895983, -34.971188106567752 ], [ -71.209579949415271, -34.971507706447106 ], [ -71.209747649756721, -34.971717806367813 ], [ -71.210073150419618, -34.972125806213803 ], [ -71.210194950667557, -34.97227830615622 ], [ -71.210251650783107, -34.97234950612939 ], [ -71.210607951508635, -34.972795905960815 ], [ -71.210850052001732, -34.973099405846291 ], [ -71.211311552941609, -34.973677705627942 ], [ -71.211335652990684, -34.973707905616543 ], [ -71.211661853654974, -34.974116605462235 ], [ -71.211743853822014, -34.974219405423419 ], [ -71.212045054435421, -34.974596805280896 ], [ -71.212353855064379, -34.974983805134791 ], [ -71.212371455100254, -34.97500590512648 ], [ -71.212655755679265, -34.975362104991952 ], [ -71.213009556399825, -34.975805404824548 ], [ -71.213280556963724, -34.976163904695589 ], [ -71.213521157441875, -34.97644650458242 ], [ -71.213565757532749, -34.976502404561302 ], [ -71.213606057614825, -34.976552904542217 ], [ -71.215699160004363, -34.9762032036612 ], [ -71.216110660476375, -34.97613800348784 ], [ -71.216505860925267, -34.976068403321612 ], [ -71.217436561987711, -34.975912902929771 ], [ -71.218555963265572, -34.97572590245845 ], [ -71.219350964176058, -34.975597802123538 ], [ -71.219620264484462, -34.975554402010076 ], [ -71.220053364976494, -34.97547830182787 ], [ -71.220312465272556, -34.975435501718742 ], [ -71.221971167167737, -34.975161301020123 ], [ -71.222945568280977, -34.975000200609692 ], [ -71.223458768915208, -34.974991300390684 ], [ -71.224462270066283, -34.974832699967692 ], [ -71.224955270625031, -34.974744099760258 ], [ -71.225415971158171, -34.974678699565771 ], [ -71.225619271392134, -34.97464779948001 ], [ -71.225854071656698, -34.974603199381306 ], [ -71.226078771911673, -34.974563299286729 ], [ -71.226313872184534, -34.974531199187425 ], [ -71.226544872462938, -34.974515999089249 ], [ -71.226777572767034, -34.974538198988959 ], [ -71.227020773088668, -34.974567398883927 ], [ -71.227315673505885, -34.974645998754951 ], [ -71.227290973421916, -34.974561698768611 ], [ -71.227063372470326, -34.973503198905057 ], [ -71.22703964961066, -34.973193454161667 ], [ -71.228691874185088, -34.973003298227383 ], [ -71.229056196452149, -34.972968184553096 ], [ -71.228938661079823, -34.971923046124907 ], [ -71.22918340548695, -34.971893682645124 ], [ -71.229152673922954, -34.971677498079401 ], [ -71.229118373758126, -34.971483998101249 ], [ -71.229003173204021, -34.970833398174562 ], [ -71.228919176651772, -34.970842973077772 ], [ -71.228747751750035, -34.969874815808588 ], [ -71.228448171931817, -34.96991339844584 ], [ -71.228015071421751, -34.969960598629228 ], [ -71.227604570946099, -34.970017698802586 ], [ -71.226867570082121, -34.970104399114398 ], [ -71.226666469849505, -34.970132999199286 ], [ -71.226490469681025, -34.970213699271525 ], [ -71.225070168041327, -34.970420999870896 ], [ -71.223928666702989, -34.970555100353778 ], [ -71.222917665509812, -34.970661500781851 ], [ -71.222727220406384, -34.96943528825831 ], [ -71.222791964576714, -34.969430300881058 ], [ -71.222689764067894, -34.968825400947047 ], [ -71.222600863711989, -34.968436700999369 ], [ -71.222505763288751, -34.967953501057863 ], [ -71.222414329169482, -34.967488923168716 ], [ -71.222255262696251, -34.96750900118132 ], [ -71.222004962403958, -34.967540201287086 ], [ -71.221566661904731, -34.96761490147162 ], [ -71.221494961667432, -34.967380301510914 ], [ -71.221037161161831, -34.967483401702701 ], [ -71.220651560735931, -34.967570201864227 ], [ -71.220280460326009, -34.96765370201966 ], [ -71.219886559890938, -34.967742402184669 ], [ -71.21948305944521, -34.967833202353674 ], [ -71.219063858982125, -34.967927502529243 ], [ -71.218741258625784, -34.968000102664398 ], [ -71.218347258190548, -34.968088802829406 ], [ -71.21797905778385, -34.968171702983597 ], [ -71.217763557545794, -34.968220203073862 ], [ -71.217598257339034, -34.968219103144513 ], [ -71.206893844128544, -34.968431407706845 ] ] ] } },
{ "type": "Feature", "properties": { "zona": "23501" }, "geometry": { "type": "Polygon", "coordinates": [ [ [ -71.197881900882223, -34.970857544124236 ], [ -71.198285422273287, -34.971470233236474 ], [ -71.199014945941087, -34.972577881869448 ], [ -71.20043319357876, -34.973601695271853 ], [ -71.206799781313677, -34.977771089669837 ], [ -71.207130304664759, -34.977988745746316 ], [ -71.20722636908728, -34.977899582454029 ], [ -71.207295815406795, -34.977835124895314 ], [ -71.207403250624836, -34.977735407147094 ], [ -71.207591350747464, -34.977557707073345 ], [ -71.207987651199957, -34.977491506906588 ], [ -71.208075551300311, -34.977476806869618 ], [ -71.209507852935786, -34.977237606266947 ], [ -71.211912955681768, -34.976835705254828 ], [ -71.213606057614825, -34.976552904542217 ], [ -71.213565757532749, -34.976502404561288 ], [ -71.213521157441861, -34.976446504582412 ], [ -71.21328055696371, -34.976163904695589 ], [ -71.213009556399825, -34.975805404824541 ], [ -71.212655755679251, -34.975362104991937 ], [ -71.212371455100239, -34.975005905126473 ], [ -71.212353855064364, -34.974983805134791 ], [ -71.212045054435421, -34.974596805280896 ], [ -71.211743853822, -34.974219405423419 ], [ -71.211661853654959, -34.974116605462221 ], [ -71.21133565299067, -34.973707905616536 ], [ -71.211311552941595, -34.973677705627942 ], [ -71.210850052001732, -34.973099405846291 ], [ -71.210607951508635, -34.972795905960815 ], [ -71.210251650783107, -34.97234950612939 ], [ -71.210194950667542, -34.97227830615622 ], [ -71.210073150419603, -34.972125806213803 ], [ -71.209747649756721, -34.971717806367799 ], [ -71.209579949415271, -34.971507706447106 ], [ -71.209324948895969, -34.971188106567752 ], [ -71.209165648571613, -34.970988506643089 ], [ -71.209120148478959, -34.970931506664613 ], [ -71.208894648031603, -34.970667706770584 ], [ -71.208530747329618, -34.970273506940437 ], [ -71.208460847181797, -34.970177206973801 ], [ -71.208224146713775, -34.969902707084948 ], [ -71.207915846115256, -34.969562707229059 ], [ -71.207339544993317, -34.968922207498579 ], [ -71.20689384412853, -34.968431407706845 ], [ -71.204151741049515, -34.968970708857164 ], [ -71.203687140447855, -34.968935109056709 ], [ -71.203384640117122, -34.969008809183094 ], [ -71.201853438396, -34.969307309825382 ], [ -71.201153037617587, -34.969458010118615 ], [ -71.197910965863258, -34.970851896028776 ], [ -71.197881900882223, -34.970857544124236 ] ] ] } },
{ "type": "Feature", "properties": { "zona": "23801" }, "geometry": { "type": "Polygon", "coordinates": [ [ [ -71.233912275946835, -34.965483496273649 ], [ -71.234069776733932, -34.966419796171621 ], [ -71.234249377631542, -34.967487496055277 ], [ -71.234306977919459, -34.967829996017961 ], [ -71.234366678218109, -34.968185295979268 ], [ -71.234425878513974, -34.968537195940897 ], [ -71.23448377880311, -34.968880995903412 ], [ -71.234512578947104, -34.969052295884772 ], [ -71.234541879093783, -34.969226795865779 ], [ -71.234608079424746, -34.96962049582288 ], [ -71.234652379646008, -34.969883595794201 ], [ -71.234705179910151, -34.970197795759972 ], [ -71.234719679982575, -34.97028389575059 ], [ -71.234861180473146, -34.970781695671633 ], [ -71.234882180646693, -34.971015195654012 ], [ -71.234896280816187, -34.971255895639054 ], [ -71.235360281396012, -34.971258195440505 ], [ -71.235872382038707, -34.971265195221228 ], [ -71.236314082593339, -34.971271695032044 ], [ -71.2367902831908, -34.971277894828134 ], [ -71.237264183785769, -34.971284694625162 ], [ -71.237392284555639, -34.972251194534543 ], [ -71.237447784876665, -34.972650094496004 ], [ -71.237486785182412, -34.973057394464234 ], [ -71.237548485550647, -34.973518794420769 ], [ -71.238412686575742, -34.973436194054081 ], [ -71.240201688690348, -34.973253593295439 ], [ -71.2415555902991, -34.973128792720736 ], [ -71.242844691830058, -34.973008792173538 ], [ -71.243600520430334, -34.972938426710407 ], [ -71.242989491658136, -34.972450892132272 ], [ -71.238837061180973, -34.968838209232757 ], [ -71.234393258053615, -34.964971499726197 ], [ -71.23418617605742, -34.965117796170077 ], [ -71.234517676654519, -34.965409396017513 ], [ -71.234355176467361, -34.965433696086109 ], [ -71.233912275946835, -34.965483496273649 ] ] ] } },
{ "type": "Feature", "properties": { "zona": "23901" }, "geometry": { "type": "Polygon", "coordinates": [ [ [ -71.230042672041094, -34.966936397874335 ], [ -71.230159672465291, -34.96737769780799 ], [ -71.230173872521178, -34.967438197799673 ], [ -71.230289572990642, -34.967953797731127 ], [ -71.230352073254352, -34.96824829769352 ], [ -71.23045137364133, -34.968665497635627 ], [ -71.230644174380529, -34.96945619752394 ], [ -71.230674274519501, -34.969616997505113 ], [ -71.230885875415296, -34.970618697377581 ], [ -71.231076176159206, -34.971421697266479 ], [ -71.231499076654003, -34.97137039708759 ], [ -71.231998177238353, -34.971310596876386 ], [ -71.23248237781263, -34.971264196671036 ], [ -71.232982878400009, -34.971206396459159 ], [ -71.233482978989272, -34.971152396247319 ], [ -71.233980379575485, -34.971098896036573 ], [ -71.234478480169017, -34.971055595825149 ], [ -71.234882180646693, -34.971015195654012 ], [ -71.234861180473146, -34.970781695671633 ], [ -71.234719679982575, -34.97028389575059 ], [ -71.234705179910151, -34.970197795759972 ], [ -71.234652379646008, -34.969883595794201 ], [ -71.234608079424746, -34.96962049582288 ], [ -71.234541879093783, -34.969226795865779 ], [ -71.234512578947104, -34.969052295884772 ], [ -71.23448377880311, -34.968880995903412 ], [ -71.234425878513974, -34.968537195940897 ], [ -71.234366678218109, -34.968185295979268 ], [ -71.234306977919459, -34.967829996017961 ], [ -71.234249377631542, -34.967487496055277 ], [ -71.234069776733932, -34.966419796171621 ], [ -71.233912275946835, -34.965483496273649 ], [ -71.233468975436182, -34.965549696460741 ], [ -71.233048274950789, -34.965611296638343 ], [ -71.232642074481433, -34.965669696809876 ], [ -71.232234874008554, -34.96572449698192 ], [ -71.231821173601872, -34.965897097152421 ], [ -71.231401173183514, -34.966063597325849 ], [ -71.231123673300885, -34.966797797417321 ], [ -71.230042672041094, -34.966936397874335 ] ] ] } },
{ "type": "Feature", "properties": { "zona": "24001" }, "geometry": { "type": "Polygon", "coordinates": [ [ [ -71.222414329169482, -34.967488923168716 ], [ -71.222505763288751, -34.967953501057863 ], [ -71.222600863711989, -34.968436700999369 ], [ -71.222689764067894, -34.968825400947047 ], [ -71.222791964576714, -34.969430300881058 ], [ -71.222727220406384, -34.96943528825831 ], [ -71.222917665509812, -34.970661500781851 ], [ -71.223928666702989, -34.970555100353778 ], [ -71.225070168041327, -34.970420999870896 ], [ -71.226490469681025, -34.970213699271525 ], [ -71.226666469849505, -34.970132999199286 ], [ -71.226867570082121, -34.970104399114398 ], [ -71.227604570946099, -34.970017698802586 ], [ -71.228015071421751, -34.969960598629228 ], [ -71.228448171931817, -34.96991339844584 ], [ -71.228747751750035, -34.969874815808588 ], [ -71.228900072458373, -34.96985519825482 ], [ -71.229320372940933, -34.969789698077562 ], [ -71.229720073402603, -34.9697317979088 ], [ -71.230126673878218, -34.969682397736811 ], [ -71.230674274519501, -34.969616997505113 ], [ -71.230644174380529, -34.96945619752394 ], [ -71.23045137364133, -34.968665497635627 ], [ -71.230352073254352, -34.96824829769352 ], [ -71.230289572990642, -34.967953797731127 ], [ -71.230173872521178, -34.967438197799673 ], [ -71.230159672465291, -34.96737769780799 ], [ -71.230042672041094, -34.966936397874335 ], [ -71.229904571439491, -34.966255597958565 ], [ -71.229518870995847, -34.966314298121254 ], [ -71.229061270464982, -34.966376798314563 ], [ -71.228621669957079, -34.966440198500123 ], [ -71.228384069679777, -34.96646999860058 ], [ -71.228164269449863, -34.966539798691969 ], [ -71.227699768911606, -34.966604298888107 ], [ -71.227188268326103, -34.966686699103668 ], [ -71.227158968296408, -34.966697499115803 ], [ -71.226646667727152, -34.966807299330682 ], [ -71.226567767641995, -34.966828199363654 ], [ -71.226147067220396, -34.966991099537424 ], [ -71.226048567109629, -34.967010099578829 ], [ -71.225577466590877, -34.967118599776121 ], [ -71.225521266524055, -34.967123699799991 ], [ -71.225050765976022, -34.967184599998781 ], [ -71.22454406537102, -34.967226700213764 ], [ -71.224405365203111, -34.967234600272761 ], [ -71.224027464757299, -34.96727450043273 ], [ -71.223901764614141, -34.967295900485681 ], [ -71.223574464235369, -34.967342200623825 ], [ -71.223503464149402, -34.967346200653999 ], [ -71.223131163718023, -34.96739800081118 ], [ -71.222683863196352, -34.967454901000181 ], [ -71.222414329169482, -34.967488923168716 ] ] ] } },
{ "type": "Feature", "properties": { "zona": "24401" }, "geometry": { "type": "Polygon", "coordinates": [ [ [ -71.231830278943804, -34.974344496835876 ], [ -71.232535281628202, -34.977204796428538 ], [ -71.234067083512869, -34.977165095774851 ], [ -71.235298285008241, -34.97710239525054 ], [ -71.235589685361361, -34.977086295126469 ], [ -71.235393384326187, -34.975834395256811 ], [ -71.23528338369735, -34.975055595332734 ], [ -71.235142382923797, -34.974108695428093 ], [ -71.234513982167044, -34.974150795695344 ], [ -71.233986481532497, -34.974187295919613 ], [ -71.233451580890346, -34.974226296146931 ], [ -71.232909380241651, -34.974269396377217 ], [ -71.232271479472431, -34.974310596648479 ], [ -71.231830278943804, -34.974344496835876 ] ] ] } },
{ "type": "Feature", "properties": { "zona": "30001" }, "geometry": { "type": "Polygon", "coordinates": [ [ [ -71.25869951673333, -34.981140985081403 ], [ -71.258476416472305, -34.981167985176015 ], [ -71.258002915918297, -34.981225285376759 ], [ -71.257321015120453, -34.981307785665905 ], [ -71.256881914606666, -34.981360885852077 ], [ -71.257208715981818, -34.982890785655066 ], [ -71.257329416369259, -34.983265385589419 ], [ -71.257337416614433, -34.983637185572142 ], [ -71.25734551686061, -34.984010385554782 ], [ -71.257346496769628, -34.984067195894774 ], [ -71.262250852029155, -34.983503897469589 ], [ -71.261841326633728, -34.980960353271442 ], [ -71.261618620208239, -34.980881983839993 ], [ -71.261153519665228, -34.980940084037186 ], [ -71.260730919178442, -34.981003284215937 ], [ -71.260677519113315, -34.98100558423873 ], [ -71.260270418571281, -34.980950884415265 ], [ -71.259848018077051, -34.9810019845944 ], [ -71.259792518012105, -34.981008684617926 ], [ -71.259456617619151, -34.981049384760354 ], [ -71.259374617523207, -34.98105928479513 ], [ -71.259073417170754, -34.981095684922856 ], [ -71.258918616989675, -34.98111448498851 ], [ -71.25869951673333, -34.981140985081403 ] ] ] } },
{ "type": "Feature", "properties": { "zona": "30101" }, "geometry": { "type": "Polygon", "coordinates": [ [ [ -71.251933212411373, -34.987644887738398 ], [ -71.252113512664209, -34.987689187659505 ], [ -71.252257012875617, -34.98774048759612 ], [ -71.252415113168809, -34.987892387522756 ], [ -71.252489213339331, -34.988015887486419 ], [ -71.252715914334203, -34.989141787347428 ], [ -71.252769714532604, -34.989349387316643 ], [ -71.252871914799286, -34.989569487264681 ], [ -71.253022815156257, -34.989836287190101 ], [ -71.253278615739546, -34.990254087064947 ], [ -71.25342141609336, -34.990531886993459 ], [ -71.253513416309957, -34.99069288694804 ], [ -71.253649816613219, -34.990903386881769 ], [ -71.253859417069435, -34.991211286780533 ], [ -71.254000617385088, -34.991431886711787 ], [ -71.254020717447176, -34.991490386701017 ], [ -71.254196117850327, -34.991781886615001 ], [ -71.254385618269708, -34.992071186523056 ], [ -71.254562318665222, -34.992347986437025 ], [ -71.254833719222191, -34.992693286307869 ], [ -71.255080119739759, -34.993025586189951 ], [ -71.255550520739774, -34.993678785964015 ], [ -71.25575412119251, -34.993992985865077 ], [ -71.25584732139059, -34.994122285820339 ], [ -71.255963921643982, -34.994292885763983 ], [ -71.256034921797621, -34.994395685729749 ], [ -71.256262522276899, -34.994704485620709 ], [ -71.256816322801612, -34.99444218539314 ], [ -71.256985922959217, -34.99435698532362 ], [ -71.257278523239023, -34.994222485203188 ], [ -71.257733023668465, -34.994005385016493 ], [ -71.258064823981627, -34.993846384880207 ], [ -71.258269624177629, -34.993752484795877 ], [ -71.258715124596009, -34.993535684613022 ], [ -71.259106724965818, -34.993348384452148 ], [ -71.259200525052435, -34.993300384413736 ], [ -71.259604525432579, -34.993104984247815 ], [ -71.259815525635702, -34.993010184160923 ], [ -71.260085125888068, -34.992877684050271 ], [ -71.260202325998762, -34.992821684002102 ], [ -71.260589226372019, -34.992649083842679 ], [ -71.260908099247402, -34.992507779422908 ], [ -71.257434339363499, -34.988795095653494 ], [ -71.257211976050186, -34.986805414428034 ], [ -71.256015017069359, -34.986962486014995 ], [ -71.255656716591417, -34.986913186170355 ], [ -71.255448016298445, -34.986861386261687 ], [ -71.255232416005711, -34.986823586355499 ], [ -71.25450451522056, -34.987017186660147 ], [ -71.253720814356981, -34.987196786989244 ], [ -71.253030913605571, -34.987368887278421 ], [ -71.251933212411373, -34.987644887738398 ] ] ] } },
{ "type": "Feature", "properties": { "zona": "30102" }, "geometry": { "type": "Polygon", "coordinates": [ [ [ -71.256262522276899, -34.994704485620709 ], [ -71.256796923402177, -34.995429285364693 ], [ -71.256884923581168, -34.99553868532292 ], [ -71.257186224194015, -34.995913185179838 ], [ -71.257459724766491, -34.996278685048978 ], [ -71.257738525257864, -34.996505584921039 ], [ -71.257906125575971, -34.996677884842782 ], [ -71.258264426221984, -34.99699238467749 ], [ -71.25895892751771, -34.997670784354497 ], [ -71.259175127916549, -34.997874784254201 ], [ -71.261074968460633, -34.999667351596614 ], [ -71.262849315259174, -34.999250078990023 ], [ -71.263179114319868, -34.9986133782701 ], [ -71.263308313422598, -34.998223478014914 ], [ -71.264628372764776, -34.99664812795271 ], [ -71.263212804408056, -34.994970751192589 ], [ -71.260908099247402, -34.992507779422908 ], [ -71.260589226372019, -34.992649083842679 ], [ -71.260202325998762, -34.992821684002102 ], [ -71.260085125888068, -34.992877684050271 ], [ -71.259815525635702, -34.993010184160923 ], [ -71.259604525432579, -34.993104984247815 ], [ -71.259200525052435, -34.993300384413736 ], [ -71.259106724965818, -34.993348384452148 ], [ -71.258715124596009, -34.993535684613022 ], [ -71.258269624177629, -34.993752484795877 ], [ -71.258064823981627, -34.993846384880207 ], [ -71.257733023668465, -34.994005385016493 ], [ -71.257278523239023, -34.994222485203188 ], [ -71.256985922959217, -34.99435698532362 ], [ -71.256816322801612, -34.99444218539314 ], [ -71.256262522276899, -34.994704485620709 ] ] ] } },
{ "type": "Feature", "properties": { "zona": "30201" }, "geometry": { "type": "Polygon", "coordinates": [ [ [ -71.248181312040174, -34.994456089092324 ], [ -71.248070312530814, -34.99545068910291 ], [ -71.248044512725571, -34.995809489100623 ], [ -71.247965913088095, -34.99653758910727 ], [ -71.24800641319662, -34.996629289086506 ], [ -71.248231213773479, -34.997097888972782 ], [ -71.248277613874976, -34.997166888950368 ], [ -71.248484014413464, -34.997611088845431 ], [ -71.248679114915134, -34.998019388746691 ], [ -71.248874115410445, -34.998417788648361 ], [ -71.248906015484721, -34.998472288632684 ], [ -71.249143016044655, -34.998889988515607 ], [ -71.248981215875062, -34.998940988583016 ], [ -71.249158416339881, -34.999326288492803 ], [ -71.249501217237608, -35.000069188318349 ], [ -71.249527017531307, -35.00116292702716 ], [ -71.251285253569392, -35.005186164708149 ], [ -71.253610995728849, -35.004922301476306 ], [ -71.256647104403569, -35.003656393972747 ], [ -71.258340704025116, -35.001565790050833 ], [ -71.258520303977434, -35.001342089635301 ], [ -71.258685403114981, -35.000919189294763 ], [ -71.259422403932135, -35.000270087538397 ], [ -71.259981505105145, -34.999924486177996 ], [ -71.261074968460633, -34.999667351596614 ], [ -71.259175127916549, -34.997874784254201 ], [ -71.25895892751771, -34.997670784354497 ], [ -71.258264426221984, -34.99699238467749 ], [ -71.257906125575971, -34.996677884842782 ], [ -71.257738525257864, -34.996505584921039 ], [ -71.257459724766491, -34.996278685048978 ], [ -71.257186224194015, -34.995913185179838 ], [ -71.256884923581168, -34.99553868532292 ], [ -71.256796923402177, -34.995429285364693 ], [ -71.256262522276899, -34.994704485620709 ], [ -71.256034921797621, -34.994395685729749 ], [ -71.255963921643982, -34.994292885763983 ], [ -71.25584732139059, -34.994122285820339 ], [ -71.25575412119251, -34.993992985865077 ], [ -71.255550520739774, -34.993678785964015 ], [ -71.255080119739759, -34.993025586189951 ], [ -71.254833719222191, -34.992693286307869 ], [ -71.254365018761831, -34.992889586501398 ], [ -71.253953518327336, -34.993013986673105 ], [ -71.253589417952767, -34.99313968682447 ], [ -71.253117817460449, -34.993291187020873 ], [ -71.252744817078295, -34.993422487175835 ], [ -71.252393816716634, -34.993542787321722 ], [ -71.252319316639216, -34.993567287352725 ], [ -71.252037216344604, -34.993657787470227 ], [ -71.251922716222822, -34.993690987518058 ], [ -71.251381415647771, -34.993849187744082 ], [ -71.250525514691319, -34.994024788104205 ], [ -71.250004414133258, -34.994170088322051 ], [ -71.248793212825049, -34.994490288828963 ], [ -71.248181312040174, -34.994456089092324 ] ] ] } },
{ "type": "Feature", "properties": { "zona": "30202" }, "geometry": { "type": "Polygon", "coordinates": [ [ [ -71.246315268763027, -35.004795290351993 ], [ -71.247944570200929, -35.004807215949782 ], [ -71.248358172105029, -35.004826414891433 ], [ -71.250286082425418, -35.005299509884857 ], [ -71.251285253569392, -35.005186164708149 ], [ -71.249527017531307, -35.00116292702716 ], [ -71.249501217237608, -35.000069188318349 ], [ -71.249158416339881, -34.999326288492803 ], [ -71.248981215875062, -34.998940988583016 ], [ -71.249143016044655, -34.998889988515607 ], [ -71.248906015484721, -34.998472288632684 ], [ -71.248874115410445, -34.998417788648361 ], [ -71.248679114915134, -34.998019388746691 ], [ -71.248484014413464, -34.997611088845431 ], [ -71.248277613874976, -34.997166888950368 ], [ -71.248231213773479, -34.997097888972782 ], [ -71.24800641319662, -34.996629289086506 ], [ -71.247965913088095, -34.99653758910727 ], [ -71.248044512725571, -34.995809489100623 ], [ -71.248070312530814, -34.99545068910291 ], [ -71.248181312040174, -34.994456089092324 ], [ -71.247630311327654, -34.994416189329812 ], [ -71.246741510221042, -34.994419389710345 ], [ -71.245945609187729, -34.994355290053598 ], [ -71.245497208555747, -34.994240390249864 ], [ -71.245256709443183, -34.996118090283154 ], [ -71.245258710254419, -34.997396890234775 ], [ -71.245652315024699, -35.004161889815038 ], [ -71.245689815429458, -35.004727689777972 ], [ -71.246315268763027, -35.004795290351993 ] ] ] } },
{ "type": "Feature", "properties": { "zona": "30501" }, "geometry": { "type": "Polygon", "coordinates": [ [ [ -71.248875608732618, -34.987856889040181 ], [ -71.248811109216476, -34.988749189034657 ], [ -71.24878310929985, -34.988936289039671 ], [ -71.248762009418201, -34.989165089040206 ], [ -71.248724709627012, -34.989568789041193 ], [ -71.248708109711217, -34.989734689042145 ], [ -71.248684609841007, -34.989986289042847 ], [ -71.248652910017711, -34.990328189043716 ], [ -71.248647210036268, -34.990368789044652 ], [ -71.248594110210036, -34.990748289053307 ], [ -71.248569310292282, -34.990927289057261 ], [ -71.248527110509599, -34.991354089059485 ], [ -71.248482310740329, -34.991807289061832 ], [ -71.248473010772273, -34.991876189063269 ], [ -71.248432210941388, -34.992223989067796 ], [ -71.248413311064724, -34.992456289067256 ], [ -71.248390111152347, -34.992640589070355 ], [ -71.248340111457338, -34.993221389070186 ], [ -71.248281011624329, -34.993601989081348 ], [ -71.248260711690193, -34.99374618908471 ], [ -71.248233911790734, -34.993957989088287 ], [ -71.248181312040174, -34.994456089092324 ], [ -71.248793212825049, -34.994490288828963 ], [ -71.250004414133258, -34.994170088322051 ], [ -71.250525514691319, -34.994024788104205 ], [ -71.251381415647771, -34.993849187744082 ], [ -71.251922716222822, -34.993690987518058 ], [ -71.252037216344604, -34.993657787470227 ], [ -71.252319316639216, -34.993567287352725 ], [ -71.252393816716634, -34.993542787321722 ], [ -71.252744817078295, -34.993422487175835 ], [ -71.253117817460449, -34.993291187020873 ], [ -71.253589417952767, -34.99313968682447 ], [ -71.253953518327336, -34.993013986673105 ], [ -71.254365018761831, -34.992889586501398 ], [ -71.254833719222191, -34.992693286307869 ], [ -71.254562318665222, -34.992347986437025 ], [ -71.254385618269708, -34.992071186523056 ], [ -71.254196117850327, -34.991781886615001 ], [ -71.254020717447176, -34.991490386701017 ], [ -71.254000617385088, -34.991431886711787 ], [ -71.253859417069435, -34.991211286780533 ], [ -71.253649816613219, -34.990903386881769 ], [ -71.253513416309957, -34.99069288694804 ], [ -71.25342141609336, -34.990531886993459 ], [ -71.253278615739546, -34.990254087064947 ], [ -71.253022815156257, -34.989836287190101 ], [ -71.252871914799286, -34.989569487264681 ], [ -71.252769714532604, -34.989349387316643 ], [ -71.252715914334203, -34.989141787347428 ], [ -71.252489213339331, -34.988015887486419 ], [ -71.252415113168809, -34.987892387522756 ], [ -71.252257012875617, -34.98774048759612 ], [ -71.252113512664209, -34.987689187659505 ], [ -71.251933212411373, -34.987644887738398 ], [ -71.251314411668204, -34.987689888001796 ], [ -71.251075011386803, -34.987716988103351 ], [ -71.250821011079125, -34.987731288211613 ], [ -71.250542810752194, -34.987762888329598 ], [ -71.249917309995666, -34.987799988596116 ], [ -71.248971608852173, -34.987856588999087 ], [ -71.248875608732618, -34.987856889040181 ] ] ] } },
{ "type": "Feature", "properties": { "zona": "30502" }, "geometry": { "type": "Polygon", "coordinates": [ [ [ -71.247267406766127, -34.987918489726617 ], [ -71.247177306655402, -34.987921089765074 ], [ -71.246856506262233, -34.987931989902059 ], [ -71.24667410604863, -34.987953889979337 ], [ -71.246156905475971, -34.988068290196573 ], [ -71.2461329054494, -34.988073590206646 ], [ -71.246114705519446, -34.988220290208986 ], [ -71.246104005560412, -34.988306190210409 ], [ -71.245497208555747, -34.994240390249864 ], [ -71.245945609187729, -34.994355290053598 ], [ -71.246741510221042, -34.994419389710345 ], [ -71.247630311327654, -34.994416189329812 ], [ -71.248181312040174, -34.994456089092324 ], [ -71.248233911790734, -34.993957989088287 ], [ -71.248260711690193, -34.99374618908471 ], [ -71.248281011624329, -34.993601989081348 ], [ -71.248340111457338, -34.993221389070186 ], [ -71.248390111152347, -34.992640589070355 ], [ -71.248413311064724, -34.992456289067256 ], [ -71.248432210941388, -34.992223989067796 ], [ -71.248473010772273, -34.991876189063269 ], [ -71.248482310740329, -34.991807289061832 ], [ -71.248527110509599, -34.991354089059485 ], [ -71.248569310292282, -34.990927289057261 ], [ -71.248594110210036, -34.990748289053307 ], [ -71.248647210036268, -34.990368789044652 ], [ -71.248652910017711, -34.990328189043716 ], [ -71.248684609841007, -34.989986289042847 ], [ -71.248708109711217, -34.989734689042145 ], [ -71.248724709627012, -34.989568789041193 ], [ -71.248762009418201, -34.989165089040206 ], [ -71.24878310929985, -34.988936289039671 ], [ -71.248811109216476, -34.988749189034657 ], [ -71.248875608732618, -34.987856889040181 ], [ -71.248268107985936, -34.987874089299723 ], [ -71.247756607365105, -34.987900989517755 ], [ -71.247267406766127, -34.987918489726617 ] ] ] } },
{ "type": "Feature", "properties": { "zona": "31101" }, "geometry": { "type": "Polygon", "coordinates": [ [ [ -71.253567610043248, -34.9806781872974 ], [ -71.253298209740251, -34.980730087410898 ], [ -71.251131207256961, -34.981075188326216 ], [ -71.24901210562453, -34.981415877220236 ], [ -71.24912728942445, -34.981901226747759 ], [ -71.249061105251116, -34.981984589178957 ], [ -71.249109405415894, -34.982149989152134 ], [ -71.249262805960555, -34.982708989065685 ], [ -71.249338006293215, -34.983086889019432 ], [ -71.249303806558046, -34.983573189015992 ], [ -71.249189007139009, -34.98471848902259 ], [ -71.24917340745111, -34.985242889009783 ], [ -71.249122507673505, -34.985694989014775 ], [ -71.248936308202801, -34.986899289049759 ], [ -71.248931408321567, -34.987096789044514 ], [ -71.248425807673541, -34.987068989262077 ], [ -71.248340807564119, -34.987063589298707 ], [ -71.248018407146731, -34.987039289437654 ], [ -71.247852806934844, -34.987030789508879 ], [ -71.247651706675427, -34.987017089595547 ], [ -71.247383706330851, -34.987000689710904 ], [ -71.247267406766127, -34.987918489726617 ], [ -71.247756607365105, -34.987900989517755 ], [ -71.248268107985936, -34.987874089299723 ], [ -71.248875608732618, -34.987856889040181 ], [ -71.248971608852173, -34.987856588999087 ], [ -71.249917309995666, -34.987799988596116 ], [ -71.250542810752194, -34.987762888329598 ], [ -71.250821011079125, -34.987731288211613 ], [ -71.251075011386803, -34.987716988103351 ], [ -71.251314411668204, -34.987689888001796 ], [ -71.251933212411373, -34.987644887738398 ], [ -71.253030913605571, -34.987368887278421 ], [ -71.253720814356981, -34.987196786989244 ], [ -71.25450451522056, -34.987017186660147 ], [ -71.255232416005711, -34.986823586355499 ], [ -71.255448016298445, -34.986861386261687 ], [ -71.255656716591417, -34.986913186170355 ], [ -71.256015017069359, -34.986962486014995 ], [ -71.257211976050186, -34.986805414428034 ], [ -71.256911560951508, -34.984117141334913 ], [ -71.257346496769628, -34.984067195894774 ], [ -71.25734551686061, -34.984010385554782 ], [ -71.257337416614433, -34.983637185572142 ], [ -71.257329416369259, -34.983265385589419 ], [ -71.257208715981818, -34.982890785655066 ], [ -71.256881914606666, -34.981360885852077 ], [ -71.256678714353924, -34.981361785939129 ], [ -71.255928113493724, -34.981481186256246 ], [ -71.255687913222005, -34.981524986357556 ], [ -71.25441371175198, -34.981712286896453 ], [ -71.253816411073132, -34.981816287148483 ], [ -71.253793796795605, -34.981653400182424 ], [ -71.254036525229111, -34.981614905464838 ], [ -71.253810611449268, -34.980649943480365 ], [ -71.253567610043248, -34.9806781872974 ] ] ] } },
{ "type": "Feature", "properties": { "zona": "31201" }, "geometry": { "type": "Polygon", "coordinates": [ [ [ -71.2461329054494, -34.988073590206646 ], [ -71.246156905475971, -34.988068290196573 ], [ -71.24667410604863, -34.987953889979337 ], [ -71.246856506262233, -34.987931989902059 ], [ -71.247177306655402, -34.987921089765074 ], [ -71.247267406766127, -34.987918489726617 ], [ -71.247383706330851, -34.987000689710904 ], [ -71.247651706675427, -34.987017089595547 ], [ -71.247852806934844, -34.987030789508879 ], [ -71.248018407146731, -34.987039289437654 ], [ -71.248340807564119, -34.987063589298707 ], [ -71.248425807673541, -34.987068989262077 ], [ -71.248931408321567, -34.987096789044514 ], [ -71.248936308202801, -34.986899289049759 ], [ -71.249122507673505, -34.985694989014775 ], [ -71.24917340745111, -34.985242889009783 ], [ -71.249189007139009, -34.98471848902259 ], [ -71.249303806558046, -34.983573189015992 ], [ -71.249338006293215, -34.983086889019432 ], [ -71.249262805960555, -34.982708989065685 ], [ -71.249109405415894, -34.982149989152134 ], [ -71.249061105251116, -34.981984589178957 ], [ -71.248994405140834, -34.981941689209116 ], [ -71.248852304929969, -34.98188838927198 ], [ -71.24869390473161, -34.981886989339856 ], [ -71.24821470411672, -34.981859389546052 ], [ -71.247806203590272, -34.981832289722007 ], [ -71.246851502371698, -34.981787490132447 ], [ -71.246780802281265, -34.981783890162852 ], [ -71.246750502543179, -34.982257990158203 ], [ -71.246530103815374, -34.984705390161665 ], [ -71.246195605191232, -34.987541590199555 ], [ -71.2461329054494, -34.988073590206646 ] ] ] } },
{ "type": "Feature", "properties": { "zona": "41301" }, "geometry": { "type": "Polygon", "coordinates": [ [ [ -71.242599100621248, -34.98740719174436 ], [ -71.242509401194823, -34.988491691742503 ], [ -71.242733101486053, -34.988511091646011 ], [ -71.243422202383258, -34.9885708913488 ], [ -71.243964803089654, -34.988617891114735 ], [ -71.243971203059459, -34.98855749111425 ], [ -71.24447180363174, -34.988475190902989 ], [ -71.245556804829704, -34.988229790447534 ], [ -71.245741105027733, -34.988179490370491 ], [ -71.2461329054494, -34.988073590206646 ], [ -71.246195605191232, -34.987541590199555 ], [ -71.246530103815374, -34.984705390161665 ], [ -71.246750502543179, -34.982257990158203 ], [ -71.246780802281265, -34.981783890162852 ], [ -71.246674902145699, -34.98177829020841 ], [ -71.246394801790927, -34.981769490328674 ], [ -71.246167501501645, -34.9817601904263 ], [ -71.245692800893465, -34.981734290630506 ], [ -71.244713199623376, -34.981657191052754 ], [ -71.244665599561671, -34.981653491073253 ], [ -71.243176897632907, -34.981538491714794 ], [ -71.243102298014477, -34.982289491718873 ], [ -71.243053998265765, -34.982782491721252 ], [ -71.242907298855087, -34.984004491738681 ], [ -71.242821199457239, -34.985127191733902 ], [ -71.242701700012631, -34.986241791743673 ], [ -71.242599100621248, -34.98740719174436 ] ] ] } },
{ "type": "Feature", "properties": { "zona": "41401" }, "geometry": { "type": "Polygon", "coordinates": [ [ [ -71.23824379642187, -34.98935729353618 ], [ -71.239562798136703, -34.989467692967587 ], [ -71.240953099944292, -34.989584092368176 ], [ -71.242376101794321, -34.989703191754636 ], [ -71.242429001523831, -34.989170891751705 ], [ -71.242509401194823, -34.988491691742503 ], [ -71.242599100621248, -34.98740719174436 ], [ -71.241231498836328, -34.987281592334419 ], [ -71.239878897071023, -34.987157392917972 ], [ -71.238538895322094, -34.987034293496002 ], [ -71.238399095843349, -34.988135193514985 ], [ -71.23824379642187, -34.98935729353618 ] ] ] } },
{ "type": "Feature", "properties": { "zona": "41801" }, "geometry": { "type": "Polygon", "coordinates": [ [ [ -71.239878897071023, -34.987157392917972 ], [ -71.241231498836328, -34.987281592334419 ], [ -71.242599100621248, -34.98740719174436 ], [ -71.242701700012631, -34.986241791743673 ], [ -71.242821199457239, -34.985127191733902 ], [ -71.242907298855087, -34.984004491738681 ], [ -71.243053998265765, -34.982782491721252 ], [ -71.243102298014477, -34.982289491718873 ], [ -71.243176897632907, -34.981538491714794 ], [ -71.241938396028274, -34.981442792248473 ], [ -71.240674494390376, -34.981344592793043 ], [ -71.240505194960548, -34.982581192819623 ], [ -71.240340195516765, -34.983787192845526 ], [ -71.240188896026282, -34.984892192869282 ], [ -71.240140396190171, -34.985247292876871 ], [ -71.240070796424448, -34.985755392887825 ], [ -71.24003629654068, -34.986007492893222 ], [ -71.239878897071023, -34.987157392917972 ] ] ] } },
{ "type": "Feature", "properties": { "zona": "42201" }, "geometry": { "type": "Polygon", "coordinates": [ [ [ -71.237167693532413, -34.986908294087435 ], [ -71.238538895322094, -34.987034293496002 ], [ -71.239878897071023, -34.987157392917972 ], [ -71.24003629654068, -34.986007492893222 ], [ -71.240070796424448, -34.985755392887825 ], [ -71.240140396190171, -34.985247292876871 ], [ -71.240188896026282, -34.984892192869282 ], [ -71.240340195516765, -34.983787192845526 ], [ -71.240505194960548, -34.982581192819623 ], [ -71.240674494390376, -34.981344592793043 ], [ -71.239309692622172, -34.981239293381009 ], [ -71.237937290844314, -34.981133693972154 ], [ -71.2377969914494, -34.982368593986415 ], [ -71.237598291951471, -34.98355569402743 ], [ -71.237481292497165, -34.984650494036906 ], [ -71.23747369251069, -34.984686894038823 ], [ -71.237326893014668, -34.985774494061332 ], [ -71.237167693532413, -34.986908294087435 ] ] ] } },
{ "type": "Feature", "properties": { "zona": "42301" }, "geometry": { "type": "Polygon", "coordinates": [ [ [ -71.233575137494455, -34.980775056787827 ], [ -71.233611185409856, -34.981069895825264 ], [ -71.233999586689052, -34.98232869561248 ], [ -71.234057586900548, -34.982549095579543 ], [ -71.234090187063842, -34.982743295558386 ], [ -71.234099287175994, -34.982902895548584 ], [ -71.23407988737624, -34.983258295543727 ], [ -71.234039387542083, -34.983600895548349 ], [ -71.234031487573219, -34.983665795549349 ], [ -71.233944887910212, -34.984370395560305 ], [ -71.233851288295767, -34.985165695570885 ], [ -71.233817988440777, -34.985461095574173 ], [ -71.233684894910709, -34.98666113622842 ], [ -71.234302889793383, -34.986645195322886 ], [ -71.235823191777683, -34.986784894667281 ], [ -71.237167693532413, -34.986908294087435 ], [ -71.237326893014668, -34.985774494061332 ], [ -71.23747369251069, -34.984686894038823 ], [ -71.237481292497165, -34.984650494036906 ], [ -71.237598291951471, -34.98355569402743 ], [ -71.2377969914494, -34.982368593986415 ], [ -71.237937290844314, -34.981133693972154 ], [ -71.236636489158911, -34.981033194532415 ], [ -71.234924486940699, -34.98090089526972 ], [ -71.234061885823834, -34.980835495641159 ], [ -71.233831585518686, -34.980806995740721 ], [ -71.23371898534721, -34.980757795790694 ], [ -71.233575137494455, -34.980775056787827 ] ] ] } },
{ "type": "Feature", "properties": { "zona": "50001" }, "geometry": { "type": "Polygon", "coordinates": [ [ [ -71.204113628563405, -34.996860422972155 ], [ -71.205773999367224, -34.998543515265453 ], [ -71.205914924654422, -34.998024349477511 ], [ -71.206063255566704, -34.997793095375798 ], [ -71.206260339520512, -34.997643189761163 ], [ -71.206447004375889, -34.997549626215203 ], [ -71.206616981839232, -34.997503042224182 ], [ -71.206862880996084, -34.997466422653751 ], [ -71.207099220038288, -34.997470672942192 ], [ -71.207317919369942, -34.997481147708932 ], [ -71.207569927900224, -34.997512448912225 ], [ -71.207840848978321, -34.997584972485804 ], [ -71.208093149434163, -34.997698684596131 ], [ -71.208339988394911, -34.997782700660558 ], [ -71.208509467716198, -34.997846316195542 ], [ -71.208700424616381, -34.997886902806286 ], [ -71.208906406679773, -34.997910576358798 ], [ -71.209121068996865, -34.997910712014338 ], [ -71.209848339398661, -34.997940533355788 ], [ -71.210829812523386, -34.998043828190262 ], [ -71.211393263376394, -34.998089940168853 ], [ -71.21206616588664, -34.998198180086099 ], [ -71.212453684135212, -34.998291124266586 ], [ -71.212773193889021, -34.998338668208319 ], [ -71.213053200592228, -34.998375821729852 ], [ -71.213302891201423, -34.998376963390527 ], [ -71.213649373292824, -34.998368912936776 ], [ -71.213955405412804, -34.998415904672086 ], [ -71.214310151594802, -34.998476431547573 ], [ -71.214559961049844, -34.998420202907248 ], [ -71.214808310785983, -34.998314080994824 ], [ -71.214943556008095, -34.998274194919787 ], [ -71.215127417243835, -34.998238751023422 ], [ -71.215403042829536, -34.99823884467164 ], [ -71.215651776712292, -34.998225628346987 ], [ -71.215786985414297, -34.998221205268486 ], [ -71.215916783467975, -34.998243363951751 ], [ -71.215976047722492, -34.998255356597511 ], [ -71.216052038782422, -34.998261128112638 ], [ -71.216111598634328, -34.998259849360636 ], [ -71.216214689588242, -34.998273207371717 ], [ -71.216268962399965, -34.998282107168102 ], [ -71.216312093782022, -34.998279068593988 ], [ -71.216480388523465, -34.998217161302911 ], [ -71.216750516318214, -34.998074127922109 ], [ -71.216855644735929, -34.997994477890366 ], [ -71.217000097325112, -34.997927384413522 ], [ -71.217046979982328, -34.997885782921252 ], [ -71.217089982859662, -34.997796145531325 ], [ -71.217203280135465, -34.997728890040761 ], [ -71.217339863199101, -34.997661671919339 ], [ -71.217421737926031, -34.99765845515568 ], [ -71.217499732121667, -34.997661650479955 ], [ -71.217581749403223, -34.997613742773346 ], [ -71.217679476553485, -34.99749546212648 ], [ -71.217921751514453, -34.997277244288249 ], [ -71.218094774574283, -34.997155800577545 ], [ -71.218181250962331, -34.99711806449141 ], [ -71.222787863462955, -34.99180595615141 ], [ -71.222097577384616, -34.991104500377389 ], [ -71.221008875844319, -34.990816000853393 ], [ -71.220004174481687, -34.990642901289185 ], [ -71.219575873931689, -34.990618101473153 ], [ -71.219052373423793, -34.990848201688372 ], [ -71.218374472625285, -34.990923101975326 ], [ -71.217203471171018, -34.99093360247533 ], [ -71.213582266873189, -34.991282604009569 ], [ -71.212678565729419, -34.991256804396585 ], [ -71.211597564266057, -34.991075104865011 ], [ -71.210271062189165, -34.990406205456182 ], [ -71.209993936791633, -34.990232410532222 ], [ -71.209826061639049, -34.990414305645928 ], [ -71.209804461628124, -34.990439705654254 ], [ -71.209741861593287, -34.990508305678446 ], [ -71.208956861157958, -34.991371205981892 ], [ -71.208270860773197, -34.992118506247351 ], [ -71.207240460176934, -34.993212006647077 ], [ -71.206567059782657, -34.993919406908617 ], [ -71.205672259330768, -34.994973707251873 ], [ -71.205580459263246, -34.995048307288336 ], [ -71.205321759092215, -34.995289107389929 ], [ -71.204697758766358, -34.996007407629946 ], [ -71.204283858623782, -34.996600607784814 ], [ -71.204129358579905, -34.996836807842115 ], [ -71.204113628563405, -34.996860422972155 ] ] ] } },
{ "type": "Feature", "properties": { "zona": "50002" }, "geometry": { "type": "Polygon", "coordinates": [ [ [ -71.205424141642212, -34.986731386283168 ], [ -71.20550757946306, -34.986805002243834 ], [ -71.20621458045207, -34.987531302929476 ], [ -71.206742981347546, -34.987962303439353 ], [ -71.207081381966347, -34.988205903765163 ], [ -71.207332799650729, -34.988463602702708 ], [ -71.207600811004269, -34.988177087890548 ], [ -71.207845684709056, -34.98791530595237 ], [ -71.210378104660762, -34.985207902592258 ], [ -71.210446885465316, -34.985134100936328 ], [ -71.211016159077175, -34.984893829218478 ], [ -71.211435564040599, -34.984669874439135 ], [ -71.211878148458666, -34.984400373180101 ], [ -71.212318324506782, -34.984171531985197 ], [ -71.212473908783338, -34.984101046943977 ], [ -71.212841617589859, -34.983963698971301 ], [ -71.213394829684418, -34.983827322922444 ], [ -71.214292409283388, -34.983666717061382 ], [ -71.214549710010516, -34.983621477507846 ], [ -71.214633954429431, -34.983610929583804 ], [ -71.215370081949629, -34.983476184043127 ], [ -71.21260101139633, -34.981591005788381 ], [ -71.207130304664759, -34.977988745746316 ], [ -71.206799781313677, -34.977771089669837 ], [ -71.20043319357876, -34.973601695271853 ], [ -71.199014945941087, -34.972577881869448 ], [ -71.198285422273287, -34.971470233236474 ], [ -71.197067394561884, -34.972756034838788 ], [ -71.195343923869103, -34.975723947491829 ], [ -71.195331918965877, -34.975913020190085 ], [ -71.195391556124491, -34.976090339924156 ], [ -71.195593901129598, -34.976243433354149 ], [ -71.195769887409398, -34.976367804859827 ], [ -71.195845459845344, -34.976571546802532 ], [ -71.195894386187902, -34.97671887322381 ], [ -71.195884054949687, -34.976905028453828 ], [ -71.195800657488419, -34.977119452593051 ], [ -71.195738627726655, -34.977434755499601 ], [ -71.195688607680552, -34.977740250416957 ], [ -71.195696722072384, -34.978109598621948 ], [ -71.19573622697321, -34.978304969024428 ], [ -71.195872493744375, -34.97846302320832 ], [ -71.195944024330998, -34.978621456189067 ], [ -71.196022084990815, -34.978859150291534 ], [ -71.196009686361506, -34.979102160236671 ], [ -71.196003263659492, -34.979118011561532 ], [ -71.195984519705775, -34.979313374296567 ], [ -71.196056402545238, -34.979535037986437 ], [ -71.196257424963861, -34.979864893848848 ], [ -71.196462071635338, -34.980151014993034 ], [ -71.196763310149834, -34.980404427002341 ], [ -71.197186605568859, -34.980756479712944 ], [ -71.198145281569367, -34.981310551849916 ], [ -71.198384941719809, -34.981455210858869 ], [ -71.199025456670114, -34.981905275989782 ], [ -71.199842844183635, -34.982479610199242 ], [ -71.199887744259925, -34.982511810178913 ], [ -71.201107646333156, -34.983387209626223 ], [ -71.202283248331241, -34.984230909093533 ], [ -71.203498950377423, -34.985071408543782 ], [ -71.204161751492094, -34.985528108244097 ], [ -71.205424141642212, -34.986731386283168 ] ] ] } },
{ "type": "Feature", "properties": { "zona": "50003" }, "geometry": { "type": "Polygon", "coordinates": [ [ [ -71.204113628563405, -34.996860422972155 ], [ -71.204129358579905, -34.996836807842115 ], [ -71.204283858623782, -34.996600607784814 ], [ -71.204697758766358, -34.996007407629946 ], [ -71.205321759092215, -34.995289107389929 ], [ -71.205580459263246, -34.995048307288336 ], [ -71.205672259330768, -34.994973707251873 ], [ -71.206567059782657, -34.993919406908617 ], [ -71.207240460176934, -34.993212006647077 ], [ -71.208270860773197, -34.992118506247351 ], [ -71.208956861157958, -34.991371205981892 ], [ -71.209741861593287, -34.990508305678446 ], [ -71.209804461628124, -34.990439705654254 ], [ -71.209826061639049, -34.990414305645928 ], [ -71.209993936791633, -34.990232410532222 ], [ -71.209442060827016, -34.98988630582938 ], [ -71.208688559465415, -34.989217806175745 ], [ -71.208169986864945, -34.98846172542008 ], [ -71.207845684709056, -34.98791530595237 ], [ -71.207600811004269, -34.988177087890548 ], [ -71.207332799650729, -34.988463602702708 ], [ -71.207081381966347, -34.988205903765163 ], [ -71.206742981347546, -34.987962303439353 ], [ -71.20621458045207, -34.987531302929476 ], [ -71.20550757946306, -34.986805002243834 ], [ -71.205424141642212, -34.986731386283168 ], [ -71.204761905671205, -34.987440123680926 ], [ -71.204699303430516, -34.987508721205643 ], [ -71.203914275165587, -34.988371590172875 ], [ -71.203228250890902, -34.989118863034811 ], [ -71.202197816248685, -34.990212322192761 ], [ -71.201524394063625, -34.990919695480905 ], [ -71.200629557409542, -34.991973960294715 ], [ -71.20053775575586, -34.992048556594121 ], [ -71.200279049176771, -34.992289346248107 ], [ -71.199929544000682, -34.992618658088908 ], [ -71.204113628563405, -34.996860422972155 ] ] ] } },
{ "type": "Feature", "properties": { "zona": "50901" }, "geometry": { "type": "Polygon", "coordinates": [ [ [ -71.228801382735867, -34.986334697687475 ], [ -71.228872783200245, -34.986929197634957 ], [ -71.228948983696085, -34.987563997578881 ], [ -71.229019984157503, -34.988154497526679 ], [ -71.229117084789266, -34.988963197455256 ], [ -71.22921628543105, -34.989783597382498 ], [ -71.22952117134723, -34.99198221097835 ], [ -71.22920848050353, -34.992306690579838 ], [ -71.231816827837235, -34.994008885549235 ], [ -71.232234970309761, -34.994319618788765 ], [ -71.232465898202747, -34.994497841817214 ], [ -71.232746748565233, -34.994753449051146 ], [ -71.232757175749342, -34.994663202860423 ], [ -71.232794692771947, -34.994338495683266 ], [ -71.23292069235967, -34.993437095662706 ], [ -71.232973792149451, -34.992999495656214 ], [ -71.233113391467683, -34.991644595646669 ], [ -71.233249190815428, -34.990343895636727 ], [ -71.23342999015756, -34.988945395611154 ], [ -71.233567889553115, -34.98771609559769 ], [ -71.233684894910709, -34.98666113622842 ], [ -71.233632188967846, -34.986662495609188 ], [ -71.231190485742488, -34.986377296664166 ], [ -71.231116985591257, -34.986282996699103 ], [ -71.231025785437296, -34.986219296740472 ], [ -71.230870185197446, -34.986146796809692 ], [ -71.230740385008531, -34.986103996866795 ], [ -71.230232984411089, -34.986159997081728 ], [ -71.229905884038729, -34.986216397219529 ], [ -71.228801382735867, -34.986334697687475 ] ] ] } },
{ "type": "Feature", "properties": { "zona": "51001" }, "geometry": { "type": "Polygon", "coordinates": [ [ [ -71.220274592804799, -34.986471668033616 ], [ -71.220688763677273, -34.986745488418713 ], [ -71.224805854817973, -34.989478649930057 ], [ -71.226024355924025, -34.990285883337407 ], [ -71.228243035063898, -34.991676612445779 ], [ -71.22920848050353, -34.992306690579838 ], [ -71.22952117134723, -34.99198221097835 ], [ -71.22921628543105, -34.989783597382498 ], [ -71.229117084789266, -34.988963197455256 ], [ -71.229019984157503, -34.988154497526679 ], [ -71.228614483665851, -34.98817689769929 ], [ -71.227492982255242, -34.988158298179535 ], [ -71.226621481167058, -34.988156498552236 ], [ -71.226664180844054, -34.987560498556022 ], [ -71.226272580358199, -34.987564598723324 ], [ -71.225355679047382, -34.987299799125111 ], [ -71.22367127660992, -34.986766699864901 ], [ -71.223348476132401, -34.986648100007237 ], [ -71.223591728760965, -34.984762755389156 ], [ -71.222903674235042, -34.984520600275978 ], [ -71.222257173307369, -34.984328300559383 ], [ -71.221521672247761, -34.98410280088207 ], [ -71.221159821638778, -34.983989349356044 ], [ -71.220930687354581, -34.985462765821019 ], [ -71.220583852765913, -34.986141754984665 ], [ -71.220274592804799, -34.986471668033616 ] ] ] } },
{ "type": "Feature", "properties": { "zona": "51501" }, "geometry": { "type": "Polygon", "coordinates": [ [ [ -71.224776176986381, -34.985179599451214 ], [ -71.224828777067003, -34.985203399427846 ], [ -71.226121878945136, -34.9856237988595 ], [ -71.226221879087404, -34.985651598815686 ], [ -71.226434679391829, -34.985713398722424 ], [ -71.226553379562077, -34.985748598670384 ], [ -71.227340780723182, -34.986032198323215 ], [ -71.228108881843937, -34.986289997985267 ], [ -71.228327782143708, -34.986332397890081 ], [ -71.228684482596236, -34.986344497737129 ], [ -71.228801382735867, -34.986334697687475 ], [ -71.229905884038729, -34.986216397219529 ], [ -71.230232984411089, -34.986159997081728 ], [ -71.230740385008531, -34.986103996866795 ], [ -71.230870185197446, -34.986146796809692 ], [ -71.231025785437296, -34.986219296740472 ], [ -71.231116985591257, -34.986282996699103 ], [ -71.231190485742488, -34.986377296664166 ], [ -71.233632188967846, -34.986662495609188 ], [ -71.233684894910709, -34.98666113622842 ], [ -71.233817988440777, -34.985461095574173 ], [ -71.233851288295767, -34.985165695570885 ], [ -71.233944887910212, -34.984370395560305 ], [ -71.233533687364513, -34.984318295738127 ], [ -71.232890486496601, -34.984214096017112 ], [ -71.232349285672967, -34.98397859625733 ], [ -71.232150885361705, -34.983877496345919 ], [ -71.232000685074453, -34.983719196416011 ], [ -71.231807484692013, -34.983495096506935 ], [ -71.231608984286311, -34.983244596601118 ], [ -71.231399783861633, -34.982985196700177 ], [ -71.231222783524359, -34.982800596782731 ], [ -71.231024283193605, -34.98266879687251 ], [ -71.230766782803116, -34.982558896986681 ], [ -71.230525382435488, -34.982453397093828 ], [ -71.230337682118204, -34.982321597178945 ], [ -71.230106981672321, -34.982070997286897 ], [ -71.229983581413023, -34.981903997345839 ], [ -71.229806581122915, -34.981794097425592 ], [ -71.229634880820058, -34.981653497504226 ], [ -71.229393480383052, -34.981438097615417 ], [ -71.229232580110263, -34.981323797688447 ], [ -71.229012679788909, -34.981249097785231 ], [ -71.228819579548102, -34.981249097867767 ], [ -71.228551279221875, -34.981262297982013 ], [ -71.228390379012922, -34.981249098051315 ], [ -71.227382494929415, -34.98118149563583 ], [ -71.227298677706273, -34.981335798514863 ], [ -71.227152378014225, -34.982112798548677 ], [ -71.227007978295902, -34.982844398583381 ], [ -71.225426776159537, -34.982583799269001 ], [ -71.225293176381811, -34.983199999303352 ], [ -71.225152476566123, -34.983770099342415 ], [ -71.225030476733949, -34.984277099375817 ], [ -71.224911776845858, -34.984688999411354 ], [ -71.224776176986381, -34.985179599451214 ] ] ] } },
{ "type": "Feature", "properties": { "zona": "51601" }, "geometry": { "type": "Polygon", "coordinates": [ [ [ -71.229019984157503, -34.988154497526679 ], [ -71.228948983696085, -34.987563997578881 ], [ -71.228872783200245, -34.986929197634957 ], [ -71.228801382735867, -34.986334697687475 ], [ -71.228684482596236, -34.986344497737129 ], [ -71.228327782143708, -34.986332397890081 ], [ -71.228108881843937, -34.986289997985267 ], [ -71.227340780723182, -34.986032198323215 ], [ -71.226553379562077, -34.985748598670384 ], [ -71.226434679391829, -34.985713398722424 ], [ -71.226221879087404, -34.985651598815686 ], [ -71.226121878945136, -34.9856237988595 ], [ -71.224828777067003, -34.985203399427846 ], [ -71.224776176986381, -34.985179599451214 ], [ -71.223591728760965, -34.984762755389156 ], [ -71.223348476132401, -34.986648100007237 ], [ -71.22367127660992, -34.986766699864901 ], [ -71.225355679047382, -34.987299799125111 ], [ -71.226272580358199, -34.987564598723324 ], [ -71.226664180844054, -34.987560498556022 ], [ -71.226621481167058, -34.988156498552236 ], [ -71.227492982255242, -34.988158298179535 ], [ -71.228614483665851, -34.98817689769929 ], [ -71.229019984157503, -34.988154497526679 ] ] ] } },
{ "type": "Feature", "properties": { "zona": "51701" }, "geometry": { "type": "Polygon", "coordinates": [ [ [ -71.218555963265572, -34.97572590245845 ], [ -71.218698863532424, -34.975866502392236 ], [ -71.21879516393399, -34.976312902334627 ], [ -71.218932464494671, -34.976930502253175 ], [ -71.219041964910446, -34.97737330219006 ], [ -71.219209265545814, -34.978050002093603 ], [ -71.219197765729803, -34.978364502086905 ], [ -71.219103466289653, -34.979438602087548 ], [ -71.219045666564398, -34.979988502091985 ], [ -71.219040266791666, -34.98035950208061 ], [ -71.218996666804287, -34.980465702095302 ], [ -71.217762065409715, -34.980695802614292 ], [ -71.217258464835197, -34.980780702826308 ], [ -71.217287964947303, -34.980900102809294 ], [ -71.217383365309516, -34.981285802754314 ], [ -71.217546765909646, -34.981914202661329 ], [ -71.217938967419755, -34.983532902434042 ], [ -71.219302669208162, -34.983671701846248 ], [ -71.219974970097155, -34.983751701555995 ], [ -71.22035467060239, -34.983801901391899 ], [ -71.220814571225972, -34.983881101192445 ], [ -71.221159821638778, -34.983989349356044 ], [ -71.221521672247761, -34.98410280088207 ], [ -71.222257173307369, -34.984328300559383 ], [ -71.222903674235042, -34.984520600275978 ], [ -71.223591728760965, -34.984762755389156 ], [ -71.224776176986381, -34.985179599451214 ], [ -71.224911776845858, -34.984688999411354 ], [ -71.225030476733949, -34.984277099375817 ], [ -71.225152476566123, -34.983770099342415 ], [ -71.225293176381811, -34.983199999303352 ], [ -71.225426776159537, -34.982583799269001 ], [ -71.227007978295902, -34.982844398583381 ], [ -71.227152378014225, -34.982112798548677 ], [ -71.227298677706273, -34.981335798514863 ], [ -71.227382494929415, -34.98118149563583 ], [ -71.228390379012922, -34.981249098051315 ], [ -71.228240178778435, -34.98117439811827 ], [ -71.228004178295521, -34.980875498230255 ], [ -71.227800277855394, -34.980580998328335 ], [ -71.227655477538931, -34.980365698398174 ], [ -71.22747837723206, -34.980229398478969 ], [ -71.227296076916005, -34.980088798562086 ], [ -71.227124376604792, -34.979934898641162 ], [ -71.22684007612547, -34.979737098770052 ], [ -71.226566475665038, -34.979548098893993 ], [ -71.226400175371694, -34.979411898970113 ], [ -71.226223175092755, -34.979319599049212 ], [ -71.22606217486701, -34.979279999119477 ], [ -71.225858374610098, -34.979275599206765 ], [ -71.225649174368669, -34.979306399295069 ], [ -71.225461374123412, -34.979288799375965 ], [ -71.225300473886747, -34.979231699446871 ], [ -71.225123473580013, -34.979095399527544 ], [ -71.224994673283504, -34.978879999590568 ], [ -71.224914273047432, -34.978664699632901 ], [ -71.224774772765244, -34.978493199698875 ], [ -71.22457627238191, -34.978277899791671 ], [ -71.224409972019231, -34.978031699871863 ], [ -71.22425437165883, -34.977767999948107 ], [ -71.224093471305665, -34.977526200025792 ], [ -71.223905670907897, -34.977266900115652 ], [ -71.223739370556331, -34.977038300195154 ], [ -71.223606270300806, -34.97689630025728 ], [ -71.223476570076215, -34.976796600316398 ], [ -71.223444369941745, -34.97664710033569 ], [ -71.223473769853555, -34.976449200330443 ], [ -71.223566069775728, -34.976143400302284 ], [ -71.223574669756104, -34.976095300300372 ], [ -71.223244969391587, -34.976169100438547 ], [ -71.222837868945376, -34.976266400608935 ], [ -71.222615168696265, -34.976311700702432 ], [ -71.222490868358634, -34.976022100766237 ], [ -71.222281167900505, -34.975710300867362 ], [ -71.221999767226322, -34.975197701006564 ], [ -71.221971167167737, -34.975161301020123 ], [ -71.220312465272556, -34.975435501718742 ], [ -71.220053364976494, -34.97547830182787 ], [ -71.219620264484462, -34.975554402010076 ], [ -71.219350964176058, -34.975597802123538 ], [ -71.218555963265572, -34.97572590245845 ] ] ] } },
{ "type": "Feature", "properties": { "zona": "51702" }, "geometry": { "type": "Polygon", "coordinates": [ [ [ -71.216129519305014, -34.983680154984008 ], [ -71.217293982569544, -34.984481895309798 ], [ -71.21876843828521, -34.985475877439683 ], [ -71.220274592804799, -34.986471668033616 ], [ -71.220583852765913, -34.986141754984665 ], [ -71.220930687354581, -34.985462765821019 ], [ -71.221159821638778, -34.983989349356044 ], [ -71.220814571225972, -34.983881101192445 ], [ -71.22035467060239, -34.983801901391899 ], [ -71.219974970097155, -34.983751701555995 ], [ -71.219302669208162, -34.983671701846248 ], [ -71.217938967419755, -34.983532902434042 ], [ -71.216574165662891, -34.98344630302033 ], [ -71.216418265473735, -34.983454703086643 ], [ -71.216293465359442, -34.983520303137524 ], [ -71.216157560695578, -34.983652813926241 ], [ -71.216129519305014, -34.983680154984008 ] ] ] } },
{ "type": "Feature", "properties": { "zona": "52501" }, "geometry": { "type": "Polygon", "coordinates": [ [ [ -71.221971167167737, -34.975161301020123 ], [ -71.221999767226322, -34.975197701006564 ], [ -71.222281167900505, -34.975710300867362 ], [ -71.222490868358634, -34.976022100766237 ], [ -71.222615168696265, -34.976311700702432 ], [ -71.222837868945376, -34.976266400608935 ], [ -71.223244969391587, -34.976169100438547 ], [ -71.223574669756104, -34.976095300300372 ], [ -71.223566069775728, -34.976143400302284 ], [ -71.223473769853555, -34.976449200330443 ], [ -71.223444369941745, -34.97664710033569 ], [ -71.223476570076215, -34.976796600316398 ], [ -71.223606270300806, -34.97689630025728 ], [ -71.223739370556331, -34.977038300195154 ], [ -71.223905670907897, -34.977266900115652 ], [ -71.224093471305665, -34.977526200025792 ], [ -71.22425437165883, -34.977767999948107 ], [ -71.224409972019231, -34.978031699871863 ], [ -71.22457627238191, -34.978277899791671 ], [ -71.224774772765244, -34.978493199698875 ], [ -71.224914273047432, -34.978664699632901 ], [ -71.224994673283504, -34.978879999590568 ], [ -71.225123473580013, -34.979095399527544 ], [ -71.225300473886747, -34.979231699446871 ], [ -71.225461374123412, -34.979288799375965 ], [ -71.225649174368669, -34.979306399295069 ], [ -71.225858374610098, -34.979275599206765 ], [ -71.22606217486701, -34.979279999119477 ], [ -71.226223175092755, -34.979319599049212 ], [ -71.226400175371694, -34.979411898970113 ], [ -71.226566475665038, -34.979548098893993 ], [ -71.22684007612547, -34.979737098770052 ], [ -71.227124376604792, -34.979934898641162 ], [ -71.227296076916005, -34.980088798562086 ], [ -71.22747837723206, -34.980229398478969 ], [ -71.227655477538931, -34.980365698398174 ], [ -71.227800277855394, -34.980580998328335 ], [ -71.228004178295521, -34.980875498230255 ], [ -71.228240178778435, -34.98117439811827 ], [ -71.228390379012922, -34.981249098051315 ], [ -71.228551279221875, -34.981262297982013 ], [ -71.228819579548102, -34.981249097867767 ], [ -71.229012679788909, -34.981249097785231 ], [ -71.229232580110263, -34.981323797688447 ], [ -71.229393480383052, -34.981438097615417 ], [ -71.229634880820058, -34.981653497504226 ], [ -71.229806581122915, -34.981794097425592 ], [ -71.229983581413023, -34.981903997345839 ], [ -71.230106981672321, -34.982070997286897 ], [ -71.230337682118204, -34.982321597178945 ], [ -71.230525382435488, -34.982453397093828 ], [ -71.230766782803116, -34.982558896986681 ], [ -71.231024283193605, -34.98266879687251 ], [ -71.231222783524359, -34.982800596782731 ], [ -71.231399783861633, -34.982985196700177 ], [ -71.231608984286311, -34.983244596601118 ], [ -71.231807484692013, -34.983495096506935 ], [ -71.232000685074453, -34.983719196416011 ], [ -71.232150885361705, -34.983877496345919 ], [ -71.232349285672967, -34.98397859625733 ], [ -71.232890486496601, -34.984214096017112 ], [ -71.233533687364513, -34.984318295738127 ], [ -71.233944887910212, -34.984370395560305 ], [ -71.234031487573219, -34.983665795549349 ], [ -71.234039387542083, -34.983600895548349 ], [ -71.23407988737624, -34.983258295543727 ], [ -71.234099287175994, -34.982902895548584 ], [ -71.234090187063842, -34.982743295558386 ], [ -71.234057586900548, -34.982549095579543 ], [ -71.233999586689052, -34.98232869561248 ], [ -71.233611185409856, -34.981069895825264 ], [ -71.233575137494455, -34.980775056787827 ], [ -71.233556485059154, -34.980622495865205 ], [ -71.233463684834973, -34.980450695911273 ], [ -71.233184583759993, -34.979299296073286 ], [ -71.233106083490853, -34.979027996116905 ], [ -71.232954182969991, -34.9785029962013 ], [ -71.232837682651962, -34.97822929626124 ], [ -71.232746082415645, -34.978035896307588 ], [ -71.232431081895456, -34.977833996449789 ], [ -71.231562480436978, -34.977239096843277 ], [ -71.230681078954476, -34.976631297242641 ], [ -71.229254476648308, -34.97579539788358 ], [ -71.228801575906544, -34.975514698087579 ], [ -71.22843037527673, -34.975249998256068 ], [ -71.227673174047382, -34.974797798596512 ], [ -71.227315673505885, -34.974645998754951 ], [ -71.227020773088668, -34.974567398883927 ], [ -71.226777572767034, -34.974538198988959 ], [ -71.226544872462938, -34.974515999089249 ], [ -71.226313872184534, -34.974531199187425 ], [ -71.226078771911673, -34.974563299286729 ], [ -71.225854071656698, -34.974603199381306 ], [ -71.225619271392134, -34.97464779948001 ], [ -71.225415971158171, -34.974678699565771 ], [ -71.224955270625031, -34.974744099760258 ], [ -71.224462270066283, -34.974832699967692 ], [ -71.223458768915208, -34.974991300390684 ], [ -71.222945568280977, -34.975000200609692 ], [ -71.221971167167737, -34.975161301020123 ] ] ] } },
{ "type": "Feature", "properties": { "zona": "52601" }, "geometry": { "type": "Polygon", "coordinates": [ [ [ -71.213606057614825, -34.976552904542217 ], [ -71.213625557685191, -34.976626004531248 ], [ -71.213658757787385, -34.976722404513502 ], [ -71.213796558251701, -34.977186404437539 ], [ -71.213921058662606, -34.977591904369397 ], [ -71.214028458980977, -34.977884504312797 ], [ -71.21422925963283, -34.978521304203554 ], [ -71.214474060444445, -34.979324404069395 ], [ -71.214677561072193, -34.979917503960628 ], [ -71.214752561313446, -34.980151803919966 ], [ -71.214829261579354, -34.980421803877206 ], [ -71.214962062022977, -34.980862703804242 ], [ -71.215094662450795, -34.98127890373226 ], [ -71.215714463154228, -34.981168603471595 ], [ -71.216429763968009, -34.981044403170607 ], [ -71.217287964947303, -34.980900102809294 ], [ -71.217258464835197, -34.980780702826308 ], [ -71.217762065409715, -34.980695802614292 ], [ -71.218996666804287, -34.980465702095302 ], [ -71.219040266791666, -34.98035950208061 ], [ -71.219045666564398, -34.979988502091985 ], [ -71.219103466289653, -34.979438602087548 ], [ -71.219197765729803, -34.978364502086905 ], [ -71.219209265545814, -34.978050002093603 ], [ -71.219041964910446, -34.97737330219006 ], [ -71.218932464494671, -34.976930502253175 ], [ -71.21879516393399, -34.976312902334627 ], [ -71.218698863532424, -34.975866502392236 ], [ -71.218555963265572, -34.97572590245845 ], [ -71.217436561987711, -34.975912902929771 ], [ -71.216505860925267, -34.976068403321612 ], [ -71.216110660476375, -34.97613800348784 ], [ -71.215699160004363, -34.9762032036612 ], [ -71.213606057614825, -34.976552904542217 ] ] ] } },
{ "type": "Feature", "properties": { "zona": "52701" }, "geometry": { "type": "Polygon", "coordinates": [ [ [ -71.207130304664773, -34.977988745746323 ], [ -71.21260101139633, -34.981591005788381 ], [ -71.215370081949629, -34.983476184043127 ], [ -71.215540038143402, -34.983298313814103 ], [ -71.216129519305014, -34.983680154984008 ], [ -71.216157560695578, -34.983652813926241 ], [ -71.216293465359442, -34.983520303137524 ], [ -71.216418265473735, -34.983454703086643 ], [ -71.216574165662891, -34.98344630302033 ], [ -71.217938967419755, -34.983532902434042 ], [ -71.217546765909646, -34.981914202661329 ], [ -71.217383365309516, -34.981285802754314 ], [ -71.217287964947303, -34.980900102809294 ], [ -71.216429763968009, -34.981044403170607 ], [ -71.215714463154228, -34.981168603471595 ], [ -71.215094662450795, -34.98127890373226 ], [ -71.214962062022977, -34.980862703804242 ], [ -71.214829261579354, -34.980421803877206 ], [ -71.214752561313446, -34.980151803919966 ], [ -71.214677561072193, -34.979917503960628 ], [ -71.214474060444445, -34.979324404069395 ], [ -71.21422925963283, -34.978521304203554 ], [ -71.214028458980977, -34.977884504312797 ], [ -71.213921058662606, -34.977591904369397 ], [ -71.213796558251701, -34.977186404437539 ], [ -71.213658757787385, -34.976722404513502 ], [ -71.213625557685191, -34.976626004531248 ], [ -71.213606057614825, -34.976552904542217 ], [ -71.211912955681782, -34.976835705254828 ], [ -71.209507852935801, -34.977237606266954 ], [ -71.208075551300325, -34.977476806869618 ], [ -71.207987651199971, -34.977491506906588 ], [ -71.207591350747478, -34.977557707073345 ], [ -71.207403250624836, -34.977735407147094 ], [ -71.207295815406795, -34.977835124895314 ], [ -71.20722636908728, -34.977899582454036 ], [ -71.207130304664773, -34.977988745746323 ] ] ] } },
{ "type": "Feature", "properties": { "zona": "54201" }, "geometry": { "type": "Polygon", "coordinates": [ [ [ -71.222787863462955, -34.99180595615141 ], [ -71.218181250962346, -34.99711806449141 ], [ -71.218360050644975, -34.997040040578369 ], [ -71.218597146446569, -34.996916333104494 ], [ -71.218803304259566, -34.996848396189037 ], [ -71.219023767083399, -34.996805229424737 ], [ -71.219152508191513, -34.996700392019768 ], [ -71.219334150534138, -34.996644961479809 ], [ -71.219561026788767, -34.99663273618912 ], [ -71.219744145309889, -34.996628549312696 ], [ -71.219868595891896, -34.996595650347302 ], [ -71.219951065046999, -34.99657710936502 ], [ -71.22015538935689, -34.996505617576432 ], [ -71.220387461394623, -34.996468603954142 ], [ -71.220649721594057, -34.996462229744537 ], [ -71.221251430324514, -34.996539324794369 ], [ -71.221651075997528, -34.996563826649847 ], [ -71.221761579346833, -34.996571973953372 ], [ -71.221949854207267, -34.996596461708215 ], [ -71.222115646478159, -34.996664081447278 ], [ -71.222266456448025, -34.996787179437135 ], [ -71.222341893761651, -34.99692267292356 ], [ -71.222492318775025, -34.997027391332551 ], [ -71.222769150895544, -34.997256922149106 ], [ -71.223097195002282, -34.997626685159403 ], [ -71.223458529125466, -34.998053689367119 ], [ -71.223468557312387, -34.998070119015679 ], [ -71.223829614160323, -34.99832459480622 ], [ -71.224100337992667, -34.998472008666532 ], [ -71.22438094142791, -34.998603067682502 ], [ -71.224568999495048, -34.998641046704392 ], [ -71.224735036113699, -34.998654613525872 ], [ -71.224878447474438, -34.998603124591575 ], [ -71.225002162281754, -34.998546069563126 ], [ -71.225065965801846, -34.998488878026244 ], [ -71.225076605779989, -34.998404296206964 ], [ -71.225054050106834, -34.998330487148763 ], [ -71.225065068171588, -34.998256479788523 ], [ -71.22510606548002, -34.998209723688547 ], [ -71.225231286282664, -34.998179224107062 ], [ -71.225376544932701, -34.998195543173892 ], [ -71.225537646179959, -34.998236944492923 ], [ -71.225646797985931, -34.998359225263378 ], [ -71.225826195403144, -34.99867486130811 ], [ -71.22591849214524, -34.998855272384574 ], [ -71.225929945199695, -34.998873753287782 ], [ -71.225969547685409, -34.998910708120391 ], [ -71.22610025422594, -34.999072260030225 ], [ -71.226122821455675, -34.999090722136586 ], [ -71.226189785876741, -34.999178569447679 ], [ -71.226211979813272, -34.999210981501392 ], [ -71.226278580718486, -34.999322199016362 ], [ -71.226295262675308, -34.999345400850622 ], [ -71.226317509829087, -34.999377893563917 ], [ -71.226345420138884, -34.999391894628459 ], [ -71.226451444547763, -34.999498959981189 ], [ -71.226468214391645, -34.999512955748202 ], [ -71.226479421206776, -34.999522275873275 ], [ -71.226501884825424, -34.999531628805542 ], [ -71.226659357552464, -34.999573943520538 ], [ -71.226681879803166, -34.999578667115578 ], [ -71.226698783326427, -34.999578725881129 ], [ -71.226851034573087, -34.999583905138387 ], [ -71.226873602701076, -34.999588634546207 ], [ -71.226896185083859, -34.999588714153212 ], [ -71.227201354292902, -34.999557519322025 ], [ -71.227207026716599, -34.999557528743118 ], [ -71.22738295110922, -34.999562474026455 ], [ -71.227411340605443, -34.999567175427643 ], [ -71.227632915039976, -34.999581528308155 ], [ -71.22781496080799, -34.999619377769861 ], [ -71.227843432589495, -34.999624134132269 ], [ -71.227997046199746, -34.999661349914398 ], [ -71.22816198825825, -34.999717157075082 ], [ -71.228184733217972, -34.999726456861836 ], [ -71.228321218419637, -34.999759000238335 ], [ -71.228608668742837, -34.999893207750475 ], [ -71.22873610067127, -34.999864018283048 ], [ -71.228858523354219, -34.999809112085195 ], [ -71.228968553324833, -34.999736968280118 ], [ -71.229083190607852, -34.999637153053797 ], [ -71.229249444735316, -34.999537306985658 ], [ -71.229372648626182, -34.999485411899293 ], [ -71.229474409197081, -34.999471560442991 ], [ -71.229584198084169, -34.999499242261308 ], [ -71.229668279462118, -34.999547654826372 ], [ -71.229739680210741, -34.999589113929957 ], [ -71.229836533285422, -34.999620183054191 ], [ -71.229938214286179, -34.999634397866735 ], [ -71.231471592196556, -34.996040596186326 ], [ -71.23175229215687, -34.995423396089052 ], [ -71.232001091999209, -34.994682496010057 ], [ -71.232024091948119, -34.994556196004893 ], [ -71.232234970309761, -34.994319618788765 ], [ -71.231816827837235, -34.994008885549235 ], [ -71.22920848050353, -34.992306690579838 ], [ -71.228243035063898, -34.991676612445779 ], [ -71.226024355924025, -34.990285883337407 ], [ -71.224805854817973, -34.989478649930057 ], [ -71.222787863462955, -34.99180595615141 ] ] ] } },
{ "type": "Feature", "properties": { "zona": "54301" }, "geometry": { "type": "Polygon", "coordinates": [ [ [ -71.215370081949629, -34.983476184043127 ], [ -71.214633954429431, -34.983610929583804 ], [ -71.214549710010516, -34.983621477507846 ], [ -71.214359134328163, -34.983652058034387 ], [ -71.214292409283388, -34.983666717061382 ], [ -71.213394829684418, -34.983827322922444 ], [ -71.212841617589859, -34.983963698971301 ], [ -71.212473908783338, -34.984101046943977 ], [ -71.212365251279508, -34.984148077367458 ], [ -71.212318324506782, -34.984171531985197 ], [ -71.211878148458666, -34.984400373180101 ], [ -71.211435564040599, -34.984669874439135 ], [ -71.211016159077175, -34.984893829218478 ], [ -71.210446885465316, -34.985134100936328 ], [ -71.210378104660762, -34.985207902592258 ], [ -71.207845684709056, -34.98791530595237 ], [ -71.208169986864945, -34.98846172542008 ], [ -71.208688559465415, -34.989217806175745 ], [ -71.209442060827016, -34.98988630582938 ], [ -71.209993936791633, -34.990232410532222 ], [ -71.210271062189165, -34.990406205456182 ], [ -71.211597564266057, -34.991075104865011 ], [ -71.212678565729419, -34.991256804396585 ], [ -71.213582266873189, -34.991282604009569 ], [ -71.217203471171018, -34.99093360247533 ], [ -71.218374472625285, -34.990923101975326 ], [ -71.219052373423793, -34.990848201688372 ], [ -71.219575873931689, -34.990618101473153 ], [ -71.220004174481687, -34.990642901289185 ], [ -71.221008875844319, -34.990816000853393 ], [ -71.222097577384616, -34.991104500377389 ], [ -71.222787863462955, -34.99180595615141 ], [ -71.224805854817973, -34.989478649930057 ], [ -71.220688763677273, -34.986745488418705 ], [ -71.220274592804785, -34.986471668033623 ], [ -71.21876843828521, -34.985475877439683 ], [ -71.217293982569529, -34.984481895309798 ], [ -71.216129519304999, -34.983680154984008 ], [ -71.215540038143388, -34.983298313814103 ], [ -71.215370081949629, -34.983476184043127 ] ] ] } },
{ "type": "Feature", "properties": { "zona": "60201" }, "geometry": { "type": "Polygon", "coordinates": [ [ [ -71.244147213226753, -35.03050040461067 ], [ -71.244093728936704, -35.030338683368647 ], [ -71.244071898674548, -35.030189234909386 ], [ -71.244092204858774, -35.030055627014143 ], [ -71.244123046805669, -35.029964813438291 ], [ -71.244163730482242, -35.02985057602816 ], [ -71.244212457670955, -35.029781757295552 ], [ -71.244281790868314, -35.029675917948452 ], [ -71.244367835632218, -35.029545446291813 ], [ -71.244465393345493, -35.029439397185129 ], [ -71.24450592151662, -35.029390440288012 ], [ -71.244669696921164, -35.029243686668039 ], [ -71.244848836697471, -35.029138841717604 ], [ -71.244983215210368, -35.029083939803741 ], [ -71.245125782318723, -35.029030028954161 ], [ -71.245334925656408, -35.028966962171786 ], [ -71.245558616909534, -35.028908931718426 ], [ -71.245693905850885, -35.028891083655644 ], [ -71.245923662526423, -35.028815866504807 ], [ -71.246198514100854, -35.02866983330518 ], [ -71.246447527346021, -35.028571555341884 ], [ -71.246836694046763, -35.028409876196456 ], [ -71.247026445741383, -35.028272039640463 ], [ -71.247193378975155, -35.028075332915478 ], [ -71.247456647887645, -35.027837499776687 ], [ -71.247612567064778, -35.027632228983315 ], [ -71.247648938681024, -35.027585348409765 ], [ -71.2477320507478, -35.027457906483455 ], [ -71.247790800136343, -35.027387217742792 ], [ -71.247853210466999, -35.027272094999788 ], [ -71.247924700056004, -35.027190135635927 ], [ -71.248081721744754, -35.02706142556206 ], [ -71.248497332943785, -35.026802052156732 ], [ -71.248672158742949, -35.026692946494641 ], [ -71.248800774750123, -35.026643005521315 ], [ -71.249087537620525, -35.026578164159474 ], [ -71.24929266786603, -35.026551537859525 ], [ -71.249555815080868, -35.026492383460337 ], [ -71.249743497076039, -35.026439108211939 ], [ -71.25008611039523, -35.026353381476447 ], [ -71.250366694715296, -35.026301509822297 ], [ -71.250171189057014, -35.026014613066252 ], [ -71.249888181330377, -35.025619717745258 ], [ -71.249697172846979, -35.025209421021557 ], [ -71.249539766058845, -35.024880223714142 ], [ -71.249405958525401, -35.02452282606685 ], [ -71.249309047093888, -35.024001127987219 ], [ -71.249275235486024, -35.023483928933196 ], [ -71.249250307115716, -35.022231030348273 ], [ -71.249217771721007, -35.020667532136102 ], [ -71.249209751700647, -35.019785132986009 ], [ -71.249199540861369, -35.019306233537378 ], [ -71.249192332322707, -35.018929133958764 ], [ -71.249201909794564, -35.017939734626118 ], [ -71.249191204321718, -35.017696834990787 ], [ -71.249137393600307, -35.012813739839267 ], [ -71.249091786454173, -35.012490340806927 ], [ -71.249019180247615, -35.012203042160081 ], [ -71.248927674726758, -35.011942243782052 ], [ -71.248887210456985, -35.011846348424037 ], [ -71.248779567406814, -35.011591246348701 ], [ -71.248674162460986, -35.011353048165795 ], [ -71.248410519146063, -35.010895531670599 ], [ -71.247774796683004, -35.010773149257837 ], [ -71.247659787759417, -35.010763482231269 ], [ -71.247552826778119, -35.010773238490252 ], [ -71.247406202486019, -35.010812234765439 ], [ -71.247164510271929, -35.010873981927269 ], [ -71.246946577965304, -35.010903428295322 ], [ -71.246679218023615, -35.010891543650338 ], [ -71.246315268763027, -35.004795290351979 ], [ -71.245689815429458, -35.004727689777972 ], [ -71.245278035566898, -35.004664113460365 ], [ -71.244969998149656, -35.004614367039167 ], [ -71.244695544637835, -35.004525261493953 ], [ -71.244558062695418, -35.004424498146797 ], [ -71.244530593982844, -35.004413334027724 ], [ -71.244412957230253, -35.004149337884456 ], [ -71.244356897526359, -35.003868141880361 ], [ -71.244356755955465, -35.003834411553022 ], [ -71.244265537260162, -35.003362171498409 ], [ -71.244188471624852, -35.003007362407793 ], [ -71.244050104302943, -35.00280409969394 ], [ -71.243792775990556, -35.002459861426068 ], [ -71.243572536225599, -35.002109403365147 ], [ -71.243551833149652, -35.002076071899687 ], [ -71.243291147944163, -35.001726428976234 ], [ -71.243270602392542, -35.001687528766496 ], [ -71.242977081187647, -35.001359994799792 ], [ -71.242676954373593, -35.001077001272023 ], [ -71.242343067878508, -35.000844189863265 ], [ -71.242322592776929, -35.000821985169878 ], [ -71.242038601187531, -35.000620070958348 ], [ -71.241826015387673, -35.000565435675703 ], [ -71.241656386381038, -35.00060059113126 ], [ -71.241410241497917, -35.000566852012057 ], [ -71.241079417757035, -35.000491980466947 ], [ -71.240799725525946, -35.000334046930064 ], [ -71.240503411451471, -35.000196984329399 ], [ -71.240240700614052, -35.000156870169576 ], [ -71.240029606244207, -35.00006095101859 ], [ -71.23981863498588, -34.999895765484979 ], [ -71.239480858932609, -34.999731324519388 ], [ -71.239248742688204, -34.999662671659472 ], [ -71.239227733464958, -34.999656457748117 ], [ -71.238755668704329, -34.999548264323273 ], [ -71.238292775576966, -34.999481588462416 ], [ -71.237780492074236, -34.999470554007914 ], [ -71.237354233703201, -34.999529092192361 ], [ -71.236903755735156, -34.999634988814648 ], [ -71.2368529914216, -34.999651894495564 ], [ -71.236384769994658, -34.999807821661108 ], [ -71.235922837597897, -34.99991829598892 ], [ -71.235536605187505, -35.000022057675281 ], [ -71.235184280899418, -35.000016134450021 ], [ -71.234772190268131, -34.999948335303927 ], [ -71.234203057754428, -34.999763997636229 ], [ -71.23371385365607, -34.999620273770894 ], [ -71.233417838071759, -34.999579554173955 ], [ -71.233037119031593, -34.999580467966155 ], [ -71.232767189556952, -34.999608811074623 ], [ -71.232369604771961, -34.999554464024634 ], [ -71.232098960348395, -34.999492967137257 ], [ -71.23181179310842, -34.999410924311825 ], [ -71.231423925887171, -34.999308611694097 ], [ -71.23110426359176, -34.999268206781132 ], [ -71.230844200840082, -34.999330855575948 ], [ -71.23061856756344, -34.999455109493439 ], [ -71.230350840533205, -34.999524436109887 ], [ -71.229938214286165, -34.999634397866735 ], [ -71.231887206631384, -35.002014532927234 ], [ -71.234889709739861, -35.001634738316184 ], [ -71.242630649592257, -35.011092650378991 ], [ -71.239824804491491, -35.012667976129777 ], [ -71.241060579760685, -35.014186680801352 ], [ -71.24177995776742, -35.025927941563104 ], [ -71.241886918562003, -35.026630847311466 ], [ -71.242149277470162, -35.027436259569384 ], [ -71.242575142256129, -35.02821837841384 ], [ -71.243001317175953, -35.028831596932513 ], [ -71.244147213226753, -35.03050040461067 ] ] ] } },
{ "type": "Feature", "properties": { "zona": "60301" }, "geometry": { "type": "Polygon", "coordinates": [ [ [ -71.239248742688204, -34.999662671659472 ], [ -71.239480858932609, -34.999731324519388 ], [ -71.23981863498588, -34.999895765484979 ], [ -71.240029606244207, -35.00006095101859 ], [ -71.240240700614052, -35.000156870169576 ], [ -71.240503411451471, -35.000196984329399 ], [ -71.240799725525946, -35.000334046930064 ], [ -71.241079417757035, -35.000491980466947 ], [ -71.241410241497917, -35.000566852012057 ], [ -71.241656386381038, -35.00060059113126 ], [ -71.241826015387673, -35.000565435675703 ], [ -71.242038601187531, -35.000620070958348 ], [ -71.242322592776929, -35.000821985169878 ], [ -71.242343067878508, -35.000844189863265 ], [ -71.242676954373593, -35.001077001272023 ], [ -71.242977081187647, -35.001359994799792 ], [ -71.243270602392542, -35.001687528766496 ], [ -71.243291147944163, -35.001726428976234 ], [ -71.243551833149652, -35.002076071899687 ], [ -71.243572536225599, -35.002109403365147 ], [ -71.243792775990556, -35.002459861426068 ], [ -71.244050104302943, -35.00280409969394 ], [ -71.244188471624852, -35.003007362407793 ], [ -71.244265537260162, -35.003362171498409 ], [ -71.244356755955465, -35.003834411553022 ], [ -71.244356897526359, -35.003868141880361 ], [ -71.244412957230253, -35.004149337884456 ], [ -71.244530593982844, -35.004413334027724 ], [ -71.244558062695418, -35.004424498146797 ], [ -71.244695544637835, -35.004525261493953 ], [ -71.244969998149656, -35.004614367039167 ], [ -71.245278035566898, -35.004664113460365 ], [ -71.245689815429458, -35.004727689777972 ], [ -71.245652315024699, -35.004161889815038 ], [ -71.245258710254419, -34.997396890234775 ], [ -71.245256709443169, -34.996118090283147 ], [ -71.245497208555747, -34.994240390249864 ], [ -71.245311108315065, -34.994226890330054 ], [ -71.245083808042921, -34.994244890426742 ], [ -71.245013207928807, -34.994203690458477 ], [ -71.244959307841683, -34.994172190482743 ], [ -71.244935807780095, -34.994121190494667 ], [ -71.244974607623291, -34.993796690490129 ], [ -71.244938507530534, -34.993721190508381 ], [ -71.244416606850521, -34.993675290733556 ], [ -71.243884606157266, -34.99362839096311 ], [ -71.24374010596901, -34.993615691025454 ], [ -71.243013805022557, -34.993551691338794 ], [ -71.242920904901567, -34.993543591378874 ], [ -71.242092103821605, -34.993470591736411 ], [ -71.241326702824239, -34.993403192066594 ], [ -71.240499701746629, -34.993330392423296 ], [ -71.239654400645207, -34.993255992787894 ], [ -71.239051499859571, -34.993202893047929 ], [ -71.23898360010314, -34.993722293057708 ], [ -71.238954900277747, -34.99405519305769 ], [ -71.238955600355794, -34.994177293052822 ], [ -71.238958700401, -34.994242693049088 ], [ -71.238981900701717, -34.994672693023212 ], [ -71.238994200814105, -34.99482619301228 ], [ -71.239024501097902, -34.995215392984861 ], [ -71.239027401182994, -34.995344292978857 ], [ -71.239044001460783, -34.995750992956644 ], [ -71.239040901486106, -34.995797192956246 ], [ -71.239092901935081, -34.996404792911477 ], [ -71.239138102462917, -34.997150592864493 ], [ -71.239183602779349, -34.99756139282978 ], [ -71.239248742688204, -34.999662671659472 ] ] ] } },
{ "type": "Feature", "properties": { "zona": "60401" }, "geometry": { "type": "Polygon", "coordinates": [ [ [ -71.2368529914216, -34.999651894495564 ], [ -71.236903755735156, -34.999634988814648 ], [ -71.237354233703201, -34.999529092192361 ], [ -71.237780492074236, -34.999470554007914 ], [ -71.238292775576966, -34.999481588462416 ], [ -71.238755668704329, -34.999548264323273 ], [ -71.239227733464958, -34.999656457748117 ], [ -71.239248742688204, -34.999662671659472 ], [ -71.239183602779349, -34.99756139282978 ], [ -71.239138102462917, -34.997150592864493 ], [ -71.239092901935081, -34.996404792911477 ], [ -71.239040901486106, -34.995797192956246 ], [ -71.239044001460783, -34.995750992956644 ], [ -71.239027401182994, -34.995344292978857 ], [ -71.239024501097902, -34.995215392984861 ], [ -71.238994200814105, -34.99482619301228 ], [ -71.238981900701717, -34.994672693023212 ], [ -71.238958700401, -34.994242693049088 ], [ -71.238955600355794, -34.994177293052822 ], [ -71.238954900277747, -34.99405519305769 ], [ -71.23898360010314, -34.993722293057708 ], [ -71.239051499859571, -34.993202893047929 ], [ -71.237715598116779, -34.993082093624167 ], [ -71.237777797874998, -34.99257669361625 ], [ -71.237869797640869, -34.992024593597364 ], [ -71.236454195786308, -34.991884094208366 ], [ -71.235863295005302, -34.991814594463762 ], [ -71.235726194813253, -34.991781294523705 ], [ -71.235594694620445, -34.991735794581643 ], [ -71.235409494377748, -34.991717294661576 ], [ -71.235253494176035, -34.991705994728726 ], [ -71.235117094051304, -34.991777894784441 ], [ -71.234408593137843, -34.991730895089333 ], [ -71.233718892246117, -34.991681195386256 ], [ -71.233113391467668, -34.991644595646669 ], [ -71.232973792149451, -34.992999495656214 ], [ -71.232920692359656, -34.993437095662706 ], [ -71.232794692771932, -34.994338495683266 ], [ -71.232757175749327, -34.994663202860423 ], [ -71.232746748565233, -34.994753449051132 ], [ -71.232845608056962, -34.994844710198954 ], [ -71.233231173663228, -34.995240654242622 ], [ -71.233671243136257, -34.995754923090601 ], [ -71.235218794812198, -34.997662051709547 ], [ -71.2368529914216, -34.999651894495564 ] ] ] } },
{ "type": "Feature", "properties": { "zona": "60601" }, "geometry": { "type": "Polygon", "coordinates": [ [ [ -71.242509401194823, -34.988491691742503 ], [ -71.242429001523831, -34.989170891751705 ], [ -71.242376101794321, -34.989703191754636 ], [ -71.242541502875682, -34.991087591632429 ], [ -71.243051104399328, -34.992492291362161 ], [ -71.243530105014116, -34.992519691156048 ], [ -71.243658705248052, -34.992635991096691 ], [ -71.243949105727879, -34.992821990965432 ], [ -71.244159706075806, -34.992956790870238 ], [ -71.244415706490386, -34.993107490755037 ], [ -71.244988907409521, -34.993430390497629 ], [ -71.24495300752335, -34.993681190503679 ], [ -71.244938507530549, -34.993721190508381 ], [ -71.244974607623305, -34.993796690490129 ], [ -71.244935807780095, -34.994121190494667 ], [ -71.244959307841683, -34.994172190482743 ], [ -71.245013207928807, -34.994203690458491 ], [ -71.245083808042921, -34.994244890426742 ], [ -71.245311108315065, -34.994226890330054 ], [ -71.245497208555747, -34.994240390249864 ], [ -71.246104005560412, -34.988306190210409 ], [ -71.246114705519446, -34.988220290208986 ], [ -71.2461329054494, -34.988073590206646 ], [ -71.245741105027733, -34.988179490370491 ], [ -71.245556804829704, -34.988229790447534 ], [ -71.24447180363174, -34.988475190902989 ], [ -71.243971203059459, -34.98855749111425 ], [ -71.243964803089654, -34.988617891114735 ], [ -71.243422202383258, -34.9885708913488 ], [ -71.242733101486053, -34.988511091646011 ], [ -71.242509401194823, -34.988491691742503 ] ] ] } },
{ "type": "Feature", "properties": { "zona": "60701" }, "geometry": { "type": "Polygon", "coordinates": [ [ [ -71.237869797640869, -34.992024593597371 ], [ -71.237777797874998, -34.992576693616257 ], [ -71.237715598116779, -34.993082093624167 ], [ -71.239051499859571, -34.993202893047929 ], [ -71.239654400645207, -34.993255992787894 ], [ -71.240499701746643, -34.993330392423296 ], [ -71.241326702824239, -34.993403192066594 ], [ -71.242092103821605, -34.993470591736411 ], [ -71.242920904901581, -34.993543591378874 ], [ -71.243013805022571, -34.993551691338794 ], [ -71.24374010596901, -34.993615691025454 ], [ -71.243884606157266, -34.99362839096311 ], [ -71.244416606850521, -34.993675290733556 ], [ -71.244938507530549, -34.993721190508381 ], [ -71.24495300752335, -34.993681190503679 ], [ -71.244988907409521, -34.993430390497629 ], [ -71.244415706490386, -34.993107490755037 ], [ -71.244159706075806, -34.992956790870238 ], [ -71.243949105727879, -34.992821990965432 ], [ -71.243658705248052, -34.992635991096691 ], [ -71.243530105014116, -34.992519691156048 ], [ -71.243051104399328, -34.992492291362161 ], [ -71.242541502875682, -34.991087591632429 ], [ -71.242376101794321, -34.989703191754636 ], [ -71.240953099944292, -34.989584092368176 ], [ -71.239562798136703, -34.989467692967587 ], [ -71.23824379642187, -34.98935729353618 ], [ -71.237891295963536, -34.989327793688119 ], [ -71.237825996128123, -34.989717093701607 ], [ -71.237776896369724, -34.990196393704885 ], [ -71.237754896631174, -34.990653593697346 ], [ -71.238027396986709, -34.990678293579805 ], [ -71.237905797409681, -34.991587693598156 ], [ -71.237869797640869, -34.992024593597371 ] ] ] } },
{ "type": "Feature", "properties": { "zona": "60801" }, "geometry": { "type": "Polygon", "coordinates": [ [ [ -71.233684894910709, -34.98666113622842 ], [ -71.233567889553115, -34.98771609559769 ], [ -71.23342999015756, -34.988945395611154 ], [ -71.233249190815428, -34.990343895636727 ], [ -71.233113391467683, -34.991644595646669 ], [ -71.233718892246117, -34.991681195386271 ], [ -71.234408593137843, -34.991730895089354 ], [ -71.235117094051304, -34.991777894784448 ], [ -71.235253494176035, -34.991705994728726 ], [ -71.235409494377762, -34.991717294661591 ], [ -71.23559469462046, -34.991735794581651 ], [ -71.235726194813253, -34.991781294523712 ], [ -71.235863295005316, -34.991814594463762 ], [ -71.236454195786322, -34.991884094208366 ], [ -71.237869797640869, -34.992024593597371 ], [ -71.237905797409681, -34.991587693598156 ], [ -71.238027396986709, -34.990678293579805 ], [ -71.237754896631174, -34.990653593697346 ], [ -71.237776896369724, -34.990196393704885 ], [ -71.237825996128123, -34.989717093701607 ], [ -71.237891295963536, -34.989327793688119 ], [ -71.23824379642187, -34.98935729353618 ], [ -71.238399095843349, -34.988135193514985 ], [ -71.238538895322094, -34.987034293496002 ], [ -71.237167693532413, -34.986908294087435 ], [ -71.235823191777683, -34.986784894667281 ], [ -71.234302889793383, -34.986645195322886 ], [ -71.233684894910709, -34.98666113622842 ] ] ] } },
{ "type": "Feature", "properties": { "zona": "64101" }, "geometry": { "type": "Polygon", "coordinates": [ [ [ -71.229938214286165, -34.999634397866735 ], [ -71.230350840533205, -34.999524436109887 ], [ -71.23061856756344, -34.999455109493439 ], [ -71.230844200840082, -34.999330855575948 ], [ -71.23110426359176, -34.999268206781132 ], [ -71.231423925887171, -34.999308611694097 ], [ -71.23181179310842, -34.999410924311825 ], [ -71.232098960348395, -34.999492967137257 ], [ -71.232369604771961, -34.999554464024634 ], [ -71.232767189556952, -34.999608811074623 ], [ -71.233037119031593, -34.999580467966155 ], [ -71.233417838071759, -34.999579554173955 ], [ -71.23371385365607, -34.999620273770894 ], [ -71.234203057754428, -34.999763997636229 ], [ -71.234772190268131, -34.999948335303927 ], [ -71.235184280899418, -35.000016134450021 ], [ -71.235536605187505, -35.000022057675281 ], [ -71.235922837597897, -34.99991829598892 ], [ -71.236384769994658, -34.999807821661108 ], [ -71.2368529914216, -34.999651894495564 ], [ -71.235218794812198, -34.997662051709547 ], [ -71.233671243136257, -34.995754923090601 ], [ -71.233231173663228, -34.995240654242622 ], [ -71.232845608056962, -34.994844710198954 ], [ -71.232746748565233, -34.994753449051132 ], [ -71.232465898202747, -34.994497841817214 ], [ -71.232234970309761, -34.994319618788758 ], [ -71.232024091948119, -34.994556196004893 ], [ -71.232001091999209, -34.994682496010043 ], [ -71.23175229215687, -34.995423396089052 ], [ -71.231471592196556, -34.996040596186326 ], [ -71.229938214286165, -34.999634397866735 ] ] ] } },
{ "type": "Feature", "properties": { "zona": "58" }, "geometry": { "type": "Polygon", "coordinates": [ [ [ -71.17118085213383, -34.922684615126244 ], [ -71.165710572277732, -34.922782279405759 ], [ -71.163077863996293, -34.92673294386482 ], [ -71.165915733596137, -34.930586111727557 ], [ -71.171386530669395, -34.930488419273438 ], [ -71.17401894085944, -34.926537587133467 ], [ -71.17118085213383, -34.922684615126244 ] ] ] } },
{ "type": "Feature", "properties": { "zona": "59" }, "geometry": { "type": "Polygon", "coordinates": [ [ [ -71.256141533013007, -35.029640971258985 ], [ -71.250664451092305, -35.02974272937405 ], [ -71.248032786066844, -35.033695148106688 ], [ -71.250878503997711, -35.037545976508675 ], [ -71.256356105748509, -35.037444189080631 ], [ -71.258987469671823, -35.033491602565938 ], [ -71.256141533013007, -35.029640971258985 ] ] ] } },
{ "type": "Feature", "properties": { "zona": "60" }, "geometry": { "type": "Polygon", "coordinates": [ [ [ -71.186366685839133, -34.960171348259742 ], [ -71.180893971306261, -34.960269787640186 ], [ -71.178260907960905, -34.964220776106472 ], [ -71.181100857971373, -34.968073493015396 ], [ -71.18657409065645, -34.967975025250979 ], [ -71.189206855112531, -34.964023868963913 ], [ -71.186366685839133, -34.960171348259742 ] ] ] } },
{ "type": "Feature", "properties": { "zona": "61" }, "geometry": { "type": "Polygon", "coordinates": [ [ [ -71.257399243598257, -34.950347593099174 ], [ -71.251927445590113, -34.950449208321338 ], [ -71.249298168573418, -34.954401603507442 ], [ -71.252140989490456, -34.958252550721745 ], [ -71.257613305300509, -34.958150906197517 ], [ -71.260242282325336, -34.95419834376343 ], [ -71.257399243598257, -34.950347593099174 ] ] ] } },
{ "type": "Feature", "properties": { "zona": "62" }, "geometry": { "type": "Polygon", "coordinates": [ [ [ -71.164577765910408, -34.912097200294951 ], [ -71.159108164560422, -34.9121945417333 ], [ -71.156475442886489, -34.916145068621972 ], [ -71.159312620322254, -34.919998421732487 ], [ -71.164782738628773, -34.919901052208637 ], [ -71.167415162476829, -34.915950357662041 ], [ -71.164577765910408, -34.912097200294951 ] ] ] } },
{ "type": "Feature", "properties": { "zona": "63" }, "geometry": { "type": "Polygon", "coordinates": [ [ [ -71.267494887594665, -35.037538979032817 ], [ -71.262017321639377, -35.037641269539975 ], [ -71.259385985533953, -35.041593918842345 ], [ -71.262232516731487, -35.045444445392945 ], [ -71.267710602702891, -35.045342125422692 ], [ -71.270341637394125, -35.041389308367307 ], [ -71.267494887594665, -35.037538979032817 ] ] ] } },
{ "type": "Feature", "properties": { "zona": "64" }, "geometry": { "type": "Polygon", "coordinates": [ [ [ -71.172305379758896, -34.958730218319708 ], [ -71.166832709852116, -34.958828020614078 ], [ -71.164198996822108, -34.962778727882416 ], [ -71.167038252255125, -34.966631800770273 ], [ -71.172511440296702, -34.966533970274838 ], [ -71.175144854704115, -34.962583095094892 ], [ -71.172305379758896, -34.958730218319708 ] ] ] } },
{ "type": "Feature", "properties": { "zona": "65" }, "geometry": { "type": "Polygon", "coordinates": [ [ [ -71.26406906903992, -34.940062249719048 ], [ -71.258597979470508, -34.940164139399734 ], [ -71.25596933192621, -34.944116660542356 ], [ -71.258812073846897, -34.947967459138887 ], [ -71.26428368094642, -34.947865540073188 ], [ -71.266912028528907, -34.943912851798359 ], [ -71.26406906903992, -34.940062249719048 ] ] ] } },
{ "type": "Feature", "properties": { "zona": "66" }, "geometry": { "type": "Polygon", "coordinates": [ [ [ -71.282189038496952, -34.969115058470244 ], [ -71.276716086854833, -34.969217838158293 ], [ -71.274087482591668, -34.973170736577238 ], [ -71.276932130597118, -34.977021022505099 ], [ -71.282405600484495, -34.976918213187005 ], [ -71.285033904054842, -34.972965147573468 ], [ -71.282189038496952, -34.969115058470244 ] ] ] } },
{ "type": "Feature", "properties": { "zona": "67" }, "geometry": { "type": "Polygon", "coordinates": [ [ [ -71.226152614649422, -35.002108574375512 ], [ -71.220677255805725, -35.002208910596487 ], [ -71.218044919731099, -35.006160716059682 ], [ -71.220888242617022, -35.010012353118526 ], [ -71.226364120628858, -35.009911987983244 ], [ -71.228996156520182, -35.005960014705778 ], [ -71.226152614649422, -35.002108574375512 ] ] ] } },
{ "type": "Feature", "properties": { "zona": "68" }, "geometry": { "type": "Polygon", "coordinates": [ [ [ -71.220684052987849, -34.933582399671074 ], [ -71.215213231258886, -34.933682319447819 ], [ -71.212582637587971, -34.937633975438104 ], [ -71.215423164691401, -34.941485879053609 ], [ -71.220894503846679, -34.941385930456661 ], [ -71.223524798406004, -34.937434107066728 ], [ -71.220684052987849, -34.933582399671074 ] ] ] } },
{ "type": "Feature", "properties": { "zona": "69" }, "geometry": { "type": "Polygon", "coordinates": [ [ [ -71.172015596466821, -34.93852717716107 ], [ -71.166544267908421, -34.938624917428349 ], [ -71.16391113499995, -34.942575607489609 ], [ -71.166749628914303, -34.946428725065729 ], [ -71.172221475092499, -34.946330956607795 ], [ -71.17485430967028, -34.94238009876667 ], [ -71.172015596466821, -34.93852717716107 ] ] ] } },
{ "type": "Feature", "properties": { "zona": "70" }, "geometry": { "type": "Polygon", "coordinates": [ [ [ -71.198275052897131, -34.995950043298336 ], [ -71.192800001217549, -34.99604910699793 ], [ -71.190166471549716, -35.000000353467421 ], [ -71.193008293102039, -35.003852704212463 ], [ -71.198483863831314, -35.003753611962452 ], [ -71.201117093892123, -34.999802197520133 ], [ -71.198275052897131, -34.995950043298336 ] ] ] } }
]
}
