{
"type": "FeatureCollection",
"name": "Iquique - Alto Hospicio",
"crs": { "type": "name", "properties": { "name": "urn:ogc:def:crs:OGC:1.3:CRS84" } },
"features": [
{ "type": "Feature", "properties": { "zona": "71" }, "geometry": { "type": "Polygon", "coordinates": [ [ [ -70.137858143517363, -20.187613246369278 ], [ -70.137313145206079, -20.178735246199029 ], [ -70.061158139043343, -20.186267233082287 ], [ -70.00494110679935, -20.33376922444106 ], [ -70.022060107927928, -20.333369227425766 ], [ -70.025834110405583, -20.321914227997087 ], [ -70.055831127034836, -20.246282232632296 ], [ -70.076413138464773, -20.194070235786654 ], [ -70.089731139586718, -20.192518238080524 ], [ -70.137279143437354, -20.187840246271048 ], [ -70.137858143517363, -20.187613246369278 ] ] ] } },
{ "type": "Feature", "properties": { "zona": "72" }, "geometry": { "type": "Polygon", "coordinates": [ [ [ -70.025834110405583, -20.321914227997087 ], [ -70.022060107927928, -20.333369227425766 ], [ -70.13459711589239, -20.32830024700456 ], [ -70.134574117679662, -20.319160246922703 ], [ -70.128275117239738, -20.319399245828023 ], [ -70.121681116779499, -20.31965024468192 ], [ -70.041681111386637, -20.321881230760198 ], [ -70.025834110405583, -20.321914227997087 ] ] ] } },
{ "type": "Feature", "properties": { "zona": "70" }, "geometry": { "type": "Polygon", "coordinates": [ [ [ -70.121681116779499, -20.31965024468192 ], [ -70.128275117239738, -20.319399245828023 ], [ -70.134574117679662, -20.319160246922703 ], [ -70.134871118810267, -20.313475246925961 ], [ -70.13490811906037, -20.312208246921607 ], [ -70.134954119374783, -20.310615246916033 ], [ -70.13057511907158, -20.310768246155241 ], [ -70.125061118690184, -20.310960245197165 ], [ -70.121824118466549, -20.311072244634662 ], [ -70.121796118191568, -20.312469244641544 ], [ -70.121771117942373, -20.313735244647855 ], [ -70.121681116779499, -20.31965024468192 ] ] ] } },
{ "type": "Feature", "properties": { "zona": "50" }, "geometry": { "type": "Polygon", "coordinates": [ [ [ -70.121824118466549, -20.311072244634662 ], [ -70.125061118690169, -20.310960245197165 ], [ -70.130575119071565, -20.310768246155241 ], [ -70.134954119374783, -20.310615246916033 ], [ -70.134911120506402, -20.304813246859098 ], [ -70.134661122254684, -20.29578724673868 ], [ -70.127839673190479, -20.296178319116642 ], [ -70.123615121508948, -20.296080244820029 ], [ -70.121227121372016, -20.296020244404168 ], [ -70.121973120586674, -20.300276244569748 ], [ -70.121829120061477, -20.302917244566906 ], [ -70.121782119598535, -20.305270244578534 ], [ -70.121824118466549, -20.311072244634662 ] ] ] } },
{ "type": "Feature", "properties": { "zona": "69" }, "geometry": { "type": "Polygon", "coordinates": [ [ [ -70.089731139586718, -20.192518238080524 ], [ -70.076413138464773, -20.194070235786654 ], [ -70.055831127034836, -20.246282232632296 ], [ -70.025834110405583, -20.321914227997087 ], [ -70.041681111386637, -20.321881230760198 ], [ -70.089731139586718, -20.192518238080524 ] ] ] } },
{ "type": "Feature", "properties": { "zona": "66" }, "geometry": { "type": "Polygon", "coordinates": [ [ [ -70.100597865039944, -20.279553012693324 ], [ -70.100430241416149, -20.27952425937017 ], [ -70.10030212163997, -20.279496992285605 ], [ -70.100070367302479, -20.279447668915704 ], [ -70.099875340719862, -20.279406161905563 ], [ -70.099771011800698, -20.279379568933361 ], [ -70.099705559252669, -20.27936288533644 ], [ -70.099668030372925, -20.279353319359849 ], [ -70.099566504234005, -20.279326068566974 ], [ -70.099413877253767, -20.279288455440323 ], [ -70.099393090734551, -20.279283332834954 ], [ -70.099253594205607, -20.279260304171721 ], [ -70.099055363218426, -20.279223495867036 ], [ -70.099025294058052, -20.279217912486466 ], [ -70.098816273766502, -20.279166720688931 ], [ -70.098708078173573, -20.279140222063422 ], [ -70.098571185777715, -20.27911762272343 ], [ -70.098361383368015, -20.279082986567133 ], [ -70.098336088047461, -20.279078810559373 ], [ -70.098166555509025, -20.279037289092706 ], [ -70.098145758821303, -20.279032195609258 ], [ -70.097959483483535, -20.278961650936093 ], [ -70.097889272071754, -20.27893617695759 ], [ -70.097743597849075, -20.278883323578896 ], [ -70.097421404277753, -20.27869809348292 ], [ -70.097340652791587, -20.27862290300359 ], [ -70.097008334928915, -20.278198694420254 ], [ -70.09629098718834, -20.276706967711327 ], [ -70.096227785391306, -20.276573278387612 ], [ -70.095973439788224, -20.27603526419842 ], [ -70.095764724776885, -20.275606771084849 ], [ -70.095710577209701, -20.275495605365943 ], [ -70.095545043004094, -20.275130981635556 ], [ -70.095428640153841, -20.274874578805004 ], [ -70.095115763206991, -20.274286029259262 ], [ -70.094448842154335, -20.272993822660268 ], [ -70.093886884939707, -20.27183030168549 ], [ -70.093846491379381, -20.271902426269648 ], [ -70.093819709259733, -20.271975494814722 ], [ -70.093792050885824, -20.272055553387272 ], [ -70.093773905629391, -20.272090680349685 ], [ -70.093531889164012, -20.272559192550588 ], [ -70.093127291173417, -20.273308572423179 ], [ -70.092656679229236, -20.274180210876789 ], [ -70.092502410956342, -20.274465934782889 ], [ -70.092349799467613, -20.274708596408974 ], [ -70.092293629072842, -20.274797910566637 ], [ -70.092235493939143, -20.274899813714232 ], [ -70.090653984244398, -20.277671933646431 ], [ -70.090487238803604, -20.277964192593537 ], [ -70.09003601818803, -20.27873612310772 ], [ -70.089811684432519, -20.279073650979299 ], [ -70.08958940998555, -20.279313062672244 ], [ -70.08941219477046, -20.279503940381964 ], [ -70.089393413630049, -20.279531601383621 ], [ -70.088712269916741, -20.28060846959125 ], [ -70.088652625903237, -20.280709134570078 ], [ -70.088234119039484, -20.281585668645238 ], [ -70.087597410487717, -20.282919191507204 ], [ -70.087570723975801, -20.282960565952791 ], [ -70.087383247487779, -20.283251226529096 ], [ -70.086680937893803, -20.284539500136258 ], [ -70.086170476028528, -20.285252710473355 ], [ -70.085682673472704, -20.286096100569864 ], [ -70.085182426825014, -20.286960995549713 ], [ -70.084949275247595, -20.287381200002841 ], [ -70.084927899965137, -20.287419724126259 ], [ -70.08429860048507, -20.288364668792877 ], [ -70.088103908526563, -20.288594554500904 ], [ -70.088841203112011, -20.288427385667283 ], [ -70.088870791917316, -20.28841319610078 ], [ -70.089238975648001, -20.288236629797463 ], [ -70.089636615576609, -20.288027045681932 ], [ -70.090331383007495, -20.287610018176029 ], [ -70.090410137673416, -20.287562746132512 ], [ -70.091028346052497, -20.28691264131314 ], [ -70.091590629638219, -20.286321340309051 ], [ -70.092415925491153, -20.284591882410407 ], [ -70.092633760819183, -20.284093277567493 ], [ -70.093211650188564, -20.28277052661538 ], [ -70.093463300471143, -20.282206232767862 ], [ -70.093491312032228, -20.282174524416575 ], [ -70.093688211920608, -20.281951638439846 ], [ -70.094329424055957, -20.281685712709113 ], [ -70.094601898089749, -20.281595402356476 ], [ -70.095792601973486, -20.281200742532153 ], [ -70.096130598395305, -20.281088482036743 ], [ -70.096221266808627, -20.281058367732275 ], [ -70.098398250568394, -20.280361403963891 ], [ -70.098865905747786, -20.280211679352998 ], [ -70.099560063731758, -20.280029689886764 ], [ -70.100200904795955, -20.279847028140399 ], [ -70.100613149617558, -20.279907053766795 ], [ -70.100720571728544, -20.279641184412185 ], [ -70.100751079082357, -20.279579294117546 ], [ -70.100597865039944, -20.279553012693324 ] ] ] } },
{ "type": "Feature", "properties": { "zona": "44" }, "geometry": { "type": "Polygon", "coordinates": [ [ [ -70.126746544835498, -20.274636501268752 ], [ -70.126640333793404, -20.274650755032091 ], [ -70.126607024351799, -20.274656460604223 ], [ -70.125486887654532, -20.274848324849067 ], [ -70.125067900795912, -20.274932311950721 ], [ -70.125024412818561, -20.274941029176869 ], [ -70.124840324681855, -20.274977506249904 ], [ -70.124791685209161, -20.274987144128904 ], [ -70.124522277700763, -20.275027183241242 ], [ -70.12447789675403, -20.275033779057988 ], [ -70.124100141695862, -20.27510950859628 ], [ -70.124099571120482, -20.274975633457519 ], [ -70.124095251888477, -20.273962150253126 ], [ -70.12409256512619, -20.273589265801476 ], [ -70.124070511031874, -20.272872288610241 ], [ -70.124576605003313, -20.272795735687051 ], [ -70.124664304619614, -20.272779236827063 ], [ -70.124697780744995, -20.272737588433476 ], [ -70.12467956083718, -20.27255284814084 ], [ -70.124633425269096, -20.272243986450345 ], [ -70.124623656550128, -20.272180639612746 ], [ -70.124502326008169, -20.271393846970483 ], [ -70.125716713152102, -20.271178882033073 ], [ -70.126161032074265, -20.27110502859059 ], [ -70.126154883735836, -20.271051766043229 ], [ -70.126066997646305, -20.270574251842479 ], [ -70.1258721155139, -20.270247223119117 ], [ -70.12586525147303, -20.270221752208354 ], [ -70.125799235116204, -20.269976779880402 ], [ -70.125605340857533, -20.26931827624626 ], [ -70.125374571214039, -20.268461766182892 ], [ -70.125336011437611, -20.268371698861621 ], [ -70.124697390355195, -20.268491351718364 ], [ -70.124669392845263, -20.268496597310417 ], [ -70.124292202481826, -20.268578829215159 ], [ -70.124120216687132, -20.268617369808375 ], [ -70.123213821865676, -20.268820482314844 ], [ -70.123156688089637, -20.268837291781548 ], [ -70.123136302325989, -20.268843289521168 ], [ -70.123048493654736, -20.26884382074822 ], [ -70.122992543195025, -20.268844159215735 ], [ -70.12289593383538, -20.268765149935895 ], [ -70.122795914602804, -20.268649427461011 ], [ -70.122769915412519, -20.268619346300792 ], [ -70.122515904949765, -20.268300308721642 ], [ -70.122497248173389, -20.268276875709269 ], [ -70.122115749822356, -20.267829923970748 ], [ -70.118406235042997, -20.2672449661844 ], [ -70.118148234911729, -20.268119966160224 ], [ -70.116897888667765, -20.276615804650874 ], [ -70.115835065930469, -20.283075895809649 ], [ -70.115162761988088, -20.286471641571609 ], [ -70.116513446710513, -20.286720153501101 ], [ -70.117544385392861, -20.286909827867174 ], [ -70.118833063047788, -20.287174887032133 ], [ -70.119881943199132, -20.287413596330968 ], [ -70.12045851655671, -20.287266484458097 ], [ -70.12082034004338, -20.28684983402918 ], [ -70.121068096304342, -20.286542277698143 ], [ -70.12124114975326, -20.286478166019101 ], [ -70.121593356493236, -20.286306249366273 ], [ -70.121960754282242, -20.286195531425093 ], [ -70.12239203088167, -20.286042969852236 ], [ -70.12278040506645, -20.285852673936553 ], [ -70.122714159054112, -20.285647928997374 ], [ -70.122623021528739, -20.285198886112621 ], [ -70.122625060737306, -20.285177674138811 ], [ -70.122657454678219, -20.284840709791595 ], [ -70.122776544001766, -20.284674064488822 ], [ -70.123294142487197, -20.284651537634016 ], [ -70.125168659758273, -20.284636069920307 ], [ -70.125459146662635, -20.284633671151408 ], [ -70.125657851913658, -20.284553713156349 ], [ -70.126938692065977, -20.284437796863944 ], [ -70.126924391590123, -20.281690331326615 ], [ -70.126921927423609, -20.281605320496265 ], [ -70.126903408977299, -20.281344941940866 ], [ -70.12689325454069, -20.280873736622894 ], [ -70.126891663369705, -20.280799899526698 ], [ -70.126935986122746, -20.279186435243496 ], [ -70.126950332158742, -20.278587186288565 ], [ -70.126967147503791, -20.277884792311504 ], [ -70.126971696419318, -20.277495930506078 ], [ -70.12697917896925, -20.276856293748011 ], [ -70.126979686183731, -20.276812935369449 ], [ -70.126925098831563, -20.276381758241257 ], [ -70.126808344607795, -20.275012431968474 ], [ -70.126746544835498, -20.274636501268752 ] ] ] } },
{ "type": "Feature", "properties": { "zona": "42" }, "geometry": { "type": "Polygon", "coordinates": [ [ [ -70.118406235042997, -20.2672449661844 ], [ -70.122115749822356, -20.267829923970748 ], [ -70.122497248173389, -20.268276875709269 ], [ -70.122769915412519, -20.268619346300792 ], [ -70.12289593383538, -20.268765149935895 ], [ -70.122992543195025, -20.268844159215735 ], [ -70.123136302325989, -20.268843289521168 ], [ -70.123213821865676, -20.268820482314844 ], [ -70.124292202481826, -20.268578829215159 ], [ -70.124669392845263, -20.268496597310417 ], [ -70.125336011437611, -20.268371698861621 ], [ -70.125330633842822, -20.268349886722589 ], [ -70.125213261105714, -20.267873807741413 ], [ -70.125049699676907, -20.26720554679677 ], [ -70.12502328938757, -20.267090692542187 ], [ -70.124990423694584, -20.26694776446552 ], [ -70.124967828541614, -20.266839823818415 ], [ -70.124780547302748, -20.265945144820833 ], [ -70.124757747030074, -20.265849360743434 ], [ -70.124634091913222, -20.265329882524149 ], [ -70.124460120301677, -20.264599016718343 ], [ -70.124766995541847, -20.264533303809145 ], [ -70.124787201943718, -20.264532220367471 ], [ -70.124834518599855, -20.264529683299152 ], [ -70.124942661143962, -20.264538550854827 ], [ -70.125153707846479, -20.264603396177254 ], [ -70.125254791642902, -20.264639961356735 ], [ -70.125496146272752, -20.264751910004868 ], [ -70.125548944643072, -20.264776885519428 ], [ -70.125908819882994, -20.264098888693386 ], [ -70.125977931683465, -20.263970523659921 ], [ -70.12651025423726, -20.262981804974018 ], [ -70.126528715519896, -20.262947515343289 ], [ -70.126732397217978, -20.262565574834895 ], [ -70.126745316181498, -20.262541349343262 ], [ -70.127227055760969, -20.261632461510715 ], [ -70.12742504638544, -20.261258913517555 ], [ -70.127578419177894, -20.2609838282442 ], [ -70.127466651375371, -20.260875758945776 ], [ -70.126962816880706, -20.260388593966894 ], [ -70.123747602672381, -20.259941445684714 ], [ -70.123720676288784, -20.259937700700018 ], [ -70.120497128340915, -20.260085243975066 ], [ -70.118406235042997, -20.2672449661844 ] ] ] } },
{ "type": "Feature", "properties": { "zona": "41" }, "geometry": { "type": "Polygon", "coordinates": [ [ [ -70.120497128340915, -20.260085243975066 ], [ -70.123720676288784, -20.259937700700018 ], [ -70.123747602672381, -20.259941445684714 ], [ -70.126962816880706, -20.260388593966894 ], [ -70.127466651375371, -20.260875758945776 ], [ -70.127578419177894, -20.2609838282442 ], [ -70.12779677368944, -20.260581687649548 ], [ -70.128427130973279, -20.259420754505975 ], [ -70.128445001612036, -20.259387841761971 ], [ -70.128671516894073, -20.258952925055421 ], [ -70.128688172381629, -20.258920945875801 ], [ -70.128865001760147, -20.258606046638764 ], [ -70.129268355506909, -20.257887745737289 ], [ -70.13058639178, -20.256610747974449 ], [ -70.130659811579491, -20.256489161144788 ], [ -70.130673516901908, -20.256468830906957 ], [ -70.130763394543351, -20.25633550781917 ], [ -70.130819951590908, -20.25621721687304 ], [ -70.130859738398115, -20.256114970045356 ], [ -70.130875931547678, -20.256019249772024 ], [ -70.131018166464784, -20.255416251802988 ], [ -70.131211152807381, -20.254598088839025 ], [ -70.131275898849381, -20.254323597121513 ], [ -70.128534988417016, -20.252998651942374 ], [ -70.12823068835209, -20.252861912793136 ], [ -70.128124168935756, -20.252814047437489 ], [ -70.127454815759464, -20.252487680371814 ], [ -70.126620461429113, -20.252110578746276 ], [ -70.125629830730361, -20.251635548409553 ], [ -70.124966402119, -20.251329344088138 ], [ -70.124948753965612, -20.251321198561794 ], [ -70.124446000988556, -20.251094099967816 ], [ -70.124426972835806, -20.251085504716944 ], [ -70.124138894743922, -20.250943927444265 ], [ -70.124100409664308, -20.250918869027366 ], [ -70.124071033487425, -20.250899741590597 ], [ -70.123860374905618, -20.250722608368637 ], [ -70.123764832870634, -20.250586170906026 ], [ -70.123678329556867, -20.25046327547879 ], [ -70.123641999912152, -20.250411661807377 ], [ -70.123552662085231, -20.250198691596538 ], [ -70.123541271399503, -20.249950144581259 ], [ -70.123539068019284, -20.249902066243834 ], [ -70.123617428037932, -20.249812625150728 ], [ -70.123648940996944, -20.249737184942116 ], [ -70.123705451944545, -20.249601900803892 ], [ -70.12371159109361, -20.249571294168682 ], [ -70.123757651789219, -20.249341658923914 ], [ -70.123762461623514, -20.249317679497278 ], [ -70.123768206785584, -20.249177405764328 ], [ -70.12371056903153, -20.249145903032382 ], [ -70.123454585951364, -20.249021464179961 ], [ -70.123388581570168, -20.248990844624679 ], [ -70.123273059432336, -20.248905966472613 ], [ -70.123231514378276, -20.248875441826897 ], [ -70.122483642640887, -20.2481531112564 ], [ -70.122345503492269, -20.248019688685503 ], [ -70.122276924379335, -20.24796306818093 ], [ -70.122261513726315, -20.24794846734633 ], [ -70.122066251175042, -20.24961824405398 ], [ -70.121981130118428, -20.251440244159937 ], [ -70.121426129536999, -20.254246244087231 ], [ -70.120529128691928, -20.258295243965598 ], [ -70.120497128340915, -20.260085243975066 ] ] ] } },
{ "type": "Feature", "properties": { "zona": "36" }, "geometry": { "type": "Polygon", "coordinates": [ [ [ -70.122276924379335, -20.24796306818093 ], [ -70.122345503492269, -20.248019688685503 ], [ -70.123231514378276, -20.248875441826897 ], [ -70.123273059432336, -20.248905966472613 ], [ -70.123388581570168, -20.248990844624679 ], [ -70.123454585951364, -20.249021464179961 ], [ -70.12371056903153, -20.249145903032382 ], [ -70.123768206785584, -20.249177405764328 ], [ -70.123762461623514, -20.249317679497278 ], [ -70.123757651789219, -20.249341658923914 ], [ -70.12371159109361, -20.249571294168682 ], [ -70.123705451944545, -20.249601900803892 ], [ -70.123648940996944, -20.249737184942116 ], [ -70.123617428037932, -20.249812625150728 ], [ -70.123539068019284, -20.249902066243834 ], [ -70.123541271399503, -20.249950144581259 ], [ -70.123552662085231, -20.250198691596538 ], [ -70.123641999912152, -20.250411661807377 ], [ -70.123678329556867, -20.25046327547879 ], [ -70.123764832870634, -20.250586170906026 ], [ -70.123860374905618, -20.250722608368637 ], [ -70.124071033487425, -20.250899741590597 ], [ -70.124138894743922, -20.250943927444265 ], [ -70.124426972835806, -20.251085504716944 ], [ -70.124948753965612, -20.251321198561794 ], [ -70.125629830730361, -20.251635548409553 ], [ -70.126620461429113, -20.252110578746276 ], [ -70.126835875049679, -20.251564886978954 ], [ -70.127213295602132, -20.250608785545456 ], [ -70.127471184904792, -20.249939893049145 ], [ -70.12810151123206, -20.24830497936922 ], [ -70.128142821582657, -20.247798073439302 ], [ -70.128289358689486, -20.245876842968709 ], [ -70.12826505860744, -20.244657723693077 ], [ -70.128266585778235, -20.244507962372541 ], [ -70.128264926807631, -20.244485550831911 ], [ -70.128238769018125, -20.244132176094777 ], [ -70.128176416869536, -20.243096736766624 ], [ -70.128153242318461, -20.242754012822118 ], [ -70.128081901897531, -20.241698959882143 ], [ -70.128018215952622, -20.240866364897485 ], [ -70.128004132588359, -20.24068224511419 ], [ -70.128004132645202, -20.240390245111691 ], [ -70.128061132718472, -20.240032245118581 ], [ -70.128201132824515, -20.239532245138623 ], [ -70.12849465980166, -20.238648543478664 ], [ -70.128556477887841, -20.238440977719875 ], [ -70.128606007037448, -20.238285283026507 ], [ -70.128460533593255, -20.238242715303773 ], [ -70.127991479464768, -20.238105461999989 ], [ -70.12783588087062, -20.238059930840212 ], [ -70.12755546719832, -20.238019833988652 ], [ -70.127510779066611, -20.238013443909278 ], [ -70.126982133037913, -20.238047244914625 ], [ -70.122276924379335, -20.24796306818093 ] ] ] } },
{ "type": "Feature", "properties": { "zona": "38" }, "geometry": { "type": "Polygon", "coordinates": [ [ [ -70.132874347190807, -20.247130137543881 ], [ -70.132841040223241, -20.24719409657985 ], [ -70.132829185608927, -20.247305724998505 ], [ -70.1328245551517, -20.247373422145884 ], [ -70.132821552134175, -20.247417326153368 ], [ -70.132818428675847, -20.247568738125953 ], [ -70.132491161628764, -20.249009073587743 ], [ -70.132065697796193, -20.250880313716788 ], [ -70.131562502470231, -20.253094677906212 ], [ -70.131552367243728, -20.25313813674617 ], [ -70.13150108774694, -20.253358017773607 ], [ -70.131275898849381, -20.254323597121513 ], [ -70.133136282398624, -20.255220607224341 ], [ -70.134165151897534, -20.255723233658664 ], [ -70.134826226651143, -20.254572424037313 ], [ -70.134840503143906, -20.254547571082899 ], [ -70.135261732820283, -20.253839678315547 ], [ -70.135728726820957, -20.253039856494574 ], [ -70.135823876526047, -20.252873719580119 ], [ -70.136679151082788, -20.251380343136635 ], [ -70.136699299021743, -20.251341988922103 ], [ -70.136920649126381, -20.250920618969253 ], [ -70.1370448656089, -20.250712155894718 ], [ -70.137170878282419, -20.250500677779701 ], [ -70.13739606890401, -20.250120738541753 ], [ -70.137608536815407, -20.249732913592304 ], [ -70.137644657742868, -20.249672150502452 ], [ -70.137862925497515, -20.249304976558342 ], [ -70.138198375480954, -20.2487221718422 ], [ -70.138238101654238, -20.248653151993768 ], [ -70.13713260427842, -20.248142404236336 ], [ -70.135658599274805, -20.247458739931666 ], [ -70.135592905866375, -20.247431966243873 ], [ -70.135446904825926, -20.247372462642442 ], [ -70.135370634659665, -20.247333116439037 ], [ -70.133741995185346, -20.247017144728474 ], [ -70.133658554895391, -20.246997582975968 ], [ -70.133155177003914, -20.246902841994981 ], [ -70.132992041161188, -20.246872137785974 ], [ -70.13293109625198, -20.246860667148205 ], [ -70.132911008625413, -20.246946636990668 ], [ -70.132874347190807, -20.247130137543881 ] ] ] } },
{ "type": "Feature", "properties": { "zona": "37" }, "geometry": { "type": "Polygon", "coordinates": [ [ [ -70.132811726353296, -20.246838116651485 ], [ -70.132409943521623, -20.246761957034263 ], [ -70.13235237447077, -20.246751044497412 ], [ -70.129913061817987, -20.246252839186774 ], [ -70.129479573112988, -20.24615101844908 ], [ -70.129411076372392, -20.246031773807506 ], [ -70.129343097298928, -20.245913430143727 ], [ -70.129271017505971, -20.245772312544485 ], [ -70.129184751212108, -20.245603420258334 ], [ -70.129160691809517, -20.245515844257397 ], [ -70.129216161198315, -20.244491962140518 ], [ -70.129214977754827, -20.244431741553232 ], [ -70.128266585778235, -20.244507962372541 ], [ -70.12826505860744, -20.244657723693077 ], [ -70.128289358689486, -20.245876842968709 ], [ -70.128142821582657, -20.247798073439302 ], [ -70.12810151123206, -20.24830497936922 ], [ -70.127471184904792, -20.249939893049145 ], [ -70.127213295602132, -20.250608785545456 ], [ -70.126835875049679, -20.251564886978954 ], [ -70.126620461429113, -20.252110578746276 ], [ -70.127454815759464, -20.252487680371814 ], [ -70.128124168935756, -20.252814047437489 ], [ -70.12823068835209, -20.252861912793136 ], [ -70.128534988417016, -20.252998651942374 ], [ -70.131275898849381, -20.254323597121513 ], [ -70.13150108774694, -20.253358017773607 ], [ -70.131552367243728, -20.25313813674617 ], [ -70.131562502470231, -20.253094677906212 ], [ -70.132065697796193, -20.250880313716788 ], [ -70.132491161628764, -20.249009073587743 ], [ -70.132818428675847, -20.247568738125953 ], [ -70.132821552134175, -20.247417326153368 ], [ -70.1328245551517, -20.247373422145884 ], [ -70.132829185608927, -20.247305724998505 ], [ -70.132841040223241, -20.24719409657985 ], [ -70.132874347190807, -20.247130137543881 ], [ -70.132911008625413, -20.246946636990668 ], [ -70.13293109625198, -20.246860667148205 ], [ -70.132905677227612, -20.246855884726081 ], [ -70.132876886541254, -20.246850467943084 ], [ -70.132811726353296, -20.246838116651485 ] ] ] } },
{ "type": "Feature", "properties": { "zona": "43" }, "geometry": { "type": "Polygon", "coordinates": [ [ [ -70.127578419177894, -20.2609838282442 ], [ -70.12742504638544, -20.261258913517555 ], [ -70.127227055760969, -20.261632461510715 ], [ -70.126745316181498, -20.262541349343262 ], [ -70.126732397217978, -20.262565574834895 ], [ -70.126528715519896, -20.262947515343289 ], [ -70.12651025423726, -20.262981804974018 ], [ -70.125977931683465, -20.263970523659921 ], [ -70.125908819882994, -20.264098888693386 ], [ -70.125548944643072, -20.264776885519428 ], [ -70.125496146272752, -20.264751910004868 ], [ -70.125254791642902, -20.264639961356735 ], [ -70.125153707846479, -20.264603396177254 ], [ -70.124942661143962, -20.264538550854827 ], [ -70.124834518599855, -20.264529683299152 ], [ -70.124787201943718, -20.264532220367471 ], [ -70.124766995541847, -20.264533303809145 ], [ -70.124460120301677, -20.264599016718343 ], [ -70.124634091913222, -20.265329882524149 ], [ -70.124757747030074, -20.265849360743434 ], [ -70.124780547302748, -20.265945144820833 ], [ -70.124967828541614, -20.266839823818415 ], [ -70.124990423694584, -20.26694776446552 ], [ -70.12502328938757, -20.267090692542187 ], [ -70.125049699676907, -20.26720554679677 ], [ -70.125213261105714, -20.267873807741413 ], [ -70.125330633842822, -20.268349886722589 ], [ -70.125336011437611, -20.268371698861621 ], [ -70.125374571214039, -20.268461766182892 ], [ -70.125605340857533, -20.26931827624626 ], [ -70.125799235116204, -20.269976779880402 ], [ -70.12586525147303, -20.270221752208354 ], [ -70.1258721155139, -20.270247223119117 ], [ -70.126066997646305, -20.270574251842479 ], [ -70.126249378888218, -20.270573079752165 ], [ -70.127059915989335, -20.270561494077359 ], [ -70.12713761987925, -20.270564181481515 ], [ -70.127187797832235, -20.2704969276787 ], [ -70.127424279216328, -20.270036450663643 ], [ -70.127488520071353, -20.269939639231715 ], [ -70.127528127068686, -20.269917856390943 ], [ -70.127592067641103, -20.269885573046619 ], [ -70.128135831212589, -20.269882073302416 ], [ -70.12861544688424, -20.269882172214839 ], [ -70.129078175426329, -20.269882378619791 ], [ -70.129247930592427, -20.269068090080722 ], [ -70.129251135530353, -20.269046220066954 ], [ -70.129290912249672, -20.268672917377454 ], [ -70.129301376949158, -20.268574706426101 ], [ -70.131778127345328, -20.268789246007746 ], [ -70.133110049429121, -20.26417040986242 ], [ -70.132429896581158, -20.263741997731394 ], [ -70.131145148391738, -20.262932751321621 ], [ -70.131111613825368, -20.262911628082648 ], [ -70.130721301696283, -20.262618243603981 ], [ -70.130600177272456, -20.262527198040445 ], [ -70.130547965065531, -20.262497742117795 ], [ -70.12849562869178, -20.261462555303861 ], [ -70.128312715414467, -20.261371287954191 ], [ -70.127860168918659, -20.261145481715889 ], [ -70.127578419177894, -20.2609838282442 ] ] ] } },
{ "type": "Feature", "properties": { "zona": "45" }, "geometry": { "type": "Polygon", "coordinates": [ [ [ -70.127187797832235, -20.2704969276787 ], [ -70.12713761987925, -20.270564181481515 ], [ -70.127059915989335, -20.270561494077359 ], [ -70.126249378888218, -20.270573079752165 ], [ -70.126066997646305, -20.270574251842479 ], [ -70.126154883735836, -20.271051766043229 ], [ -70.126161032074265, -20.27110502859059 ], [ -70.126172898085002, -20.271207822731846 ], [ -70.126217909119205, -20.271471696288323 ], [ -70.126222481685275, -20.271498502528985 ], [ -70.126279060768397, -20.271828591373755 ], [ -70.126306900492679, -20.271991010905051 ], [ -70.126335984645252, -20.272164558605457 ], [ -70.126352786160552, -20.272264814518991 ], [ -70.12640191143079, -20.272519474125765 ], [ -70.126575951517353, -20.273598711520837 ], [ -70.12658931750164, -20.273681594393157 ], [ -70.126709423407021, -20.274410688972747 ], [ -70.126746544835498, -20.274636501268752 ], [ -70.126808344607795, -20.275012431968474 ], [ -70.126925098831563, -20.276381758241257 ], [ -70.126979686183731, -20.276812935369449 ], [ -70.12697917896925, -20.276856293748011 ], [ -70.126971696419318, -20.277495930506078 ], [ -70.126967147503791, -20.277884792311504 ], [ -70.126950332158742, -20.278587186288565 ], [ -70.126935986122746, -20.279186435243496 ], [ -70.126891663369705, -20.280799899526698 ], [ -70.12689325454069, -20.280873736622894 ], [ -70.126903408977299, -20.281344941940866 ], [ -70.126921927423609, -20.281605320496265 ], [ -70.127001430555481, -20.281584948925026 ], [ -70.127065989560975, -20.281515779909125 ], [ -70.127078060189632, -20.281385561471005 ], [ -70.127085618440674, -20.28135113602918 ], [ -70.127726684769058, -20.281498827932133 ], [ -70.128601040875793, -20.279604983364511 ], [ -70.129022596062981, -20.278590521436016 ], [ -70.130057966736373, -20.276192447394696 ], [ -70.130195100532859, -20.275490779669287 ], [ -70.130168440738657, -20.274610564506862 ], [ -70.130313324893166, -20.275011545728916 ], [ -70.130346645465892, -20.275675514709107 ], [ -70.130294827815462, -20.276595617538529 ], [ -70.130106150436674, -20.277461417108654 ], [ -70.129951122759962, -20.278210069828255 ], [ -70.131249600128683, -20.278259106027452 ], [ -70.132486953275901, -20.278270250061876 ], [ -70.131693126555064, -20.272813246027244 ], [ -70.133351126913496, -20.271505246304169 ], [ -70.131778127345328, -20.268789246007746 ], [ -70.129301376949158, -20.268574706426101 ], [ -70.129290912249672, -20.268672917377454 ], [ -70.129251135530353, -20.269046220066954 ], [ -70.129247930592427, -20.269068090080722 ], [ -70.12913494667346, -20.269610056821328 ], [ -70.129078175426329, -20.269882378619791 ], [ -70.12861544688424, -20.269882172214839 ], [ -70.128250639294635, -20.269882097099117 ], [ -70.128135831212589, -20.269882073302416 ], [ -70.127592067641103, -20.269885573046619 ], [ -70.127547961132038, -20.269907842253975 ], [ -70.127528127068686, -20.269917856390943 ], [ -70.127488520071353, -20.269939639231715 ], [ -70.127438303967878, -20.270015315273689 ], [ -70.127424279216328, -20.270036450663643 ], [ -70.127187797832235, -20.2704969276787 ] ] ] } },
{ "type": "Feature", "properties": { "zona": "40" }, "geometry": { "type": "Polygon", "coordinates": [ [ [ -70.131275898849381, -20.254323597121513 ], [ -70.130875931547678, -20.256019249772024 ], [ -70.130859738398115, -20.256114970045356 ], [ -70.130819951590908, -20.25621721687304 ], [ -70.130763394543351, -20.25633550781917 ], [ -70.130659811579491, -20.256489161144788 ], [ -70.13058639178, -20.256610747974449 ], [ -70.129268355506909, -20.257887745737289 ], [ -70.128688172381629, -20.258920945875801 ], [ -70.128445001612036, -20.259387841761971 ], [ -70.127578419177894, -20.2609838282442 ], [ -70.127860168918659, -20.261145481715889 ], [ -70.128312715414467, -20.261371287954191 ], [ -70.12849562869178, -20.261462555303861 ], [ -70.130547965065531, -20.262497742117795 ], [ -70.130600177272456, -20.262527198040445 ], [ -70.130721301696283, -20.262618243603981 ], [ -70.131111613825368, -20.262911628082648 ], [ -70.131145148391738, -20.262932751321621 ], [ -70.132429896581158, -20.263741997731394 ], [ -70.133110049429121, -20.26417040986242 ], [ -70.135794129799663, -20.25748424660885 ], [ -70.135466791253293, -20.256495671008537 ], [ -70.134165151897534, -20.255723233658664 ], [ -70.133136282398624, -20.255220607224341 ], [ -70.131275898849381, -20.254323597121513 ] ] ] } },
{ "type": "Feature", "properties": { "zona": "32" }, "geometry": { "type": "Polygon", "coordinates": [ [ [ -70.147183314220982, -20.236730494181238 ], [ -70.146610116899083, -20.236699748379323 ], [ -70.145847558174353, -20.2369106133863 ], [ -70.145645478393064, -20.236979724958854 ], [ -70.145384403139829, -20.237069012638006 ], [ -70.145298176395897, -20.237095965852479 ], [ -70.145241215148374, -20.237113771074394 ], [ -70.145032729573103, -20.237202861497639 ], [ -70.145013989284479, -20.237210869613953 ], [ -70.144898288827562, -20.237324771747744 ], [ -70.144138099027444, -20.238073140125884 ], [ -70.144034119095238, -20.238185094981073 ], [ -70.143970575730449, -20.23825351180956 ], [ -70.143944449499998, -20.238263573420088 ], [ -70.143760114328927, -20.238334563565861 ], [ -70.142624357936128, -20.238700123856585 ], [ -70.143104692956356, -20.239908525775647 ], [ -70.143135264501453, -20.239999567238037 ], [ -70.143290243890959, -20.240461090950969 ], [ -70.1435291751704, -20.2410924712233 ], [ -70.143539897736048, -20.24112080566103 ], [ -70.143664492268499, -20.24141879245969 ], [ -70.143685171722183, -20.241454570572241 ], [ -70.143758549106337, -20.241581522716082 ], [ -70.143899416040128, -20.241795739517745 ], [ -70.144146616606164, -20.241543136471499 ], [ -70.144192515411461, -20.241505964663286 ], [ -70.14425572028766, -20.24145477723706 ], [ -70.144363114417004, -20.241361517481408 ], [ -70.14448222334444, -20.241258084536046 ], [ -70.145942908870396, -20.240093486647879 ], [ -70.146456080948695, -20.239762455430771 ], [ -70.14657996495454, -20.239682541317606 ], [ -70.146605159302226, -20.239663277874609 ], [ -70.146701198155796, -20.239589847084112 ], [ -70.146830708060762, -20.239438254921591 ], [ -70.147104742700421, -20.239117494400947 ], [ -70.147115958932503, -20.239101865571936 ], [ -70.147242629052997, -20.238925361686999 ], [ -70.147287964434483, -20.238837207967414 ], [ -70.147403343455778, -20.238612855350425 ], [ -70.147413258670042, -20.238593575346805 ], [ -70.147470567150251, -20.238350177603941 ], [ -70.147495476970789, -20.238256393039318 ], [ -70.147503427589925, -20.238226459226571 ], [ -70.147539309728188, -20.237939377768232 ], [ -70.147522918633726, -20.237815825290603 ], [ -70.147481221382762, -20.237501519473113 ], [ -70.147473347900345, -20.237476317834506 ], [ -70.147373155768193, -20.237155619548332 ], [ -70.147358530493236, -20.237122868250061 ], [ -70.147183314220982, -20.236730494181238 ] ] ] } },
{ "type": "Feature", "properties": { "zona": "8" }, "geometry": { "type": "Polygon", "coordinates": [ [ [ -70.154502105716361, -20.212328153723227 ], [ -70.154017501282226, -20.212590210871241 ], [ -70.15419329618112, -20.212924364937759 ], [ -70.154376423373563, -20.213272454541773 ], [ -70.154710167850496, -20.213906833894615 ], [ -70.154807412978556, -20.2140412418686 ], [ -70.155230077476446, -20.214840239403685 ], [ -70.155390358455278, -20.21511308403247 ], [ -70.155567274903547, -20.215495378602039 ], [ -70.155658095331233, -20.215649160403764 ], [ -70.155840141316403, -20.216011500948966 ], [ -70.155930925548958, -20.216160302835387 ], [ -70.156036104957664, -20.216485154052737 ], [ -70.156040475094457, -20.216667811296613 ], [ -70.155968027304056, -20.216828238678094 ], [ -70.155957139955078, -20.216852347443321 ], [ -70.155915856623466, -20.216977118658892 ], [ -70.15619042697773, -20.217480276363769 ], [ -70.157242104785567, -20.217758154293257 ], [ -70.157691104828714, -20.21772815437809 ], [ -70.158193104880468, -20.217678154472793 ], [ -70.158402172441157, -20.217500312625756 ], [ -70.158278105009103, -20.21710615448356 ], [ -70.158342105093055, -20.21673615449221 ], [ -70.15848110518337, -20.216365154515106 ], [ -70.158620105218148, -20.216255154540409 ], [ -70.159047105283108, -20.216114154620058 ], [ -70.159384260362131, -20.215607491386251 ], [ -70.159079105432724, -20.215423154619646 ], [ -70.158598105431849, -20.215242154526784 ], [ -70.158321105426182, -20.215162154473525 ], [ -70.158171105484101, -20.214832154442007 ], [ -70.157894105548834, -20.214421154385668 ], [ -70.157552105574212, -20.214170154318502 ], [ -70.157234672390487, -20.213743979748031 ], [ -70.156879105642702, -20.213589154185499 ], [ -70.156708105635076, -20.213559154152808 ], [ -70.15563010552772, -20.213649153949319 ], [ -70.154502105716361, -20.212328153723227 ] ] ] } },
{ "type": "Feature", "properties": { "zona": "9" }, "geometry": { "type": "Polygon", "coordinates": [ [ [ -70.154017501282226, -20.212590210871241 ], [ -70.153927228002217, -20.212454533450014 ], [ -70.153914804024396, -20.212435860644806 ], [ -70.153844995986347, -20.212354775242822 ], [ -70.153775161227088, -20.212273658685881 ], [ -70.153642126358847, -20.212182136114787 ], [ -70.153378052432132, -20.212025306174208 ], [ -70.153271831235017, -20.211979088170136 ], [ -70.153219748424718, -20.21194883308771 ], [ -70.153172738858601, -20.211927910796469 ], [ -70.15311135157225, -20.211900589463667 ], [ -70.153007291255079, -20.211854357106475 ], [ -70.152807689949071, -20.211799835955613 ], [ -70.152741462224753, -20.211781745775347 ], [ -70.152658678790374, -20.211756694767725 ], [ -70.152624174267018, -20.211750266369215 ], [ -70.152264118554385, -20.211683185401768 ], [ -70.152232770476004, -20.211677344991376 ], [ -70.152114026351157, -20.211646967143551 ], [ -70.152009426237683, -20.211620207625796 ], [ -70.151961900705473, -20.211599336740299 ], [ -70.151803482352349, -20.211529767024317 ], [ -70.151657723673864, -20.211396095722947 ], [ -70.151591963242481, -20.211282501636585 ], [ -70.15156361235826, -20.211233528465314 ], [ -70.151534997876496, -20.211162322938819 ], [ -70.15150846911331, -20.211080904717111 ], [ -70.15150302619854, -20.211059178009659 ], [ -70.15148398105903, -20.210983154685955 ], [ -70.151434862762443, -20.210981366302157 ], [ -70.151311879942341, -20.210976888470618 ], [ -70.151207386968935, -20.210976130599583 ], [ -70.150960998607957, -20.210974343337437 ], [ -70.15069328220352, -20.2109681930291 ], [ -70.15066292519441, -20.210967430421967 ], [ -70.150290755725152, -20.210958080618376 ], [ -70.150137572099212, -20.210953219221516 ], [ -70.150134740957753, -20.211045793866205 ], [ -70.150136640292075, -20.211120489251993 ], [ -70.150141561195852, -20.211202049191517 ], [ -70.150144282894743, -20.211609227230721 ], [ -70.150154219695821, -20.211804657365917 ], [ -70.150157088496044, -20.212425052926335 ], [ -70.150158114436167, -20.212646910496019 ], [ -70.150158952008013, -20.212828030575185 ], [ -70.150159092870254, -20.212858490934522 ], [ -70.150159375849682, -20.212919682784765 ], [ -70.150159552712594, -20.212957927690944 ], [ -70.150160142001639, -20.213085354848435 ], [ -70.150168108976018, -20.213300117745476 ], [ -70.15018106371906, -20.213908953439006 ], [ -70.150181261271598, -20.213918237756417 ], [ -70.150182899251703, -20.213987902113857 ], [ -70.15020202193989, -20.214801192504307 ], [ -70.150202290794056, -20.214812626776045 ], [ -70.150228932595581, -20.215943105690055 ], [ -70.150278236179886, -20.217253174605258 ], [ -70.150279619084458, -20.217273016804555 ], [ -70.150290031558015, -20.217422416891068 ], [ -70.150310909546704, -20.218109518257872 ], [ -70.150310717102229, -20.218273888486419 ], [ -70.150310650487825, -20.21833078681567 ], [ -70.150313183456831, -20.218393666672711 ], [ -70.150351678046164, -20.21934926766853 ], [ -70.151497792790636, -20.219283480181272 ], [ -70.152524433412239, -20.219235420882296 ], [ -70.152856163703845, -20.219220713804564 ], [ -70.152919982282199, -20.219217884371396 ], [ -70.1530831920618, -20.219207667256686 ], [ -70.153858093457188, -20.219159155481208 ], [ -70.15392029364925, -20.219154609766449 ], [ -70.154338932607814, -20.21912361624366 ], [ -70.154674320792324, -20.21929687481833 ], [ -70.155071654169191, -20.218837285694164 ], [ -70.155183572583013, -20.218545650733464 ], [ -70.155205200880687, -20.21842210157406 ], [ -70.155208883533902, -20.218401064825034 ], [ -70.155259431785694, -20.218101933521655 ], [ -70.155263861589077, -20.217987364848923 ], [ -70.155456654481426, -20.217584285759813 ], [ -70.155469834586427, -20.21757076276791 ], [ -70.155709556008063, -20.217324804312547 ], [ -70.155821819481289, -20.217102237075185 ], [ -70.155915856623466, -20.216977118658892 ], [ -70.155957139955078, -20.216852347443321 ], [ -70.155968027304056, -20.216828238678094 ], [ -70.156040475094457, -20.216667811296613 ], [ -70.156036104957664, -20.216485154052737 ], [ -70.155930925548958, -20.216160302835387 ], [ -70.15590611066537, -20.216119629491189 ], [ -70.155840141316403, -20.216011500948966 ], [ -70.155781555257349, -20.215894892692251 ], [ -70.155658095331233, -20.215649160403764 ], [ -70.155627143708784, -20.215596751572289 ], [ -70.155567274903547, -20.215495378602039 ], [ -70.155505437233231, -20.215361755291941 ], [ -70.155390358455278, -20.21511308403247 ], [ -70.155309299085602, -20.214975097663327 ], [ -70.155230077476446, -20.214840239403685 ], [ -70.155156299450169, -20.214700771424322 ], [ -70.154807412978556, -20.2140412418686 ], [ -70.154710167850496, -20.213906833894615 ], [ -70.154376423373563, -20.213272454541773 ], [ -70.15419329618112, -20.212924364937759 ], [ -70.154017501282226, -20.212590210871241 ] ] ] } },
{ "type": "Feature", "properties": { "zona": "22" }, "geometry": { "type": "Polygon", "coordinates": [ [ [ -70.15619042697773, -20.217480276363769 ], [ -70.155915856623466, -20.216977118658892 ], [ -70.155821819481289, -20.217102237075185 ], [ -70.155709556008063, -20.217324804312547 ], [ -70.155469834586427, -20.21757076276791 ], [ -70.155456654481426, -20.217584285759813 ], [ -70.155263861589077, -20.217987364848923 ], [ -70.155259431785694, -20.218101933521655 ], [ -70.155208883533902, -20.218401064825034 ], [ -70.155205200880687, -20.21842210157406 ], [ -70.155183572583013, -20.218545650733464 ], [ -70.155071654169191, -20.218837285694164 ], [ -70.154674320792324, -20.21929687481833 ], [ -70.154622224766968, -20.219357133194567 ], [ -70.154622666262028, -20.2193574971168 ], [ -70.154555777857624, -20.219435773165277 ], [ -70.154540137294731, -20.219454076494543 ], [ -70.153264523825044, -20.221367487016764 ], [ -70.153191201012746, -20.221477469043244 ], [ -70.153028181365045, -20.221746781001162 ], [ -70.152863490757582, -20.222290903751738 ], [ -70.151888148790505, -20.222954139373332 ], [ -70.150636262610973, -20.224320804766801 ], [ -70.149679644300463, -20.225419797932624 ], [ -70.149621300164824, -20.225486654088456 ], [ -70.149276066932032, -20.22588225303117 ], [ -70.149236754902134, -20.225925714275235 ], [ -70.148841785278734, -20.226362369457053 ], [ -70.148669420656276, -20.22656175771003 ], [ -70.148149391661889, -20.227163313797959 ], [ -70.148108055905723, -20.227211129675329 ], [ -70.147487102117395, -20.228303607295445 ], [ -70.147313100369999, -20.228569023338647 ], [ -70.146863673317057, -20.229309351437575 ], [ -70.146838086584225, -20.229354514026941 ], [ -70.146671911986488, -20.229647824527124 ], [ -70.146501068850256, -20.229527803141679 ], [ -70.146377288212463, -20.229445845053455 ], [ -70.146295421329071, -20.229391638955306 ], [ -70.146242722448676, -20.22930031155952 ], [ -70.146112341139983, -20.229316024696061 ], [ -70.146067616871647, -20.230018457373134 ], [ -70.146054640605271, -20.230121291614687 ], [ -70.146035053347532, -20.230276516398341 ], [ -70.146021721381445, -20.230382169207061 ], [ -70.145910513859334, -20.230889101027323 ], [ -70.145900886323091, -20.230932987347966 ], [ -70.145906492131004, -20.231184905256821 ], [ -70.145911230172629, -20.231397825437288 ], [ -70.145922544420387, -20.232468343997493 ], [ -70.145927193412447, -20.232553267169916 ], [ -70.145958020467404, -20.233116381694447 ], [ -70.145990627969127, -20.233712012796929 ], [ -70.145995297025493, -20.233735890222867 ], [ -70.146030270008723, -20.233914740827274 ], [ -70.146077456561869, -20.234038257583912 ], [ -70.14631632019676, -20.234669506549427 ], [ -70.148285650270552, -20.233920284462673 ], [ -70.147896650587569, -20.232431284367696 ], [ -70.148542651372395, -20.229194284466406 ], [ -70.153858653251788, -20.222495285484186 ], [ -70.155635654154977, -20.219057285811751 ], [ -70.155840654395732, -20.218065285843341 ], [ -70.15619042697773, -20.217480276363769 ] ] ] } },
{ "type": "Feature", "properties": { "zona": "11" }, "geometry": { "type": "Polygon", "coordinates": [ [ [ -70.150202291244653, -20.214812626773082 ], [ -70.150202022390488, -20.214801192501344 ], [ -70.149271772869909, -20.214862346512561 ], [ -70.148528913642366, -20.214901332142748 ], [ -70.147227676726644, -20.215003338467991 ], [ -70.147214236823743, -20.215004265408783 ], [ -70.147157677600376, -20.215007305409308 ], [ -70.147106235637324, -20.21501007034642 ], [ -70.146919670693634, -20.215017544193561 ], [ -70.146331413624566, -20.215063574638002 ], [ -70.146253145381067, -20.215067387223794 ], [ -70.14499185700133, -20.215155143470639 ], [ -70.145389821509781, -20.219629078905978 ], [ -70.147362101591014, -20.219515417085994 ], [ -70.148349997126374, -20.219461439428024 ], [ -70.150351678496762, -20.219349267665571 ], [ -70.150310650938437, -20.218330786812714 ], [ -70.150310909997302, -20.218109518254924 ], [ -70.150290032008627, -20.217422416888102 ], [ -70.150279619535056, -20.217273016801599 ], [ -70.150278236630498, -20.217253174602309 ], [ -70.150228933046165, -20.215943105687106 ], [ -70.150202291244653, -20.214812626773082 ] ] ] } },
{ "type": "Feature", "properties": { "zona": "15" }, "geometry": { "type": "Polygon", "coordinates": [ [ [ -70.135819804534819, -20.212119622497791 ], [ -70.135718751090977, -20.212152147966933 ], [ -70.134055352103971, -20.212656912260758 ], [ -70.132817233161788, -20.213027446571918 ], [ -70.131086138057896, -20.213555245418235 ], [ -70.1312379614143, -20.214290855245935 ], [ -70.130501137867554, -20.214347245323609 ], [ -70.129842137799045, -20.214489245210665 ], [ -70.130426137632142, -20.215534245320704 ], [ -70.130435137626279, -20.215567245322539 ], [ -70.130438137626058, -20.215569245323088 ], [ -70.130578137536546, -20.216074245351599 ], [ -70.130892137336232, -20.217205245415638 ], [ -70.131117137137025, -20.218301245463948 ], [ -70.131611137193602, -20.218168245548416 ], [ -70.131820409171112, -20.218122449174153 ], [ -70.131899222282669, -20.218525741735192 ], [ -70.131964566997411, -20.218974711425265 ], [ -70.131765689580476, -20.220096214043295 ], [ -70.131637380479305, -20.22048130273453 ], [ -70.131522021803733, -20.220749075494176 ], [ -70.132348136811601, -20.220368245694836 ], [ -70.132871460731664, -20.219935367019755 ], [ -70.132904321848159, -20.219914182509736 ], [ -70.133250136999308, -20.21969124584535 ], [ -70.133278669593679, -20.219677307085512 ], [ -70.133443012269851, -20.219597022168291 ], [ -70.133506586175073, -20.219565344742783 ], [ -70.133609137055984, -20.219514245906026 ], [ -70.133931308318225, -20.219418573414295 ], [ -70.13411113711048, -20.219394245992017 ], [ -70.13438313713371, -20.219362246038905 ], [ -70.134636137154089, -20.219338246082501 ], [ -70.134757812161666, -20.219317618226686 ], [ -70.134748533510532, -20.219202142041617 ], [ -70.134681012367153, -20.218039248793968 ], [ -70.134661384049338, -20.217776481745165 ], [ -70.134648292269688, -20.217601219577631 ], [ -70.134635039529243, -20.217421982856944 ], [ -70.134517269963823, -20.215829183248751 ], [ -70.134460446336433, -20.214976972818654 ], [ -70.13443015294834, -20.21461478338167 ], [ -70.134423478816558, -20.214534986789165 ], [ -70.134422612527146, -20.214415472161804 ], [ -70.135591045953092, -20.214328241300588 ], [ -70.13578089960761, -20.21431904567212 ], [ -70.136067616646159, -20.214299376286462 ], [ -70.136101494346875, -20.214297052174533 ], [ -70.136177227544962, -20.214264690234465 ], [ -70.136197894991099, -20.214204796452815 ], [ -70.136170867192448, -20.213969914954607 ], [ -70.136138751692869, -20.213615546174132 ], [ -70.13613465866932, -20.213503995907786 ], [ -70.136133490394883, -20.213472155990022 ], [ -70.136111960808236, -20.213447894333431 ], [ -70.136052640927147, -20.213381046799828 ], [ -70.135997402059687, -20.213329611992535 ], [ -70.135980029609087, -20.213261996243268 ], [ -70.135900191380429, -20.212728655707842 ], [ -70.13586353241385, -20.212444745144577 ], [ -70.13585547410996, -20.212382336298084 ], [ -70.135819804534819, -20.212119622497791 ] ] ] } },
{ "type": "Feature", "properties": { "zona": "13" }, "geometry": { "type": "Polygon", "coordinates": [ [ [ -70.145389821059169, -20.21962907890892 ], [ -70.144991833710861, -20.215155165333634 ], [ -70.14492896011113, -20.215159862695852 ], [ -70.144850059666581, -20.215161393233512 ], [ -70.144055523046333, -20.215218651191527 ], [ -70.144033020233366, -20.215220133991536 ], [ -70.143199196553496, -20.215275075910331 ], [ -70.14315378977507, -20.215278067718092 ], [ -70.142044583548781, -20.215349868828969 ], [ -70.141955237838829, -20.215355333751777 ], [ -70.141063636889214, -20.215403868783238 ], [ -70.140916358315849, -20.215411885576252 ], [ -70.140889743991707, -20.21541408984173 ], [ -70.140394389336535, -20.215455115619683 ], [ -70.140341813592855, -20.215458177597576 ], [ -70.140009433995388, -20.215477534808127 ], [ -70.138993087772477, -20.215537268924596 ], [ -70.139052793823424, -20.216202210025095 ], [ -70.139060161143007, -20.216300754395778 ], [ -70.139127110961226, -20.217196259205551 ], [ -70.139132281824544, -20.217265422854496 ], [ -70.139142769913533, -20.217395452844709 ], [ -70.139174035039062, -20.217783072155591 ], [ -70.139186689012249, -20.217952754518265 ], [ -70.139192743602862, -20.218033942849768 ], [ -70.139267201587217, -20.218985635949661 ], [ -70.139276454532606, -20.219097127927096 ], [ -70.139344187823482, -20.219961545340016 ], [ -70.14201057289533, -20.219816775095612 ], [ -70.142077486026267, -20.219813141552759 ], [ -70.143683061423204, -20.219722657857865 ], [ -70.145389821059169, -20.21962907890892 ] ] ] } },
{ "type": "Feature", "properties": { "zona": "16" }, "geometry": { "type": "Polygon", "coordinates": [ [ [ -70.134517269963823, -20.215829183248751 ], [ -70.134648292269688, -20.217601219577631 ], [ -70.134681012367153, -20.218039248793968 ], [ -70.134748533510532, -20.219202142041617 ], [ -70.134757812161666, -20.219317618226686 ], [ -70.13475428518673, -20.219413257137152 ], [ -70.134772640304959, -20.219616322770385 ], [ -70.134778276484298, -20.219811502581116 ], [ -70.134785331854957, -20.219926897232327 ], [ -70.134792642453178, -20.220046466016736 ], [ -70.134793380641995, -20.220066587073561 ], [ -70.134797903069654, -20.220189856184227 ], [ -70.134821658700474, -20.220199037119553 ], [ -70.135194471464729, -20.220177882394609 ], [ -70.135714782839202, -20.220149534646012 ], [ -70.139344187823468, -20.219961545340041 ], [ -70.139276454532606, -20.219097127927114 ], [ -70.139267201587231, -20.218985635949668 ], [ -70.139192743602862, -20.218033942849779 ], [ -70.139174035039062, -20.217783072155608 ], [ -70.139132281824544, -20.217265422854506 ], [ -70.139052793823424, -20.216202210025095 ], [ -70.138993087772491, -20.215537268924596 ], [ -70.138773691036405, -20.215546659640321 ], [ -70.138153570065924, -20.215586535453888 ], [ -70.137124283387053, -20.215656946801474 ], [ -70.136904915186818, -20.215670319012382 ], [ -70.136857871490847, -20.21567363846582 ], [ -70.135769972154662, -20.215750398262987 ], [ -70.135723783190059, -20.215753657105008 ], [ -70.134517269963823, -20.215829183248751 ] ] ] } },
{ "type": "Feature", "properties": { "zona": "31" }, "geometry": { "type": "Polygon", "coordinates": [ [ [ -70.146327820607638, -20.234703056554419 ], [ -70.146898456746172, -20.23597849610719 ], [ -70.146913106423085, -20.23601123955477 ], [ -70.147124134568102, -20.236626248395357 ], [ -70.147183314220982, -20.236730494181238 ], [ -70.147358530493236, -20.237122868250061 ], [ -70.147373155768193, -20.237155619548332 ], [ -70.147473347900345, -20.237476317834506 ], [ -70.147481221382762, -20.237501519473113 ], [ -70.147522918633726, -20.237815825290603 ], [ -70.147539309728188, -20.237939377768232 ], [ -70.147503427589925, -20.238226459226571 ], [ -70.147495476970789, -20.238256393039318 ], [ -70.147470567150251, -20.238350177603941 ], [ -70.147413258670042, -20.238593575346805 ], [ -70.147403343455778, -20.238612855350425 ], [ -70.147287964434483, -20.238837207967414 ], [ -70.147242629052997, -20.238925361686999 ], [ -70.147115958932503, -20.239101865571936 ], [ -70.147104742700421, -20.239117494400947 ], [ -70.146830708060762, -20.239438254921591 ], [ -70.146701198155796, -20.239589847084112 ], [ -70.147111188209038, -20.239276369562504 ], [ -70.147514596520892, -20.238943059796718 ], [ -70.147960757205027, -20.238763346461933 ], [ -70.148040629235197, -20.238734112173688 ], [ -70.148965814505985, -20.2384838161747 ], [ -70.150406033545508, -20.238027038604855 ], [ -70.151139134639379, -20.237546249099438 ], [ -70.151746134776346, -20.237037249200263 ], [ -70.152982135043587, -20.236060249406044 ], [ -70.152852135200888, -20.235210249376166 ], [ -70.149678134998823, -20.235231248826096 ], [ -70.148285650270552, -20.233920284462673 ], [ -70.14631632019676, -20.234669506549427 ], [ -70.146327820607638, -20.234703056554419 ] ] ] } },
{ "type": "Feature", "properties": { "zona": "47" }, "geometry": { "type": "Polygon", "coordinates": [ [ [ -70.127888862865376, -20.296175500037801 ], [ -70.134661122254684, -20.29578724673868 ], [ -70.134683043273156, -20.295785384992467 ], [ -70.134531043450238, -20.29246238497824 ], [ -70.133067043942219, -20.282403384885878 ], [ -70.127377321237319, -20.28275444841929 ], [ -70.127593766363944, -20.28387229831316 ], [ -70.127748892966167, -20.284726260525726 ], [ -70.12777650610559, -20.284878267973841 ], [ -70.127881105679407, -20.285586037437234 ], [ -70.127884128506977, -20.285606491182484 ], [ -70.127882332616593, -20.288053085690493 ], [ -70.127930606793825, -20.289014920034372 ], [ -70.127928300116551, -20.289237403675351 ], [ -70.12792358073257, -20.28969260079468 ], [ -70.12793706786718, -20.290228667040534 ], [ -70.127945815202494, -20.29143742197342 ], [ -70.12795060759376, -20.292099623705631 ], [ -70.127941858029388, -20.292755448626416 ], [ -70.127939834672915, -20.292907110391752 ], [ -70.127923197463517, -20.293700195570182 ], [ -70.127922373969227, -20.29392111170047 ], [ -70.127903038248689, -20.29522187500865 ], [ -70.127888862865376, -20.296175500037801 ] ] ] } },
{ "type": "Feature", "properties": { "zona": "30" }, "geometry": { "type": "Polygon", "coordinates": [ [ [ -70.146327820607638, -20.234703056554419 ], [ -70.146316320196775, -20.234669506549427 ], [ -70.146316275366075, -20.234663392482044 ], [ -70.146077456561869, -20.234038257583912 ], [ -70.146030270008737, -20.233914740827267 ], [ -70.145995297025479, -20.233735890222864 ], [ -70.145990627969127, -20.233712012796929 ], [ -70.145958020467404, -20.23311638169444 ], [ -70.145927193412433, -20.232553267169916 ], [ -70.145922544420372, -20.232468343997478 ], [ -70.145911230172629, -20.231397825437281 ], [ -70.145906492131004, -20.231184905256804 ], [ -70.145900886323091, -20.230932987347959 ], [ -70.14591051385932, -20.230889101027323 ], [ -70.146021721381459, -20.230382169207051 ], [ -70.146035053347532, -20.230276516398341 ], [ -70.146054640605257, -20.230121291614687 ], [ -70.146067616871647, -20.230018457373134 ], [ -70.146112341139997, -20.229316024696061 ], [ -70.144857020624528, -20.229360230652944 ], [ -70.143934623988585, -20.229395710299166 ], [ -70.143636335715769, -20.229397654022897 ], [ -70.143297215636025, -20.229507904744473 ], [ -70.143023370834371, -20.229593504322459 ], [ -70.142591226131401, -20.229728584914596 ], [ -70.141493041741583, -20.230075997493262 ], [ -70.141493003353091, -20.230076004170289 ], [ -70.141492971746942, -20.230076019635934 ], [ -70.141049779179127, -20.230216222039793 ], [ -70.141578608807464, -20.231693256141355 ], [ -70.141889240804801, -20.232560843953472 ], [ -70.142244391341066, -20.23355275742195 ], [ -70.142270428148393, -20.233625476043926 ], [ -70.142286121719778, -20.233669726249829 ], [ -70.14294933980446, -20.2354036470918 ], [ -70.143592334553261, -20.237238564580927 ], [ -70.143940563019726, -20.238189963687994 ], [ -70.143970575730435, -20.238253511809557 ], [ -70.144138099027444, -20.238073140125884 ], [ -70.145013989284479, -20.237210869613953 ], [ -70.145241215148374, -20.237113771074394 ], [ -70.145384403139829, -20.237069012638006 ], [ -70.145847558174353, -20.2369106133863 ], [ -70.146610116899083, -20.236699748379323 ], [ -70.147183314220982, -20.236730494181238 ], [ -70.147124134568116, -20.236626248395357 ], [ -70.146913106423071, -20.23601123955476 ], [ -70.146898456746172, -20.235978496107183 ], [ -70.146327820607638, -20.234703056554419 ] ] ] } },
{ "type": "Feature", "properties": { "zona": "19" }, "geometry": { "type": "Polygon", "coordinates": [ [ [ -70.145389821059169, -20.219629078908927 ], [ -70.143683061423204, -20.219722657857872 ], [ -70.142077486026267, -20.219813141552766 ], [ -70.142010572895344, -20.219816775095612 ], [ -70.139344187823468, -20.219961545340041 ], [ -70.139421328096105, -20.22102444380964 ], [ -70.139522409043678, -20.222197958077828 ], [ -70.139567930963167, -20.222815961544701 ], [ -70.139624205412787, -20.223579931550969 ], [ -70.139711970019363, -20.22477138470909 ], [ -70.140750810076213, -20.224712914154555 ], [ -70.140803110336464, -20.22471069860384 ], [ -70.143365815127666, -20.224602117832291 ], [ -70.143418588842565, -20.224599881437328 ], [ -70.144450333322112, -20.224550801560174 ], [ -70.14585656266739, -20.224486062248392 ], [ -70.145764624527956, -20.223449864723595 ], [ -70.145760865618257, -20.223407499189381 ], [ -70.145675930939035, -20.222503689952482 ], [ -70.145597940005388, -20.221673758697854 ], [ -70.145587895417805, -20.221570596940499 ], [ -70.145505115255503, -20.220720406298661 ], [ -70.145389821059169, -20.219629078908927 ] ] ] } },
{ "type": "Feature", "properties": { "zona": "27" }, "geometry": { "type": "Polygon", "coordinates": [ [ [ -70.126982133037913, -20.238047244914625 ], [ -70.127510779066611, -20.238013443909278 ], [ -70.12755546719832, -20.238019833988652 ], [ -70.12783588087062, -20.238059930840212 ], [ -70.127991479464768, -20.238105461999989 ], [ -70.128460533593255, -20.238242715303773 ], [ -70.128606007037448, -20.238285283026507 ], [ -70.128618554711281, -20.238269266305625 ], [ -70.128680027308633, -20.23801389469142 ], [ -70.128685430198942, -20.237970710118137 ], [ -70.128688008850318, -20.237950099298988 ], [ -70.128667169809376, -20.237715341196623 ], [ -70.128660439708469, -20.237639524375094 ], [ -70.128644005194133, -20.237519957773085 ], [ -70.128629253871907, -20.237412636768752 ], [ -70.12843631359695, -20.235840204537222 ], [ -70.128431916479585, -20.235804368281535 ], [ -70.128382245661612, -20.235460560240607 ], [ -70.128204519014076, -20.234230369249449 ], [ -70.128161474060903, -20.234107804586774 ], [ -70.128111433363898, -20.234093306627766 ], [ -70.127284788512156, -20.234186266636307 ], [ -70.127240133767259, -20.234383244928335 ], [ -70.126814133511687, -20.235560244864431 ], [ -70.126982133037913, -20.238047244914625 ] ] ] } },
{ "type": "Feature", "properties": { "zona": "24" }, "geometry": { "type": "Polygon", "coordinates": [ [ [ -70.135790563600523, -20.230764945359631 ], [ -70.136486804994121, -20.230736534569289 ], [ -70.138014290759941, -20.23067086146812 ], [ -70.139031332345269, -20.230644344342451 ], [ -70.139786603482776, -20.23060756942926 ], [ -70.141049779179127, -20.230216222039815 ], [ -70.140967111299233, -20.229972197745337 ], [ -70.14078904604429, -20.229446570454844 ], [ -70.140773937931627, -20.229401972930376 ], [ -70.140672639794047, -20.229127091163999 ], [ -70.140558634074154, -20.228817724879097 ], [ -70.140344427974512, -20.228249082826672 ], [ -70.140317601520806, -20.228177867666723 ], [ -70.140172513391306, -20.227752070833937 ], [ -70.140153703657148, -20.227696868843683 ], [ -70.139938288622531, -20.227096684465803 ], [ -70.139902808978292, -20.226917704490951 ], [ -70.139898851521508, -20.226897740746079 ], [ -70.139821257155361, -20.225905875160009 ], [ -70.139819727307426, -20.225886319399336 ], [ -70.139810008817264, -20.225711086639581 ], [ -70.139805028080403, -20.2256633466212 ], [ -70.139711970019363, -20.22477138470909 ], [ -70.138194801401085, -20.224853012649326 ], [ -70.137029772798712, -20.224931194472234 ], [ -70.136984736586982, -20.224934333179366 ], [ -70.13513343964452, -20.225063345479573 ], [ -70.135365072095567, -20.227970930265908 ], [ -70.135477618959271, -20.229519978325328 ], [ -70.135510374587795, -20.229961990386393 ], [ -70.135566895513733, -20.230770376586072 ], [ -70.135790563600523, -20.230764945359631 ] ] ] } },
{ "type": "Feature", "properties": { "zona": "28" }, "geometry": { "type": "Polygon", "coordinates": [ [ [ -70.128606007037448, -20.238285283026507 ], [ -70.128690540340628, -20.238300675292464 ], [ -70.129541102711741, -20.238594002081133 ], [ -70.129820576028209, -20.238715706801781 ], [ -70.12983726670393, -20.238728667972929 ], [ -70.130277133043649, -20.23907024549473 ], [ -70.131655147492154, -20.240241707956176 ], [ -70.132650002346978, -20.241094542852096 ], [ -70.132674558524428, -20.241115593329813 ], [ -70.132907809947312, -20.241265479196787 ], [ -70.133275873474759, -20.241378637988227 ], [ -70.133318761245803, -20.241387870291526 ], [ -70.133707107862492, -20.241471467801755 ], [ -70.133821219114353, -20.241490650357814 ], [ -70.134125274981201, -20.241508605062133 ], [ -70.134375179314404, -20.240463182468684 ], [ -70.134457944333604, -20.240103395900285 ], [ -70.134473388212754, -20.240036259878945 ], [ -70.134834836673136, -20.238439773159769 ], [ -70.134915105411338, -20.238085229039189 ], [ -70.135010669531383, -20.237728992843095 ], [ -70.135053645193636, -20.237610503718798 ], [ -70.135063815873409, -20.237582461892583 ], [ -70.135189806676379, -20.237389265183332 ], [ -70.13550712302775, -20.236997413902735 ], [ -70.135882991351579, -20.236533254112775 ], [ -70.136311024564037, -20.236004671711314 ], [ -70.136422299899365, -20.235867255980246 ], [ -70.136524511240324, -20.235739500580742 ], [ -70.136572888639776, -20.235679032895131 ], [ -70.136656667979153, -20.235590842342827 ], [ -70.136703589150812, -20.235536483699004 ], [ -70.136720675178083, -20.235496245711204 ], [ -70.136811970033889, -20.235281243866073 ], [ -70.136823067580465, -20.235255108803926 ], [ -70.136868163922031, -20.235071552849828 ], [ -70.136862378712124, -20.234856454548428 ], [ -70.136849463432696, -20.234761354963407 ], [ -70.136844539487356, -20.234725098245924 ], [ -70.136809342295919, -20.234629947963381 ], [ -70.136789072005229, -20.234575150238399 ], [ -70.136746313641581, -20.234499731283179 ], [ -70.136665162657621, -20.23436878503961 ], [ -70.136609958999102, -20.234302002945057 ], [ -70.136494824969262, -20.234162720409884 ], [ -70.136454728457124, -20.234123613740341 ], [ -70.136405551338413, -20.234075650591802 ], [ -70.1363827306199, -20.234051684759116 ], [ -70.136182669942471, -20.233841584834792 ], [ -70.135915013186846, -20.233522755011801 ], [ -70.135843747684874, -20.233437864017731 ], [ -70.135749009676559, -20.233179517284896 ], [ -70.135733834299344, -20.233019047886977 ], [ -70.135717004593118, -20.232841084572993 ], [ -70.135714029708168, -20.232796969743124 ], [ -70.135655508528757, -20.231929146899287 ], [ -70.135610150430622, -20.231336013282974 ], [ -70.135566895513733, -20.230770376586072 ], [ -70.135444002381021, -20.230776918532563 ], [ -70.135311564156311, -20.230783968494404 ], [ -70.134919646335433, -20.230789777106057 ], [ -70.134288134914613, -20.23073924611943 ], [ -70.133352134833061, -20.230859245958158 ], [ -70.132507407699379, -20.230988097816343 ], [ -70.13175674361139, -20.231088793668214 ], [ -70.129617230589787, -20.231380191989562 ], [ -70.128145099926769, -20.233671819326215 ], [ -70.128138669113071, -20.233734687375886 ], [ -70.128130525121108, -20.233814303512673 ], [ -70.128152894641119, -20.234026442685451 ], [ -70.128161474060903, -20.234107804586774 ], [ -70.128204519014076, -20.234230369249449 ], [ -70.128382245661612, -20.235460560240607 ], [ -70.128431916479585, -20.235804368281535 ], [ -70.12843631359695, -20.235840204537222 ], [ -70.128629253871907, -20.237412636768752 ], [ -70.128644005194133, -20.237519957773085 ], [ -70.128660439708469, -20.237639524375094 ], [ -70.128667169809376, -20.237715341196623 ], [ -70.128688008850318, -20.237950099298988 ], [ -70.128685430198942, -20.237970710118137 ], [ -70.128680027308633, -20.23801389469142 ], [ -70.128618554711281, -20.238269266305625 ], [ -70.128606007037448, -20.238285283026507 ] ] ] } },
{ "type": "Feature", "properties": { "zona": "39" }, "geometry": { "type": "Polygon", "coordinates": [ [ [ -70.1400149187144, -20.245878380534858 ], [ -70.139594117412344, -20.246469089352566 ], [ -70.139522600611897, -20.246580183446316 ], [ -70.139352023514846, -20.246845156935965 ], [ -70.139323763377249, -20.246888769029702 ], [ -70.138869708494511, -20.247589479583372 ], [ -70.138859448100206, -20.247605313636239 ], [ -70.138746667652427, -20.247769389408724 ], [ -70.138724345931664, -20.247808179297621 ], [ -70.138289561045113, -20.248563728730964 ], [ -70.138238101654238, -20.248653151993768 ], [ -70.138198375480954, -20.2487221718422 ], [ -70.137862925497515, -20.249304976558342 ], [ -70.137644657742868, -20.249672150502452 ], [ -70.137608536815407, -20.249732913592304 ], [ -70.13739606890401, -20.250120738541753 ], [ -70.137170878282419, -20.250500677779701 ], [ -70.1370448656089, -20.250712155894718 ], [ -70.136920649126381, -20.250920618969253 ], [ -70.136699299021743, -20.251341988922103 ], [ -70.136679151082788, -20.251380343136635 ], [ -70.135823876526047, -20.252873719580119 ], [ -70.135728726820957, -20.253039856494574 ], [ -70.135261732820283, -20.253839678315547 ], [ -70.134840503143906, -20.254547571082899 ], [ -70.134826226651143, -20.254572424037313 ], [ -70.134165151897534, -20.255723233658664 ], [ -70.135466791253293, -20.256495671008537 ], [ -70.135794129799663, -20.25748424660885 ], [ -70.141483639447415, -20.246851996254527 ], [ -70.14501264055238, -20.242476996896546 ], [ -70.148931276234421, -20.238493160124211 ], [ -70.148040629235197, -20.238734112173688 ], [ -70.147960757205027, -20.238763346461933 ], [ -70.147514596520892, -20.238943059796718 ], [ -70.147111188209038, -20.239276369562504 ], [ -70.146701198155796, -20.239589847084112 ], [ -70.146605159302226, -20.239663277874609 ], [ -70.14657996495454, -20.239682541317606 ], [ -70.146456080948695, -20.239762455430771 ], [ -70.145942908870396, -20.240093486647879 ], [ -70.14448222334444, -20.241258084536046 ], [ -70.144363114417004, -20.241361517481408 ], [ -70.14425572028766, -20.24145477723706 ], [ -70.144192515411461, -20.241505964663286 ], [ -70.144146616606164, -20.241543136471499 ], [ -70.143899416040128, -20.241795739517745 ], [ -70.143874075793761, -20.241810420950753 ], [ -70.143516909745387, -20.242017352343336 ], [ -70.143101013188286, -20.24229097376065 ], [ -70.142740425213177, -20.242623993778928 ], [ -70.142526716347689, -20.242836264432416 ], [ -70.142409353698895, -20.242952836911584 ], [ -70.142354357584651, -20.243012048137594 ], [ -70.142241823389867, -20.24313320719423 ], [ -70.142141305020004, -20.243241429294226 ], [ -70.14211887756089, -20.243264153399593 ], [ -70.142070071668797, -20.243313604811593 ], [ -70.141140858461782, -20.244395328328363 ], [ -70.141007035491938, -20.244567510276418 ], [ -70.1400149187144, -20.245878380534858 ] ] ] } },
{ "type": "Feature", "properties": { "zona": "20" }, "geometry": { "type": "Polygon", "coordinates": [ [ [ -70.146242722448676, -20.22930031155952 ], [ -70.146295421329071, -20.229391638955306 ], [ -70.146377288212463, -20.229445845053455 ], [ -70.146501068850256, -20.229527803141679 ], [ -70.146671911986488, -20.229647824527124 ], [ -70.146838086584225, -20.229354514026941 ], [ -70.146863673317057, -20.229309351437575 ], [ -70.147487102117395, -20.228303607295445 ], [ -70.148108055905723, -20.227211129675329 ], [ -70.148149391661889, -20.227163313797959 ], [ -70.148669420656276, -20.22656175771003 ], [ -70.148841785278734, -20.226362369457053 ], [ -70.149236754902134, -20.225925714275235 ], [ -70.149276066932032, -20.22588225303117 ], [ -70.149621300164824, -20.225486654088456 ], [ -70.149679644300463, -20.225419797932624 ], [ -70.150636262610973, -20.224320804766801 ], [ -70.150549495598341, -20.224009236625022 ], [ -70.150545906522623, -20.223924693202065 ], [ -70.150351678046164, -20.21934926766853 ], [ -70.148349996675762, -20.219461439430983 ], [ -70.147362101140402, -20.21951541708895 ], [ -70.145389821059169, -20.219629078908927 ], [ -70.145505115255503, -20.220720406298661 ], [ -70.145587895417805, -20.221570596940499 ], [ -70.145597940005388, -20.221673758697854 ], [ -70.145675930939035, -20.222503689952482 ], [ -70.145760865618257, -20.223407499189381 ], [ -70.145764624527956, -20.223449864723595 ], [ -70.14585656266739, -20.224486062248392 ], [ -70.145883506633041, -20.224749218112876 ], [ -70.146025695560581, -20.226289455085404 ], [ -70.146030245708744, -20.226338743122888 ], [ -70.146222913181717, -20.228301821629223 ], [ -70.146225166385634, -20.22832477902605 ], [ -70.146223593545841, -20.228583434028376 ], [ -70.146208184238361, -20.228755750187933 ], [ -70.14620428648638, -20.228799337156044 ], [ -70.146210658945549, -20.228822711343263 ], [ -70.146229317564476, -20.228891151131911 ], [ -70.146242722448676, -20.22930031155952 ] ] ] } },
{ "type": "Feature", "properties": { "zona": "23" }, "geometry": { "type": "Polygon", "coordinates": [ [ [ -70.141049779179127, -20.230216222039793 ], [ -70.1414929757848, -20.230076017086226 ], [ -70.141493002678416, -20.230076004174677 ], [ -70.14149307474672, -20.230075987148332 ], [ -70.142591226131401, -20.229728584914596 ], [ -70.143023370834371, -20.229593504322459 ], [ -70.143297215636025, -20.229507904744473 ], [ -70.143636335715769, -20.229397654022897 ], [ -70.143934623988585, -20.229395710299166 ], [ -70.144857020624528, -20.229360230652944 ], [ -70.146112341139997, -20.229316024696061 ], [ -70.146242722448676, -20.229300311559509 ], [ -70.146229317564476, -20.228891151131922 ], [ -70.146210658945535, -20.228822711343248 ], [ -70.14620428648638, -20.228799337156033 ], [ -70.146208184238347, -20.228755750187933 ], [ -70.146223593545841, -20.228583434028362 ], [ -70.146225166385634, -20.228324779026057 ], [ -70.146222913181688, -20.228301821629216 ], [ -70.146030245708729, -20.226338743122895 ], [ -70.146025695560596, -20.226289455085396 ], [ -70.145883506633055, -20.224749218112873 ], [ -70.145856562667404, -20.224486062248392 ], [ -70.144450333322126, -20.224550801560163 ], [ -70.143418588842579, -20.224599881437328 ], [ -70.143365815127652, -20.224602117832283 ], [ -70.140803110336464, -20.22471069860384 ], [ -70.140750810076213, -20.224712914154548 ], [ -70.139711970019363, -20.22477138470909 ], [ -70.139810008817264, -20.225711086639564 ], [ -70.139819727307426, -20.225886319399329 ], [ -70.139898851521494, -20.226897740746086 ], [ -70.139938288622531, -20.227096684465792 ], [ -70.140153703657148, -20.227696868843676 ], [ -70.140317601520792, -20.228177867666709 ], [ -70.140558634074139, -20.228817724879079 ], [ -70.140773937931627, -20.229401972930376 ], [ -70.141049779179127, -20.230216222039793 ] ] ] } },
{ "type": "Feature", "properties": { "zona": "21" }, "geometry": { "type": "Polygon", "coordinates": [ [ [ -70.154674320792324, -20.21929687481833 ], [ -70.154338932607814, -20.21912361624366 ], [ -70.15392029364925, -20.219154609766449 ], [ -70.153858093457188, -20.219159155481208 ], [ -70.1530831920618, -20.219207667256686 ], [ -70.152919982282199, -20.219217884371396 ], [ -70.152856163703845, -20.219220713804564 ], [ -70.152524433412239, -20.219235420882296 ], [ -70.151497792790636, -20.219283480181272 ], [ -70.150351678046164, -20.21934926766853 ], [ -70.150549495598341, -20.224009236625022 ], [ -70.150636262610973, -20.224320804766801 ], [ -70.151888148790505, -20.222954139373332 ], [ -70.152863490757582, -20.222290903751738 ], [ -70.153028181365045, -20.221746781001162 ], [ -70.153191201012746, -20.221477469043244 ], [ -70.153264523825044, -20.221367487016764 ], [ -70.154540137294731, -20.219454076494543 ], [ -70.154555777857624, -20.219435773165277 ], [ -70.154622666262028, -20.2193574971168 ], [ -70.154622224766968, -20.219357133194567 ], [ -70.154674320792324, -20.21929687481833 ] ] ] } },
{ "type": "Feature", "properties": { "zona": "35" }, "geometry": { "type": "Polygon", "coordinates": [ [ [ -70.128690540340628, -20.238300675292464 ], [ -70.128606007037448, -20.238285283026507 ], [ -70.128556477887841, -20.238440977719875 ], [ -70.12849465980166, -20.238648543478664 ], [ -70.128201132824515, -20.239532245138623 ], [ -70.128061132718472, -20.240032245118581 ], [ -70.128004132645202, -20.240390245111691 ], [ -70.128004132588359, -20.24068224511419 ], [ -70.128018215952622, -20.240866364897485 ], [ -70.128081901897531, -20.241698959882143 ], [ -70.128153242318461, -20.242754012822118 ], [ -70.128176416869536, -20.243096736766624 ], [ -70.128238769018125, -20.244132176094777 ], [ -70.128264926807631, -20.244485550831911 ], [ -70.128266585778235, -20.244507962372541 ], [ -70.129214977754827, -20.244431741553232 ], [ -70.129216161198315, -20.244491962140518 ], [ -70.129160691809517, -20.245515844257397 ], [ -70.129184751212108, -20.245603420258334 ], [ -70.129271017505971, -20.245772312544485 ], [ -70.129343097298928, -20.245913430143727 ], [ -70.129411076372392, -20.246031773807506 ], [ -70.129479573112988, -20.24615101844908 ], [ -70.1295012297917, -20.24618872009318 ], [ -70.129913061817987, -20.246252839186774 ], [ -70.13235237447077, -20.246751044497412 ], [ -70.132409943521623, -20.246761957034263 ], [ -70.132811726353296, -20.246838116651485 ], [ -70.132876886541254, -20.246850467943084 ], [ -70.13293109625198, -20.246860667148205 ], [ -70.132951717785744, -20.246739206315578 ], [ -70.132988205724118, -20.246531802896758 ], [ -70.133360595797342, -20.244911895200353 ], [ -70.133132368355888, -20.244873529661227 ], [ -70.132561713547432, -20.24476566306063 ], [ -70.131615917122886, -20.244573447110405 ], [ -70.131631443740105, -20.24224663047239 ], [ -70.131651649524031, -20.240565850914596 ], [ -70.131647182592559, -20.240376130768137 ], [ -70.131656132894477, -20.240276245744223 ], [ -70.131655147492154, -20.240241707956176 ], [ -70.130277133043649, -20.23907024549473 ], [ -70.12983726670393, -20.238728667972929 ], [ -70.129820576028209, -20.238715706801781 ], [ -70.129541102711741, -20.238594002081133 ], [ -70.128690540340628, -20.238300675292464 ] ] ] } },
{ "type": "Feature", "properties": { "zona": "34" }, "geometry": { "type": "Polygon", "coordinates": [ [ [ -70.133360595797342, -20.244911895200353 ], [ -70.133753563931819, -20.243220141834346 ], [ -70.133822835701295, -20.242877070513075 ], [ -70.133839585491529, -20.24281432954411 ], [ -70.133880369146155, -20.242661562896394 ], [ -70.134125274981201, -20.241508605062133 ], [ -70.133821219114353, -20.241490650357814 ], [ -70.133707107862492, -20.241471467801755 ], [ -70.133318761245803, -20.241387870291526 ], [ -70.133275873474759, -20.241378637988227 ], [ -70.132907809947312, -20.241265479196787 ], [ -70.132674558524428, -20.241115593329813 ], [ -70.132650002346978, -20.241094542852096 ], [ -70.131655147492154, -20.240241707956176 ], [ -70.131656132894477, -20.240276245744223 ], [ -70.131648986159902, -20.240356003033558 ], [ -70.131647182592559, -20.240376130768137 ], [ -70.131651649524031, -20.240565850914596 ], [ -70.131631443740105, -20.24224663047239 ], [ -70.131615917122886, -20.244573447110405 ], [ -70.132561713547432, -20.24476566306063 ], [ -70.133132368355888, -20.244873529661227 ], [ -70.133360595797342, -20.244911895200353 ] ] ] } },
{ "type": "Feature", "properties": { "zona": "17" }, "geometry": { "type": "Polygon", "coordinates": [ [ [ -70.134972034734318, -20.222666781126414 ], [ -70.134910558210791, -20.222003454823813 ], [ -70.134905597809606, -20.221949932209515 ], [ -70.134871294531251, -20.22157979931994 ], [ -70.134855195949541, -20.221308667469774 ], [ -70.134813598331945, -20.220608075216454 ], [ -70.134804733984481, -20.220355135198762 ], [ -70.134790069027275, -20.220273570907526 ], [ -70.134797903069654, -20.220189856184227 ], [ -70.134793380641995, -20.220066587073561 ], [ -70.134792642453178, -20.220046466016736 ], [ -70.134785331854957, -20.219926897232327 ], [ -70.134778276484298, -20.219811502581116 ], [ -70.134772640304959, -20.219616322770385 ], [ -70.13475428518673, -20.219413257137152 ], [ -70.134757812161666, -20.219317618226686 ], [ -70.134636137154089, -20.219338246082501 ], [ -70.13438313713371, -20.219362246038905 ], [ -70.13411113711048, -20.219394245992017 ], [ -70.133931308318225, -20.219418573414295 ], [ -70.133609137055984, -20.219514245906026 ], [ -70.133506586175073, -20.219565344742783 ], [ -70.133443012269851, -20.219597022168291 ], [ -70.133278669593679, -20.219677307085512 ], [ -70.133250136999308, -20.21969124584535 ], [ -70.132904321848159, -20.219914182509736 ], [ -70.132871460731664, -20.219935367019755 ], [ -70.132348136811601, -20.220368245694836 ], [ -70.131522021803733, -20.220749075494176 ], [ -70.131431128915679, -20.22153772338698 ], [ -70.131068096666937, -20.223095967032336 ], [ -70.130918077229722, -20.22345489064962 ], [ -70.130269848321376, -20.224503556221077 ], [ -70.129409147303562, -20.225839345020784 ], [ -70.128389022430582, -20.227391232976203 ], [ -70.127247933423362, -20.229315286282485 ], [ -70.128067343966606, -20.229635210985066 ], [ -70.128222235834784, -20.229273763456195 ], [ -70.128451326217714, -20.228975448229665 ], [ -70.128669125189347, -20.229035162564205 ], [ -70.12886978466689, -20.228500469236149 ], [ -70.129070546663485, -20.228264282573825 ], [ -70.129510978692139, -20.227772531985863 ], [ -70.129589638281843, -20.22763290928782 ], [ -70.129602304135602, -20.227610427061833 ], [ -70.130112290623742, -20.227144419476211 ], [ -70.130275712294491, -20.226981410879286 ], [ -70.130729231039183, -20.226529035971286 ], [ -70.130749915398184, -20.226508560971055 ], [ -70.131191300117138, -20.22607164196517 ], [ -70.131568477039352, -20.225698278400063 ], [ -70.131640123479897, -20.22563545780725 ], [ -70.132705985028124, -20.224673065565987 ], [ -70.133722335709521, -20.223818498310596 ], [ -70.133740560039541, -20.223800470334826 ], [ -70.133819329193983, -20.223722549794751 ], [ -70.134303738593687, -20.223243356735878 ], [ -70.134342363367907, -20.223206901272011 ], [ -70.134384274911156, -20.223169769352971 ], [ -70.134418909979942, -20.223140129781555 ], [ -70.134972034734318, -20.222666781126414 ] ] ] } },
{ "type": "Feature", "properties": { "zona": "25" }, "geometry": { "type": "Polygon", "coordinates": [ [ [ -70.135566895513733, -20.230770376586072 ], [ -70.135510374587795, -20.229961990386393 ], [ -70.13548531664172, -20.229623852949629 ], [ -70.135477618959271, -20.229519978325328 ], [ -70.135365072095567, -20.227970930265908 ], [ -70.135361892966117, -20.227931024978826 ], [ -70.135275009976411, -20.22684043569938 ], [ -70.13513343964452, -20.225063345479573 ], [ -70.135041021581486, -20.223941455056249 ], [ -70.135003724170247, -20.223252312541213 ], [ -70.134972034734318, -20.222666781126414 ], [ -70.134418909979942, -20.223140129781555 ], [ -70.134384274911156, -20.223169769352971 ], [ -70.134342363367907, -20.223206901272011 ], [ -70.134303738593687, -20.223243356735878 ], [ -70.133722335709521, -20.223818498310596 ], [ -70.132705985028124, -20.224673065565987 ], [ -70.131640123479897, -20.22563545780725 ], [ -70.131568477039352, -20.225698278400063 ], [ -70.131191300117138, -20.22607164196517 ], [ -70.130749915398184, -20.226508560971055 ], [ -70.130729231039183, -20.226529035971286 ], [ -70.130275712294491, -20.226981410879286 ], [ -70.130112290623742, -20.227144419476211 ], [ -70.129602304135602, -20.227610427061833 ], [ -70.129534921377285, -20.227885876546271 ], [ -70.129527672066644, -20.227909972524348 ], [ -70.129226134955459, -20.228912245226319 ], [ -70.12886506895056, -20.229911334175913 ], [ -70.128971152583233, -20.229871363899726 ], [ -70.129479959967512, -20.229881186524011 ], [ -70.129527384217994, -20.229881452766058 ], [ -70.130566849924278, -20.229887285156952 ], [ -70.129701951812777, -20.231249017653973 ], [ -70.129617230589787, -20.231380191989562 ], [ -70.13175674361139, -20.231088793668214 ], [ -70.132507407699379, -20.230988097816343 ], [ -70.133352134833061, -20.230859245958158 ], [ -70.134288134914613, -20.23073924611943 ], [ -70.134919646335433, -20.230789777106057 ], [ -70.135311564156311, -20.230783968494404 ], [ -70.135444002381021, -20.230776918532563 ], [ -70.135566895513733, -20.230770376586072 ] ] ] } },
{ "type": "Feature", "properties": { "zona": "26" }, "geometry": { "type": "Polygon", "coordinates": [ [ [ -70.127284788512156, -20.234186266636289 ], [ -70.128111433363898, -20.234093306627756 ], [ -70.128161474060903, -20.234107804586763 ], [ -70.128152894641104, -20.234026442685451 ], [ -70.12813052512108, -20.233814303512673 ], [ -70.128145099926769, -20.233671819326212 ], [ -70.129617230589773, -20.231380191989562 ], [ -70.129701951812777, -20.231249017653976 ], [ -70.130566849924278, -20.229887285156952 ], [ -70.12952738421798, -20.229881452766044 ], [ -70.129479959967497, -20.229881186524 ], [ -70.128971152583233, -20.229871363899708 ], [ -70.12886506895056, -20.229911334175906 ], [ -70.129226134955459, -20.228912245226329 ], [ -70.129527672066644, -20.227909972524348 ], [ -70.129534921377285, -20.227885876546271 ], [ -70.129602304135588, -20.227610427061826 ], [ -70.129589638281828, -20.227632909287802 ], [ -70.129510978692124, -20.227772531985863 ], [ -70.129070546663471, -20.228264282573825 ], [ -70.128869784666875, -20.228500469236149 ], [ -70.128669125189333, -20.229035162564195 ], [ -70.128451326217714, -20.228975448229662 ], [ -70.12822223583477, -20.229273763456177 ], [ -70.127890209270305, -20.230048561124256 ], [ -70.127735488934988, -20.230398781865699 ], [ -70.127595397469662, -20.230853676482635 ], [ -70.127370771882454, -20.231771839223061 ], [ -70.127269170083125, -20.232279154409731 ], [ -70.12725924496435, -20.232340048745538 ], [ -70.127226134058546, -20.232882244913192 ], [ -70.127284788512156, -20.234186266636289 ] ] ] } },
{ "type": "Feature", "properties": { "zona": "4" }, "geometry": { "type": "Polygon", "coordinates": [ [ [ -70.143847554211618, -20.208197969138613 ], [ -70.143808014627353, -20.208180718948601 ], [ -70.14361099754872, -20.208094764840496 ], [ -70.143387041064841, -20.208073983107347 ], [ -70.143360248727717, -20.208071496929765 ], [ -70.143306065138589, -20.208082094185038 ], [ -70.143148776067392, -20.208112856763687 ], [ -70.143096857610729, -20.208123010936283 ], [ -70.142963192738165, -20.208153047180428 ], [ -70.142925689634282, -20.208161474597997 ], [ -70.142517232937919, -20.20821393144341 ], [ -70.142128693783974, -20.208284932872179 ], [ -70.142083388382886, -20.208288678590197 ], [ -70.141720100217015, -20.208318713765781 ], [ -70.141694587569532, -20.208317668142911 ], [ -70.14067131002318, -20.208275726560029 ], [ -70.139974768822498, -20.208245819367743 ], [ -70.139912036024427, -20.208242987034605 ], [ -70.139556535931447, -20.208226936077875 ], [ -70.139488116868392, -20.208250293337315 ], [ -70.139376690176846, -20.208288332696164 ], [ -70.138768270921432, -20.208496036123307 ], [ -70.138728618761604, -20.208511299549446 ], [ -70.136627684884161, -20.209320001611854 ], [ -70.136603744332589, -20.2093292167398 ], [ -70.136511338849928, -20.20931736455778 ], [ -70.135385838230761, -20.209440220785069 ], [ -70.13499586147195, -20.209482787745124 ], [ -70.134341451040328, -20.209581253201122 ], [ -70.134304218691611, -20.209586855266714 ], [ -70.13427518540405, -20.209590124747088 ], [ -70.133889907431808, -20.209633510990439 ], [ -70.13371780769593, -20.209652890903048 ], [ -70.132959502636538, -20.209657783121695 ], [ -70.132445173860532, -20.209661099460057 ], [ -70.13236611362052, -20.209659162541193 ], [ -70.132042852284485, -20.209651242500417 ], [ -70.131883469004464, -20.209600117178329 ], [ -70.13170676745483, -20.209488044938169 ], [ -70.13168396342904, -20.209473581552018 ], [ -70.131465578561048, -20.20915695999042 ], [ -70.131442084868596, -20.209128531751773 ], [ -70.131250673422741, -20.208896916282256 ], [ -70.131150478391504, -20.208768050718284 ], [ -70.131119096479793, -20.208727688900755 ], [ -70.131064004784278, -20.208696171499678 ], [ -70.131035891142005, -20.208687944299648 ], [ -70.13048558295489, -20.208526900549469 ], [ -70.130107754362399, -20.208325322059569 ], [ -70.130077291305227, -20.208313358240339 ], [ -70.129679529780418, -20.208157143870984 ], [ -70.129560594639543, -20.208347516032106 ], [ -70.129248066164976, -20.208665331003782 ], [ -70.129161894727318, -20.208752959737531 ], [ -70.129111038826977, -20.208870331256747 ], [ -70.129032381790083, -20.209051865314134 ], [ -70.129029828055323, -20.209282954620448 ], [ -70.12903649439221, -20.209350133422905 ], [ -70.129079581205886, -20.209784331196033 ], [ -70.129111226600813, -20.21023931124568 ], [ -70.129112960138897, -20.210264234994277 ], [ -70.129176764958515, -20.210814548805253 ], [ -70.129207081722214, -20.211196000674967 ], [ -70.129226121435309, -20.211435561049122 ], [ -70.129255096884975, -20.211633034166606 ], [ -70.12927662531763, -20.211902849871525 ], [ -70.129350064559631, -20.212137434532941 ], [ -70.129482558251425, -20.212367655408503 ], [ -70.129733390951131, -20.212621019152596 ], [ -70.129943801713651, -20.212757112169662 ], [ -70.129977178577391, -20.212769940962609 ], [ -70.13037707930684, -20.212923646874774 ], [ -70.130419425416036, -20.212943294412202 ], [ -70.13058034072418, -20.213017954956292 ], [ -70.130657969901989, -20.213073205335629 ], [ -70.13072457672439, -20.213120610803806 ], [ -70.130808664248107, -20.213208521579745 ], [ -70.130950999429146, -20.213357328059953 ], [ -70.13096697213976, -20.213374026947321 ], [ -70.131086138057896, -20.213555245418235 ], [ -70.132817233161788, -20.213027446571918 ], [ -70.134055352103971, -20.212656912260758 ], [ -70.135718751090977, -20.212152147966933 ], [ -70.135819804534819, -20.212119622497791 ], [ -70.136603111845162, -20.211887467300077 ], [ -70.136623889821109, -20.211882294471614 ], [ -70.136767409848147, -20.211846564039899 ], [ -70.136900365154204, -20.211817765140996 ], [ -70.137213104043141, -20.211750023629687 ], [ -70.137315068300524, -20.21170659170971 ], [ -70.137369738568452, -20.211683304744245 ], [ -70.137449428206267, -20.211626900639065 ], [ -70.13746631059611, -20.211614951320605 ], [ -70.137533341297001, -20.211546789156106 ], [ -70.137584414386183, -20.211506584967374 ], [ -70.137725849254366, -20.211395248773439 ], [ -70.13807554598948, -20.211194088123932 ], [ -70.138281411852631, -20.211126137473588 ], [ -70.138317998933957, -20.21112066112018 ], [ -70.138392560797271, -20.211110459840619 ], [ -70.138567134674219, -20.211086575157477 ], [ -70.139005921388886, -20.211116201857667 ], [ -70.139040015084916, -20.21111680591698 ], [ -70.139676763805298, -20.21112808637341 ], [ -70.139739892256827, -20.211129804683665 ], [ -70.139917595695692, -20.211134641519067 ], [ -70.140111076756781, -20.211136224718299 ], [ -70.14157738512165, -20.211148216159984 ], [ -70.14244559013504, -20.211101982590549 ], [ -70.142874953091223, -20.211075972385501 ], [ -70.142934001288964, -20.211072395246077 ], [ -70.143114961596979, -20.211071217728996 ], [ -70.143136811602872, -20.211069785775635 ], [ -70.143503723542892, -20.211045739570729 ], [ -70.143914185662908, -20.211032868040839 ], [ -70.144200369079314, -20.211015705597596 ], [ -70.144494711024407, -20.211006138811232 ], [ -70.144597270558677, -20.210995271529573 ], [ -70.145210107763162, -20.21097230428397 ], [ -70.145420857540898, -20.210964405538494 ], [ -70.14546167540594, -20.210962044361388 ], [ -70.145669246658215, -20.210950036910557 ], [ -70.145728031717624, -20.210947761160774 ], [ -70.145906869459495, -20.210940837682553 ], [ -70.145893768692872, -20.210857749276233 ], [ -70.145867843362069, -20.210693323898802 ], [ -70.145828966515424, -20.210446755771919 ], [ -70.145711587906362, -20.209723327038606 ], [ -70.145680814703937, -20.209578191506527 ], [ -70.145387307279734, -20.209360421533923 ], [ -70.145292463576666, -20.209290051314788 ], [ -70.144569651839319, -20.208750223622591 ], [ -70.144520377198162, -20.208710732067328 ], [ -70.144028048669909, -20.208316149510853 ], [ -70.143988303475112, -20.208291508328312 ], [ -70.143847554211618, -20.208197969138613 ] ] ] } },
{ "type": "Feature", "properties": { "zona": "5" }, "geometry": { "type": "Polygon", "coordinates": [ [ [ -70.146367337642516, -20.206317141393278 ], [ -70.146156081298173, -20.206283659687077 ], [ -70.145828701534398, -20.20624097508928 ], [ -70.145648949789546, -20.206187367301059 ], [ -70.145416229339105, -20.206104224657274 ], [ -70.145214831450659, -20.205976057534645 ], [ -70.145050613912403, -20.205882507857059 ], [ -70.144917718939752, -20.205743933907613 ], [ -70.144784933426635, -20.205620299133564 ], [ -70.144626027916445, -20.20553169441844 ], [ -70.144461640978648, -20.205387575337678 ], [ -70.144322990225675, -20.205363578408889 ], [ -70.144164694711222, -20.2053583843018 ], [ -70.14384246484353, -20.205478757413552 ], [ -70.143743740358133, -20.205504300112452 ], [ -70.143448657649756, -20.205730320848858 ], [ -70.143252026264364, -20.20589345049828 ], [ -70.143080951627852, -20.205944363616023 ], [ -70.142993624293382, -20.205926101313825 ], [ -70.1428809983787, -20.205902548382554 ], [ -70.142752269098125, -20.20585616457284 ], [ -70.142870268751736, -20.205989309216893 ], [ -70.142954366256689, -20.206091535552623 ], [ -70.143196272647572, -20.206385588492882 ], [ -70.143489991068648, -20.206875452239046 ], [ -70.143522100532024, -20.206956669926807 ], [ -70.143606018427207, -20.207168931419602 ], [ -70.143647581821355, -20.207274061408651 ], [ -70.143745285183144, -20.207521190567174 ], [ -70.143880982272591, -20.208043207140005 ], [ -70.143914770256444, -20.208155037143158 ], [ -70.143988303475112, -20.208291508328312 ], [ -70.144028048669909, -20.208316149510853 ], [ -70.144520377198162, -20.208710732067328 ], [ -70.144569651839319, -20.208750223622591 ], [ -70.145292463576666, -20.209290051314788 ], [ -70.145387307279734, -20.209360421533923 ], [ -70.145680814703937, -20.209578191506527 ], [ -70.145711587906362, -20.209723327038606 ], [ -70.145828966515424, -20.210446755771919 ], [ -70.145867843362069, -20.210693323898802 ], [ -70.145893768692872, -20.210857749276233 ], [ -70.145906869459495, -20.210940837682553 ], [ -70.145935987663677, -20.210939553347046 ], [ -70.146154783247951, -20.21092990263358 ], [ -70.146992330159023, -20.210892957292604 ], [ -70.14691314876994, -20.209451825489193 ], [ -70.146897686625735, -20.209069462777396 ], [ -70.147816732871902, -20.208935972459795 ], [ -70.148685282404671, -20.208822727557727 ], [ -70.148921256453235, -20.20877337650667 ], [ -70.149031212593712, -20.20880452931311 ], [ -70.149124259184447, -20.208831808663714 ], [ -70.14936568156817, -20.20894974912969 ], [ -70.14939371410054, -20.209893772233603 ], [ -70.149461352951064, -20.209909265633357 ], [ -70.149516185199545, -20.2099049228427 ], [ -70.14951833657328, -20.210009919092375 ], [ -70.149520000174462, -20.210091109727017 ], [ -70.149528285222999, -20.210510419340132 ], [ -70.149532895851721, -20.210743762775799 ], [ -70.149535544800088, -20.210817130591643 ], [ -70.14960245660744, -20.21082132278174 ], [ -70.149833993504899, -20.210808340742137 ], [ -70.150019542707383, -20.210806871109639 ], [ -70.150134287397677, -20.210800255424015 ], [ -70.150137572099212, -20.210953219221516 ], [ -70.150290755725152, -20.210958080618376 ], [ -70.15066292519441, -20.210967430421967 ], [ -70.15069328220352, -20.2109681930291 ], [ -70.150960998607957, -20.210974343337437 ], [ -70.151207386968935, -20.210976130599583 ], [ -70.151311879942341, -20.210976888470618 ], [ -70.151434862762443, -20.210981366302157 ], [ -70.15148398105903, -20.210983154685955 ], [ -70.15150302619854, -20.211059178009659 ], [ -70.15150846911331, -20.211080904717111 ], [ -70.151534997876496, -20.211162322938819 ], [ -70.15156361235826, -20.211233528465314 ], [ -70.151591963242481, -20.211282501636585 ], [ -70.151657723673864, -20.211396095722947 ], [ -70.151803482352349, -20.211529767024317 ], [ -70.151961900705473, -20.211599336740299 ], [ -70.152009426237683, -20.211620207625796 ], [ -70.152114026351157, -20.211646967143551 ], [ -70.152232770476004, -20.211677344991376 ], [ -70.152264118554385, -20.211683185401768 ], [ -70.152624174267018, -20.211750266369215 ], [ -70.152658678790374, -20.211756694767725 ], [ -70.152741462224753, -20.211781745775347 ], [ -70.152807689949071, -20.211799835955613 ], [ -70.152944014299436, -20.211771140556966 ], [ -70.153114410827698, -20.211729225994777 ], [ -70.153178477155507, -20.211710871068501 ], [ -70.153201726355121, -20.211680615173901 ], [ -70.153206435247228, -20.211608273530512 ], [ -70.153173140033388, -20.211548752049136 ], [ -70.152947924993668, -20.211392339788315 ], [ -70.152843126337103, -20.211319556716131 ], [ -70.152637237662816, -20.211165481375328 ], [ -70.152445918385311, -20.211033960843586 ], [ -70.152338508889002, -20.210958367268653 ], [ -70.152276496955537, -20.210914723913938 ], [ -70.152213685698072, -20.210870169179259 ], [ -70.151871555061433, -20.210627480291098 ], [ -70.151722544212177, -20.210514475760483 ], [ -70.151679044975609, -20.210476004692094 ], [ -70.151609272179499, -20.210390790379986 ], [ -70.151601493616468, -20.210373289182723 ], [ -70.151523449406, -20.210197695170095 ], [ -70.151453150908353, -20.209964096492659 ], [ -70.151291893554188, -20.209556794286637 ], [ -70.151281766823743, -20.209515742855494 ], [ -70.151128769665007, -20.208895524617606 ], [ -70.151014367841796, -20.208403255161393 ], [ -70.150938221371689, -20.208274976117579 ], [ -70.150784683842687, -20.208016320567541 ], [ -70.150561849688771, -20.207843480383918 ], [ -70.150514300844492, -20.207833831796687 ], [ -70.150281685425412, -20.207765635115379 ], [ -70.150142430780903, -20.207733737468569 ], [ -70.150006906220568, -20.207702694114243 ], [ -70.149600603710539, -20.207679506366883 ], [ -70.149537205649693, -20.207675888144045 ], [ -70.149019846818035, -20.20762449264679 ], [ -70.14876100307778, -20.207576385422556 ], [ -70.148586560531612, -20.207527726034424 ], [ -70.148566131457827, -20.207521277233127 ], [ -70.148385633184986, -20.207464299607416 ], [ -70.148302905755159, -20.207421617749514 ], [ -70.148147342336785, -20.207341357187332 ], [ -70.1480759017319, -20.207295895343805 ], [ -70.147825859934784, -20.207136778644969 ], [ -70.147744539457591, -20.207085029362418 ], [ -70.147220202731759, -20.206689100631877 ], [ -70.147187751278764, -20.206664596290384 ], [ -70.146856465496867, -20.206448884260887 ], [ -70.146814452862102, -20.206434054379415 ], [ -70.146676177488388, -20.206385244984304 ], [ -70.146488215112683, -20.206343796672154 ], [ -70.146367337642516, -20.206317141393278 ] ] ] } },
{ "type": "Feature", "properties": { "zona": "33" }, "geometry": { "type": "Polygon", "coordinates": [ [ [ -70.134125274981201, -20.241508605062133 ], [ -70.133880369146155, -20.242661562896394 ], [ -70.133839585491529, -20.24281432954411 ], [ -70.133822835701295, -20.242877070513075 ], [ -70.133753563931819, -20.243220141834346 ], [ -70.133360595797342, -20.244911895200353 ], [ -70.132988205724118, -20.246531802896758 ], [ -70.132951717785744, -20.246739206315578 ], [ -70.13293109625198, -20.246860667148205 ], [ -70.132992041161188, -20.246872137785974 ], [ -70.133155177003914, -20.246902841994981 ], [ -70.133658554895391, -20.246997582975968 ], [ -70.133741995185346, -20.247017144728474 ], [ -70.135370634659665, -20.247333116439037 ], [ -70.135446904825926, -20.247372462642442 ], [ -70.135592905866375, -20.247431966243873 ], [ -70.135658599274805, -20.247458739931666 ], [ -70.13713260427842, -20.248142404236336 ], [ -70.138238101654238, -20.248653151993768 ], [ -70.138289561045113, -20.248563728730964 ], [ -70.138724345931664, -20.247808179297621 ], [ -70.138746667652427, -20.247769389408724 ], [ -70.138859448100206, -20.247605313636239 ], [ -70.138869708494511, -20.247589479583372 ], [ -70.139323763377249, -20.246888769029702 ], [ -70.139352023514846, -20.246845156935965 ], [ -70.139522600611897, -20.246580183446316 ], [ -70.139594117412344, -20.246469089352566 ], [ -70.1400149187144, -20.245878380534858 ], [ -70.139854519344809, -20.245769296521573 ], [ -70.13982101839153, -20.245746513235765 ], [ -70.139494279726605, -20.245513580759532 ], [ -70.139375566261592, -20.245442640095085 ], [ -70.139298434554007, -20.245389523916238 ], [ -70.139048886960182, -20.245217674319747 ], [ -70.13973900175678, -20.244340698224693 ], [ -70.139907120618034, -20.244128071977538 ], [ -70.140077797389623, -20.243912209914335 ], [ -70.140822517053437, -20.243018615870895 ], [ -70.141008089456463, -20.24279720147128 ], [ -70.141028070062077, -20.242773361705559 ], [ -70.141074970929736, -20.242719117949367 ], [ -70.141193184278009, -20.242582396680199 ], [ -70.141266898414202, -20.242516379175807 ], [ -70.14137609620964, -20.242453521401924 ], [ -70.141330045899366, -20.242322861669624 ], [ -70.142543878538689, -20.241938379416816 ], [ -70.142579798801535, -20.241926116752492 ], [ -70.143311795678287, -20.241676066371035 ], [ -70.143341718493559, -20.241669734030108 ], [ -70.143758549106337, -20.241581522716082 ], [ -70.143685171722183, -20.241454570572241 ], [ -70.143664492268499, -20.24141879245969 ], [ -70.143539897736048, -20.24112080566103 ], [ -70.1435291751704, -20.2410924712233 ], [ -70.143290243890959, -20.240461090950969 ], [ -70.143135264501453, -20.239999567238037 ], [ -70.143104692956356, -20.239908525775647 ], [ -70.142624357936128, -20.238700123856585 ], [ -70.142585193821546, -20.238712729256999 ], [ -70.142026403858324, -20.238910607436189 ], [ -70.141966292777241, -20.238931893782169 ], [ -70.141199919601334, -20.239187871333364 ], [ -70.140270562744519, -20.239488324270312 ], [ -70.138433159041156, -20.24008232316671 ], [ -70.138409356324743, -20.2400903954142 ], [ -70.137147670276406, -20.240518266982306 ], [ -70.135894065684198, -20.240943386768112 ], [ -70.135852459551714, -20.240957016565073 ], [ -70.13468215081069, -20.24134039429812 ], [ -70.134281191402252, -20.241471741123558 ], [ -70.134125274981201, -20.241508605062133 ] ] ] } },
{ "type": "Feature", "properties": { "zona": "12" }, "geometry": { "type": "Polygon", "coordinates": [ [ [ -70.138993087772477, -20.215537268924596 ], [ -70.140009433995388, -20.215477534808127 ], [ -70.140341813592855, -20.215458177597576 ], [ -70.140394389336535, -20.215455115619683 ], [ -70.140916358315849, -20.215411885576252 ], [ -70.141955237838829, -20.215355333751777 ], [ -70.142759633923404, -20.215306130386416 ], [ -70.14315378977507, -20.215278067718092 ], [ -70.144055523046333, -20.215218651191527 ], [ -70.144991787554616, -20.21515514392339 ], [ -70.144988086913372, -20.21512677958648 ], [ -70.144983866874554, -20.215084876955462 ], [ -70.144978729158709, -20.215033862264722 ], [ -70.144968521044518, -20.214932501181799 ], [ -70.144917166638677, -20.214422576996149 ], [ -70.144910800650194, -20.214359365539881 ], [ -70.144860212019509, -20.213709050559007 ], [ -70.144848079273245, -20.213581250930179 ], [ -70.144750654911562, -20.212555026821285 ], [ -70.144740224123481, -20.212445152585683 ], [ -70.144679123040845, -20.211846357548175 ], [ -70.144675900063888, -20.211774985312182 ], [ -70.144667759850066, -20.211675194672015 ], [ -70.144632347390953, -20.211359658466325 ], [ -70.144597270558677, -20.210995271529573 ], [ -70.144494711024407, -20.211006138811232 ], [ -70.144200369079314, -20.211015705597596 ], [ -70.143914185662908, -20.211032868040839 ], [ -70.143503723542892, -20.211045739570729 ], [ -70.143136811602872, -20.211069785775635 ], [ -70.143114961596979, -20.211071217728996 ], [ -70.142934001288964, -20.211072395246077 ], [ -70.142874953091223, -20.211075972385501 ], [ -70.14244559013504, -20.211101982590549 ], [ -70.14157738512165, -20.211148216159984 ], [ -70.140111076756781, -20.211136224718299 ], [ -70.139917595695692, -20.211134641519067 ], [ -70.139739892256827, -20.211129804683665 ], [ -70.139676763805298, -20.21112808637341 ], [ -70.139040015084916, -20.21111680591698 ], [ -70.139005921388886, -20.211116201857667 ], [ -70.138567134674219, -20.211086575157477 ], [ -70.138392560797271, -20.211110459840619 ], [ -70.138317998933957, -20.21112066112018 ], [ -70.138281411852631, -20.211126137473578 ], [ -70.138400679466642, -20.211843954553178 ], [ -70.138699906783756, -20.211786238972788 ], [ -70.138736798318547, -20.212216272240894 ], [ -70.138742090876462, -20.212363646070411 ], [ -70.138746522311507, -20.212505042291557 ], [ -70.138754589321309, -20.21262217430694 ], [ -70.138806441035698, -20.213375049105441 ], [ -70.138810260704901, -20.213430509408951 ], [ -70.13882200023609, -20.213522501831239 ], [ -70.138835712438109, -20.213629952178142 ], [ -70.138882437025075, -20.214251153674422 ], [ -70.138924593952908, -20.214824576690695 ], [ -70.138993087772477, -20.215537268924596 ] ] ] } },
{ "type": "Feature", "properties": { "zona": "49" }, "geometry": { "type": "Polygon", "coordinates": [ [ [ -70.1400149187144, -20.245878380534858 ], [ -70.141007035491938, -20.244567510276418 ], [ -70.141140858461782, -20.244395328328363 ], [ -70.142070071668797, -20.243313604811593 ], [ -70.142141305020004, -20.243241429294226 ], [ -70.142241823389867, -20.24313320719423 ], [ -70.142409353698895, -20.242952836911584 ], [ -70.142740425213177, -20.242623993778928 ], [ -70.143101013188286, -20.24229097376065 ], [ -70.143516909745387, -20.242017352343336 ], [ -70.143899416040128, -20.241795739517745 ], [ -70.143758549106337, -20.241581522716082 ], [ -70.143341718493559, -20.241669734030108 ], [ -70.143311795678287, -20.241676066371035 ], [ -70.142579798801535, -20.241926116752492 ], [ -70.142543878538689, -20.241938379416816 ], [ -70.141330045899366, -20.242322861669624 ], [ -70.14137609620964, -20.242453521401924 ], [ -70.141266898414202, -20.242516379175807 ], [ -70.141193184278009, -20.242582396680199 ], [ -70.141074970929736, -20.242719117949367 ], [ -70.141028070062077, -20.242773361705559 ], [ -70.140822517053437, -20.243018615870895 ], [ -70.140077797389623, -20.243912209914335 ], [ -70.13973900175678, -20.244340698224693 ], [ -70.139048886960182, -20.245217674319747 ], [ -70.139298434554007, -20.245389523916238 ], [ -70.139375566261592, -20.245442640095085 ], [ -70.139494279726605, -20.245513580759532 ], [ -70.13982101839153, -20.245746513235765 ], [ -70.139854519344809, -20.245769296521573 ], [ -70.1400149187144, -20.245878380534858 ] ] ] } },
{ "type": "Feature", "properties": { "zona": "2" }, "geometry": { "type": "Polygon", "coordinates": [ [ [ -70.141953713625384, -20.204951118025463 ], [ -70.14173891898632, -20.204719158270521 ], [ -70.141349648896622, -20.204294947686389 ], [ -70.141289372544861, -20.204229260694412 ], [ -70.141179584111541, -20.204110642068308 ], [ -70.14114824613479, -20.204076783556481 ], [ -70.141061107718187, -20.203979438550121 ], [ -70.140929382697834, -20.203835894668252 ], [ -70.140560116204412, -20.203433494189476 ], [ -70.140529672702357, -20.203400318883972 ], [ -70.140451213162706, -20.203307812749614 ], [ -70.14016371906996, -20.202994731594849 ], [ -70.140148321857012, -20.202975457291132 ], [ -70.139966594371131, -20.202747969485586 ], [ -70.139922492842388, -20.202691909334852 ], [ -70.139713968176338, -20.202426840149656 ], [ -70.139699654085391, -20.20240864453913 ], [ -70.139346347744691, -20.201962022871982 ], [ -70.13929782317696, -20.201900681720936 ], [ -70.139166737915573, -20.201734973156665 ], [ -70.1389604267343, -20.201483318336717 ], [ -70.138840581610282, -20.201337132816313 ], [ -70.138429108388763, -20.20104498228055 ], [ -70.138252006044922, -20.200990522452052 ], [ -70.138226090282203, -20.200982553211041 ], [ -70.138044490198638, -20.200963809302262 ], [ -70.13572102890106, -20.201012177636184 ], [ -70.134063428351283, -20.201080520575655 ], [ -70.133992386490604, -20.201084390582547 ], [ -70.133536542981147, -20.201109221981515 ], [ -70.132829666695557, -20.201121476158171 ], [ -70.132501263250802, -20.201841607999086 ], [ -70.132060864501895, -20.202851298748378 ], [ -70.131692199576591, -20.203684708242797 ], [ -70.131415164039083, -20.204307365289456 ], [ -70.131366909924907, -20.204415819318584 ], [ -70.131319384043735, -20.20453688241669 ], [ -70.131004713440205, -20.205221226526092 ], [ -70.131422748028044, -20.205210108581227 ], [ -70.131624991633643, -20.205205605764473 ], [ -70.132473470497672, -20.205171886183869 ], [ -70.133536271342464, -20.205129643397296 ], [ -70.135672833897544, -20.205056683603054 ], [ -70.135699825085894, -20.2050554009083 ], [ -70.136873370504873, -20.205016698981836 ], [ -70.138048533707931, -20.204978086115183 ], [ -70.138339342360396, -20.204977265779622 ], [ -70.138853686201998, -20.204975813700145 ], [ -70.14048746271267, -20.204962272010601 ], [ -70.141953713625384, -20.204951118025463 ] ] ] } },
{ "type": "Feature", "properties": { "zona": "7" }, "geometry": { "type": "Polygon", "coordinates": [ [ [ -70.153172738858601, -20.211927910796469 ], [ -70.153219748424718, -20.21194883308771 ], [ -70.153271831235017, -20.211979088170136 ], [ -70.153378052432132, -20.212025306174208 ], [ -70.153642126358847, -20.212182136114787 ], [ -70.153775161227088, -20.212273658685881 ], [ -70.153844995986347, -20.212354775242822 ], [ -70.153914804024396, -20.212435860644806 ], [ -70.153927228002217, -20.212454533450014 ], [ -70.154017501282226, -20.212590210871241 ], [ -70.154502105716361, -20.212328153723227 ], [ -70.154615161321445, -20.212023658834141 ], [ -70.157835161959611, -20.209690659389747 ], [ -70.15832216195723, -20.209829659478292 ], [ -70.15930916184476, -20.210646659662697 ], [ -70.16019716181961, -20.211003659825138 ], [ -70.160928161825652, -20.211164659957621 ], [ -70.161715161895742, -20.21102166009733 ], [ -70.162420162061068, -20.210383660217744 ], [ -70.163329162264489, -20.209609660373488 ], [ -70.164294162505811, -20.208661660537611 ], [ -70.163811163052983, -20.205813660424713 ], [ -70.162319162991309, -20.205730660156661 ], [ -70.161174162754449, -20.206609659959632 ], [ -70.157455163852902, -20.200173659234061 ], [ -70.157227163860824, -20.200074659192296 ], [ -70.155984163636845, -20.200864658976933 ], [ -70.158313162965271, -20.204813659430464 ], [ -70.157884162901141, -20.205020659355515 ], [ -70.15668416324786, -20.202982659121787 ], [ -70.155192163002312, -20.203814658862122 ], [ -70.15644316263274, -20.205979659106166 ], [ -70.154728162421719, -20.206581658804435 ], [ -70.154874162310946, -20.207170658836006 ], [ -70.154074162262944, -20.207200658692908 ], [ -70.154278162055476, -20.208285658739431 ], [ -70.154778162000881, -20.208687658832705 ], [ -70.155026161959398, -20.208958658879645 ], [ -70.156138162025599, -20.208919659078568 ], [ -70.156299161952589, -20.209324659111132 ], [ -70.155521161906336, -20.209351658971947 ], [ -70.154996161797357, -20.209756658881602 ], [ -70.154675161645969, -20.210425658830207 ], [ -70.154280161509988, -20.210998658764694 ], [ -70.153599161452775, -20.211105658643636 ], [ -70.152265161619908, -20.209926658393741 ], [ -70.152059161930467, -20.208328658342182 ], [ -70.151699162054754, -20.207616658271139 ], [ -70.14760016234743, -20.205092657513593 ], [ -70.14733916237175, -20.204903657465117 ], [ -70.146367337642516, -20.206317141393278 ], [ -70.146488215112683, -20.206343796672154 ], [ -70.146676177488388, -20.206385244984304 ], [ -70.146814452862102, -20.206434054379415 ], [ -70.146856465496867, -20.206448884260887 ], [ -70.147187751278764, -20.206664596290384 ], [ -70.147220202731759, -20.206689100631877 ], [ -70.147744539457591, -20.207085029362418 ], [ -70.147825859934784, -20.207136778644969 ], [ -70.1480759017319, -20.207295895343805 ], [ -70.148147342336785, -20.207341357187332 ], [ -70.148302905755159, -20.207421617749514 ], [ -70.148385633184986, -20.207464299607416 ], [ -70.148566131457827, -20.207521277233127 ], [ -70.148586560531612, -20.207527726034424 ], [ -70.14876100307778, -20.207576385422556 ], [ -70.149019846818035, -20.20762449264679 ], [ -70.149537205649693, -20.207675888144045 ], [ -70.149600603710539, -20.207679506366883 ], [ -70.150006906220568, -20.207702694114243 ], [ -70.150142430780903, -20.207733737468569 ], [ -70.150281685425412, -20.207765635115379 ], [ -70.150514300844492, -20.207833831796687 ], [ -70.150784683842687, -20.208016320567541 ], [ -70.150938221371689, -20.208274976117579 ], [ -70.151014367841796, -20.208403255161393 ], [ -70.151128769665007, -20.208895524617606 ], [ -70.151281766823743, -20.209515742855494 ], [ -70.151291893554188, -20.209556794286637 ], [ -70.151453150908353, -20.209964096492659 ], [ -70.151523449406, -20.210197695170095 ], [ -70.151601493616468, -20.210373289182723 ], [ -70.151609272179499, -20.210390790379986 ], [ -70.151679044975609, -20.210476004692094 ], [ -70.151722544212177, -20.210514475760483 ], [ -70.151871555061433, -20.210627480291098 ], [ -70.152213685698072, -20.210870169179259 ], [ -70.152276496955537, -20.210914723913938 ], [ -70.152338508889002, -20.210958367268653 ], [ -70.152445918385311, -20.211033960843586 ], [ -70.152637237662816, -20.211165481375328 ], [ -70.152843126337103, -20.211319556716131 ], [ -70.152947924993668, -20.211392339788315 ], [ -70.153173140033388, -20.211548752049136 ], [ -70.153206435247228, -20.211608273530512 ], [ -70.153201726355121, -20.211680615173901 ], [ -70.153178477155507, -20.211710871068501 ], [ -70.153114410827698, -20.211729225994777 ], [ -70.152944014299436, -20.211771140556966 ], [ -70.152807689949071, -20.211799835955613 ], [ -70.153007291255079, -20.211854357106475 ], [ -70.15311135157225, -20.211900589463667 ], [ -70.153172738858601, -20.211927910796469 ] ] ] } },
{ "type": "Feature", "properties": { "zona": "10" }, "geometry": { "type": "Polygon", "coordinates": [ [ [ -70.15020202193989, -20.214801192504297 ], [ -70.150182899251689, -20.213987902113857 ], [ -70.150181261271598, -20.21391823775641 ], [ -70.15018106371906, -20.213908953439006 ], [ -70.150168108976018, -20.213300117745469 ], [ -70.150160142001639, -20.21308535484842 ], [ -70.150159552712609, -20.212957927690933 ], [ -70.150159375849668, -20.212919682784754 ], [ -70.15015909287024, -20.212858490934522 ], [ -70.150158952008013, -20.212828030575185 ], [ -70.150158114436152, -20.212646910496012 ], [ -70.150157088496044, -20.212425052926335 ], [ -70.150154219695821, -20.211804657365906 ], [ -70.150144282894729, -20.211609227230714 ], [ -70.150141561195838, -20.211202049191495 ], [ -70.150136640292075, -20.211120489251979 ], [ -70.150134740957739, -20.211045793866198 ], [ -70.150137572099212, -20.210953219221498 ], [ -70.150134287397663, -20.210800255424008 ], [ -70.150019542707369, -20.210806871109639 ], [ -70.149833993504899, -20.210808340742137 ], [ -70.149792110502432, -20.210810689102427 ], [ -70.149602456607425, -20.21082132278174 ], [ -70.149535544800088, -20.210817130591643 ], [ -70.148295057147934, -20.210857115984719 ], [ -70.148025742624796, -20.210863114182761 ], [ -70.147788698377539, -20.210868393312541 ], [ -70.147472086761155, -20.210878159631449 ], [ -70.146992330159009, -20.210892957292593 ], [ -70.146154783247951, -20.21092990263357 ], [ -70.145935987663677, -20.210939553347036 ], [ -70.145906869459495, -20.210940837682553 ], [ -70.145728031717624, -20.210947761160774 ], [ -70.145669246658215, -20.210950036910557 ], [ -70.14546167540594, -20.210962044361388 ], [ -70.145420857540898, -20.210964405538494 ], [ -70.145210107763162, -20.21097230428397 ], [ -70.144597270558677, -20.210995271529573 ], [ -70.144632347390953, -20.211359658466325 ], [ -70.144667759850066, -20.211675194672015 ], [ -70.144675900063888, -20.211774985312182 ], [ -70.144679123040845, -20.211846357548175 ], [ -70.144740224123481, -20.212445152585683 ], [ -70.144750654911562, -20.212555026821285 ], [ -70.144848079273245, -20.213581250930179 ], [ -70.144860212019509, -20.213709050559007 ], [ -70.144910800650194, -20.214359365539881 ], [ -70.144917166638677, -20.214422576996149 ], [ -70.144968521044518, -20.214932501181799 ], [ -70.144978729158709, -20.215033862264722 ], [ -70.144983866874554, -20.215084876955462 ], [ -70.144991810394473, -20.215155122063344 ], [ -70.146253144930469, -20.215067387226735 ], [ -70.146331413173968, -20.21506357464094 ], [ -70.146919670243022, -20.215017544196499 ], [ -70.147106235186712, -20.215010070349368 ], [ -70.147157677149764, -20.21500730541225 ], [ -70.147214236373145, -20.215004265411721 ], [ -70.147227676276046, -20.215003338470932 ], [ -70.148528913191754, -20.214901332145693 ], [ -70.149271772419311, -20.214862346515503 ], [ -70.15020202193989, -20.214801192504297 ] ] ] } },
{ "type": "Feature", "properties": { "zona": "6" }, "geometry": { "type": "Polygon", "coordinates": [ [ [ -70.149535544800088, -20.210817130591643 ], [ -70.149532895851721, -20.210743762775799 ], [ -70.149528285222999, -20.210510419340132 ], [ -70.149520000174462, -20.210091109727017 ], [ -70.14951833657328, -20.210009919092375 ], [ -70.149516185199545, -20.2099049228427 ], [ -70.149461352951064, -20.209909265633357 ], [ -70.14939371410054, -20.209893772233603 ], [ -70.14936568156817, -20.20894974912969 ], [ -70.149124259184447, -20.208831808663714 ], [ -70.149031212593712, -20.20880452931311 ], [ -70.148921256453235, -20.20877337650667 ], [ -70.148685282404671, -20.208822727557727 ], [ -70.147816732871902, -20.208935972459795 ], [ -70.146897686625735, -20.209069462777396 ], [ -70.14691314876994, -20.209451825489193 ], [ -70.146992330159023, -20.210892957292604 ], [ -70.147788698377539, -20.210868393312548 ], [ -70.148025742624796, -20.210863114182771 ], [ -70.148295057147934, -20.210857115984719 ], [ -70.149535544800088, -20.210817130591643 ] ] ] } },
{ "type": "Feature", "properties": { "zona": "14" }, "geometry": { "type": "Polygon", "coordinates": [ [ [ -70.136900365154204, -20.211817765140996 ], [ -70.136767409848147, -20.211846564039899 ], [ -70.136623889821109, -20.211882294471614 ], [ -70.136603111845162, -20.211887467300077 ], [ -70.135819804534819, -20.212119622497791 ], [ -70.13585547410996, -20.212382336298084 ], [ -70.13586353241385, -20.212444745144577 ], [ -70.135900191380429, -20.212728655707842 ], [ -70.135980029609087, -20.213261996243268 ], [ -70.135997402059687, -20.213329611992535 ], [ -70.136052640927147, -20.213381046799828 ], [ -70.136111960808236, -20.213447894333431 ], [ -70.136133490394883, -20.213472155990022 ], [ -70.13613465866932, -20.213503995907786 ], [ -70.136138751692869, -20.213615546174132 ], [ -70.136170867192448, -20.213969914954607 ], [ -70.136197894991099, -20.214204796452815 ], [ -70.136177227544962, -20.214264690234465 ], [ -70.136101494346875, -20.214297052174533 ], [ -70.136067616646159, -20.214299376286462 ], [ -70.13578089960761, -20.21431904567212 ], [ -70.135591045953092, -20.214328241300588 ], [ -70.134422612527146, -20.214415472161804 ], [ -70.134423478816558, -20.214534986789165 ], [ -70.13443015294834, -20.21461478338167 ], [ -70.134460446336433, -20.214976972818654 ], [ -70.134517269963823, -20.215829183248751 ], [ -70.135723783190059, -20.215753657105008 ], [ -70.136904915186818, -20.215670319012382 ], [ -70.137124283387053, -20.215656946801474 ], [ -70.138153570065924, -20.215586535453888 ], [ -70.138773691036405, -20.215546659640321 ], [ -70.138993087772491, -20.215537268924596 ], [ -70.138924593952908, -20.214824576690702 ], [ -70.138882437025089, -20.214251153674439 ], [ -70.138835712438109, -20.213629952178142 ], [ -70.138822000236104, -20.213522501831235 ], [ -70.138810260704901, -20.213430509408969 ], [ -70.138806441035712, -20.213375049105451 ], [ -70.138754589321323, -20.212622174306954 ], [ -70.138746522311493, -20.212505042291564 ], [ -70.138742090876477, -20.212363646070422 ], [ -70.138736798318561, -20.212216272240905 ], [ -70.138699906783742, -20.211786238972792 ], [ -70.13840067946667, -20.211843954553178 ], [ -70.138281411852631, -20.211126137473588 ], [ -70.13807554598948, -20.211194088123932 ], [ -70.137725849254366, -20.211395248773439 ], [ -70.137584414386183, -20.211506584967374 ], [ -70.137533341297001, -20.211546789156106 ], [ -70.13746631059611, -20.211614951320605 ], [ -70.137449428206267, -20.211626900639065 ], [ -70.137369738568452, -20.211683304744245 ], [ -70.137315068300524, -20.21170659170971 ], [ -70.137213104043141, -20.211750023629687 ], [ -70.136900365154204, -20.211817765140996 ] ] ] } },
{ "type": "Feature", "properties": { "zona": "62" }, "geometry": { "type": "Polygon", "coordinates": [ [ [ -70.087740162034123, -20.271708429891614 ], [ -70.086819545745783, -20.273838362883055 ], [ -70.086650388421219, -20.27422971790849 ], [ -70.086294178833512, -20.275156228103466 ], [ -70.086161100920023, -20.275685184796156 ], [ -70.08605955107781, -20.275997794142512 ], [ -70.085893770607171, -20.276396443077171 ], [ -70.085979947030992, -20.276434916712656 ], [ -70.087673199832238, -20.277317522306653 ], [ -70.087993486972394, -20.277484468480413 ], [ -70.088906138264633, -20.277865797284662 ], [ -70.088936316890567, -20.277881088183396 ], [ -70.089430811273388, -20.278131637278786 ], [ -70.089544014644147, -20.277916150036777 ], [ -70.089697167881852, -20.277608320466626 ], [ -70.08998912153848, -20.277030678880372 ], [ -70.090075637528102, -20.276861185839095 ], [ -70.090246829907812, -20.276520487061227 ], [ -70.090647822671457, -20.275682274085611 ], [ -70.090680109939356, -20.275614782166233 ], [ -70.090894060308031, -20.275276760165923 ], [ -70.091007986913112, -20.275096765880555 ], [ -70.09114705076567, -20.274877056258308 ], [ -70.091249778141375, -20.274674705203108 ], [ -70.09197316811904, -20.273351317011794 ], [ -70.091994675594904, -20.273294384791289 ], [ -70.092349709200604, -20.272628033610992 ], [ -70.092362169907247, -20.27260464858956 ], [ -70.092685139172374, -20.271998529197457 ], [ -70.093051717810084, -20.271310561562355 ], [ -70.093068196168971, -20.271270126178194 ], [ -70.093254387556115, -20.270813239387802 ], [ -70.093262651782013, -20.270773938786633 ], [ -70.09331710159698, -20.270517966299387 ], [ -70.093263097180028, -20.270421847493719 ], [ -70.093117858894558, -20.270160832396623 ], [ -70.092833587546664, -20.269784821438424 ], [ -70.092703584014927, -20.269624732402246 ], [ -70.092305949235211, -20.269240423633946 ], [ -70.09211941066286, -20.269105960952512 ], [ -70.091836778392263, -20.268907799846275 ], [ -70.091697986744506, -20.268829709970561 ], [ -70.091509400523208, -20.268729553194763 ], [ -70.091435239627629, -20.268690189598772 ], [ -70.09141728927257, -20.268680661786231 ], [ -70.091072172186756, -20.268530462406272 ], [ -70.090936468579045, -20.268486638677395 ], [ -70.090426620526756, -20.268321994556732 ], [ -70.089357353192639, -20.267977152898997 ], [ -70.089322377447388, -20.267965630961996 ], [ -70.088962360130154, -20.268877279160108 ], [ -70.08866571728899, -20.26956701017604 ], [ -70.087740162034123, -20.271708429891614 ] ] ] } },
{ "type": "Feature", "properties": { "zona": "65" }, "geometry": { "type": "Polygon", "coordinates": [ [ [ -70.089430811273388, -20.278131637278779 ], [ -70.088936316890567, -20.277881088183396 ], [ -70.088906138264633, -20.277865797284662 ], [ -70.087993486972394, -20.277484468480413 ], [ -70.087673199832238, -20.277317522306653 ], [ -70.085979947030992, -20.276434916712656 ], [ -70.085893770607171, -20.276396443077171 ], [ -70.085848306933087, -20.276384490363419 ], [ -70.08518484980857, -20.276305871926319 ], [ -70.084565394177972, -20.276177910089725 ], [ -70.084085685270566, -20.276087464053344 ], [ -70.084052713921437, -20.276074951026612 ], [ -70.082073601574166, -20.275323838564223 ], [ -70.081477777435126, -20.274755651804689 ], [ -70.081344856094631, -20.274604010953436 ], [ -70.080357747855885, -20.274579057825878 ], [ -70.080077799374479, -20.274703621214826 ], [ -70.079759843740064, -20.274970206202745 ], [ -70.078812241250262, -20.278392614221129 ], [ -70.077853261898156, -20.282535203916478 ], [ -70.077918843895048, -20.285748889937043 ], [ -70.08429860048507, -20.28836466879287 ], [ -70.084927899965137, -20.287419724126252 ], [ -70.084949275247581, -20.287381200002834 ], [ -70.085182426825014, -20.286960995549705 ], [ -70.085682673472689, -20.286096100569857 ], [ -70.086170476028542, -20.285252710473355 ], [ -70.086680937893803, -20.284539500136251 ], [ -70.087383247487764, -20.283251226529096 ], [ -70.087570723975787, -20.282960565952784 ], [ -70.087597410487703, -20.282919191507204 ], [ -70.088234119039484, -20.281585668645238 ], [ -70.088652625903237, -20.280709134570078 ], [ -70.088712269916726, -20.280608469591247 ], [ -70.089068398665901, -20.280045442597004 ], [ -70.089393413630035, -20.279531601383628 ], [ -70.08941219477046, -20.279503940381964 ], [ -70.089589409985535, -20.279313062672237 ], [ -70.089811684432533, -20.279073650979303 ], [ -70.090036018188016, -20.27873612310772 ], [ -70.089729497639098, -20.278904822388945 ], [ -70.089457807792556, -20.278748450757959 ], [ -70.089216362799888, -20.278623356950288 ], [ -70.089430811273388, -20.278131637278779 ] ] ] } },
{ "type": "Feature", "properties": { "zona": "64" }, "geometry": { "type": "Polygon", "coordinates": [ [ [ -70.093316477387816, -20.270517970193904 ], [ -70.093262651782013, -20.270773938786633 ], [ -70.093254387556115, -20.270813239387802 ], [ -70.093068196168971, -20.271270126178194 ], [ -70.093051717810084, -20.271310561562355 ], [ -70.092685139172374, -20.271998529197457 ], [ -70.092362169907247, -20.27260464858956 ], [ -70.092349709200604, -20.272628033610992 ], [ -70.091994675594904, -20.273294384791289 ], [ -70.09197316811904, -20.273351317011794 ], [ -70.091249778141375, -20.274674705203108 ], [ -70.09114705076567, -20.274877056258308 ], [ -70.091007986913112, -20.275096765880555 ], [ -70.090894060308031, -20.275276760165923 ], [ -70.090680109939356, -20.275614782166233 ], [ -70.090647822671457, -20.275682274085611 ], [ -70.090246829907812, -20.276520487061227 ], [ -70.090075637528102, -20.276861185839095 ], [ -70.08998912153848, -20.277030678880372 ], [ -70.089697167881852, -20.277608320466626 ], [ -70.089544014644147, -20.277916150036777 ], [ -70.089430678434866, -20.278131890141964 ], [ -70.089216362799888, -20.278623356950298 ], [ -70.08945780779257, -20.278748450757959 ], [ -70.089729497639112, -20.278904822388945 ], [ -70.089750446083713, -20.278916879276512 ], [ -70.09003601818803, -20.27873612310772 ], [ -70.090487238803604, -20.277964192593537 ], [ -70.090653984244398, -20.277671933646431 ], [ -70.092235493939143, -20.274899813714232 ], [ -70.092293629072842, -20.274797910566637 ], [ -70.092349799467613, -20.274708596408974 ], [ -70.092502410956342, -20.274465934782889 ], [ -70.092656679229236, -20.274180210876789 ], [ -70.093127291173417, -20.273308572423179 ], [ -70.093531889164012, -20.272559192550588 ], [ -70.093773905629391, -20.272090680349685 ], [ -70.093792050885824, -20.272055553387272 ], [ -70.093819709259733, -20.271975494814722 ], [ -70.093846491379381, -20.271902426269648 ], [ -70.093837770312902, -20.271885265242233 ], [ -70.093800069816595, -20.27181107939569 ], [ -70.093691692746589, -20.271597817952237 ], [ -70.093459840085103, -20.270859409197879 ], [ -70.093374902045269, -20.270621956126199 ], [ -70.093316477387816, -20.270517970193904 ] ] ] } },
{ "type": "Feature", "properties": { "zona": "68" }, "geometry": { "type": "Polygon", "coordinates": [ [ [ -70.103014987256614, -20.287897183768482 ], [ -70.102369316284324, -20.288112198128431 ], [ -70.102307923150406, -20.288132642452794 ], [ -70.102102529839371, -20.28824335934415 ], [ -70.100734716692202, -20.289050352967656 ], [ -70.100665283322769, -20.289091317338972 ], [ -70.100421059285139, -20.289177959954127 ], [ -70.100305432831732, -20.289227319500981 ], [ -70.100138349971672, -20.289289160509398 ], [ -70.096436968296089, -20.290507339196946 ], [ -70.096410008359982, -20.290516211753008 ], [ -70.095856438106722, -20.290592626741311 ], [ -70.095611645407089, -20.29061727136828 ], [ -70.09547012458431, -20.290631518888691 ], [ -70.091427087147707, -20.291094464946269 ], [ -70.092261860518633, -20.294528603190855 ], [ -70.096869156826813, -20.294759843973118 ], [ -70.101634316601007, -20.296464762111697 ], [ -70.106882518453105, -20.29845924148772 ], [ -70.110478507496623, -20.302066493373854 ], [ -70.113417771763636, -20.301066730407229 ], [ -70.112082637383907, -20.298162137793334 ], [ -70.111816758141273, -20.297020957240527 ], [ -70.108908802258739, -20.290401025213797 ], [ -70.107567764668289, -20.288464199388571 ], [ -70.106640729748733, -20.286755751962712 ], [ -70.106378931686507, -20.286831034972998 ], [ -70.105200135846076, -20.287248943592385 ], [ -70.105123883923483, -20.287275976202682 ], [ -70.103979756778898, -20.287660097823462 ], [ -70.103529542874156, -20.287772359601089 ], [ -70.103333346266098, -20.287804484358539 ], [ -70.103297863890987, -20.287810294132012 ], [ -70.103014987256614, -20.287897183768482 ] ] ] } },
{ "type": "Feature", "properties": { "zona": "53" }, "geometry": { "type": "Polygon", "coordinates": [ [ [ -70.100874505592941, -20.264790624329763 ], [ -70.101006332893718, -20.264873138131499 ], [ -70.101316730777029, -20.265097286511875 ], [ -70.101553857727964, -20.265268522745007 ], [ -70.101747032036954, -20.265419662932626 ], [ -70.102841208471247, -20.266275740150672 ], [ -70.102941223113618, -20.266379673130086 ], [ -70.103911300501338, -20.267467289829547 ], [ -70.103933366320305, -20.267491178731674 ], [ -70.10490433704058, -20.268542360864593 ], [ -70.105215434943915, -20.268879154102983 ], [ -70.105285355739753, -20.268954849764857 ], [ -70.105632831314111, -20.269327183400836 ], [ -70.105945765871041, -20.269662502789316 ], [ -70.106024767927266, -20.26972710454746 ], [ -70.106840282944304, -20.270393964126651 ], [ -70.107197140254144, -20.269981335579207 ], [ -70.107477294646017, -20.26969761918096 ], [ -70.107652821858679, -20.269498233805106 ], [ -70.107718505557031, -20.269403898415217 ], [ -70.107743936424313, -20.269265258514295 ], [ -70.108030218142943, -20.268943158623724 ], [ -70.108048299196071, -20.268922815298929 ], [ -70.108382693328878, -20.268525083815177 ], [ -70.108637317800557, -20.26822222937561 ], [ -70.108758745989263, -20.268096967900028 ], [ -70.108899138170401, -20.26777810372732 ], [ -70.108901338781152, -20.267756047075157 ], [ -70.10894664117987, -20.267301981523225 ], [ -70.10894885998438, -20.267223333292641 ], [ -70.10897250808317, -20.266385097214513 ], [ -70.108973677383332, -20.266345849379064 ], [ -70.108998654109115, -20.265507499088681 ], [ -70.109024798254822, -20.265368338761778 ], [ -70.109029855710773, -20.265341418858036 ], [ -70.109088516974808, -20.265197119744155 ], [ -70.109099566194118, -20.265171324464085 ], [ -70.109282455049794, -20.264744354641451 ], [ -70.109010558539396, -20.264550859421025 ], [ -70.108371640072221, -20.263972380972152 ], [ -70.107753954698282, -20.263342426608801 ], [ -70.10657307261927, -20.263034570705262 ], [ -70.103912439991504, -20.261459584785932 ], [ -70.103729670965379, -20.26129874840063 ], [ -70.102724059255166, -20.260388354325404 ], [ -70.101373991582761, -20.26143350141988 ], [ -70.101357198941059, -20.261446501196531 ], [ -70.101026773140745, -20.26169432007682 ], [ -70.100676870649238, -20.26195674494652 ], [ -70.099661590966505, -20.262772273678653 ], [ -70.099341986544331, -20.263027025713548 ], [ -70.098896157934021, -20.2633823869065 ], [ -70.098624136088659, -20.263578247206997 ], [ -70.09864484753669, -20.263589592785316 ], [ -70.099150049194961, -20.263866337221497 ], [ -70.100121207696617, -20.264376171988541 ], [ -70.100298419338287, -20.264466158682456 ], [ -70.100590993101221, -20.264614724730073 ], [ -70.100874505592941, -20.264790624329763 ] ] ] } },
{ "type": "Feature", "properties": { "zona": "52" }, "geometry": { "type": "Polygon", "coordinates": [ [ [ -70.099055363218397, -20.279223495867036 ], [ -70.099253594205621, -20.279260304171732 ], [ -70.099393090734537, -20.279283332834936 ], [ -70.099413877253781, -20.279288455440312 ], [ -70.099566504234019, -20.27932606856697 ], [ -70.099668030372911, -20.279353319359849 ], [ -70.099705559252655, -20.27936288533644 ], [ -70.099771011800684, -20.279379568933361 ], [ -70.099875340719848, -20.279406161905555 ], [ -70.100070367302479, -20.279447668915687 ], [ -70.100302121639956, -20.279496992285594 ], [ -70.100430241416134, -20.279524259370159 ], [ -70.10059786503993, -20.279553012693324 ], [ -70.100751079082357, -20.279579294117532 ], [ -70.100886160025354, -20.279602464978257 ], [ -70.1011139902037, -20.279641545154274 ], [ -70.101919216098693, -20.279812266978361 ], [ -70.10217217059926, -20.279865896858965 ], [ -70.103008638110623, -20.279993312283697 ], [ -70.104031277630696, -20.280149080715915 ], [ -70.104779421171372, -20.280263033913805 ], [ -70.105719066457141, -20.2805662727692 ], [ -70.10634735510537, -20.280616169163054 ], [ -70.106785547984643, -20.280599109671176 ], [ -70.107124826879073, -20.280503838497673 ], [ -70.107397575861555, -20.280305512771591 ], [ -70.107648172140571, -20.280076284368526 ], [ -70.10785409618147, -20.279733516191357 ], [ -70.107993931009972, -20.279349776024951 ], [ -70.108007899163724, -20.279004486205633 ], [ -70.107765130850211, -20.278628437065478 ], [ -70.108796270201481, -20.277323022910455 ], [ -70.10915931777437, -20.276683106032038 ], [ -70.109300071628397, -20.276141770003257 ], [ -70.109641663790754, -20.274659475617046 ], [ -70.109919981617153, -20.273283305084608 ], [ -70.109993453065272, -20.272361533350225 ], [ -70.109733182955935, -20.269523745306174 ], [ -70.109781413707253, -20.267303241514476 ], [ -70.109816110341171, -20.265430201013142 ], [ -70.109556175325011, -20.264888124451822 ], [ -70.109282455049794, -20.264744354641451 ], [ -70.109099566194118, -20.265171324464085 ], [ -70.109088516974808, -20.265197119744155 ], [ -70.109029855710773, -20.265341418858036 ], [ -70.109024798254822, -20.265368338761778 ], [ -70.108998654109115, -20.265507499088681 ], [ -70.108973677383332, -20.266345849379064 ], [ -70.10897250808317, -20.266385097214513 ], [ -70.10894885998438, -20.267223333292641 ], [ -70.10894664117987, -20.267301981523225 ], [ -70.108901338781152, -20.267756047075157 ], [ -70.108899138170401, -20.26777810372732 ], [ -70.108758745989263, -20.268096967900028 ], [ -70.108637317800557, -20.26822222937561 ], [ -70.108382693328878, -20.268525083815177 ], [ -70.108048299196071, -20.268922815298929 ], [ -70.108030218142943, -20.268943158623724 ], [ -70.107743936424313, -20.269265258514295 ], [ -70.107723812524327, -20.269372558132261 ], [ -70.107707632354305, -20.269430056092602 ], [ -70.107488316026974, -20.269692331738689 ], [ -70.107197140254144, -20.269981335579207 ], [ -70.106840282944304, -20.270393964126651 ], [ -70.106825447157576, -20.270411325610237 ], [ -70.106507939586336, -20.270782885605254 ], [ -70.106485857550311, -20.270808726798084 ], [ -70.10629286920144, -20.270993289462375 ], [ -70.106258088252076, -20.271013281452436 ], [ -70.10610281604518, -20.271102531328452 ], [ -70.105956238924193, -20.271140132671501 ], [ -70.105263494021997, -20.271269262710351 ], [ -70.104578278624942, -20.271396986343859 ], [ -70.104554060562862, -20.271402096585106 ], [ -70.103830879550358, -20.271554692971279 ], [ -70.102889715066269, -20.271913728279763 ], [ -70.102871858034277, -20.271872404039819 ], [ -70.102230296302622, -20.272130233882823 ], [ -70.101754020486965, -20.272323484369963 ], [ -70.100697641120149, -20.272752107562138 ], [ -70.097328629178193, -20.274110690103189 ], [ -70.097014267240411, -20.274235989539982 ], [ -70.095428640153841, -20.274874578805001 ], [ -70.09554504300408, -20.275130981635549 ], [ -70.095710577209687, -20.275495605365926 ], [ -70.09576472477687, -20.275606771084835 ], [ -70.095973439788224, -20.27603526419842 ], [ -70.096227785391306, -20.276573278387605 ], [ -70.09629098718834, -20.276706967711316 ], [ -70.097008334928901, -20.278198694420254 ], [ -70.097340652791587, -20.278622903003576 ], [ -70.097421404277739, -20.278698093482912 ], [ -70.097743597849075, -20.278883323578889 ], [ -70.09788927207174, -20.27893617695759 ], [ -70.097959483483521, -20.278961650936083 ], [ -70.098145758821289, -20.27903219560924 ], [ -70.09816655550901, -20.279037289092706 ], [ -70.098336088047446, -20.279078810559373 ], [ -70.098361383368001, -20.279082986567122 ], [ -70.098571185777715, -20.279117622723422 ], [ -70.098708078173559, -20.279140222063422 ], [ -70.098816273766516, -20.27916672068892 ], [ -70.099025294058038, -20.279217912486466 ], [ -70.099055363218397, -20.279223495867036 ] ] ] } },
{ "type": "Feature", "properties": { "zona": "3" }, "geometry": { "type": "Polygon", "coordinates": [ [ [ -70.130077291305227, -20.208313358240339 ], [ -70.130107754362399, -20.208325322059569 ], [ -70.13048558295489, -20.208526900549469 ], [ -70.131035891142005, -20.208687944299648 ], [ -70.131064004784278, -20.208696171499678 ], [ -70.131119096479793, -20.208727688900755 ], [ -70.131150478391504, -20.208768050718284 ], [ -70.131250673422741, -20.208896916282256 ], [ -70.131442084868596, -20.209128531751773 ], [ -70.131465578561048, -20.20915695999042 ], [ -70.13168396342904, -20.209473581552018 ], [ -70.13170676745483, -20.209488044938169 ], [ -70.131883469004464, -20.209600117178329 ], [ -70.132042852284485, -20.209651242500417 ], [ -70.13236611362052, -20.209659162541193 ], [ -70.132445173860532, -20.209661099460057 ], [ -70.132959502636538, -20.209657783121695 ], [ -70.13371780769593, -20.209652890903048 ], [ -70.133889907431808, -20.209633510990439 ], [ -70.13427518540405, -20.209590124747088 ], [ -70.134304218691611, -20.209586855266714 ], [ -70.134341451040328, -20.209581253201122 ], [ -70.13499586147195, -20.209482787745124 ], [ -70.135385838230761, -20.209440220785069 ], [ -70.136511338849928, -20.20931736455778 ], [ -70.136603744332589, -20.2093292167398 ], [ -70.136627684884161, -20.209320001611854 ], [ -70.138728618761604, -20.208511299549446 ], [ -70.138768270921432, -20.208496036123307 ], [ -70.139376690176846, -20.208288332696164 ], [ -70.139488116868392, -20.208250293337315 ], [ -70.139556535931447, -20.208226936077875 ], [ -70.139912036024427, -20.208242987034605 ], [ -70.139974768822498, -20.208245819367743 ], [ -70.14067131002318, -20.208275726560029 ], [ -70.141694587569532, -20.208317668142911 ], [ -70.141720100217015, -20.208318713765781 ], [ -70.142083388382886, -20.208288678590197 ], [ -70.142128693783974, -20.208284932872179 ], [ -70.142517232937919, -20.20821393144341 ], [ -70.142925689634282, -20.208161474597997 ], [ -70.142963192738165, -20.208153047180428 ], [ -70.143096857610729, -20.208123010936283 ], [ -70.143148776067392, -20.208112856763687 ], [ -70.143306065138589, -20.208082094185038 ], [ -70.143360248727717, -20.208071496929765 ], [ -70.143387041064841, -20.208073983107347 ], [ -70.14361099754872, -20.208094764840496 ], [ -70.143808014627353, -20.208180718948601 ], [ -70.143847554211618, -20.208197969138613 ], [ -70.143988303475112, -20.208291508328312 ], [ -70.143914770256444, -20.208155037143158 ], [ -70.143880982272591, -20.208043207140005 ], [ -70.143745285183144, -20.207521190567174 ], [ -70.143647581821355, -20.207274061408651 ], [ -70.143606018427207, -20.207168931419602 ], [ -70.143522100532024, -20.206956669926807 ], [ -70.143489991068648, -20.206875452239046 ], [ -70.143196272647572, -20.206385588492882 ], [ -70.142954366256689, -20.206091535552623 ], [ -70.142870268751736, -20.205989309216893 ], [ -70.142752269098125, -20.20585616457284 ], [ -70.142648193398429, -20.205743815340291 ], [ -70.141953713625384, -20.204951118025463 ], [ -70.14048746271267, -20.204962272010601 ], [ -70.138853686201998, -20.204975813700145 ], [ -70.138339342360396, -20.204977265779622 ], [ -70.138048533707931, -20.204978086115183 ], [ -70.136873370504873, -20.205016698981836 ], [ -70.135699825085894, -20.2050554009083 ], [ -70.135672833897544, -20.205056683603054 ], [ -70.133536271342464, -20.205129643397296 ], [ -70.132473470497672, -20.205171886183869 ], [ -70.131624991633643, -20.205205605764473 ], [ -70.131422748028044, -20.205210108581227 ], [ -70.131004713440205, -20.205221226526092 ], [ -70.130035008383146, -20.204771974974271 ], [ -70.129925129583512, -20.204722241721299 ], [ -70.129484310570504, -20.204522717545938 ], [ -70.129277514785528, -20.20441722991222 ], [ -70.129159797889898, -20.204664116741888 ], [ -70.129092287821948, -20.20482934729073 ], [ -70.129080432450777, -20.204858363215244 ], [ -70.128813707916763, -20.205892279856617 ], [ -70.129123707768755, -20.206625279927302 ], [ -70.129424707636844, -20.207285279995457 ], [ -70.129546707604973, -20.207458280022109 ], [ -70.129679529780418, -20.208157143870984 ], [ -70.130077291305227, -20.208313358240339 ] ] ] } },
{ "type": "Feature", "properties": { "zona": "67" }, "geometry": { "type": "Polygon", "coordinates": [ [ [ -70.104031277630696, -20.280149080715915 ], [ -70.103008638110623, -20.279993312283697 ], [ -70.102580478505033, -20.279930215740297 ], [ -70.102170740623578, -20.279863908990379 ], [ -70.101919216098693, -20.279812266978361 ], [ -70.101506073144733, -20.279724056866197 ], [ -70.1011139902037, -20.279641545154274 ], [ -70.100977792748324, -20.279619172379299 ], [ -70.100886160025354, -20.279602464978257 ], [ -70.100751079082357, -20.279579294117532 ], [ -70.10072057172853, -20.279641184412185 ], [ -70.100613149617544, -20.279907053766792 ], [ -70.100200904795969, -20.279847028140395 ], [ -70.099560063731744, -20.280029689886764 ], [ -70.098865905747786, -20.280211679352998 ], [ -70.098398250568394, -20.280361403963891 ], [ -70.096221266808612, -20.281058367732275 ], [ -70.096130598395291, -20.281088482036726 ], [ -70.095792601973486, -20.281200742532143 ], [ -70.094601898089749, -20.281595402356469 ], [ -70.094329424055957, -20.281685712709105 ], [ -70.093688211920608, -20.281951638439836 ], [ -70.093491312032214, -20.282174524416575 ], [ -70.093463300471143, -20.282206232767862 ], [ -70.09321165018855, -20.282770526615369 ], [ -70.092633760819169, -20.284093277567482 ], [ -70.092415925491139, -20.284591882410407 ], [ -70.091590629638219, -20.286321340309051 ], [ -70.091044263665466, -20.286895902333917 ], [ -70.091028346052497, -20.28691264131314 ], [ -70.090331383007481, -20.287610018176029 ], [ -70.089636615576609, -20.288027045681932 ], [ -70.089238975647987, -20.288236629797453 ], [ -70.088870791917316, -20.28841319610078 ], [ -70.090535335239267, -20.290723115324443 ], [ -70.091427087147707, -20.291094464946269 ], [ -70.09547012458431, -20.290631518888691 ], [ -70.095611645407089, -20.290617271368273 ], [ -70.095856438106722, -20.290592626741301 ], [ -70.096410008359982, -20.290516211752994 ], [ -70.096436968296075, -20.290507339196946 ], [ -70.100138349971658, -20.289289160509398 ], [ -70.100305432831746, -20.289227319500966 ], [ -70.100421059285139, -20.289177959954127 ], [ -70.100665283322755, -20.289091317338972 ], [ -70.100734716692202, -20.289050352967656 ], [ -70.102102529839371, -20.28824335934414 ], [ -70.102307923150406, -20.28813264245278 ], [ -70.102369316284324, -20.28811219812841 ], [ -70.103014987256614, -20.287897183768482 ], [ -70.103297863890973, -20.287810294131994 ], [ -70.103333346266083, -20.287804484358539 ], [ -70.103529542874156, -20.287772359601089 ], [ -70.103979756778884, -20.287660097823455 ], [ -70.105123883923483, -20.287275976202675 ], [ -70.105200135846076, -20.287248943592374 ], [ -70.106069827368614, -20.286942062868544 ], [ -70.106400844895802, -20.286824119421375 ], [ -70.106640729748733, -20.286755751962712 ], [ -70.105729218293533, -20.285883367190252 ], [ -70.105068252889822, -20.285174623457486 ], [ -70.104845068674621, -20.284298970483253 ], [ -70.103924519928441, -20.281678597347927 ], [ -70.104031277630696, -20.280149080715915 ] ] ] } },
{ "type": "Feature", "properties": { "zona": "59" }, "geometry": { "type": "Polygon", "coordinates": [ [ [ -70.087555361988478, -20.245588553180443 ], [ -70.089986996276252, -20.245841202923046 ], [ -70.092745728375348, -20.246126704135428 ], [ -70.093078961033271, -20.246153568296904 ], [ -70.093457948150018, -20.246184120253812 ], [ -70.093466960060738, -20.246185104107866 ], [ -70.093473949002473, -20.246185418087354 ], [ -70.094030984288125, -20.246230313841963 ], [ -70.094185968877866, -20.246245778703454 ], [ -70.094355129328534, -20.246256442976552 ], [ -70.095633559678888, -20.246359490517936 ], [ -70.09625051251453, -20.246409216441602 ], [ -70.096340842102151, -20.246416496751245 ], [ -70.096938861005242, -20.246479904666174 ], [ -70.097188777896818, -20.246506402718982 ], [ -70.09764879158152, -20.246539485864364 ], [ -70.098305607401898, -20.246586720451155 ], [ -70.098230328078273, -20.247524543197439 ], [ -70.09822152369567, -20.247634226864641 ], [ -70.098082713156955, -20.248683644040796 ], [ -70.098038092174704, -20.249098939621923 ], [ -70.097972943631305, -20.249705285888023 ], [ -70.097869920466238, -20.251044546844202 ], [ -70.097853519756569, -20.251299248943294 ], [ -70.099557343971853, -20.251422362483325 ], [ -70.101325527986504, -20.251550108701224 ], [ -70.102603561559292, -20.251745794395315 ], [ -70.102629339645276, -20.251754601404954 ], [ -70.10345672306137, -20.252037272005882 ], [ -70.104931044289629, -20.252745977909598 ], [ -70.10502240444454, -20.252789894082479 ], [ -70.105164997249773, -20.25285242359066 ], [ -70.105420629284538, -20.252964522407989 ], [ -70.105759518336754, -20.253113129944744 ], [ -70.105903007198492, -20.253171157268994 ], [ -70.106358333671125, -20.2532622083048 ], [ -70.106538710531197, -20.253292892107812 ], [ -70.10668558412128, -20.253317876541704 ], [ -70.106711002789808, -20.253322200457724 ], [ -70.107377554282166, -20.25338783799911 ], [ -70.10772776144583, -20.253470875362986 ], [ -70.10834249944466, -20.253785293493372 ], [ -70.108846928605331, -20.254043190465971 ], [ -70.109200582097444, -20.254223999709097 ], [ -70.109553909183276, -20.254408650033817 ], [ -70.109695454572616, -20.254482952087777 ], [ -70.11026225500683, -20.254781424685376 ], [ -70.110927084214438, -20.25506206049824 ], [ -70.111453819205067, -20.255040306225386 ], [ -70.111943764331528, -20.25478489701662 ], [ -70.112159770220401, -20.25451741197644 ], [ -70.112267087122007, -20.254241714950652 ], [ -70.11231087650394, -20.253814179659098 ], [ -70.112797484650258, -20.251106217243816 ], [ -70.112214934239447, -20.247938393955348 ], [ -70.110892910716402, -20.245281406530832 ], [ -70.109361897507611, -20.243651420462232 ], [ -70.106203891126967, -20.242441448260571 ], [ -70.099849895227607, -20.241755503430973 ], [ -70.089401907736217, -20.241226593890829 ], [ -70.088861929367326, -20.243363597644198 ], [ -70.087555361988478, -20.245588553180443 ] ] ] } },
{ "type": "Feature", "properties": { "zona": "48" }, "geometry": { "type": "Polygon", "coordinates": [ [ [ -70.131086138057896, -20.213555245418235 ], [ -70.13096697213976, -20.213374026947321 ], [ -70.130950999429146, -20.213357328059953 ], [ -70.130808664248107, -20.213208521579745 ], [ -70.13072457672439, -20.213120610803806 ], [ -70.130657969901989, -20.213073205335629 ], [ -70.13058034072418, -20.213017954956292 ], [ -70.130419425416036, -20.212943294412202 ], [ -70.13037707930684, -20.212923646874774 ], [ -70.129977178577391, -20.212769940962609 ], [ -70.129943801713651, -20.212757112169662 ], [ -70.129733390951131, -20.212621019152596 ], [ -70.129482558251425, -20.212367655408503 ], [ -70.129350064559631, -20.212137434532941 ], [ -70.12927662531763, -20.211902849871525 ], [ -70.129255096884975, -20.211633034166606 ], [ -70.129226121435309, -20.211435561049122 ], [ -70.129207081722214, -20.211196000674967 ], [ -70.129176764958515, -20.210814548805253 ], [ -70.129112960138897, -20.210264234994277 ], [ -70.129111226600813, -20.21023931124568 ], [ -70.129079581205886, -20.209784331196033 ], [ -70.12903649439221, -20.209350133422905 ], [ -70.129029828055323, -20.209282954620448 ], [ -70.129032381790083, -20.209051865314134 ], [ -70.129111038826977, -20.208870331256747 ], [ -70.129161894727318, -20.208752959737531 ], [ -70.129248066164976, -20.208665331003782 ], [ -70.129560594639543, -20.208347516032106 ], [ -70.129679529780418, -20.208157143870984 ], [ -70.129546707604973, -20.207458280022109 ], [ -70.129424707636844, -20.207285279995457 ], [ -70.129123707768755, -20.206625279927302 ], [ -70.128813707916763, -20.205892279856617 ], [ -70.129080432450777, -20.204858363215244 ], [ -70.129092287821948, -20.20482934729073 ], [ -70.129159797889898, -20.204664116741888 ], [ -70.129277514785528, -20.20441722991222 ], [ -70.129387247209465, -20.204210159967243 ], [ -70.129467928508518, -20.204044684885364 ], [ -70.12949680486831, -20.2039798617194 ], [ -70.129833233000596, -20.20322462615437 ], [ -70.130023467976613, -20.202793861651195 ], [ -70.130585234933079, -20.201692666958717 ], [ -70.130964732613293, -20.200876165311094 ], [ -70.128757708941933, -20.201399279799663 ], [ -70.125704708001933, -20.204652279209579 ], [ -70.125438707730552, -20.205763279166515 ], [ -70.125338707517599, -20.206665279155221 ], [ -70.125548707073875, -20.208661279218251 ], [ -70.126745706513546, -20.211441279490685 ], [ -70.127621706376686, -20.212283279678047 ], [ -70.12887070620414, -20.213385279944191 ], [ -70.129842137799045, -20.214489245210665 ], [ -70.130501137867554, -20.214347245323609 ], [ -70.1312379614143, -20.214290855245935 ], [ -70.131086138057896, -20.213555245418235 ] ] ] } },
{ "type": "Feature", "properties": { "zona": "1" }, "geometry": { "type": "Polygon", "coordinates": [ [ [ -70.131004713440205, -20.205221226526092 ], [ -70.131319384043735, -20.20453688241669 ], [ -70.131366909924907, -20.204415819318584 ], [ -70.131415164039083, -20.204307365289456 ], [ -70.131692199576591, -20.203684708242797 ], [ -70.132060864501895, -20.202851298748378 ], [ -70.132501263250802, -20.201841607999086 ], [ -70.132829666695557, -20.201121476158171 ], [ -70.133536542981147, -20.201109221981515 ], [ -70.133992386490604, -20.201084390582547 ], [ -70.134063428351283, -20.201080520575655 ], [ -70.13572102890106, -20.201012177636184 ], [ -70.138044490198638, -20.200963809302262 ], [ -70.138226090282203, -20.200982553211041 ], [ -70.138252006044922, -20.200990522452052 ], [ -70.138429108388763, -20.20104498228055 ], [ -70.138840581610282, -20.201337132816313 ], [ -70.1389604267343, -20.201483318336717 ], [ -70.139166737915573, -20.201734973156665 ], [ -70.13929782317696, -20.201900681720936 ], [ -70.139346347744691, -20.201962022871982 ], [ -70.139699654085391, -20.20240864453913 ], [ -70.139713968176338, -20.202426840149656 ], [ -70.139922492842388, -20.202691909334852 ], [ -70.139966594371131, -20.202747969485586 ], [ -70.140148321857012, -20.202975457291132 ], [ -70.14016371906996, -20.202994731594849 ], [ -70.140451213162706, -20.203307812749614 ], [ -70.140529672702357, -20.203400318883972 ], [ -70.140560116204412, -20.203433494189476 ], [ -70.140929382697834, -20.203835894668252 ], [ -70.141061107718187, -20.203979438550121 ], [ -70.14114824613479, -20.204076783556481 ], [ -70.141179584111541, -20.204110642068308 ], [ -70.141289372544861, -20.204229260694412 ], [ -70.141349648896622, -20.204294947686389 ], [ -70.14173891898632, -20.204719158270521 ], [ -70.141953713625384, -20.204951118025463 ], [ -70.142648193398429, -20.205743815340291 ], [ -70.142752269098125, -20.20585616457284 ], [ -70.1428809983787, -20.205902548382554 ], [ -70.142993624293382, -20.205926101313825 ], [ -70.143080951627852, -20.205944363616023 ], [ -70.143252026264364, -20.20589345049828 ], [ -70.143448657649756, -20.205730320848858 ], [ -70.143743740358133, -20.205504300112452 ], [ -70.14384246484353, -20.205478757413552 ], [ -70.144164694711222, -20.2053583843018 ], [ -70.144322990225675, -20.205363578408889 ], [ -70.144461707825087, -20.205024358097788 ], [ -70.141334491656096, -20.201932261854576 ], [ -70.139504864809993, -20.198747839230432 ], [ -70.138478155218209, -20.19598553192365 ], [ -70.138054389105918, -20.191482729612602 ], [ -70.137858143517363, -20.187613246369278 ], [ -70.137279143437354, -20.187840246271048 ], [ -70.135537009546397, -20.189858139587589 ], [ -70.134574879037331, -20.192489621763865 ], [ -70.13423806387037, -20.193321673738165 ], [ -70.133837817002416, -20.194294069818881 ], [ -70.133509857810651, -20.195104160480632 ], [ -70.133115940940669, -20.196061912315407 ], [ -70.132767687602026, -20.196918372137787 ], [ -70.132434237145176, -20.197683473677312 ], [ -70.132047223259974, -20.198528013664557 ], [ -70.131500234646438, -20.199709428190552 ], [ -70.130964732613293, -20.200876165311094 ], [ -70.130585234933079, -20.201692666958717 ], [ -70.130023467976613, -20.202793861651195 ], [ -70.129833233000596, -20.20322462615437 ], [ -70.12949680486831, -20.2039798617194 ], [ -70.129467928508518, -20.204044684885364 ], [ -70.129387247209465, -20.204210159967243 ], [ -70.129277514785528, -20.20441722991222 ], [ -70.129484310570504, -20.204522717545938 ], [ -70.129925129583512, -20.204722241721299 ], [ -70.130035008383146, -20.204771974974271 ], [ -70.131004713440205, -20.205221226526092 ] ] ] } },
{ "type": "Feature", "properties": { "zona": "46" }, "geometry": { "type": "Polygon", "coordinates": [ [ [ -70.125459146662635, -20.284633671151408 ], [ -70.125168659758273, -20.284636069920307 ], [ -70.123294142487197, -20.284651537634016 ], [ -70.122776544001766, -20.284674064488822 ], [ -70.122657454678219, -20.284840709791595 ], [ -70.122625060737306, -20.285177674138811 ], [ -70.122623021528739, -20.285198886112621 ], [ -70.122714159054112, -20.285647928997374 ], [ -70.12278040506645, -20.285852673936553 ], [ -70.12239203088167, -20.286042969852236 ], [ -70.12236688682863, -20.286051864450648 ], [ -70.121960754282242, -20.286195531425093 ], [ -70.121921216140933, -20.286207446569648 ], [ -70.121593356493236, -20.286306249366273 ], [ -70.12124114975326, -20.286478166019101 ], [ -70.121068096304342, -20.286542277698143 ], [ -70.12082034004338, -20.28684983402918 ], [ -70.120801972772085, -20.286870984553879 ], [ -70.12045851655671, -20.287266484458097 ], [ -70.119881943199132, -20.287413596330968 ], [ -70.118874471702568, -20.287184311151904 ], [ -70.118833063047788, -20.287174887032133 ], [ -70.117544385392861, -20.286909827867174 ], [ -70.116513446710513, -20.286720153501101 ], [ -70.115162761988088, -20.286471641571609 ], [ -70.114952122669195, -20.287382243240383 ], [ -70.117598474371277, -20.291103140664688 ], [ -70.118412922987304, -20.294112838324356 ], [ -70.118973574628328, -20.296031503498753 ], [ -70.11960896623053, -20.296027440793296 ], [ -70.121227121372016, -20.296020244404168 ], [ -70.123615121508948, -20.296080244820029 ], [ -70.124785550720162, -20.296107426939933 ], [ -70.127839673190479, -20.296178319116642 ], [ -70.127888862865376, -20.296175500037801 ], [ -70.127903038248689, -20.29522187500865 ], [ -70.127922373969227, -20.29392111170047 ], [ -70.127923197463517, -20.293700195570182 ], [ -70.127939834672915, -20.292907110391752 ], [ -70.127941858029388, -20.292755448626416 ], [ -70.12795060759376, -20.292099623705631 ], [ -70.127945815202494, -20.29143742197342 ], [ -70.12793706786718, -20.290228667040534 ], [ -70.12792358073257, -20.28969260079468 ], [ -70.127928300116551, -20.289237403675351 ], [ -70.127930606793825, -20.289014920034372 ], [ -70.127882332616593, -20.288053085690493 ], [ -70.127884128506977, -20.285606491182484 ], [ -70.127881105679407, -20.285586037437234 ], [ -70.12777650610559, -20.284878267973841 ], [ -70.127748892966167, -20.284726260525726 ], [ -70.127593766363944, -20.28387229831316 ], [ -70.127571616860664, -20.283757906114946 ], [ -70.127544214844988, -20.283616386787106 ], [ -70.127499942336527, -20.283387738169335 ], [ -70.127377321237319, -20.28275444841929 ], [ -70.127370076418401, -20.282632575402143 ], [ -70.127447984088008, -20.282195429148999 ], [ -70.127726684769058, -20.281498827932133 ], [ -70.127085618440674, -20.28135113602918 ], [ -70.127078060189632, -20.281385561471005 ], [ -70.127065989560975, -20.281515779909125 ], [ -70.127001430555481, -20.281584948925026 ], [ -70.126921927423609, -20.281605320496265 ], [ -70.126924391590123, -20.281690331326615 ], [ -70.126938692065977, -20.284437796863944 ], [ -70.125657851913658, -20.284553713156349 ], [ -70.125459146662635, -20.284633671151408 ] ] ] } },
{ "type": "Feature", "properties": { "zona": "60" }, "geometry": { "type": "Polygon", "coordinates": [ [ [ -70.09785007375821, -20.251302544532809 ], [ -70.097972943631305, -20.249705285888023 ], [ -70.098082713156955, -20.248683644040796 ], [ -70.09822152369567, -20.247634226864641 ], [ -70.098305607401898, -20.246586720451155 ], [ -70.097188777896818, -20.246506402718982 ], [ -70.096340842102151, -20.246416496751245 ], [ -70.094355129328534, -20.246256442976552 ], [ -70.094185968877866, -20.246245778703454 ], [ -70.094030984288125, -20.246230313841963 ], [ -70.093473949002473, -20.246185418087354 ], [ -70.093466960060738, -20.246185104107866 ], [ -70.093457948150018, -20.246184120253812 ], [ -70.092745728375348, -20.246126704135428 ], [ -70.089986996276252, -20.245841202923046 ], [ -70.087555361988478, -20.245588553180443 ], [ -70.086332750335075, -20.247633522636853 ], [ -70.084622689288452, -20.250449364310551 ], [ -70.086005449832072, -20.250588464975806 ], [ -70.08807773427796, -20.2506375004298 ], [ -70.092039139063075, -20.250915543574187 ], [ -70.094606007379753, -20.251091617131834 ], [ -70.097297270982793, -20.251262959351152 ], [ -70.09785007375821, -20.251302544532809 ] ] ] } },
{ "type": "Feature", "properties": { "zona": "63" }, "geometry": { "type": "Polygon", "coordinates": [ [ [ -70.089322377447388, -20.267965630961996 ], [ -70.089142769420064, -20.267909486976208 ], [ -70.088246321450669, -20.267624811824589 ], [ -70.087282828062484, -20.267318839419556 ], [ -70.08679755852333, -20.267158066332247 ], [ -70.085748249805476, -20.266805971420908 ], [ -70.085299617062162, -20.266658759338391 ], [ -70.08471728636529, -20.266464100678768 ], [ -70.083358900902255, -20.26601598761647 ], [ -70.083321938397773, -20.26600379399801 ], [ -70.082680518116149, -20.265718119812302 ], [ -70.082182051176943, -20.265497073875398 ], [ -70.080458558293415, -20.264919358511783 ], [ -70.080429581989449, -20.2649096454609 ], [ -70.079869953210846, -20.264389427358527 ], [ -70.079500999373977, -20.264046453334831 ], [ -70.079423782113366, -20.263976243434822 ], [ -70.079090201121886, -20.263663217154953 ], [ -70.078922518201153, -20.263507030299149 ], [ -70.078561272568379, -20.263158533972831 ], [ -70.078188477121699, -20.262811292628978 ], [ -70.077864750160884, -20.262509754293173 ], [ -70.077595867038099, -20.262247938219929 ], [ -70.076832708916413, -20.261524407012843 ], [ -70.076477820111748, -20.261192801011532 ], [ -70.074632819788903, -20.266604838275111 ], [ -70.073118681718398, -20.273509799336239 ], [ -70.080065567064651, -20.274699447061604 ], [ -70.080357747855885, -20.274579057825878 ], [ -70.081344856094631, -20.274604010953436 ], [ -70.08147777743514, -20.274755651804711 ], [ -70.081683824575251, -20.274990716055239 ], [ -70.082073601574166, -20.275323838564223 ], [ -70.084052713921437, -20.276074951026612 ], [ -70.084085685270566, -20.276087464053344 ], [ -70.084565394177972, -20.276177910089725 ], [ -70.08518484980857, -20.276305871926319 ], [ -70.085848306933087, -20.27638449036343 ], [ -70.085893770607171, -20.276396443077171 ], [ -70.08605955107781, -20.275997794142512 ], [ -70.086116670689051, -20.275821958230164 ], [ -70.086161100920023, -20.275685184796156 ], [ -70.086179266656359, -20.275612980014611 ], [ -70.086294178833512, -20.275156228103466 ], [ -70.086650388421219, -20.27422971790849 ], [ -70.086819545745783, -20.273838362883055 ], [ -70.087740162034123, -20.271708429891614 ], [ -70.08866571728899, -20.26956701017604 ], [ -70.088962360130154, -20.268877279160108 ], [ -70.089322377447388, -20.267965630961996 ] ] ] } },
{ "type": "Feature", "properties": { "zona": "51" }, "geometry": { "type": "Polygon", "coordinates": [ [ [ -70.126746544835498, -20.274636501268752 ], [ -70.126709423407021, -20.274410688972747 ], [ -70.12658931750164, -20.273681594393157 ], [ -70.126575951517353, -20.273598711520837 ], [ -70.12640191143079, -20.272519474125765 ], [ -70.126352786160552, -20.272264814518991 ], [ -70.126335984645252, -20.272164558605457 ], [ -70.126306900492679, -20.271991010905051 ], [ -70.126279060768397, -20.271828591373755 ], [ -70.126222481685275, -20.271498502528985 ], [ -70.126217909119205, -20.271471696288323 ], [ -70.126172898085002, -20.271207822731846 ], [ -70.126161032074265, -20.27110502859059 ], [ -70.125716713152102, -20.271178882033073 ], [ -70.124502326008169, -20.271393846970483 ], [ -70.124623656550128, -20.272180639612746 ], [ -70.124633425269096, -20.272243986450345 ], [ -70.12467956083718, -20.27255284814084 ], [ -70.124697780744995, -20.272737588433476 ], [ -70.124664304619614, -20.272779236827063 ], [ -70.124576605003313, -20.272795735687051 ], [ -70.124070511031874, -20.272872288610241 ], [ -70.12409256512619, -20.273589265801476 ], [ -70.124095251888477, -20.273962150253126 ], [ -70.124099571120482, -20.274975633457519 ], [ -70.124100141695862, -20.27510950859628 ], [ -70.12447789675403, -20.275033779057988 ], [ -70.124522277700763, -20.275027183241242 ], [ -70.124791685209161, -20.274987144128904 ], [ -70.124840324681855, -20.274977506249904 ], [ -70.125024412818561, -20.274941029176869 ], [ -70.125067900795912, -20.274932311950721 ], [ -70.125486887654532, -20.274848324849067 ], [ -70.126607024351799, -20.274656460604223 ], [ -70.126640333793404, -20.274650755032091 ], [ -70.126746544835498, -20.274636501268752 ] ] ] } },
{ "type": "Feature", "properties": { "zona": "55" }, "geometry": { "type": "Polygon", "coordinates": [ [ [ -70.098624585113598, -20.263578493179594 ], [ -70.098602065182163, -20.263610621144863 ], [ -70.098449577868294, -20.263828166119801 ], [ -70.098233804601833, -20.26421146421697 ], [ -70.098124049287591, -20.264406431989276 ], [ -70.097633971336037, -20.265267292925348 ], [ -70.095836728275131, -20.268373191507287 ], [ -70.097012290021567, -20.268933781946259 ], [ -70.09783541619872, -20.269332353533354 ], [ -70.098243391264575, -20.26863570702157 ], [ -70.098254398897907, -20.268611264848605 ], [ -70.098256986244223, -20.268612605477475 ], [ -70.098801792304883, -20.267686826538032 ], [ -70.099008005071795, -20.267344227675082 ], [ -70.09916083357885, -20.267077338750262 ], [ -70.099553350436665, -20.266391870410416 ], [ -70.099929957968655, -20.265734178975499 ], [ -70.100061767038142, -20.265512182838979 ], [ -70.100464835826529, -20.264835598314484 ], [ -70.100590993101235, -20.264614724730073 ], [ -70.100298419338301, -20.264466158682467 ], [ -70.100121207696617, -20.264376171988552 ], [ -70.099150049194975, -20.263866337221497 ], [ -70.09864484753669, -20.263589592785323 ], [ -70.098624585113598, -20.263578493179594 ] ] ] } },
{ "type": "Feature", "properties": { "zona": "58" }, "geometry": { "type": "Polygon", "coordinates": [ [ [ -70.105759518336754, -20.253113129944744 ], [ -70.105420629284538, -20.252964522407989 ], [ -70.105164997249773, -20.25285242359066 ], [ -70.10502240444454, -20.252789894082479 ], [ -70.104931044289629, -20.252745977909598 ], [ -70.10345672306137, -20.252037272005882 ], [ -70.102629339645276, -20.251754601404954 ], [ -70.102603561559292, -20.251745794395315 ], [ -70.101325527986504, -20.251550108701224 ], [ -70.099557343971853, -20.251422362483325 ], [ -70.097853519756569, -20.251299248943294 ], [ -70.09785007375821, -20.251302544532809 ], [ -70.097302972463439, -20.251261018427645 ], [ -70.097237192018881, -20.253310237318523 ], [ -70.095489450625536, -20.258251107330643 ], [ -70.095473418150036, -20.258275370416445 ], [ -70.094995115283737, -20.258999216188069 ], [ -70.096929790818578, -20.260491797659618 ], [ -70.097103995929373, -20.260626192507402 ], [ -70.099756573081052, -20.257246554092067 ], [ -70.09983467995572, -20.257153470400514 ], [ -70.100871207629936, -20.255948251034162 ], [ -70.101013102018854, -20.255783261904782 ], [ -70.10106310696537, -20.255725118042726 ], [ -70.102673964151094, -20.25482471159318 ], [ -70.102914552915138, -20.254690229721593 ], [ -70.104075487823764, -20.254047200843768 ], [ -70.105759518336754, -20.253113129944744 ] ] ] } },
{ "type": "Feature", "properties": { "zona": "61" }, "geometry": { "type": "Polygon", "coordinates": [ [ [ -70.097302897226513, -20.251263362244941 ], [ -70.094606007379753, -20.251091617131834 ], [ -70.092039139063075, -20.250915543574187 ], [ -70.091318057155547, -20.250864939026791 ], [ -70.08807773427796, -20.2506375004298 ], [ -70.086123174984067, -20.250591251306311 ], [ -70.086005449832072, -20.250588464975806 ], [ -70.084622689288452, -20.250449364310551 ], [ -70.084583402533838, -20.250496249048865 ], [ -70.082813388812994, -20.252227190331482 ], [ -70.077597302441703, -20.259330453458247 ], [ -70.076477820111748, -20.261192801011532 ], [ -70.076832708916413, -20.261524407012843 ], [ -70.077595867038099, -20.262247938219929 ], [ -70.077864750160884, -20.262509754293173 ], [ -70.078188477121699, -20.262811292628978 ], [ -70.078561272568379, -20.263158533972831 ], [ -70.078922518201153, -20.263507030299149 ], [ -70.079090201121886, -20.263663217154953 ], [ -70.079423782113366, -20.263976243434822 ], [ -70.079500999373977, -20.264046453334831 ], [ -70.079869953210846, -20.264389427358527 ], [ -70.080429581989449, -20.2649096454609 ], [ -70.080458558293415, -20.264919358511783 ], [ -70.082182051176943, -20.265497073875398 ], [ -70.082680518116149, -20.265718119812302 ], [ -70.083321938397773, -20.26600379399801 ], [ -70.083358900902255, -20.26601598761647 ], [ -70.08471728636529, -20.266464100678768 ], [ -70.085299617062162, -20.266658759338391 ], [ -70.085748249805476, -20.266805971420908 ], [ -70.08679755852333, -20.267158066332247 ], [ -70.087282828062484, -20.267318839419556 ], [ -70.088246321450669, -20.267624811824589 ], [ -70.089142769420064, -20.267909486976208 ], [ -70.089322377447388, -20.267965630961996 ], [ -70.089322564370946, -20.267965933270808 ], [ -70.089357353192639, -20.267977152898997 ], [ -70.090426620526756, -20.268321994556732 ], [ -70.090936468579045, -20.268486638677395 ], [ -70.091072172186756, -20.268530462406272 ], [ -70.09141728927257, -20.268680661786231 ], [ -70.091435239627629, -20.268690189598772 ], [ -70.091509400523208, -20.268729553194763 ], [ -70.091697986744506, -20.268829709970561 ], [ -70.092632338470608, -20.2671130885692 ], [ -70.092745536450153, -20.266905711395687 ], [ -70.094099624199629, -20.264661658370393 ], [ -70.095153655699733, -20.263224130747972 ], [ -70.096137747920466, -20.261913290050295 ], [ -70.097103995929373, -20.260626192507402 ], [ -70.096929790818578, -20.260491797659618 ], [ -70.094995115283737, -20.258999216188069 ], [ -70.095473418150036, -20.258275370416445 ], [ -70.095489450625536, -20.258251107330643 ], [ -70.097237192018881, -20.253310237318523 ], [ -70.097302897226513, -20.251263362244941 ] ] ] } },
{ "type": "Feature", "properties": { "zona": "57" }, "geometry": { "type": "Polygon", "coordinates": [ [ [ -70.105765396566525, -20.253111156513818 ], [ -70.104075487823764, -20.254047200843768 ], [ -70.102914552915138, -20.254690229721593 ], [ -70.102673964151094, -20.25482471159318 ], [ -70.10106310696537, -20.255725118042726 ], [ -70.09983467995572, -20.257153470400514 ], [ -70.099756573081052, -20.257246554092067 ], [ -70.097115829661959, -20.26061568967512 ], [ -70.097103995929373, -20.260626192507402 ], [ -70.096137747920466, -20.261913290050295 ], [ -70.095153655699733, -20.263224130747972 ], [ -70.094099624199629, -20.264661658370393 ], [ -70.09405126702481, -20.264700222464992 ], [ -70.092745536450153, -20.266905711395687 ], [ -70.092632338470608, -20.2671130885692 ], [ -70.091697986744506, -20.268829709970561 ], [ -70.091836778392263, -20.268907799846275 ], [ -70.09211941066286, -20.269105960952512 ], [ -70.092305949235211, -20.269240423633946 ], [ -70.092703584014927, -20.269624732402246 ], [ -70.092833587546664, -20.269784821438424 ], [ -70.093117858894558, -20.270160832396623 ], [ -70.093263097180028, -20.270421847493719 ], [ -70.09331710159698, -20.270517966299387 ], [ -70.09337552625486, -20.270621952231455 ], [ -70.093460464295617, -20.27085940530279 ], [ -70.093692316959988, -20.271597814056175 ], [ -70.093800694030833, -20.271811075499219 ], [ -70.093838394527424, -20.271885261345606 ], [ -70.093847115593974, -20.271902422372975 ], [ -70.093887509154001, -20.271830297788693 ], [ -70.093882648546312, -20.271820233910383 ], [ -70.094546258727945, -20.270649628681511 ], [ -70.095416414199818, -20.269114649435043 ], [ -70.095815367710784, -20.268410872943175 ], [ -70.095836728275131, -20.268373191507287 ], [ -70.095840529583782, -20.268366079180392 ], [ -70.097633971336037, -20.265267292925348 ], [ -70.098124049287591, -20.264406431989276 ], [ -70.098233804601833, -20.26421146421697 ], [ -70.098449577868294, -20.263828166119801 ], [ -70.098602065182163, -20.263610621144863 ], [ -70.098624760268976, -20.263578243294859 ], [ -70.098896782113485, -20.263382382993427 ], [ -70.099342610722289, -20.263027021798955 ], [ -70.099662215143383, -20.262772269762973 ], [ -70.100677494822648, -20.261956741027372 ], [ -70.101027397313032, -20.261694316156479 ], [ -70.101357823112281, -20.261446497275053 ], [ -70.101374615753912, -20.261433497498349 ], [ -70.102724683421869, -20.260388350399253 ], [ -70.103730295135506, -20.261298744470736 ], [ -70.104892716390623, -20.259241011033684 ], [ -70.105418083256481, -20.258313406984112 ], [ -70.106904411907806, -20.257164600372171 ], [ -70.108042149741479, -20.256272962205692 ], [ -70.109274259599403, -20.255270472958852 ], [ -70.109333993012825, -20.255163280608731 ], [ -70.109397225627262, -20.254724572973799 ], [ -70.109439331190146, -20.254608283977735 ], [ -70.109553909183276, -20.254408650033817 ], [ -70.109200582097444, -20.254223999709097 ], [ -70.108846928605331, -20.254043190465971 ], [ -70.10834249944466, -20.253785293493372 ], [ -70.10772776144583, -20.253470875362986 ], [ -70.107377554282166, -20.25338783799911 ], [ -70.106711002789808, -20.253322200457724 ], [ -70.10668558412128, -20.253317876541704 ], [ -70.106538710531197, -20.253292892107812 ], [ -70.106358333671125, -20.2532622083048 ], [ -70.105903007198492, -20.253171157268994 ], [ -70.105765396566525, -20.253111156513818 ] ] ] } },
{ "type": "Feature", "properties": { "zona": "56" }, "geometry": { "type": "Polygon", "coordinates": [ [ [ -70.102871520840893, -20.271872539551406 ], [ -70.102691291717392, -20.271464529143724 ], [ -70.102676773319331, -20.271434665675571 ], [ -70.102578626706119, -20.271232783665081 ], [ -70.102515814194973, -20.271126304034286 ], [ -70.102297694235403, -20.270756546179562 ], [ -70.100845718995473, -20.27002574796056 ], [ -70.100876551135897, -20.269969896136004 ], [ -70.098256986244223, -20.268612605477475 ], [ -70.098243391264575, -20.26863570702157 ], [ -70.09783541619872, -20.269332353533354 ], [ -70.097012290021567, -20.268933781946259 ], [ -70.095836728275131, -20.268373191507287 ], [ -70.095815367710784, -20.268410872943175 ], [ -70.095416414199818, -20.269114649435043 ], [ -70.094546258727945, -20.270649628681511 ], [ -70.093886884939707, -20.27183030168549 ], [ -70.094448842154335, -20.272993822660268 ], [ -70.095115763206991, -20.274286029259262 ], [ -70.095428640153841, -20.274874578805004 ], [ -70.097014267240411, -20.274235989539992 ], [ -70.097328629178179, -20.2741106901032 ], [ -70.100697641120149, -20.272752107562138 ], [ -70.101754020486965, -20.272323484369963 ], [ -70.102230296302622, -20.27213023388283 ], [ -70.102871520840893, -20.271872539551406 ] ] ] } },
{ "type": "Feature", "properties": { "zona": "54" }, "geometry": { "type": "Polygon", "coordinates": [ [ [ -70.100590993101235, -20.264614724730073 ], [ -70.100464835826529, -20.264835598314484 ], [ -70.100061767038142, -20.265512182838979 ], [ -70.099929957968655, -20.265734178975499 ], [ -70.099553350436665, -20.266391870410416 ], [ -70.09916083357885, -20.267077338750262 ], [ -70.099008005071795, -20.267344227675082 ], [ -70.098801792304883, -20.267686826538032 ], [ -70.098254398897907, -20.268611264848605 ], [ -70.100876551135897, -20.269969896136004 ], [ -70.100845718995473, -20.27002574796056 ], [ -70.102297694235403, -20.270756546179562 ], [ -70.102515814194973, -20.271126304034286 ], [ -70.102578626706119, -20.271232783665081 ], [ -70.102676773319331, -20.271434665675571 ], [ -70.102691291717392, -20.271464529143724 ], [ -70.102871858034263, -20.271872404039822 ], [ -70.102871520840893, -20.271872539551406 ], [ -70.102889715066269, -20.271913728279767 ], [ -70.103830879550358, -20.271554692971289 ], [ -70.104554060562876, -20.271402096585117 ], [ -70.104578278624942, -20.271396986343863 ], [ -70.105263494021997, -20.271269262710359 ], [ -70.105956238924193, -20.271140132671501 ], [ -70.10610281604518, -20.271102531328459 ], [ -70.10625808825209, -20.271013281452436 ], [ -70.10629286920144, -20.270993289462364 ], [ -70.106485857550311, -20.270808726798101 ], [ -70.106507939586336, -20.270782885605268 ], [ -70.10682544715759, -20.270411325610237 ], [ -70.106840282944319, -20.270393964126658 ], [ -70.106024767927266, -20.269727104547474 ], [ -70.105945765871041, -20.269662502789316 ], [ -70.105632831314111, -20.269327183400843 ], [ -70.105285355739753, -20.268954849764867 ], [ -70.105215434943915, -20.268879154102972 ], [ -70.10490433704058, -20.268542360864593 ], [ -70.103933366320305, -20.267491178731696 ], [ -70.103911300501338, -20.26746728982955 ], [ -70.102941223113632, -20.266379673130093 ], [ -70.102841208471247, -20.266275740150679 ], [ -70.101747032036968, -20.265419662932626 ], [ -70.101553857727964, -20.265268522745007 ], [ -70.101316730777043, -20.265097286511882 ], [ -70.101006332893732, -20.264873138131517 ], [ -70.100874505592955, -20.264790624329773 ], [ -70.100590993101235, -20.264614724730073 ] ] ] } },
{ "type": "Feature", "properties": { "zona": "29" }, "geometry": { "type": "Polygon", "coordinates": [ [ [ -70.140657904661637, -20.230337630758402 ], [ -70.139786603482776, -20.23060756942926 ], [ -70.139077841347941, -20.230642079866406 ], [ -70.139031332345269, -20.230644344342451 ], [ -70.138014290759941, -20.23067086146812 ], [ -70.137516473079543, -20.230692266227962 ], [ -70.136486804994121, -20.230736534569289 ], [ -70.135790563600523, -20.230764945359631 ], [ -70.135566895513733, -20.230770376586072 ], [ -70.135610150430622, -20.231336013282974 ], [ -70.135655508528757, -20.231929146899287 ], [ -70.135714029708168, -20.232796969743124 ], [ -70.135717004593118, -20.232841084572993 ], [ -70.135733834299344, -20.233019047886977 ], [ -70.135749009676559, -20.233179517284896 ], [ -70.135843747684874, -20.233437864017731 ], [ -70.135915013186846, -20.233522755011801 ], [ -70.136182669942471, -20.233841584834792 ], [ -70.136405551338413, -20.234075650591802 ], [ -70.136494824969262, -20.234162720409884 ], [ -70.136665162657621, -20.23436878503961 ], [ -70.136746313641581, -20.234499731283179 ], [ -70.136789072005229, -20.234575150238399 ], [ -70.136844539487356, -20.234725098245924 ], [ -70.136862378712124, -20.234856454548428 ], [ -70.136868163922031, -20.235071552849828 ], [ -70.136823067580465, -20.235255108803926 ], [ -70.136703589150812, -20.235536483699004 ], [ -70.136656667979153, -20.235590842342827 ], [ -70.136572888639776, -20.235679032895131 ], [ -70.136422299899365, -20.235867255980246 ], [ -70.135189806676379, -20.237389265183332 ], [ -70.135063815873409, -20.237582461892583 ], [ -70.135053645193636, -20.237610503718798 ], [ -70.135010669531383, -20.237728992843095 ], [ -70.134915105411338, -20.238085229039189 ], [ -70.134834836673136, -20.238439773159769 ], [ -70.134473388212754, -20.240036259878945 ], [ -70.134457944333604, -20.240103395900285 ], [ -70.134375179314404, -20.240463182468684 ], [ -70.134125274981201, -20.241508605062133 ], [ -70.134281191402252, -20.241471741123558 ], [ -70.13468215081069, -20.24134039429812 ], [ -70.135852459551714, -20.240957016565073 ], [ -70.135894065684198, -20.240943386768112 ], [ -70.137147670276406, -20.240518266982306 ], [ -70.138409356324743, -20.2400903954142 ], [ -70.138433159041156, -20.24008232316671 ], [ -70.140270562744519, -20.239488324270312 ], [ -70.141199919601334, -20.239187871333364 ], [ -70.141966292777241, -20.238931893782169 ], [ -70.142026403858324, -20.238910607436189 ], [ -70.142585193821546, -20.238712729256999 ], [ -70.142624357936128, -20.238700123856585 ], [ -70.143760114328927, -20.238334563565861 ], [ -70.143944449499998, -20.238263573420088 ], [ -70.143970575730449, -20.23825351180956 ], [ -70.14394056301974, -20.238189963687997 ], [ -70.143592334553261, -20.237238564580927 ], [ -70.14294933980446, -20.235403647091818 ], [ -70.142286121719778, -20.233669726249833 ], [ -70.142270428148393, -20.233625476043933 ], [ -70.14224439134108, -20.233552757421972 ], [ -70.141889240804815, -20.232560843953472 ], [ -70.141578608807492, -20.231693256141373 ], [ -70.141049779179127, -20.230216222039815 ], [ -70.140657904661637, -20.230337630758402 ] ] ] } },
{ "type": "Feature", "properties": { "zona": "18" }, "geometry": { "type": "Polygon", "coordinates": [ [ [ -70.134797903069654, -20.220189856184227 ], [ -70.134790069027275, -20.220273570907526 ], [ -70.134804733984481, -20.220355135198762 ], [ -70.134813598331945, -20.220608075216454 ], [ -70.134855195949541, -20.221308667469774 ], [ -70.134871294531251, -20.22157979931994 ], [ -70.134905597809606, -20.221949932209515 ], [ -70.134910558210791, -20.222003454823813 ], [ -70.134972034734318, -20.222666781126414 ], [ -70.135003724170247, -20.223252312541213 ], [ -70.135041021581486, -20.223941455056249 ], [ -70.13513343964452, -20.225063345479573 ], [ -70.136984736586982, -20.224934333179366 ], [ -70.137029772798712, -20.224931194472234 ], [ -70.138194801401085, -20.224853012649326 ], [ -70.139711970019363, -20.22477138470909 ], [ -70.139624205412787, -20.223579931550969 ], [ -70.139567930963167, -20.222815961544701 ], [ -70.139522409043678, -20.222197958077828 ], [ -70.139421328096105, -20.22102444380964 ], [ -70.139344187823482, -20.219961545340016 ], [ -70.135714782839202, -20.220149534646012 ], [ -70.135194471464729, -20.220177882394609 ], [ -70.134821658700474, -20.220199037119553 ], [ -70.134797903069654, -20.220189856184227 ] ] ] } }
]
}
