{
"type": "FeatureCollection",
"name": "Linares",
"crs": { "type": "name", "properties": { "name": "urn:ogc:def:crs:OGC:1.3:CRS84" } },
"features": [
{ "type": "Feature", "properties": { "zona": "1" }, "geometry": { "type": "Polygon", "coordinates": [ [ [ -71.60132608676841, -35.84796831184179, 0.0 ], [ -71.599967266412179, -35.84440977419662, 0.0 ], [ -71.595438247412673, -35.845303616445584, 0.0 ], [ -71.596862149005176, -35.8489237719999, 0.0 ], [ -71.60132608676841, -35.84796831184179, 0.0 ] ] ] } },
{ "type": "Feature", "properties": { "zona": "2" }, "geometry": { "type": "Polygon", "coordinates": [ [ [ -71.596557077005158, -35.839906886999927, 0.0 ], [ -71.597511407557334, -35.842319814129752, 0.0 ], [ -71.597513367002932, -35.842319394280715, 0.0 ], [ -71.601958722347362, -35.841366798432745, 0.0 ], [ -71.600959451005252, -35.83883226199989, 0.0 ], [ -71.598627741005231, -35.839398883999884, 0.0 ], [ -71.596557077005158, -35.839906886999927, 0.0 ] ] ] } },
{ "type": "Feature", "properties": { "zona": "3" }, "geometry": { "type": "Polygon", "coordinates": [ [ [ -71.590615319275102, -35.84525835895159, 0.0 ], [ -71.590107481673968, -35.843855708558159, 0.0 ], [ -71.593030539439653, -35.843249136169213, 0.0 ], [ -71.593028549393793, -35.843244097408942, 0.0 ], [ -71.592066055660808, -35.840806994968418, 0.0 ], [ -71.588481327005013, -35.841450968999887, 0.0 ], [ -71.588551617691621, -35.842138093865849, 0.0 ], [ -71.589730033633501, -35.84548564849139, 0.0 ], [ -71.590615319275102, -35.84525835895159, 0.0 ] ] ] } },
{ "type": "Feature", "properties": { "zona": "4" }, "geometry": { "type": "Polygon", "coordinates": [ [ [ -71.592472957628345, -35.845909376314282, 0.0 ], [ -71.593415230987603, -35.848365542026144, 0.0 ], [ -71.593869306973957, -35.849561261000993, 0.0 ], [ -71.596862149005176, -35.848923771999893, 0.0 ], [ -71.595438247412673, -35.845303616445584, 0.0 ], [ -71.592472957628345, -35.845909376314282, 0.0 ] ] ] } },
{ "type": "Feature", "properties": { "zona": "5" }, "geometry": { "type": "Polygon", "coordinates": [ [ [ -71.59537151300519, -35.849242754999928, 0.0 ], [ -71.596305879329776, -35.851650397276721, 0.0 ], [ -71.596759027734578, -35.852824928305466, 0.0 ], [ -71.598220540005201, -35.852520581999919, 0.0 ], [ -71.601198223005269, -35.851928295999926, 0.0 ], [ -71.599836640590652, -35.848287133302648, 0.0 ], [ -71.596862149005176, -35.848923771999871, 0.0 ], [ -71.59537151300519, -35.849242754999928, 0.0 ] ] ] } },
{ "type": "Feature", "properties": { "zona": "6" }, "geometry": { "type": "Polygon", "coordinates": [ [ [ -71.605794074922954, -35.8510021679677, 0.0 ], [ -71.606437207174594, -35.850878150223288, 0.0 ], [ -71.606704584154585, -35.850780106320038, 0.0 ], [ -71.60778702446396, -35.849742616067978, 0.0 ], [ -71.607305290595889, -35.848615424541578, 0.0 ], [ -71.605735347180072, -35.849013195131008, 0.0 ], [ -71.60563914956586, -35.848758921639565, 0.0 ], [ -71.604973765899018, -35.84896134505918, 0.0 ], [ -71.604323515306447, -35.847326638155735, 0.0 ], [ -71.599836640590652, -35.848287133302662, 0.0 ], [ -71.601198223005284, -35.851928295999926, 0.0 ], [ -71.605794074922954, -35.8510021679677, 0.0 ] ] ] } },
{ "type": "Feature", "properties": { "zona": "7" }, "geometry": { "type": "Polygon", "coordinates": [ [ [ -71.591506568490885, -35.835369572414088, 0.0 ], [ -71.596167270049463, -35.83092314637652, 0.0 ], [ -71.597346781835995, -35.829744343805658, 0.0 ], [ -71.595016201005151, -35.828353579999884, 0.0 ], [ -71.594681358393544, -35.828189079874633, 0.0 ], [ -71.594592842444087, -35.828137683516957, 0.0 ], [ -71.59453430770337, -35.828003481916184, 0.0 ], [ -71.594475772962568, -35.827814314766158, 0.0 ], [ -71.594472917609281, -35.827678685488834, 0.0 ], [ -71.594500043464805, -35.827608729335147, 0.0 ], [ -71.594591511115212, -35.827535854739658, 0.0 ], [ -71.594736735643025, -35.827492259110613, 0.0 ], [ -71.594597284104537, -35.827397020757822, 0.0 ], [ -71.593951974279577, -35.827635442750626, 0.0 ], [ -71.592483846838604, -35.828124659933565, 0.0 ], [ -71.592076483114241, -35.828241729415083, 0.0 ], [ -71.591331903220279, -35.828484871600537, 0.0 ], [ -71.590289289370716, -35.828833281920645, 0.0 ], [ -71.587203941838354, -35.82987312753869, 0.0 ], [ -71.587274779912235, -35.830289530141172, 0.0 ], [ -71.588440436182282, -35.831264289119019, 0.0 ], [ -71.589446280005006, -35.832200432999898, 0.0 ], [ -71.589855482313254, -35.832680263943082, 0.0 ], [ -71.590042248250782, -35.832931381102235, 0.0 ], [ -71.590551021547441, -35.833969545348623, 0.0 ], [ -71.590914970005116, -35.834712190999809, 0.0 ], [ -71.591506568490885, -35.835369572414088, 0.0 ] ] ] } },
{ "type": "Feature", "properties": { "zona": "8" }, "geometry": { "type": "Polygon", "coordinates": [ [ [ -71.606071718005325, -35.840778036999893, 0.0 ], [ -71.609116470447134, -35.840123023723862, 0.0 ], [ -71.608212058601296, -35.837150204371227, 0.0 ], [ -71.606007685976778, -35.837679696921413, 0.0 ], [ -71.60280486853091, -35.838467386537864, 0.0 ], [ -71.603201869149061, -35.839660523645655, 0.0 ], [ -71.60357091859106, -35.840919231789492, 0.0 ], [ -71.604774390344332, -35.840678437088833, 0.0 ], [ -71.604861142005319, -35.841015206999884, 0.0 ], [ -71.606071718005325, -35.840778036999893, 0.0 ] ] ] } },
{ "type": "Feature", "properties": { "zona": "9" }, "geometry": { "type": "Polygon", "coordinates": [ [ [ -71.6070653540595, -35.834110699177451, 0.0 ], [ -71.607751630725204, -35.835936298797094, 0.0 ], [ -71.608212058601296, -35.837150204371234, 0.0 ], [ -71.612152334005316, -35.836300687999888, 0.0 ], [ -71.614188622005472, -35.835727787999858, 0.0 ], [ -71.614937017909838, -35.835580108119068, 0.0 ], [ -71.613846272984887, -35.835083276661067, 0.0 ], [ -71.609598190005372, -35.833023146999892, 0.0 ], [ -71.6070653540595, -35.834110699177451, 0.0 ] ] ] } },
{ "type": "Feature", "properties": { "zona": "10" }, "geometry": { "type": "Polygon", "coordinates": [ [ [ -71.598627741005231, -35.839398883999884, 0.0 ], [ -71.598466264217379, -35.838900429421948, 0.0 ], [ -71.597138048409064, -35.836781754098475, 0.0 ], [ -71.596476778916724, -35.8370879471072, 0.0 ], [ -71.595745720967145, -35.835882274675797, 0.0 ], [ -71.593191564469549, -35.837024903378079, 0.0 ], [ -71.593686812588331, -35.8377570975167, 0.0 ], [ -71.594673036224421, -35.839196554728183, 0.0 ], [ -71.595092979385171, -35.84026313653316, 0.0 ], [ -71.598627741005231, -35.839398883999884, 0.0 ] ] ] } },
{ "type": "Feature", "properties": { "zona": "11" }, "geometry": { "type": "Polygon", "coordinates": [ [ [ -71.588481327005013, -35.841450968999865, 0.0 ], [ -71.595092979385171, -35.84026313653316, 0.0 ], [ -71.594673036224478, -35.839196554728183, 0.0 ], [ -71.593629498313916, -35.837673441668763, 0.0 ], [ -71.593191564469578, -35.837024903378115, 0.0 ], [ -71.5915065684909, -35.835369572414081, 0.0 ], [ -71.589876482708888, -35.836998099816356, 0.0 ], [ -71.589621055712769, -35.837281467432433, 0.0 ], [ -71.5895016838207, -35.837438100563475, 0.0 ], [ -71.58923100954479, -35.837844624951778, 0.0 ], [ -71.588993421214539, -35.838247272097192, 0.0 ], [ -71.58868449267942, -35.83895009479938, 0.0 ], [ -71.588574917005019, -35.839310354999895, 0.0 ], [ -71.588415334305253, -35.840107453199664, 0.0 ], [ -71.588405906712239, -35.840860263993306, 0.0 ], [ -71.588481327005013, -35.841450968999865, 0.0 ] ] ] } },
{ "type": "Feature", "properties": { "zona": "12" }, "geometry": { "type": "Polygon", "coordinates": [ [ [ -71.588481327005027, -35.841450968999887, 0.0 ], [ -71.588405906712239, -35.840860263993306, 0.0 ], [ -71.588415334305239, -35.840107453199664, 0.0 ], [ -71.588574917005033, -35.839310354999895, 0.0 ], [ -71.58852365600508, -35.839027299999884, 0.0 ], [ -71.588382645005083, -35.838083912999821, 0.0 ], [ -71.587984630895505, -35.835680890057702, 0.0 ], [ -71.585355532450677, -35.836550006256061, 0.0 ], [ -71.58692374600507, -35.839469664999918, 0.0 ], [ -71.587722122005061, -35.841609382999764, 0.0 ], [ -71.588481327005027, -35.841450968999887, 0.0 ] ] ] } },
{ "type": "Feature", "properties": { "zona": "13" }, "geometry": { "type": "Polygon", "coordinates": [ [ [ -71.601063982948418, -35.826164623546497, 0.0 ], [ -71.596092813014423, -35.824613452916701, 0.0 ], [ -71.595097722421812, -35.8244806789926, 0.0 ], [ -71.594139608653137, -35.824514990820262, 0.0 ], [ -71.592961384826907, -35.824827493365724, 0.0 ], [ -71.594597284104552, -35.827397020757822, 0.0 ], [ -71.594736735643025, -35.827492259110613, 0.0 ], [ -71.594591511115226, -35.827535854739658, 0.0 ], [ -71.594500043464819, -35.827608729335161, 0.0 ], [ -71.594472917609295, -35.827678685488834, 0.0 ], [ -71.594475772962568, -35.827814314766158, 0.0 ], [ -71.594534307703356, -35.828003481916184, 0.0 ], [ -71.594592842444087, -35.828137683516957, 0.0 ], [ -71.594681358393572, -35.828189079874633, 0.0 ], [ -71.59501620100518, -35.828353579999884, 0.0 ], [ -71.597346781836023, -35.829744343805658, 0.0 ], [ -71.601063982948418, -35.826164623546497, 0.0 ] ] ] } },
{ "type": "Feature", "properties": { "zona": "14" }, "geometry": { "type": "Polygon", "coordinates": [ [ [ -71.584542263262776, -35.84229312057041, 0.0 ], [ -71.584729589428846, -35.843004414155459, 0.0 ], [ -71.584788625202478, -35.843536345505441, 0.0 ], [ -71.585264205851189, -35.84345363285891, 0.0 ], [ -71.585631495969125, -35.845285479508362, 0.0 ], [ -71.585795621082795, -35.845818353896775, 0.0 ], [ -71.585718572661051, -35.845843360779185, 0.0 ], [ -71.585862977633809, -35.84641876761674, 0.0 ], [ -71.587361872981589, -35.845968699052079, 0.0 ], [ -71.589655688704724, -35.84527446457345, 0.0 ], [ -71.58855161769155, -35.842138093865827, 0.0 ], [ -71.588481327005013, -35.841450968999865, 0.0 ], [ -71.587722122005033, -35.841609382999728, 0.0 ], [ -71.584542263262776, -35.84229312057041, 0.0 ] ] ] } },
{ "type": "Feature", "properties": { "zona": "15" }, "geometry": { "type": "Polygon", "coordinates": [ [ [ -71.586522437727865, -35.85124802753883, 0.0 ], [ -71.587807024098652, -35.854677658039748, 0.0 ], [ -71.592740878199976, -35.853661453843635, 0.0 ], [ -71.59141978374943, -35.850082958214308, 0.0 ], [ -71.590924706161616, -35.850175457311202, 0.0 ], [ -71.589455701082841, -35.850497445886035, 0.0 ], [ -71.586475967764812, -35.851123954179791, 0.0 ], [ -71.586522437727865, -35.85124802753883, 0.0 ] ] ] } },
{ "type": "Feature", "properties": { "zona": "16" }, "geometry": { "type": "MultiPolygon", "coordinates": [ [ [ [ -71.582398989154925, -35.86399697783002, 0.0 ], [ -71.582402208100319, -35.864000320261574, 0.0 ], [ -71.582402006238325, -35.863996380698957, 0.0 ], [ -71.582398989154925, -35.86399697783002, 0.0 ] ] ], [ [ [ -71.590280948191847, -35.858565814620661, 0.0 ], [ -71.590205400263287, -35.858580322106803, 0.0 ], [ -71.590542528409202, -35.859608844907292, 0.0 ], [ -71.590971064871709, -35.859493075534978, 0.0 ], [ -71.591643910002389, -35.859378632836872, 0.0 ], [ -71.594157165284415, -35.858952574920821, 0.0 ], [ -71.594844985994811, -35.858866495050769, 0.0 ], [ -71.594755756207107, -35.858523852665819, 0.0 ], [ -71.59480136254497, -35.858390652423623, 0.0 ], [ -71.594080385859897, -35.857241372757407, 0.0 ], [ -71.593470299271488, -35.855663201015133, 0.0 ], [ -71.592738855658226, -35.853661572816684, 0.0 ], [ -71.588690151940284, -35.854495727412178, 0.0 ], [ -71.590280948191847, -35.858565814620661, 0.0 ] ] ] ] } },
{ "type": "Feature", "properties": { "zona": "17" }, "geometry": { "type": "Polygon", "coordinates": [ [ [ -71.595900604127365, -35.855654629183952, 0.0 ], [ -71.59777716604961, -35.855386880334379, 0.0 ], [ -71.597869965028849, -35.855686692421102, 0.0 ], [ -71.599141009645805, -35.85545807380764, 0.0 ], [ -71.598976414396546, -35.855217938602934, 0.0 ], [ -71.598453182005201, -35.854630588999889, 0.0 ], [ -71.598343854264883, -35.854440646117133, 0.0 ], [ -71.598913801327754, -35.854132601801844, 0.0 ], [ -71.598290887552693, -35.85250648049545, 0.0 ], [ -71.595248473181158, -35.853142374425268, 0.0 ], [ -71.592738855658268, -35.853662524601091, 0.0 ], [ -71.59354380422117, -35.85585964753767, 0.0 ], [ -71.593650984005137, -35.856149645999885, 0.0 ], [ -71.594255801707106, -35.85600262535614, 0.0 ], [ -71.595900604127365, -35.855654629183952, 0.0 ] ] ] } },
{ "type": "Feature", "properties": { "zona": "18" }, "geometry": { "type": "MultiPolygon", "coordinates": [ [ [ [ -71.598290906719313, -35.852506530531265, 0.0 ], [ -71.598290887552693, -35.85250648049545, 0.0 ], [ -71.598220540005201, -35.852520581999919, 0.0 ], [ -71.598290906719313, -35.852506530531265, 0.0 ] ] ], [ [ [ -71.598976414396546, -35.855217938602934, 0.0 ], [ -71.600347104005252, -35.854967064999926, 0.0 ], [ -71.602767776179249, -35.854487543218212, 0.0 ], [ -71.601846924769987, -35.851796372820502, 0.0 ], [ -71.598290906719313, -35.852506530531265, 0.0 ], [ -71.598913801327754, -35.854132601801844, 0.0 ], [ -71.598343854264883, -35.854440646117133, 0.0 ], [ -71.598453182005201, -35.854630588999889, 0.0 ], [ -71.598976414396546, -35.855217938602934, 0.0 ] ] ] ] } },
{ "type": "Feature", "properties": { "zona": "19" }, "geometry": { "type": "Polygon", "coordinates": [ [ [ -71.607349446005259, -35.852515931999847, 0.0 ], [ -71.606437207174594, -35.850878150223295, 0.0 ], [ -71.605794074922969, -35.851002167967685, 0.0 ], [ -71.601846924769987, -35.851796372820502, 0.0 ], [ -71.602767776179263, -35.85448754321822, 0.0 ], [ -71.605277163881055, -35.853957730484041, 0.0 ], [ -71.605137730352368, -35.853420905057426, 0.0 ], [ -71.606074991424123, -35.85323116990304, 0.0 ], [ -71.605959533644466, -35.852798935552826, 0.0 ], [ -71.607349446005259, -35.852515931999847, 0.0 ] ] ] } },
{ "type": "Feature", "properties": { "zona": "20" }, "geometry": { "type": "Polygon", "coordinates": [ [ [ -71.612568575961873, -35.850030637673079, 0.0 ], [ -71.612516410960566, -35.849393847362698, 0.0 ], [ -71.611157288583371, -35.849813587829978, 0.0 ], [ -71.610721147968007, -35.849796032164356, 0.0 ], [ -71.610146995955915, -35.849853226068717, 0.0 ], [ -71.609731972857631, -35.849938726694063, 0.0 ], [ -71.609040912213629, -35.849904656777746, 0.0 ], [ -71.60862775826979, -35.849701821884693, 0.0 ], [ -71.607787024356995, -35.849742616032152, 0.0 ], [ -71.606704584154585, -35.850780106320038, 0.0 ], [ -71.606437207174594, -35.850878150223295, 0.0 ], [ -71.607349446005259, -35.852515931999847, 0.0 ], [ -71.605959533644466, -35.852798935552826, 0.0 ], [ -71.606074991424123, -35.85323116990304, 0.0 ], [ -71.605137730352368, -35.853420905057426, 0.0 ], [ -71.605277163881055, -35.853957730484041, 0.0 ], [ -71.605574009038094, -35.855036508891807, 0.0 ], [ -71.605689079505709, -35.855115411311544, 0.0 ], [ -71.605833168620819, -35.855126274902879, 0.0 ], [ -71.607287025179275, -35.85462921122275, 0.0 ], [ -71.607396036963493, -35.854654295203467, 0.0 ], [ -71.607474696123958, -35.854730488920836, 0.0 ], [ -71.607858175005276, -35.855536552999844, 0.0 ], [ -71.608228529371544, -35.856070164395817, 0.0 ], [ -71.609373940957425, -35.856038145587824, 0.0 ], [ -71.610681939919175, -35.856143259102076, 0.0 ], [ -71.612717039744794, -35.85602904058922, 0.0 ], [ -71.613260612005433, -35.853977701999874, 0.0 ], [ -71.613479206206932, -35.852782112775813, 0.0 ], [ -71.613089867225725, -35.851630009238448, 0.0 ], [ -71.613053709005456, -35.850661042999874, 0.0 ], [ -71.612568575961873, -35.850030637673079, 0.0 ] ] ] } },
{ "type": "Feature", "properties": { "zona": "21" }, "geometry": { "type": "Polygon", "coordinates": [ [ [ -71.603937289195358, -35.858920070598124, 0.0 ], [ -71.605446675005297, -35.857150485999895, 0.0 ], [ -71.606656530111835, -35.856192537257769, 0.0 ], [ -71.60822852937153, -35.856070164395817, 0.0 ], [ -71.607858175005276, -35.855536552999844, 0.0 ], [ -71.607474696123944, -35.854730488920836, 0.0 ], [ -71.607396036963479, -35.854654295203467, 0.0 ], [ -71.607287025179275, -35.854629211222743, 0.0 ], [ -71.605833168620805, -35.855126274902879, 0.0 ], [ -71.603260714627211, -35.856716149504251, 0.0 ], [ -71.603884346005316, -35.858749343999875, 0.0 ], [ -71.603937289195358, -35.858920070598124, 0.0 ] ] ] } },
{ "type": "Feature", "properties": { "zona": "22" }, "geometry": { "type": "Polygon", "coordinates": [ [ [ -71.599258104515314, -35.857996090457661, 0.0 ], [ -71.599249751013843, -35.858008142167684, 0.0 ], [ -71.599155762304051, -35.858128304948472, 0.0 ], [ -71.59908080928237, -35.85818898120413, 0.0 ], [ -71.599059394133306, -35.858257985573282, 0.0 ], [ -71.598999907608189, -35.85838766619807, 0.0 ], [ -71.598996338416654, -35.858463808950319, 0.0 ], [ -71.598802412344654, -35.858694616667755, 0.0 ], [ -71.598466908342886, -35.859088417464342, 0.0 ], [ -71.598589450584555, -35.859409644700094, 0.0 ], [ -71.598698310925641, -35.85940250631706, 0.0 ], [ -71.598918411068738, -35.859319225181935, 0.0 ], [ -71.599196808006397, -35.859218098089173, 0.0 ], [ -71.599465687100121, -35.859210959706161, 0.0 ], [ -71.600081967500614, -35.859445336615188, 0.0 ], [ -71.60022592489149, -35.859528617750343, 0.0 ], [ -71.600300877913071, -35.859610709155028, 0.0 ], [ -71.600368692551811, -35.859682092985267, 0.0 ], [ -71.600484096410554, -35.859772512503469, 0.0 ], [ -71.60058641323387, -35.860065186207216, 0.0 ], [ -71.600661366255451, -35.860185348988011, 0.0 ], [ -71.600758924156764, -35.860231748477581, 0.0 ], [ -71.600806513376867, -35.860312650151812, 0.0 ], [ -71.600876364827585, -35.8603712038014, 0.0 ], [ -71.601370465914485, -35.860356145881092, 0.0 ], [ -71.60160482254436, -35.860382844251525, 0.0 ], [ -71.601792799963675, -35.860368567485473, 0.0 ], [ -71.601977208191741, -35.860179400335525, 0.0 ], [ -71.601999813071288, -35.860037822405673, 0.0 ], [ -71.602304384080071, -35.860044960788585, 0.0 ], [ -71.602495930691006, -35.859971197497501, 0.0 ], [ -71.602710082181474, -35.859836757950603, 0.0 ], [ -71.602886162295974, -35.859743958971421, 0.0 ], [ -71.603000376424291, -35.859560740474002, 0.0 ], [ -71.603190733304785, -35.859440577693263, 0.0 ], [ -71.60342927427061, -35.859349563309763, 0.0 ], [ -71.603541108937875, -35.859249625947463, 0.0 ], [ -71.603669599832116, -35.859075925294036, 0.0 ], [ -71.603620820881545, -35.858923639789673, 0.0 ], [ -71.603884941053252, -35.858751128866672, 0.0 ], [ -71.603260714627211, -35.856716149504251, 0.0 ], [ -71.602668537321236, -35.857090430345025, 0.0 ], [ -71.602154786955992, -35.856492889035955, 0.0 ], [ -71.601225496251402, -35.857099673980457, 0.0 ], [ -71.600838037518145, -35.856651527034145, 0.0 ], [ -71.60078785484616, -35.856708413084199, 0.0 ], [ -71.600621831037685, -35.856784114889734, 0.0 ], [ -71.600510633218491, -35.856854122444439, 0.0 ], [ -71.600471748142056, -35.856913550563029, 0.0 ], [ -71.600253875626535, -35.856988356735464, 0.0 ], [ -71.600196768562384, -35.857031187033549, 0.0 ], [ -71.600069281081133, -35.857071107429199, 0.0 ], [ -71.599961201922909, -35.857104950324739, 0.0 ], [ -71.599849367255516, -35.857223923375045, 0.0 ], [ -71.599685192377862, -35.857333564972535, 0.0 ], [ -71.599637595226028, -35.857445213248567, 0.0 ], [ -71.599258104515314, -35.857996090457661, 0.0 ] ] ] } },
{ "type": "Feature", "properties": { "zona": "23" }, "geometry": { "type": "Polygon", "coordinates": [ [ [ -71.600253875626535, -35.856988356735464, 0.0 ], [ -71.600061139285032, -35.856676647343683, 0.0 ], [ -71.599145594074201, -35.855458323651064, 0.0 ], [ -71.597866633783624, -35.855690321099068, 0.0 ], [ -71.597780378322113, -35.855380991168353, 0.0 ], [ -71.595900604127365, -35.855654629183952, 0.0 ], [ -71.594255801707106, -35.85600262535614, 0.0 ], [ -71.593650984005137, -35.856149645999885, 0.0 ], [ -71.594080385859939, -35.857241372757471, 0.0 ], [ -71.594515827224171, -35.857940934293318, 0.0 ], [ -71.594801362544985, -35.858390652423672, 0.0 ], [ -71.595388325005146, -35.859137740999927, 0.0 ], [ -71.596064792261529, -35.859811462532029, 0.0 ], [ -71.596146680005177, -35.8597564129999, 0.0 ], [ -71.596595406741244, -35.859647761328553, 0.0 ], [ -71.598026057670964, -35.859406840901812, 0.0 ], [ -71.598589680598991, -35.859405484609042, 0.0 ], [ -71.598467138357265, -35.859087826564739, 0.0 ], [ -71.59899537870055, -35.858464407781241, 0.0 ], [ -71.59900251708352, -35.858381126645995, 0.0 ], [ -71.59905861287676, -35.858257632619811, 0.0 ], [ -71.599078659835783, -35.858188390304527, 0.0 ], [ -71.599157836400749, -35.858127000210615, 0.0 ], [ -71.599253788165782, -35.85799708163961, 0.0 ], [ -71.599637595226028, -35.857445213248567, 0.0 ], [ -71.599689943368205, -35.857326240198262, 0.0 ], [ -71.599849367255516, -35.857223923375045, 0.0 ], [ -71.599961201922909, -35.857104950324739, 0.0 ], [ -71.600196768562384, -35.857031187033549, 0.0 ], [ -71.600253875626535, -35.856988356735464, 0.0 ] ] ] } },
{ "type": "Feature", "properties": { "zona": "24" }, "geometry": { "type": "Polygon", "coordinates": [ [ [ -71.603884941053252, -35.858751128866672, 0.0 ], [ -71.603620820881545, -35.858923639789673, 0.0 ], [ -71.603669599832116, -35.859075925294036, 0.0 ], [ -71.603541108937875, -35.859249625947463, 0.0 ], [ -71.60342927427061, -35.859349563309763, 0.0 ], [ -71.603198466553039, -35.859435223905969, 0.0 ], [ -71.603000971289504, -35.859558955878178, 0.0 ], [ -71.602886757161258, -35.859742174375619, 0.0 ], [ -71.602701159202823, -35.859839732276946, 0.0 ], [ -71.602498905017313, -35.859965843710249, 0.0 ], [ -71.602306168675781, -35.860041986462399, 0.0 ], [ -71.602001597667069, -35.860037227540367, 0.0 ], [ -71.601980182518048, -35.860177615739765, 0.0 ], [ -71.601789825637482, -35.860367972620224, 0.0 ], [ -71.601601848217967, -35.860379869925218, 0.0 ], [ -71.601380558344417, -35.860358454776105, 0.0 ], [ -71.600876112611331, -35.860370352081247, 0.0 ], [ -71.60080620404689, -35.860312293232631, 0.0 ], [ -71.600758614826759, -35.8602318674507, 0.0 ], [ -71.600661532817711, -35.860184754122834, 0.0 ], [ -71.600585612148592, -35.860064416848161, 0.0 ], [ -71.600482819433111, -35.85977221903665, 0.0 ], [ -71.600371460658039, -35.859682751302813, 0.0 ], [ -71.600225837644459, -35.859526658660847, 0.0 ], [ -71.600083069984095, -35.859447660555361, 0.0 ], [ -71.599467265475795, -35.859208762670441, 0.0 ], [ -71.599196958705519, -35.859217328730026, 0.0 ], [ -71.598699175463068, -35.859402926688517, 0.0 ], [ -71.59858876847241, -35.859409589179279, 0.0 ], [ -71.598030427947293, -35.859405068203451, 0.0 ], [ -71.597199996056133, -35.85954545640277, 0.0 ], [ -71.596595406741244, -35.859647761328553, 0.0 ], [ -71.596146680005177, -35.8597564129999, 0.0 ], [ -71.596064792261529, -35.859811462532029, 0.0 ], [ -71.597320805441726, -35.860968110444659, 0.0 ], [ -71.599575340005188, -35.863103027999898, 0.0 ], [ -71.601922146329287, -35.864993587767451, 0.0 ], [ -71.604060794310257, -35.860426867694898, 0.0 ], [ -71.603938478925897, -35.858920070598103, 0.0 ], [ -71.603884941053252, -35.858751128866672, 0.0 ] ] ] } },
{ "type": "Feature", "properties": { "zona": "25" }, "geometry": { "type": "Polygon", "coordinates": [ [ [ -71.597258994064077, -35.865116214194281, 0.0 ], [ -71.59807047000524, -35.866214640999843, 0.0 ], [ -71.599069929598784, -35.869637206573344, 0.0 ], [ -71.599288115005237, -35.870467597999877, 0.0 ], [ -71.5983581757949, -35.870699720577939, 0.0 ], [ -71.598559361005215, -35.870874301999898, 0.0 ], [ -71.599468598005174, -35.871590506999858, 0.0 ], [ -71.599645966005241, -35.872376415999874, 0.0 ], [ -71.599183151005178, -35.873975595999809, 0.0 ], [ -71.599333718005241, -35.874877999999825, 0.0 ], [ -71.600322334005213, -35.873895226999821, 0.0 ], [ -71.601097845005199, -35.872931574999775, 0.0 ], [ -71.601202979005166, -35.872178754999851, 0.0 ], [ -71.601850536005159, -35.871613645999822, 0.0 ], [ -71.602883315005244, -35.871235546999877, 0.0 ], [ -71.60376492400529, -35.871592840999782, 0.0 ], [ -71.6060743300052, -35.871197115999827, 0.0 ], [ -71.606590035005311, -35.870860921999842, 0.0 ], [ -71.606747092005349, -35.870483958999891, 0.0 ], [ -71.606617037005307, -35.869875667999857, 0.0 ], [ -71.605053227005286, -35.86823886699986, 0.0 ], [ -71.601922146329287, -35.864993587767451, 0.0 ], [ -71.599575340005188, -35.863103027999898, 0.0 ], [ -71.599960492770677, -35.864349046754668, 0.0 ], [ -71.597661423749173, -35.864999769559248, 0.0 ], [ -71.597487693020767, -35.865072495376189, 0.0 ], [ -71.597258994064077, -35.865116214194281, 0.0 ] ] ] } },
{ "type": "Feature", "properties": { "zona": "26" }, "geometry": { "type": "Polygon", "coordinates": [ [ [ -71.594629209151691, -35.871859747314026, 0.0 ], [ -71.595820057515681, -35.871482008305151, 0.0 ], [ -71.593709746311077, -35.866862804330999, 0.0 ], [ -71.585688573133552, -35.870825934614722, 0.0 ], [ -71.58710889265609, -35.874194513504875, 0.0 ], [ -71.586935766614417, -35.874493000168343, 0.0 ], [ -71.586666933751829, -35.874767793472238, 0.0 ], [ -71.586340472005034, -35.87491880899983, 0.0 ], [ -71.586913827004892, -35.874946477999863, 0.0 ], [ -71.588024426005035, -35.874943509999852, 0.0 ], [ -71.588629025004934, -35.874403796999914, 0.0 ], [ -71.589395379005055, -35.874124092999921, 0.0 ], [ -71.589948467236255, -35.874103640575392, 0.0 ], [ -71.590548200814837, -35.873964783883658, 0.0 ], [ -71.592698633207519, -35.873783161612245, 0.0 ], [ -71.593107227163131, -35.873684205168068, 0.0 ], [ -71.593901279044744, -35.873360601209612, 0.0 ], [ -71.593978417248721, -35.873168454519174, 0.0 ], [ -71.594020781143072, -35.872731141421092, 0.0 ], [ -71.594225236621625, -35.872263911104369, 0.0 ], [ -71.594629209151691, -35.871859747314026, 0.0 ] ] ] } },
{ "type": "Feature", "properties": { "zona": "27" }, "geometry": { "type": "Polygon", "coordinates": [ [ [ -71.575184579047445, -35.863219696940135, 0.0 ], [ -71.577788975004864, -35.868339789999879, 0.0 ], [ -71.582523571004984, -35.865978408999922, 0.0 ], [ -71.58280381700493, -35.864962079999806, 0.0 ], [ -71.582402208100348, -35.864000320261631, 0.0 ], [ -71.582383760604401, -35.863640296625256, 0.0 ], [ -71.582310949097717, -35.863503239671388, 0.0 ], [ -71.580676021440524, -35.86146348638173, 0.0 ], [ -71.580618393949578, -35.861337601176722, 0.0 ], [ -71.580380130004968, -35.861304348999838, 0.0 ], [ -71.579703297781379, -35.861120843996822, 0.0 ], [ -71.579210273460973, -35.860966654923686, 0.0 ], [ -71.579052536004923, -35.860884752999887, 0.0 ], [ -71.577345984004822, -35.858646257999837, 0.0 ], [ -71.575997043366314, -35.859130560688293, 0.0 ], [ -71.572731233135769, -35.859883660096656, 0.0 ], [ -71.571264064956125, -35.86023951624923, 0.0 ], [ -71.566325788168825, -35.861645675602468, 0.0 ], [ -71.560313076121247, -35.864027585651208, 0.0 ], [ -71.55693521561426, -35.864773767383852, 0.0 ], [ -71.557548371004657, -35.86564555799994, 0.0 ], [ -71.557537544303244, -35.865854447823601, 0.0 ], [ -71.557729341004631, -35.866195116103725, 0.0 ], [ -71.558393425748719, -35.867310379620982, 0.0 ], [ -71.558684617004701, -35.867802696999895, 0.0 ], [ -71.575184579047445, -35.863219696940135, 0.0 ] ] ] } },
{ "type": "Feature", "properties": { "zona": "28" }, "geometry": { "type": "Polygon", "coordinates": [ [ [ -71.551085674565144, -35.869778629501653, 0.0 ], [ -71.550991371255691, -35.869981374134589, 0.0 ], [ -71.549323793190979, -35.870959574255949, 0.0 ], [ -71.548100030567269, -35.871693683501029, 0.0 ], [ -71.548792094558053, -35.872883651844376, 0.0 ], [ -71.551985333178251, -35.871041540509843, 0.0 ], [ -71.551643203004602, -35.870388972999862, 0.0 ], [ -71.552030414162772, -35.870072362532547, 0.0 ], [ -71.551521898850282, -35.869382046204784, 0.0 ], [ -71.558393425748719, -35.867310379620982, 0.0 ], [ -71.557537544303244, -35.865854447823601, 0.0 ], [ -71.557548371004657, -35.86564555799994, 0.0 ], [ -71.55693521561426, -35.864773767383852, 0.0 ], [ -71.556599176225134, -35.864847993817946, 0.0 ], [ -71.555839213064715, -35.865230661846375, 0.0 ], [ -71.554413317371981, -35.865907998636743, 0.0 ], [ -71.55223944100463, -35.867184796999894, 0.0 ], [ -71.55125673917037, -35.868051085710853, 0.0 ], [ -71.550762662900709, -35.868629995320148, 0.0 ], [ -71.550697520458428, -35.868787940665172, 0.0 ], [ -71.550738559120418, -35.868995657424023, 0.0 ], [ -71.551073800735239, -35.869557322298867, 0.0 ], [ -71.551085674565144, -35.869778629501653, 0.0 ] ] ] } },
{ "type": "Feature", "properties": { "zona": "29" }, "geometry": { "type": "Polygon", "coordinates": [ [ [ -71.548100030567269, -35.871693683501036, 0.0 ], [ -71.549341911551181, -35.870948705245006, 0.0 ], [ -71.550991371255691, -35.869981374134582, 0.0 ], [ -71.551085674565158, -35.86977862950166, 0.0 ], [ -71.551073800735239, -35.869557322298867, 0.0 ], [ -71.550738559120433, -35.868995657424001, 0.0 ], [ -71.550697520458428, -35.868787940665186, 0.0 ], [ -71.550762662900723, -35.868629995320163, 0.0 ], [ -71.551256739170384, -35.868051085710853, 0.0 ], [ -71.552239441004616, -35.867184796999894, 0.0 ], [ -71.554413317371981, -35.865907998636743, 0.0 ], [ -71.555839213064715, -35.865230661846383, 0.0 ], [ -71.554795922484573, -35.863966251676771, 0.0 ], [ -71.552267489004592, -35.864761335999916, 0.0 ], [ -71.550769296004546, -35.861467617999907, 0.0 ], [ -71.550201368004593, -35.861630807999937, 0.0 ], [ -71.551232761004542, -35.8646621299999, 0.0 ], [ -71.550216954004526, -35.864969955999932, 0.0 ], [ -71.550270101004557, -35.865531477999923, 0.0 ], [ -71.548547885004538, -35.866113287999887, 0.0 ], [ -71.54834811300455, -35.865502154999895, 0.0 ], [ -71.5472894660045, -35.865505746999879, 0.0 ], [ -71.54708739500451, -35.865167573999869, 0.0 ], [ -71.546781721004521, -35.865274001999914, 0.0 ], [ -71.546977411004505, -35.865480258999931, 0.0 ], [ -71.546935176004538, -35.865988727999891, 0.0 ], [ -71.542786778004441, -35.86551158899988, 0.0 ], [ -71.542745961004485, -35.865317810999905, 0.0 ], [ -71.542299177004466, -35.86524289799992, 0.0 ], [ -71.541984258004447, -35.865770543999858, 0.0 ], [ -71.541453698004432, -35.865705089999906, 0.0 ], [ -71.54133891000447, -35.866088588999908, 0.0 ], [ -71.540895279004474, -35.866100695999876, 0.0 ], [ -71.540523091004431, -35.866371618999914, 0.0 ], [ -71.541139809004434, -35.86664537299994, 0.0 ], [ -71.540994875004429, -35.866925416999898, 0.0 ], [ -71.541662922004448, -35.867728335999914, 0.0 ], [ -71.542008655004466, -35.867454366999887, 0.0 ], [ -71.542432909004461, -35.867583613999912, 0.0 ], [ -71.542549555633585, -35.867438438882942, 0.0 ], [ -71.546088868554079, -35.867754754430244, 0.0 ], [ -71.546422845527431, -35.86891166665314, 0.0 ], [ -71.549505190721305, -35.867634782509114, 0.0 ], [ -71.550233097778118, -35.868954799358264, 0.0 ], [ -71.548208125241914, -35.871287566522703, 0.0 ], [ -71.547880426231771, -35.871362885312244, 0.0 ], [ -71.548100030567269, -35.871693683501036, 0.0 ] ] ] } },
{ "type": "Feature", "properties": { "zona": "30" }, "geometry": { "type": "Polygon", "coordinates": [ [ [ -71.571264064956125, -35.86023951624923, 0.0 ], [ -71.569208582004848, -35.856994256999904, 0.0 ], [ -71.56778889000482, -35.858024302999915, 0.0 ], [ -71.566434940004754, -35.85954325299992, 0.0 ], [ -71.563527626004685, -35.860639569999869, 0.0 ], [ -71.562031797004735, -35.859402056999897, 0.0 ], [ -71.559741126004695, -35.860633136999915, 0.0 ], [ -71.558404156004627, -35.862828878999892, 0.0 ], [ -71.555116717157745, -35.864357796044899, 0.0 ], [ -71.555839213064715, -35.865230661846375, 0.0 ], [ -71.556599176225134, -35.864847993817946, 0.0 ], [ -71.560313076121247, -35.864027585651208, 0.0 ], [ -71.566325788168825, -35.861645675602468, 0.0 ], [ -71.571264064956125, -35.86023951624923, 0.0 ] ] ] } },
{ "type": "Feature", "properties": { "zona": "31" }, "geometry": { "type": "Polygon", "coordinates": [ [ [ -71.577828016825663, -35.85475281735247, 0.0 ], [ -71.576653323149927, -35.853222346050551, 0.0 ], [ -71.575928839082906, -35.852643053656472, 0.0 ], [ -71.577938231116946, -35.85135678499838, 0.0 ], [ -71.575004216497419, -35.847825431104809, 0.0 ], [ -71.572464670362024, -35.849261438322841, 0.0 ], [ -71.566483253091988, -35.852643272445874, 0.0 ], [ -71.569208582004819, -35.856994256999876, 0.0 ], [ -71.571264064956083, -35.86023951624923, 0.0 ], [ -71.572642003347937, -35.859912213628711, 0.0 ], [ -71.571889141965428, -35.858483376591145, 0.0 ], [ -71.571717857413603, -35.858163794704055, 0.0 ], [ -71.575747654973981, -35.85591429909843, 0.0 ], [ -71.577828016825663, -35.85475281735247, 0.0 ] ] ] } },
{ "type": "Feature", "properties": { "zona": "32" }, "geometry": { "type": "Polygon", "coordinates": [ [ [ -71.582077868870982, -35.852379880376567, 0.0 ], [ -71.58336523552984, -35.855666347148023, 0.0 ], [ -71.586127207542674, -35.855061767137947, 0.0 ], [ -71.587807024098652, -35.854677658039726, 0.0 ], [ -71.58660810375018, -35.851476751999336, 0.0 ], [ -71.586475967764812, -35.851123954179791, 0.0 ], [ -71.58496112315315, -35.85145824763358, 0.0 ], [ -71.583480561215566, -35.851778107513155, 0.0 ], [ -71.582021862427709, -35.852068177655333, 0.0 ], [ -71.582077868870982, -35.852379880376567, 0.0 ] ] ] } },
{ "type": "Feature", "properties": { "zona": "33" }, "geometry": { "type": "Polygon", "coordinates": [ [ [ -71.579685825042603, -35.848639209758609, 0.0 ], [ -71.580955942004934, -35.848310084999916, 0.0 ], [ -71.581116199604637, -35.848618416143424, 0.0 ], [ -71.582676298914407, -35.848159000099756, 0.0 ], [ -71.583597209300322, -35.847928579965775, 0.0 ], [ -71.583541542489996, -35.84778266502326, 0.0 ], [ -71.58350203985735, -35.847679120057371, 0.0 ], [ -71.58338592216019, -35.847549677378559, 0.0 ], [ -71.58317272245408, -35.847399295442912, 0.0 ], [ -71.583100386839362, -35.847315538415494, 0.0 ], [ -71.583028051224858, -35.847189902874369, 0.0 ], [ -71.582513652708201, -35.845922391118506, 0.0 ], [ -71.582386962970816, -35.845610212176148, 0.0 ], [ -71.580865112312623, -35.845872721646025, 0.0 ], [ -71.578613043128769, -35.846870785524878, 0.0 ], [ -71.57954339006703, -35.848264072870883, 0.0 ], [ -71.57957391429926, -35.848465107410988, 0.0 ], [ -71.579685825042603, -35.848639209758609, 0.0 ] ] ] } },
{ "type": "Feature", "properties": { "zona": "34" }, "geometry": { "type": "Polygon", "coordinates": [ [ [ -71.560493663508922, -35.840009200522225, 0.0 ], [ -71.566483253092017, -35.852643272445889, 0.0 ], [ -71.575598243718062, -35.847489518655529, 0.0 ], [ -71.573555238497789, -35.843131535821932, 0.0 ], [ -71.574790925004891, -35.842356287999884, 0.0 ], [ -71.57459744241865, -35.84215072199499, 0.0 ], [ -71.574495963004878, -35.841889560999846, 0.0 ], [ -71.573411376285208, -35.840461186697844, 0.0 ], [ -71.573295377561237, -35.840386828541384, 0.0 ], [ -71.573163644651217, -35.840354348898586, 0.0 ], [ -71.573016593961029, -35.840365770311436, 0.0 ], [ -71.572262128561718, -35.840723391865701, 0.0 ], [ -71.572019153650473, -35.840826404219008, 0.0 ], [ -71.571892090432698, -35.840840680985089, 0.0 ], [ -71.571769310244775, -35.840814982806137, 0.0 ], [ -71.571647957733489, -35.840716473120537, 0.0 ], [ -71.570771861858546, -35.839660595227919, 0.0 ], [ -71.569263023966869, -35.838022447369227, 0.0 ], [ -71.566826376580863, -35.839117792585789, 0.0 ], [ -71.566667428585717, -35.839148249686609, 0.0 ], [ -71.566507528805985, -35.839127072483684, 0.0 ], [ -71.565485224534939, -35.837639905134942, 0.0 ], [ -71.560493663508922, -35.840009200522225, 0.0 ] ] ] } },
{ "type": "Feature", "properties": { "zona": "35" }, "geometry": { "type": "Polygon", "coordinates": [ [ [ -71.570771861858546, -35.839660595227919, 0.0 ], [ -71.57134974647937, -35.839348576925907, 0.0 ], [ -71.571553050895218, -35.839113469921188, 0.0 ], [ -71.571789173845346, -35.838666034352578, 0.0 ], [ -71.572036716160426, -35.838259358452824, 0.0 ], [ -71.572268469204758, -35.838089845443172, 0.0 ], [ -71.572574854016153, -35.837782801149622, 0.0 ], [ -71.573094535668758, -35.836976270371615, 0.0 ], [ -71.571856603217995, -35.836928749831429, 0.0 ], [ -71.564725312512422, -35.836572364174231, 0.0 ], [ -71.565485224534967, -35.837639905134942, 0.0 ], [ -71.566039250880053, -35.838462726970761, 0.0 ], [ -71.566507528806071, -35.839127072483684, 0.0 ], [ -71.566667428585717, -35.839148249686609, 0.0 ], [ -71.56682637658092, -35.839117792585782, 0.0 ], [ -71.569263023966897, -35.838022447369227, 0.0 ], [ -71.570771861858546, -35.839660595227919, 0.0 ] ] ] } },
{ "type": "Feature", "properties": { "zona": "36" }, "geometry": { "type": "Polygon", "coordinates": [ [ [ -71.565485224534953, -35.837639905134949, 0.0 ], [ -71.564725312512422, -35.836572364174224, 0.0 ], [ -71.564411404756086, -35.836077625102568, 0.0 ], [ -71.562243893863211, -35.8328703877321, 0.0 ], [ -71.561591788101509, -35.832536118950529, 0.0 ], [ -71.55950608100467, -35.833314511999902, 0.0 ], [ -71.552065198004613, -35.836352207999859, 0.0 ], [ -71.555799002004647, -35.842476610999867, 0.0 ], [ -71.557028582004676, -35.841857829999903, 0.0 ], [ -71.560493663508936, -35.840009200522225, 0.0 ], [ -71.565485224534953, -35.837639905134949, 0.0 ] ] ] } },
{ "type": "Feature", "properties": { "zona": "37" }, "geometry": { "type": "Polygon", "coordinates": [ [ [ -71.568574715580681, -35.836764737770864, 0.0 ], [ -71.568573021832165, -35.836680283471658, 0.0 ], [ -71.568429898004766, -35.836476711999929, 0.0 ], [ -71.568108273782599, -35.835955635847277, 0.0 ], [ -71.567961597054889, -35.835526133127935, 0.0 ], [ -71.567989112098886, -35.83518466251536, 0.0 ], [ -71.564411404756086, -35.836077625102575, 0.0 ], [ -71.564725312512422, -35.836572364174231, 0.0 ], [ -71.568574715580681, -35.836764737770864, 0.0 ] ] ] } },
{ "type": "Feature", "properties": { "zona": "38" }, "geometry": { "type": "Polygon", "coordinates": [ [ [ -71.572659110182158, -35.827938507637562, 0.0 ], [ -71.58188525081853, -35.824365234758709, 0.0 ], [ -71.573461737004791, -35.813614788999928, 0.0 ], [ -71.569325247004798, -35.816228197999926, 0.0 ], [ -71.571318711004835, -35.81893203699979, 0.0 ], [ -71.566745634004775, -35.821662109999913, 0.0 ], [ -71.572392361004887, -35.827078350999884, 0.0 ], [ -71.572659110182158, -35.827938507637562, 0.0 ] ] ] } },
{ "type": "Feature", "properties": { "zona": "39" }, "geometry": { "type": "Polygon", "coordinates": [ [ [ -71.572016248004857, -35.835977815999918, 0.0 ], [ -71.576402723240463, -35.834011638514937, 0.0 ], [ -71.577170780711882, -35.832881762087041, 0.0 ], [ -71.57750018708893, -35.832500641095002, 0.0 ], [ -71.577489829596885, -35.832383691457501, 0.0 ], [ -71.577431228873053, -35.832272282543229, 0.0 ], [ -71.577427294339117, -35.832150687007989, 0.0 ], [ -71.577552011421034, -35.831985771129794, 0.0 ], [ -71.577989261799956, -35.831773586884943, 0.0 ], [ -71.578128331162461, -35.831635403354547, 0.0 ], [ -71.578587061004939, -35.830796366999834, 0.0 ], [ -71.57749217967168, -35.831552914975831, 0.0 ], [ -71.572804847027754, -35.833447071284091, 0.0 ], [ -71.57066743340765, -35.834322345846601, 0.0 ], [ -71.569944077261809, -35.8345964597546, 0.0 ], [ -71.568234672474844, -35.835133266157591, 0.0 ], [ -71.567989112098886, -35.83518466251536, 0.0 ], [ -71.567961597054889, -35.835526133127935, 0.0 ], [ -71.568108273782599, -35.835955635847277, 0.0 ], [ -71.568429898004709, -35.836476711999929, 0.0 ], [ -71.568573021832165, -35.836680283471658, 0.0 ], [ -71.568574715580681, -35.836764737770864, 0.0 ], [ -71.571856603218023, -35.836928749831443, 0.0 ], [ -71.572016248004857, -35.835977815999918, 0.0 ] ] ] } },
{ "type": "Feature", "properties": { "zona": "40" }, "geometry": { "type": "Polygon", "coordinates": [ [ [ -71.574657516319149, -35.837085860353064, 0.0 ], [ -71.574810719953561, -35.836816363099778, 0.0 ], [ -71.57487279524814, -35.836783380851735, 0.0 ], [ -71.576201555683738, -35.8342947161563, 0.0 ], [ -71.576363195809748, -35.834130491432404, 0.0 ], [ -71.576402723240449, -35.834011638514923, 0.0 ], [ -71.572016248004857, -35.835977815999897, 0.0 ], [ -71.571856603217995, -35.836928749831429, 0.0 ], [ -71.573094535668758, -35.836976270371615, 0.0 ], [ -71.574657516319149, -35.837085860353064, 0.0 ] ] ] } },
{ "type": "Feature", "properties": { "zona": "41" }, "geometry": { "type": "Polygon", "coordinates": [ [ [ -71.578592019226633, -35.833054542435178, 0.0 ], [ -71.579696162442474, -35.834729326537875, 0.0 ], [ -71.58332333800503, -35.833281231999848, 0.0 ], [ -71.583080474714976, -35.832948086159846, 0.0 ], [ -71.582547118530599, -35.832267857744718, 0.0 ], [ -71.582370086631684, -35.83201373130931, 0.0 ], [ -71.582128373046757, -35.831493251975665, 0.0 ], [ -71.579679840598104, -35.832578955852277, 0.0 ], [ -71.578608440524931, -35.833047363291485, 0.0 ], [ -71.578592019226633, -35.833054542435178, 0.0 ] ] ] } },
{ "type": "Feature", "properties": { "zona": "42" }, "geometry": { "type": "Polygon", "coordinates": [ [ [ -71.582194939004992, -35.839487783999907, 0.0 ], [ -71.583786896399175, -35.83893767715761, 0.0 ], [ -71.583738433160761, -35.838798018429735, 0.0 ], [ -71.5850329823284, -35.838348056801692, 0.0 ], [ -71.586126335479634, -35.837985098406044, 0.0 ], [ -71.585355532450606, -35.836550006256061, 0.0 ], [ -71.584374889604589, -35.834648726598971, 0.0 ], [ -71.583321978109396, -35.835019446623804, 0.0 ], [ -71.581949386028015, -35.835571600550253, 0.0 ], [ -71.581357392789158, -35.835770322548683, 0.0 ], [ -71.58049550500499, -35.836067474999851, 0.0 ], [ -71.582194939004992, -35.839487783999907, 0.0 ] ] ] } },
{ "type": "Feature", "properties": { "zona": "43" }, "geometry": { "type": "Polygon", "coordinates": [ [ [ -71.58213729602555, -35.831430791124262, 0.0 ], [ -71.581761936051834, -35.829226220502228, 0.0 ], [ -71.581177123004878, -35.829302336999831, 0.0 ], [ -71.580407518004975, -35.829440816999927, 0.0 ], [ -71.57953626600488, -35.82990659599983, 0.0 ], [ -71.578587061004939, -35.830796366999834, 0.0 ], [ -71.578128331162461, -35.831635403354547, 0.0 ], [ -71.577989261799956, -35.831773586884943, 0.0 ], [ -71.577552011421034, -35.831985771129794, 0.0 ], [ -71.577427294339117, -35.832150687007989, 0.0 ], [ -71.577418867885712, -35.832256596374251, 0.0 ], [ -71.577486886115793, -35.832378093177866, 0.0 ], [ -71.57750018708893, -35.832500641095002, 0.0 ], [ -71.577170780711882, -35.832881762087041, 0.0 ], [ -71.576402723240463, -35.834011638514937, 0.0 ], [ -71.582128373046757, -35.831493251975701, 0.0 ], [ -71.58213729602555, -35.831430791124262, 0.0 ] ] ] } },
{ "type": "Feature", "properties": { "zona": "44" }, "geometry": { "type": "Polygon", "coordinates": [ [ [ -71.575616105535346, -35.816366820073085, 0.0 ], [ -71.581934050398075, -35.824428433960804, 0.0 ], [ -71.582882646327846, -35.8237299659827, 0.0 ], [ -71.584385006004936, -35.823052953999884, 0.0 ], [ -71.585439948244044, -35.82247727593608, 0.0 ], [ -71.585656500005001, -35.821693889999892, 0.0 ], [ -71.584691845703688, -35.815303201003481, 0.0 ], [ -71.581264944004957, -35.818272081999922, 0.0 ], [ -71.578520863004869, -35.815743732999877, 0.0 ], [ -71.576177658332782, -35.816033695532276, 0.0 ], [ -71.575616105535346, -35.816366820073085, 0.0 ] ] ] } },
{ "type": "Feature", "properties": { "zona": "45" }, "geometry": { "type": "Polygon", "coordinates": [ [ [ -71.58858460425229, -35.826692134188526, 0.0 ], [ -71.59296281250343, -35.824831300503376, 0.0 ], [ -71.592241835818641, -35.823617775390247, 0.0 ], [ -71.592327496414796, -35.823228019677458, 0.0 ], [ -71.591949162114872, -35.822407105630433, 0.0 ], [ -71.589293683632064, -35.823435032785028, 0.0 ], [ -71.588355650005113, -35.821525679999915, 0.0 ], [ -71.585439948244044, -35.82247727593608, 0.0 ], [ -71.584221900005062, -35.823134074999928, 0.0 ], [ -71.582882646327846, -35.8237299659827, 0.0 ], [ -71.581935002182476, -35.824433192882907, 0.0 ], [ -71.581812935832858, -35.825172729363501, 0.0 ], [ -71.581655891406413, -35.828263649210093, 0.0 ], [ -71.581763918936105, -35.829229234486213, 0.0 ], [ -71.583270078095211, -35.82906088761991, 0.0 ], [ -71.584051731035629, -35.828796767448296, 0.0 ], [ -71.584972582445019, -35.828372033658816, 0.0 ], [ -71.586672469387779, -35.827557306210288, 0.0 ], [ -71.58858460425229, -35.826692134188526, 0.0 ] ] ] } },
{ "type": "Feature", "properties": { "zona": "46" }, "geometry": { "type": "Polygon", "coordinates": [ [ [ -71.587203941838354, -35.82987312753869, 0.0 ], [ -71.591047604175088, -35.828577709309116, 0.0 ], [ -71.592076483114241, -35.828241729415083, 0.0 ], [ -71.592483846838604, -35.828124659933565, 0.0 ], [ -71.593951974279577, -35.827635442750648, 0.0 ], [ -71.594597284104552, -35.827397020757822, 0.0 ], [ -71.592991917005094, -35.82487663299986, 0.0 ], [ -71.59296281250343, -35.824831300503376, 0.0 ], [ -71.590479174712669, -35.825886900556505, 0.0 ], [ -71.588555133871594, -35.826705468472262, 0.0 ], [ -71.586939223005047, -35.827430525999901, 0.0 ], [ -71.585704266704312, -35.828040098848426, 0.0 ], [ -71.584048161844123, -35.828796767448296, 0.0 ], [ -71.583270078095211, -35.82906088761991, 0.0 ], [ -71.581762213655651, -35.829225308375563, 0.0 ], [ -71.581977316930505, -35.830493085199528, 0.0 ], [ -71.582131347372965, -35.831395099209146, 0.0 ], [ -71.58724598047985, -35.830120240408853, 0.0 ], [ -71.587203941838354, -35.82987312753869, 0.0 ] ] ] } },
{ "type": "Feature", "properties": { "zona": "47" }, "geometry": { "type": "Polygon", "coordinates": [ [ [ -71.590914970005116, -35.834712190999831, 0.0 ], [ -71.590042248250796, -35.832931381102249, 0.0 ], [ -71.589855482313254, -35.832680263943082, 0.0 ], [ -71.589446280005021, -35.832200432999912, 0.0 ], [ -71.588440436182282, -35.831264289119027, 0.0 ], [ -71.587274779912249, -35.830289530141172, 0.0 ], [ -71.587245980479892, -35.830120240408924, 0.0 ], [ -71.582131347372965, -35.831395099209146, 0.0 ], [ -71.58213729602555, -35.831430791124262, 0.0 ], [ -71.582128373046757, -35.831493251975701, 0.0 ], [ -71.582370086631698, -35.83201373130931, 0.0 ], [ -71.582547118530655, -35.832267857744753, 0.0 ], [ -71.583053838872146, -35.832914115508245, 0.0 ], [ -71.583714725228901, -35.83376018810953, 0.0 ], [ -71.584374889604604, -35.834648726598971, 0.0 ], [ -71.585355532450677, -35.836550006256061, 0.0 ], [ -71.590914970005116, -35.834712190999831, 0.0 ] ] ] } },
{ "type": "Feature", "properties": { "zona": "48" }, "geometry": { "type": "Polygon", "coordinates": [ [ [ -71.590914970005116, -35.834712190999831, 0.0 ], [ -71.587984630895505, -35.835680890057702, 0.0 ], [ -71.588574917005033, -35.839310354999895, 0.0 ], [ -71.588684492679434, -35.83895009479938, 0.0 ], [ -71.588993421214539, -35.838247272097192, 0.0 ], [ -71.589231009544804, -35.837844624951792, 0.0 ], [ -71.589597928756262, -35.837311813333308, 0.0 ], [ -71.589842793185795, -35.837035474565212, 0.0 ], [ -71.5915065684909, -35.835369572414102, 0.0 ], [ -71.590914970005116, -35.834712190999831, 0.0 ] ] ] } },
{ "type": "Feature", "properties": { "zona": "49" }, "geometry": { "type": "Polygon", "coordinates": [ [ [ -71.602111694701932, -35.836481358717521, 0.0 ], [ -71.605056790129666, -35.835062829307802, 0.0 ], [ -71.606352215216731, -35.834417908583596, 0.0 ], [ -71.608371477487609, -35.833548024205612, 0.0 ], [ -71.609598190005372, -35.833023146999892, 0.0 ], [ -71.609096448439715, -35.832899757325045, 0.0 ], [ -71.607733017283195, -35.832835511877889, 0.0 ], [ -71.606305340679583, -35.832621360387343, 0.0 ], [ -71.605207211556348, -35.832285579133938, 0.0 ], [ -71.603235807163628, -35.831712582955092, 0.0 ], [ -71.600986119452045, -35.833315416986075, 0.0 ], [ -71.602111694701932, -35.836481358717521, 0.0 ] ] ] } },
{ "type": "Feature", "properties": { "zona": "50" }, "geometry": { "type": "Polygon", "coordinates": [ [ [ -71.611051194005412, -35.8414147169999, 0.0 ], [ -71.611230160005377, -35.841793502999906, 0.0 ], [ -71.612118732378732, -35.841627073122176, 0.0 ], [ -71.612748495005405, -35.843052333999864, 0.0 ], [ -71.614326884056169, -35.842744659868423, 0.0 ], [ -71.614915139714057, -35.842627440931622, 0.0 ], [ -71.613460190073738, -35.838438393224592, 0.0 ], [ -71.612890304005447, -35.836869373999896, 0.0 ], [ -71.614334629933879, -35.836032222122554, 0.0 ], [ -71.614188622005472, -35.835727787999872, 0.0 ], [ -71.612152334005359, -35.836300687999888, 0.0 ], [ -71.610694182031892, -35.836613215035896, 0.0 ], [ -71.608212058601296, -35.837150204371227, 0.0 ], [ -71.609116470447134, -35.840123023723862, 0.0 ], [ -71.609604332865814, -35.841668138207858, 0.0 ], [ -71.611051194005412, -35.8414147169999, 0.0 ] ] ] } },
{ "type": "Feature", "properties": { "zona": "51" }, "geometry": { "type": "Polygon", "coordinates": [ [ [ -71.610779064668876, -35.845949368969279, 0.0 ], [ -71.611203508005261, -35.847438345999862, 0.0 ], [ -71.611213742804139, -35.847434669406283, 0.0 ], [ -71.611808585532259, -35.849612448931921, 0.0 ], [ -71.612516410960538, -35.849393847362698, 0.0 ], [ -71.612860680533259, -35.848995258087953, 0.0 ], [ -71.615025781005471, -35.848712940999903, 0.0 ], [ -71.614522341005326, -35.845971010454093, 0.0 ], [ -71.614532041573796, -35.845964642058213, 0.0 ], [ -71.61413289304484, -35.843755651423486, 0.0 ], [ -71.614019676010102, -35.843367195891496, 0.0 ], [ -71.613866927375909, -35.842834321223549, 0.0 ], [ -71.6127474622036, -35.843048171196934, 0.0 ], [ -71.610192785103933, -35.843639600320991, 0.0 ], [ -71.610779064668876, -35.845949368969279, 0.0 ] ] ] } },
{ "type": "Feature", "properties": { "zona": "52" }, "geometry": { "type": "Polygon", "coordinates": [ [ [ -71.606486126438313, -35.846687778811514, 0.0 ], [ -71.607402890768, -35.848845088757734, 0.0 ], [ -71.607596405502633, -35.849297238305176, 0.0 ], [ -71.607787024356981, -35.849742616032131, 0.0 ], [ -71.60862775826979, -35.849701821884693, 0.0 ], [ -71.609040912213629, -35.849904656777746, 0.0 ], [ -71.609731972857631, -35.849938726694063, 0.0 ], [ -71.61014699595593, -35.849853226068717, 0.0 ], [ -71.610721147967993, -35.849796032164356, 0.0 ], [ -71.611157288583357, -35.849813587829978, 0.0 ], [ -71.611808585532259, -35.849612448931921, 0.0 ], [ -71.61121293141683, -35.847431698741296, 0.0 ], [ -71.611175048005379, -35.847388618999901, 0.0 ], [ -71.610770351669728, -35.845922168679159, 0.0 ], [ -71.610490623242129, -35.844816688607956, 0.0 ], [ -71.607283079005327, -35.845477857999917, 0.0 ], [ -71.607580952005335, -35.846305090999941, 0.0 ], [ -71.606486126438313, -35.846687778811514, 0.0 ] ] ] } },
{ "type": "Feature", "properties": { "zona": "53" }, "geometry": { "type": "Polygon", "coordinates": [ [ [ -71.619736936768646, -35.841637258064388, 0.0 ], [ -71.622143795005485, -35.847761715999823, 0.0 ], [ -71.623591933005471, -35.846880034999877, 0.0 ], [ -71.625155407005622, -35.846431335999839, 0.0 ], [ -71.626449457005592, -35.847283784999725, 0.0 ], [ -71.6282509870056, -35.847709467999877, 0.0 ], [ -71.629452625005669, -35.847649126999883, 0.0 ], [ -71.629652805260818, -35.845116249829069, 0.0 ], [ -71.629756956005636, -35.843611016999873, 0.0 ], [ -71.629933737457335, -35.841423401070863, 0.0 ], [ -71.630342846119504, -35.839752583210263, 0.0 ], [ -71.62866009129614, -35.839866480077113, 0.0 ], [ -71.626050462827195, -35.840386972500262, 0.0 ], [ -71.624462722081759, -35.840685014663116, 0.0 ], [ -71.619736936768646, -35.841637258064388, 0.0 ] ] ] } },
{ "type": "Feature", "properties": { "zona": "54" }, "geometry": { "type": "Polygon", "coordinates": [ [ [ -71.614939809810863, -35.83557844249637, 0.0 ], [ -71.614188622005472, -35.835727787999872, 0.0 ], [ -71.61433462993385, -35.836032222122533, 0.0 ], [ -71.612890304005447, -35.836869373999896, 0.0 ], [ -71.613460190073738, -35.838438393224592, 0.0 ], [ -71.614915139714057, -35.842627440931622, 0.0 ], [ -71.617264297331445, -35.842140055068157, 0.0 ], [ -71.618187945328899, -35.84194933413584, 0.0 ], [ -71.618305844208606, -35.84177306449542, 0.0 ], [ -71.618421774420668, -35.841669065842574, 0.0 ], [ -71.61913148371157, -35.841341187601117, 0.0 ], [ -71.621183517614412, -35.840039871542523, 0.0 ], [ -71.622008264979968, -35.839545774954246, 0.0 ], [ -71.623698954756534, -35.838582165999107, 0.0 ], [ -71.62351752085489, -35.838025966989093, 0.0 ], [ -71.623276600427928, -35.837514382872747, 0.0 ], [ -71.622466214005513, -35.836526474999907, 0.0 ], [ -71.622301219703914, -35.836320470467257, 0.0 ], [ -71.619632455897388, -35.832902392578269, 0.0 ], [ -71.618681066194696, -35.834430017034045, 0.0 ], [ -71.616285626497088, -35.835165344196987, 0.0 ], [ -71.615953022802188, -35.834248798602481, 0.0 ], [ -71.614614532225829, -35.834633303433705, 0.0 ], [ -71.614939809810863, -35.83557844249637, 0.0 ] ] ] } },
{ "type": "Feature", "properties": { "zona": "55" }, "geometry": { "type": "Polygon", "coordinates": [ [ [ -71.618004507992026, -35.82823970191771, 0.0 ], [ -71.616864724005509, -35.824827885999916, 0.0 ], [ -71.618737381981973, -35.824222219955118, 0.0 ], [ -71.617043205745603, -35.821214581243446, 0.0 ], [ -71.609738394005348, -35.822959448999875, 0.0 ], [ -71.608677080005364, -35.821164315999916, 0.0 ], [ -71.603039530448697, -35.824627640452945, 0.0 ], [ -71.601063982948418, -35.826164623546497, 0.0 ], [ -71.613381262846389, -35.829933164315769, 0.0 ], [ -71.613378288520181, -35.829971830557156, 0.0 ], [ -71.61375602795485, -35.830061060344811, 0.0 ], [ -71.613883923983991, -35.830058086018582, 0.0 ], [ -71.618033061524017, -35.828610897834672, 0.0 ], [ -71.618004507992026, -35.82823970191771, 0.0 ] ] ] } },
{ "type": "Feature", "properties": { "zona": "56" }, "geometry": { "type": "Polygon", "coordinates": [ [ [ -71.6030487930053, -35.824626717999877, 0.0 ], [ -71.600721935428851, -35.823920464641958, 0.0 ], [ -71.597961760661832, -35.820846201022107, 0.0 ], [ -71.591944165246744, -35.822420668558209, 0.0 ], [ -71.592330638333081, -35.823251129266737, 0.0 ], [ -71.592229700567543, -35.823591363373069, 0.0 ], [ -71.592961384826907, -35.824827493365724, 0.0 ], [ -71.594143177844529, -35.824519749742372, 0.0 ], [ -71.595081875211449, -35.824480488635693, 0.0 ], [ -71.596095525599935, -35.824616117913031, 0.0 ], [ -71.597858706205415, -35.825155065830863, 0.0 ], [ -71.601067552139924, -35.826168192738059, 0.0 ], [ -71.6030487930053, -35.824626717999877, 0.0 ] ] ] } },
{ "type": "Feature", "properties": { "zona": "57" }, "geometry": { "type": "Polygon", "coordinates": [ [ [ -71.632898664843566, -35.835145698842325, 0.0 ], [ -71.643442820005902, -35.818730128999768, 0.0 ], [ -71.641884525005864, -35.818124310999892, 0.0 ], [ -71.63107904400573, -35.829022846999912, 0.0 ], [ -71.62515452300552, -35.829919922999842, 0.0 ], [ -71.625556917225509, -35.834668053771722, 0.0 ], [ -71.628383875531043, -35.833610708547567, 0.0 ], [ -71.628282510492198, -35.834588904966928, 0.0 ], [ -71.628501420904755, -35.834560351434895, 0.0 ], [ -71.62927296113584, -35.836157683608342, 0.0 ], [ -71.632898664843566, -35.835145698842325, 0.0 ] ] ] } },
{ "type": "Feature", "properties": { "zona": "58" }, "geometry": { "type": "Polygon", "coordinates": [ [ [ -71.632903423765612, -35.835140939920379, 0.0 ], [ -71.62927296113584, -35.836157683608342, 0.0 ], [ -71.628502015769868, -35.834563444734364, 0.0 ], [ -71.628287864279386, -35.834591998266433, 0.0 ], [ -71.628383042719619, -35.833611660332046, 0.0 ], [ -71.625556560306308, -35.83466650712198, 0.0 ], [ -71.625548946031159, -35.834601785782702, 0.0 ], [ -71.622991977233966, -35.835984728519342, 0.0 ], [ -71.62300910935322, -35.836014709727962, 0.0 ], [ -71.622301219703942, -35.836320470467264, 0.0 ], [ -71.622922179711139, -35.837097570705659, 0.0 ], [ -71.623279098862014, -35.837518735303718, 0.0 ], [ -71.623514665501659, -35.83802556049794, 0.0 ], [ -71.623685986694113, -35.838553800841169, 0.0 ], [ -71.622008264979982, -35.839545774954246, 0.0 ], [ -71.621113456023039, -35.840081844099537, 0.0 ], [ -71.619131483711584, -35.841341187601138, 0.0 ], [ -71.618421774420668, -35.841669065842574, 0.0 ], [ -71.618305844208635, -35.84177306449542, 0.0 ], [ -71.618187945328899, -35.84194933413584, 0.0 ], [ -71.61842464494319, -35.841901647595691, 0.0 ], [ -71.624462722081773, -35.840685014663116, 0.0 ], [ -71.626078534735484, -35.840381702785635, 0.0 ], [ -71.628660249926853, -35.839870118669403, 0.0 ], [ -71.630343718588549, -35.839751145619175, 0.0 ], [ -71.630843405399688, -35.838454339371026, 0.0 ], [ -71.632903423765612, -35.835140939920379, 0.0 ] ] ] } },
{ "type": "Feature", "properties": { "zona": "59" }, "geometry": { "type": "Polygon", "coordinates": [ [ [ -71.632548964005679, -35.844017853999894, 0.0 ], [ -71.633132486005735, -35.843818940999874, 0.0 ], [ -71.633664626005725, -35.843564433999852, 0.0 ], [ -71.634124286005758, -35.843510363999826, 0.0 ], [ -71.63287753500569, -35.841081687999854, 0.0 ], [ -71.633587399831868, -35.840692609109446, 0.0 ], [ -71.633024039005747, -35.84009085599989, 0.0 ], [ -71.63034840000563, -35.839767328999919, 0.0 ], [ -71.629944963005684, -35.841419407999922, 0.0 ], [ -71.629452625005655, -35.847649126999904, 0.0 ], [ -71.630010550005679, -35.847581845999905, 0.0 ], [ -71.630849223005725, -35.847378561999903, 0.0 ], [ -71.631200925005658, -35.847182415999896, 0.0 ], [ -71.631408477005735, -35.846983174999856, 0.0 ], [ -71.631685721005638, -35.846411100999887, 0.0 ], [ -71.631707086005633, -35.845680269999882, 0.0 ], [ -71.631862732005644, -35.84507772899984, 0.0 ], [ -71.631974396005745, -35.844710717999874, 0.0 ], [ -71.632393930005748, -35.844277773999913, 0.0 ], [ -71.632548964005679, -35.844017853999894, 0.0 ] ] ] } },
{ "type": "Feature", "properties": { "zona": "60" }, "geometry": { "type": "Polygon", "coordinates": [ [ [ -71.637918724005715, -35.83122420699987, 0.0 ], [ -71.648946815006013, -35.823294159999875, 0.0 ], [ -71.648006343005974, -35.820296914999908, 0.0 ], [ -71.64424448800581, -35.818540814999821, 0.0 ], [ -71.643427660821573, -35.818725226815133, 0.0 ], [ -71.632899735601171, -35.835138947121827, 0.0 ], [ -71.630846260753117, -35.838443126160982, 0.0 ], [ -71.630339435558881, -35.839764916749807, 0.0 ], [ -71.633031795687003, -35.840080195333023, 0.0 ], [ -71.634291720289625, -35.836195427808363, 0.0 ], [ -71.637918724005715, -35.83122420699987, 0.0 ] ] ] } },
{ "type": "Feature", "properties": { "zona": "61" }, "geometry": { "type": "Polygon", "coordinates": [ [ [ -71.61337947825065, -35.829930189989433, 0.0 ], [ -71.601063982948403, -35.826164623546497, 0.0 ], [ -71.597346781835995, -35.829744343805643, 0.0 ], [ -71.603235807163628, -35.83171258295512, 0.0 ], [ -71.605147368249646, -35.832267280125215, 0.0 ], [ -71.606305340679583, -35.832621360387343, 0.0 ], [ -71.607733017283223, -35.832835511877924, 0.0 ], [ -71.609096448439743, -35.832899757325045, 0.0 ], [ -71.6095981900054, -35.833023146999892, 0.0 ], [ -71.610873905811189, -35.832357240215657, 0.0 ], [ -71.611276034721314, -35.832043151362868, 0.0 ], [ -71.613427067470795, -35.830648787213285, 0.0 ], [ -71.61336814551386, -35.83036295512435, 0.0 ], [ -71.61337947825065, -35.829930189989433, 0.0 ] ] ] } },
{ "type": "Feature", "properties": { "zona": "62" }, "geometry": { "type": "Polygon", "coordinates": [ [ [ -71.625550968572909, -35.834599644267826, 0.0 ], [ -71.625154523005534, -35.829919922999849, 0.0 ], [ -71.623165844449545, -35.828895481370914, 0.0 ], [ -71.618002485005519, -35.828236027935695, 0.0 ], [ -71.618033066005481, -35.828613468935778, 0.0 ], [ -71.613885946525812, -35.830060941371805, 0.0 ], [ -71.617181024126978, -35.831088630580261, 0.0 ], [ -71.618155413409099, -35.831531210327462, 0.0 ], [ -71.618808575455262, -35.831970220883086, 0.0 ], [ -71.619636627885299, -35.832901779866965, 0.0 ], [ -71.622301219703942, -35.836320470467264, 0.0 ], [ -71.62300951386149, -35.83601470972814, 0.0 ], [ -71.622991667903904, -35.835984966465567, 0.0 ], [ -71.625550968572909, -35.834599644267826, 0.0 ] ] ] } },
{ "type": "Feature", "properties": { "zona": "63" }, "geometry": { "type": "Polygon", "coordinates": [ [ [ -71.572659110182158, -35.827938507637562, 0.0 ], [ -71.573073689004886, -35.829275311999822, 0.0 ], [ -71.56260948973339, -35.833411377190927, 0.0 ], [ -71.564411404756086, -35.836077625102568, 0.0 ], [ -71.567989112098886, -35.83518466251536, 0.0 ], [ -71.568234672474844, -35.835133266157591, 0.0 ], [ -71.56920431977791, -35.834829143508095, 0.0 ], [ -71.569944077261795, -35.8345964597546, 0.0 ], [ -71.57066743340765, -35.834322345846601, 0.0 ], [ -71.575767070442055, -35.83223403568882, 0.0 ], [ -71.577492179671665, -35.831552914975816, 0.0 ], [ -71.578590034004918, -35.830783855999861, 0.0 ], [ -71.57953626600488, -35.829906595999816, 0.0 ], [ -71.580407518004975, -35.829440816999899, 0.0 ], [ -71.58176487072042, -35.829228282701742, 0.0 ], [ -71.581655891406413, -35.828299341125174, 0.0 ], [ -71.581812935832858, -35.825179867746499, 0.0 ], [ -71.581926541005004, -35.824417921999832, 0.0 ], [ -71.58188525081853, -35.824365234758709, 0.0 ], [ -71.572659110182158, -35.827938507637562, 0.0 ] ] ] } },
{ "type": "Feature", "properties": { "zona": "64" }, "geometry": { "type": "Polygon", "coordinates": [ [ [ -71.574657516319149, -35.837085860353064, 0.0 ], [ -71.575318839474804, -35.837205231401292, 0.0 ], [ -71.575916679052639, -35.837358706636195, 0.0 ], [ -71.576273598203514, -35.837477203794244, 0.0 ], [ -71.576879468462124, -35.837735196853984, 0.0 ], [ -71.5782882602998, -35.837066989253451, 0.0 ], [ -71.578745713207695, -35.836869281134774, 0.0 ], [ -71.579213206295037, -35.83668209112863, 0.0 ], [ -71.579179750178369, -35.836609708331856, 0.0 ], [ -71.58049550500499, -35.836067474999851, 0.0 ], [ -71.581331777722724, -35.835778921001271, 0.0 ], [ -71.581949386028015, -35.835571600550253, 0.0 ], [ -71.583321978109396, -35.835019446623804, 0.0 ], [ -71.584374889604589, -35.834648726598971, 0.0 ], [ -71.583714725228873, -35.833760188109544, 0.0 ], [ -71.58332333800503, -35.833281231999862, 0.0 ], [ -71.579696162442474, -35.834729326537875, 0.0 ], [ -71.579636147130046, -35.83463829643614, 0.0 ], [ -71.578083444461981, -35.835411091500951, 0.0 ], [ -71.576722938594486, -35.835994748127305, 0.0 ], [ -71.574657516319149, -35.837085860353064, 0.0 ] ] ] } },
{ "type": "Feature", "properties": { "zona": "65" }, "geometry": { "type": "Polygon", "coordinates": [ [ [ -71.579636147130046, -35.83463829643614, 0.0 ], [ -71.578592019226633, -35.833054542435178, 0.0 ], [ -71.576402723240392, -35.834011638514923, 0.0 ], [ -71.576350955137357, -35.83415220016731, 0.0 ], [ -71.57620155568371, -35.8342947161563, 0.0 ], [ -71.575744927719313, -35.83514994473142, 0.0 ], [ -71.574872795248112, -35.836783380851735, 0.0 ], [ -71.574810719953561, -35.836816363099771, 0.0 ], [ -71.574657516319149, -35.837085860353064, 0.0 ], [ -71.576722938594457, -35.835994748127305, 0.0 ], [ -71.578083444461981, -35.835411091500951, 0.0 ], [ -71.579636147130046, -35.83463829643614, 0.0 ] ] ] } },
{ "type": "Feature", "properties": { "zona": "66" }, "geometry": { "type": "Polygon", "coordinates": [ [ [ -71.580140668415069, -35.840891067736528, 0.0 ], [ -71.58014085359595, -35.840891428130718, 0.0 ], [ -71.581258264005001, -35.842999150999866, 0.0 ], [ -71.583563837341501, -35.842503483962908, 0.0 ], [ -71.583090491214122, -35.841378891559629, 0.0 ], [ -71.58254051600494, -35.840203844999905, 0.0 ], [ -71.581340122004974, -35.840588140999913, 0.0 ], [ -71.580140668415069, -35.840891067736528, 0.0 ] ] ] } },
{ "type": "Feature", "properties": { "zona": "67" }, "geometry": { "type": "Polygon", "coordinates": [ [ [ -71.582194939004992, -35.839487783999907, 0.0 ], [ -71.58254051600494, -35.840203844999905, 0.0 ], [ -71.583090491214122, -35.841378891559629, 0.0 ], [ -71.583563837341501, -35.842503483962908, 0.0 ], [ -71.587722122005033, -35.841609382999728, 0.0 ], [ -71.586923746005056, -35.839469664999903, 0.0 ], [ -71.586126335479634, -35.837985098406044, 0.0 ], [ -71.5850329823284, -35.838348056801692, 0.0 ], [ -71.583738433160761, -35.838798018429735, 0.0 ], [ -71.583786896399175, -35.83893767715761, 0.0 ], [ -71.582194939004992, -35.839487783999907, 0.0 ] ] ] } },
{ "type": "Feature", "properties": { "zona": "68" }, "geometry": { "type": "Polygon", "coordinates": [ [ [ -71.579137885632235, -35.837636695836807, 0.0 ], [ -71.579158835230388, -35.837734570319149, 0.0 ], [ -71.579868193884792, -35.839129913658219, 0.0 ], [ -71.580034329744677, -35.839327880914588, 0.0 ], [ -71.581340122004974, -35.840588140999913, 0.0 ], [ -71.582540516004897, -35.840203844999905, 0.0 ], [ -71.580657729106022, -35.83639445994303, 0.0 ], [ -71.58049550500499, -35.836067474999851, 0.0 ], [ -71.579179750178369, -35.836609708331856, 0.0 ], [ -71.579213206295037, -35.83668209112863, 0.0 ], [ -71.578745713207695, -35.836869281134774, 0.0 ], [ -71.579137885632235, -35.837636695836807, 0.0 ] ] ] } },
{ "type": "Feature", "properties": { "zona": "69" }, "geometry": { "type": "Polygon", "coordinates": [ [ [ -71.570771861858546, -35.839660595227919, 0.0 ], [ -71.571647957733489, -35.840716473120551, 0.0 ], [ -71.571769310244804, -35.840814982806137, 0.0 ], [ -71.571892090432698, -35.840840680985089, 0.0 ], [ -71.572019153650515, -35.840826404219008, 0.0 ], [ -71.572210462315425, -35.840747882005815, 0.0 ], [ -71.573016593961029, -35.840365770311458, 0.0 ], [ -71.573163644651217, -35.840354348898586, 0.0 ], [ -71.573295377561251, -35.840386828541405, 0.0 ], [ -71.573411376285293, -35.840461186697844, 0.0 ], [ -71.574495963004878, -35.841889560999846, 0.0 ], [ -71.575762831580292, -35.84156490820633, 0.0 ], [ -71.574308946526997, -35.839512761541833, 0.0 ], [ -71.574451739324061, -35.839309379604828, 0.0 ], [ -71.574476689579413, -35.838994054543257, 0.0 ], [ -71.574461668218461, -35.838801209820517, 0.0 ], [ -71.574535832213527, -35.838377514901239, 0.0 ], [ -71.574471824911271, -35.838028325133088, 0.0 ], [ -71.574509481144986, -35.837562486838422, 0.0 ], [ -71.574788886876419, -35.837109573501486, 0.0 ], [ -71.574657516319149, -35.837085860353064, 0.0 ], [ -71.573789686004844, -35.837025227999888, 0.0 ], [ -71.573094535668758, -35.836976270371615, 0.0 ], [ -71.572725504705559, -35.837550635565961, 0.0 ], [ -71.572574854016153, -35.837782801149622, 0.0 ], [ -71.572268469204758, -35.838089845443172, 0.0 ], [ -71.572036716160426, -35.838259358452824, 0.0 ], [ -71.571827766773396, -35.838592903109308, 0.0 ], [ -71.571553050895218, -35.839113469921188, 0.0 ], [ -71.57134974647937, -35.839348576925907, 0.0 ], [ -71.570771861858546, -35.839660595227919, 0.0 ] ] ] } },
{ "type": "Feature", "properties": { "zona": "70" }, "geometry": { "type": "Polygon", "coordinates": [ [ [ -71.575762831580292, -35.84156490820633, 0.0 ], [ -71.577253214368483, -35.84118295653645, 0.0 ], [ -71.577492922765799, -35.841497535015371, 0.0 ], [ -71.580140670891808, -35.840891066866028, 0.0 ], [ -71.581340122004974, -35.840588140999913, 0.0 ], [ -71.580034329744677, -35.839327880914588, 0.0 ], [ -71.579868193884792, -35.839129913658219, 0.0 ], [ -71.579158835230388, -35.837734570319149, 0.0 ], [ -71.579137885632235, -35.837636695836807, 0.0 ], [ -71.578745713207695, -35.836869281134774, 0.0 ], [ -71.5782882602998, -35.837066989253451, 0.0 ], [ -71.576879468462124, -35.83773519685397, 0.0 ], [ -71.576273598203528, -35.837477203794272, 0.0 ], [ -71.575916679052639, -35.837358706636216, 0.0 ], [ -71.575318839474818, -35.837205231401306, 0.0 ], [ -71.574788886876419, -35.837109573501486, 0.0 ], [ -71.574509481144986, -35.837562486838422, 0.0 ], [ -71.574471824911271, -35.838028325133088, 0.0 ], [ -71.574535832213527, -35.838377514901239, 0.0 ], [ -71.574461668218461, -35.838801209820517, 0.0 ], [ -71.574476689579413, -35.838994054543257, 0.0 ], [ -71.574451739324061, -35.839309379604828, 0.0 ], [ -71.574308946526997, -35.839512761541833, 0.0 ], [ -71.575762831580292, -35.84156490820633, 0.0 ] ] ] } },
{ "type": "Feature", "properties": { "zona": "71" }, "geometry": { "type": "Polygon", "coordinates": [ [ [ -71.578137723477383, -35.846158924060695, 0.0 ], [ -71.576884365232033, -35.844353585158892, 0.0 ], [ -71.576782917724273, -35.84422817671048, 0.0 ], [ -71.576483826500635, -35.844127279257322, 0.0 ], [ -71.576374138055371, -35.843996085317329, 0.0 ], [ -71.575340359723668, -35.842823488188998, 0.0 ], [ -71.575167363214518, -35.842745161748951, 0.0 ], [ -71.574918683048665, -35.842445839264705, 0.0 ], [ -71.574790925004891, -35.842356287999884, 0.0 ], [ -71.573555238497789, -35.843131535821932, 0.0 ], [ -71.575598243718062, -35.847489518655529, 0.0 ], [ -71.576551827122969, -35.846941802077716, 0.0 ], [ -71.576529189075686, -35.846889959307362, 0.0 ], [ -71.578137723477383, -35.846158924060695, 0.0 ] ] ] } },
{ "type": "Feature", "properties": { "zona": "72" }, "geometry": { "type": "Polygon", "coordinates": [ [ [ -71.576483826500606, -35.844127279257307, 0.0 ], [ -71.578946596637039, -35.843503770502345, 0.0 ], [ -71.581258264005001, -35.84299915099988, 0.0 ], [ -71.580140673368575, -35.840891065995535, 0.0 ], [ -71.577492922765799, -35.841497535015371, 0.0 ], [ -71.577253214368483, -35.84118295653645, 0.0 ], [ -71.57449596300485, -35.841889560999846, 0.0 ], [ -71.57459744241865, -35.84215072199499, 0.0 ], [ -71.574790925004891, -35.842356287999884, 0.0 ], [ -71.574918683048651, -35.842445839264677, 0.0 ], [ -71.57516736321449, -35.842745161748944, 0.0 ], [ -71.575340359723668, -35.842823488188998, 0.0 ], [ -71.576483826500606, -35.844127279257307, 0.0 ] ] ] } },
{ "type": "Feature", "properties": { "zona": "73" }, "geometry": { "type": "Polygon", "coordinates": [ [ [ -71.578613043128769, -35.846870785524878, 0.0 ], [ -71.580865112312651, -35.845872721646039, 0.0 ], [ -71.582386962970844, -35.845610212176148, 0.0 ], [ -71.582307261576844, -35.845413816796039, 0.0 ], [ -71.581258264005001, -35.842999150999866, 0.0 ], [ -71.578946596637039, -35.843503770502345, 0.0 ], [ -71.576483826500564, -35.844127279257272, 0.0 ], [ -71.576782917724273, -35.844228176710438, 0.0 ], [ -71.57813772347734, -35.846158924060695, 0.0 ], [ -71.578613043128769, -35.846870785524878, 0.0 ] ] ] } },
{ "type": "Feature", "properties": { "zona": "74" }, "geometry": { "type": "Polygon", "coordinates": [ [ [ -71.582676298914407, -35.848159000099756, 0.0 ], [ -71.581116199604637, -35.848618416143424, 0.0 ], [ -71.580955942004934, -35.848310084999916, 0.0 ], [ -71.579685825042603, -35.848639209758609, 0.0 ], [ -71.581125995358988, -35.850879636882951, 0.0 ], [ -71.583005769553594, -35.850487025816889, 0.0 ], [ -71.582553671962472, -35.84934488453414, 0.0 ], [ -71.584038852928401, -35.849023054132161, 0.0 ], [ -71.583597209300322, -35.847928579965775, 0.0 ], [ -71.582676298914407, -35.848159000099756, 0.0 ] ] ] } },
{ "type": "Feature", "properties": { "zona": "75" }, "geometry": { "type": "Polygon", "coordinates": [ [ [ -71.588402547732144, -35.848066599419106, 0.0 ], [ -71.587575948551802, -35.845903910370936, 0.0 ], [ -71.587361872981603, -35.845968699052079, 0.0 ], [ -71.585862977633809, -35.84641876761674, 0.0 ], [ -71.585718572661065, -35.845843360779192, 0.0 ], [ -71.582787244768639, -35.846590811830247, 0.0 ], [ -71.583028051224858, -35.847189902874369, 0.0 ], [ -71.583100386839362, -35.847315538415529, 0.0 ], [ -71.58317272245408, -35.847399295442912, 0.0 ], [ -71.58338592216019, -35.847549677378559, 0.0 ], [ -71.58350203985735, -35.847679120057379, 0.0 ], [ -71.583589333197665, -35.847907934418821, 0.0 ], [ -71.584038852928401, -35.849023054132168, 0.0 ], [ -71.588402547732144, -35.848066599419106, 0.0 ] ] ] } },
{ "type": "Feature", "properties": { "zona": "76" }, "geometry": { "type": "Polygon", "coordinates": [ [ [ -71.585718572661051, -35.845843360779185, 0.0 ], [ -71.585795621082795, -35.845818353896775, 0.0 ], [ -71.585631495969125, -35.845285479508362, 0.0 ], [ -71.585264205851189, -35.84345363285891, 0.0 ], [ -71.584788625202478, -35.843536345505441, 0.0 ], [ -71.584729589428846, -35.843004414155459, 0.0 ], [ -71.584542263262776, -35.84229312057041, 0.0 ], [ -71.581258264005001, -35.842999150999866, 0.0 ], [ -71.581755515478477, -35.844156375626248, 0.0 ], [ -71.582389410054063, -35.845601034934198, 0.0 ], [ -71.582787244768625, -35.846590811830239, 0.0 ], [ -71.585718572661051, -35.845843360779185, 0.0 ] ] ] } },
{ "type": "Feature", "properties": { "zona": "77" }, "geometry": { "type": "Polygon", "coordinates": [ [ [ -71.587575948551802, -35.845903910370936, 0.0 ], [ -71.588402547732144, -35.848066599419106, 0.0 ], [ -71.589000272322721, -35.849275624915485, 0.0 ], [ -71.590235289088099, -35.848968935471099, 0.0 ], [ -71.590966102416076, -35.848848685307971, 0.0 ], [ -71.590524240429232, -35.847653976162285, 0.0 ], [ -71.589730033633458, -35.845485648491369, 0.0 ], [ -71.589655688704724, -35.84527446457345, 0.0 ], [ -71.587575948551802, -35.845903910370936, 0.0 ] ] ] } },
{ "type": "Feature", "properties": { "zona": "78" }, "geometry": { "type": "Polygon", "coordinates": [ [ [ -71.589455701082841, -35.850497445886035, 0.0 ], [ -71.590899714335137, -35.850180126664291, 0.0 ], [ -71.59141978374943, -35.850082958214308, 0.0 ], [ -71.590966102416076, -35.848848685307971, 0.0 ], [ -71.590235289088099, -35.848968935471092, 0.0 ], [ -71.589000272322707, -35.849275624915492, 0.0 ], [ -71.588402547732144, -35.848066599419106, 0.0 ], [ -71.585592360465668, -35.848682569774823, 0.0 ], [ -71.586475967764812, -35.851123954179791, 0.0 ], [ -71.589455701082841, -35.850497445886035, 0.0 ] ] ] } },
{ "type": "Feature", "properties": { "zona": "79" }, "geometry": { "type": "Polygon", "coordinates": [ [ [ -71.58348056121558, -35.851778107513155, 0.0 ], [ -71.584961123153192, -35.85145824763358, 0.0 ], [ -71.586475967764812, -35.851123954179791, 0.0 ], [ -71.5864248193988, -35.850982637221691, 0.0 ], [ -71.585592360465668, -35.848682569774823, 0.0 ], [ -71.584036284374321, -35.849026283632277, 0.0 ], [ -71.582545343848963, -35.84934904859103, 0.0 ], [ -71.582999820901065, -35.850503087178815, 0.0 ], [ -71.581122426167497, -35.850874283095742, 0.0 ], [ -71.582021862427709, -35.852073531442734, 0.0 ], [ -71.58348056121558, -35.851778107513155, 0.0 ] ] ] } },
{ "type": "Feature", "properties": { "zona": "80" }, "geometry": { "type": "Polygon", "coordinates": [ [ [ -71.574228186543934, -35.856762520103217, 0.0 ], [ -71.575996649985456, -35.859130018467816, 0.0 ], [ -71.576023241231923, -35.859123874402862, 0.0 ], [ -71.577345984004822, -35.858646257999823, 0.0 ], [ -71.578505019061069, -35.85803110693594, 0.0 ], [ -71.579404455321253, -35.857809817062453, 0.0 ], [ -71.580882100605862, -35.857488589826609, 0.0 ], [ -71.580425244092751, -35.856310756628694, 0.0 ], [ -71.579412197105313, -35.853868311682483, 0.0 ], [ -71.579349756599868, -35.853903175246032, 0.0 ], [ -71.577828016825663, -35.85475281735247, 0.0 ], [ -71.576638124092526, -35.855417151826622, 0.0 ], [ -71.575656061883066, -35.855965434642336, 0.0 ], [ -71.574228186543934, -35.856762520103217, 0.0 ] ] ] } },
{ "type": "Feature", "properties": { "zona": "81" }, "geometry": { "type": "Polygon", "coordinates": [ [ [ -71.599967266412179, -35.84440977419662, 0.0 ], [ -71.60132608676841, -35.84796831184179, 0.0 ], [ -71.604323515306447, -35.847326638155728, 0.0 ], [ -71.60336214570961, -35.844989944441892, 0.0 ], [ -71.602928095953956, -35.843825325999617, 0.0 ], [ -71.599967266412179, -35.84440977419662, 0.0 ] ] ] } },
{ "type": "Feature", "properties": { "zona": "82" }, "geometry": { "type": "Polygon", "coordinates": [ [ [ -71.596759027734578, -35.852824928305466, 0.0 ], [ -71.595847795589947, -35.850463033829115, 0.0 ], [ -71.59537439821321, -35.849240680185126, 0.0 ], [ -71.59141978374943, -35.850082958214301, 0.0 ], [ -71.592740283334663, -35.853661691789718, 0.0 ], [ -71.596759027734578, -35.852824928305466, 0.0 ] ] ] } },
{ "type": "Feature", "properties": { "zona": "83" }, "geometry": { "type": "Polygon", "coordinates": [ [ [ -71.593869306973957, -35.849561261000993, 0.0 ], [ -71.593415230987603, -35.848365542026144, 0.0 ], [ -71.592472957628345, -35.845909376314282, 0.0 ], [ -71.590947360749212, -35.846220998859067, 0.0 ], [ -71.590615319275102, -35.84525835895159, 0.0 ], [ -71.589730033633501, -35.845485648491369, 0.0 ], [ -71.590966102416076, -35.848848685307971, 0.0 ], [ -71.59141978374943, -35.850082958214308, 0.0 ], [ -71.593869306973957, -35.849561261000993, 0.0 ] ] ] } },
{ "type": "Feature", "properties": { "zona": "84" }, "geometry": { "type": "Polygon", "coordinates": [ [ [ -71.597511407557334, -35.842319814129752, 0.0 ], [ -71.598421511287228, -35.844714863974545, 0.0 ], [ -71.602928095953928, -35.84382532599961, 0.0 ], [ -71.601958722347362, -35.841366798432745, 0.0 ], [ -71.597511407557334, -35.842319814129752, 0.0 ] ] ] } },
{ "type": "Feature", "properties": { "zona": "85" }, "geometry": { "type": "Polygon", "coordinates": [ [ [ -71.590615319275102, -35.84525835895159, 0.0 ], [ -71.590947360749226, -35.846220998859089, 0.0 ], [ -71.59396116025485, -35.845605371220628, 0.0 ], [ -71.593030539439653, -35.843249136169213, 0.0 ], [ -71.590107481673968, -35.843855708558159, 0.0 ], [ -71.590615319275102, -35.84525835895159, 0.0 ] ] ] } },
{ "type": "Feature", "properties": { "zona": "86" }, "geometry": { "type": "Polygon", "coordinates": [ [ [ -71.592066055660808, -35.840806994968418, 0.0 ], [ -71.593030539439638, -35.84324913616922, 0.0 ], [ -71.594517117621947, -35.842946007851182, 0.0 ], [ -71.597511407557334, -35.842319814129752, 0.0 ], [ -71.596553966795653, -35.839906822426926, 0.0 ], [ -71.595092979385171, -35.84026313653316, 0.0 ], [ -71.593575500779323, -35.840535797819037, 0.0 ], [ -71.592066055660808, -35.840806994968418, 0.0 ] ] ] } },
{ "type": "Feature", "properties": { "zona": "87" }, "geometry": { "type": "Polygon", "coordinates": [ [ [ -71.593030539439638, -35.84324913616922, 0.0 ], [ -71.59396116025485, -35.845605371220621, 0.0 ], [ -71.595438247412673, -35.845303616445584, 0.0 ], [ -71.598421511287228, -35.844714863974545, 0.0 ], [ -71.597511407557334, -35.842319814129752, 0.0 ], [ -71.594517117621947, -35.842946007851182, 0.0 ], [ -71.593030539439638, -35.84324913616922, 0.0 ] ] ] } },
{ "type": "Feature", "properties": { "zona": "88" }, "geometry": { "type": "Polygon", "coordinates": [ [ [ -71.598463123005246, -35.83473529799987, 0.0 ], [ -71.599779886478728, -35.834174778531619, 0.0 ], [ -71.603235807163628, -35.83171258295512, 0.0 ], [ -71.600035685703816, -35.830655480801482, 0.0 ], [ -71.597346781835995, -35.829744343805643, 0.0 ], [ -71.596180640565578, -35.830914615681749, 0.0 ], [ -71.598463123005246, -35.83473529799987, 0.0 ] ] ] } },
{ "type": "Feature", "properties": { "zona": "89" }, "geometry": { "type": "Polygon", "coordinates": [ [ [ -71.599903707815272, -35.837228537909802, 0.0 ], [ -71.600957478280108, -35.83884117132493, 0.0 ], [ -71.602804868530896, -35.838467386537864, 0.0 ], [ -71.602112007781926, -35.836482170169013, 0.0 ], [ -71.600986119452045, -35.833315416986075, 0.0 ], [ -71.599779886478714, -35.834174778531612, 0.0 ], [ -71.598463123005217, -35.834735297999856, 0.0 ], [ -71.598530732423797, -35.834772640673656, 0.0 ], [ -71.599903707815272, -35.837228537909802, 0.0 ] ] ] } },
{ "type": "Feature", "properties": { "zona": "90" }, "geometry": { "type": "Polygon", "coordinates": [ [ [ -71.593191564469549, -35.837024903378094, 0.0 ], [ -71.595745720967173, -35.835882274675797, 0.0 ], [ -71.598463123005217, -35.834735297999856, 0.0 ], [ -71.597205439411781, -35.832636164448601, 0.0 ], [ -71.596180640565578, -35.830914615681749, 0.0 ], [ -71.591506568490885, -35.835369572414059, 0.0 ], [ -71.593191564469549, -35.837024903378094, 0.0 ] ] ] } },
{ "type": "Feature", "properties": { "zona": "91" }, "geometry": { "type": "Polygon", "coordinates": [ [ [ -71.595745720967145, -35.835882274675797, 0.0 ], [ -71.596476778916724, -35.8370879471072, 0.0 ], [ -71.597138048409064, -35.836781754098475, 0.0 ], [ -71.598466264217379, -35.838900429421948, 0.0 ], [ -71.598627741005231, -35.839398883999884, 0.0 ], [ -71.600957478280108, -35.83884117132493, 0.0 ], [ -71.599903707815244, -35.837228537909802, 0.0 ], [ -71.598530732423797, -35.834772640673656, 0.0 ], [ -71.598463123005217, -35.834735297999835, 0.0 ], [ -71.595745720967145, -35.835882274675797, 0.0 ] ] ] } },
{ "type": "Feature", "properties": { "zona": "92" }, "geometry": { "type": "Polygon", "coordinates": [ [ [ -71.608212058601296, -35.837150204371234, 0.0 ], [ -71.607844508818161, -35.836183361193569, 0.0 ], [ -71.6070653540595, -35.834110699177451, 0.0 ], [ -71.606352215216731, -35.834417908583596, 0.0 ], [ -71.60505679012968, -35.835062829307802, 0.0 ], [ -71.602112007781926, -35.836482170169013, 0.0 ], [ -71.602804868530896, -35.838467386537864, 0.0 ], [ -71.606028268314333, -35.837673748269026, 0.0 ], [ -71.608212058601296, -35.837150204371234, 0.0 ] ] ] } },
{ "type": "Feature", "properties": { "zona": "93" }, "geometry": { "type": "Polygon", "coordinates": [ [ [ -71.614939809810863, -35.83557844249637, 0.0 ], [ -71.614614532225829, -35.834633303433705, 0.0 ], [ -71.615953022802188, -35.834248798602481, 0.0 ], [ -71.616183926925828, -35.834859034727437, 0.0 ], [ -71.616285626497088, -35.835165344196987, 0.0 ], [ -71.618681066194696, -35.834430017034045, 0.0 ], [ -71.619632455897388, -35.832902392578269, 0.0 ], [ -71.618804292425409, -35.831973314182186, 0.0 ], [ -71.618161837953764, -35.831530734435155, 0.0 ], [ -71.617176741097254, -35.831088154688032, 0.0 ], [ -71.613877975331334, -35.83005808601856, 0.0 ], [ -71.613735207671013, -35.830055111692189, 0.0 ], [ -71.613378288520167, -35.829971830557156, 0.0 ], [ -71.613372339867567, -35.830379313254411, 0.0 ], [ -71.613428058918359, -35.830640347070833, 0.0 ], [ -71.611329374311183, -35.832003778227261, 0.0 ], [ -71.610893932947178, -35.832346420612019, 0.0 ], [ -71.609598190005372, -35.833023146999892, 0.0 ], [ -71.611010526536404, -35.83370283235849, 0.0 ], [ -71.613732233350333, -35.835031166465058, 0.0 ], [ -71.614939809810863, -35.83557844249637, 0.0 ] ] ] } },
{ "type": "Feature", "properties": { "zona": "94" }, "geometry": { "type": "Polygon", "coordinates": [ [ [ -71.62168276991531, -35.848135227692069, 0.0 ], [ -71.622143795005485, -35.847761715999823, 0.0 ], [ -71.619736936768646, -35.841637258064388, 0.0 ], [ -71.618187945328899, -35.84194933413584, 0.0 ], [ -71.617119705417764, -35.842169401753857, 0.0 ], [ -71.614915139714057, -35.842627440931622, 0.0 ], [ -71.613866927375909, -35.842834321223549, 0.0 ], [ -71.614019676010102, -35.843367195891496, 0.0 ], [ -71.61413289304484, -35.843755651423486, 0.0 ], [ -71.614523713460287, -35.845968211249698, 0.0 ], [ -71.615021020810559, -35.848707803678742, 0.0 ], [ -71.615250531005472, -35.848717163999851, 0.0 ], [ -71.616502658005359, -35.849073510999858, 0.0 ], [ -71.619260898005493, -35.84915411399983, 0.0 ], [ -71.620918343005499, -35.848740437999858, 0.0 ], [ -71.620952907005503, -35.848726534999855, 0.0 ], [ -71.62168276991531, -35.848135227692069, 0.0 ] ] ] } },
{ "type": "Feature", "properties": { "zona": "95" }, "geometry": { "type": "Polygon", "coordinates": [ [ [ -71.606917143103942, -35.844949170492804, 0.0 ], [ -71.607283079005327, -35.845477857999917, 0.0 ], [ -71.610490623242129, -35.844816688607956, 0.0 ], [ -71.610192785103933, -35.843639600320991, 0.0 ], [ -71.607951332836407, -35.844108750716067, 0.0 ], [ -71.60336214570961, -35.844989944441885, 0.0 ], [ -71.603591872880301, -35.845548330936687, 0.0 ], [ -71.606917143103942, -35.844949170492804, 0.0 ] ] ] } },
{ "type": "Feature", "properties": { "zona": "96" }, "geometry": { "type": "Polygon", "coordinates": [ [ [ -71.600471748142056, -35.856913550563029, 0.0 ], [ -71.600510633218491, -35.856854122444439, 0.0 ], [ -71.600621831037685, -35.856784114889734, 0.0 ], [ -71.60078785484616, -35.856708413084199, 0.0 ], [ -71.600838037518145, -35.856651527034145, 0.0 ], [ -71.601225496251402, -35.857099673980457, 0.0 ], [ -71.602154786955992, -35.856492889035955, 0.0 ], [ -71.602668537321236, -35.857090430345025, 0.0 ], [ -71.603260714627211, -35.856716149504251, 0.0 ], [ -71.602849082704381, -35.855374061273203, 0.0 ], [ -71.602588103984829, -35.854523137142671, 0.0 ], [ -71.60034787226806, -35.854965049487248, 0.0 ], [ -71.598979206297471, -35.855218224138284, 0.0 ], [ -71.599141009645777, -35.85545807380764, 0.0 ], [ -71.600060674005206, -35.856671805999888, 0.0 ], [ -71.600252693827798, -35.856988543126654, 0.0 ], [ -71.600471748142056, -35.856913550563029, 0.0 ] ] ] } },
{ "type": "Feature", "properties": { "zona": "97" }, "geometry": { "type": "Polygon", "coordinates": [ [ [ -71.605574009038079, -35.8550365088918, 0.0 ], [ -71.60527716388107, -35.853957730484041, 0.0 ], [ -71.602588103984829, -35.854523137142671, 0.0 ], [ -71.602849082704381, -35.855374061273203, 0.0 ], [ -71.603260714627211, -35.856716149504251, 0.0 ], [ -71.604066193226274, -35.856218345479057, 0.0 ], [ -71.605833168620805, -35.855126274902879, 0.0 ], [ -71.605689079505709, -35.85511541131153, 0.0 ], [ -71.605574009038079, -35.8550365088918, 0.0 ] ] ] } },
{ "type": "Feature", "properties": { "zona": "98" }, "geometry": { "type": "Polygon", "coordinates": [ [ [ -71.575996649985456, -35.859130018467816, 0.0 ], [ -71.574228186543934, -35.856762520103217, 0.0 ], [ -71.571717857413603, -35.858163794704033, 0.0 ], [ -71.572642003347937, -35.859905075245784, 0.0 ], [ -71.575996649985456, -35.859130018467816, 0.0 ] ] ] } },
{ "type": "Feature", "properties": { "zona": "99" }, "geometry": { "type": "Polygon", "coordinates": [ [ [ -71.577938231116946, -35.85135678499838, 0.0 ], [ -71.575928839082906, -35.852643053656472, 0.0 ], [ -71.576653323149927, -35.853222346050551, 0.0 ], [ -71.577828016825706, -35.854752817352463, 0.0 ], [ -71.579412197105313, -35.853868311682483, 0.0 ], [ -71.582077868871025, -35.852379880376567, 0.0 ], [ -71.582021862427709, -35.852068177655333, 0.0 ], [ -71.581129564550523, -35.850868929308355, 0.0 ], [ -71.57957391429926, -35.848465107410988, 0.0 ], [ -71.579543390067087, -35.848264072870883, 0.0 ], [ -71.578137723477411, -35.846158924060695, 0.0 ], [ -71.576529189075657, -35.846889959307333, 0.0 ], [ -71.576551827122998, -35.846941802077716, 0.0 ], [ -71.575598243718048, -35.847489518655514, 0.0 ], [ -71.575004216497419, -35.847825431104809, 0.0 ], [ -71.577938231116946, -35.85135678499838, 0.0 ] ] ] } },
{ "type": "Feature", "properties": { "zona": "100" }, "geometry": { "type": "Polygon", "coordinates": [ [ [ -71.582402006238325, -35.863996380698957, 0.0 ], [ -71.582627417411473, -35.863951768070912, 0.0 ], [ -71.582920091115255, -35.863751893346439, 0.0 ], [ -71.582968366401957, -35.863632185480078, 0.0 ], [ -71.582958162491352, -35.86337831796849, 0.0 ], [ -71.582765294087977, -35.863185891518739, 0.0 ], [ -71.582758287766822, -35.862826283015252, 0.0 ], [ -71.582701107674993, -35.862669009770045, 0.0 ], [ -71.582701180702628, -35.862564542304597, 0.0 ], [ -71.582774943993954, -35.862321837281939, 0.0 ], [ -71.58300099278938, -35.862022025195252, 0.0 ], [ -71.58310568907369, -35.861922087832959, 0.0 ], [ -71.583267492422095, -35.861812632626716, 0.0 ], [ -71.583576070684131, -35.861631687655347, 0.0 ], [ -71.583948018269766, -35.861232044141239, 0.0 ], [ -71.584226415207468, -35.86104406672181, 0.0 ], [ -71.584497243560278, -35.8609174553863, 0.0 ], [ -71.58464044142255, -35.860794223316262, 0.0 ], [ -71.584971186502358, -35.860556277215615, 0.0 ], [ -71.585432801937358, -35.860418268477297, 0.0 ], [ -71.585434083733901, -35.86041825752325, 0.0 ], [ -71.585707747219729, -35.860414075752026, 0.0 ], [ -71.585773025065933, -35.860458355602859, 0.0 ], [ -71.585771201005016, -35.859993790999916, 0.0 ], [ -71.583630279463861, -35.859015084128551, 0.0 ], [ -71.583252523394705, -35.859295112162997, 0.0 ], [ -71.58283961759453, -35.858322826558563, 0.0 ], [ -71.581346141895622, -35.858650308531068, 0.0 ], [ -71.580882327004971, -35.857495291999832, 0.0 ], [ -71.579404455321267, -35.857809817062446, 0.0 ], [ -71.578505019061041, -35.858031106935961, 0.0 ], [ -71.577345984004822, -35.858646257999837, 0.0 ], [ -71.579052536004923, -35.860884752999887, 0.0 ], [ -71.579210273460973, -35.860966654923686, 0.0 ], [ -71.579703297781379, -35.861120843996822, 0.0 ], [ -71.580380130004968, -35.861304348999838, 0.0 ], [ -71.580618393949578, -35.861337601176722, 0.0 ], [ -71.580676021440524, -35.86146348638173, 0.0 ], [ -71.581946891563831, -35.86304733494255, 0.0 ], [ -71.582310949097717, -35.863503239671388, 0.0 ], [ -71.582383760604401, -35.863640296625256, 0.0 ], [ -71.582402006238325, -35.863996380698957, 0.0 ] ] ] } },
{ "type": "Feature", "properties": { "zona": "101" }, "geometry": { "type": "Polygon", "coordinates": [ [ [ -71.583630279463847, -35.859015084128551, 0.0 ], [ -71.584058541088694, -35.858689648592147, 0.0 ], [ -71.584390103921066, -35.858218914652134, 0.0 ], [ -71.585235850145679, -35.856569053539772, 0.0 ], [ -71.586127207542674, -35.855061767137947, 0.0 ], [ -71.584856099070763, -35.855339537303507, 0.0 ], [ -71.580425244092751, -35.856310756628694, 0.0 ], [ -71.580882327004957, -35.857495291999832, 0.0 ], [ -71.581346141895622, -35.858650308531068, 0.0 ], [ -71.58283961759453, -35.858322826558556, 0.0 ], [ -71.583252523394705, -35.859295112162997, 0.0 ], [ -71.583630279463847, -35.859015084128551, 0.0 ] ] ] } },
{ "type": "Feature", "properties": { "zona": "102" }, "geometry": { "type": "Polygon", "coordinates": [ [ [ -71.58336523552984, -35.855666347148023, 0.0 ], [ -71.582077868870982, -35.852379880376567, 0.0 ], [ -71.580692174719644, -35.853153624511307, 0.0 ], [ -71.579412197105313, -35.853868311682483, 0.0 ], [ -71.580425244092751, -35.856310756628694, 0.0 ], [ -71.58336523552984, -35.855666347148023, 0.0 ] ] ] } },
{ "type": "Feature", "properties": { "zona": "103" }, "geometry": { "type": "Polygon", "coordinates": [ [ [ -71.591342012058959, -35.862040271179907, 0.0 ], [ -71.591581682336241, -35.86204285953896, 0.0 ], [ -71.590542528409202, -35.859608844907292, 0.0 ], [ -71.590205400263287, -35.858580322106803, 0.0 ], [ -71.590280948191847, -35.858565814620661, 0.0 ], [ -71.588690151940298, -35.854495727412178, 0.0 ], [ -71.587807024098652, -35.854677658039726, 0.0 ], [ -71.586127207542646, -35.855061767137926, 0.0 ], [ -71.585235850145679, -35.856569053539772, 0.0 ], [ -71.584390103921024, -35.85821891465212, 0.0 ], [ -71.584058541088694, -35.858689648592126, 0.0 ], [ -71.583630279463819, -35.859015084128551, 0.0 ], [ -71.585771201005016, -35.859993790999873, 0.0 ], [ -71.585773025065933, -35.860458355602859, 0.0 ], [ -71.585946765514763, -35.860577692364572, 0.0 ], [ -71.586041326451124, -35.860744888668727, 0.0 ], [ -71.586065738564983, -35.860967923969618, 0.0 ], [ -71.586198988381355, -35.861115450551942, 0.0 ], [ -71.586294166821602, -35.861255838751291, 0.0 ], [ -71.586643998127016, -35.861498033110756, 0.0 ], [ -71.587051391013929, -35.861683040742776, 0.0 ], [ -71.587400616189285, -35.86175314610157, 0.0 ], [ -71.587852713780393, -35.86164607035618, 0.0 ], [ -71.588190519981595, -35.861514278464242, 0.0 ], [ -71.588451754150157, -35.861567233244209, 0.0 ], [ -71.588619231297514, -35.861631220907192, 0.0 ], [ -71.589142141201847, -35.861750638284427, 0.0 ], [ -71.589275962120951, -35.861864925029302, 0.0 ], [ -71.589629687964745, -35.861857296080295, 0.0 ], [ -71.590639510610004, -35.862074361845423, 0.0 ], [ -71.590974566620019, -35.862036301961147, 0.0 ], [ -71.591342012058959, -35.862040271179907, 0.0 ] ] ] } },
{ "type": "Feature", "properties": { "zona": "104" }, "geometry": { "type": "Polygon", "coordinates": [ [ [ -71.590542528409202, -35.859608844907292, 0.0 ], [ -71.591581682336226, -35.862042859538924, 0.0 ], [ -71.592076257065784, -35.862048199266212, 0.0 ], [ -71.592422914539654, -35.862091321140767, 0.0 ], [ -71.592508565323072, -35.862086829146953, 0.0 ], [ -71.592771552108047, -35.862158795032897, 0.0 ], [ -71.593073612961987, -35.862166027942891, 0.0 ], [ -71.593248102123255, -35.862094660443283, 0.0 ], [ -71.593494553236098, -35.86204427052968, 0.0 ], [ -71.594206124718056, -35.861794553978577, 0.0 ], [ -71.595007239897242, -35.861394179400854, 0.0 ], [ -71.595216063005111, -35.86119433499983, 0.0 ], [ -71.594997342883104, -35.860562225868144, 0.0 ], [ -71.595041532568146, -35.859762006777792, 0.0 ], [ -71.595018091782904, -35.858991178807358, 0.0 ], [ -71.594995248957218, -35.858917891408481, 0.0 ], [ -71.59494861152163, -35.858876964679133, 0.0 ], [ -71.594844985994811, -35.858866495050769, 0.0 ], [ -71.594157165284415, -35.858952574920821, 0.0 ], [ -71.591643910002389, -35.859378632836872, 0.0 ], [ -71.590971064871709, -35.859493075534978, 0.0 ], [ -71.590542528409202, -35.859608844907292, 0.0 ] ] ] } },
{ "type": "Feature", "properties": { "zona": "105" }, "geometry": { "type": "Polygon", "coordinates": [ [ [ -71.597487693020767, -35.865072495376189, 0.0 ], [ -71.597661423749173, -35.864999769559248, 0.0 ], [ -71.598729145151012, -35.864680953976645, 0.0 ], [ -71.599960492770677, -35.864349046754668, 0.0 ], [ -71.599575340005188, -35.863103027999898, 0.0 ], [ -71.596064792261529, -35.859811462532029, 0.0 ], [ -71.595388325005146, -35.859137740999927, 0.0 ], [ -71.594801362544985, -35.858390652423658, 0.0 ], [ -71.594755756207107, -35.858523852665861, 0.0 ], [ -71.594844985994811, -35.858866495050769, 0.0 ], [ -71.59494861152163, -35.858876964679176, 0.0 ], [ -71.594995248957218, -35.858917891408481, 0.0 ], [ -71.595018091782904, -35.858991178807358, 0.0 ], [ -71.595043789962475, -35.85972112804297, 0.0 ], [ -71.594997342883104, -35.860562225868144, 0.0 ], [ -71.595216063005111, -35.86119433499983, 0.0 ], [ -71.596131084669096, -35.863732185460535, 0.0 ], [ -71.596704370707258, -35.865308136239818, 0.0 ], [ -71.597258994064077, -35.865116214194281, 0.0 ], [ -71.597487693020767, -35.865072495376189, 0.0 ] ] ] } },
{ "type": "Feature", "properties": { "zona": "106" }, "geometry": { "type": "Polygon", "coordinates": [ [ [ -71.586340472005034, -35.87491880899983, 0.0 ], [ -71.586666933751928, -35.87476779347223, 0.0 ], [ -71.586935766614474, -35.874493000168357, 0.0 ], [ -71.587108892656175, -35.874194513504904, 0.0 ], [ -71.585758517107919, -35.870995282211858, 0.0 ], [ -71.584881991823721, -35.868952415226829, 0.0 ], [ -71.583489660300771, -35.865610115733027, 0.0 ], [ -71.58315250934065, -35.865061720890083, 0.0 ], [ -71.582783817099426, -35.864914185518266, 0.0 ], [ -71.582523571004984, -35.865978408999922, 0.0 ], [ -71.577788975004864, -35.868339789999879, 0.0 ], [ -71.580983516004878, -35.877858505999797, 0.0 ], [ -71.583538390004961, -35.876978562999824, 0.0 ], [ -71.584638119005021, -35.875696862999916, 0.0 ], [ -71.586340472005034, -35.87491880899983, 0.0 ] ] ] } },
{ "type": "Feature", "properties": { "zona": "107" }, "geometry": { "type": "Polygon", "coordinates": [ [ [ -71.593477316232864, -35.86697903681042, 0.0 ], [ -71.593721091781916, -35.866858621028463, 0.0 ], [ -71.593412901096627, -35.866007809872691, 0.0 ], [ -71.593181876651585, -35.865164870648485, 0.0 ], [ -71.592556111756423, -35.863385704497254, 0.0 ], [ -71.592447275828249, -35.862889696580019, 0.0 ], [ -71.592428649227841, -35.862454515224115, 0.0 ], [ -71.592469342759017, -35.862088886199572, 0.0 ], [ -71.592422914539654, -35.862091321140767, 0.0 ], [ -71.592061563894504, -35.862047812603791, 0.0 ], [ -71.590966895311084, -35.862040257754813, 0.0 ], [ -71.590639510610004, -35.862074361845423, 0.0 ], [ -71.589629687964745, -35.861857296080295, 0.0 ], [ -71.589283543169998, -35.861863404375782, 0.0 ], [ -71.589097747005113, -35.861714145999798, 0.0 ], [ -71.588798664605804, -35.861672198243632, 0.0 ], [ -71.588573687047813, -35.861598692459097, 0.0 ], [ -71.588190519981595, -35.861514278464242, 0.0 ], [ -71.587852651883395, -35.861647746849123, 0.0 ], [ -71.587400616189285, -35.86175314610157, 0.0 ], [ -71.587051391013944, -35.861683040742847, 0.0 ], [ -71.586643998127002, -35.861498033110763, 0.0 ], [ -71.586294166821602, -35.861255838751269, 0.0 ], [ -71.586198988381355, -35.861115450551942, 0.0 ], [ -71.586072356658988, -35.860965045403539, 0.0 ], [ -71.586041326451124, -35.860744888668705, 0.0 ], [ -71.585941568253816, -35.860571279044315, 0.0 ], [ -71.585707747219701, -35.860414075752026, 0.0 ], [ -71.585436663675964, -35.860419914150796, 0.0 ], [ -71.584980889061811, -35.860555913227934, 0.0 ], [ -71.584631696903514, -35.860792646923137, 0.0 ], [ -71.584496446467412, -35.86092066891991, 0.0 ], [ -71.584226415207368, -35.86104406672181, 0.0 ], [ -71.583952686971912, -35.861231506431977, 0.0 ], [ -71.583616330271241, -35.861604644326171, 0.0 ], [ -71.58310568907369, -35.861922087832959, 0.0 ], [ -71.582963792004961, -35.862088886999857, 0.0 ], [ -71.582772931130791, -35.862333974536313, 0.0 ], [ -71.582701180702585, -35.862564542304582, 0.0 ], [ -71.582701107674993, -35.862669009770045, 0.0 ], [ -71.582753744094944, -35.862830116119987, 0.0 ], [ -71.582765294087977, -35.863185891518739, 0.0 ], [ -71.582958162491352, -35.863378317968468, 0.0 ], [ -71.582968366401943, -35.863632185480078, 0.0 ], [ -71.582920091115255, -35.863751893346439, 0.0 ], [ -71.582624899148527, -35.863946414283753, 0.0 ], [ -71.582396470892036, -35.863996382964849, 0.0 ], [ -71.582783817099369, -35.864914185518231, 0.0 ], [ -71.583152509340593, -35.865061720890033, 0.0 ], [ -71.583489660300771, -35.865610115732991, 0.0 ], [ -71.585688573133552, -35.870825934614722, 0.0 ], [ -71.593477316232864, -35.86697903681042, 0.0 ] ] ] } },
{ "type": "Feature", "properties": { "zona": "108" }, "geometry": { "type": "Polygon", "coordinates": [ [ [ -71.593721091781916, -35.866858621028463, 0.0 ], [ -71.596710051552193, -35.865382121008835, 0.0 ], [ -71.596704370707201, -35.865308136239818, 0.0 ], [ -71.596130442214601, -35.863731281265416, 0.0 ], [ -71.595216063005111, -35.86119433499983, 0.0 ], [ -71.595007239897242, -35.861394179400854, 0.0 ], [ -71.594206124718056, -35.861794553978577, 0.0 ], [ -71.593730890005091, -35.861966978999746, 0.0 ], [ -71.593494553236098, -35.86204427052968, 0.0 ], [ -71.593263191702533, -35.862083504518921, 0.0 ], [ -71.593073612961987, -35.862166027942891, 0.0 ], [ -71.59276945354371, -35.862154888349039, 0.0 ], [ -71.592531507443198, -35.862089453171336, 0.0 ], [ -71.592469342759017, -35.862088886199572, 0.0 ], [ -71.592424909847907, -35.862488113214049, 0.0 ], [ -71.592440506206273, -35.86285884452446, 0.0 ], [ -71.592556111756423, -35.863385704497254, 0.0 ], [ -71.593181876651585, -35.865164870648485, 0.0 ], [ -71.593412901096627, -35.866007809872691, 0.0 ], [ -71.593721091781916, -35.866858621028463, 0.0 ] ] ] } },
{ "type": "Feature", "properties": { "zona": "109" }, "geometry": { "type": "Polygon", "coordinates": [ [ [ -71.590548200814837, -35.873964783883658, 0.0 ], [ -71.589948467236255, -35.874103640575392, 0.0 ], [ -71.592141187735606, -35.874022531717124, 0.0 ], [ -71.592748688430291, -35.875327781859987, 0.0 ], [ -71.593372256005054, -35.875052316999792, 0.0 ], [ -71.594138853005134, -35.87489993699986, 0.0 ], [ -71.597041728005166, -35.874826697999822, 0.0 ], [ -71.598157699005142, -35.875059577999814, 0.0 ], [ -71.599333718005241, -35.874877999999796, 0.0 ], [ -71.599183151005178, -35.873975595999852, 0.0 ], [ -71.599645966005241, -35.872376415999874, 0.0 ], [ -71.599468598005174, -35.871590506999858, 0.0 ], [ -71.598697981979868, -35.870983493591503, 0.0 ], [ -71.597886043644479, -35.871102505849052, 0.0 ], [ -71.596617633327256, -35.871229007501618, 0.0 ], [ -71.594629209151691, -35.871859747314041, 0.0 ], [ -71.594225236621625, -35.872263911104369, 0.0 ], [ -71.594020781143072, -35.872731141421092, 0.0 ], [ -71.593978417248721, -35.873168454519174, 0.0 ], [ -71.593901279044744, -35.873360601209612, 0.0 ], [ -71.593107227163131, -35.873684205168068, 0.0 ], [ -71.592698633207519, -35.873783161612245, 0.0 ], [ -71.590548200814837, -35.873964783883658, 0.0 ] ] ] } },
{ "type": "Feature", "properties": { "zona": "110" }, "geometry": { "type": "Polygon", "coordinates": [ [ [ -71.59401066013119, -35.866714305828332, 0.0 ], [ -71.593721091781916, -35.866858621028463, 0.0 ], [ -71.595820057515681, -35.871482008305151, 0.0 ], [ -71.596617633327227, -35.871229007501597, 0.0 ], [ -71.597756354625389, -35.871115440681208, 0.0 ], [ -71.598697981979868, -35.870983493591503, 0.0 ], [ -71.5983581757949, -35.870699720577939, 0.0 ], [ -71.599292069005116, -35.870467909999917, 0.0 ], [ -71.59807047000524, -35.866214640999843, 0.0 ], [ -71.597258994064049, -35.865116214194281, 0.0 ], [ -71.596704370707201, -35.865308136239818, 0.0 ], [ -71.596710051552165, -35.865382121008835, 0.0 ], [ -71.59401066013119, -35.866714305828332, 0.0 ] ] ] } },
{ "type": "Feature", "properties": { "zona": "111" }, "geometry": { "type": "Polygon", "coordinates": [ [ [ -71.60280486853091, -35.838467386537864, 0.0 ], [ -71.600959485005248, -35.838846235999867, 0.0 ], [ -71.601958722347362, -35.841366798432745, 0.0 ], [ -71.602423296762225, -35.842588836237546, 0.0 ], [ -71.603970540697773, -35.842254817441784, 0.0 ], [ -71.60357091859106, -35.840919231789492, 0.0 ], [ -71.60280486853091, -35.838467386537864, 0.0 ] ] ] } },
{ "type": "Feature", "properties": { "zona": "112" }, "geometry": { "type": "Polygon", "coordinates": [ [ [ -71.603554756756182, -35.840932820350041, 0.0 ], [ -71.603970540697773, -35.842254817441784, 0.0 ], [ -71.602437023500627, -35.842578681777049, 0.0 ], [ -71.603347724721473, -35.844991393650432, 0.0 ], [ -71.605912040247034, -35.844500349722836, 0.0 ], [ -71.604861142005319, -35.841015206999884, 0.0 ], [ -71.604765112454203, -35.840687176742335, 0.0 ], [ -71.603554756756182, -35.840932820350041, 0.0 ] ] ] } },
{ "type": "Feature", "properties": { "zona": "113" }, "geometry": { "type": "Polygon", "coordinates": [ [ [ -71.604861142005319, -35.841015206999884, 0.0 ], [ -71.605912040247034, -35.844500349722836, 0.0 ], [ -71.607172089614181, -35.844256607148743, 0.0 ], [ -71.606376500495458, -35.841396565011216, 0.0 ], [ -71.606205524256438, -35.840749253277984, 0.0 ], [ -71.604861142005319, -35.841015206999884, 0.0 ] ] ] } },
{ "type": "Feature", "properties": { "zona": "114" }, "geometry": { "type": "Polygon", "coordinates": [ [ [ -71.606205524256438, -35.840749253277984, 0.0 ], [ -71.607172089614181, -35.844256607148743, 0.0 ], [ -71.608633602369736, -35.843980018690644, 0.0 ], [ -71.608302691005335, -35.842690425999869, 0.0 ], [ -71.609903102231684, -35.84232126471305, 0.0 ], [ -71.609629880962046, -35.841759631185035, 0.0 ], [ -71.609593622378966, -35.841629781683721, 0.0 ], [ -71.609116470447134, -35.840123023723862, 0.0 ], [ -71.606205524256438, -35.840749253277984, 0.0 ] ] ] } },
{ "type": "Feature", "properties": { "zona": "115" }, "geometry": { "type": "Polygon", "coordinates": [ [ [ -71.612747559963225, -35.843051150007859, 0.0 ], [ -71.612118732378732, -35.841627073122176, 0.0 ], [ -71.611230160005377, -35.841793502999906, 0.0 ], [ -71.611051194005412, -35.8414147169999, 0.0 ], [ -71.609604332865814, -35.841668138207858, 0.0 ], [ -71.609629880962046, -35.841759631185035, 0.0 ], [ -71.609903102231684, -35.84232126471305, 0.0 ], [ -71.608302691005335, -35.842690425999869, 0.0 ], [ -71.608633446195128, -35.843975252578225, 0.0 ], [ -71.612747559963225, -35.843051150007859, 0.0 ] ] ] } },
{ "type": "Feature", "properties": { "zona": "116" }, "geometry": { "type": "Polygon", "coordinates": [ [ [ -71.603591872880301, -35.845548330936687, 0.0 ], [ -71.604973765899018, -35.84896134505918, 0.0 ], [ -71.60563914956586, -35.848758921639565, 0.0 ], [ -71.605735347180072, -35.849013195131008, 0.0 ], [ -71.607305290595889, -35.848615424541578, 0.0 ], [ -71.606486126438313, -35.846687778811514, 0.0 ], [ -71.607580952005335, -35.846305090999941, 0.0 ], [ -71.607283079005327, -35.845477857999917, 0.0 ], [ -71.606917143103942, -35.844949170492804, 0.0 ], [ -71.603591872880301, -35.845548330936687, 0.0 ] ] ] } }
]
}
