{
"type": "FeatureCollection",
"name": "Los Ángeles",
"crs": { "type": "name", "properties": { "name": "urn:ogc:def:crs:OGC:1.3:CRS84" } },
"features": [
{ "type": "Feature", "properties": { "zona": "70" }, "geometry": { "type": "Polygon", "coordinates": [ [ [ -72.301108246604102, -37.449851516711135 ], [ -72.300891767032141, -37.450449589616895 ], [ -72.300812857038807, -37.450743708436661 ], [ -72.300642697918803, -37.451377928678319 ], [ -72.300491334573778, -37.451500560482692 ], [ -72.300385236881326, -37.451906939669328 ], [ -72.300254870396643, -37.452392886226072 ], [ -72.30012957452422, -37.452859925146761 ], [ -72.300044698138393, -37.453176294970675 ], [ -72.300001786406725, -37.453336245113746 ], [ -72.299861686780915, -37.453808179736171 ], [ -72.299719911885575, -37.45426080467233 ], [ -72.299575183743102, -37.454722855955026 ], [ -72.299432312039571, -37.455178966982352 ], [ -72.299387523494801, -37.455321953746356 ], [ -72.299288195656203, -37.45563905024688 ], [ -72.299209556136631, -37.455890080879321 ], [ -72.299195719326462, -37.455934247751131 ], [ -72.299150037612122, -37.456080070489328 ], [ -72.299018693534236, -37.456529925861361 ], [ -72.299001707025695, -37.456586097345273 ], [ -72.298958610220595, -37.456728605348928 ], [ -72.298872412132809, -37.457013636509437 ], [ -72.298858617803646, -37.457059248780062 ], [ -72.298761780902751, -37.457379452826238 ], [ -72.298754224681034, -37.457390183417921 ], [ -72.298746652081775, -37.45739869960655 ], [ -72.29874529731309, -37.457400223032352 ], [ -72.298735096626302, -37.457409460367046 ], [ -72.298719652379603, -37.457457411103327 ], [ -72.298243143034085, -37.457361075050933 ], [ -72.298215633636659, -37.457450103429828 ], [ -72.298126315656702, -37.457710885794569 ], [ -72.29801606883558, -37.457986429683913 ], [ -72.297912993499452, -37.458244046857573 ], [ -72.297874600268855, -37.458340003436199 ], [ -72.297810479503596, -37.458537694130385 ], [ -72.297752234405451, -37.458717265448698 ], [ -72.297734972883319, -37.458770483787909 ], [ -72.297691620038421, -37.45890414097542 ], [ -72.297619159314934, -37.459127537682242 ], [ -72.297577749004958, -37.459255204535907 ], [ -72.297550804282622, -37.459339148958669 ], [ -72.297285947114077, -37.460164290855595 ], [ -72.297270562790985, -37.460234605569838 ], [ -72.312471703523187, -37.463335590275626 ], [ -72.312493747306746, -37.463257235640754 ], [ -72.31276908039483, -37.462309783236904 ], [ -72.312919218410386, -37.461793129900471 ], [ -72.313135047351466, -37.461050404918822 ], [ -72.313177849717718, -37.460903109722715 ], [ -72.313446788745765, -37.460060214483505 ], [ -72.313564599888281, -37.459690972041315 ], [ -72.313718136436577, -37.459209751617564 ], [ -72.313986384811344, -37.458368979195612 ], [ -72.314056284080309, -37.458153738705953 ], [ -72.314071016929219, -37.458108372943855 ], [ -72.31426859364187, -37.457499968093934 ], [ -72.314444147292633, -37.457006004401933 ], [ -72.314723293380723, -37.45612493922971 ], [ -72.314999863523084, -37.455251979612285 ], [ -72.315237009028507, -37.454503441674461 ], [ -72.315581958550567, -37.453414595098437 ], [ -72.315695343671791, -37.45305668169226 ], [ -72.315746824482048, -37.452894176162701 ], [ -72.316033783256628, -37.451988337140449 ], [ -72.316076900556808, -37.451852226019973 ], [ -72.316101257281872, -37.451773514835757 ], [ -72.316180104919766, -37.451518705379861 ], [ -72.31618679248507, -37.451497092741242 ], [ -72.316108682833288, -37.451220827417593 ], [ -72.31609432718129, -37.451170054989262 ], [ -72.316025055826287, -37.450925716901608 ], [ -72.315082409448777, -37.451186267726428 ], [ -72.314085204286982, -37.451530084657058 ], [ -72.312982920483492, -37.451490851988872 ], [ -72.311540703256654, -37.450841756968622 ], [ -72.310891768291, -37.450987962863486 ], [ -72.310025518953168, -37.450310353168064 ], [ -72.309136902466804, -37.450124658090409 ], [ -72.308387995759915, -37.450110607263845 ], [ -72.307648262772034, -37.450306811125195 ], [ -72.306902344840651, -37.450362748918842 ], [ -72.306147256000344, -37.450208422549231 ], [ -72.30485219880228, -37.449788519612355 ], [ -72.303875645395152, -37.449605246945467 ], [ -72.302682443426406, -37.449498288760125 ], [ -72.302192672678387, -37.449371554875462 ], [ -72.301759176761408, -37.449524113917164 ], [ -72.301438802057206, -37.449707588941827 ], [ -72.301243887842091, -37.449819213523256 ], [ -72.301108246604102, -37.449851516711135 ] ] ] } },
{ "type": "Feature", "properties": { "zona": "1" }, "geometry": { "type": "Polygon", "coordinates": [ [ [ -72.343277531604784, -37.41304782838408 ], [ -72.343968693629236, -37.411958138833427 ], [ -72.344548700084687, -37.411023445026565 ], [ -72.344841663731785, -37.410472119601408 ], [ -72.345019282320777, -37.410139933955158 ], [ -72.345103706075889, -37.410034541364439 ], [ -72.345467833666987, -37.409499117755431 ], [ -72.345924263366754, -37.408761915681389 ], [ -72.346868578535606, -37.407284634482565 ], [ -72.348029378710464, -37.405515367860573 ], [ -72.349330497652801, -37.403706319478907 ], [ -72.350289897844775, -37.402433199113865 ], [ -72.351631723417967, -37.400610730327706 ], [ -72.352844164273975, -37.398896213762043 ], [ -72.353909651018654, -37.397407280106869 ], [ -72.354923687777756, -37.395977981488947 ], [ -72.355837596725408, -37.394718098678787 ], [ -72.356284702384201, -37.394112967818693 ], [ -72.357812755846908, -37.392041859291282 ], [ -72.35812019400548, -37.391583805243073 ], [ -72.358550617829337, -37.391027169268966 ], [ -72.359271240749223, -37.389922902294792 ], [ -72.359100708797584, -37.389884577122828 ], [ -72.358489780691102, -37.390073129517639 ], [ -72.356588592905396, -37.390659870904123 ], [ -72.354110137245002, -37.391390661530885 ], [ -72.354100467603644, -37.391393512460191 ], [ -72.352955129608404, -37.391809966059064 ], [ -72.352885391261836, -37.391835323252245 ], [ -72.35180977942349, -37.392226408936004 ], [ -72.351807619494082, -37.392227193173078 ], [ -72.351364712981336, -37.392388227647579 ], [ -72.351350904227516, -37.392393248304145 ], [ -72.351108118428414, -37.392423074463736 ], [ -72.351101218354216, -37.392423922742573 ], [ -72.350024064380023, -37.39255624613476 ], [ -72.349974475274237, -37.392562337662063 ], [ -72.34954386637034, -37.392615232605372 ], [ -72.348966068202344, -37.392686205845834 ], [ -72.348952314067134, -37.392688164510197 ], [ -72.348565039233705, -37.392743308549264 ], [ -72.348556813069465, -37.392744480165106 ], [ -72.348162098225515, -37.392800681462852 ], [ -72.34815938189513, -37.392801068364129 ], [ -72.347756863772489, -37.392858218684374 ], [ -72.347459927140648, -37.392894623809298 ], [ -72.34626864365363, -37.393040669192303 ], [ -72.346184707107824, -37.393133264608132 ], [ -72.346283382634496, -37.39347485145484 ], [ -72.346293145177782, -37.39350379863123 ], [ -72.346322152505309, -37.393589814736217 ], [ -72.346488324941447, -37.39408255746585 ], [ -72.346792729137505, -37.394985163590938 ], [ -72.34709032162111, -37.395867558722578 ], [ -72.34715063515398, -37.396046368161343 ], [ -72.347204070001496, -37.396252603931941 ], [ -72.346221318101755, -37.396432233018643 ], [ -72.346205546065633, -37.396434989484234 ], [ -72.344979755531881, -37.396649267618741 ], [ -72.34496376520174, -37.396652062265829 ], [ -72.344842541015453, -37.396675198868849 ], [ -72.343794421148814, -37.396875236026837 ], [ -72.343873358261732, -37.397181591131378 ], [ -72.343972674642814, -37.397566227329847 ], [ -72.344041813059135, -37.397833992107465 ], [ -72.343970346157207, -37.397841943019287 ], [ -72.342493035080281, -37.398065035373264 ], [ -72.341961571105898, -37.39814528878513 ], [ -72.342070113397398, -37.398760996028386 ], [ -72.34212771146143, -37.399087723272849 ], [ -72.342186657461369, -37.39938881764725 ], [ -72.341965603038886, -37.399405522577595 ], [ -72.340293952081865, -37.399531831427034 ], [ -72.34028947333023, -37.399515230107262 ], [ -72.340102780107742, -37.399528267852261 ], [ -72.340053629660204, -37.399223308289336 ], [ -72.339316503337216, -37.399170539002625 ], [ -72.338839369504186, -37.399136379101201 ], [ -72.33870963754319, -37.399127090752437 ], [ -72.338079565830895, -37.399081978477682 ], [ -72.337989800941401, -37.399075551479093 ], [ -72.337449690007489, -37.399036876273577 ], [ -72.337421990164728, -37.399034893191342 ], [ -72.336820011168925, -37.398991785069072 ], [ -72.336190299461933, -37.398946688871916 ], [ -72.335560588744826, -37.398901588445078 ], [ -72.334930878985816, -37.39885648468897 ], [ -72.334301170185014, -37.398811377603629 ], [ -72.333671462342522, -37.398766267189067 ], [ -72.333100624573703, -37.398725371174592 ], [ -72.333041631867786, -37.398721262395085 ], [ -72.332981712995704, -37.39871708942718 ], [ -72.33240924319044, -37.398650707306054 ], [ -72.332328591196884, -37.399455502124795 ], [ -72.332318468875172, -37.399515610128134 ], [ -72.332760430244562, -37.399528667679562 ], [ -72.338931133948208, -37.400009342502003 ], [ -72.339019032428169, -37.400059006897926 ], [ -72.33912248775755, -37.400175779606222 ], [ -72.33949383073066, -37.402294186749813 ], [ -72.339893805648984, -37.404420388417435 ], [ -72.340301606186301, -37.406832873441637 ], [ -72.340412308870995, -37.408265902944351 ], [ -72.340565821581919, -37.409249276073176 ], [ -72.340755904053438, -37.41071985553895 ], [ -72.340833760102157, -37.410800287754057 ], [ -72.341739063376849, -37.411063851363934 ], [ -72.34179712675099, -37.411286631552962 ], [ -72.341889082389145, -37.411639442304264 ], [ -72.341531329473582, -37.411695417598423 ], [ -72.341066787841541, -37.411732997133129 ], [ -72.341022129596993, -37.411474495896769 ], [ -72.3400412089388, -37.411574010007214 ], [ -72.338647120862277, -37.4116928210655 ], [ -72.337419875544398, -37.411658017141356 ], [ -72.336318672543015, -37.411862079736849 ], [ -72.334622727387924, -37.41212722327564 ], [ -72.334589558694816, -37.413602407322102 ], [ -72.334694512850973, -37.413571172302902 ], [ -72.334981370602208, -37.413485801123855 ], [ -72.335356621632144, -37.413342877661073 ], [ -72.336186941853072, -37.413359144892155 ], [ -72.336690022288153, -37.413477261990941 ], [ -72.337161375833787, -37.413628804514914 ], [ -72.337392480580277, -37.413686465800154 ], [ -72.337971730509381, -37.413704287899286 ], [ -72.338558616618585, -37.413755516208667 ], [ -72.338686182925002, -37.413753038120518 ], [ -72.338814358562345, -37.413750548388151 ], [ -72.338880808225809, -37.413745438135322 ], [ -72.339030160551189, -37.413733950756281 ], [ -72.339268525831841, -37.413736202352915 ], [ -72.339303569603288, -37.413736532913887 ], [ -72.339615095663504, -37.413675597430171 ], [ -72.339647809675128, -37.413670508334654 ], [ -72.33983600884423, -37.413641232420993 ], [ -72.339992810910886, -37.413644762975643 ], [ -72.34015408175128, -37.413703186745963 ], [ -72.340212130918246, -37.413724216539343 ], [ -72.340389660225995, -37.413757411414636 ], [ -72.340600814866391, -37.413770747939168 ], [ -72.34088819333158, -37.413785400541975 ], [ -72.341001235536709, -37.413766963954103 ], [ -72.341243272762355, -37.413684671480503 ], [ -72.34152212399492, -37.413643261859711 ], [ -72.341933804004213, -37.413564785191333 ], [ -72.342151070823974, -37.413506729743382 ], [ -72.342306752539542, -37.413432029775173 ], [ -72.342457017850805, -37.413307615300134 ], [ -72.342766326772178, -37.413148629709944 ], [ -72.342996077070964, -37.41307559471155 ], [ -72.343109251423243, -37.413053343687807 ], [ -72.343277531604784, -37.41304782838408 ] ] ] } },
{ "type": "Feature", "properties": { "zona": "8" }, "geometry": { "type": "Polygon", "coordinates": [ [ [ -72.366981699349324, -37.449499351121531 ], [ -72.367078399357297, -37.449539328903747 ], [ -72.367546855890964, -37.449732995193621 ], [ -72.369070069169155, -37.450362723344071 ], [ -72.37006284913879, -37.450773142996873 ], [ -72.370228691607025, -37.45084170245147 ], [ -72.370387452378679, -37.450904828815574 ], [ -72.370397213319706, -37.450908709218979 ], [ -72.370852366395383, -37.451089696657959 ], [ -72.372018525033468, -37.451553397187077 ], [ -72.374879246913025, -37.452690836607978 ], [ -72.374988268830876, -37.452734182675037 ], [ -72.375011739241387, -37.452743513747059 ], [ -72.375019027966289, -37.45274641156724 ], [ -72.375035210787388, -37.452752844839722 ], [ -72.37525259289319, -37.452839274074996 ], [ -72.375742122800247, -37.452572507753501 ], [ -72.375935764692841, -37.452466984800921 ], [ -72.377182360802337, -37.451787657979665 ], [ -72.377354637087393, -37.451693776475039 ], [ -72.377606371666161, -37.451556595545746 ], [ -72.377766542656417, -37.451469308506454 ], [ -72.377849411838739, -37.451424147483245 ], [ -72.377948233620643, -37.451369905780481 ], [ -72.37795022600163, -37.451368815496309 ], [ -72.380575928463969, -37.449927594846713 ], [ -72.380580498680843, -37.44992774306732 ], [ -72.380599329476922, -37.449928350848047 ], [ -72.380598981579695, -37.44989666401824 ], [ -72.380598151790394, -37.449821063600716 ], [ -72.380595227902774, -37.449554821196735 ], [ -72.380585169236511, -37.448638682782644 ], [ -72.381391564607696, -37.448668485673878 ], [ -72.381319943065222, -37.44626358675287 ], [ -72.381309897654361, -37.444150929134601 ], [ -72.381261168274122, -37.442118476918203 ], [ -72.381109615529965, -37.433133421041589 ], [ -72.371302016967007, -37.433272437845901 ], [ -72.371234249201038, -37.435524798685229 ], [ -72.370252091711691, -37.435456454709261 ], [ -72.3695943405516, -37.434561924816833 ], [ -72.368749206424368, -37.434186589031448 ], [ -72.367932572753119, -37.436164424716686 ], [ -72.36715933705625, -37.438092727217445 ], [ -72.366498632614821, -37.439880478033352 ], [ -72.36633801364033, -37.441049938378129 ], [ -72.366233215128872, -37.441991757222006 ], [ -72.366587592541947, -37.442800760891728 ], [ -72.3669839248101, -37.443095704958338 ], [ -72.366935469987894, -37.444477478556536 ], [ -72.366981699349324, -37.449499351121531 ] ] ] } },
{ "type": "Feature", "properties": { "zona": "3" }, "geometry": { "type": "Polygon", "coordinates": [ [ [ -72.338686182925002, -37.413753038120518 ], [ -72.338558616618585, -37.413755516208667 ], [ -72.337971730509381, -37.413704287899286 ], [ -72.337392480580277, -37.413686465800154 ], [ -72.337161375833787, -37.413628804514914 ], [ -72.336690022288153, -37.413477261990941 ], [ -72.336522203870587, -37.413437860911287 ], [ -72.336186941853072, -37.413359144892155 ], [ -72.335356621632144, -37.413342877661073 ], [ -72.334981370602208, -37.413485801123855 ], [ -72.334694512850973, -37.413571172302902 ], [ -72.334589558694816, -37.413602407322102 ], [ -72.334293485986493, -37.413690518983003 ], [ -72.333927617498148, -37.414044951284239 ], [ -72.333563504634, -37.414439059661703 ], [ -72.333345482607285, -37.414762833792715 ], [ -72.332829898427306, -37.415108337501145 ], [ -72.332252812299586, -37.415190740891006 ], [ -72.332195577717911, -37.415199218410052 ], [ -72.3329576676621, -37.41600361471054 ], [ -72.332969806158715, -37.416017613728705 ], [ -72.331997859562847, -37.416177368943572 ], [ -72.331251473907159, -37.416185184989175 ], [ -72.329799958544811, -37.416755518492138 ], [ -72.329543030031132, -37.416948056772178 ], [ -72.329477716402479, -37.417346969160086 ], [ -72.329166723021942, -37.41764977918352 ], [ -72.327671393333475, -37.417555467544105 ], [ -72.327138019904126, -37.41765180230319 ], [ -72.325499832939911, -37.418158328355048 ], [ -72.325137604781204, -37.418396115015462 ], [ -72.324783613303183, -37.418628491987285 ], [ -72.324299609564605, -37.418789194808873 ], [ -72.324203181587507, -37.418810852556739 ], [ -72.323924276568064, -37.418703993417623 ], [ -72.322990512340837, -37.418424905557046 ], [ -72.322228932333303, -37.41860700270054 ], [ -72.322134231410217, -37.418629645875541 ], [ -72.322231956899458, -37.418865008584731 ], [ -72.322380019026212, -37.419221600724583 ], [ -72.322409225419719, -37.419291939963088 ], [ -72.322605374114019, -37.419764339635194 ], [ -72.322885887999973, -37.419696787057291 ], [ -72.32300411187498, -37.419664654997142 ], [ -72.323127061112032, -37.41990699373914 ], [ -72.323312482412092, -37.420272465683198 ], [ -72.322982414087946, -37.420408039192537 ], [ -72.322980697418572, -37.420441290344115 ], [ -72.32297587596328, -37.420534674922465 ], [ -72.322978828678117, -37.42064484149757 ], [ -72.322990148468918, -37.421067132744319 ], [ -72.323318593628599, -37.421539496899392 ], [ -72.323259066154762, -37.421623979702396 ], [ -72.323203671465606, -37.42170259611575 ], [ -72.32337650792968, -37.422221502913089 ], [ -72.32334032461921, -37.422230219610853 ], [ -72.323304141268892, -37.422238937197584 ], [ -72.323442600367457, -37.423030653729953 ], [ -72.323455965538315, -37.423704497131489 ], [ -72.323867745410823, -37.423747091186911 ], [ -72.324267605495962, -37.423788450523006 ], [ -72.324275571061534, -37.423841312180677 ], [ -72.324275566886527, -37.423841397692449 ], [ -72.324270877372413, -37.423946465599712 ], [ -72.324256443131119, -37.424269808946406 ], [ -72.324339256708157, -37.424282376504557 ], [ -72.32518454712023, -37.424410647791554 ], [ -72.327802274993502, -37.424807841990607 ], [ -72.327794865311745, -37.424852378927831 ], [ -72.327794655424157, -37.424853642055474 ], [ -72.327768899557171, -37.425008453023409 ], [ -72.327741545814703, -37.425147508701784 ], [ -72.327695572944194, -37.425381216703272 ], [ -72.327682032376615, -37.425450053300416 ], [ -72.327654205158922, -37.425591514135945 ], [ -72.327597609588068, -37.425879220153888 ], [ -72.327513418735364, -37.426307203577515 ], [ -72.327496799111458, -37.426391690509774 ], [ -72.32755968270817, -37.426434659284908 ], [ -72.327562824333228, -37.426436806538625 ], [ -72.327773822433059, -37.426580980338926 ], [ -72.328225991827821, -37.426868545876452 ], [ -72.329028551963475, -37.427378940115929 ], [ -72.329716136245338, -37.427816203867344 ], [ -72.330795084609079, -37.428502335484723 ], [ -72.331487223552614, -37.427584191225556 ], [ -72.33163075812945, -37.427393785610825 ], [ -72.331674648195772, -37.427335562628507 ], [ -72.331720966708517, -37.42727411800967 ], [ -72.330672695521017, -37.426717915953418 ], [ -72.331016455074277, -37.426261548846441 ], [ -72.331248364232479, -37.425953667115841 ], [ -72.331410977875763, -37.425737781004088 ], [ -72.331551203548983, -37.425551615200341 ], [ -72.331689406325552, -37.425459964397916 ], [ -72.331807616629675, -37.42538157150193 ], [ -72.331977182933457, -37.425104943861086 ], [ -72.332137001858882, -37.424844215955595 ], [ -72.332366918610319, -37.424469125398851 ], [ -72.332391815107329, -37.424434643932145 ], [ -72.332676893693431, -37.424039813057988 ], [ -72.333054472940589, -37.423516861409126 ], [ -72.333312077383297, -37.423160070272637 ], [ -72.333480213355088, -37.422927195207123 ], [ -72.333640250270406, -37.422705535355149 ], [ -72.333357304233758, -37.422681283889162 ], [ -72.333419530957329, -37.422335145948246 ], [ -72.333512326651828, -37.421818970627726 ], [ -72.333529747216019, -37.421722064375324 ], [ -72.333541064333446, -37.421646490468618 ], [ -72.332574799278888, -37.421581760367886 ], [ -72.332805259453991, -37.421292469406218 ], [ -72.332879856787656, -37.421198827625936 ], [ -72.332903697929041, -37.421168288022344 ], [ -72.333027456958391, -37.421009753431008 ], [ -72.333352953729943, -37.420592791274643 ], [ -72.333435686123707, -37.420486810762036 ], [ -72.333630072133815, -37.420237797597977 ], [ -72.333858540177047, -37.419945122577467 ], [ -72.334103084462001, -37.419631850672602 ], [ -72.334281389114025, -37.419403432623824 ], [ -72.334491680324803, -37.419134035692274 ], [ -72.334698379012465, -37.418869238627614 ], [ -72.334848378396643, -37.41867707566692 ], [ -72.335031966564927, -37.418441881994141 ], [ -72.335214487194392, -37.418208053459523 ], [ -72.335260872471054, -37.418149061598541 ], [ -72.335506631102035, -37.417836505071577 ], [ -72.335720387597007, -37.417564646347806 ], [ -72.335963445925813, -37.417255519733558 ], [ -72.336203270016341, -37.416950501756133 ], [ -72.336278790066302, -37.416854451716837 ], [ -72.336608550222621, -37.416435044637893 ], [ -72.336698753715027, -37.416320317059373 ], [ -72.337001329147085, -37.415935477557774 ], [ -72.337142287483545, -37.415756193722494 ], [ -72.337527721810972, -37.415265957918805 ], [ -72.337575500583412, -37.415205187015736 ], [ -72.337745321213589, -37.414989188679755 ], [ -72.337876280110009, -37.414941731808128 ], [ -72.337976084532528, -37.414930014209268 ], [ -72.338424644087112, -37.414945852657127 ], [ -72.339293838888864, -37.414976537801273 ], [ -72.339872167201506, -37.4149969513389 ], [ -72.340167963367151, -37.415007390614974 ], [ -72.34021513243043, -37.41500905542766 ], [ -72.340298575380004, -37.414990320813608 ], [ -72.340338668926023, -37.414981319186722 ], [ -72.340336498483452, -37.414940489985881 ], [ -72.340323959256992, -37.414704585554105 ], [ -72.34030943479361, -37.414431335318262 ], [ -72.340284077776019, -37.413954281912829 ], [ -72.34028028965335, -37.413883024095597 ], [ -72.340278373689415, -37.41384697657233 ], [ -72.340264399089776, -37.413821079065926 ], [ -72.340212130918246, -37.413724216539343 ], [ -72.34015408175128, -37.413703186745963 ], [ -72.339992810910886, -37.413644762975643 ], [ -72.33983600884423, -37.413641232420993 ], [ -72.339647809675128, -37.413670508334654 ], [ -72.339615095663504, -37.413675597430171 ], [ -72.339303569603288, -37.413736532913887 ], [ -72.339268525831841, -37.413736202352915 ], [ -72.339030160551189, -37.413733950756281 ], [ -72.338880808225809, -37.413745438135322 ], [ -72.338814358562345, -37.413750548388151 ], [ -72.338686182925002, -37.413753038120518 ] ] ] } },
{ "type": "Feature", "properties": { "zona": "2" }, "geometry": { "type": "Polygon", "coordinates": [ [ [ -72.336761724592165, -37.42319203851298 ], [ -72.339754894218729, -37.423759051220379 ], [ -72.341395949332224, -37.42225343490388 ], [ -72.343028684178634, -37.420674855075639 ], [ -72.341584781040268, -37.4201526830687 ], [ -72.342290724096443, -37.41909597262142 ], [ -72.344196803697798, -37.418834272030821 ], [ -72.345613274995245, -37.418508472454498 ], [ -72.347208730999213, -37.417769434517119 ], [ -72.348360975266758, -37.417306535290813 ], [ -72.349450109121136, -37.416937578282138 ], [ -72.3507640855088, -37.416549810379585 ], [ -72.352183007219693, -37.416152458744044 ], [ -72.351884839795872, -37.41426461659529 ], [ -72.3501750390175, -37.41467427496984 ], [ -72.349662044290383, -37.410079320992999 ], [ -72.349434992071977, -37.410156789436499 ], [ -72.349267773947076, -37.410255498543876 ], [ -72.349161248800641, -37.41030973343014 ], [ -72.348991362437999, -37.410359567390991 ], [ -72.348889094929845, -37.410398996547137 ], [ -72.348776467655398, -37.410414351158273 ], [ -72.348604630428596, -37.410424002843236 ], [ -72.348505687793107, -37.410450349845377 ], [ -72.348394091607787, -37.410478840406633 ], [ -72.348282495343554, -37.410507330859026 ], [ -72.348213210578621, -37.41051563229329 ], [ -72.34808358939118, -37.410606109203229 ], [ -72.347990376980206, -37.410672683564243 ], [ -72.347892721342319, -37.410729619696262 ], [ -72.347704137766669, -37.410788330770799 ], [ -72.347499367753855, -37.410831417580042 ], [ -72.347192059923358, -37.410866480474574 ], [ -72.346778211398615, -37.410939205012447 ], [ -72.346522929264694, -37.4109906932431 ], [ -72.34639542205538, -37.411012625693246 ], [ -72.346297900506585, -37.41106574902502 ], [ -72.346218953321468, -37.411134549143 ], [ -72.346172514815137, -37.411230782469282 ], [ -72.346132840353775, -37.411338612000257 ], [ -72.34610447621148, -37.411499978193831 ], [ -72.346141018373629, -37.411676299418808 ], [ -72.346128433693011, -37.411876898190535 ], [ -72.346103597287311, -37.411963420488725 ], [ -72.346098087701151, -37.412000763694387 ], [ -72.346092578076636, -37.412038107799773 ], [ -72.346051633466985, -37.412085037770147 ], [ -72.345916426920596, -37.412244765223718 ], [ -72.345835913688475, -37.412324020762313 ], [ -72.345497641512978, -37.412529823358469 ], [ -72.345036312636907, -37.412722818404212 ], [ -72.344824187653657, -37.41278479034213 ], [ -72.344702880911143, -37.412820230234146 ], [ -72.344432581824904, -37.412890450390755 ], [ -72.344165556014644, -37.412935670617657 ], [ -72.34413428359673, -37.412940966400235 ], [ -72.343746905611241, -37.413008552965941 ], [ -72.343523416232102, -37.413039768471513 ], [ -72.343393008557754, -37.413044043338168 ], [ -72.343277531604784, -37.41304782838408 ], [ -72.342550911701167, -37.414222467679267 ], [ -72.342003429774124, -37.415017808858885 ], [ -72.34103085304929, -37.416379966833077 ], [ -72.34023290382828, -37.417642333838913 ], [ -72.338961585658083, -37.419609300894344 ], [ -72.337590206613555, -37.421867256945198 ], [ -72.336761724592165, -37.42319203851298 ] ] ] } },
{ "type": "Feature", "properties": { "zona": "7" }, "geometry": { "type": "Polygon", "coordinates": [ [ [ -72.353748962841976, -37.449192651475322 ], [ -72.35489606257137, -37.449809116377196 ], [ -72.354895608521772, -37.451592903980931 ], [ -72.354839322225075, -37.452183941619268 ], [ -72.354858854144879, -37.452193624592944 ], [ -72.35492456414373, -37.45222620122442 ], [ -72.355634444313424, -37.452268877685739 ], [ -72.355785996809814, -37.452387530762955 ], [ -72.356158796511068, -37.452428726489096 ], [ -72.356537386645115, -37.452508679046204 ], [ -72.356861661937344, -37.452628577172504 ], [ -72.357330655547216, -37.452979693984012 ], [ -72.357938077083446, -37.453296964401758 ], [ -72.358953746416603, -37.453712731790027 ], [ -72.360205502690036, -37.454210608450246 ], [ -72.36124900669644, -37.454569481546834 ], [ -72.361750263806385, -37.454710933190412 ], [ -72.361822032356443, -37.454731185173415 ], [ -72.361861648213704, -37.454742364565412 ], [ -72.361916581027245, -37.454757866355322 ], [ -72.361926568101126, -37.454760684680146 ], [ -72.362058564415065, -37.454798393946135 ], [ -72.362080222345526, -37.454804043851034 ], [ -72.362123197218523, -37.454801889478951 ], [ -72.362861022596221, -37.454764896641741 ], [ -72.363212846221487, -37.454799285020883 ], [ -72.363373162231156, -37.454868586803038 ], [ -72.366351552349116, -37.455276229131805 ], [ -72.366735259240343, -37.455328740390961 ], [ -72.366954367913067, -37.455358725619462 ], [ -72.367072009959699, -37.455387866710666 ], [ -72.367138714588762, -37.454819106561359 ], [ -72.367147905294587, -37.454420667837859 ], [ -72.367136596208653, -37.454152243087293 ], [ -72.367114778051047, -37.453634415193733 ], [ -72.367097904132592, -37.453233944522353 ], [ -72.367090004796836, -37.453046449990183 ], [ -72.367088893841256, -37.453020086272105 ], [ -72.367088774523666, -37.453009502615124 ], [ -72.367087308836417, -37.452878824093013 ], [ -72.367084965392635, -37.452729666476223 ], [ -72.367083533498558, -37.452651548559516 ], [ -72.367082568196295, -37.452582395512898 ], [ -72.3670833266697, -37.4524049351554 ], [ -72.367084253911102, -37.452187892178614 ], [ -72.367084467476971, -37.452137945833748 ], [ -72.367084655006082, -37.452093897665883 ], [ -72.367039269312684, -37.451461855706761 ], [ -72.367005824441705, -37.45099609400026 ], [ -72.36700541293682, -37.45098017728175 ], [ -72.367000523160868, -37.45079118363595 ], [ -72.366998087258864, -37.450697026735476 ], [ -72.366997556776226, -37.450577677231905 ], [ -72.366993221241302, -37.450308431898073 ], [ -72.36698912197572, -37.450053879246376 ], [ -72.366987159708884, -37.449907580329729 ], [ -72.366984891345993, -37.449738298620375 ], [ -72.366984411659686, -37.449702573667473 ], [ -72.366984007845488, -37.449672451794477 ], [ -72.366982981606611, -37.449595915352745 ], [ -72.366982496423333, -37.449559670327901 ], [ -72.366982053363159, -37.449526703631086 ], [ -72.366981884415495, -37.449514054387137 ], [ -72.366981839851078, -37.449510748970781 ], [ -72.36698176829384, -37.44950547399602 ], [ -72.366981699349324, -37.449499351121531 ], [ -72.366935469987894, -37.444477478556536 ], [ -72.3669839248101, -37.443095704958338 ], [ -72.366587592541947, -37.442800760891728 ], [ -72.366233215128872, -37.441991757222006 ], [ -72.36633801364033, -37.441049938378129 ], [ -72.366498632614821, -37.439880478033352 ], [ -72.36715933705625, -37.438092727217445 ], [ -72.367932572753119, -37.436164424716686 ], [ -72.368749206424368, -37.434186589031448 ], [ -72.368731196869192, -37.434178590454444 ], [ -72.36864895757418, -37.433954929957487 ], [ -72.368063151865002, -37.433728881266418 ], [ -72.366903467156988, -37.433311925560474 ], [ -72.366290726840234, -37.433064656336846 ], [ -72.364927049402539, -37.432448478974543 ], [ -72.36430017936479, -37.432347167755033 ], [ -72.363559562044145, -37.432302061596438 ], [ -72.36303857534557, -37.432158092994101 ], [ -72.362532467867609, -37.431973973980924 ], [ -72.362067522564558, -37.431737427242467 ], [ -72.361888390150327, -37.431708615134333 ], [ -72.362033572644691, -37.431772405903807 ], [ -72.360651607463808, -37.432797432413224 ], [ -72.359777328913779, -37.433442755786317 ], [ -72.35926641045954, -37.433870322183211 ], [ -72.358847792224765, -37.434180788988257 ], [ -72.358741839382645, -37.434275273628387 ], [ -72.358538818020008, -37.434456317644916 ], [ -72.358530678840907, -37.434467516835113 ], [ -72.358146090294838, -37.434754685592885 ], [ -72.35800993921022, -37.434856346524619 ], [ -72.35814172711946, -37.434883231624688 ], [ -72.357988699515275, -37.435090203434434 ], [ -72.357863943166748, -37.435258937415369 ], [ -72.357855812833904, -37.435268016407221 ], [ -72.3577156732578, -37.435424518486563 ], [ -72.357514036025762, -37.43564969890965 ], [ -72.357191795098103, -37.436009558782501 ], [ -72.357050310573129, -37.436167558225513 ], [ -72.356831976314865, -37.436454216038037 ], [ -72.356595363137941, -37.436764870377367 ], [ -72.35630987683038, -37.437139686112872 ], [ -72.35618223827322, -37.437299747912732 ], [ -72.355716151934189, -37.437884221045017 ], [ -72.355515661923022, -37.438135633536845 ], [ -72.35532994442886, -37.438368784444137 ], [ -72.354974558109035, -37.438924410794534 ], [ -72.354888762419904, -37.439058620378233 ], [ -72.354893189552712, -37.439096146774794 ], [ -72.35408616289871, -37.44037227850044 ], [ -72.354049503534583, -37.440371447359233 ], [ -72.353961040699573, -37.440509825410167 ], [ -72.353641255473505, -37.440929444460856 ], [ -72.353734154833361, -37.441156065845909 ], [ -72.35374792101068, -37.441263599772995 ], [ -72.353769325339769, -37.441430799654498 ], [ -72.353782114144224, -37.441530697190487 ], [ -72.353789279170385, -37.441586663348765 ], [ -72.353795003134422, -37.441631376440064 ], [ -72.353795447743281, -37.441977720306511 ], [ -72.353795581735284, -37.442081576798813 ], [ -72.35379672210729, -37.442969100917765 ], [ -72.353813280453338, -37.442970057626972 ], [ -72.353797388520363, -37.443488213806063 ], [ -72.353797530280048, -37.443598099862292 ], [ -72.353798345974084, -37.444233354514687 ], [ -72.353799071106181, -37.444798792629115 ], [ -72.353799794133394, -37.445362391463277 ], [ -72.353800065588786, -37.445573966640836 ], [ -72.353800470189242, -37.445889027871978 ], [ -72.35380108897867, -37.446371555733492 ], [ -72.353801542543167, -37.446725497844156 ], [ -72.353802042449857, -37.447115639952116 ], [ -72.353802278170022, -37.447299810256496 ], [ -72.353802879862073, -37.44776940474128 ], [ -72.353803266746056, -37.448071421742888 ], [ -72.353794032229715, -37.448285981939577 ], [ -72.353775122208233, -37.448725360713098 ], [ -72.353758851630886, -37.44910341417409 ], [ -72.35375565048264, -37.449177777816239 ], [ -72.353748962841976, -37.449192651475322 ] ] ] } },
{ "type": "Feature", "properties": { "zona": "6" }, "geometry": { "type": "Polygon", "coordinates": [ [ [ -72.353748962841976, -37.449192651475322 ], [ -72.35375565048264, -37.449177777816239 ], [ -72.353758851630886, -37.44910341417409 ], [ -72.353775122208233, -37.448725360713098 ], [ -72.353794032229715, -37.448285981939577 ], [ -72.353803266746056, -37.448071421742888 ], [ -72.353802879862073, -37.44776940474128 ], [ -72.353802278170022, -37.447299810256496 ], [ -72.353802042449857, -37.447115639952116 ], [ -72.353801542543167, -37.446725497844156 ], [ -72.35380108897867, -37.446371555733492 ], [ -72.353800470189242, -37.445889027871978 ], [ -72.353800065588786, -37.445573966640836 ], [ -72.353799794133394, -37.445362391463277 ], [ -72.353799071106181, -37.444798792629115 ], [ -72.353798345974084, -37.444233354514687 ], [ -72.353797530280048, -37.443598099862292 ], [ -72.353797388520363, -37.443488213806063 ], [ -72.353813280453338, -37.442970057626972 ], [ -72.35379672210729, -37.442969100917765 ], [ -72.353795581735284, -37.442081576798813 ], [ -72.353795447743281, -37.441977720306511 ], [ -72.353795003134422, -37.441631376440064 ], [ -72.353789279170385, -37.441586663348765 ], [ -72.353782114144224, -37.441530697190487 ], [ -72.353769325339769, -37.441430799654498 ], [ -72.35374792101068, -37.441263599772995 ], [ -72.353734154833361, -37.441156065845909 ], [ -72.353641255473505, -37.440929444460856 ], [ -72.353961040699573, -37.440509825410167 ], [ -72.354049503534583, -37.440371447359233 ], [ -72.35408616289871, -37.44037227850044 ], [ -72.354893189552712, -37.439096146774794 ], [ -72.354888762419904, -37.439058620378233 ], [ -72.354974558109035, -37.438924410794534 ], [ -72.35532994442886, -37.438368784444137 ], [ -72.355515661923022, -37.438135633536845 ], [ -72.355716151934189, -37.437884221045017 ], [ -72.35618223827322, -37.437299747912732 ], [ -72.35630987683038, -37.437139686112872 ], [ -72.356595363137941, -37.436764870377367 ], [ -72.356831976314865, -37.436454216038037 ], [ -72.357050310573129, -37.436167558225513 ], [ -72.357191795098103, -37.436009558782501 ], [ -72.357514036025762, -37.43564969890965 ], [ -72.3577156732578, -37.435424518486563 ], [ -72.357855812833904, -37.435268016407221 ], [ -72.357863943166748, -37.435258937415369 ], [ -72.357988699515275, -37.435090203434434 ], [ -72.35814172711946, -37.434883231624688 ], [ -72.35800993921022, -37.434856346524619 ], [ -72.358146090294838, -37.434754685592885 ], [ -72.358530678840907, -37.434467516835113 ], [ -72.358538818020008, -37.434456317644916 ], [ -72.358741839382645, -37.434275273628387 ], [ -72.358847792224765, -37.434180788988257 ], [ -72.35926641045954, -37.433870322183211 ], [ -72.359777328913779, -37.433442755786317 ], [ -72.360651607463808, -37.432797432413224 ], [ -72.362033572644691, -37.431772405903807 ], [ -72.361888390150327, -37.431708615134333 ], [ -72.361683068815907, -37.431675590793319 ], [ -72.36143622034939, -37.431351669854379 ], [ -72.361200024370348, -37.430895209156802 ], [ -72.360927068438144, -37.430730929480148 ], [ -72.360694428203445, -37.430724310656544 ], [ -72.360377798451154, -37.430693597321387 ], [ -72.359918342317371, -37.430812605702371 ], [ -72.359710044438074, -37.430977340863791 ], [ -72.359203269380345, -37.430779985974134 ], [ -72.358933368120958, -37.430681821610406 ], [ -72.358698953819768, -37.430635524106698 ], [ -72.358133619771479, -37.430611878969117 ], [ -72.357332694214833, -37.430515571921369 ], [ -72.356885657213837, -37.430541523091279 ], [ -72.356310261895814, -37.43066372360186 ], [ -72.35581590249592, -37.430743982075938 ], [ -72.35516421701405, -37.430643417969691 ], [ -72.354665131170833, -37.430617875616228 ], [ -72.354156299280064, -37.430524326692499 ], [ -72.353449330064578, -37.430149502216047 ], [ -72.350495902994695, -37.430167137787762 ], [ -72.345585320355553, -37.430155584268583 ], [ -72.345581722984022, -37.430171112675545 ], [ -72.344975028875197, -37.432789437956089 ], [ -72.344667516015335, -37.432787431261175 ], [ -72.344227740465683, -37.432784559643203 ], [ -72.344215543124022, -37.432920167388829 ], [ -72.344010578217876, -37.434556489098114 ], [ -72.343949408942322, -37.435044811110721 ], [ -72.34387467750922, -37.435641408720123 ], [ -72.343881869467751, -37.435641720933106 ], [ -72.344001076137431, -37.435646895775939 ], [ -72.343986287396447, -37.435714824097317 ], [ -72.343917226979315, -37.436032044728528 ], [ -72.343739794403575, -37.437090364244561 ], [ -72.343548031213388, -37.438234135087917 ], [ -72.343561365996862, -37.438327756003432 ], [ -72.343578838951942, -37.438450426612931 ], [ -72.343781745138671, -37.439874930550694 ], [ -72.343843244607257, -37.440306671863034 ], [ -72.343909674008685, -37.440773024310587 ], [ -72.344057702045205, -37.441812207774888 ], [ -72.344064013274604, -37.441856512726524 ], [ -72.344128417967809, -37.441871895893868 ], [ -72.344184023638277, -37.441873146240958 ], [ -72.344205348500182, -37.44187362574408 ], [ -72.344317568279379, -37.441876149013879 ], [ -72.34431859006483, -37.441876592811759 ], [ -72.344353570892878, -37.441891763028131 ], [ -72.344405223439949, -37.441914164709175 ], [ -72.344515084542877, -37.441963509268852 ], [ -72.344743140802962, -37.442065942169826 ], [ -72.344754387456945, -37.442075581081646 ], [ -72.344829522907972, -37.442139972873996 ], [ -72.344838434182464, -37.442207763582736 ], [ -72.344838447939537, -37.442207790024511 ], [ -72.344855077771271, -37.442234778473981 ], [ -72.344860639887031, -37.442243806586028 ], [ -72.344877840476329, -37.442271721599738 ], [ -72.344923883474891, -37.442286256327449 ], [ -72.345000785827835, -37.442310531079166 ], [ -72.345025551372672, -37.442333087746519 ], [ -72.345087009255181, -37.442389064539974 ], [ -72.34516298423604, -37.442417805023915 ], [ -72.345191513709722, -37.442431399907434 ], [ -72.345232450217736, -37.442450905663577 ], [ -72.345367296162976, -37.442496154935171 ], [ -72.345419533057978, -37.442513684337918 ], [ -72.345580768907425, -37.442566852603413 ], [ -72.345654133848797, -37.442591045633733 ], [ -72.345751968101993, -37.442660829245966 ], [ -72.345874405554611, -37.442703231801275 ], [ -72.345974570069473, -37.442737921170867 ], [ -72.346116255078385, -37.442786160007245 ], [ -72.346326242120909, -37.442840439796797 ], [ -72.346413676769103, -37.442867870811746 ], [ -72.346501112645598, -37.442895300889226 ], [ -72.346542812420239, -37.442908383934153 ], [ -72.346661942649604, -37.442958272691847 ], [ -72.346749482087048, -37.442994931494759 ], [ -72.346781560856414, -37.443008365133181 ], [ -72.346877466234716, -37.443067341510293 ], [ -72.346885495666214, -37.443072279796503 ], [ -72.346913551740485, -37.443089533002734 ], [ -72.346953648163094, -37.443114189935372 ], [ -72.346954801883598, -37.443114898900731 ], [ -72.347002096029982, -37.44314398070064 ], [ -72.347245621284358, -37.443332048352666 ], [ -72.34725011655101, -37.443335519510249 ], [ -72.347278511721569, -37.443357447155236 ], [ -72.347451900160692, -37.443504255534911 ], [ -72.34746309867991, -37.443513737220393 ], [ -72.347644053064769, -37.443666950102369 ], [ -72.347672921341498, -37.443691392495829 ], [ -72.347689371884215, -37.443705321089482 ], [ -72.347830619016307, -37.443824913279023 ], [ -72.347855026462042, -37.443841871671928 ], [ -72.347884961625908, -37.443862670408123 ], [ -72.347914897903962, -37.443883470063042 ], [ -72.347951756259249, -37.443909078531242 ], [ -72.347976523385455, -37.443926286476511 ], [ -72.347998154401026, -37.443941314474017 ], [ -72.348024868493823, -37.443968516308381 ], [ -72.348346579067936, -37.444296069167798 ], [ -72.34835590004964, -37.444304125397323 ], [ -72.34837214241135, -37.444318163667262 ], [ -72.34853250787711, -37.444456765384523 ], [ -72.348546867229203, -37.444469176286155 ], [ -72.348592064227191, -37.444508238966947 ], [ -72.348667520963417, -37.444573454715076 ], [ -72.348692873901214, -37.444595367804126 ], [ -72.348737285839917, -37.444633750483689 ], [ -72.348938376206917, -37.444849166396736 ], [ -72.348972122469974, -37.44488531540641 ], [ -72.349136816046808, -37.445061738925276 ], [ -72.349302116616187, -37.445251659325322 ], [ -72.349420013876212, -37.445387117027288 ], [ -72.349432791381673, -37.445401797393401 ], [ -72.349668213296184, -37.445596315101561 ], [ -72.349672011557701, -37.445599687625695 ], [ -72.350073720722961, -37.44595633595366 ], [ -72.350159896148455, -37.446032844425233 ], [ -72.350276787114908, -37.446136622323564 ], [ -72.350334642045553, -37.44618798659544 ], [ -72.350556657320183, -37.446362395160868 ], [ -72.350664714173178, -37.446447281647963 ], [ -72.350728065732227, -37.446497048790384 ], [ -72.350761137093983, -37.446523029229702 ], [ -72.351025415350179, -37.446730636971616 ], [ -72.351312787599554, -37.446926881666855 ], [ -72.351658602894219, -37.447163033934252 ], [ -72.351707604885888, -37.447196498305686 ], [ -72.351834373869224, -37.447307475388669 ], [ -72.351882753880872, -37.44737043387444 ], [ -72.351931133971732, -37.44743339234288 ], [ -72.351964725649339, -37.447477104678747 ], [ -72.351979764196145, -37.44750262370183 ], [ -72.352037375011051, -37.447600385853619 ], [ -72.35210145466904, -37.447692082478056 ], [ -72.352155728373234, -37.447769745931595 ], [ -72.35221663040501, -37.447837109454781 ], [ -72.352281260594609, -37.447899876100621 ], [ -72.352423251619442, -37.448037770607229 ], [ -72.352448440613372, -37.448052729788529 ], [ -72.352613401578495, -37.448180997763082 ], [ -72.352680167888963, -37.448224103646005 ], [ -72.352884116510054, -37.44828182224294 ], [ -72.352898286014039, -37.448327064352462 ], [ -72.352907229869103, -37.448354113735682 ], [ -72.352917463752732, -37.448385062349708 ], [ -72.352953197622199, -37.448493126476599 ], [ -72.352953821562849, -37.44849501659634 ], [ -72.353058466506766, -37.448632531098674 ], [ -72.353140742012656, -37.448702685457484 ], [ -72.353183281072475, -37.448738956467615 ], [ -72.353271003040618, -37.448835541048595 ], [ -72.353313333228769, -37.448881459247971 ], [ -72.353398235368076, -37.448973559642333 ], [ -72.35347237316536, -37.449030935537955 ], [ -72.353590091912181, -37.449122038306825 ], [ -72.353629129697936, -37.449149304193718 ], [ -72.353689341072965, -37.449163800711887 ], [ -72.353748962841976, -37.449192651475322 ] ] ] } },
{ "type": "Feature", "properties": { "zona": "5" }, "geometry": { "type": "Polygon", "coordinates": [ [ [ -72.343909674008685, -37.440773024310587 ], [ -72.343843244607257, -37.440306671863034 ], [ -72.343781745106824, -37.439874931451087 ], [ -72.343710990578245, -37.439378203062546 ], [ -72.343561365996862, -37.438327756003432 ], [ -72.343548031213388, -37.438234135087917 ], [ -72.343739794403575, -37.437090364244561 ], [ -72.343917226979315, -37.436032044728528 ], [ -72.343986287396447, -37.435714824097317 ], [ -72.344001076137431, -37.435646895775939 ], [ -72.343881869467751, -37.435641720933106 ], [ -72.34387467750922, -37.435641408720123 ], [ -72.343949408942322, -37.435044811110721 ], [ -72.344010578217876, -37.434556489098114 ], [ -72.344215543124022, -37.432920167388829 ], [ -72.344227740465683, -37.432784559643203 ], [ -72.344667516015335, -37.432787431261175 ], [ -72.344975028875197, -37.432789437956089 ], [ -72.345581722984022, -37.430171112675545 ], [ -72.345585320355553, -37.430155584268583 ], [ -72.345660213111373, -37.429773832315327 ], [ -72.345734011201344, -37.42953663631279 ], [ -72.346158427477121, -37.428172474416634 ], [ -72.346252508853738, -37.42799315412811 ], [ -72.346675623762167, -37.427220261359587 ], [ -72.34670123020318, -37.42717348790304 ], [ -72.347159259649629, -37.426336798379701 ], [ -72.347596502076485, -37.425538055879834 ], [ -72.347664918219024, -37.425410851219212 ], [ -72.347600557586219, -37.425395008876968 ], [ -72.34185313252074, -37.424191225342938 ], [ -72.341753065633853, -37.424170263610115 ], [ -72.341656192258682, -37.424150312627916 ], [ -72.341645264483105, -37.424148063519489 ], [ -72.341605401934331, -37.424139861064319 ], [ -72.341583943102691, -37.424195206299657 ], [ -72.341551881888265, -37.424270272794189 ], [ -72.341211958862118, -37.424951153052021 ], [ -72.341159641190913, -37.425055946591733 ], [ -72.340963639270626, -37.425448537778202 ], [ -72.340889543896878, -37.42559695000147 ], [ -72.340888876207757, -37.425598288457174 ], [ -72.340755119980102, -37.425866198071589 ], [ -72.340747639587946, -37.425881181144703 ], [ -72.340721129241444, -37.425934280419732 ], [ -72.340714248398143, -37.425948062274628 ], [ -72.340673104287148, -37.426030472713812 ], [ -72.340671483209491, -37.426033719007684 ], [ -72.34062239399853, -37.426132042803061 ], [ -72.340589559598186, -37.426197807320712 ], [ -72.340552561063859, -37.426271912582116 ], [ -72.340527525613908, -37.426322056890427 ], [ -72.340448670849824, -37.426479998239977 ], [ -72.340350885174189, -37.426675854237438 ], [ -72.340296014702616, -37.426785755085909 ], [ -72.340253100091374, -37.426871710153883 ], [ -72.340188096265436, -37.427001905833677 ], [ -72.340021119788375, -37.427336341528175 ], [ -72.339961838459828, -37.427455073890457 ], [ -72.339813456747478, -37.427752259273504 ], [ -72.339631890133575, -37.428078147531124 ], [ -72.33962061412609, -37.428098385986551 ], [ -72.336754718060149, -37.427537670254409 ], [ -72.336736389260764, -37.427576114263353 ], [ -72.336736340460689, -37.427576215890916 ], [ -72.336693823459029, -37.427665392845277 ], [ -72.336677351242514, -37.427691082782111 ], [ -72.336667734833441, -37.427706081396849 ], [ -72.33650986782429, -37.427952289284853 ], [ -72.336081584081299, -37.428620227725318 ], [ -72.335995818463317, -37.428715536198098 ], [ -72.33590200313526, -37.428819789609406 ], [ -72.33561229559345, -37.429176610749387 ], [ -72.335374292548082, -37.429469746517093 ], [ -72.335282149711787, -37.42957257370356 ], [ -72.33456348361058, -37.42915294936244 ], [ -72.334557298667093, -37.429149337783848 ], [ -72.334554050351016, -37.429152736504115 ], [ -72.334124920291572, -37.429601732754136 ], [ -72.332974907371039, -37.43080495058129 ], [ -72.33242512244523, -37.430487768229007 ], [ -72.332376847251396, -37.430560515789814 ], [ -72.332053178945912, -37.43103703238063 ], [ -72.331990441951362, -37.431129394908623 ], [ -72.332690798180195, -37.431441092606512 ], [ -72.332553221947364, -37.43165542975369 ], [ -72.332287274137215, -37.432069758309133 ], [ -72.332183883591199, -37.432030108768316 ], [ -72.331718450387939, -37.432722221357167 ], [ -72.331786331001155, -37.43274736315886 ], [ -72.331754922737886, -37.432795894454571 ], [ -72.331752696463766, -37.432799334200958 ], [ -72.331335452388899, -37.433444042580078 ], [ -72.330434623430492, -37.434835918972212 ], [ -72.329702288084988, -37.434767614956073 ], [ -72.329602830576817, -37.434758338649651 ], [ -72.329473005617913, -37.434746229221872 ], [ -72.329409648570717, -37.434740320009212 ], [ -72.329403067602584, -37.434739641358739 ], [ -72.32936789170418, -37.434794335141248 ], [ -72.32934944426755, -37.434823018778978 ], [ -72.32932159846645, -37.434866315122029 ], [ -72.329320831701125, -37.434867539527055 ], [ -72.329318862160179, -37.434870682252608 ], [ -72.329151066922208, -37.435138464720502 ], [ -72.329131948254101, -37.435168954303563 ], [ -72.329043161520886, -37.43531055071945 ], [ -72.329026686405967, -37.435336388111267 ], [ -72.328960590635035, -37.435440046825505 ], [ -72.328913106259122, -37.435514515614699 ], [ -72.328868855555427, -37.435583913023024 ], [ -72.32878355228533, -37.435706525731476 ], [ -72.328671718207403, -37.435868952623721 ], [ -72.328615112811875, -37.435958409660188 ], [ -72.328648710125321, -37.435960267071152 ], [ -72.328654614581041, -37.435960111348308 ], [ -72.328693585066389, -37.435959085036281 ], [ -72.328783363240262, -37.435956719752809 ], [ -72.32897258952012, -37.435951734564163 ], [ -72.329147076157341, -37.435947137575887 ], [ -72.329218746454274, -37.435941365383222 ], [ -72.329278114710135, -37.435936583762832 ], [ -72.329431326743205, -37.435915112161283 ], [ -72.32958741068343, -37.435898520866772 ], [ -72.329658621840011, -37.435882108427457 ], [ -72.329791051673624, -37.435910513828453 ], [ -72.329799511220145, -37.435912327983971 ], [ -72.329803835402217, -37.43591409190698 ], [ -72.329974952130968, -37.435983876961352 ], [ -72.330012698503438, -37.436010895098171 ], [ -72.330078954232832, -37.436058318290684 ], [ -72.33012066629864, -37.436083676963015 ], [ -72.330176093615705, -37.436117374600762 ], [ -72.330194409334027, -37.436128511008434 ], [ -72.330233333186698, -37.436152037723112 ], [ -72.330310570313486, -37.436198721372506 ], [ -72.330363351601079, -37.436280826699722 ], [ -72.330378168992667, -37.436303877002835 ], [ -72.330392630491602, -37.436315639054037 ], [ -72.33043514391494, -37.436350220659726 ], [ -72.330493906435237, -37.436426234381706 ], [ -72.330509894115366, -37.436446915043035 ], [ -72.330548585207893, -37.43649696443601 ], [ -72.330568258335759, -37.436519163863984 ], [ -72.330593139024401, -37.436547240029931 ], [ -72.330605626057448, -37.43656133188162 ], [ -72.330630389017188, -37.436629158240194 ], [ -72.330644715812454, -37.436668400443018 ], [ -72.330648749542036, -37.436679451011102 ], [ -72.330664240214006, -37.436706010133449 ], [ -72.330715322194294, -37.436793595358488 ], [ -72.330765117410749, -37.436822190372048 ], [ -72.330796998229346, -37.436840497061382 ], [ -72.330853240641858, -37.436927375222709 ], [ -72.330855301428272, -37.436930377461799 ], [ -72.330860888628621, -37.436938514666743 ], [ -72.330931810151284, -37.437041789652731 ], [ -72.331022697268949, -37.437147472978864 ], [ -72.331130984431582, -37.437221516424458 ], [ -72.331131016409685, -37.437221538773876 ], [ -72.331131049484981, -37.437221562049203 ], [ -72.331138541816586, -37.437226684792172 ], [ -72.331153307580109, -37.437241182216482 ], [ -72.331218392963962, -37.437305085042333 ], [ -72.331322238206695, -37.437384025559147 ], [ -72.331334017773628, -37.437384291704177 ], [ -72.331452951629188, -37.437386979705622 ], [ -72.331529850181852, -37.437375535460106 ], [ -72.331559460416287, -37.437366858006762 ], [ -72.331605767511391, -37.437333533677965 ], [ -72.331608024327394, -37.437331910383513 ], [ -72.33169194088164, -37.437315782864601 ], [ -72.331717770773494, -37.437316366376812 ], [ -72.331762514326471, -37.437317378047297 ], [ -72.331798120957515, -37.437309171208383 ], [ -72.331851559345608, -37.437279232979776 ], [ -72.331883157033374, -37.437261529674402 ], [ -72.331888158149212, -37.437261642644778 ], [ -72.331942438719977, -37.437262868776813 ], [ -72.332013651889682, -37.437246454975735 ], [ -72.332132215255655, -37.437249133019066 ], [ -72.332273428208936, -37.437270344886244 ], [ -72.332341029387351, -37.437375501294213 ], [ -72.33233831085947, -37.43745203502305 ], [ -72.332342860892936, -37.43749933480256 ], [ -72.332346563190583, -37.437537826820531 ], [ -72.332415445102328, -37.437606967347804 ], [ -72.332449453862637, -37.437643780183329 ], [ -72.332479708449739, -37.437653200710386 ], [ -72.332543062281133, -37.437672926903566 ], [ -72.332623301342466, -37.437760346180561 ], [ -72.332598346801717, -37.437786816206973 ], [ -72.332580868026255, -37.437843251460649 ], [ -72.332574919600745, -37.437862458746828 ], [ -72.332572019290311, -37.437871827064413 ], [ -72.33266212398199, -37.437897081933471 ], [ -72.332676920991375, -37.437901229623513 ], [ -72.332676845008777, -37.437903368966744 ], [ -72.332676724734966, -37.437906755359784 ], [ -72.332672763650947, -37.438018282130344 ], [ -72.332680132243595, -37.438074717113679 ], [ -72.33268220295119, -37.438090583922822 ], [ -72.332699892202726, -37.438122182835926 ], [ -72.332705792131208, -37.438132723094647 ], [ -72.332715410286141, -37.438149907466077 ], [ -72.332728299042699, -37.438155729590896 ], [ -72.33282037978158, -37.438197332916296 ], [ -72.332908734928807, -37.438247966865497 ], [ -72.332915569629819, -37.438251884270329 ], [ -72.33295951516466, -37.438277069822036 ], [ -72.332968521500874, -37.438287840610471 ], [ -72.332994070350509, -37.438318400440465 ], [ -72.333104864391018, -37.438359822340821 ], [ -72.333122328703993, -37.438366352385515 ], [ -72.333126221644321, -37.438371482946245 ], [ -72.333167535346462, -37.438425945834915 ], [ -72.333186402254128, -37.438456308799772 ], [ -72.333201609949356, -37.438480783232706 ], [ -72.333271698485888, -37.43851449328286 ], [ -72.333329389170572, -37.438542240026976 ], [ -72.333388352191093, -37.438552583317289 ], [ -72.333406939120238, -37.438561617644538 ], [ -72.333415694347096, -37.438565873045604 ], [ -72.333446675878491, -37.438580932726907 ], [ -72.333447502434367, -37.438582097610926 ], [ -72.333463240887085, -37.438604262710783 ], [ -72.333485690990884, -37.43863588158311 ], [ -72.333494273662652, -37.438642832836138 ], [ -72.333502855174828, -37.438649784963516 ], [ -72.333507385746898, -37.438652490577319 ], [ -72.33352637106924, -37.438663832635314 ], [ -72.333532129592726, -37.438670721030434 ], [ -72.333537889246443, -37.438677609450799 ], [ -72.333548105742821, -37.43868596998874 ], [ -72.33356053952788, -37.438696144071734 ], [ -72.333563556146458, -37.438700716867295 ], [ -72.333566572733417, -37.438705290563178 ], [ -72.333613856779579, -37.438706357995123 ], [ -72.333624712891591, -37.438706603067928 ], [ -72.333654790216983, -37.438707282047488 ], [ -72.333669691994572, -37.438705365646193 ], [ -72.333684592610354, -37.438703450117906 ], [ -72.333719878959712, -37.438704245768562 ], [ -72.333723665452226, -37.438710339006057 ], [ -72.333725557553521, -37.438713386049471 ], [ -72.333731237341766, -37.438722524554869 ], [ -72.333755232780334, -37.438723067119206 ], [ -72.333766798288124, -37.438725580990678 ], [ -72.333778362699519, -37.438728093935161 ], [ -72.333794938127753, -37.438716342635146 ], [ -72.333800522414194, -37.438712383015186 ], [ -72.33381531487295, -37.438701895384604 ], [ -72.333827196591827, -37.438695406997418 ], [ -72.333839084082541, -37.438688915134804 ], [ -72.333875010873768, -37.4386717028097 ], [ -72.333911803159992, -37.43865000621517 ], [ -72.333920864222947, -37.43864345144658 ], [ -72.333929926349597, -37.438636898503518 ], [ -72.33395353572773, -37.438628419317602 ], [ -72.333982995535521, -37.438621725734151 ], [ -72.334007652066745, -37.438616124017962 ], [ -72.334019295219719, -37.438616386818801 ], [ -72.334030941760417, -37.438616649694964 ], [ -72.334072580911197, -37.438617589530303 ], [ -72.334107708514182, -37.438622887979086 ], [ -72.334122544367048, -37.438632442182481 ], [ -72.334136710696598, -37.438641564955624 ], [ -72.334166352138155, -37.438642233966306 ], [ -72.334175334371082, -37.438637931098093 ], [ -72.334184314312637, -37.438633629078588 ], [ -72.334223103171965, -37.438612161275685 ], [ -72.334234489998664, -37.438605859923378 ], [ -72.334239071011467, -37.4386033248365 ], [ -72.334280803401398, -37.438581739619231 ], [ -72.334280873731231, -37.438581732195303 ], [ -72.334280944061049, -37.438581724771396 ], [ -72.334316956389799, -37.438578049052595 ], [ -72.334352404692481, -37.438574344373421 ], [ -72.334388330189839, -37.438557131859639 ], [ -72.334403150896875, -37.43855746633372 ], [ -72.334417972733348, -37.43855780083144 ], [ -72.334471607322442, -37.438559011235867 ], [ -72.334530025717939, -37.438564836069908 ], [ -72.334571824675251, -37.438561272836573 ], [ -72.33458648669712, -37.438566110204974 ], [ -72.334593754031644, -37.438568508077481 ], [ -72.334601146526495, -37.43857094571986 ], [ -72.334648112061586, -37.438581017643841 ], [ -72.33468959030499, -37.438586459227309 ], [ -72.334721796839915, -37.438594330956953 ], [ -72.334730205320142, -37.438596386013558 ], [ -72.334730468178606, -37.438596526211811 ], [ -72.334730578019901, -37.438596583658686 ], [ -72.334730687797276, -37.438596642906369 ], [ -72.334765559363319, -37.438615207069716 ], [ -72.334776506911638, -37.438619721801381 ], [ -72.334823337682167, -37.438639037903457 ], [ -72.334837531449978, -37.438661878954697 ], [ -72.334846054952223, -37.438675596183479 ], [ -72.334880665561997, -37.438698904226143 ], [ -72.334880782998724, -37.438698906875985 ], [ -72.334881249326074, -37.438698918299274 ], [ -72.334921703535116, -37.438713346989793 ], [ -72.334938548483976, -37.438736254157341 ], [ -72.334960653126501, -37.438750271507068 ], [ -72.334968792407139, -37.438756378214045 ], [ -72.33496994054282, -37.438757239457424 ], [ -72.334979229090081, -37.438764207432584 ], [ -72.334987238585157, -37.438784002819489 ], [ -72.334990188222605, -37.438791293647263 ], [ -72.334990228810568, -37.438791391883946 ], [ -72.334999111830925, -37.438795106677517 ], [ -72.335083560816159, -37.438829638900216 ], [ -72.3351781314108, -37.438831773488843 ], [ -72.335266510066091, -37.438829260907447 ], [ -72.335312563259336, -37.438817978883094 ], [ -72.335423924427232, -37.438790698357295 ], [ -72.335451761271941, -37.43878387948309 ], [ -72.33553412979505, -37.438742098195725 ], [ -72.335583207466001, -37.438717203493425 ], [ -72.335596333676605, -37.438710544752418 ], [ -72.335704977165975, -37.438654422692281 ], [ -72.335734939213992, -37.438646087344232 ], [ -72.335735442081457, -37.438644240578533 ], [ -72.335739921805782, -37.438627771837986 ], [ -72.33574224925988, -37.438619218644817 ], [ -72.335778494980033, -37.438593003531423 ], [ -72.335814983071202, -37.438572889046796 ], [ -72.335857018759853, -37.438549717826596 ], [ -72.335938002997409, -37.438522542813054 ], [ -72.335982827528355, -37.438507500371486 ], [ -72.336053881462661, -37.438495586144214 ], [ -72.336166960924572, -37.438493629979014 ], [ -72.336203510884076, -37.438470046554514 ], [ -72.336241928479296, -37.438466769619247 ], [ -72.33628924918284, -37.438447843658395 ], [ -72.336322092660865, -37.438461083770747 ], [ -72.33634490218256, -37.43847511495823 ], [ -72.336434305463911, -37.438463615204789 ], [ -72.336487236615881, -37.438464807927417 ], [ -72.33654103312324, -37.438461516343011 ], [ -72.336611448323183, -37.438467608869836 ], [ -72.336664606220793, -37.438482324324717 ], [ -72.336680176444119, -37.438487877578005 ], [ -72.336684695048149, -37.438489489743183 ], [ -72.336705060631658, -37.438496754214022 ], [ -72.33674087871573, -37.438478858206338 ], [ -72.336765461138825, -37.438466576038763 ], [ -72.33679478323765, -37.438476249287149 ], [ -72.336818029166253, -37.43850022056553 ], [ -72.336834985551434, -37.438517706143273 ], [ -72.336869794088003, -37.438532006875008 ], [ -72.336894268500018, -37.438519041899767 ], [ -72.336899572544709, -37.438502265491095 ], [ -72.336906997299579, -37.438478778497959 ], [ -72.33694362905689, -37.438461582020018 ], [ -72.336979235766592, -37.438453373618707 ], [ -72.337038358969593, -37.438459213102178 ], [ -72.337079838531565, -37.43846465297495 ], [ -72.337083355208307, -37.438459622909235 ], [ -72.33709844002162, -37.438438039651722 ], [ -72.337119019359747, -37.438417157883634 ], [ -72.337159251966654, -37.438376332249774 ], [ -72.337211614043142, -37.438350896337397 ], [ -72.337292209691725, -37.438311744747629 ], [ -72.337344071569902, -37.438274532475816 ], [ -72.337353088617959, -37.438268062051712 ], [ -72.337387654273115, -37.438259059598636 ], [ -72.337400852509447, -37.438255621977923 ], [ -72.337410213894259, -37.438251137269987 ], [ -72.337454741195486, -37.438229803149461 ], [ -72.337472013246298, -37.438219230369874 ], [ -72.337497337934593, -37.43820372885596 ], [ -72.337568870207065, -37.438178307688197 ], [ -72.337605139523447, -37.438165684123867 ], [ -72.337605240201228, -37.438165649447292 ], [ -72.337605342072052, -37.43816561299537 ], [ -72.337647711745319, -37.438126017627575 ], [ -72.33764831137006, -37.43812507415381 ], [ -72.337663572706234, -37.438101087005357 ], [ -72.337673143451568, -37.438086041361856 ], [ -72.337704980145745, -37.438069856651374 ], [ -72.337715580439848, -37.43806446898617 ], [ -72.337727728020212, -37.438066822574442 ], [ -72.33776819214998, -37.438074666031561 ], [ -72.337779711015145, -37.438088443361288 ], [ -72.337815157911862, -37.438084735800174 ], [ -72.337870866079598, -37.438070226293028 ], [ -72.33791068531248, -37.438059855243083 ], [ -72.337994122808581, -37.438057231038066 ], [ -72.338035056038436, -37.438058153559957 ], [ -72.33805857268915, -37.438072199455242 ], [ -72.338066651706072, -37.438074464019394 ], [ -72.338093540819941, -37.438081998723881 ], [ -72.338128669660108, -37.438087296003189 ], [ -72.338170147959303, -37.43809273636321 ], [ -72.338198991449872, -37.438115914379146 ], [ -72.338206663718395, -37.438138327826081 ], [ -72.338209872170779, -37.43814769878972 ], [ -72.338250805425176, -37.438148622139181 ], [ -72.338291487092746, -37.438176572509832 ], [ -72.338300718407922, -37.438179486600326 ], [ -72.338414422106027, -37.438215386683389 ], [ -72.338510945603488, -37.438272922915374 ], [ -72.338524402195105, -37.438280944227749 ], [ -72.338536412589548, -37.438284268753357 ], [ -72.338577559292716, -37.438295657905059 ], [ -72.338592205769544, -37.4382868451601 ], [ -72.338613645530728, -37.438273943007012 ], [ -72.338661887834689, -37.438247997295868 ], [ -72.338697334747806, -37.438244290371557 ], [ -72.338717298337968, -37.438240451747866 ], [ -72.338739292920124, -37.438236224541356 ], [ -72.338741534956085, -37.438251885163488 ], [ -72.3387438221895, -37.438267864899366 ], [ -72.338745913565603, -37.438299959461709 ], [ -72.338747940403266, -37.438331037007252 ], [ -72.338766287367974, -37.438348741979532 ], [ -72.338776624666608, -37.438358715998106 ], [ -72.338811377046341, -37.438368455227675 ], [ -72.338811485621363, -37.438368484707532 ], [ -72.338811593067177, -37.438368514161958 ], [ -72.338804989855561, -37.438395399897097 ], [ -72.33880853706566, -37.438418015934673 ], [ -72.338814207899972, -37.438454181303456 ], [ -72.338866871075766, -37.438482392418507 ], [ -72.338867306471585, -37.438483563772053 ], [ -72.338888103582832, -37.438541452616008 ], [ -72.338940304892546, -37.438583179108846 ], [ -72.338957089033258, -37.438589115355796 ], [ -72.339021920653352, -37.438612050550283 ], [ -72.339043584012927, -37.438622277005017 ], [ -72.339092084876825, -37.438645171357571 ], [ -72.339163198728002, -37.438689766755878 ], [ -72.339196420249763, -37.438710599322825 ], [ -72.339210229345426, -37.43872178512428 ], [ -72.33921365581746, -37.438724560267403 ], [ -72.339247916098529, -37.438752309790949 ], [ -72.339306720805254, -37.438767151270397 ], [ -72.339336451238282, -37.438794115678299 ], [ -72.339352570697898, -37.438808735411783 ], [ -72.339411535001801, -37.438819073932159 ], [ -72.339464818812488, -37.438820274167391 ], [ -72.339518103723663, -37.438821475304486 ], [ -72.339527153794037, -37.438819620093774 ], [ -72.339559242272003, -37.438813041991466 ], [ -72.339560337371296, -37.438812817948566 ], [ -72.339578842790374, -37.438809023833066 ], [ -72.339593827187301, -37.438805952404273 ], [ -72.339608705737689, -37.438802902018601 ], [ -72.339610125275769, -37.438802611391004 ], [ -72.339636920354309, -37.438797117035065 ], [ -72.339647352058208, -37.438796423840522 ], [ -72.33965596112948, -37.438795851794723 ], [ -72.339733416827031, -37.438790701868577 ], [ -72.339738163155616, -37.438790386143708 ], [ -72.339797060752574, -37.438782701462301 ], [ -72.339876147235131, -37.438776496914137 ], [ -72.339886302305018, -37.438775701048229 ], [ -72.339939781209935, -37.438781411064433 ], [ -72.339992233186848, -37.438796109133953 ], [ -72.340017517124295, -37.438810624281452 ], [ -72.34003307536824, -37.438819556028591 ], [ -72.340043377729543, -37.438831001583196 ], [ -72.340078607955448, -37.438870143051894 ], [ -72.340096928807355, -37.438910900599538 ], [ -72.340111343232678, -37.438942969879541 ], [ -72.340140505519287, -37.43896014053383 ], [ -72.340174997026779, -37.438980449042937 ], [ -72.340245088851134, -37.439013532401866 ], [ -72.340245126638337, -37.439013550374071 ], [ -72.340245152942089, -37.439013573494407 ], [ -72.340245997018386, -37.439014470193094 ], [ -72.340296181614562, -37.439068784395836 ], [ -72.34034570902611, -37.439112778565892 ], [ -72.340348224650441, -37.439115012319007 ], [ -72.340399880906162, -37.439152219404754 ], [ -72.340434166114107, -37.439163136222604 ], [ -72.340476010111772, -37.439176461612441 ], [ -72.340529648794444, -37.439177669361122 ], [ -72.340606416915435, -37.439183903461092 ], [ -72.340664357050315, -37.439203231309598 ], [ -72.340707644640986, -37.439223662916866 ], [ -72.340734523787646, -37.439236349411409 ], [ -72.340737850531184, -37.439254261992154 ], [ -72.340740815564885, -37.439270229921078 ], [ -72.340744606336727, -37.439290644547185 ], [ -72.340747980068997, -37.439305666489709 ], [ -72.340759860129168, -37.43935857201545 ], [ -72.340792438005678, -37.439435899820936 ], [ -72.340851084176578, -37.439455242575448 ], [ -72.340980784603929, -37.439462669016102 ], [ -72.341001100961037, -37.439472971126115 ], [ -72.341027274646223, -37.439486243622738 ], [ -72.341073603057652, -37.439514320175697 ], [ -72.341156722338511, -37.439520695996755 ], [ -72.341208804551215, -37.4395319104908 ], [ -72.34122682134749, -37.439535791678004 ], [ -72.341297625050899, -37.43955090227935 ], [ -72.341392515830066, -37.439544026999251 ], [ -72.341430039356325, -37.439536008184312 ], [ -72.341487884729233, -37.439523645594306 ], [ -72.341612895541942, -37.439503931266529 ], [ -72.341663818203443, -37.439514797762314 ], [ -72.341683699339313, -37.439519040737785 ], [ -72.341721592745131, -37.439529528359607 ], [ -72.341790018854979, -37.439548468085384 ], [ -72.341808554379227, -37.439551967068724 ], [ -72.342006824414057, -37.439589392041938 ], [ -72.342083486483162, -37.43961677480921 ], [ -72.342141443136882, -37.43963747652284 ], [ -72.342206876737691, -37.439651503344017 ], [ -72.342235377989184, -37.439657612677351 ], [ -72.342270825984585, -37.439683203752445 ], [ -72.342344886847684, -37.43973667203884 ], [ -72.342366396549323, -37.439754008785016 ], [ -72.342390897250709, -37.439773753037073 ], [ -72.342429192676917, -37.43986923238019 ], [ -72.342473290285682, -37.439960335754428 ], [ -72.342483962597967, -37.439979289454556 ], [ -72.34251183601593, -37.440028787980907 ], [ -72.342525501237247, -37.440056578723905 ], [ -72.342545439249079, -37.44009712719069 ], [ -72.342573170773761, -37.440151819274178 ], [ -72.342609727705579, -37.440262617247527 ], [ -72.342642064180822, -37.44036062706865 ], [ -72.342707135000722, -37.440537808695055 ], [ -72.342739874631576, -37.440610634926848 ], [ -72.342755447897034, -37.440669559039037 ], [ -72.342755761178566, -37.440670286983725 ], [ -72.342782860052907, -37.440733254196211 ], [ -72.342784921224904, -37.440768455089888 ], [ -72.342786822409664, -37.440800927394967 ], [ -72.342793380828567, -37.440806701539771 ], [ -72.342849841996539, -37.44085641149595 ], [ -72.342890048975534, -37.44089786645258 ], [ -72.34292294311922, -37.440958190357591 ], [ -72.342957168707358, -37.44101592464785 ], [ -72.342996054624109, -37.441075970610434 ], [ -72.343034754992104, -37.441097503892379 ], [ -72.343088876488963, -37.441127620302773 ], [ -72.34314507461562, -37.441160149744569 ], [ -72.343169859550642, -37.441174498016238 ], [ -72.343246152214036, -37.44119423564716 ], [ -72.343290739304877, -37.44124088573497 ], [ -72.343303366898809, -37.441254096346647 ], [ -72.343315019415869, -37.441262317145735 ], [ -72.343349539120311, -37.441286674120306 ], [ -72.343366359165813, -37.441304016947136 ], [ -72.343389747762885, -37.441328128048482 ], [ -72.343486463340824, -37.441429427559541 ], [ -72.343509790080219, -37.441465032844739 ], [ -72.343510458085547, -37.441466052618779 ], [ -72.343537395113842, -37.441507168351805 ], [ -72.343552809953479, -37.441570592603156 ], [ -72.343571586796756, -37.441607954556964 ], [ -72.343580459937115, -37.441625611534477 ], [ -72.343585430817384, -37.441635501395197 ], [ -72.343591744682826, -37.441648064447712 ], [ -72.343595462672397, -37.441654172060396 ], [ -72.343612745500764, -37.441682556782553 ], [ -72.343625121525406, -37.441702882359685 ], [ -72.343662983523942, -37.441740397788379 ], [ -72.343676303386829, -37.441753595094966 ], [ -72.343709767965933, -37.441765042210612 ], [ -72.343715854759537, -37.441767124620597 ], [ -72.343746791259377, -37.441777707465938 ], [ -72.343783023991989, -37.441786491825866 ], [ -72.343793071882274, -37.441788928242914 ], [ -72.343828730939279, -37.441797572629504 ], [ -72.343881313609103, -37.441812874797336 ], [ -72.343936302460861, -37.441828878056576 ], [ -72.343946187889827, -37.441831754158784 ], [ -72.344064013274604, -37.441856512726524 ], [ -72.344057702045205, -37.441812207774888 ], [ -72.343950471927229, -37.441059439406324 ], [ -72.343909674008685, -37.440773024310587 ] ] ] } },
{ "type": "Feature", "properties": { "zona": "13" }, "geometry": { "type": "Polygon", "coordinates": [ [ [ -72.35500207335852, -37.459010769077032 ], [ -72.35515768578172, -37.459016331399148 ], [ -72.356305228717844, -37.459057343742373 ], [ -72.356879699766992, -37.459077870400407 ], [ -72.357507018487169, -37.459100282391205 ], [ -72.358189121276069, -37.459124647422122 ], [ -72.358264445735614, -37.459127338100998 ], [ -72.35859782192135, -37.459139244971809 ], [ -72.358770829632221, -37.459145424102147 ], [ -72.358824348675284, -37.459147335667332 ], [ -72.360127107129813, -37.459193853865052 ], [ -72.360685345195762, -37.459213782861134 ], [ -72.361039255729466, -37.459226415708372 ], [ -72.361164316471616, -37.459230879180588 ], [ -72.361453871262469, -37.459245762809836 ], [ -72.362548638476412, -37.459302030339899 ], [ -72.362537397538503, -37.459240920192229 ], [ -72.362605038501428, -37.459214544716517 ], [ -72.362680871920602, -37.45918497475293 ], [ -72.362779529402658, -37.459183330187052 ], [ -72.362878188014847, -37.459181685563763 ], [ -72.362915752379621, -37.45918105917594 ], [ -72.362897174185164, -37.459089533633062 ], [ -72.362890991812563, -37.459059073709575 ], [ -72.362874624132317, -37.458978438928327 ], [ -72.362858113084357, -37.458897091759603 ], [ -72.362843214955348, -37.458823696065608 ], [ -72.362826749143025, -37.458742575182661 ], [ -72.362811068718273, -37.458665322331868 ], [ -72.36279439192478, -37.458583162243755 ], [ -72.362777782648109, -37.458501333471517 ], [ -72.362762665969854, -37.458426858747472 ], [ -72.362745888134057, -37.458344198975517 ], [ -72.362729216256071, -37.458262063316987 ], [ -72.362713611258869, -37.458185177991602 ], [ -72.362698358685179, -37.458110037898336 ], [ -72.362682270040651, -37.458030769111922 ], [ -72.362666241921005, -37.457951805352948 ], [ -72.362650322764253, -37.457873376588275 ], [ -72.36263459261788, -37.457795874791678 ], [ -72.362619104174314, -37.457719569674531 ], [ -72.362603204401267, -37.457641235052243 ], [ -72.362598273784954, -37.457616945117493 ], [ -72.362586798810497, -37.457560407439743 ], [ -72.362569264887952, -37.45747402173329 ], [ -72.362505972772155, -37.457156241212836 ], [ -72.362448444201576, -37.456896184624966 ], [ -72.362441306353588, -37.456839077866761 ], [ -72.362442764728925, -37.456838879750791 ], [ -72.362399741481809, -37.456622858750372 ], [ -72.362369922594283, -37.456482159212591 ], [ -72.362370979847171, -37.45648202062381 ], [ -72.36232603312051, -37.456264067879687 ], [ -72.362309859663796, -37.456191251882366 ], [ -72.362305677211083, -37.456191864947257 ], [ -72.362299981970253, -37.456156272260749 ], [ -72.362302022743592, -37.456155970008247 ], [ -72.362303689668977, -37.456155723385535 ], [ -72.36224683816917, -37.455880040123219 ], [ -72.362237369816171, -37.455834122800908 ], [ -72.362231913977269, -37.455834946219213 ], [ -72.362218104559801, -37.455740702048445 ], [ -72.362177113323227, -37.455541929674403 ], [ -72.362161349302326, -37.455464257638241 ], [ -72.362107711449354, -37.455199984005887 ], [ -72.36208550449534, -37.455090569276663 ], [ -72.362063682921615, -37.454981930006326 ], [ -72.362056635090141, -37.454946844162073 ], [ -72.362052497462585, -37.454926243989334 ], [ -72.362051822111866, -37.454922882134277 ], [ -72.362057375562188, -37.454820352082272 ], [ -72.362058564415065, -37.454798393946135 ], [ -72.361926568101126, -37.454760684680146 ], [ -72.361916581027245, -37.454757866355322 ], [ -72.361861648213704, -37.454742364565412 ], [ -72.361822032356443, -37.454731185173415 ], [ -72.361750263806385, -37.454710933190412 ], [ -72.36124900669644, -37.454569481546834 ], [ -72.360205502690036, -37.454210608450246 ], [ -72.358953746416603, -37.453712731790027 ], [ -72.357938077083446, -37.453296964401758 ], [ -72.357330655547216, -37.452979693984012 ], [ -72.356861661937344, -37.452628577172504 ], [ -72.356537386645115, -37.452508679046204 ], [ -72.356158796511068, -37.452428726489096 ], [ -72.355785996809814, -37.452387530762955 ], [ -72.355634444313424, -37.452268877685739 ], [ -72.35492456414373, -37.45222620122442 ], [ -72.354858854144879, -37.452193624592944 ], [ -72.354839322225075, -37.452183941619268 ], [ -72.354823936018093, -37.452597685833339 ], [ -72.354813692640377, -37.45287312121885 ], [ -72.354804440210103, -37.452957465320722 ], [ -72.35476704176692, -37.45626617343072 ], [ -72.354760191015501, -37.456872173531174 ], [ -72.354999672137708, -37.456894384830171 ], [ -72.354999918127774, -37.457111823659417 ], [ -72.354999999355329, -37.457183351967018 ], [ -72.35500010449843, -37.457275562439918 ], [ -72.355000322912119, -37.457467802591921 ], [ -72.355000783154708, -37.457873361527561 ], [ -72.355001274925655, -37.458306983856879 ], [ -72.355001767981349, -37.458741110817662 ], [ -72.355001906046851, -37.458862852642127 ], [ -72.355002044069195, -37.458984595364768 ], [ -72.35500207335852, -37.459010769077032 ] ] ] } },
{ "type": "Feature", "properties": { "zona": "14" }, "geometry": { "type": "Polygon", "coordinates": [ [ [ -72.353719151951594, -37.449178226097168 ], [ -72.353689341072965, -37.449163800711887 ], [ -72.353629129697936, -37.449149304193718 ], [ -72.353590091912181, -37.449122038306825 ], [ -72.35347237316536, -37.449030935537955 ], [ -72.353398235368076, -37.448973559642333 ], [ -72.3533956825422, -37.448970790059235 ], [ -72.353271003040618, -37.448835541048595 ], [ -72.353183281072475, -37.448738956467615 ], [ -72.353140742012656, -37.448702685457484 ], [ -72.353058466506766, -37.448632531098674 ], [ -72.352953821562849, -37.44849501659634 ], [ -72.352953197622199, -37.448493126476599 ], [ -72.352917463752732, -37.448385062349708 ], [ -72.352907229869103, -37.448354113735682 ], [ -72.352898286014039, -37.448327064352462 ], [ -72.352884116510054, -37.44828182224294 ], [ -72.352680167888963, -37.448224103646005 ], [ -72.352613401578495, -37.448180997763082 ], [ -72.352448440613372, -37.448052729788529 ], [ -72.352423251619442, -37.448037770607229 ], [ -72.352281260594609, -37.447899876100621 ], [ -72.35221663040501, -37.447837109454781 ], [ -72.352155728373234, -37.447769745931595 ], [ -72.35210145466904, -37.447692082478056 ], [ -72.352037375011051, -37.447600385853619 ], [ -72.351979764196145, -37.44750262370183 ], [ -72.351964725649339, -37.447477104678747 ], [ -72.351931133971732, -37.44743339234288 ], [ -72.351834373869224, -37.447307475388669 ], [ -72.351707604885888, -37.447196498305686 ], [ -72.351658602894219, -37.447163033934252 ], [ -72.351524983125273, -37.447071787193025 ], [ -72.351312787599554, -37.446926881666855 ], [ -72.351025415350179, -37.446730636971616 ], [ -72.350796881952562, -37.44655110976754 ], [ -72.350761137093983, -37.446523029229702 ], [ -72.350728065732227, -37.446497048790384 ], [ -72.350664714173178, -37.446447281647963 ], [ -72.350556657320183, -37.446362395160868 ], [ -72.350334642045553, -37.44618798659544 ], [ -72.350297418214538, -37.446154938199598 ], [ -72.350276787114908, -37.446136622323564 ], [ -72.350159896148455, -37.446032844425233 ], [ -72.350073720722961, -37.44595633595366 ], [ -72.349928555712367, -37.445827454401545 ], [ -72.349672011557701, -37.445599687625695 ], [ -72.349668213296184, -37.445596315101561 ], [ -72.349432791381673, -37.445401797393401 ], [ -72.349420013876212, -37.445387117027288 ], [ -72.349337016757246, -37.445291757613624 ], [ -72.349302116616187, -37.445251659325322 ], [ -72.349136816046808, -37.445061738925276 ], [ -72.349085095471764, -37.445006335071419 ], [ -72.348972122469974, -37.44488531540641 ], [ -72.348938376206917, -37.444849166396736 ], [ -72.348737285839917, -37.444633750483689 ], [ -72.348692873901214, -37.444595367804126 ], [ -72.348667520963417, -37.444573454715076 ], [ -72.348592064227191, -37.444508238966947 ], [ -72.348546867229203, -37.444469176286155 ], [ -72.34853250787711, -37.444456765384523 ], [ -72.348482977801112, -37.444413957665482 ], [ -72.34837214241135, -37.444318163667262 ], [ -72.348346579036132, -37.444296070068212 ], [ -72.348024868462019, -37.443968517208795 ], [ -72.347998154369222, -37.443941315374417 ], [ -72.347951756227445, -37.443909079431641 ], [ -72.347914897872144, -37.443883470963449 ], [ -72.347884961594104, -37.44386267130853 ], [ -72.347855026462042, -37.443841871671928 ], [ -72.347830619016307, -37.443824913279023 ], [ -72.347689371884215, -37.443705321089482 ], [ -72.347672921341498, -37.443691392495829 ], [ -72.347644053064769, -37.443666950102369 ], [ -72.34746309867991, -37.443513737220393 ], [ -72.347451900160692, -37.443504255534911 ], [ -72.347278511721569, -37.443357447155236 ], [ -72.347245621284358, -37.443332048352666 ], [ -72.347002096029982, -37.44314398070064 ], [ -72.346953647065618, -37.443114189009606 ], [ -72.346913551740485, -37.443089533002734 ], [ -72.346885495666214, -37.443072279796503 ], [ -72.346877466234716, -37.443067341510293 ], [ -72.346781560856414, -37.443008365133181 ], [ -72.346749482055245, -37.442994932395173 ], [ -72.346542812420239, -37.442908383934153 ], [ -72.34650111261378, -37.44289530178964 ], [ -72.346326242120909, -37.442840439796797 ], [ -72.346116255078385, -37.442786160007245 ], [ -72.345974570069473, -37.442737921170867 ], [ -72.345874405554611, -37.442703231801275 ], [ -72.345751968101993, -37.442660829245966 ], [ -72.345654133848797, -37.442591045633733 ], [ -72.345580768907425, -37.442566852603413 ], [ -72.345419533057978, -37.442513684337918 ], [ -72.345367296162976, -37.442496154935171 ], [ -72.345232450217736, -37.442450905663577 ], [ -72.345191513709722, -37.442431399907434 ], [ -72.34516298423604, -37.442417805023915 ], [ -72.345087009255181, -37.442389064539974 ], [ -72.345025551372672, -37.442333087746519 ], [ -72.345000785827835, -37.442310531079166 ], [ -72.344923883474891, -37.442286256327449 ], [ -72.344877840476329, -37.442271721599738 ], [ -72.344860639887031, -37.442243806586028 ], [ -72.344855077771271, -37.442234778473981 ], [ -72.344838447939537, -37.442207790024511 ], [ -72.344838434182464, -37.442207763582736 ], [ -72.344829522907972, -37.442139972873996 ], [ -72.344754387456945, -37.442075581081646 ], [ -72.344743140802962, -37.442065942169826 ], [ -72.344515084542877, -37.441963509268852 ], [ -72.344405223439949, -37.441914164709175 ], [ -72.344353570892878, -37.441891763028131 ], [ -72.34431859006483, -37.441876592811759 ], [ -72.344317568279379, -37.441876149013879 ], [ -72.344205348500182, -37.44187362574408 ], [ -72.344184023638277, -37.441873146240958 ], [ -72.344128417967809, -37.441871895893868 ], [ -72.344064013274604, -37.441856512726524 ], [ -72.343946187889827, -37.441831754158784 ], [ -72.343936302460861, -37.441828878056576 ], [ -72.343881313609103, -37.441812874797336 ], [ -72.343828730939279, -37.441797572629504 ], [ -72.343793071882274, -37.441788928242914 ], [ -72.343783023991989, -37.441786491825866 ], [ -72.343746791259377, -37.441777707465938 ], [ -72.343715854759537, -37.441767124620597 ], [ -72.343709767965933, -37.441765042210612 ], [ -72.343676303386829, -37.441753595094966 ], [ -72.343662983523942, -37.441740397788379 ], [ -72.343625121525406, -37.441702882359685 ], [ -72.343612745500764, -37.441682556782553 ], [ -72.343595462672397, -37.441654172060396 ], [ -72.343591744682826, -37.441648064447712 ], [ -72.343585430817384, -37.441635501395197 ], [ -72.343580459937115, -37.441625611534477 ], [ -72.343571586796756, -37.441607954556964 ], [ -72.343552809953479, -37.441570592603156 ], [ -72.343537395113842, -37.441507168351805 ], [ -72.343510458085547, -37.441466052618779 ], [ -72.343509790080219, -37.441465032844739 ], [ -72.343486463340824, -37.441429427559541 ], [ -72.343389747762885, -37.441328128048482 ], [ -72.343366359165813, -37.441304016947136 ], [ -72.343349539120311, -37.441286674120306 ], [ -72.343315019415869, -37.441262317145735 ], [ -72.343303366898809, -37.441254096346647 ], [ -72.343290739304877, -37.44124088573497 ], [ -72.343246152214036, -37.44119423564716 ], [ -72.343169859550642, -37.441174498016238 ], [ -72.34314507461562, -37.441160149744569 ], [ -72.343088876488963, -37.441127620302773 ], [ -72.343034754992104, -37.441097503892379 ], [ -72.342996054624109, -37.441075970610434 ], [ -72.342957168707358, -37.44101592464785 ], [ -72.34292294311922, -37.440958190357591 ], [ -72.342890048975534, -37.44089786645258 ], [ -72.342849841996539, -37.44085641149595 ], [ -72.342793380828567, -37.440806701539771 ], [ -72.342786822409664, -37.440800927394967 ], [ -72.342784921224904, -37.440768455089888 ], [ -72.342782860052907, -37.440733254196211 ], [ -72.342755761178566, -37.440670286983725 ], [ -72.342755447897034, -37.440669559039037 ], [ -72.342739874631576, -37.440610634926848 ], [ -72.342707135000722, -37.440537808695055 ], [ -72.342555159939977, -37.440643653058224 ], [ -72.342444219830256, -37.440795222438787 ], [ -72.342137623533915, -37.441166638304146 ], [ -72.342050549414211, -37.441335413258685 ], [ -72.341903575700584, -37.441758265417 ], [ -72.341812701616448, -37.44221552133348 ], [ -72.341840916708222, -37.442316289734983 ], [ -72.341809305268129, -37.442401010812574 ], [ -72.34184068167805, -37.442998300980292 ], [ -72.341908507614846, -37.443576470526452 ], [ -72.341901629046603, -37.443647607849137 ], [ -72.341926699515795, -37.44388833232312 ], [ -72.341981546232304, -37.444423530825993 ], [ -72.341988196540797, -37.44448842777588 ], [ -72.342004260800678, -37.444645190414718 ], [ -72.342076967976382, -37.444824215755602 ], [ -72.342170472821294, -37.444885925464234 ], [ -72.342514706610231, -37.445063395589727 ], [ -72.342553650122525, -37.445101549373646 ], [ -72.342555089656443, -37.445216449354803 ], [ -72.34255926201152, -37.445549601747445 ], [ -72.342561152966482, -37.445700634180042 ], [ -72.34256981546568, -37.445939273577387 ], [ -72.342585541026011, -37.446372493044123 ], [ -72.342591433758088, -37.446534838050511 ], [ -72.342592761089335, -37.446719355116286 ], [ -72.342595070650333, -37.447040374303917 ], [ -72.342589142742384, -37.44726902536587 ], [ -72.342581973964613, -37.447545534011276 ], [ -72.342578609304468, -37.447603581438869 ], [ -72.342561207795484, -37.447903763832819 ], [ -72.342551698668444, -37.448067796982819 ], [ -72.342547219428198, -37.448294306202214 ], [ -72.342546128923189, -37.448349442812052 ], [ -72.342539160721984, -37.448701817591697 ], [ -72.34253416519087, -37.448954432325962 ], [ -72.342527194729271, -37.449306862893273 ], [ -72.34252310595302, -37.449513583259332 ], [ -72.342521250138532, -37.449607417441946 ], [ -72.342520859475428, -37.449627169303966 ], [ -72.342520853077986, -37.449627445803742 ], [ -72.342508750026212, -37.450199114076 ], [ -72.342506645181658, -37.450298511564483 ], [ -72.34250639904775, -37.450310157501853 ], [ -72.342500993998499, -37.45056541675924 ], [ -72.342492194672062, -37.45098104214992 ], [ -72.342489113071366, -37.451126575689756 ], [ -72.342487124207565, -37.451220490660567 ], [ -72.342482364676044, -37.451270451559111 ], [ -72.342447137085387, -37.451313893909479 ], [ -72.342440835572091, -37.451315685011089 ], [ -72.342438236561421, -37.451383540292497 ], [ -72.342471147865666, -37.451455808129595 ], [ -72.342504058100275, -37.451528075933751 ], [ -72.342569880975702, -37.451672612470688 ], [ -72.342979075797871, -37.452025145757403 ], [ -72.343330834031889, -37.452226180735899 ], [ -72.343546239652198, -37.452223873931089 ], [ -72.34404258729019, -37.452142052653699 ], [ -72.344459514322011, -37.452022680742544 ], [ -72.344885153680409, -37.45191065539133 ], [ -72.345182504997751, -37.451874424200568 ], [ -72.345541849959204, -37.451861043127096 ], [ -72.345864579174503, -37.451868296446008 ], [ -72.346197030628517, -37.451854309877568 ], [ -72.346591982664037, -37.451848878801897 ], [ -72.347032262731531, -37.451830159360526 ], [ -72.347262060839427, -37.451928305140818 ], [ -72.347538198910485, -37.451984576305165 ], [ -72.347914717380135, -37.451993032084332 ], [ -72.34826560375042, -37.451965147472762 ], [ -72.348598055595147, -37.451951154140559 ], [ -72.349001215374159, -37.45196735674768 ], [ -72.349367255803386, -37.45201848855833 ], [ -72.349589101902751, -37.452087841701591 ], [ -72.350178756605416, -37.452158294449447 ], [ -72.350471566253233, -37.452250695630688 ], [ -72.350841645143007, -37.452187471143958 ], [ -72.351185836378392, -37.452095054274849 ], [ -72.351562356514407, -37.4521034984542 ], [ -72.352019558941166, -37.45211375047198 ], [ -72.352532567833322, -37.452068030550123 ], [ -72.352954163465412, -37.452070327634573 ], [ -72.353267930203771, -37.452077359826781 ], [ -72.353606576083962, -37.452142169890529 ], [ -72.353937768896444, -37.452163896992218 ], [ -72.354839322225075, -37.452183941619268 ], [ -72.354895608521772, -37.451592903980931 ], [ -72.35489606257137, -37.449809116377196 ], [ -72.353748962841976, -37.449192651475322 ], [ -72.353719151951594, -37.449178226097168 ] ] ] } },
{ "type": "Feature", "properties": { "zona": "10" }, "geometry": { "type": "Polygon", "coordinates": [ [ [ -72.396736447440105, -37.44856320645814 ], [ -72.397943106670937, -37.444138896060537 ], [ -72.39789243729588, -37.444263548804052 ], [ -72.397887908237976, -37.444271842156965 ], [ -72.397720716239633, -37.444577989919985 ], [ -72.397701880095525, -37.444611614224499 ], [ -72.397580462350334, -37.444828349918289 ], [ -72.397483303350469, -37.444983996184646 ], [ -72.3973723859486, -37.445161680018757 ], [ -72.397320357611349, -37.445239213951581 ], [ -72.397302314725522, -37.445261355436067 ], [ -72.397268824680367, -37.44530245332875 ], [ -72.397166871282352, -37.445406484133116 ], [ -72.397152262721463, -37.445422929534978 ], [ -72.397048515698586, -37.445539729371767 ], [ -72.396963411276047, -37.445625138182315 ], [ -72.396750270628374, -37.445811982151959 ], [ -72.396705648578305, -37.445852228052793 ], [ -72.396612497079332, -37.445936241799721 ], [ -72.396585118970251, -37.445960933956265 ], [ -72.396499459702696, -37.446026004286267 ], [ -72.396363985316938, -37.44612891696994 ], [ -72.396324065184245, -37.446160933616945 ], [ -72.396265180014126, -37.446208162270068 ], [ -72.396217877460785, -37.446246100564601 ], [ -72.396150423595302, -37.446294086443281 ], [ -72.396082970742157, -37.446342073205145 ], [ -72.394823806743972, -37.447036893410463 ], [ -72.394811624548538, -37.447043615667233 ], [ -72.394484302290337, -37.447222878690546 ], [ -72.394242457566875, -37.447355327798661 ], [ -72.3926544842559, -37.448224974086862 ], [ -72.392348376202392, -37.448392607061685 ], [ -72.392023797241279, -37.448570354738862 ], [ -72.390818127899649, -37.449230592166707 ], [ -72.390714490440075, -37.44928734453795 ], [ -72.390305364037388, -37.449510071807993 ], [ -72.389781432946236, -37.449797861264031 ], [ -72.389478576689086, -37.4499642148348 ], [ -72.38930030953901, -37.450060761033974 ], [ -72.388933948527409, -37.450259174585391 ], [ -72.388867130272018, -37.450296121458592 ], [ -72.388294352268716, -37.450612834424298 ], [ -72.388237231415744, -37.450644418290011 ], [ -72.387626711484657, -37.450981993343134 ], [ -72.387580828625659, -37.451007017434009 ], [ -72.386481260691497, -37.451606686977016 ], [ -72.386101405236147, -37.451813843753179 ], [ -72.385802980576472, -37.451976590137598 ], [ -72.385577042501254, -37.452101674662515 ], [ -72.384410871764217, -37.452747278023978 ], [ -72.383988656314983, -37.452981015456267 ], [ -72.382266968187039, -37.453934103281064 ], [ -72.381905605139593, -37.454134139696656 ], [ -72.381249299703455, -37.454497438128662 ], [ -72.380759259642602, -37.454768696449257 ], [ -72.380767432400404, -37.454786503736742 ], [ -72.380772379170779, -37.454912205217944 ], [ -72.380919057104066, -37.45863935353826 ], [ -72.38092072509825, -37.458681734433732 ], [ -72.380927690045837, -37.45885870240317 ], [ -72.380931352901769, -37.458883893507654 ], [ -72.381001418182834, -37.458857148416214 ], [ -72.381524947063539, -37.458657309292285 ], [ -72.382751983731907, -37.458188916212997 ], [ -72.3829901804353, -37.458104332793724 ], [ -72.383482689060145, -37.457929441630341 ], [ -72.38356427096663, -37.457900471144839 ], [ -72.383991969209305, -37.457728743960921 ], [ -72.384528166395384, -37.457533191765435 ], [ -72.384666692509555, -37.457480799765683 ], [ -72.384867615836697, -37.457404807403421 ], [ -72.385950983187129, -37.456973922538992 ], [ -72.386036857224738, -37.456918053854793 ], [ -72.386133158118199, -37.456878113518187 ], [ -72.386251379607941, -37.456799834995472 ], [ -72.386369600821752, -37.456721557244514 ], [ -72.386386750719836, -37.456708161259591 ], [ -72.387311781259754, -37.455985592304621 ], [ -72.388529238426827, -37.455056311620545 ], [ -72.389721512295324, -37.454171500451622 ], [ -72.390439755159221, -37.453647977471554 ], [ -72.390805935176161, -37.453332821561403 ], [ -72.391171451813648, -37.452976366400584 ], [ -72.391615788793843, -37.452442357820068 ], [ -72.391763698923867, -37.452280281745978 ], [ -72.392244702478095, -37.451868288497614 ], [ -72.392541736804546, -37.451634624700098 ], [ -72.393097812867083, -37.451228183488148 ], [ -72.393463128441283, -37.450966741319995 ], [ -72.393806736262775, -37.450720830215765 ], [ -72.394165441325953, -37.450464111408309 ], [ -72.394645817551151, -37.450110534980794 ], [ -72.39544442016097, -37.449513229063676 ], [ -72.395714564900274, -37.449307974877442 ], [ -72.395977752270241, -37.449108004064314 ], [ -72.396280771415007, -37.448888540711621 ], [ -72.396636030405688, -37.448634901049893 ], [ -72.396736447440105, -37.44856320645814 ] ] ] } },
{ "type": "Feature", "properties": { "zona": "26" }, "geometry": { "type": "Polygon", "coordinates": [ [ [ -72.394558743431872, -37.450174625465813 ], [ -72.396203680865526, -37.450619990423952 ], [ -72.396188156350973, -37.450715400399325 ], [ -72.39612933886535, -37.450980292848755 ], [ -72.396114200964419, -37.451100916827251 ], [ -72.396046414656425, -37.451641057039176 ], [ -72.395933533320786, -37.452540503241877 ], [ -72.395656902355242, -37.454744595858152 ], [ -72.395393446743626, -37.456843567056623 ], [ -72.395360213479492, -37.457134977343777 ], [ -72.395254232920848, -37.458064265457075 ], [ -72.395281095480641, -37.458251327575731 ], [ -72.395298519300624, -37.458372660449065 ], [ -72.395311366603636, -37.458462125796572 ], [ -72.395209294379242, -37.458660700889801 ], [ -72.39523454576306, -37.458818819266043 ], [ -72.395191908006367, -37.459262669531064 ], [ -72.395128756208976, -37.459780981667059 ], [ -72.395104553150162, -37.460247665729135 ], [ -72.394964239924079, -37.461139957792213 ], [ -72.394938093078181, -37.461347562343107 ], [ -72.394872830615014, -37.461865750985588 ], [ -72.394898110000739, -37.461858721149397 ], [ -72.395006490044153, -37.461832119952817 ], [ -72.39508339070737, -37.46181324622227 ], [ -72.395160209125876, -37.461807780314516 ], [ -72.395276753021207, -37.461799487837702 ], [ -72.395410177702075, -37.461798047573261 ], [ -72.395413874620445, -37.461798006557139 ], [ -72.395523934328835, -37.461822962128771 ], [ -72.395527623458236, -37.461823992378747 ], [ -72.395562116089266, -37.461833638215715 ], [ -72.395576415609497, -37.461837637391646 ], [ -72.395652432224196, -37.46186634769132 ], [ -72.395732803266725, -37.461915160818997 ], [ -72.395775600531991, -37.461941154172692 ], [ -72.395858132331213, -37.461986311229779 ], [ -72.395912889187031, -37.462016270999868 ], [ -72.396008127517504, -37.462061627047156 ], [ -72.396022013109828, -37.462068239325909 ], [ -72.396122815411559, -37.462074968552692 ], [ -72.396169263207895, -37.462082261844181 ], [ -72.396189573372808, -37.462085450895898 ], [ -72.396255600014314, -37.462086906695248 ], [ -72.396276411857983, -37.462087366462107 ], [ -72.396324108837405, -37.462097429368619 ], [ -72.396329782926401, -37.462102895457235 ], [ -72.396331287020772, -37.462104345192841 ], [ -72.396337009188827, -37.462109859199821 ], [ -72.396338465174196, -37.462111261917116 ], [ -72.396341839470352, -37.462112406852945 ], [ -72.396381062800202, -37.462125718013453 ], [ -72.396387991812276, -37.462125870779467 ], [ -72.396412090857936, -37.462126402095201 ], [ -72.396419893056844, -37.462126574110542 ], [ -72.396422064414409, -37.462126419228575 ], [ -72.396468058717176, -37.462123130367367 ], [ -72.396558900965459, -37.462152166944996 ], [ -72.396667677213202, -37.462194559737689 ], [ -72.396782937444755, -37.462239477046758 ], [ -72.396791739016081, -37.462242907019821 ], [ -72.396918005363261, -37.462303573433367 ], [ -72.396929342729791, -37.462309020147778 ], [ -72.396947886574537, -37.462314019251174 ], [ -72.397020341577871, -37.462333554185115 ], [ -72.397079720299146, -37.462370788280033 ], [ -72.397117152302329, -37.462394261390756 ], [ -72.397179169977662, -37.462434810280477 ], [ -72.397338233805996, -37.462538808082897 ], [ -72.397418026413547, -37.46258730455785 ], [ -72.397494599536174, -37.462633844868392 ], [ -72.397496347690932, -37.462634907977268 ], [ -72.397590081609707, -37.46269187850335 ], [ -72.397593436238083, -37.462693917791128 ], [ -72.397607881141212, -37.462702696810283 ], [ -72.397618593838175, -37.462709208344748 ], [ -72.397618542754145, -37.46270996416694 ], [ -72.397772036975269, -37.462814574883176 ], [ -72.397762995693924, -37.462914704594958 ], [ -72.397752169747321, -37.462968111115927 ], [ -72.397731262504337, -37.463053483792379 ], [ -72.397689302335451, -37.4630990510679 ], [ -72.397652321324031, -37.463130423539198 ], [ -72.397640107344301, -37.463220132055916 ], [ -72.39763383661888, -37.463266186612557 ], [ -72.397616992831601, -37.463511547733923 ], [ -72.397657334254902, -37.463509989271643 ], [ -72.397783654964101, -37.463621063310391 ], [ -72.397843860836431, -37.463695574218839 ], [ -72.397930013624972, -37.463778245231012 ], [ -72.397970110892402, -37.463812157808682 ], [ -72.398029750271888, -37.46386839297363 ], [ -72.398143762377657, -37.46385756292009 ], [ -72.39819839764796, -37.463853471641201 ], [ -72.398312303847234, -37.463790692638213 ], [ -72.398498223243493, -37.463712109994844 ], [ -72.398630091621882, -37.463665596151166 ], [ -72.398714125871209, -37.463661650315814 ], [ -72.399022331160296, -37.463620736871107 ], [ -72.399179461840959, -37.463582648366646 ], [ -72.399285398139497, -37.463555187431446 ], [ -72.399404298954721, -37.463518199514169 ], [ -72.399542870413001, -37.463366223563 ], [ -72.399639894060812, -37.463268840296607 ], [ -72.399765705725272, -37.46313096150535 ], [ -72.399896236964011, -37.463012779729432 ], [ -72.40004281926997, -37.462910918292273 ], [ -72.400146750286808, -37.462839270610537 ], [ -72.400362235843687, -37.462779666627021 ], [ -72.400622027330499, -37.46272641362745 ], [ -72.400758338043914, -37.462693499451603 ], [ -72.400862106758979, -37.462702714874411 ], [ -72.40092347942317, -37.462705522762796 ], [ -72.40109078143287, -37.462708890288368 ], [ -72.401148192874032, -37.462708761512879 ], [ -72.401254142372366, -37.462707433613069 ], [ -72.401359347412594, -37.462722509611957 ], [ -72.401469634166176, -37.462727722738123 ], [ -72.401545458542273, -37.462701031738753 ], [ -72.401819816230883, -37.462593259268672 ], [ -72.401872938513037, -37.462536648506969 ], [ -72.401953458481671, -37.461938381381195 ], [ -72.402015500201927, -37.461948034873394 ], [ -72.402348500318155, -37.46201090406209 ], [ -72.402944404432247, -37.462068100050011 ], [ -72.403221665358643, -37.462095894551837 ], [ -72.403369361736964, -37.462103078336227 ], [ -72.403714900997571, -37.46212591547603 ], [ -72.403960954767982, -37.462139033911335 ], [ -72.404752345820299, -37.462181047320904 ], [ -72.405526361038042, -37.462239875358954 ], [ -72.405990993877282, -37.462273081880276 ], [ -72.406283547047522, -37.462261779769278 ], [ -72.406502632505507, -37.462186803554488 ], [ -72.406634716467735, -37.462171549173696 ], [ -72.406723955477858, -37.462183409581634 ], [ -72.407024377790023, -37.462016213470761 ], [ -72.407289370312014, -37.462074168328691 ], [ -72.407276886430765, -37.462244367383704 ], [ -72.408480392352104, -37.462458407663476 ], [ -72.408652172917542, -37.462551416188759 ], [ -72.408856015274907, -37.462306712867168 ], [ -72.409246090077801, -37.462683865069074 ], [ -72.409535947756737, -37.461555146766962 ], [ -72.409601588492052, -37.461213254854769 ], [ -72.409733608007357, -37.460508029301977 ], [ -72.409859888885336, -37.458777451672411 ], [ -72.4098771198923, -37.458169846220486 ], [ -72.409863405948073, -37.45780892799975 ], [ -72.409790805168981, -37.456987750369727 ], [ -72.409661620389912, -37.456072941244194 ], [ -72.409534087366168, -37.455435338203841 ], [ -72.409281047301505, -37.454318131857775 ], [ -72.409052520957744, -37.453574001383146 ], [ -72.408673583188545, -37.452638810536392 ], [ -72.408375526003098, -37.451976931380237 ], [ -72.408222206978323, -37.451636462525435 ], [ -72.407580098088175, -37.450528595033916 ], [ -72.407118871357497, -37.449803195050187 ], [ -72.406355307894046, -37.448749281814131 ], [ -72.4055521486478, -37.447760059485098 ], [ -72.404404283693552, -37.446578479122174 ], [ -72.403781506888905, -37.445967734783565 ], [ -72.402465065936312, -37.44467668633424 ], [ -72.402419699835974, -37.444629235293817 ], [ -72.402396230740365, -37.444605330276318 ], [ -72.402346666340847, -37.444648492076738 ], [ -72.402130662049089, -37.444819132992016 ], [ -72.401914656775332, -37.44498977347066 ], [ -72.401401540750598, -37.44537818309113 ], [ -72.401308038361606, -37.445431618442178 ], [ -72.401173054446502, -37.445508759899305 ], [ -72.400685659899011, -37.445947138532389 ], [ -72.400511012848625, -37.446102613022838 ], [ -72.400451944737071, -37.446150990527521 ], [ -72.400214701288377, -37.446345297990035 ], [ -72.399863000529777, -37.446633344972732 ], [ -72.399669361766158, -37.446772152664295 ], [ -72.399297795112815, -37.447038500127327 ], [ -72.399095153551954, -37.447178758567922 ], [ -72.398914067799851, -37.447285923351487 ], [ -72.398223183163267, -37.447697456253991 ], [ -72.397792477744431, -37.447954006467526 ], [ -72.396937313101489, -37.448456539655488 ], [ -72.396836864283614, -37.448491511772964 ], [ -72.396636030405688, -37.448634901049893 ], [ -72.396280771415007, -37.448888540711621 ], [ -72.395977752270241, -37.449108004064314 ], [ -72.395714564900274, -37.449307974877442 ], [ -72.39544442016097, -37.449513229063676 ], [ -72.394645817551151, -37.450110534980794 ], [ -72.394558743431872, -37.450174625465813 ] ] ] } },
{ "type": "Feature", "properties": { "zona": "27" }, "geometry": { "type": "Polygon", "coordinates": [ [ [ -72.380931352901769, -37.458883893507654 ], [ -72.379916017488242, -37.459271451996322 ], [ -72.378753093716412, -37.459715329762297 ], [ -72.378574561660315, -37.459783472213786 ], [ -72.378314781241002, -37.459882625172796 ], [ -72.378264272558368, -37.459901903537897 ], [ -72.377957289048027, -37.460019071954967 ], [ -72.377941357924229, -37.460025118924833 ], [ -72.377850650388012, -37.460059548187751 ], [ -72.377836530503956, -37.460064907250874 ], [ -72.377822410617966, -37.460070266312229 ], [ -72.377795585001763, -37.460080208422347 ], [ -72.377768546367037, -37.460089776334932 ], [ -72.37776161266153, -37.460091835536758 ], [ -72.377631122745015, -37.460130596071679 ], [ -72.377602294662452, -37.460139159104195 ], [ -72.377492248634397, -37.460161646778772 ], [ -72.377215076363839, -37.4602129199546 ], [ -72.377200159868408, -37.460215679524936 ], [ -72.377172294142881, -37.460220834142902 ], [ -72.376884120532807, -37.460272286624566 ], [ -72.376823180944456, -37.460283828098603 ], [ -72.376762241339136, -37.460295369540454 ], [ -72.376699338710822, -37.460307282762741 ], [ -72.376679502688035, -37.460311039566101 ], [ -72.376572194020383, -37.460331362303386 ], [ -72.376325941903033, -37.460374443272784 ], [ -72.376120961991205, -37.460411347094471 ], [ -72.376069093406088, -37.460421514555073 ], [ -72.375874112311777, -37.460459734975281 ], [ -72.37583235924609, -37.460467919350513 ], [ -72.375669319341569, -37.460499878997581 ], [ -72.375662422723451, -37.460501230614518 ], [ -72.375392221803708, -37.460546134747673 ], [ -72.375352359024447, -37.460552759664424 ], [ -72.375185612083044, -37.460579772876649 ], [ -72.374984068217117, -37.460605737531111 ], [ -72.374942355658774, -37.460611110980139 ], [ -72.374669151150101, -37.460642615441039 ], [ -72.374555618153082, -37.460655707904543 ], [ -72.374512035529548, -37.460660733242541 ], [ -72.373937916807861, -37.460699205692784 ], [ -72.373342752585884, -37.46073908427789 ], [ -72.373042208367693, -37.460759221027622 ], [ -72.372928061806945, -37.460766868994625 ], [ -72.372812625748438, -37.460774603507247 ], [ -72.372749106188635, -37.460778505205937 ], [ -72.372719073474215, -37.460780350285816 ], [ -72.37265800546075, -37.460784004599944 ], [ -72.372480035029071, -37.460794653962282 ], [ -72.372477621989674, -37.460807683691932 ], [ -72.372474846372413, -37.460822674310137 ], [ -72.372473385514624, -37.460830560883927 ], [ -72.372471454735333, -37.460840988083994 ], [ -72.372469779125495, -37.460850035933952 ], [ -72.372443773319588, -37.460990467887882 ], [ -72.372415364135236, -37.461143875706867 ], [ -72.372405122065288, -37.461199182282222 ], [ -72.372394060157376, -37.461258918561832 ], [ -72.372343987014091, -37.461529308518273 ], [ -72.372333298728137, -37.461587023770534 ], [ -72.372312928483382, -37.461697023060644 ], [ -72.372304973879764, -37.461739977451451 ], [ -72.372294245198788, -37.461797908068483 ], [ -72.372292451105977, -37.461807593976687 ], [ -72.372282440197623, -37.461861652214068 ], [ -72.372262737705071, -37.461968041126617 ], [ -72.372239236285537, -37.462094942486083 ], [ -72.37220315009769, -37.462289802294919 ], [ -72.372183822186713, -37.462394171090445 ], [ -72.372182181547572, -37.462403025068781 ], [ -72.372144193466283, -37.462608152281035 ], [ -72.372094311894728, -37.46287749921153 ], [ -72.372085972353631, -37.462922527507409 ], [ -72.372057956017528, -37.463073804652282 ], [ -72.372035744529327, -37.46319374192808 ], [ -72.372027233388422, -37.4632396972587 ], [ -72.37222902079921, -37.463262884192254 ], [ -72.372271516464536, -37.463267767724282 ], [ -72.372515798623539, -37.46329583766591 ], [ -72.372570835348128, -37.463304901993453 ], [ -72.372747306994341, -37.463333966912884 ], [ -72.373066938601085, -37.463386610524978 ], [ -72.373536527702399, -37.463515075028496 ], [ -72.373722810535753, -37.463560904952807 ], [ -72.374107453979434, -37.463655534967131 ], [ -72.374357890016171, -37.463717146231446 ], [ -72.374608326493174, -37.463778756979373 ], [ -72.374611543308035, -37.463779548494635 ], [ -72.375443417751057, -37.463985225140441 ], [ -72.375869606545095, -37.464090595971754 ], [ -72.376373142521075, -37.464215087173365 ], [ -72.376578351561605, -37.464265821625133 ], [ -72.37671795868485, -37.464300336207302 ], [ -72.376766958349435, -37.464312449957802 ], [ -72.3768006499607, -37.464320779541396 ], [ -72.376843325270073, -37.464331092901148 ], [ -72.376917874827143, -37.464349108794778 ], [ -72.376959395535835, -37.464359142348904 ], [ -72.377286557229766, -37.464438204258109 ], [ -72.377470453720619, -37.464482644364381 ], [ -72.37758876878614, -37.464511235967109 ], [ -72.377974172036645, -37.464604370003734 ], [ -72.378208414159587, -37.464660974618553 ], [ -72.378306876208939, -37.464684767793464 ], [ -72.37837063312459, -37.464700175013512 ], [ -72.378586294610187, -37.464752288794124 ], [ -72.378675555401031, -37.46477385798709 ], [ -72.378720550696656, -37.464784731309074 ], [ -72.378768413646853, -37.46479629725313 ], [ -72.378954559726452, -37.464841277919 ], [ -72.379079304095342, -37.464871421004524 ], [ -72.379455860618165, -37.464962411975328 ], [ -72.37963355823571, -37.465005349581901 ], [ -72.379645805698317, -37.465008309407075 ], [ -72.379753497230638, -37.465034331014557 ], [ -72.379854066786422, -37.465058631951443 ], [ -72.380099290416211, -37.465117886115358 ], [ -72.38014350367213, -37.46512856943486 ], [ -72.380254213452758, -37.465155319878384 ], [ -72.381059913613825, -37.465349997494208 ], [ -72.381500745929259, -37.465456510997249 ], [ -72.381633739629507, -37.465539486171757 ], [ -72.38203627083935, -37.465790625188681 ], [ -72.382064451487793, -37.465797620897646 ], [ -72.382145313855759, -37.46581769377314 ], [ -72.382208977348967, -37.46583349697044 ], [ -72.382302243877788, -37.465856649019273 ], [ -72.38254996826339, -37.465918141516568 ], [ -72.382650701895471, -37.465943147512576 ], [ -72.382705700559498, -37.465956799345868 ], [ -72.383004139498723, -37.466030879947155 ], [ -72.383280485344642, -37.466099476200284 ], [ -72.383366537826987, -37.466120836521426 ], [ -72.383421810238886, -37.466134556267789 ], [ -72.38351373482223, -37.46615737395453 ], [ -72.383667424923729, -37.466195523000501 ], [ -72.383747815229995, -37.466215477095943 ], [ -72.383949693428036, -37.466265587095556 ], [ -72.384039000098625, -37.466287754341536 ], [ -72.38412133974164, -37.466308192018786 ], [ -72.384418715744758, -37.466382004931461 ], [ -72.384490780899782, -37.466399892576241 ], [ -72.384640709420552, -37.466437106389272 ], [ -72.384767413260334, -37.466468554806859 ], [ -72.384857153076368, -37.466490829255299 ], [ -72.384993476117927, -37.466524665775822 ], [ -72.38521043700959, -37.466578516600748 ], [ -72.386110847887892, -37.466801998142493 ], [ -72.386387754855221, -37.46685063066289 ], [ -72.386417735371538, -37.466855896268981 ], [ -72.386374795589674, -37.466661983292767 ], [ -72.386354565479508, -37.466573591955957 ], [ -72.386293447424265, -37.466306553938615 ], [ -72.386256152882837, -37.466143600592019 ], [ -72.386234609162472, -37.466049470623418 ], [ -72.386187032636087, -37.465791991343799 ], [ -72.386153269475642, -37.465609266123167 ], [ -72.386174726116906, -37.465553178281915 ], [ -72.38620272203768, -37.465522326131051 ], [ -72.386246409066061, -37.465504695667818 ], [ -72.386275837473931, -37.465501098222298 ], [ -72.386523311127448, -37.465547883092469 ], [ -72.387409012909046, -37.465715320554374 ], [ -72.387524652366082, -37.465736703449053 ], [ -72.388225250563778, -37.465866250077433 ], [ -72.388539701716667, -37.46592439384159 ], [ -72.390006865456442, -37.466208605248617 ], [ -72.390096089555897, -37.46622273436514 ], [ -72.390200490009747, -37.466239266907571 ], [ -72.390179527483951, -37.466219317658698 ], [ -72.390158433419856, -37.466202240093153 ], [ -72.390082363350686, -37.466140654652691 ], [ -72.390014164172015, -37.466089078024545 ], [ -72.390008587097967, -37.466086418087677 ], [ -72.38999592945558, -37.466080380126229 ], [ -72.389988057067228, -37.466076625050924 ], [ -72.389977299978725, -37.466071493274654 ], [ -72.389913534707262, -37.466041076622858 ], [ -72.389732897734916, -37.465971827885468 ], [ -72.389493785682333, -37.465880161100173 ], [ -72.389430319975688, -37.465847286232915 ], [ -72.389393604510445, -37.465819293876606 ], [ -72.389348169515117, -37.465732457115948 ], [ -72.389352844971086, -37.465598089866148 ], [ -72.389357510301394, -37.465555407515133 ], [ -72.389359566459873, -37.465536603205777 ], [ -72.389367873221758, -37.465460617319764 ], [ -72.389394967379488, -37.465212774789045 ], [ -72.389379892905367, -37.46516420602687 ], [ -72.389328802189908, -37.464999591438072 ], [ -72.389130119218336, -37.464520259144017 ], [ -72.388919449003865, -37.464044227232826 ], [ -72.388911067469124, -37.464025288560883 ], [ -72.388853920835842, -37.463896158701509 ], [ -72.388746915696572, -37.463659553734388 ], [ -72.388587293539231, -37.463306602211325 ], [ -72.388542006970113, -37.463192634604425 ], [ -72.388311368673357, -37.462612200675636 ], [ -72.388156616193228, -37.462222740799206 ], [ -72.387867919703652, -37.461520229492557 ], [ -72.387425942884192, -37.46044469967191 ], [ -72.387255590621962, -37.460030149485696 ], [ -72.387199705997176, -37.459894152246356 ], [ -72.386592817569863, -37.458417248388614 ], [ -72.386093698689038, -37.457202567726178 ], [ -72.386025004085468, -37.457078831903431 ], [ -72.386009270388755, -37.457050491943342 ], [ -72.385950983187129, -37.456973922538992 ], [ -72.384867615836697, -37.457404807403421 ], [ -72.384666692509555, -37.457480799765683 ], [ -72.384528166395384, -37.457533191765435 ], [ -72.383991969209305, -37.457728743960921 ], [ -72.38356427096663, -37.457900471144839 ], [ -72.383482689060145, -37.457929441630341 ], [ -72.3829901804353, -37.458104332793724 ], [ -72.382751983731907, -37.458188916212997 ], [ -72.381524947063539, -37.458657309292285 ], [ -72.381001418182834, -37.458857148416214 ], [ -72.380931352901769, -37.458883893507654 ] ] ] } },
{ "type": "Feature", "properties": { "zona": "40" }, "geometry": { "type": "Polygon", "coordinates": [ [ [ -72.371369815610109, -37.465926862705373 ], [ -72.371876814636593, -37.466000055588317 ], [ -72.372222678743469, -37.466051167826429 ], [ -72.372469525489578, -37.466087645775517 ], [ -72.372755612353103, -37.466129922692971 ], [ -72.372755348086116, -37.466131173880569 ], [ -72.3731471081813, -37.466189006841645 ], [ -72.373357817845587, -37.466220112167733 ], [ -72.373376591594294, -37.466222883493025 ], [ -72.373606074110768, -37.466256759680725 ], [ -72.374916394891841, -37.466451960154018 ], [ -72.375069020378064, -37.466475475050835 ], [ -72.375350315887417, -37.466518814272398 ], [ -72.375459017544273, -37.4665475503134 ], [ -72.375860282526205, -37.466653624487684 ], [ -72.375882243605361, -37.466659430043087 ], [ -72.375950856196354, -37.466676032344154 ], [ -72.376318273401608, -37.466764934345342 ], [ -72.3763245199045, -37.466766445544422 ], [ -72.376706349212199, -37.466858833111282 ], [ -72.37709733741562, -37.466953436002321 ], [ -72.377311393302108, -37.467005227263598 ], [ -72.377416219041692, -37.467030589937323 ], [ -72.37750269758682, -37.467051513428252 ], [ -72.377718668812562, -37.467103768220746 ], [ -72.378496597982789, -37.467291985016281 ], [ -72.378516185291375, -37.467296723623782 ], [ -72.378553576267578, -37.467305770145096 ], [ -72.379491216042069, -37.467532618333102 ], [ -72.379585009712187, -37.46755531025358 ], [ -72.37973508378397, -37.467591617085759 ], [ -72.379784546829526, -37.467603584005374 ], [ -72.380380414286662, -37.467747739532662 ], [ -72.380583310139485, -37.467796824478754 ], [ -72.381182952216463, -37.467941888758013 ], [ -72.381230419101499, -37.467953371960043 ], [ -72.381310392003869, -37.467972718326834 ], [ -72.381364115755446, -37.467985714445064 ], [ -72.381373220284587, -37.467987944777569 ], [ -72.381710294278136, -37.468070524333818 ], [ -72.381741530041353, -37.468079736153364 ], [ -72.381791356375174, -37.468090382938179 ], [ -72.382102739710604, -37.46816666691511 ], [ -72.382356472896305, -37.468228827496965 ], [ -72.382455134717929, -37.468252997486431 ], [ -72.38245557303253, -37.468253104523903 ], [ -72.382982370079191, -37.468381903515812 ], [ -72.383250111547895, -37.468447363483158 ], [ -72.383620342637514, -37.46853788049269 ], [ -72.383977771259893, -37.468620867682198 ], [ -72.384369343376662, -37.468711780354717 ], [ -72.384688175563099, -37.468786577116859 ], [ -72.384753622628892, -37.468801930073454 ], [ -72.385126757244493, -37.468889464508123 ], [ -72.385482080432581, -37.468972818682829 ], [ -72.385843133695218, -37.469057516972526 ], [ -72.386226716993619, -37.469147497846436 ], [ -72.386725812611417, -37.46924548481536 ], [ -72.386720117521421, -37.469222939674054 ], [ -72.386674963375867, -37.469044184325718 ], [ -72.386548047542618, -37.468541748149974 ], [ -72.38654015580461, -37.468510507180966 ], [ -72.386497465460806, -37.468341500600332 ], [ -72.386415285430829, -37.468016156869503 ], [ -72.386370286564045, -37.46783801129255 ], [ -72.386368881204177, -37.467832399515373 ], [ -72.386337107938346, -37.467705520632329 ], [ -72.386226939310433, -37.467265588289955 ], [ -72.386119047563867, -37.466834742728111 ], [ -72.386110847887892, -37.466801998142493 ], [ -72.38521043700959, -37.466578516600748 ], [ -72.384993476117927, -37.466524665775822 ], [ -72.384857153076368, -37.466490829255299 ], [ -72.384767413260334, -37.466468554806859 ], [ -72.384640709420552, -37.466437106389272 ], [ -72.384490780899782, -37.466399892576241 ], [ -72.384418715744758, -37.466382004931461 ], [ -72.38412133974164, -37.466308192018786 ], [ -72.384039000098625, -37.466287754341536 ], [ -72.383949693428036, -37.466265587095556 ], [ -72.383747815229995, -37.466215477095943 ], [ -72.383667424923729, -37.466195523000501 ], [ -72.38351373482223, -37.46615737395453 ], [ -72.383421810238886, -37.466134556267789 ], [ -72.383366537826987, -37.466120836521426 ], [ -72.383280485344642, -37.466099476200284 ], [ -72.383004139498723, -37.466030879947155 ], [ -72.382705700559498, -37.465956799345868 ], [ -72.382650701895471, -37.465943147512576 ], [ -72.38254996826339, -37.465918141516568 ], [ -72.382302243877788, -37.465856649019273 ], [ -72.382208977348967, -37.46583349697044 ], [ -72.382145313855759, -37.46581769377314 ], [ -72.382064451487793, -37.465797620897646 ], [ -72.38203627083935, -37.465790625188681 ], [ -72.381633739629507, -37.465539486171757 ], [ -72.381500745929259, -37.465456510997249 ], [ -72.381059913613825, -37.465349997494208 ], [ -72.380254213452758, -37.465155319878384 ], [ -72.38014350367213, -37.46512856943486 ], [ -72.380099290416211, -37.465117886115358 ], [ -72.379854066786422, -37.465058631951443 ], [ -72.379753497230638, -37.465034331014557 ], [ -72.379645805698317, -37.465008309407075 ], [ -72.37963355823571, -37.465005349581901 ], [ -72.379455860618165, -37.464962411975328 ], [ -72.379079304095342, -37.464871421004524 ], [ -72.378954559726452, -37.464841277919 ], [ -72.378768413646853, -37.46479629725313 ], [ -72.378720550696656, -37.464784731309074 ], [ -72.378675555401031, -37.46477385798709 ], [ -72.378586294610187, -37.464752288794124 ], [ -72.37837063312459, -37.464700175013512 ], [ -72.378306876208939, -37.464684767793464 ], [ -72.378208414159587, -37.464660974618553 ], [ -72.377974172036645, -37.464604370003734 ], [ -72.37758876878614, -37.464511235967109 ], [ -72.377470453720619, -37.464482644364381 ], [ -72.377286557229766, -37.464438204258109 ], [ -72.376959395535835, -37.464359142348904 ], [ -72.376917874827143, -37.464349108794778 ], [ -72.376843325270073, -37.464331092901148 ], [ -72.3768006499607, -37.464320779541396 ], [ -72.376766958349435, -37.464312449957802 ], [ -72.37671795868485, -37.464300336207302 ], [ -72.376578351561605, -37.464265821625133 ], [ -72.376373142521075, -37.464215087173365 ], [ -72.375869606545095, -37.464090595971754 ], [ -72.375443417751057, -37.463985225140441 ], [ -72.374611543308035, -37.463779548494635 ], [ -72.374608326493174, -37.463778756979373 ], [ -72.374357890016171, -37.463717146231446 ], [ -72.374107453979434, -37.463655534967131 ], [ -72.373722810535753, -37.463560904952807 ], [ -72.373536527702399, -37.463515075028496 ], [ -72.373066938601085, -37.463386610524978 ], [ -72.372747306994341, -37.463333966912884 ], [ -72.372570835348128, -37.463304901993453 ], [ -72.372515798623539, -37.46329583766591 ], [ -72.372271516464536, -37.463267767724282 ], [ -72.37222902079921, -37.463262884192254 ], [ -72.372027233388422, -37.4632396972587 ], [ -72.372020870091262, -37.463265707157333 ], [ -72.371833709559951, -37.464030741851879 ], [ -72.371691703645126, -37.464611189372562 ], [ -72.371640252514297, -37.464821491897212 ], [ -72.371572408252916, -37.465098799286991 ], [ -72.37150734632705, -37.465364727890545 ], [ -72.371490763338969, -37.465432509819784 ], [ -72.371483648756637, -37.465461591102333 ], [ -72.371369815610109, -37.465926862705373 ] ] ] } },
{ "type": "Feature", "properties": { "zona": "71" }, "geometry": { "type": "Polygon", "coordinates": [ [ [ -72.397617941986809, -37.475552601284491 ], [ -72.396593916532552, -37.475438256994138 ], [ -72.391054963465606, -37.474819608618944 ], [ -72.390885649023929, -37.474800694323008 ], [ -72.390563198343173, -37.474766753143037 ], [ -72.390342207030216, -37.474743492536746 ], [ -72.390337905922806, -37.474743039730463 ], [ -72.390236563990854, -37.474732372585443 ], [ -72.390028217156299, -37.47471044157362 ], [ -72.389847938038187, -37.474691464559349 ], [ -72.389723195228882, -37.474677054560779 ], [ -72.389478396793081, -37.474648773940764 ], [ -72.389373842284826, -37.474636695960072 ], [ -72.38936875218505, -37.474636107627077 ], [ -72.389305283458029, -37.474628775852551 ], [ -72.389183058917965, -37.474614656157762 ], [ -72.389087700502387, -37.474603640030963 ], [ -72.389049069771389, -37.474599176824711 ], [ -72.389008714919171, -37.474594515081108 ], [ -72.388945067127409, -37.474587652244928 ], [ -72.388825554061015, -37.474574766306397 ], [ -72.388709233362192, -37.474562223887332 ], [ -72.388613204192836, -37.474551869290089 ], [ -72.388490995736944, -37.474538691814203 ], [ -72.387847221405494, -37.47446599404455 ], [ -72.387445531611917, -37.47442063134325 ], [ -72.387367005590619, -37.474411763276485 ], [ -72.387359058956946, -37.474410865645453 ], [ -72.387267125536724, -37.474396872626386 ], [ -72.387056713176662, -37.474376711857971 ], [ -72.387003741329593, -37.474370727628688 ], [ -72.386806672819688, -37.47434846561459 ], [ -72.38660166122277, -37.474325305669396 ], [ -72.38650343761698, -37.474315386499384 ], [ -72.38649970713729, -37.474315010163664 ], [ -72.386454399622366, -37.474310434374836 ], [ -72.386146706798243, -37.474279360709154 ], [ -72.386076425175574, -37.47427226297296 ], [ -72.385867760188859, -37.474248150395077 ], [ -72.385819602960012, -37.474242584917249 ], [ -72.385382797400666, -37.474192106969745 ], [ -72.385381946018484, -37.474192009719665 ], [ -72.385106272191877, -37.474160150984716 ], [ -72.385097822964312, -37.474159174487518 ], [ -72.385037536456366, -37.4741522082698 ], [ -72.38499115522275, -37.474146848494527 ], [ -72.384950489034722, -37.474142148736647 ], [ -72.384936394631993, -37.474140519146552 ], [ -72.3847244478699, -37.474116025491938 ], [ -72.384508911251899, -37.474091115821807 ], [ -72.384313346619422, -37.474067598869553 ], [ -72.384180273277138, -37.474051597247495 ], [ -72.383958654947278, -37.474024946943899 ], [ -72.383813245015887, -37.474007461380261 ], [ -72.383802469942523, -37.474006164723328 ], [ -72.38359238468675, -37.473980902880811 ], [ -72.383558949243422, -37.473976881913273 ], [ -72.383558029107647, -37.473976778620994 ], [ -72.383507746170309, -37.4739711614966 ], [ -72.383470300355768, -37.473966977746244 ], [ -72.383411474767996, -37.473960406227349 ], [ -72.383233883151036, -37.473940564961801 ], [ -72.383063495208617, -37.473921527386977 ], [ -72.382892678640673, -37.473903500139798 ], [ -72.382575227150795, -37.473869997655157 ], [ -72.382363386440161, -37.473845849061043 ], [ -72.382323488651167, -37.473841301505693 ], [ -72.382123736398583, -37.473818529754844 ], [ -72.382067457487793, -37.473812114054809 ], [ -72.382011204510064, -37.473805700705249 ], [ -72.382000635465332, -37.473804495861522 ], [ -72.381147858309475, -37.473707282105273 ], [ -72.381072983284071, -37.473698746761301 ], [ -72.38098054696232, -37.473688208844393 ], [ -72.380939034469733, -37.473683476322776 ], [ -72.380939922587956, -37.473684043004106 ], [ -72.38094847452048, -37.473689489848759 ], [ -72.380957283058095, -37.473695100081159 ], [ -72.381005108424333, -37.473725560934831 ], [ -72.381037519970747, -37.473746204575406 ], [ -72.381041944157531, -37.47374902229538 ], [ -72.381042411988687, -37.47374932103147 ], [ -72.381043373164076, -37.473749932586372 ], [ -72.381069669407779, -37.473766681092599 ], [ -72.381088058530992, -37.473778393555001 ], [ -72.381154331419182, -37.474251843358225 ], [ -72.380915515133992, -37.475992850545104 ], [ -72.380832601363608, -37.476597283791548 ], [ -72.380625831655721, -37.478104562408348 ], [ -72.38056172136254, -37.478924822289208 ], [ -72.380555514397713, -37.479004240259684 ], [ -72.380455310291623, -37.479921016906061 ], [ -72.380377435631061, -37.480633484192118 ], [ -72.380363591232864, -37.480947851902435 ], [ -72.380334009334632, -37.481619591012304 ], [ -72.380319148319558, -37.482129366241288 ], [ -72.380303315388915, -37.482672482135719 ], [ -72.380290665669634, -37.483106385853233 ], [ -72.380285238015631, -37.483475820364795 ], [ -72.380274803051066, -37.483624857103962 ], [ -72.380274743848375, -37.483625710054667 ], [ -72.380270506169154, -37.483649093878249 ], [ -72.380341539409741, -37.483655948745763 ], [ -72.381125122671591, -37.483707936129107 ], [ -72.381421953595989, -37.483719339909563 ], [ -72.381970803742789, -37.48374042438035 ], [ -72.382697804717793, -37.483758450316564 ], [ -72.383125143768652, -37.483764728231122 ], [ -72.383463339422079, -37.483769695926775 ], [ -72.383726953676302, -37.483769603774483 ], [ -72.384310656093149, -37.483769396458321 ], [ -72.385643561131531, -37.483773162364379 ], [ -72.385670813098585, -37.483773914482235 ], [ -72.385993214815514, -37.483773512249158 ], [ -72.388986162911777, -37.483769740204337 ], [ -72.389020398184741, -37.483769696194969 ], [ -72.391720626684602, -37.483778166820812 ], [ -72.392880296653672, -37.483781785962186 ], [ -72.394466604715603, -37.483795265482833 ], [ -72.396466774953225, -37.483812231055452 ], [ -72.398701905716507, -37.483831150511392 ], [ -72.399917530514344, -37.483841421966687 ], [ -72.400334414878458, -37.483844941789457 ], [ -72.402181616142769, -37.483836755677238 ], [ -72.402698984105456, -37.48383465080348 ], [ -72.403383695896082, -37.483831861709525 ], [ -72.404971789147822, -37.483825377375886 ], [ -72.405736505294044, -37.476885486306998 ], [ -72.405782947033529, -37.476463990133034 ], [ -72.405798102647083, -37.476326442361568 ], [ -72.405765167785177, -37.47632327670798 ], [ -72.405617824781231, -37.476309113213397 ], [ -72.405440638191621, -37.476292081504312 ], [ -72.402437167914812, -37.475984023739443 ], [ -72.401594234875489, -37.475897552010643 ], [ -72.401324391499344, -37.475869869337501 ], [ -72.40086016330612, -37.475822243082717 ], [ -72.400373475589575, -37.47577231107163 ], [ -72.400398627837134, -37.475834999364835 ], [ -72.397617941986809, -37.475552601284491 ] ] ] } },
{ "type": "Feature", "properties": { "zona": "99" }, "geometry": { "type": "Polygon", "coordinates": [ [ [ -72.392880296653672, -37.483781785962186 ], [ -72.391720626684602, -37.483778166820812 ], [ -72.389020398184741, -37.483769696194969 ], [ -72.388986162911777, -37.483769740204337 ], [ -72.38933840275412, -37.484108043670034 ], [ -72.393456079941657, -37.488062510909117 ], [ -72.395328732255294, -37.489860750855222 ], [ -72.396329545242679, -37.490964756649667 ], [ -72.397517912506672, -37.492101459862646 ], [ -72.399285453256823, -37.493733108065996 ], [ -72.399653398188477, -37.493532906224516 ], [ -72.40088659212158, -37.492510578103975 ], [ -72.401790849141804, -37.491679945654099 ], [ -72.402613016695199, -37.490721511664781 ], [ -72.403090785774424, -37.490026392238214 ], [ -72.403895848654656, -37.488644990852279 ], [ -72.404915008651514, -37.484152537108685 ], [ -72.40495531970835, -37.483974832310075 ], [ -72.404964441600171, -37.483892049791926 ], [ -72.404971789147822, -37.483825377375886 ], [ -72.403383695896082, -37.483831861709525 ], [ -72.402698984105456, -37.48383465080348 ], [ -72.402181616142769, -37.483836755677238 ], [ -72.400334414878458, -37.483844941789457 ], [ -72.399917530514344, -37.483841421966687 ], [ -72.398701905716507, -37.483831150511392 ], [ -72.396466774953225, -37.483812231055452 ], [ -72.394466604715603, -37.483795265482833 ], [ -72.392880296653672, -37.483781785962186 ] ] ] } },
{ "type": "Feature", "properties": { "zona": "100" }, "geometry": { "type": "Polygon", "coordinates": [ [ [ -72.385191894064945, -37.487087460412127 ], [ -72.385301806553286, -37.48707786553603 ], [ -72.385323858428748, -37.4870759415968 ], [ -72.385501327478835, -37.487060448920467 ], [ -72.385554017953964, -37.487055848534922 ], [ -72.385607119012832, -37.487051213062557 ], [ -72.385635149822761, -37.487048765443305 ], [ -72.385688516260785, -37.487044107875747 ], [ -72.385868282115752, -37.487028414990412 ], [ -72.385935847690064, -37.487022517263149 ], [ -72.385958733272361, -37.487020519749137 ], [ -72.386040923332772, -37.487013345363472 ], [ -72.386063553724952, -37.487011369212773 ], [ -72.386118095293639, -37.487006607705318 ], [ -72.386256647429022, -37.486994512791632 ], [ -72.3863035063533, -37.486990422766389 ], [ -72.386319244089691, -37.486988321011033 ], [ -72.38635401892526, -37.486983675992008 ], [ -72.386366909503309, -37.486981954554068 ], [ -72.38651122591844, -37.486962677932986 ], [ -72.386530173238015, -37.486960147073411 ], [ -72.386634953264434, -37.486946150691537 ], [ -72.386644786471663, -37.486944838242167 ], [ -72.38665073756475, -37.486944042713311 ], [ -72.386683182927428, -37.486939978622416 ], [ -72.38669129145056, -37.486938962310653 ], [ -72.386720437322552, -37.486935310882082 ], [ -72.386808030483451, -37.486924338368702 ], [ -72.386832863683352, -37.486921227650335 ], [ -72.387027902671321, -37.486896794014761 ], [ -72.387060864803857, -37.486892664660751 ], [ -72.387089787978098, -37.486889042454315 ], [ -72.387127701102912, -37.486884291841534 ], [ -72.38716039743187, -37.486880196226437 ], [ -72.387170367507707, -37.486878947137185 ], [ -72.387176382408271, -37.486878818924033 ], [ -72.387193237626789, -37.486878462026496 ], [ -72.387204642679308, -37.486878220607679 ], [ -72.387265599488941, -37.486876927485277 ], [ -72.387283422308144, -37.486876549634729 ], [ -72.3873490744311, -37.486875157621391 ], [ -72.387351085434915, -37.486875114713889 ], [ -72.387374410430027, -37.486874621611449 ], [ -72.387378313602326, -37.486874538572607 ], [ -72.387385864878894, -37.48687669445254 ], [ -72.387406392223838, -37.486882559941371 ], [ -72.387422926741962, -37.486887284559558 ], [ -72.387438777187725, -37.48689181201118 ], [ -72.387442036633075, -37.486892742907756 ], [ -72.387463809126217, -37.486898963047501 ], [ -72.387505029637907, -37.486910739115764 ], [ -72.387536001560875, -37.486919587727797 ], [ -72.387565255895865, -37.486927945061225 ], [ -72.387617648774338, -37.486942913175135 ], [ -72.387655923571742, -37.486957867156335 ], [ -72.387677835059748, -37.486966427847328 ], [ -72.387794424478514, -37.487011981161835 ], [ -72.388314319876045, -37.48718352421691 ], [ -72.388568546760538, -37.487161584989359 ], [ -72.38860249233673, -37.487155942343335 ], [ -72.388676249188222, -37.487143682881488 ], [ -72.388689702752515, -37.487141446483633 ], [ -72.388753581026791, -37.487130827499833 ], [ -72.388835521646826, -37.487117208016883 ], [ -72.388842986609546, -37.487115967361788 ], [ -72.388843054878564, -37.487115955354788 ], [ -72.388843124246222, -37.487115944273228 ], [ -72.388868059055568, -37.487111799080466 ], [ -72.388895433625478, -37.487107249167941 ], [ -72.388956347653718, -37.487097124114108 ], [ -72.38899695620259, -37.487090375244314 ], [ -72.389019840195715, -37.487086571247389 ], [ -72.389058507446236, -37.487080136269689 ], [ -72.389118384562281, -37.487070170227589 ], [ -72.389222056469634, -37.487052915604835 ], [ -72.389262283108835, -37.48704622127628 ], [ -72.389292079472426, -37.487041261645714 ], [ -72.389336437265015, -37.487033880070776 ], [ -72.389384727213525, -37.48702584289979 ], [ -72.389466885492297, -37.487012169213784 ], [ -72.389572579615603, -37.486994577817867 ], [ -72.389590535172829, -37.486991590194918 ], [ -72.389641165925013, -37.486983163122332 ], [ -72.389658002560921, -37.486983535372055 ], [ -72.389686752529883, -37.486984171014136 ], [ -72.389686876827199, -37.486984173762252 ], [ -72.389698143814059, -37.486984422865675 ], [ -72.389734482700845, -37.486985226279998 ], [ -72.389791143041165, -37.486986479858928 ], [ -72.389833340887449, -37.486987411873194 ], [ -72.389876342117148, -37.486988362534362 ], [ -72.389883983461075, -37.486994527545484 ], [ -72.389910204098896, -37.487015680780054 ], [ -72.389927813249415, -37.487029886104182 ], [ -72.389973962845843, -37.48706711710237 ], [ -72.389995409901445, -37.487094938539805 ], [ -72.390008512707666, -37.487111935939474 ], [ -72.390028915597213, -37.487138405130153 ], [ -72.390052234484941, -37.487168655915802 ], [ -72.390115296781886, -37.487250466277608 ], [ -72.390126459827371, -37.487265071554489 ], [ -72.390131401619172, -37.48727153642357 ], [ -72.39014234082704, -37.487285847490128 ], [ -72.390165892292615, -37.487316663894518 ], [ -72.390191234937447, -37.487349822260491 ], [ -72.390196997690126, -37.48735736049057 ], [ -72.390233241684143, -37.487404782213211 ], [ -72.390269423067679, -37.487452119637751 ], [ -72.390306918683621, -37.487480384072562 ], [ -72.390334695270155, -37.487501321096033 ], [ -72.390338816531809, -37.487504427352796 ], [ -72.390340042985002, -37.487505351981639 ], [ -72.390368680167057, -37.487526938806603 ], [ -72.390389948687982, -37.487542971327386 ], [ -72.390403138944748, -37.487552913013616 ], [ -72.390410275121511, -37.487558291859109 ], [ -72.390424317141111, -37.487568876848705 ], [ -72.390443933931877, -37.487583662642024 ], [ -72.390478791598952, -37.487609939410589 ], [ -72.390543062120656, -37.487651116634623 ], [ -72.390561242331842, -37.487662763581532 ], [ -72.390596249944892, -37.487685189522445 ], [ -72.39061234166914, -37.487695498991819 ], [ -72.390628569440267, -37.487705896171533 ], [ -72.390636594840345, -37.487711037836362 ], [ -72.390668749562934, -37.487731638104854 ], [ -72.390682745079332, -37.487740604518855 ], [ -72.390697385248032, -37.487748237096831 ], [ -72.390708692210808, -37.487754131630638 ], [ -72.390759794484694, -37.487780775444122 ], [ -72.390777767881502, -37.487790146053783 ], [ -72.39083017644613, -37.487817469318202 ], [ -72.390840252743814, -37.487822722976802 ], [ -72.390873689335635, -37.487840157034263 ], [ -72.391078262736272, -37.487893613335864 ], [ -72.391256793216968, -37.487940263470151 ], [ -72.391282837608941, -37.48794706841786 ], [ -72.391352466604829, -37.487964497334232 ], [ -72.391366865981922, -37.487968100990415 ], [ -72.391411845486104, -37.487979359516821 ], [ -72.391670029172317, -37.488077965151369 ], [ -72.391851532996398, -37.488171956671074 ], [ -72.391964296845586, -37.488264540300015 ], [ -72.392047587941207, -37.488298492649193 ], [ -72.392305492253769, -37.488316563568276 ], [ -72.392496963369837, -37.488277071729193 ], [ -72.39288453816232, -37.488206607710538 ], [ -72.393215567984967, -37.488145443399574 ], [ -72.393371991782061, -37.488098369196024 ], [ -72.393456079941657, -37.488062510909117 ], [ -72.38933840275412, -37.484108043670034 ], [ -72.388986162911777, -37.483769740204337 ], [ -72.385993214815514, -37.483773512249158 ], [ -72.385670813098585, -37.483773914482235 ], [ -72.385643561131531, -37.483773162364379 ], [ -72.384310656093149, -37.483769396458321 ], [ -72.383726953676302, -37.483769603774483 ], [ -72.383463339422079, -37.483769695926775 ], [ -72.383125143768652, -37.483764728231122 ], [ -72.382697804717793, -37.483758450316564 ], [ -72.381970803742789, -37.48374042438035 ], [ -72.381421953595989, -37.483719339909563 ], [ -72.381125122671591, -37.483707936129107 ], [ -72.381131292445943, -37.483850087237641 ], [ -72.380935618273185, -37.485728427276356 ], [ -72.381077075490509, -37.485807476627514 ], [ -72.381432161198092, -37.486047040236478 ], [ -72.382123433793495, -37.486259842892963 ], [ -72.383270186837976, -37.486729326152236 ], [ -72.384250757159549, -37.487091691234781 ], [ -72.384323458199191, -37.487118557702551 ], [ -72.384358697711249, -37.487130871892248 ], [ -72.384574386369422, -37.487127304849956 ], [ -72.384650855376051, -37.48712603952297 ], [ -72.384655376842943, -37.487125964864255 ], [ -72.384676735022168, -37.487125611656595 ], [ -72.384682301849352, -37.48712519970411 ], [ -72.384729717464595, -37.487121688544356 ], [ -72.384812873146913, -37.487115528545225 ], [ -72.38483572891721, -37.487113836070641 ], [ -72.384847912441984, -37.487112934479448 ], [ -72.384915457119064, -37.487107931692165 ], [ -72.384950385325979, -37.487105345047603 ], [ -72.385026767719623, -37.48709968908797 ], [ -72.385064812612754, -37.48709687316822 ], [ -72.385191894064945, -37.487087460412127 ] ] ] } },
{ "type": "Feature", "properties": { "zona": "110" }, "geometry": { "type": "Polygon", "coordinates": [ [ [ -72.38860249233673, -37.487155942343335 ], [ -72.388568546760538, -37.487161584989359 ], [ -72.388314319876045, -37.48718352421691 ], [ -72.387794424478514, -37.487011981161835 ], [ -72.387677835059748, -37.486966427847328 ], [ -72.387655923571742, -37.486957867156335 ], [ -72.387617648774338, -37.486942913175135 ], [ -72.387565255895865, -37.486927945061225 ], [ -72.387536001560875, -37.486919587727797 ], [ -72.387505029637907, -37.486910739115764 ], [ -72.387463809126217, -37.486898963047501 ], [ -72.387442036633075, -37.486892742907756 ], [ -72.387438777187725, -37.48689181201118 ], [ -72.387422926741962, -37.486887284559558 ], [ -72.387406392223838, -37.486882559941371 ], [ -72.387385864878894, -37.48687669445254 ], [ -72.387378313602326, -37.486874538572607 ], [ -72.387374410430027, -37.486874621611449 ], [ -72.387351085434915, -37.486875114713889 ], [ -72.3873490744311, -37.486875157621391 ], [ -72.387283422308144, -37.486876549634729 ], [ -72.387265599488941, -37.486876927485277 ], [ -72.387204642679308, -37.486878220607679 ], [ -72.387200629774185, -37.486878304816855 ], [ -72.387193237626789, -37.486878462026496 ], [ -72.387176382408271, -37.486878818924033 ], [ -72.387170367507707, -37.486878947137185 ], [ -72.387127701102912, -37.486884291841534 ], [ -72.387089787978098, -37.486889042454315 ], [ -72.387060864803857, -37.486892664660751 ], [ -72.387027902671321, -37.486896794014761 ], [ -72.386832863683352, -37.486921227650335 ], [ -72.386808030483451, -37.486924338368702 ], [ -72.386720437322552, -37.486935310882082 ], [ -72.38669129145056, -37.486938962310653 ], [ -72.386683182927428, -37.486939978622416 ], [ -72.38665073756475, -37.486944042713311 ], [ -72.386644786471663, -37.486944838242167 ], [ -72.386634953264434, -37.486946150691537 ], [ -72.386530173238015, -37.486960147073411 ], [ -72.38651122591844, -37.486962677932986 ], [ -72.386366909503309, -37.486981954554068 ], [ -72.38635401892526, -37.486983675992008 ], [ -72.386319244089691, -37.486988321011033 ], [ -72.3863035063533, -37.486990422766389 ], [ -72.386256647429022, -37.486994512791632 ], [ -72.386063553724952, -37.487011369212773 ], [ -72.386040923332772, -37.487013345363472 ], [ -72.385958733272361, -37.487020519749137 ], [ -72.385935847690064, -37.487022517263149 ], [ -72.385868282115752, -37.487028414990412 ], [ -72.385688516260785, -37.487044107875747 ], [ -72.385635149822761, -37.487048765443305 ], [ -72.385607119012832, -37.487051213062557 ], [ -72.385554017953964, -37.487055848534922 ], [ -72.385501327478835, -37.487060448920467 ], [ -72.385323858428748, -37.4870759415968 ], [ -72.385301806553286, -37.48707786553603 ], [ -72.385191894064945, -37.487087460412127 ], [ -72.385064812612754, -37.48709687316822 ], [ -72.385026767719623, -37.48709968908797 ], [ -72.384950385325979, -37.487105345047603 ], [ -72.384915457119064, -37.487107931692165 ], [ -72.384847912441984, -37.487112934479448 ], [ -72.38483572891721, -37.487113836070641 ], [ -72.384812873146913, -37.487115528545225 ], [ -72.384729717464595, -37.487121688544356 ], [ -72.384682301849352, -37.48712519970411 ], [ -72.384676735022168, -37.487125611656595 ], [ -72.384655376842943, -37.487125964864255 ], [ -72.384650855376051, -37.48712603952297 ], [ -72.384574386369422, -37.487127304849956 ], [ -72.384358697711249, -37.487130871892248 ], [ -72.38503167149878, -37.487366040843703 ], [ -72.385705958696988, -37.487667407275254 ], [ -72.386395748852792, -37.488904877358202 ], [ -72.387456699836179, -37.490664939324233 ], [ -72.388311191789981, -37.492288046401818 ], [ -72.389922204843373, -37.495215269699024 ], [ -72.390156093932362, -37.495428553077467 ], [ -72.390801332239249, -37.49601693556626 ], [ -72.391369500259174, -37.496977280393359 ], [ -72.391432271586126, -37.496951452611398 ], [ -72.395789501645979, -37.495449851124661 ], [ -72.398831285262759, -37.49398022203296 ], [ -72.399285453256823, -37.493733108065996 ], [ -72.397517912506672, -37.492101459862646 ], [ -72.396329545242679, -37.490964756649667 ], [ -72.395328732255294, -37.489860750855222 ], [ -72.393456079941657, -37.488062510909117 ], [ -72.393371991782061, -37.488098369196024 ], [ -72.393215567984967, -37.488145443399574 ], [ -72.39288453816232, -37.488206607710538 ], [ -72.392496963369837, -37.488277071729193 ], [ -72.392305492253769, -37.488316563568276 ], [ -72.392047587941207, -37.488298492649193 ], [ -72.391964296845586, -37.488264540300015 ], [ -72.391851532996398, -37.488171956671074 ], [ -72.391670029172317, -37.488077965151369 ], [ -72.391411845486104, -37.487979359516821 ], [ -72.391282837577606, -37.487947069318288 ], [ -72.391078262736272, -37.487893613335864 ], [ -72.390873689335635, -37.487840157034263 ], [ -72.390840252743814, -37.487822722976802 ], [ -72.39083017644613, -37.487817469318202 ], [ -72.390777767881502, -37.487790146053783 ], [ -72.390759794484694, -37.487780775444122 ], [ -72.390708692210808, -37.487754131630638 ], [ -72.390697385248032, -37.487748237096831 ], [ -72.390682745079332, -37.487740604518855 ], [ -72.390668749562934, -37.487731638104854 ], [ -72.390636594840345, -37.487711037836362 ], [ -72.390628569440267, -37.487705896171533 ], [ -72.39061234166914, -37.487695498991819 ], [ -72.390596249944892, -37.487685189522445 ], [ -72.390561242331842, -37.487662763581532 ], [ -72.390543062120656, -37.487651116634623 ], [ -72.390478791598952, -37.487609939410589 ], [ -72.390443933931877, -37.487583662642024 ], [ -72.390424317141111, -37.487568876848705 ], [ -72.390410275121511, -37.487558291859109 ], [ -72.390403138944748, -37.487552913013616 ], [ -72.390389948687982, -37.487542971327386 ], [ -72.390368680167057, -37.487526938806603 ], [ -72.390340042985002, -37.487505351981639 ], [ -72.390338816531809, -37.487504427352796 ], [ -72.390334695270155, -37.487501321096033 ], [ -72.390306918683621, -37.487480384072562 ], [ -72.390269423067679, -37.487452119637751 ], [ -72.390233241684143, -37.487404782213211 ], [ -72.390196997690126, -37.48735736049057 ], [ -72.390191234937447, -37.487349822260491 ], [ -72.390165892292615, -37.487316663894518 ], [ -72.39014234082704, -37.487285847490128 ], [ -72.390131401619172, -37.48727153642357 ], [ -72.390126459827371, -37.487265071554489 ], [ -72.390115296781886, -37.487250466277608 ], [ -72.390052234484941, -37.487168655915802 ], [ -72.390028915597213, -37.487138405130153 ], [ -72.390008512707666, -37.487111935939474 ], [ -72.389995409901445, -37.487094938539805 ], [ -72.389973962845843, -37.48706711710237 ], [ -72.389927813249415, -37.487029886104182 ], [ -72.389910204098896, -37.487015680780054 ], [ -72.389883983461075, -37.486994527545484 ], [ -72.389876342117148, -37.486988362534362 ], [ -72.389833340887449, -37.486987411873194 ], [ -72.389791143041165, -37.486986479858928 ], [ -72.389734482700845, -37.486985226279998 ], [ -72.389698143814059, -37.486984422865675 ], [ -72.389686876827199, -37.486984173762252 ], [ -72.389686752529883, -37.486984171014136 ], [ -72.389658002560921, -37.486983535372055 ], [ -72.389641165925013, -37.486983163122332 ], [ -72.389590535172829, -37.486991590194918 ], [ -72.389572579615603, -37.486994577817867 ], [ -72.389466885492297, -37.487012169213784 ], [ -72.389336437265015, -37.487033880070776 ], [ -72.389292079472426, -37.487041261645714 ], [ -72.389262283108835, -37.48704622127628 ], [ -72.389222056469634, -37.487052915604835 ], [ -72.389058507446236, -37.487080136269689 ], [ -72.389019840195715, -37.487086571247389 ], [ -72.388999784988158, -37.487089905238832 ], [ -72.38899695620259, -37.487090375244314 ], [ -72.388956347653718, -37.487097124114108 ], [ -72.388895433625478, -37.487107249167941 ], [ -72.388868059055568, -37.487111799080466 ], [ -72.388843124246222, -37.487115944273228 ], [ -72.388843054878564, -37.487115955354788 ], [ -72.388842986609546, -37.487115967361788 ], [ -72.388835521646826, -37.487117208016883 ], [ -72.388753581026791, -37.487130827499833 ], [ -72.388689702752515, -37.487141446483633 ], [ -72.388676249188222, -37.487143682881488 ], [ -72.38860249233673, -37.487155942343335 ] ] ] } },
{ "type": "Feature", "properties": { "zona": "111" }, "geometry": { "type": "Polygon", "coordinates": [ [ [ -72.380262193247162, -37.485688068698515 ], [ -72.380056029170774, -37.485701374943751 ], [ -72.380055472942075, -37.485701500472423 ], [ -72.380055353520689, -37.485702490859289 ], [ -72.380054244801343, -37.485711727992161 ], [ -72.380053333714756, -37.485719322258873 ], [ -72.38005276892649, -37.485724028903888 ], [ -72.380049858198888, -37.485748265781773 ], [ -72.380048784248487, -37.485757219832514 ], [ -72.3800021459042, -37.48619295529042 ], [ -72.379909094585372, -37.486949199145513 ], [ -72.379769358756533, -37.488084813625612 ], [ -72.378776698328465, -37.487784994463155 ], [ -72.375304003133209, -37.486736032244778 ], [ -72.375312493897454, -37.486875330715591 ], [ -72.37533150476257, -37.487187213327168 ], [ -72.375323632537658, -37.488048465210198 ], [ -72.375361155682526, -37.489200195126429 ], [ -72.375431391593594, -37.490556428896873 ], [ -72.375500967710693, -37.492840219990434 ], [ -72.375634767884335, -37.495113711850962 ], [ -72.375697553295453, -37.496347673519658 ], [ -72.375707318674245, -37.49648470048632 ], [ -72.375834175692617, -37.497865578340338 ], [ -72.375910070922032, -37.498381166081508 ], [ -72.375957860388255, -37.49839080341345 ], [ -72.376141959810724, -37.498427928690496 ], [ -72.376403565289422, -37.498496724047335 ], [ -72.376540418914828, -37.498530821640003 ], [ -72.376657995193455, -37.498590389790259 ], [ -72.376764463516253, -37.498615947821598 ], [ -72.376915850671054, -37.498682175677573 ], [ -72.377121583787755, -37.498792086930074 ], [ -72.377321677656795, -37.4988498887191 ], [ -72.377767176556333, -37.498877117457361 ], [ -72.378679756208129, -37.498891038225104 ], [ -72.380245139712159, -37.498996860375584 ], [ -72.380286519455368, -37.49890604455485 ], [ -72.380355528830648, -37.498866185663651 ], [ -72.380505825018659, -37.498833015448305 ], [ -72.380747607481425, -37.498833716029147 ], [ -72.380848678072581, -37.498792679446112 ], [ -72.381043993477505, -37.498718430407195 ], [ -72.381211996700074, -37.498675475748456 ], [ -72.381312482250863, -37.498674503140883 ], [ -72.381486660717513, -37.498715280271668 ], [ -72.381657174718924, -37.498780954047376 ], [ -72.381799409899273, -37.498892017053308 ], [ -72.381918562878411, -37.49895081660064 ], [ -72.382053650831438, -37.499027040250759 ], [ -72.38224490628572, -37.499074954292944 ], [ -72.38230380388535, -37.49909119279976 ], [ -72.382409913266898, -37.499108746666757 ], [ -72.382469826783122, -37.499124526419067 ], [ -72.382589383155832, -37.499139454145237 ], [ -72.382656763468361, -37.499147438850876 ], [ -72.382849454089765, -37.499195311651555 ], [ -72.383107576929007, -37.499301264697174 ], [ -72.383205373879861, -37.499336142376308 ], [ -72.383505385585721, -37.499375332658431 ], [ -72.384009167385543, -37.499379154244473 ], [ -72.384769625187147, -37.499384803412191 ], [ -72.385357140336126, -37.499377102443198 ], [ -72.385597800384573, -37.499381083466204 ], [ -72.386746165891921, -37.498772473377869 ], [ -72.390034664097413, -37.497526492545887 ], [ -72.391369500259174, -37.496977280393359 ], [ -72.390801332239249, -37.49601693556626 ], [ -72.390156093932362, -37.495428553077467 ], [ -72.389922204843373, -37.495215269699024 ], [ -72.388311191789981, -37.492288046401818 ], [ -72.387456699836179, -37.490664939324233 ], [ -72.386395748852792, -37.488904877358202 ], [ -72.385705958696988, -37.487667407275254 ], [ -72.38503167149878, -37.487366040843703 ], [ -72.384323458199191, -37.487118557702551 ], [ -72.383270186837976, -37.486729326152236 ], [ -72.382123433793495, -37.486259842892963 ], [ -72.381432161198092, -37.486047040236478 ], [ -72.381077075490509, -37.485807476627514 ], [ -72.380935618273185, -37.485728427276356 ], [ -72.380686826323256, -37.485713517424671 ], [ -72.380262193247162, -37.485688068698515 ] ] ] } },
{ "type": "Feature", "properties": { "zona": "120" }, "geometry": { "type": "Polygon", "coordinates": [ [ [ -72.362234740363022, -37.51357181122588 ], [ -72.37056777107729, -37.514647516068706 ], [ -72.373602658156955, -37.511481865383928 ], [ -72.375287947062688, -37.509724716062415 ], [ -72.382686986865536, -37.501705720451518 ], [ -72.385428288839577, -37.499470919776748 ], [ -72.385597800384573, -37.499381083466204 ], [ -72.385357140336126, -37.499377102443198 ], [ -72.384769625187147, -37.499384803412191 ], [ -72.384009167385543, -37.499379154244473 ], [ -72.383505385585721, -37.499375332658431 ], [ -72.383205373879861, -37.499336142376308 ], [ -72.383107576929007, -37.499301264697174 ], [ -72.382849454089765, -37.499195311651555 ], [ -72.382656763468361, -37.499147438850876 ], [ -72.382589383155832, -37.499139454145237 ], [ -72.382469826783122, -37.499124526419067 ], [ -72.382409913266898, -37.499108746666757 ], [ -72.38230380388535, -37.49909119279976 ], [ -72.38224490628572, -37.499074954292944 ], [ -72.382053650831438, -37.499027040250759 ], [ -72.381918562878411, -37.49895081660064 ], [ -72.381799409899273, -37.498892017053308 ], [ -72.381657174718924, -37.498780954047376 ], [ -72.381486660717513, -37.498715280271668 ], [ -72.381312482250863, -37.498674503140883 ], [ -72.381211996700074, -37.498675475748456 ], [ -72.381043993477505, -37.498718430407195 ], [ -72.380848678072581, -37.498792679446112 ], [ -72.380747607481425, -37.498833716029147 ], [ -72.380505825018659, -37.498833015448305 ], [ -72.380355528830648, -37.498866185663651 ], [ -72.380286519455368, -37.49890604455485 ], [ -72.380245139712159, -37.498996860375584 ], [ -72.378679756208129, -37.498891038225104 ], [ -72.377767176556333, -37.498877117457361 ], [ -72.377321677656795, -37.4988498887191 ], [ -72.377121583787755, -37.498792086930074 ], [ -72.376915850671054, -37.498682175677573 ], [ -72.376764463516253, -37.498615947821598 ], [ -72.376657995193455, -37.498590389790259 ], [ -72.376540418914828, -37.498530821640003 ], [ -72.376403565289422, -37.498496724047335 ], [ -72.376141959810724, -37.498427928690496 ], [ -72.375957860388255, -37.49839080341345 ], [ -72.375910070922032, -37.498381166081508 ], [ -72.375747460287599, -37.498276398867418 ], [ -72.375412208125638, -37.498038871855883 ], [ -72.374989986976004, -37.497845906989603 ], [ -72.374617411339131, -37.497765218595518 ], [ -72.37437382267521, -37.497677049479556 ], [ -72.374003740344605, -37.497558690140188 ], [ -72.373739177910309, -37.497629810004582 ], [ -72.373344891745191, -37.497677647040689 ], [ -72.37299763260836, -37.49767327127681 ], [ -72.372779060438091, -37.497603237329201 ], [ -72.372572870165243, -37.497542385226254 ], [ -72.372342346879378, -37.497472691843278 ], [ -72.372148538817655, -37.497421019478942 ], [ -72.371980777723977, -37.497416278430812 ], [ -72.371771184335216, -37.497412732468618 ], [ -72.371555829724244, -37.497414118546189 ], [ -72.371409830124321, -37.497361079109339 ], [ -72.371136759188374, -37.49720507927708 ], [ -72.370972024872898, -37.497073229234402 ], [ -72.370880575444616, -37.496957675015395 ], [ -72.370627292227766, -37.49685899967654 ], [ -72.370414915403572, -37.496793552726636 ], [ -72.370167110523411, -37.496738651360616 ], [ -72.369949678737029, -37.496738050853459 ], [ -72.369573978460295, -37.496722217106814 ], [ -72.369067917062694, -37.496646082925871 ], [ -72.368484168460625, -37.496572164490416 ], [ -72.368234498161939, -37.496504810904945 ], [ -72.368073298129232, -37.496483773285895 ], [ -72.36796615655318, -37.496496366573702 ], [ -72.367858801049152, -37.496504197987534 ], [ -72.367657327398106, -37.496548088567522 ], [ -72.367416159306714, -37.496640788511385 ], [ -72.367255875359646, -37.49666920016584 ], [ -72.367091540666948, -37.496740636179318 ], [ -72.36686830077295, -37.496832822895641 ], [ -72.366707373613494, -37.496846949333509 ], [ -72.366516351265901, -37.496857167380533 ], [ -72.366246142514612, -37.496836269963687 ], [ -72.365963767160864, -37.496810952615462 ], [ -72.365556747868013, -37.496808259249981 ], [ -72.365340324582505, -37.496785826027548 ], [ -72.365116212842295, -37.49672547116036 ], [ -72.364750599826152, -37.496712059438501 ], [ -72.364469080447563, -37.496705783838998 ], [ -72.364233873782325, -37.496664814074293 ], [ -72.363811482124177, -37.496586271298099 ], [ -72.363399975104073, -37.496483578658967 ], [ -72.363254410899344, -37.496440052054709 ], [ -72.363016852899932, -37.496346703052239 ], [ -72.362856509710468, -37.496227513284801 ], [ -72.362731917165036, -37.496098458140537 ], [ -72.362535328291131, -37.496017158533746 ], [ -72.362421987842424, -37.495891662462171 ], [ -72.362351976251745, -37.495798305852723 ], [ -72.362258061557583, -37.495705629830098 ], [ -72.362081550002003, -37.495639144605924 ], [ -72.361916564445224, -37.495562796234111 ], [ -72.361692936077844, -37.495446906255467 ], [ -72.361625449632569, -37.495348840551628 ], [ -72.361369360880786, -37.495286997152895 ], [ -72.361150871721634, -37.495324204685431 ], [ -72.360779028999403, -37.495276116082401 ], [ -72.360773097813251, -37.495217548709817 ], [ -72.360514869667824, -37.495216453144103 ], [ -72.360387751758168, -37.495325853231577 ], [ -72.360097399559479, -37.495403543159142 ], [ -72.359721968733965, -37.495365243630424 ], [ -72.359602951649151, -37.495332050083739 ], [ -72.35945569829336, -37.495290980769205 ], [ -72.359185664637764, -37.495303535985151 ], [ -72.358996275168636, -37.495362378372306 ], [ -72.35872221687724, -37.495396797304352 ], [ -72.358458585817218, -37.495255731064958 ], [ -72.35825834563137, -37.495161137748518 ], [ -72.35813167383543, -37.495046651069735 ], [ -72.357950508663734, -37.494966097287545 ], [ -72.357856856781666, -37.494887901978728 ], [ -72.357704285622489, -37.494816733121439 ], [ -72.357585196703269, -37.494776614473786 ], [ -72.357243867204517, -37.494811518408106 ], [ -72.357132408166933, -37.494762061522465 ], [ -72.356935799928323, -37.494657086240309 ], [ -72.356739133171544, -37.494578990546451 ], [ -72.356525448978559, -37.494484265437379 ], [ -72.356387009230176, -37.494364447344452 ], [ -72.356200155029214, -37.494270410773737 ], [ -72.356013303568218, -37.49417637397427 ], [ -72.355973592550043, -37.494174806046715 ], [ -72.35611980656121, -37.496080316497334 ], [ -72.356963538874481, -37.496592740371611 ], [ -72.35796273305327, -37.497194470028589 ], [ -72.359294624229719, -37.497993774252421 ], [ -72.360085690302043, -37.498473408633892 ], [ -72.360388153280837, -37.498700711527491 ], [ -72.360525255318493, -37.498843849419153 ], [ -72.360812826806878, -37.499494015344524 ], [ -72.361412847272433, -37.50125684264799 ], [ -72.361849413560279, -37.50256301447881 ], [ -72.361896987937101, -37.502805478803133 ], [ -72.361929086983707, -37.503062499034456 ], [ -72.362007099236763, -37.503846363199202 ], [ -72.362049456484826, -37.506176611688318 ], [ -72.362066994799122, -37.507141520867144 ], [ -72.362079897875532, -37.5078513635832 ], [ -72.36205507319815, -37.508548995518183 ], [ -72.36207888557108, -37.509640540592699 ], [ -72.362136597452576, -37.510970903525369 ], [ -72.362158601407927, -37.512181598439042 ], [ -72.362178214118742, -37.513260712875947 ], [ -72.362234740363022, -37.51357181122588 ] ] ] } },
{ "type": "Feature", "properties": { "zona": "121" }, "geometry": { "type": "Polygon", "coordinates": [ [ [ -72.347044922689619, -37.489163114279513 ], [ -72.346627160038778, -37.490362084025861 ], [ -72.34665371404509, -37.490360528062574 ], [ -72.346479011390684, -37.490881146227991 ], [ -72.346419013129065, -37.491060191055702 ], [ -72.345701438037594, -37.493201471025884 ], [ -72.345560152848421, -37.493623059210591 ], [ -72.345250962124624, -37.494545656191463 ], [ -72.344741875144635, -37.496048078496983 ], [ -72.344626713756782, -37.496389460699632 ], [ -72.344555811721847, -37.496599641253589 ], [ -72.344534621788597, -37.4966624525713 ], [ -72.344516047542143, -37.496717514566406 ], [ -72.344369039044864, -37.497153293581405 ], [ -72.343955742366902, -37.498378406475162 ], [ -72.343761160063522, -37.498967584890131 ], [ -72.343737657190729, -37.499038746866972 ], [ -72.343614090369087, -37.499412891496455 ], [ -72.343586517338849, -37.499505218219987 ], [ -72.343562134748112, -37.499586860133675 ], [ -72.343555226419923, -37.499609991258701 ], [ -72.34344429150768, -37.499981447135582 ], [ -72.343366675245079, -37.500187125992824 ], [ -72.343301778950462, -37.500371632835218 ], [ -72.343134327539957, -37.500668676611433 ], [ -72.342681065456929, -37.502020126034829 ], [ -72.342262672360988, -37.503267572346495 ], [ -72.342110218607473, -37.503722105273397 ], [ -72.34206919248723, -37.503844421337732 ], [ -72.342080728210476, -37.503894708175004 ], [ -72.342151774104678, -37.503990522832432 ], [ -72.342117311314425, -37.504054181853867 ], [ -72.342026430684967, -37.504358486912075 ], [ -72.341165074564259, -37.507242526626236 ], [ -72.341163548331863, -37.507247634896686 ], [ -72.341006965431973, -37.507767625232539 ], [ -72.341150682925701, -37.507768118699168 ], [ -72.343032308759589, -37.507774563938071 ], [ -72.343854062489498, -37.507777369754642 ], [ -72.344899693872961, -37.507780930942189 ], [ -72.345391050094776, -37.507782601603438 ], [ -72.345402283319387, -37.507782639764571 ], [ -72.346400173214718, -37.507790083601478 ], [ -72.34736553374151, -37.507797276380828 ], [ -72.348232459864676, -37.507803728679193 ], [ -72.348246375006241, -37.507803832225484 ], [ -72.348293171943581, -37.507804180641308 ], [ -72.349370832032122, -37.507812192822215 ], [ -72.349482051503699, -37.507813018689511 ], [ -72.35073277849925, -37.507822303810514 ], [ -72.350788445735432, -37.507558556218584 ], [ -72.351369174810827, -37.504806953647552 ], [ -72.35158284002398, -37.503667640040987 ], [ -72.353338823930983, -37.498360528987476 ], [ -72.353638494587457, -37.497488155407737 ], [ -72.353836334123059, -37.496898065391427 ], [ -72.354918939658162, -37.496017542575338 ], [ -72.354767915587516, -37.494671771738901 ], [ -72.355344778812523, -37.494057366573301 ], [ -72.355320976130415, -37.494020788675165 ], [ -72.355312065398579, -37.493975053824443 ], [ -72.355312072746514, -37.493974973789655 ], [ -72.355312073667903, -37.493974947677913 ], [ -72.355318747688884, -37.493903594477935 ], [ -72.355318755958166, -37.493903488331412 ], [ -72.3553237979812, -37.493840629442396 ], [ -72.355320196904032, -37.493822525534441 ], [ -72.355316660532679, -37.493815440129424 ], [ -72.35530996500674, -37.493802021190888 ], [ -72.355307517858364, -37.493794707873889 ], [ -72.355303890229919, -37.493783862767238 ], [ -72.355278436764593, -37.493754007156433 ], [ -72.355263376409468, -37.493740151213075 ], [ -72.355260260096941, -37.4937370266138 ], [ -72.35523811894474, -37.493714805568565 ], [ -72.355203985633239, -37.493700524131285 ], [ -72.355181448673093, -37.493683399034794 ], [ -72.355179548784676, -37.493681954333439 ], [ -72.35517196470407, -37.493679871354132 ], [ -72.355143847432501, -37.493672144234672 ], [ -72.355115774188832, -37.493665124570505 ], [ -72.355104259897871, -37.493662246158507 ], [ -72.355084780918986, -37.493660090420981 ], [ -72.355053213084915, -37.493656596014766 ], [ -72.355015859793781, -37.493653506341332 ], [ -72.354967399786759, -37.493654672492397 ], [ -72.354940735425942, -37.493652724298705 ], [ -72.354922984790122, -37.493651426373638 ], [ -72.354889678113977, -37.493655351507165 ], [ -72.354858749474005, -37.493658997401425 ], [ -72.354808797432582, -37.493662383749466 ], [ -72.354752956825493, -37.493672396507009 ], [ -72.354686069226176, -37.493684138753316 ], [ -72.354673303369367, -37.493686376729976 ], [ -72.354631584742194, -37.493696710373364 ], [ -72.354595245625816, -37.493704907250063 ], [ -72.354586511539623, -37.493708042962503 ], [ -72.35455980870951, -37.493717629915537 ], [ -72.354531080860781, -37.493730502912349 ], [ -72.354485366435014, -37.493733984081985 ], [ -72.354457503757843, -37.493742370865291 ], [ -72.354435017022766, -37.49374862622436 ], [ -72.35440707490973, -37.493759263105787 ], [ -72.354382001457182, -37.493758701211092 ], [ -72.35435111998973, -37.493762514734676 ], [ -72.354329030570312, -37.493757514118876 ], [ -72.354301566300762, -37.493754645836226 ], [ -72.35427159247314, -37.493742711040952 ], [ -72.354244878064208, -37.493728596494343 ], [ -72.354236918026757, -37.493721754343014 ], [ -72.354209890961556, -37.493698524295397 ], [ -72.354191185280072, -37.493686349104891 ], [ -72.354181216674732, -37.493679860228092 ], [ -72.354150308323568, -37.493654385907732 ], [ -72.354098264159759, -37.493596900599343 ], [ -72.354094065798904, -37.493592168456907 ], [ -72.354092902012326, -37.493590856480274 ], [ -72.354076972166425, -37.493572901546855 ], [ -72.354069301965097, -37.493564257339621 ], [ -72.354067673737916, -37.493562422218055 ], [ -72.354065826945046, -37.493560146958536 ], [ -72.35404159517266, -37.493530299546556 ], [ -72.354003899794961, -37.493488114154268 ], [ -72.353992296841042, -37.493475127625317 ], [ -72.353971673807479, -37.493438620731396 ], [ -72.353950697122471, -37.493402105006275 ], [ -72.353939529897232, -37.493368063738103 ], [ -72.353935873690304, -37.493355183230449 ], [ -72.353934941185074, -37.493351901188674 ], [ -72.353926014438358, -37.493320452186545 ], [ -72.35392600572716, -37.493320346560665 ], [ -72.353923323769365, -37.493294926324452 ], [ -72.353923312766284, -37.493294821548297 ], [ -72.353918867839994, -37.493252707360732 ], [ -72.353918852253202, -37.493252604284073 ], [ -72.353910564871072, -37.493207466331668 ], [ -72.353907759951468, -37.493199688102308 ], [ -72.353901551258389, -37.493182482694095 ], [ -72.353901543677239, -37.493182377093547 ], [ -72.353900130106396, -37.493168760176367 ], [ -72.353900119103358, -37.493168655400218 ], [ -72.353897334940172, -37.493141837943831 ], [ -72.353892669708515, -37.493123711045641 ], [ -72.353872788898698, -37.493096231936953 ], [ -72.353866124634635, -37.493084819506372 ], [ -72.353865045694221, -37.493083891502764 ], [ -72.353850003544281, -37.49307094051283 ], [ -72.353832571082449, -37.493057111421606 ], [ -72.353832520499566, -37.493057070638677 ], [ -72.353832467497682, -37.493057034307128 ], [ -72.35381619095925, -37.493047654704291 ], [ -72.353785124006663, -37.49302668322099 ], [ -72.353757465248535, -37.493019305774624 ], [ -72.353721921173801, -37.493004991392439 ], [ -72.353703110260568, -37.492997501376784 ], [ -72.353691948902025, -37.492993055588457 ], [ -72.353668686777581, -37.492981270191436 ], [ -72.353644249422672, -37.492962700071715 ], [ -72.353618913326329, -37.492939604217838 ], [ -72.353583659405132, -37.492901058967433 ], [ -72.353549495478447, -37.492863705988185 ], [ -72.353521493328927, -37.492836044766641 ], [ -72.353498733643661, -37.492814579993052 ], [ -72.353489684507011, -37.492806045411569 ], [ -72.353423480316664, -37.492739230317483 ], [ -72.353416537501857, -37.492732090119219 ], [ -72.3533406114299, -37.492654018356859 ], [ -72.353277461879813, -37.492600789313329 ], [ -72.353264283748445, -37.492585722767728 ], [ -72.353253343797149, -37.492573216008822 ], [ -72.353224843411269, -37.492556307385755 ], [ -72.353213881523345, -37.492549802468609 ], [ -72.353197173846723, -37.492514943058353 ], [ -72.353193143845232, -37.49250653540085 ], [ -72.353183995324386, -37.492495244756434 ], [ -72.353105771711554, -37.492398694405615 ], [ -72.353059697312858, -37.492332330434451 ], [ -72.353049921875609, -37.492320155245388 ], [ -72.35304186880272, -37.49231012638441 ], [ -72.352997071271361, -37.492254331378298 ], [ -72.352950536392257, -37.492203765328298 ], [ -72.352910281513047, -37.492160020949918 ], [ -72.352897050472166, -37.492146424701644 ], [ -72.352875271262135, -37.492124042832884 ], [ -72.352847531335954, -37.49209553578131 ], [ -72.352833397284968, -37.492078176941355 ], [ -72.35278961103154, -37.492024400508008 ], [ -72.352750387664585, -37.491994234702148 ], [ -72.352692458225789, -37.491943375200115 ], [ -72.35266147593849, -37.491930658654013 ], [ -72.352657622262385, -37.491929076384729 ], [ -72.35265240149586, -37.491926208203957 ], [ -72.35263196653284, -37.491914984323003 ], [ -72.352608202628105, -37.491887417932276 ], [ -72.352588480485963, -37.49185543659064 ], [ -72.352579893438971, -37.491832928778443 ], [ -72.352574739840932, -37.491819418112748 ], [ -72.352566808996414, -37.491798631729559 ], [ -72.352557071757332, -37.491779327724103 ], [ -72.352538073854475, -37.491741667559332 ], [ -72.352529115105852, -37.491685146876343 ], [ -72.352520156368243, -37.4916286261927 ], [ -72.352520164371725, -37.491628559689566 ], [ -72.352520166869269, -37.491628520997558 ], [ -72.352525835532802, -37.491583551744434 ], [ -72.352525848293837, -37.491583446599968 ], [ -72.352527517698491, -37.491570217799818 ], [ -72.352527513509344, -37.491570112275255 ], [ -72.35252371695239, -37.491529836439007 ], [ -72.352523707113207, -37.491529730787725 ], [ -72.352521352852008, -37.491504748604427 ], [ -72.352521339559203, -37.491504644677939 ], [ -72.352514662935832, -37.49146394290689 ], [ -72.352510644845992, -37.491442042175422 ], [ -72.352508438167732, -37.491430011444493 ], [ -72.352490050342155, -37.491400311899802 ], [ -72.35248619100183, -37.491393703971461 ], [ -72.35248205232854, -37.491386615791491 ], [ -72.352467277870034, -37.4913764758101 ], [ -72.352461695357476, -37.491372644325445 ], [ -72.352426710046075, -37.491342571656311 ], [ -72.352363448228417, -37.491282580348596 ], [ -72.352362048825412, -37.491281153135198 ], [ -72.35235011498699, -37.491268970935913 ], [ -72.352336800324352, -37.491255379960748 ], [ -72.352303524242799, -37.491218158283687 ], [ -72.352252975145547, -37.491158452929312 ], [ -72.352205993048912, -37.49110783781849 ], [ -72.35218505458424, -37.491080333813663 ], [ -72.352181651189468, -37.491075002170426 ], [ -72.35216462656706, -37.491048336572355 ], [ -72.352133223691638, -37.491012259828366 ], [ -72.352116754390011, -37.490993340961559 ], [ -72.35211062708305, -37.490986300981582 ], [ -72.352105155407628, -37.490980133569217 ], [ -72.35208819550347, -37.490961017163833 ], [ -72.352077417647166, -37.490945502404173 ], [ -72.352070707693059, -37.490935844226229 ], [ -72.352070636566609, -37.490935840828691 ], [ -72.352018517011757, -37.490933566153956 ], [ -72.351929055034788, -37.490897045869538 ], [ -72.351781756791127, -37.490845484349911 ], [ -72.351766276293816, -37.490840065614691 ], [ -72.351762452492238, -37.490838728189757 ], [ -72.351705971860952, -37.49081895679555 ], [ -72.351704402395072, -37.490818502569923 ], [ -72.3517028116501, -37.490818042460234 ], [ -72.351560645795161, -37.490785394889571 ], [ -72.351482566795681, -37.490767466447259 ], [ -72.351333559811494, -37.490735762690917 ], [ -72.351321709618261, -37.490735046269691 ], [ -72.351183728977801, -37.490726704240963 ], [ -72.351020619520938, -37.490717381899316 ], [ -72.351019038556217, -37.490717029232776 ], [ -72.35101714041015, -37.49071646759927 ], [ -72.350768964704017, -37.490619103867857 ], [ -72.350571843930538, -37.490530915240157 ], [ -72.350487094399696, -37.490493500294882 ], [ -72.350449053353643, -37.490486563120157 ], [ -72.350310081911431, -37.490461221712152 ], [ -72.350148306555212, -37.490452601249622 ], [ -72.350123977224087, -37.490451304538723 ], [ -72.350069605057271, -37.490445807419185 ], [ -72.349916059017986, -37.490430284074748 ], [ -72.349689239044082, -37.490407351175627 ], [ -72.349637087016092, -37.49039714850808 ], [ -72.349425876633006, -37.490355833132185 ], [ -72.349296854688475, -37.490332269243758 ], [ -72.349282094729716, -37.490329572415625 ], [ -72.34925774559126, -37.490329221253788 ], [ -72.349250282170672, -37.490329113152463 ], [ -72.349235535029791, -37.490328900082098 ], [ -72.349216873621955, -37.490328630661367 ], [ -72.349198213376283, -37.49032836036266 ], [ -72.349196319928339, -37.490328306133954 ], [ -72.349149428660084, -37.490326968506942 ], [ -72.349125199037474, -37.490326275775004 ], [ -72.34911855839448, -37.490326086116056 ], [ -72.349111918849673, -37.490325897382505 ], [ -72.349098328042501, -37.490325508409363 ], [ -72.34909350510631, -37.49032537217969 ], [ -72.349091531429394, -37.490325316147839 ], [ -72.349089354418126, -37.49032525374799 ], [ -72.349088021317641, -37.490325215704182 ], [ -72.349086331551973, -37.490325349874915 ], [ -72.349085880362651, -37.490294970332378 ], [ -72.349085687214412, -37.490281916934556 ], [ -72.34908137780512, -37.490232148853472 ], [ -72.349078384502988, -37.490197577007855 ], [ -72.349077164640391, -37.490183496712483 ], [ -72.349072377678837, -37.490128205780806 ], [ -72.349060100652949, -37.490003690538131 ], [ -72.349040975287124, -37.489809713978005 ], [ -72.34903155902964, -37.489714214022683 ], [ -72.349044394948507, -37.489689706236639 ], [ -72.349301546604167, -37.489518661355923 ], [ -72.349496566862854, -37.489388942039632 ], [ -72.349546482539111, -37.489355740050335 ], [ -72.349527757441891, -37.489326734459404 ], [ -72.349501081742645, -37.489291924702229 ], [ -72.349433705831075, -37.489201951283732 ], [ -72.349361883239879, -37.489059695254902 ], [ -72.349355722860153, -37.489047493701392 ], [ -72.349335371038777, -37.488969256020241 ], [ -72.349328897063458, -37.488918622928239 ], [ -72.349319305117248, -37.488843593297631 ], [ -72.349317262314997, -37.488827615697893 ], [ -72.349288354481345, -37.488749185908226 ], [ -72.349195074197425, -37.488660632124613 ], [ -72.349003825151271, -37.488518844646663 ], [ -72.348983076213287, -37.488503461658532 ], [ -72.348955381431892, -37.488517756853085 ], [ -72.348911122512263, -37.488540602039471 ], [ -72.348910757340718, -37.488540791183844 ], [ -72.348754222205145, -37.488626112559224 ], [ -72.348659307927207, -37.488677846174276 ], [ -72.348520027083921, -37.488753763188612 ], [ -72.348429090610423, -37.48879997289675 ], [ -72.348355719288861, -37.488836348481783 ], [ -72.348084442479689, -37.488955603188444 ], [ -72.348046998802417, -37.488967227241979 ], [ -72.347735500226918, -37.489063927416424 ], [ -72.34765536206433, -37.489088804584263 ], [ -72.347568039222594, -37.489093489375144 ], [ -72.34727470759951, -37.489145911034392 ], [ -72.347246399817806, -37.489150158119067 ], [ -72.347044922689619, -37.489163114279513 ] ] ] } },
{ "type": "Feature", "properties": { "zona": "122" }, "geometry": { "type": "Polygon", "coordinates": [ [ [ -72.343418366420309, -37.48951124455418 ], [ -72.343349742508082, -37.489518336633459 ], [ -72.343071052525858, -37.489546380370484 ], [ -72.342927860659671, -37.489560788947415 ], [ -72.34176223366515, -37.489678073330076 ], [ -72.341679805251601, -37.489686366576699 ], [ -72.341675166628278, -37.48969229148716 ], [ -72.341669835123156, -37.489700056190863 ], [ -72.341645018851978, -37.489736195293581 ], [ -72.341614871039269, -37.489780099090645 ], [ -72.341586249579876, -37.489821779056015 ], [ -72.341360088499911, -37.490151125855803 ], [ -72.34128322498448, -37.490256652742644 ], [ -72.34121233254757, -37.490349324484157 ], [ -72.341168911894428, -37.490406083705544 ], [ -72.340866113309417, -37.490801898892848 ], [ -72.340813834772163, -37.490871350698583 ], [ -72.340794986729847, -37.490896390743984 ], [ -72.340431767143897, -37.491378924052007 ], [ -72.340405307573207, -37.491414076072758 ], [ -72.339968955461359, -37.49199375391354 ], [ -72.339966404886013, -37.491997142304271 ], [ -72.3399432135528, -37.492026388959502 ], [ -72.339920022201071, -37.492055635609347 ], [ -72.339913172166263, -37.492064274332435 ], [ -72.339852549442369, -37.492140725843328 ], [ -72.339746026458016, -37.492266017875153 ], [ -72.339736886465474, -37.492277965239488 ], [ -72.339698602161334, -37.492328007365209 ], [ -72.339674919042295, -37.492358964008687 ], [ -72.339549379226909, -37.492523058208015 ], [ -72.339439874027676, -37.492666192372269 ], [ -72.339258581592091, -37.492903158076906 ], [ -72.339192236939212, -37.492989876406014 ], [ -72.339165595624721, -37.493024698724248 ], [ -72.33896790182142, -37.493283101222801 ], [ -72.338887253670123, -37.493388514957445 ], [ -72.338713372386948, -37.493611997634801 ], [ -72.33867072133809, -37.493666815080175 ], [ -72.338569298060477, -37.493797168935906 ], [ -72.338510748547932, -37.493872419292515 ], [ -72.338496092221106, -37.493891924180566 ], [ -72.338419136670311, -37.493994335401709 ], [ -72.338340984302235, -37.49409834068738 ], [ -72.338242403269945, -37.494220758232366 ], [ -72.33816297793004, -37.494319386579129 ], [ -72.338087333370453, -37.494416606973466 ], [ -72.337974734206455, -37.494561321628439 ], [ -72.337690118266664, -37.494927111818939 ], [ -72.337470205343067, -37.495209741544144 ], [ -72.337250972077214, -37.495491496753445 ], [ -72.337221700739946, -37.495529114897451 ], [ -72.337061549108967, -37.495734937308228 ], [ -72.33694411770999, -37.495885795611507 ], [ -72.336676974485741, -37.4962289754788 ], [ -72.336316108361572, -37.496692548959864 ], [ -72.336179495554845, -37.49686804077907 ], [ -72.336052864139475, -37.497030711358491 ], [ -72.335990587668149, -37.497107606383061 ], [ -72.335854429902653, -37.497275726145588 ], [ -72.335772906920994, -37.497376386069298 ], [ -72.335755959257824, -37.497397312191879 ], [ -72.33570293492329, -37.497462783398063 ], [ -72.335566541644553, -37.497631191246768 ], [ -72.33547815333371, -37.497740326851137 ], [ -72.335470129539146, -37.497750233698461 ], [ -72.33543828386523, -37.497789554928623 ], [ -72.335420956316128, -37.497810949112797 ], [ -72.33539694400929, -37.497840597082565 ], [ -72.335322891337924, -37.497933554069839 ], [ -72.335192340661322, -37.498097431875884 ], [ -72.335162054245046, -37.498184939164645 ], [ -72.334929294697631, -37.4984718018097 ], [ -72.334822054755449, -37.498603968135875 ], [ -72.334819421752741, -37.498607212168231 ], [ -72.334813279176885, -37.498614782502678 ], [ -72.334742996121506, -37.498701401070925 ], [ -72.334728912959278, -37.498718758421923 ], [ -72.334542453786398, -37.498963393275574 ], [ -72.334449224312735, -37.499085710133507 ], [ -72.334411658615821, -37.499134996160215 ], [ -72.334355994526859, -37.499208026903787 ], [ -72.334215186531509, -37.499392764238912 ], [ -72.334015633138947, -37.499654573244285 ], [ -72.3338985741009, -37.499808150797193 ], [ -72.333791947923487, -37.499948038977536 ], [ -72.333686858896428, -37.5000859108413 ], [ -72.333629786261639, -37.50016078731251 ], [ -72.333417495957619, -37.500439298881773 ], [ -72.333404216228999, -37.500456721968256 ], [ -72.333362611709461, -37.5005113041423 ], [ -72.333202231928254, -37.500721711349279 ], [ -72.333158124927962, -37.500779575529386 ], [ -72.332984822358469, -37.50100693504114 ], [ -72.332896243308255, -37.501123142458965 ], [ -72.33239999895747, -37.5017741597796 ], [ -72.33238631658223, -37.501792108901846 ], [ -72.332114801797914, -37.502148300682528 ], [ -72.332097346277976, -37.502171199001445 ], [ -72.331740445932908, -37.502639398339937 ], [ -72.331305894171635, -37.503209455255075 ], [ -72.330615110203624, -37.504115621208328 ], [ -72.330480822375492, -37.504291775657059 ], [ -72.330375545239946, -37.504429874328707 ], [ -72.330132195421072, -37.504749089332776 ], [ -72.329617813386207, -37.505423820759837 ], [ -72.329159121393275, -37.506025488046014 ], [ -72.328626405727107, -37.506724238026912 ], [ -72.328580557774529, -37.506784374985592 ], [ -72.328074391950992, -37.507448284244184 ], [ -72.327781819212476, -37.507832029182623 ], [ -72.327733906266758, -37.507894871923256 ], [ -72.327235505053068, -37.508548571341059 ], [ -72.327126756420355, -37.508691203717916 ], [ -72.327726934401753, -37.50879584728311 ], [ -72.327827997139721, -37.508813468513686 ], [ -72.336771763108032, -37.510140465124522 ], [ -72.349926626001235, -37.511981840810677 ], [ -72.35073277849925, -37.507822303810514 ], [ -72.349482051503699, -37.507813018689511 ], [ -72.349370832032122, -37.507812192822215 ], [ -72.348293171943581, -37.507804180641308 ], [ -72.348246375006241, -37.507803832225484 ], [ -72.348232459864676, -37.507803728679193 ], [ -72.34736553374151, -37.507797276380828 ], [ -72.346400173214718, -37.507790083601478 ], [ -72.345402283319387, -37.507782639764571 ], [ -72.345391050094776, -37.507782601603438 ], [ -72.344899693872961, -37.507780930942189 ], [ -72.343854062489498, -37.507777369754642 ], [ -72.343032308759589, -37.507774563938071 ], [ -72.341150682925701, -37.507768118699168 ], [ -72.341006965431973, -37.507767625232539 ], [ -72.341163548331863, -37.507247634896686 ], [ -72.341165074564259, -37.507242526626236 ], [ -72.342026430684967, -37.504358486912075 ], [ -72.342117311314425, -37.504054181853867 ], [ -72.342151774104678, -37.503990522832432 ], [ -72.342080728210476, -37.503894708175004 ], [ -72.34206919248723, -37.503844421337732 ], [ -72.342110218607473, -37.503722105273397 ], [ -72.342262672360988, -37.503267572346495 ], [ -72.342681065456929, -37.502020126034829 ], [ -72.343134327539957, -37.500668676611433 ], [ -72.343301778950462, -37.500371632835218 ], [ -72.343366675245079, -37.500187125992824 ], [ -72.34344429150768, -37.499981447135582 ], [ -72.343555226419923, -37.499609991258701 ], [ -72.343562134748112, -37.499586860133675 ], [ -72.343586517338849, -37.499505218219987 ], [ -72.343614090369087, -37.499412891496455 ], [ -72.343737657190729, -37.499038746866972 ], [ -72.343761160063522, -37.498967584890131 ], [ -72.343955742366902, -37.498378406475162 ], [ -72.344369039044864, -37.497153293581405 ], [ -72.344516047542143, -37.496717514566406 ], [ -72.344534621788597, -37.4966624525713 ], [ -72.344555811721847, -37.496599641253589 ], [ -72.344626713756782, -37.496389460699632 ], [ -72.344741875144635, -37.496048078496983 ], [ -72.345250962124624, -37.494545656191463 ], [ -72.345560152848421, -37.493623059210591 ], [ -72.345701438037594, -37.493201471025884 ], [ -72.346419013129065, -37.491060191055702 ], [ -72.346479011390684, -37.490881146227991 ], [ -72.34665371404509, -37.490360528062574 ], [ -72.346627160038778, -37.490362084025861 ], [ -72.347044922689619, -37.489163114279513 ], [ -72.346936302076458, -37.48916166460657 ], [ -72.346358313899657, -37.489217769333969 ], [ -72.346075258351505, -37.489245244496658 ], [ -72.34568724600949, -37.489304481832008 ], [ -72.345140354663855, -37.48938434914831 ], [ -72.344758975989805, -37.48941899696274 ], [ -72.344618516021598, -37.489424776888292 ], [ -72.344448403209199, -37.489431776591317 ], [ -72.344200569871973, -37.489441973931392 ], [ -72.343865207008562, -37.489465064502745 ], [ -72.343418366420309, -37.48951124455418 ] ] ] } },
{ "type": "Feature", "properties": { "zona": "123" }, "geometry": { "type": "Polygon", "coordinates": [ [ [ -72.325822757497789, -37.491046624800212 ], [ -72.325816645610374, -37.491192070824376 ], [ -72.325820363598552, -37.491591855634908 ], [ -72.32582086677165, -37.491646029234836 ], [ -72.325820401809892, -37.491670187411444 ], [ -72.325807201668908, -37.49235653615635 ], [ -72.32580402556934, -37.492521659539463 ], [ -72.325801043257712, -37.49267672279656 ], [ -72.325787941740671, -37.493357809384406 ], [ -72.325781439160508, -37.493695870732871 ], [ -72.325765740422483, -37.494512000164526 ], [ -72.32575763248272, -37.494933482386898 ], [ -72.325715957454648, -37.495930521367292 ], [ -72.32571383167415, -37.495981376963329 ], [ -72.325680916742499, -37.496816520620875 ], [ -72.325668959702725, -37.497119886214925 ], [ -72.325666373422791, -37.4971855122877 ], [ -72.32566096859793, -37.497419773241901 ], [ -72.325660854319509, -37.497424750190604 ], [ -72.32564895437163, -37.497940422317193 ], [ -72.326303363984493, -37.497989696299641 ], [ -72.326957775774929, -37.498038967610754 ], [ -72.326992790517949, -37.498039406328353 ], [ -72.32704276736483, -37.498040031533669 ], [ -72.327731638535695, -37.498093958998993 ], [ -72.328499539593381, -37.498154067487583 ], [ -72.329229460503882, -37.498211199515069 ], [ -72.329283915607121, -37.49821546104998 ], [ -72.329342552780204, -37.498220050560306 ], [ -72.32956023788509, -37.498237087873612 ], [ -72.32986884982563, -37.498261239427784 ], [ -72.330159457969458, -37.498283982761798 ], [ -72.33036079634833, -37.498299739673605 ], [ -72.330605208908693, -37.498318866329633 ], [ -72.33101470983415, -37.498350911048966 ], [ -72.331386682734433, -37.498380018118809 ], [ -72.331898323708771, -37.498420052032237 ], [ -72.331914771500848, -37.498421429420745 ], [ -72.331976130954772, -37.498426570259106 ], [ -72.332323931632743, -37.498455711079281 ], [ -72.332370610388807, -37.498459621546999 ], [ -72.333062970913033, -37.498517626581737 ], [ -72.333622798818666, -37.498562760618782 ], [ -72.334171939320456, -37.498598455709612 ], [ -72.334411958807195, -37.498614056471752 ], [ -72.334822054755449, -37.498603968135875 ], [ -72.334929294697631, -37.4984718018097 ], [ -72.335162054245046, -37.498184939164645 ], [ -72.335192340661322, -37.498097431875884 ], [ -72.335322891337924, -37.497933554069839 ], [ -72.33539694400929, -37.497840597082565 ], [ -72.335420956316128, -37.497810949112797 ], [ -72.33543828386523, -37.497789554928623 ], [ -72.335470129539146, -37.497750233698461 ], [ -72.33547815333371, -37.497740326851137 ], [ -72.335566541644553, -37.497631191246768 ], [ -72.33570293492329, -37.497462783398063 ], [ -72.335755959257824, -37.497397312191879 ], [ -72.335772906920994, -37.497376386069298 ], [ -72.335854429902653, -37.497275726145588 ], [ -72.335990587668149, -37.497107606383061 ], [ -72.336052864139475, -37.497030711358491 ], [ -72.336179495554845, -37.49686804077907 ], [ -72.336316108361572, -37.496692548959864 ], [ -72.336676974485741, -37.4962289754788 ], [ -72.33694411770999, -37.495885795611507 ], [ -72.337061549108967, -37.495734937308228 ], [ -72.337221700739946, -37.495529114897451 ], [ -72.337250972077214, -37.495491496753445 ], [ -72.337470205343067, -37.495209741544144 ], [ -72.337690118266664, -37.494927111818939 ], [ -72.337974734206455, -37.494561321628439 ], [ -72.338087333370453, -37.494416606973466 ], [ -72.33816297793004, -37.494319386579129 ], [ -72.338242403269945, -37.494220758232366 ], [ -72.338340984302235, -37.49409834068738 ], [ -72.338419136670311, -37.493994335401709 ], [ -72.338496092221106, -37.493891924180566 ], [ -72.338510748547932, -37.493872419292515 ], [ -72.338569298060477, -37.493797168935906 ], [ -72.33867072133809, -37.493666815080175 ], [ -72.338713372386948, -37.493611997634801 ], [ -72.338887253670123, -37.493388514957445 ], [ -72.33896790182142, -37.493283101222801 ], [ -72.339165595624721, -37.493024698724248 ], [ -72.339192236939212, -37.492989876406014 ], [ -72.339258581592091, -37.492903158076906 ], [ -72.339439874027676, -37.492666192372269 ], [ -72.339549379226909, -37.492523058208015 ], [ -72.339674919042295, -37.492358964008687 ], [ -72.339698602161334, -37.492328007365209 ], [ -72.339736886465474, -37.492277965239488 ], [ -72.339746026458016, -37.492266017875153 ], [ -72.339852549442369, -37.492140725843328 ], [ -72.339913172166263, -37.492064274332435 ], [ -72.339920022201071, -37.492055635609347 ], [ -72.3399432135528, -37.492026388959502 ], [ -72.339966404886013, -37.491997142304271 ], [ -72.339968955461359, -37.49199375391354 ], [ -72.340405307573207, -37.491414076072758 ], [ -72.340431767143897, -37.491378924052007 ], [ -72.340794986729847, -37.490896390743984 ], [ -72.340813834772163, -37.490871350698583 ], [ -72.340866113309417, -37.490801898892848 ], [ -72.341168911894428, -37.490406083705544 ], [ -72.34121233254757, -37.490349324484157 ], [ -72.34128322498448, -37.490256652742644 ], [ -72.341360088499911, -37.490151125855803 ], [ -72.341586249579876, -37.489821779056015 ], [ -72.341614871039269, -37.489780099090645 ], [ -72.341645018851978, -37.489736195293581 ], [ -72.341669835123156, -37.489700056190863 ], [ -72.341675166628278, -37.48969229148716 ], [ -72.341679805251601, -37.489686366576699 ], [ -72.341694558234821, -37.489663769004132 ], [ -72.341714496353745, -37.489633228611851 ], [ -72.341714540876794, -37.489633153019611 ], [ -72.341755143598277, -37.489563224316193 ], [ -72.34179574507894, -37.48949329647013 ], [ -72.341737664273211, -37.489496654684338 ], [ -72.341725958349812, -37.489497331871959 ], [ -72.341722580030918, -37.489497502709348 ], [ -72.341185238234416, -37.489524731547192 ], [ -72.34076862819694, -37.489565696259476 ], [ -72.340737515198754, -37.489568768412127 ], [ -72.340459772453684, -37.489596190202477 ], [ -72.340452016886459, -37.489596956253827 ], [ -72.339797826964869, -37.489661392782068 ], [ -72.339571302436767, -37.489683704708533 ], [ -72.339275975754461, -37.489712791894412 ], [ -72.33915472353992, -37.489724733772817 ], [ -72.338704538141926, -37.489769071425791 ], [ -72.338560193905678, -37.489783225220819 ], [ -72.338318912834794, -37.489807039434666 ], [ -72.338185446130296, -37.489820212491985 ], [ -72.33788904956198, -37.489849464899891 ], [ -72.337001097941737, -37.489937096870491 ], [ -72.336700699692088, -37.489966279437972 ], [ -72.336556442290203, -37.489980293052071 ], [ -72.336148871870137, -37.490020093613758 ], [ -72.336136545439558, -37.490021298713195 ], [ -72.335723328636746, -37.490061689478679 ], [ -72.335573050955034, -37.490076378823879 ], [ -72.334600696881182, -37.49017141694447 ], [ -72.334576227795495, -37.490173808437788 ], [ -72.334430873774423, -37.490188014549247 ], [ -72.333540710193972, -37.490274990950184 ], [ -72.333411352832442, -37.490287715223822 ], [ -72.332935961456357, -37.490334475611284 ], [ -72.332270400702441, -37.490401876180179 ], [ -72.33128742928686, -37.49050141378455 ], [ -72.331286810725487, -37.490501476396354 ], [ -72.331178542435723, -37.490512360871435 ], [ -72.330891995851729, -37.490538518383815 ], [ -72.330486866871141, -37.490575498832385 ], [ -72.32994177409374, -37.490625254020614 ], [ -72.329808189185357, -37.490637447072181 ], [ -72.329746448997824, -37.490643082004354 ], [ -72.329630832767961, -37.490653907885985 ], [ -72.329514145410954, -37.490664515685197 ], [ -72.329414339358365, -37.490673393037966 ], [ -72.328571775729714, -37.490748336033953 ], [ -72.328559435941642, -37.490749433703215 ], [ -72.328380866998586, -37.490765315510629 ], [ -72.32836383497721, -37.49076683052008 ], [ -72.327723746388742, -37.490823873751353 ], [ -72.327290924070141, -37.490817136850502 ], [ -72.327184643356972, -37.490815482214366 ], [ -72.327179694074786, -37.490905153332719 ], [ -72.327072611567303, -37.49093543025824 ], [ -72.32658289089504, -37.490974936129348 ], [ -72.325957465902391, -37.491025386643997 ], [ -72.325853472939187, -37.491033775046972 ], [ -72.325822757497789, -37.491046624800212 ] ] ] } },
{ "type": "Feature", "properties": { "zona": "124" }, "geometry": { "type": "Polygon", "coordinates": [ [ [ -72.325460347701338, -37.510876743968808 ], [ -72.325453184394917, -37.510886137916678 ], [ -72.325393046315114, -37.510948433175457 ], [ -72.325446582536344, -37.509766455791805 ], [ -72.325487062713151, -37.509019833540876 ], [ -72.325501128154059, -37.507886308898279 ], [ -72.3255123534001, -37.506334712120534 ], [ -72.325546241388977, -37.505728862846375 ], [ -72.325556867979031, -37.505401948534072 ], [ -72.325567495519849, -37.505075034226685 ], [ -72.325558995316612, -37.504250743390678 ], [ -72.325563893180814, -37.50338549149366 ], [ -72.325563969604659, -37.503371880157161 ], [ -72.325567114729964, -37.502816238690158 ], [ -72.325581445088758, -37.50213389860172 ], [ -72.325596503125496, -37.501563609059176 ], [ -72.325612618859054, -37.500908248886525 ], [ -72.325615164355071, -37.500813133092805 ], [ -72.325619280643409, -37.499301608319293 ], [ -72.325657099725746, -37.498737768004908 ], [ -72.32564895437163, -37.497940422317193 ], [ -72.325645280468464, -37.497940117412874 ], [ -72.32562177900293, -37.497938166643763 ], [ -72.325083468119473, -37.497893487705767 ], [ -72.324925859324267, -37.497880405950731 ], [ -72.32452233546023, -37.497846912186027 ], [ -72.323399393857741, -37.497753697277055 ], [ -72.322621824062807, -37.497689438180409 ], [ -72.321792560659006, -37.497620900474985 ], [ -72.31984867086716, -37.497477294907995 ], [ -72.319033922697997, -37.502361895619472 ], [ -72.318359830520137, -37.502319426289006 ], [ -72.318359767328886, -37.502319422150144 ], [ -72.317766620532637, -37.502281716882074 ], [ -72.315801369834858, -37.506192391083211 ], [ -72.314856363720466, -37.508072699600262 ], [ -72.313692389118387, -37.510388549214866 ], [ -72.313660247667585, -37.510444314406932 ], [ -72.31487690720563, -37.510599642606785 ], [ -72.31519716455314, -37.510665987074859 ], [ -72.316089991166365, -37.510918011667208 ], [ -72.318260887353432, -37.511600356543276 ], [ -72.318395078246766, -37.51161413389945 ], [ -72.318695372271421, -37.511628108011365 ], [ -72.31883930185225, -37.511620648916363 ], [ -72.319106779240641, -37.511548046025062 ], [ -72.319329141774205, -37.511481570910725 ], [ -72.319509341103867, -37.511464206122767 ], [ -72.320771503869139, -37.511321200579324 ], [ -72.320860964152317, -37.511330384187175 ], [ -72.322013552537797, -37.511575169714412 ], [ -72.322050270125715, -37.511608360668532 ], [ -72.322117362111911, -37.511700482968344 ], [ -72.322177813863505, -37.511826972438747 ], [ -72.322305059176074, -37.512054204517021 ], [ -72.322416380096499, -37.512272448007273 ], [ -72.322487956745476, -37.512390562482715 ], [ -72.322606819095768, -37.512534891354818 ], [ -72.322714793306886, -37.512669332182547 ], [ -72.322819252652778, -37.512803693191692 ], [ -72.322900266249192, -37.512903822689921 ], [ -72.322950182550329, -37.512986392500032 ], [ -72.322969102444631, -37.513048607908011 ], [ -72.322969315783098, -37.513141287228741 ], [ -72.322943687570827, -37.513187122050461 ], [ -72.322890472848982, -37.513295439387427 ], [ -72.32288363857343, -37.513387958854452 ], [ -72.322926917658208, -37.513459151224993 ], [ -72.32298799874512, -37.513525128930169 ], [ -72.323027076650973, -37.51356508277847 ], [ -72.323008640593386, -37.514170872573423 ], [ -72.325460347701338, -37.510876743968808 ] ] ] } },
{ "type": "Feature", "properties": { "zona": "118" }, "geometry": { "type": "Polygon", "coordinates": [ [ [ -72.320723987016592, -37.491619955315713 ], [ -72.320712240087204, -37.491668241447812 ], [ -72.320723014490042, -37.491667156837032 ], [ -72.320091975358352, -37.495679352025277 ], [ -72.320077413927635, -37.495771932189925 ], [ -72.320077071386493, -37.495774110506119 ], [ -72.319824211412836, -37.497381720283542 ], [ -72.31984867086716, -37.497477294907995 ], [ -72.321792560659006, -37.497620900474985 ], [ -72.322621824062807, -37.497689438180409 ], [ -72.323399393857741, -37.497753697277055 ], [ -72.32452233546023, -37.497846912186027 ], [ -72.324925859324267, -37.497880405950731 ], [ -72.325083468119473, -37.497893487705767 ], [ -72.32562177900293, -37.497938166643763 ], [ -72.325645280468464, -37.497940117412874 ], [ -72.32564895437163, -37.497940422317193 ], [ -72.325660854319509, -37.497424750190604 ], [ -72.32566096859793, -37.497419773241901 ], [ -72.325666373422791, -37.4971855122877 ], [ -72.325668959702725, -37.497119886214925 ], [ -72.325680916742499, -37.496816520620875 ], [ -72.32571383167415, -37.495981376963329 ], [ -72.325715957454648, -37.495930521367292 ], [ -72.32575763248272, -37.494933482386898 ], [ -72.325765740422483, -37.494512000164526 ], [ -72.325781439160508, -37.493695870732871 ], [ -72.325787941740671, -37.493357809384406 ], [ -72.325801043257712, -37.49267672279656 ], [ -72.32580402556934, -37.492521659539463 ], [ -72.325807201668908, -37.49235653615635 ], [ -72.325820401809892, -37.491670187411444 ], [ -72.32582086677165, -37.491646029234836 ], [ -72.325820363598552, -37.491591855634908 ], [ -72.325816645610374, -37.491192070824376 ], [ -72.325816928734184, -37.491185339627293 ], [ -72.325580830471282, -37.491202372237538 ], [ -72.320730541567073, -37.49161929487471 ], [ -72.320723987016592, -37.491619955315713 ] ] ] } },
{ "type": "Feature", "properties": { "zona": "119" }, "geometry": { "type": "Polygon", "coordinates": [ [ [ -72.30725665095953, -37.486441578856635 ], [ -72.307254378437136, -37.486460960329168 ], [ -72.307251614656266, -37.486484542377724 ], [ -72.307233377849812, -37.486640098383241 ], [ -72.307132705421139, -37.487498857142 ], [ -72.307132058355577, -37.487510227886133 ], [ -72.307102845541891, -37.488023724917042 ], [ -72.307022101456596, -37.488854272785645 ], [ -72.306809965207734, -37.491036240575419 ], [ -72.306755077332198, -37.49155253334883 ], [ -72.306593011420318, -37.493076922527614 ], [ -72.306641079673724, -37.493019779727824 ], [ -72.307583108215468, -37.492978362810973 ], [ -72.307773465462546, -37.492957545184474 ], [ -72.308554256315645, -37.492872152061906 ], [ -72.309238603753585, -37.492797302633811 ], [ -72.310396651424696, -37.492692408732665 ], [ -72.312944332746525, -37.492376274640307 ], [ -72.31484596910164, -37.492203648932502 ], [ -72.31572754208247, -37.49212361089176 ], [ -72.320723987016592, -37.491619955315713 ], [ -72.320731681295214, -37.49158832794874 ], [ -72.320805840523136, -37.491283508160343 ], [ -72.321497448513071, -37.488199220183063 ], [ -72.321736922277765, -37.487131218008564 ], [ -72.321835193841153, -37.48669293730169 ], [ -72.322043452454707, -37.485764119072371 ], [ -72.322471264600665, -37.48385603782625 ], [ -72.322582924719995, -37.483358011514774 ], [ -72.322605208634954, -37.483258620507712 ], [ -72.322627492483022, -37.483159229492664 ], [ -72.322633926224043, -37.483047742957034 ], [ -72.3220514129045, -37.482904975356838 ], [ -72.321843569886582, -37.482864897644362 ], [ -72.321505616113981, -37.482811349187649 ], [ -72.321404661924092, -37.482796518963525 ], [ -72.319860123773665, -37.482569620544439 ], [ -72.318827868083261, -37.482416288082263 ], [ -72.317123248512459, -37.482163060159138 ], [ -72.316430961045086, -37.482060210125653 ], [ -72.314356330569893, -37.48175196770984 ], [ -72.314205281784723, -37.481729523674971 ], [ -72.313467880279873, -37.481619952181397 ], [ -72.313378334945, -37.481606646198443 ], [ -72.31335352056854, -37.481602958288569 ], [ -72.312223553450792, -37.481434995146934 ], [ -72.31068871551679, -37.481197102815422 ], [ -72.310152946794588, -37.481115392538122 ], [ -72.309943522157695, -37.481083452663043 ], [ -72.307787068798319, -37.480754540286043 ], [ -72.307684792725823, -37.481895567809403 ], [ -72.307603891161534, -37.482798084940981 ], [ -72.307521791889812, -37.483713948820991 ], [ -72.30747844273867, -37.48415992099207 ], [ -72.307284970992015, -37.486150240406737 ], [ -72.30728347484829, -37.486165637765659 ], [ -72.307277152822294, -37.48623067165078 ], [ -72.30725665095953, -37.486441578856635 ] ] ] } },
{ "type": "Feature", "properties": { "zona": "98" }, "geometry": { "type": "Polygon", "coordinates": [ [ [ -72.30806151433859, -37.475164269303669 ], [ -72.308108765038753, -37.47500239254196 ], [ -72.308181452568945, -37.474731775701116 ], [ -72.308504187506017, -37.473530192750275 ], [ -72.308704978557401, -37.472782599306178 ], [ -72.308838764881287, -37.472284474450753 ], [ -72.309092041922298, -37.471341426083598 ], [ -72.309151757592502, -37.471119078135068 ], [ -72.309595517724944, -37.469466707334263 ], [ -72.309617287383489, -37.46938564379964 ], [ -72.309643303824672, -37.46928962576353 ], [ -72.305685936925357, -37.468487734997083 ], [ -72.301454289383258, -37.467630100786991 ], [ -72.297222709198635, -37.466772311311217 ], [ -72.293987025403112, -37.466116286961899 ], [ -72.29378064365352, -37.466074440579646 ], [ -72.292716892576095, -37.465858744902178 ], [ -72.291674775723308, -37.465647425101793 ], [ -72.291669884513908, -37.465677444162885 ], [ -72.291666177483464, -37.46567669592266 ], [ -72.291666154575509, -37.465676798123553 ], [ -72.291665860313941, -37.465677652833477 ], [ -72.289337744900109, -37.472437084240312 ], [ -72.289683275878531, -37.472600316527625 ], [ -72.290568464442103, -37.472337380050007 ], [ -72.291197504932413, -37.472293448164315 ], [ -72.291880892641743, -37.471215594463899 ], [ -72.293470749242175, -37.471118275735968 ], [ -72.294860398068622, -37.471000131627846 ], [ -72.295753679833481, -37.470922224907994 ], [ -72.297781143696525, -37.471712616536166 ], [ -72.299008545706585, -37.471959053831576 ], [ -72.29905441141976, -37.471968262547158 ], [ -72.299264117049631, -37.471989230627955 ], [ -72.299747908460773, -37.472037601304251 ], [ -72.300228204015355, -37.472111183294743 ], [ -72.300626875281736, -37.472131025885709 ], [ -72.300946225287575, -37.472149509931711 ], [ -72.301357814021884, -37.47215706855426 ], [ -72.301638147525807, -37.472206440205106 ], [ -72.302166059569032, -37.472376419132218 ], [ -72.3023697728689, -37.47245177091775 ], [ -72.302532529852456, -37.472513964956342 ], [ -72.302750420468143, -37.472605605833628 ], [ -72.303111314350375, -37.472854153607543 ], [ -72.303424965366489, -37.473150507466023 ], [ -72.303995537266729, -37.473643487467669 ], [ -72.304037755178953, -37.473685214915406 ], [ -72.304342997188144, -37.473892407880683 ], [ -72.304609114663762, -37.474060170098198 ], [ -72.304679135928126, -37.474088007035363 ], [ -72.305105546806033, -37.474194067876013 ], [ -72.305368646819474, -37.474259407019083 ], [ -72.305949146655223, -37.474400482304198 ], [ -72.306151294082284, -37.474440113417081 ], [ -72.306493123190535, -37.474595022461223 ], [ -72.3076927777837, -37.475075126937469 ], [ -72.308034501710011, -37.475159711081837 ], [ -72.30806151433859, -37.475164269303669 ] ] ] } },
{ "type": "Feature", "properties": { "zona": "109" }, "geometry": { "type": "Polygon", "coordinates": [ [ [ -72.321372527274306, -37.474954232420664 ], [ -72.321198845852166, -37.474927843620193 ], [ -72.320942606288469, -37.474997000638758 ], [ -72.320798710108789, -37.475047380603876 ], [ -72.32064893633418, -37.475052922828198 ], [ -72.320361449144485, -37.475040437880338 ], [ -72.320171745013695, -37.475012290817347 ], [ -72.319963257335942, -37.47497257034339 ], [ -72.319903813203553, -37.474987830362046 ], [ -72.31985081103862, -37.474986460570229 ], [ -72.319726840128936, -37.474881959574397 ], [ -72.31968951656701, -37.474829373160183 ], [ -72.319671613864159, -37.474789828753174 ], [ -72.319654284969374, -37.474751913964703 ], [ -72.319648665963086, -37.474703153381853 ], [ -72.319644159999825, -37.474674215501501 ], [ -72.319625001840251, -37.474628800677102 ], [ -72.319580407840036, -37.474607645783983 ], [ -72.319541882529222, -37.474566071569789 ], [ -72.319516205107377, -37.474534072272313 ], [ -72.319489571291513, -37.474508650102322 ], [ -72.319426381362462, -37.474486589088933 ], [ -72.319396023296903, -37.47447647694969 ], [ -72.319369461535274, -37.474471025937021 ], [ -72.319334442295201, -37.474477255960522 ], [ -72.31930892862087, -37.474495372087858 ], [ -72.319265158066614, -37.474520206011455 ], [ -72.319238967161695, -37.474536675734221 ], [ -72.319204075292021, -37.474545762432349 ], [ -72.319167785189919, -37.474554996694827 ], [ -72.319098332478347, -37.474557234176615 ], [ -72.319053997383506, -37.474558289270071 ], [ -72.319032148242428, -37.474553815658965 ], [ -72.318984481083831, -37.474571604414493 ], [ -72.318940909568795, -37.474590708056859 ], [ -72.31890740812652, -37.474604165092885 ], [ -72.318873568105616, -37.47462013484153 ], [ -72.318843640644815, -37.474623121892641 ], [ -72.31881292136147, -37.474627257895776 ], [ -72.318780221981058, -37.474616633766374 ], [ -72.318662335127911, -37.474578950326936 ], [ -72.318544015460432, -37.474535255535763 ], [ -72.318491243937828, -37.474514542599096 ], [ -72.318411968545647, -37.474486414401163 ], [ -72.318336448237432, -37.474465143292228 ], [ -72.318249217081771, -37.474445287628413 ], [ -72.318163383884993, -37.4744412925861 ], [ -72.318018452211803, -37.474434546668242 ], [ -72.317941394239014, -37.474426369582453 ], [ -72.317881265343203, -37.474410066901093 ], [ -72.317840867830327, -37.474411073113664 ], [ -72.317765146903099, -37.474432439502976 ], [ -72.317723675077374, -37.474445875538031 ], [ -72.317681737775189, -37.474442735843915 ], [ -72.317647796451041, -37.474440194098321 ], [ -72.31760528293789, -37.474449403640847 ], [ -72.31751770442213, -37.474506820702963 ], [ -72.317472153269847, -37.474502677895437 ], [ -72.31730032023539, -37.474483035959217 ], [ -72.317201326146304, -37.474499562281864 ], [ -72.317112357532466, -37.474482992306804 ], [ -72.317041332089275, -37.474432543582999 ], [ -72.316964436857745, -37.474384644045941 ], [ -72.316921474243088, -37.474326256149482 ], [ -72.316863596834523, -37.474233911535393 ], [ -72.316771468030495, -37.474165461877888 ], [ -72.316701810544046, -37.474127419010159 ], [ -72.316662485498227, -37.47408799288074 ], [ -72.316624303188377, -37.474031859964796 ], [ -72.316578669742071, -37.473980697639774 ], [ -72.316486300930762, -37.473925544522956 ], [ -72.316382901564793, -37.473882501180576 ], [ -72.316326846023003, -37.473866197482728 ], [ -72.316265553680651, -37.473866728245767 ], [ -72.316160840469408, -37.473866094505382 ], [ -72.316087474643055, -37.473897953630576 ], [ -72.316072963466468, -37.473946660473786 ], [ -72.316028042051144, -37.47398499361131 ], [ -72.315926789401558, -37.474015514959277 ], [ -72.315797278978678, -37.473972547971591 ], [ -72.315688488478102, -37.47396563048278 ], [ -72.315596909750383, -37.473944051134495 ], [ -72.315505391155625, -37.473890468304432 ], [ -72.315399759408237, -37.473844519534076 ], [ -72.315319469562212, -37.473769862555727 ], [ -72.315253521510371, -37.473730212704446 ], [ -72.31516369518755, -37.473674914531045 ], [ -72.3151074577858, -37.473620527855708 ], [ -72.315065193399192, -37.47356192179582 ], [ -72.315059323743412, -37.473406894464901 ], [ -72.315017736294052, -37.473353449128702 ], [ -72.314959085511376, -37.473330387813363 ], [ -72.314890071238239, -37.473323661335399 ], [ -72.314824815450208, -37.473328927577263 ], [ -72.314759207127167, -37.473335640159412 ], [ -72.314707431428474, -37.473321335280041 ], [ -72.314675249774268, -37.473276451632692 ], [ -72.314665976509346, -37.473236470180325 ], [ -72.314667914011835, -37.473196943736632 ], [ -72.314680882802449, -37.47315432685091 ], [ -72.314683857491318, -37.473104430574779 ], [ -72.314651034798018, -37.473074707059695 ], [ -72.314592382269353, -37.473065692953213 ], [ -72.314534222967552, -37.473065165889899 ], [ -72.314475952943923, -37.473065805021172 ], [ -72.314334865745323, -37.473057240713693 ], [ -72.314245970495293, -37.473046929397299 ], [ -72.314203639665919, -37.473042018756701 ], [ -72.314114641885737, -37.473033498221213 ], [ -72.314042640487102, -37.47300673467543 ], [ -72.31396175259664, -37.472970749708274 ], [ -72.313905593659129, -37.472952063589943 ], [ -72.313836781361687, -37.47295161193037 ], [ -72.313719343248309, -37.47300139388927 ], [ -72.313653865597331, -37.473042565525603 ], [ -72.313581340361424, -37.473093470079682 ], [ -72.313485495915558, -37.473158140145877 ], [ -72.313437521856201, -37.473189284952831 ], [ -72.313412319460923, -37.473228134233509 ], [ -72.313363450067087, -37.473239041306002 ], [ -72.313235502562719, -37.473287925829354 ], [ -72.3131108775641, -37.473310494975074 ], [ -72.313005439869372, -37.473361131400324 ], [ -72.312867983041428, -37.473431737565527 ], [ -72.312774598814528, -37.473484418772806 ], [ -72.31262512885769, -37.473486229858089 ], [ -72.312548689548692, -37.473482415716731 ], [ -72.312439948381012, -37.473525992825365 ], [ -72.312366033702972, -37.473579319607815 ], [ -72.31230415864519, -37.473643760762187 ], [ -72.312243948034762, -37.473696930827877 ], [ -72.312206918122399, -37.473735159168385 ], [ -72.312209200121032, -37.473752973813433 ], [ -72.312212759238577, -37.473820461532902 ], [ -72.312202117852394, -37.473867594301481 ], [ -72.312136516172941, -37.473954583729721 ], [ -72.312085736995797, -37.474013808505205 ], [ -72.312054732538542, -37.47404138946527 ], [ -72.312023706837024, -37.474077449386172 ], [ -72.311998779436138, -37.474116167634861 ], [ -72.311954493936298, -37.474148779892232 ], [ -72.311908052474109, -37.474143342304856 ], [ -72.311846408961699, -37.474130101005954 ], [ -72.311781049134481, -37.47413039084892 ], [ -72.311601045799875, -37.474172463634723 ], [ -72.311534511670175, -37.47424165887098 ], [ -72.311462635127342, -37.474308710327783 ], [ -72.311361036969501, -37.474378076640974 ], [ -72.311285644919792, -37.474441944507483 ], [ -72.31119721486678, -37.474551838812587 ], [ -72.31117031112602, -37.474592652907134 ], [ -72.311091727873603, -37.474630602315422 ], [ -72.310982544516392, -37.474646708419364 ], [ -72.310897058588665, -37.474648613763989 ], [ -72.310879131239858, -37.474651323311463 ], [ -72.31082582932423, -37.474705563688104 ], [ -72.310734031209279, -37.474770809287058 ], [ -72.310631023390982, -37.474779025920739 ], [ -72.310463263843914, -37.474719735053107 ], [ -72.310320956291434, -37.474661677049518 ], [ -72.310212549111867, -37.474630221486983 ], [ -72.310123424270529, -37.474610074301268 ], [ -72.31004837231508, -37.474603835503309 ], [ -72.309957521049753, -37.474612342919777 ], [ -72.309846051423946, -37.474661954130355 ], [ -72.309774280823433, -37.474696148849198 ], [ -72.30967059437225, -37.474752691947288 ], [ -72.309572409694738, -37.474798355055768 ], [ -72.309515312512872, -37.474826177899764 ], [ -72.309375365422298, -37.474942142696563 ], [ -72.309257664814126, -37.47505390689367 ], [ -72.309168704560236, -37.47510527033203 ], [ -72.309047198607075, -37.475164697614304 ], [ -72.308907136759132, -37.475210341085344 ], [ -72.308732510308033, -37.475252185938544 ], [ -72.308609923763541, -37.475253238550209 ], [ -72.308516683688481, -37.47524154967784 ], [ -72.308379813282045, -37.475223931648131 ], [ -72.308331331895928, -37.475209795486364 ], [ -72.308034501710011, -37.475159711081837 ], [ -72.3076927777837, -37.475075126937469 ], [ -72.306493123190535, -37.474595022461223 ], [ -72.306151294082284, -37.474440113417081 ], [ -72.305949146655223, -37.474400482304198 ], [ -72.305368646819474, -37.474259407019083 ], [ -72.305105546806033, -37.474194067876013 ], [ -72.304679135928126, -37.474088007035363 ], [ -72.304609114663762, -37.474060170098198 ], [ -72.304342997188144, -37.473892407880683 ], [ -72.304037755178953, -37.473685214915406 ], [ -72.303995537266729, -37.473643487467669 ], [ -72.303424965366489, -37.473150507466023 ], [ -72.303111314350375, -37.472854153607543 ], [ -72.302750420468143, -37.472605605833628 ], [ -72.302532529852456, -37.472513964956342 ], [ -72.3023697728689, -37.47245177091775 ], [ -72.302166059569032, -37.472376419132218 ], [ -72.301638147525807, -37.472206440205106 ], [ -72.301357814021884, -37.47215706855426 ], [ -72.300946225287575, -37.472149509931711 ], [ -72.300626875281736, -37.472131025885709 ], [ -72.300228204015355, -37.472111183294743 ], [ -72.299747908460773, -37.472037601304251 ], [ -72.299264117049631, -37.471989230627955 ], [ -72.298014702900062, -37.479332797729697 ], [ -72.29889499118309, -37.479408718556172 ], [ -72.301424296452467, -37.479789408799597 ], [ -72.301980129312781, -37.479873059651673 ], [ -72.305059409479554, -37.480336432611395 ], [ -72.305553389007031, -37.480412180405501 ], [ -72.306672295752307, -37.480583745708749 ], [ -72.307626082875146, -37.48072998427434 ], [ -72.309943522157695, -37.481083452663043 ], [ -72.310152946794588, -37.481115392538122 ], [ -72.31068871551679, -37.481197102815422 ], [ -72.312223553450792, -37.481434995146934 ], [ -72.31335352056854, -37.481602958288569 ], [ -72.313378334945, -37.481606646198443 ], [ -72.313467880279873, -37.481619952181397 ], [ -72.314205281784723, -37.481729523674971 ], [ -72.314356330569893, -37.48175196770984 ], [ -72.316430961045086, -37.482060210125653 ], [ -72.317123248512459, -37.482163060159138 ], [ -72.318827868083261, -37.482416288082263 ], [ -72.319860123773665, -37.482569620544439 ], [ -72.32128502829238, -37.482778945385078 ], [ -72.321404661924092, -37.482796518963525 ], [ -72.321505616113981, -37.482811349187649 ], [ -72.321843569886582, -37.482864897644362 ], [ -72.3220514129045, -37.482904975356838 ], [ -72.322633926224043, -37.483047742957034 ], [ -72.322635664023352, -37.483017633867114 ], [ -72.322635665557556, -37.483017527570702 ], [ -72.322636712326656, -37.482898598238968 ], [ -72.322637440162652, -37.482815864742513 ], [ -72.322637440566979, -37.482815758420493 ], [ -72.322639341635522, -37.482599754555721 ], [ -72.322643743178034, -37.48209949756648 ], [ -72.322731745824512, -37.482116870631017 ], [ -72.322731753007702, -37.482116764462681 ], [ -72.322795587989262, -37.481518304771406 ], [ -72.322795599691574, -37.481518198705544 ], [ -72.322833286066469, -37.481164867554021 ], [ -72.322833297768625, -37.481164761488138 ], [ -72.322893675532512, -37.48059869032133 ], [ -72.323106966551435, -37.48049385921734 ], [ -72.323112652277388, -37.480372664179647 ], [ -72.323113205828562, -37.480360864049779 ], [ -72.323117223381615, -37.48027524764931 ], [ -72.32311974250041, -37.480221532692724 ], [ -72.323125862783471, -37.480091076858784 ], [ -72.323154230154671, -37.479486414937362 ], [ -72.323157023895632, -37.479426873299474 ], [ -72.323229570800351, -37.478486212179007 ], [ -72.323262843535318, -37.478054782130435 ], [ -72.323311032924906, -37.477575739301912 ], [ -72.323380282893098, -37.476887321825309 ], [ -72.323460245174545, -37.476346448362243 ], [ -72.323460251193765, -37.476346343068506 ], [ -72.323454468518051, -37.476144706942648 ], [ -72.32345446553137, -37.476144600543634 ], [ -72.323447436936931, -37.47589952776206 ], [ -72.323433327761705, -37.475407512089355 ], [ -72.323433333812915, -37.475407405895204 ], [ -72.323440724172556, -37.475349893188913 ], [ -72.323440734678442, -37.475349788897979 ], [ -72.323392177198485, -37.475333991904833 ], [ -72.323226854192072, -37.475329112272391 ], [ -72.32305767949542, -37.475345317630136 ], [ -72.322900603060688, -37.475401930812609 ], [ -72.322813244129534, -37.475499043637271 ], [ -72.322813233590594, -37.475499148828497 ], [ -72.322794332541477, -37.475612092863344 ], [ -72.322794312964533, -37.475612197849635 ], [ -72.322780295933285, -37.47567361976273 ], [ -72.322698786945821, -37.475670193724412 ], [ -72.3226275966706, -37.475683639758408 ], [ -72.322578253566505, -37.475704099807729 ], [ -72.322528571900023, -37.475716940459719 ], [ -72.322446810113334, -37.475707799965235 ], [ -72.322349441227956, -37.475670492635935 ], [ -72.322287330752872, -37.475618843445133 ], [ -72.322176325628632, -37.475543778286792 ], [ -72.322103727620259, -37.475471445806058 ], [ -72.322044597963441, -37.475433061791634 ], [ -72.321924735488665, -37.4753201046763 ], [ -72.321799054061771, -37.475237823593034 ], [ -72.321705539384283, -37.475179429725152 ], [ -72.321598190553416, -37.475132867163666 ], [ -72.321489672456522, -37.475054749855225 ], [ -72.321440710914672, -37.475012737646679 ], [ -72.321391749427491, -37.474970725419659 ], [ -72.321372527274306, -37.474954232420664 ] ] ] } },
{ "type": "Feature", "properties": { "zona": "56" }, "geometry": { "type": "Polygon", "coordinates": [ [ [ -72.371364392024276, -37.468341188444555 ], [ -72.371359956649712, -37.468371813493711 ], [ -72.371484284821705, -37.468377865665317 ], [ -72.371541974144691, -37.468370566605216 ], [ -72.371696296713012, -37.468265239676114 ], [ -72.37178828609278, -37.468156961747454 ], [ -72.371834847258796, -37.468102156365774 ], [ -72.371863824922144, -37.468062741887195 ], [ -72.372041548853261, -37.467926432051733 ], [ -72.372264894177761, -37.467867883108312 ], [ -72.372502334522039, -37.467880198097632 ], [ -72.372646238324734, -37.467908114218325 ], [ -72.372853174975305, -37.467957568137074 ], [ -72.372940018695161, -37.467959499307248 ], [ -72.373129635415879, -37.467932179204766 ], [ -72.373283244864368, -37.467904056038364 ], [ -72.373456465804239, -37.467880876307028 ], [ -72.373692991189245, -37.467886137084271 ], [ -72.373933513388351, -37.467918519974134 ], [ -72.374192935416005, -37.467996377918411 ], [ -72.374457299156532, -37.468074346977993 ], [ -72.374620001764029, -37.468109502893569 ], [ -72.37492052702342, -37.468102667264318 ], [ -72.375099982780213, -37.468112612954286 ], [ -72.375278750033218, -37.468140655652974 ], [ -72.375544914025141, -37.468211164062133 ], [ -72.37561926071109, -37.468243804255309 ], [ -72.375709961649676, -37.468300438926377 ], [ -72.376004450828745, -37.468406106865956 ], [ -72.376478903325363, -37.468538300633448 ], [ -72.376676687094744, -37.468649012907605 ], [ -72.376951543379306, -37.468825587937573 ], [ -72.377152514279672, -37.468936243170546 ], [ -72.377593805575628, -37.469156799085319 ], [ -72.378147994150666, -37.469404241856296 ], [ -72.378514980887644, -37.469559300814211 ], [ -72.378606526729172, -37.469597980043822 ], [ -72.3790602759709, -37.469781200523485 ], [ -72.379235000410205, -37.469843054166034 ], [ -72.379475293198482, -37.469902454507967 ], [ -72.379862214728732, -37.46999214083192 ], [ -72.380129254449216, -37.470211340377446 ], [ -72.380159730037107, -37.470235539478168 ], [ -72.380307002703802, -37.470352482790567 ], [ -72.380302271264753, -37.470376922645798 ], [ -72.380337412292818, -37.470401334242453 ], [ -72.380401686745017, -37.470240907415729 ], [ -72.380478205160742, -37.47004991749084 ], [ -72.38049294373991, -37.470013130739019 ], [ -72.380829968125113, -37.469171906921083 ], [ -72.381047244053221, -37.468629569479269 ], [ -72.381310392003869, -37.467972718326834 ], [ -72.381230419101499, -37.467953371960043 ], [ -72.381182952216463, -37.467941888758013 ], [ -72.380583310139485, -37.467796824478754 ], [ -72.380380414286662, -37.467747739532662 ], [ -72.379784546829526, -37.467603584005374 ], [ -72.37973508378397, -37.467591617085759 ], [ -72.379585009712187, -37.46755531025358 ], [ -72.379491216042069, -37.467532618333102 ], [ -72.378553576267578, -37.467305770145096 ], [ -72.378516185291375, -37.467296723623782 ], [ -72.378496597982789, -37.467291985016281 ], [ -72.377718668812562, -37.467103768220746 ], [ -72.37750269758682, -37.467051513428252 ], [ -72.377416219041692, -37.467030589937323 ], [ -72.377311393302108, -37.467005227263598 ], [ -72.37709733741562, -37.466953436002321 ], [ -72.376706349212199, -37.466858833111282 ], [ -72.3763245199045, -37.466766445544422 ], [ -72.376318273401608, -37.466764934345342 ], [ -72.375950856196354, -37.466676032344154 ], [ -72.375882243605361, -37.466659430043087 ], [ -72.375860282526205, -37.466653624487684 ], [ -72.375459017544273, -37.4665475503134 ], [ -72.375350315887417, -37.466518814272398 ], [ -72.375069020378064, -37.466475475050835 ], [ -72.374916394891841, -37.466451960154018 ], [ -72.373606074110768, -37.466256759680725 ], [ -72.373376591594294, -37.466222883493025 ], [ -72.373357817845587, -37.466220112167733 ], [ -72.3731471081813, -37.466189006841645 ], [ -72.372755348086116, -37.466131173880569 ], [ -72.372755612353103, -37.466129922692971 ], [ -72.372469525489578, -37.466087645775517 ], [ -72.372222678743469, -37.466051167826429 ], [ -72.371876814636593, -37.466000055588317 ], [ -72.371369815610109, -37.465926862705373 ], [ -72.371369438176089, -37.465928406938822 ], [ -72.371364784166985, -37.465947466624527 ], [ -72.371355502803326, -37.465985470343611 ], [ -72.371349864233295, -37.466008559561473 ], [ -72.371328454155744, -37.46609623353126 ], [ -72.371245754235233, -37.466434881914068 ], [ -72.371245515316502, -37.466435860621807 ], [ -72.371172256081621, -37.46673584464159 ], [ -72.371164183956211, -37.466772370383211 ], [ -72.371210706257145, -37.466778930844676 ], [ -72.371465841161765, -37.4668149069729 ], [ -72.371475257464937, -37.466816647583563 ], [ -72.371654584804205, -37.466849806736406 ], [ -72.371638448593899, -37.466911507923278 ], [ -72.371635820154012, -37.46692512396195 ], [ -72.371579125851383, -37.467218869001492 ], [ -72.371480892567092, -37.467727833619584 ], [ -72.37138597987456, -37.468219584876962 ], [ -72.371381242064984, -37.468244128725971 ], [ -72.371381175630631, -37.468244475981663 ], [ -72.371377926814176, -37.468261306924006 ], [ -72.371370051937092, -37.468302105681161 ], [ -72.371367641972242, -37.468318743532578 ], [ -72.371364392024276, -37.468341188444555 ] ] ] } },
{ "type": "Feature", "properties": { "zona": "55" }, "geometry": { "type": "Polygon", "coordinates": [ [ [ -72.381497976845878, -37.471490469298963 ], [ -72.381567161101998, -37.471499214269144 ], [ -72.381728513713597, -37.471495783187521 ], [ -72.381798975962226, -37.471499723629243 ], [ -72.381864869705623, -37.471522249352475 ], [ -72.381942663809099, -37.471568792532317 ], [ -72.38201759646806, -37.471645882518047 ], [ -72.382234449150189, -37.471838477316219 ], [ -72.382270874327844, -37.47188369945502 ], [ -72.382327729638334, -37.471928277822002 ], [ -72.382484014031149, -37.472013541890156 ], [ -72.382587225642197, -37.472079354532248 ], [ -72.382640644442532, -37.472116473664087 ], [ -72.382689066096816, -37.472150121714819 ], [ -72.382749408223503, -37.47219487539337 ], [ -72.382842499941177, -37.472269442314953 ], [ -72.383145073417694, -37.472492474906446 ], [ -72.383193830132456, -37.472538991031051 ], [ -72.383259505390456, -37.472649196880887 ], [ -72.383376314283851, -37.472681466639507 ], [ -72.383540287730455, -37.472768083806869 ], [ -72.383807035540457, -37.472976722930049 ], [ -72.38397202680332, -37.473007413033372 ], [ -72.384170870935321, -37.473111132972761 ], [ -72.384770175994035, -37.47337743386327 ], [ -72.384959229583558, -37.473454858006626 ], [ -72.385225427094426, -37.473563875077602 ], [ -72.385573393075362, -37.473693729302617 ], [ -72.385740782687805, -37.47369408413293 ], [ -72.385958356528107, -37.473806378176711 ], [ -72.386304435180463, -37.473958989660325 ], [ -72.386505831762008, -37.474024148127093 ], [ -72.387069322275266, -37.474206451155091 ], [ -72.387261535330993, -37.474253547531418 ], [ -72.38749646556704, -37.474289712801543 ], [ -72.387859218320088, -37.474324753042936 ], [ -72.387957452504864, -37.4743276542575 ], [ -72.388047191565192, -37.474352940662435 ], [ -72.388002666626051, -37.474186996647035 ], [ -72.388002658622582, -37.474186966732859 ], [ -72.387557047991962, -37.472526165037841 ], [ -72.387514298293837, -37.472366829311234 ], [ -72.387514114034161, -37.472366146687108 ], [ -72.387374943414684, -37.471860828857139 ], [ -72.387361311345273, -37.471811332996467 ], [ -72.387173683506532, -37.471130058635367 ], [ -72.387158824165141, -37.471076106562535 ], [ -72.387149468061992, -37.471042132561116 ], [ -72.387148375000308, -37.471038165950347 ], [ -72.387042628413099, -37.470654197542643 ], [ -72.387041420058964, -37.470649808455121 ], [ -72.386799735493653, -37.469574416797471 ], [ -72.386725812611417, -37.46924548481536 ], [ -72.386226716993619, -37.469147497846436 ], [ -72.385843133695218, -37.469057516972526 ], [ -72.385482080432581, -37.468972818682829 ], [ -72.385126757244493, -37.468889464508123 ], [ -72.384753622628892, -37.468801930073454 ], [ -72.384688175563099, -37.468786577116859 ], [ -72.384369343376662, -37.468711780354717 ], [ -72.383977771259893, -37.468620867682198 ], [ -72.383620342637514, -37.46853788049269 ], [ -72.383250111547895, -37.468447363483158 ], [ -72.382982370079191, -37.468381903515812 ], [ -72.38245557303253, -37.468253104523903 ], [ -72.382455134717929, -37.468252997486431 ], [ -72.382356472896305, -37.468228827496965 ], [ -72.382102739710604, -37.46816666691511 ], [ -72.381791356375174, -37.468090382938179 ], [ -72.381741530041353, -37.468079736153364 ], [ -72.381710294278136, -37.468070524333818 ], [ -72.381373220284587, -37.467987944777569 ], [ -72.381364115755446, -37.467985714445064 ], [ -72.381310392003869, -37.467972718326834 ], [ -72.381047244053221, -37.468629569479269 ], [ -72.380829968125113, -37.469171906921083 ], [ -72.38049294373991, -37.470013130739019 ], [ -72.380478205160742, -37.47004991749084 ], [ -72.380401686745017, -37.470240907415729 ], [ -72.380337412292818, -37.470401334242453 ], [ -72.380595586342878, -37.470580679397848 ], [ -72.380928074362629, -37.470857211328834 ], [ -72.381004369143056, -37.470924155753295 ], [ -72.381222012762592, -37.471174179635767 ], [ -72.381408240513679, -37.471423910153604 ], [ -72.381497976845878, -37.471490469298963 ] ] ] } },
{ "type": "Feature", "properties": { "zona": "37" }, "geometry": { "type": "Polygon", "coordinates": [ [ [ -72.394398524678166, -37.46686042028815 ], [ -72.394379206523411, -37.466905683890396 ], [ -72.394374071800073, -37.466927520251517 ], [ -72.394366764393453, -37.466958594788665 ], [ -72.394339450021391, -37.467232916121169 ], [ -72.394260866330598, -37.468022131223485 ], [ -72.394200062948485, -37.468694311751783 ], [ -72.394216234801021, -37.468727375927578 ], [ -72.394224780912481, -37.468744850836138 ], [ -72.394289282892387, -37.468782329179227 ], [ -72.394353139270081, -37.468805521190532 ], [ -72.394372352382746, -37.468833574602549 ], [ -72.394369327716717, -37.468865843005844 ], [ -72.394321822885459, -37.468906542182687 ], [ -72.394224388848073, -37.468934373544904 ], [ -72.394203183093779, -37.468954573846247 ], [ -72.394185682733792, -37.468971244194449 ], [ -72.394157228858901, -37.469036424698373 ], [ -72.394142878431765, -37.469272816071665 ], [ -72.394130315056444, -37.469479760192897 ], [ -72.394147239804198, -37.469480413035086 ], [ -72.394368360165942, -37.469460851194036 ], [ -72.394745133986405, -37.469316518915981 ], [ -72.394961195857334, -37.469258431999656 ], [ -72.395167247148166, -37.469164206728422 ], [ -72.395305282679416, -37.469028295954224 ], [ -72.39531888148403, -37.46901490598831 ], [ -72.395438303521729, -37.46881999858207 ], [ -72.395577745754835, -37.468697365965653 ], [ -72.395789444800386, -37.468764888538246 ], [ -72.395968369788037, -37.469042920377404 ], [ -72.395971155619506, -37.469047249550606 ], [ -72.395996123597229, -37.469088995186844 ], [ -72.396216049026705, -37.46945671257518 ], [ -72.396479875351403, -37.469722000344973 ], [ -72.396499075359912, -37.469741306791214 ], [ -72.396845861514777, -37.469811805825671 ], [ -72.39711602928314, -37.469817761354427 ], [ -72.397350529485308, -37.469798880839754 ], [ -72.397466240485556, -37.469789564182754 ], [ -72.397959057913567, -37.469872258093005 ], [ -72.398338683700146, -37.469970413810692 ], [ -72.398465179469071, -37.47000886016761 ], [ -72.398784608026304, -37.470105945952682 ], [ -72.399143900467877, -37.470140797523463 ], [ -72.399205835408111, -37.470085623993377 ], [ -72.399271771782878, -37.470026885385778 ], [ -72.399412090531115, -37.470021963814794 ], [ -72.399479875032711, -37.470019586285296 ], [ -72.39978387713029, -37.470138455045394 ], [ -72.399931125803803, -37.470187084500481 ], [ -72.39994476629856, -37.470191589511316 ], [ -72.399991107719714, -37.470220178993372 ], [ -72.400066601190503, -37.4702667534334 ], [ -72.400172462455501, -37.470287624921362 ], [ -72.400201355246395, -37.470293321781128 ], [ -72.400273154949474, -37.470307477786989 ], [ -72.400400190741564, -37.470308430830357 ], [ -72.400514972870738, -37.470310957694061 ], [ -72.400688902263695, -37.47031478643855 ], [ -72.400696709859076, -37.470314958302787 ], [ -72.400828347997916, -37.470245374559049 ], [ -72.400886795062547, -37.470216142531022 ], [ -72.401031225571032, -37.470154030225487 ], [ -72.401047128028083, -37.470147191029199 ], [ -72.401186189963909, -37.470001475342308 ], [ -72.401324986145013, -37.469863382583853 ], [ -72.401527011456025, -37.469696163427841 ], [ -72.401707529778079, -37.469597135761013 ], [ -72.401782039810342, -37.469518664915697 ], [ -72.401984752880793, -37.469469717864321 ], [ -72.402177480531179, -37.469528047305914 ], [ -72.402202909179238, -37.469530607230837 ], [ -72.402176401350616, -37.470647346738005 ], [ -72.402152200510486, -37.471666832986351 ], [ -72.402140320972975, -37.472319387649101 ], [ -72.402133066169768, -37.472717872708209 ], [ -72.402189295154571, -37.47271815637928 ], [ -72.402452763430716, -37.472815507072205 ], [ -72.402531876133423, -37.472811525205117 ], [ -72.402635951402047, -37.47274324088275 ], [ -72.402788230873057, -37.472734192671304 ], [ -72.402998810889102, -37.47276934273664 ], [ -72.403160582652077, -37.472728076610771 ], [ -72.40365720139107, -37.472657932598317 ], [ -72.403826724249868, -37.472669289762329 ], [ -72.40411738952281, -37.472603198702167 ], [ -72.404760253877939, -37.472462628338498 ], [ -72.405127715225959, -37.472385074218408 ], [ -72.405224106342743, -37.472364729962472 ], [ -72.405299442897956, -37.472348829626242 ], [ -72.405500139399635, -37.472306470934356 ], [ -72.405638581265535, -37.472273685629332 ], [ -72.405822758327005, -37.472230069513742 ], [ -72.405866821379959, -37.472222019043478 ], [ -72.405882957956351, -37.472205207041057 ], [ -72.405937545236483, -37.472149184561871 ], [ -72.405975086108384, -37.4720670369217 ], [ -72.406116526930603, -37.471263739002694 ], [ -72.406297582487568, -37.47128128344518 ], [ -72.406509227293441, -37.471301791027429 ], [ -72.407020664487078, -37.469561090445843 ], [ -72.408067057239776, -37.466405553995394 ], [ -72.409246090077801, -37.462683865069074 ], [ -72.408856015274907, -37.462306712867168 ], [ -72.408652172917542, -37.462551416188759 ], [ -72.408480392352104, -37.462458407663476 ], [ -72.407276886430765, -37.462244367383704 ], [ -72.407289370312014, -37.462074168328691 ], [ -72.407024377790023, -37.462016213470761 ], [ -72.406723955477858, -37.462183409581634 ], [ -72.406634716467735, -37.462171549173696 ], [ -72.406502632505507, -37.462186803554488 ], [ -72.406283547047522, -37.462261779769278 ], [ -72.405990993877282, -37.462273081880276 ], [ -72.405526361038042, -37.462239875358954 ], [ -72.404752345820299, -37.462181047320904 ], [ -72.403960954767982, -37.462139033911335 ], [ -72.403714900997571, -37.46212591547603 ], [ -72.403369361736964, -37.462103078336227 ], [ -72.403221665358643, -37.462095894551837 ], [ -72.402944404432247, -37.462068100050011 ], [ -72.402348500318155, -37.46201090406209 ], [ -72.402015500201927, -37.461948034873394 ], [ -72.401953458481671, -37.461938381381195 ], [ -72.401872938513037, -37.462536648506969 ], [ -72.401819816230883, -37.462593259268672 ], [ -72.401545458542273, -37.462701031738753 ], [ -72.401469634166176, -37.462727722738123 ], [ -72.401359347412594, -37.462722509611957 ], [ -72.401254142372366, -37.462707433613069 ], [ -72.401148192874032, -37.462708761512879 ], [ -72.40109078143287, -37.462708890288368 ], [ -72.40092347942317, -37.462705522762796 ], [ -72.400862106758979, -37.462702714874411 ], [ -72.400758338043914, -37.462693499451603 ], [ -72.400622027330499, -37.46272641362745 ], [ -72.400362235843687, -37.462779666627021 ], [ -72.400146750286808, -37.462839270610537 ], [ -72.40004281926997, -37.462910918292273 ], [ -72.399896236964011, -37.463012779729432 ], [ -72.399765705725272, -37.46313096150535 ], [ -72.399639894060812, -37.463268840296607 ], [ -72.399542870413001, -37.463366223563 ], [ -72.399404298954721, -37.463518199514169 ], [ -72.399285398139497, -37.463555187431446 ], [ -72.399179461840959, -37.463582648366646 ], [ -72.399022331160296, -37.463620736871107 ], [ -72.398714125871209, -37.463661650315814 ], [ -72.398630091621882, -37.463665596151166 ], [ -72.398498223243493, -37.463712109994844 ], [ -72.398312303847234, -37.463790692638213 ], [ -72.39819839764796, -37.463853471641201 ], [ -72.398143762377657, -37.46385756292009 ], [ -72.398029750271888, -37.46386839297363 ], [ -72.397970110892402, -37.463812157808682 ], [ -72.397930013624972, -37.463778245231012 ], [ -72.397843860836431, -37.463695574218839 ], [ -72.397783654964101, -37.463621063310391 ], [ -72.397657334254902, -37.463509989271643 ], [ -72.397609306470812, -37.463511845132821 ], [ -72.397643252323775, -37.464136155095844 ], [ -72.39763703937119, -37.464201955541292 ], [ -72.397501647336469, -37.464204518259741 ], [ -72.396993532019039, -37.464205412331886 ], [ -72.396443150814619, -37.46420809288086 ], [ -72.395523668257439, -37.46422253320754 ], [ -72.395189434753775, -37.464230812893753 ], [ -72.394767767630015, -37.464239301127762 ], [ -72.394722252269332, -37.464248064308158 ], [ -72.394709474906946, -37.464344577953462 ], [ -72.394636470295566, -37.465083745625009 ], [ -72.394549860269336, -37.465839513618313 ], [ -72.394500642798448, -37.466443551017896 ], [ -72.394486059260231, -37.46664992895257 ], [ -72.394439773520233, -37.466763775291071 ], [ -72.39440949005224, -37.466834729596087 ], [ -72.394398524678166, -37.46686042028815 ] ] ] } },
{ "type": "Feature", "properties": { "zona": "57" }, "geometry": { "type": "Polygon", "coordinates": [ [ [ -72.405804151189969, -37.476271544242309 ], [ -72.406133255303232, -37.474286745848261 ], [ -72.406140692883341, -37.47415861373841 ], [ -72.405841840596111, -37.474174001759891 ], [ -72.405758817482976, -37.47416756757525 ], [ -72.405690026022924, -37.47419182576305 ], [ -72.40560539115306, -37.474182825689496 ], [ -72.405508816272189, -37.474184849840782 ], [ -72.405449310794353, -37.474181227349035 ], [ -72.405352860556121, -37.47416494047603 ], [ -72.405293596912273, -37.47416664979071 ], [ -72.40522615995026, -37.474199108001663 ], [ -72.405116678711963, -37.474254138251112 ], [ -72.405046969019679, -37.474301203266236 ], [ -72.404938215034903, -37.474328702731974 ], [ -72.404802621930514, -37.474335665740441 ], [ -72.404688805605375, -37.474337423817765 ], [ -72.404565729662679, -37.474324954895501 ], [ -72.404484690193343, -37.47433186947508 ], [ -72.404388671549228, -37.474409394254224 ], [ -72.404266524130364, -37.474522762764472 ], [ -72.404219206129227, -37.474576761676637 ], [ -72.40414725252387, -37.474594092749349 ], [ -72.404039517501658, -37.474603302848102 ], [ -72.40395826956717, -37.47460564646024 ], [ -72.403882929862718, -37.474611633415222 ], [ -72.403793224322158, -37.474638416993052 ], [ -72.403730731811876, -37.474653400230416 ], [ -72.403681879196512, -37.474652520713974 ], [ -72.403624583574583, -37.474634340401842 ], [ -72.403515775568664, -37.474619933089741 ], [ -72.403448866299101, -37.474621862634983 ], [ -72.403383119203767, -37.474628335955344 ], [ -72.403298359072494, -37.474637645093949 ], [ -72.403244082668536, -37.474643787560481 ], [ -72.403217807210765, -37.474655315470486 ], [ -72.403160095584482, -37.474691215096563 ], [ -72.403096433434214, -37.47470144134936 ], [ -72.403026654994434, -37.474703453534751 ], [ -72.402951613763463, -37.474694938294945 ], [ -72.402885992986114, -37.474683099588788 ], [ -72.402830688624888, -37.474666682943983 ], [ -72.402622817721181, -37.474620509125096 ], [ -72.402558256316212, -37.474610928338457 ], [ -72.402469222217533, -37.474610443121627 ], [ -72.402387974290022, -37.474612785650478 ], [ -72.402194510399795, -37.474609972196582 ], [ -72.402023882832012, -37.474604211355512 ], [ -72.401899885348712, -37.474592529487964 ], [ -72.401821504282438, -37.474594788723337 ], [ -72.401690080449669, -37.47460925615983 ], [ -72.401531649319153, -37.474619162359438 ], [ -72.401419501646018, -37.474615529203142 ], [ -72.401236908647789, -37.47457807436524 ], [ -72.400990664274033, -37.474572202224294 ], [ -72.400846190633558, -37.474573314228635 ], [ -72.400720708292738, -37.47459218631532 ], [ -72.400640830341644, -37.474603642063919 ], [ -72.400500319608341, -37.474607690247062 ], [ -72.400308835760171, -37.474606341972134 ], [ -72.400203010926958, -37.474615493290173 ], [ -72.40006385841599, -37.474670610717943 ], [ -72.399920478467934, -37.474674741013636 ], [ -72.399860259190078, -37.474676476106865 ], [ -72.399826504199211, -37.474691941383199 ], [ -72.399780807101138, -37.474718431194397 ], [ -72.399689343580462, -37.474769885428749 ], [ -72.399617930659829, -37.47477804493758 ], [ -72.399506266803272, -37.474785075543338 ], [ -72.399366468472664, -37.474783762833248 ], [ -72.399278137276454, -37.47481987014546 ], [ -72.399077392500047, -37.474930919849712 ], [ -72.399012749889764, -37.474961768915477 ], [ -72.398932330635276, -37.47498239225601 ], [ -72.398844217997919, -37.474981115380125 ], [ -72.398656027096337, -37.474946869207734 ], [ -72.398466063339654, -37.474915724105493 ], [ -72.398328326443476, -37.474875447586989 ], [ -72.398235077789579, -37.47484456230174 ], [ -72.398100924679724, -37.474799611942515 ], [ -72.39802407169293, -37.474809604252073 ], [ -72.397929903654173, -37.474827419706223 ], [ -72.397795944064256, -37.474828225290089 ], [ -72.397667202195919, -37.474817438272957 ], [ -72.397499685227146, -37.474753607731955 ], [ -72.397292354637599, -37.474740506024929 ], [ -72.397161400559682, -37.474744275162053 ], [ -72.397033349019551, -37.474748724508956 ], [ -72.396847520200978, -37.474724322789321 ], [ -72.396536845588017, -37.474627233520835 ], [ -72.396379061100276, -37.474566935744782 ], [ -72.39627244230492, -37.474558561632122 ], [ -72.396144369185791, -37.474520292527998 ], [ -72.396074049915669, -37.474531469349742 ], [ -72.395917149586609, -37.474532932961722 ], [ -72.395798621782944, -37.474536343846495 ], [ -72.395643613700926, -37.4744950344963 ], [ -72.395409001935164, -37.474471272099649 ], [ -72.3951825689077, -37.474416761194227 ], [ -72.394961221585916, -37.474432282271437 ], [ -72.394876830351905, -37.474428607344549 ], [ -72.394393840340527, -37.474288411606402 ], [ -72.394252767003067, -37.47425890541038 ], [ -72.394101049862485, -37.474248012108312 ], [ -72.393889725515692, -37.474231205492977 ], [ -72.393748326144475, -37.474236796681495 ], [ -72.393535848895581, -37.474236804234977 ], [ -72.39343920848502, -37.474173981005379 ], [ -72.3933256383784, -37.474117746967835 ], [ -72.393190113251521, -37.474062592482987 ], [ -72.393145071192976, -37.474051117989809 ], [ -72.393086950316089, -37.474026778611972 ], [ -72.393034408973335, -37.474002544369334 ], [ -72.392898821442927, -37.473967348123587 ], [ -72.39283343881074, -37.473950157322946 ], [ -72.392729488166523, -37.473953146268038 ], [ -72.392613577873604, -37.473929779824999 ], [ -72.392554890377426, -37.473901907877753 ], [ -72.392479334745545, -37.47384496163739 ], [ -72.3923762547672, -37.473787852670618 ], [ -72.392298880451577, -37.473770053427181 ], [ -72.392229580611925, -37.473772044567056 ], [ -72.392094533854703, -37.473801671043219 ], [ -72.392035137465825, -37.473811006901258 ], [ -72.391911263324332, -37.473823148471766 ], [ -72.391745860628916, -37.473816460009672 ], [ -72.39155156557608, -37.473805833144262 ], [ -72.39127815475544, -37.473791759459282 ], [ -72.391174204381798, -37.473794746139916 ], [ -72.391054518112441, -37.473820115947895 ], [ -72.39096870593157, -37.473827349211888 ], [ -72.390886435455315, -37.47383352705549 ], [ -72.390733195373443, -37.47383125470499 ], [ -72.390579396675619, -37.473816602759875 ], [ -72.390476802323917, -37.473796666215748 ], [ -72.39041611359545, -37.473777432238236 ], [ -72.390310279390746, -37.47376521598337 ], [ -72.390232442967644, -37.473763638057491 ], [ -72.390146415470454, -37.473766108920877 ], [ -72.390064402999769, -37.4737779996236 ], [ -72.389989475126399, -37.473788460885181 ], [ -72.389945580703028, -37.473782171293095 ], [ -72.389915469313152, -37.473765114221813 ], [ -72.389884909685804, -37.4737507361939 ], [ -72.389838171617896, -37.473722518790304 ], [ -72.389790324751175, -37.473696241311963 ], [ -72.389751390921276, -37.473655404912776 ], [ -72.389713780117276, -37.473617391237894 ], [ -72.389697720217782, -37.473579711587419 ], [ -72.389658108337386, -37.47355033690593 ], [ -72.389610863854145, -37.473537391310927 ], [ -72.389570239985446, -37.47353855770767 ], [ -72.389469885794838, -37.473568138013803 ], [ -72.38939424527986, -37.473615125590179 ], [ -72.389340715087087, -37.47367482753527 ], [ -72.389270513663106, -37.47375794336071 ], [ -72.389261381628486, -37.473772457732757 ], [ -72.38921731248729, -37.473803282270687 ], [ -72.389151005057826, -37.473818535646892 ], [ -72.389069076599213, -37.473832327083755 ], [ -72.389002425912963, -37.473839965483762 ], [ -72.38891520319595, -37.473842469392729 ], [ -72.388829219344018, -37.473845891846111 ], [ -72.388761113446591, -37.47384784787215 ], [ -72.388697281434006, -37.473864936357053 ], [ -72.388655602307807, -37.473895692784197 ], [ -72.388641069793763, -37.473944738649244 ], [ -72.388641467741635, -37.473980007587258 ], [ -72.388646988255303, -37.47402275741409 ], [ -72.388679183467218, -37.474073322380605 ], [ -72.388775501321263, -37.474192607738161 ], [ -72.388779698962367, -37.474232534815741 ], [ -72.388837287606449, -37.474289045519711 ], [ -72.388890727840405, -37.474330002951021 ], [ -72.388935381849038, -37.47436823120362 ], [ -72.388946070053123, -37.474419413579156 ], [ -72.388926170648574, -37.474436428343601 ], [ -72.388817371289576, -37.474430737803218 ], [ -72.388676542667014, -37.474411896995626 ], [ -72.38852146072422, -37.474395372074213 ], [ -72.388191373910715, -37.474371475224061 ], [ -72.388047191565192, -37.474352940662435 ], [ -72.387957452504864, -37.4743276542575 ], [ -72.387859218320088, -37.474324753042936 ], [ -72.38749646556704, -37.474289712801543 ], [ -72.387261535330993, -37.474253547531418 ], [ -72.387069322275266, -37.474206451155091 ], [ -72.386505831762008, -37.474024148127093 ], [ -72.386304435180463, -37.473958989660325 ], [ -72.385958356528107, -37.473806378176711 ], [ -72.385740782687805, -37.47369408413293 ], [ -72.385573393075362, -37.473693729302617 ], [ -72.385225427094426, -37.473563875077602 ], [ -72.384959229583558, -37.473454858006626 ], [ -72.384770175994035, -37.47337743386327 ], [ -72.384170870935321, -37.473111132972761 ], [ -72.38397202680332, -37.473007413033372 ], [ -72.383807035540457, -37.472976722930049 ], [ -72.383540287730455, -37.472768083806869 ], [ -72.383376314283851, -37.472681466639507 ], [ -72.383259505390456, -37.472649196880887 ], [ -72.383193830132456, -37.472538991031051 ], [ -72.383145073417694, -37.472492474906446 ], [ -72.382842499941177, -37.472269442314953 ], [ -72.382749408223503, -37.47219487539337 ], [ -72.382689066096816, -37.472150121714819 ], [ -72.382640644442532, -37.472116473664087 ], [ -72.38255755292829, -37.472193783009303 ], [ -72.382377097202053, -37.472478003830851 ], [ -72.382244842756919, -37.472687533617353 ], [ -72.382197924063533, -37.472715779992235 ], [ -72.382177445609315, -37.472796427180917 ], [ -72.382070111673713, -37.472915699327537 ], [ -72.381903471323824, -37.472990752092414 ], [ -72.381624395397253, -37.473113075126598 ], [ -72.381524675853044, -37.473155920041016 ], [ -72.381472344157217, -37.473166453432313 ], [ -72.381376469191821, -37.473192506321517 ], [ -72.38128833601111, -37.473232117025198 ], [ -72.381205182150481, -37.473253752533154 ], [ -72.381159237202624, -37.47327299982431 ], [ -72.381056338922917, -37.473350267061633 ], [ -72.380956202474934, -37.47341714332574 ], [ -72.38087635828164, -37.47345682943093 ], [ -72.380739214589738, -37.473495568863761 ], [ -72.380753690524926, -37.473508639075078 ], [ -72.380885724687261, -37.473623801904814 ], [ -72.380885781768683, -37.473623850930515 ], [ -72.380939034438299, -37.473683477223197 ], [ -72.38098054696232, -37.473688208844393 ], [ -72.381072983284071, -37.473698746761301 ], [ -72.381147858309475, -37.473707282105273 ], [ -72.382000635465332, -37.473804495861522 ], [ -72.382011204510064, -37.473805700705249 ], [ -72.382067457487793, -37.473812114054809 ], [ -72.382123736398583, -37.473818529754844 ], [ -72.382323488651167, -37.473841301505693 ], [ -72.382363386440161, -37.473845849061043 ], [ -72.382575227150795, -37.473869997655157 ], [ -72.382892678640673, -37.473903500139798 ], [ -72.383063495208617, -37.473921527386977 ], [ -72.383411474767996, -37.473960406227349 ], [ -72.383470300355768, -37.473966977746244 ], [ -72.383507746170309, -37.4739711614966 ], [ -72.383558949243422, -37.473976881913273 ], [ -72.38359238468675, -37.473980902880811 ], [ -72.383802469942523, -37.474006164723328 ], [ -72.383813245015887, -37.474007461380261 ], [ -72.384180273277138, -37.474051597247495 ], [ -72.384313346619422, -37.474067598869553 ], [ -72.384508911251899, -37.474091115821807 ], [ -72.3847244478699, -37.474116025491938 ], [ -72.384936394631993, -37.474140519146552 ], [ -72.38499115522275, -37.474146848494527 ], [ -72.385037536456366, -37.4741522082698 ], [ -72.385097822964312, -37.474159174487518 ], [ -72.385381946018484, -37.474192009719665 ], [ -72.385382797400666, -37.474192106969745 ], [ -72.385819602960012, -37.474242584917249 ], [ -72.385867760188859, -37.474248150395077 ], [ -72.386076425175574, -37.47427226297296 ], [ -72.38649970713729, -37.474315010163664 ], [ -72.38650343761698, -37.474315386499384 ], [ -72.38660166122277, -37.474325305669396 ], [ -72.387003741329593, -37.474370727628688 ], [ -72.387056713176662, -37.474376711857971 ], [ -72.387267125536724, -37.474396872626386 ], [ -72.387359058956946, -37.474410865645453 ], [ -72.387367005590619, -37.474411763276485 ], [ -72.388490995736944, -37.474538691814203 ], [ -72.388613204192836, -37.474551869290089 ], [ -72.388825554061015, -37.474574766306397 ], [ -72.389008714919171, -37.474594515081108 ], [ -72.389049069771389, -37.474599176824711 ], [ -72.389087700502387, -37.474603640030963 ], [ -72.389183058917965, -37.474614656157762 ], [ -72.389305283458029, -37.474628775852551 ], [ -72.38936875218505, -37.474636107627077 ], [ -72.389373842284826, -37.474636695960072 ], [ -72.389478396793081, -37.474648773940764 ], [ -72.389723195228882, -37.474677054560779 ], [ -72.389847938038187, -37.474691464559349 ], [ -72.390028217156299, -37.47471044157362 ], [ -72.390236563990854, -37.474732372585443 ], [ -72.390342207030216, -37.474743492536746 ], [ -72.390563198343173, -37.474766753143037 ], [ -72.390885649023929, -37.474800694323008 ], [ -72.397617941986809, -37.475552601284491 ], [ -72.400398627837134, -37.475834999364835 ], [ -72.400373475589575, -37.47577231107163 ], [ -72.40086016330612, -37.475822243082717 ], [ -72.401324391499344, -37.475869869337501 ], [ -72.405440638191621, -37.476292081504312 ], [ -72.405798102647083, -37.476326442361568 ], [ -72.405804151189969, -37.476271544242309 ] ] ] } },
{ "type": "Feature", "properties": { "zona": "59" }, "geometry": { "type": "Polygon", "coordinates": [ [ [ -72.371834847258796, -37.468102156365774 ], [ -72.371696296713012, -37.468265239676114 ], [ -72.371541974144691, -37.468370566605216 ], [ -72.371484284821705, -37.468377865665317 ], [ -72.371359956649712, -37.468371813493711 ], [ -72.37130134892773, -37.468776489889059 ], [ -72.371288421234922, -37.468865754782229 ], [ -72.371257621795465, -37.469078418062104 ], [ -72.371222525332954, -37.469320748846641 ], [ -72.371209434804214, -37.469411137401082 ], [ -72.371136779799315, -37.469912794216256 ], [ -72.371069254591134, -37.470379019465348 ], [ -72.371066915416876, -37.470391955266201 ], [ -72.37090069581636, -37.47037047714052 ], [ -72.370893337343858, -37.470411203540159 ], [ -72.370893319028426, -37.470411306761456 ], [ -72.370875797093163, -37.470508209928312 ], [ -72.370875778777688, -37.470508313149594 ], [ -72.370875047995085, -37.470512357336496 ], [ -72.370836197536747, -37.470727219233105 ], [ -72.37079511982401, -37.470954394914841 ], [ -72.370777476893863, -37.471051967599294 ], [ -72.370777458546499, -37.471052071720962 ], [ -72.370746761981906, -37.471221886886482 ], [ -72.37072585654056, -37.471337474241132 ], [ -72.370710343327346, -37.471423245471627 ], [ -72.370710324979768, -37.471423349593266 ], [ -72.370667946055306, -37.471657721422318 ], [ -72.370667927707601, -37.471657825543957 ], [ -72.370574864607391, -37.472172495505795 ], [ -72.370574846259387, -37.472172599627399 ], [ -72.370559560192817, -37.472257136838074 ], [ -72.37055954184477, -37.472257240959678 ], [ -72.370505845459206, -37.472554212137865 ], [ -72.370505831598379, -37.472554317260496 ], [ -72.370553188534586, -37.472553456052282 ], [ -72.370741001929929, -37.472550038160975 ], [ -72.371521518258135, -37.472628091439887 ], [ -72.372771128432674, -37.472769315015491 ], [ -72.373285084264452, -37.472827395894313 ], [ -72.373449239518692, -37.472845945739728 ], [ -72.374043162834568, -37.472913058841314 ], [ -72.374160326609797, -37.472926298536514 ], [ -72.374231368851071, -37.472934461955226 ], [ -72.374327576034744, -37.4729455179232 ], [ -72.374342966405393, -37.472947287529927 ], [ -72.374377813566056, -37.472951292026096 ], [ -72.374417740044152, -37.472956121341959 ], [ -72.374431920304204, -37.472957836094544 ], [ -72.374453621328172, -37.472960460598919 ], [ -72.374491887202936, -37.472965088059929 ], [ -72.374575421814868, -37.472975190712482 ], [ -72.374604527663195, -37.472978710642117 ], [ -72.374620011709553, -37.472980582320318 ], [ -72.37463699761318, -37.472982636975154 ], [ -72.374680647977243, -37.472985443975936 ], [ -72.374691397370199, -37.472986754408183 ], [ -72.374725301617133, -37.47299088832542 ], [ -72.37483379185332, -37.473004116540601 ], [ -72.37499770885286, -37.473024102542794 ], [ -72.375001669518596, -37.473024585283802 ], [ -72.375409868922247, -37.47307435302303 ], [ -72.375417096764053, -37.473075233676411 ], [ -72.375634310945927, -37.473101715562393 ], [ -72.375650063550268, -37.47310363632878 ], [ -72.375708114642663, -37.473110716238686 ], [ -72.375746646115786, -37.473115415880606 ], [ -72.375792903981107, -37.473122420181433 ], [ -72.375848648641551, -37.473128562058768 ], [ -72.375908553836737, -37.473135162226342 ], [ -72.375908595480141, -37.473135167657411 ], [ -72.37598484228414, -37.47314446665942 ], [ -72.376210698409594, -37.473172012723289 ], [ -72.376405810558055, -37.473195807836873 ], [ -72.37655192773471, -37.473213628190379 ], [ -72.376621346557329, -37.473222093831097 ], [ -72.376690765366533, -37.473230560331956 ], [ -72.376742926329442, -37.473236921343933 ], [ -72.377011913815721, -37.47326972514751 ], [ -72.37717383910082, -37.473289409779866 ], [ -72.37718410279291, -37.473290483015454 ], [ -72.377419128439385, -37.473315046784563 ], [ -72.377426196207338, -37.473315785888254 ], [ -72.377436823781082, -37.473316896920956 ], [ -72.377699844746402, -37.4733443869873 ], [ -72.377749747346556, -37.473349602537255 ], [ -72.377827910989652, -37.473357771461458 ], [ -72.378019833006192, -37.473377830007536 ], [ -72.37802128374426, -37.47336792913719 ], [ -72.378028384550134, -37.47331946669334 ], [ -72.378032146417624, -37.473293131988214 ], [ -72.378043799001162, -37.473211553400112 ], [ -72.378069984219195, -37.473028233548227 ], [ -72.378086044686796, -37.472875829896566 ], [ -72.378135884249886, -37.472402897772376 ], [ -72.378147885955414, -37.472289003606349 ], [ -72.378191435512903, -37.472198748021846 ], [ -72.378234986121214, -37.472108491540723 ], [ -72.37824078084104, -37.472096482065929 ], [ -72.37823559977025, -37.472095269460723 ], [ -72.378039275083779, -37.472060716299332 ], [ -72.378041303275211, -37.47203827289264 ], [ -72.378046023964941, -37.471997734333527 ], [ -72.378047288729448, -37.471986877744435 ], [ -72.378052750515266, -37.471939983794947 ], [ -72.378151191580827, -37.471094685245582 ], [ -72.378207233508149, -37.471089471219614 ], [ -72.378299017099806, -37.469825326347639 ], [ -72.378514980887644, -37.469559300814211 ], [ -72.378147994150666, -37.469404241856296 ], [ -72.377593805575628, -37.469156799085319 ], [ -72.377152514279672, -37.468936243170546 ], [ -72.376951543379306, -37.468825587937573 ], [ -72.376676687094744, -37.468649012907605 ], [ -72.376478903325363, -37.468538300633448 ], [ -72.376004450828745, -37.468406106865956 ], [ -72.375709961649676, -37.468300438926377 ], [ -72.37561926071109, -37.468243804255309 ], [ -72.375544914025141, -37.468211164062133 ], [ -72.375278750033218, -37.468140655652974 ], [ -72.375099982780213, -37.468112612954286 ], [ -72.37492052702342, -37.468102667264318 ], [ -72.374620001764029, -37.468109502893569 ], [ -72.374457299156532, -37.468074346977993 ], [ -72.374192935416005, -37.467996377918411 ], [ -72.373933513388351, -37.467918519974134 ], [ -72.373692991189245, -37.467886137084271 ], [ -72.373456465804239, -37.467880876307028 ], [ -72.373283244864368, -37.467904056038364 ], [ -72.373129635415879, -37.467932179204766 ], [ -72.372940018695161, -37.467959499307248 ], [ -72.372853174975305, -37.467957568137074 ], [ -72.372646238324734, -37.467908114218325 ], [ -72.372502334522039, -37.467880198097632 ], [ -72.372264894177761, -37.467867883108312 ], [ -72.372041548853261, -37.467926432051733 ], [ -72.371863824922144, -37.468062741887195 ], [ -72.371834847258796, -37.468102156365774 ] ] ] } },
{ "type": "Feature", "properties": { "zona": "73" }, "geometry": { "type": "Polygon", "coordinates": [ [ [ -72.366794571212608, -37.474755766609675 ], [ -72.366794521025739, -37.474762799642775 ], [ -72.366791114481359, -37.474762119922715 ], [ -72.366791115301766, -37.474762225372196 ], [ -72.366792082428859, -37.474793677147161 ], [ -72.36679208550882, -37.474793782647026 ], [ -72.366792849741657, -37.474818614766285 ], [ -72.366792852789999, -37.474818721166557 ], [ -72.36679287448446, -37.474819423623806 ], [ -72.366792875273262, -37.474819529973686 ], [ -72.366794067670781, -37.47482575808143 ], [ -72.366800042822177, -37.474856974607569 ], [ -72.366808690218249, -37.474892009303026 ], [ -72.366808748623995, -37.474892245798152 ], [ -72.366808806998122, -37.474892483193692 ], [ -72.36681534884633, -37.474918991382701 ], [ -72.366816507023628, -37.474923682315371 ], [ -72.36682077619281, -37.474940981726867 ], [ -72.366826765235132, -37.474964557053426 ], [ -72.366856305303898, -37.475080867509156 ], [ -72.366883148536473, -37.475186558479095 ], [ -72.366899247749757, -37.475254906186031 ], [ -72.366930114261251, -37.475385935378405 ], [ -72.366934595439147, -37.475404958852494 ], [ -72.366941679419341, -37.475435028639794 ], [ -72.366964426132796, -37.475585881642345 ], [ -72.366975014693196, -37.47565603034608 ], [ -72.366975026843264, -37.475656135147091 ], [ -72.367001303145614, -37.475865069312484 ], [ -72.367001308485399, -37.475865174862719 ], [ -72.366998496795375, -37.476068418605557 ], [ -72.366998495356427, -37.476068524004639 ], [ -72.366996776422752, -37.476192815153958 ], [ -72.36699677495217, -37.476192921453446 ], [ -72.36699644996709, -37.476216348761582 ], [ -72.366996443977314, -37.476216454960287 ], [ -72.366957010607337, -37.476595699113368 ], [ -72.366957000098253, -37.476595805211304 ], [ -72.366953929240822, -37.476625334953134 ], [ -72.36694207198461, -37.476636342660242 ], [ -72.366942072805088, -37.476636448109687 ], [ -72.366945473856347, -37.476706591519452 ], [ -72.366945470157646, -37.476706696868128 ], [ -72.366944660548484, -37.476714491533137 ], [ -72.366944648909538, -37.476714597605863 ], [ -72.366940789384444, -37.476751711616345 ], [ -72.366940778906908, -37.476751816813852 ], [ -72.366939584095178, -37.476763304693861 ], [ -72.366939571358046, -37.476763409840977 ], [ -72.366926302787476, -37.476850586667979 ], [ -72.366926287790704, -37.476850691764696 ], [ -72.366897068412925, -37.47704266468704 ], [ -72.366897052286248, -37.477042769758555 ], [ -72.366896267569899, -37.477047922891167 ], [ -72.36682453587467, -37.477281576161836 ], [ -72.366804035040843, -37.477331464594769 ], [ -72.366661589090512, -37.477678072264929 ], [ -72.366531579118487, -37.477962932951797 ], [ -72.366419363676158, -37.478148354304409 ], [ -72.36633557719459, -37.478277654375638 ], [ -72.36618016035726, -37.478500047218915 ], [ -72.366156166174733, -37.478528198257457 ], [ -72.365938535572553, -37.478783510397378 ], [ -72.365710293009656, -37.479008430244527 ], [ -72.365666745335304, -37.479051344117678 ], [ -72.365663722288531, -37.479054323357971 ], [ -72.365319922519603, -37.479374218513065 ], [ -72.36505114033055, -37.479579649483057 ], [ -72.36484615698312, -37.479697720843049 ], [ -72.364749081781895, -37.47975363684801 ], [ -72.364295189484068, -37.480015699605111 ], [ -72.364277313910861, -37.48002602029009 ], [ -72.364236470753141, -37.480059988185964 ], [ -72.364204841058282, -37.480086292265973 ], [ -72.364201721485387, -37.480088990865831 ], [ -72.364184035446087, -37.48009771447682 ], [ -72.364283241590215, -37.480092697632188 ], [ -72.364314173556437, -37.480091133527246 ], [ -72.36445347670967, -37.480084089284112 ], [ -72.364461417267151, -37.480083688012186 ], [ -72.364683310229935, -37.480072466630986 ], [ -72.364804471260641, -37.480066338984479 ], [ -72.364910809138493, -37.480060960835424 ], [ -72.364943978266908, -37.480059283390752 ], [ -72.364964053963561, -37.480058268011689 ], [ -72.365052089968472, -37.480053816742313 ], [ -72.365081811005481, -37.480052313721188 ], [ -72.365137934140776, -37.480049475091299 ], [ -72.365151053361501, -37.480048947839386 ], [ -72.36516402990479, -37.480048426413255 ], [ -72.365206538832751, -37.480046718521947 ], [ -72.365571958632287, -37.480032036251977 ], [ -72.36562740787187, -37.480029807729807 ], [ -72.365684094401246, -37.480027217503078 ], [ -72.365855724808668, -37.480019375371548 ], [ -72.365926970120157, -37.48001979426936 ], [ -72.366031236211555, -37.480020408196047 ], [ -72.36603690476511, -37.480020048948326 ], [ -72.36613588234745, -37.480013775587437 ], [ -72.366144002276414, -37.480013546712726 ], [ -72.366252046770001, -37.480010505080301 ], [ -72.366504288589667, -37.480004232151757 ], [ -72.366669067211831, -37.48000043072463 ], [ -72.366931241389466, -37.479990518001138 ], [ -72.367190941930147, -37.47998258877081 ], [ -72.367208929725749, -37.479982039188947 ], [ -72.367303897946172, -37.479981392151892 ], [ -72.367398581607716, -37.479982473350894 ], [ -72.367567818487998, -37.479993332181486 ], [ -72.367695829981301, -37.480007186155461 ], [ -72.367809970289713, -37.48002289074379 ], [ -72.367852139851408, -37.480029174481722 ], [ -72.367917696209531, -37.480038943341157 ], [ -72.367989693246486, -37.480052707129182 ], [ -72.368323665251935, -37.480137373945674 ], [ -72.368354163515889, -37.480145105888823 ], [ -72.368479150274155, -37.480176790564698 ], [ -72.36852399355098, -37.480189858720451 ], [ -72.368701246336059, -37.479507015215958 ], [ -72.369476267973482, -37.476521178712744 ], [ -72.370505831598379, -37.472554317260496 ], [ -72.370505845459206, -37.472554212137865 ], [ -72.37022926327144, -37.47249913701782 ], [ -72.3701944752777, -37.472495683204848 ], [ -72.370159688385911, -37.47249223030731 ], [ -72.37007915521859, -37.47248423603768 ], [ -72.370077809435045, -37.472484116852613 ], [ -72.37000228602615, -37.472477413679378 ], [ -72.369778834591457, -37.472457581501061 ], [ -72.369713534170018, -37.472451785306731 ], [ -72.36961988573151, -37.472443473341947 ], [ -72.369404592938793, -37.472445824897832 ], [ -72.369212775553962, -37.472460610121161 ], [ -72.368987603210044, -37.472488945424281 ], [ -72.368943061103153, -37.472499811703322 ], [ -72.3687102372254, -37.472556617237103 ], [ -72.368597199081194, -37.472591058638926 ], [ -72.368520427699693, -37.472614450306473 ], [ -72.368406969910623, -37.472649020943479 ], [ -72.368096134493541, -37.472776097940688 ], [ -72.368084766072741, -37.472782541681553 ], [ -72.367940122358092, -37.472864523119284 ], [ -72.367930357399189, -37.472870057310445 ], [ -72.367863594460474, -37.472907897644959 ], [ -72.367679936509134, -37.473034120114548 ], [ -72.36764536003075, -37.473057883233636 ], [ -72.367441223417401, -37.473232004762444 ], [ -72.367435885084546, -37.473237724110412 ], [ -72.367329184925325, -37.473352047617304 ], [ -72.367231577578764, -37.473456627183516 ], [ -72.367156764217015, -37.473555101584331 ], [ -72.367141478353119, -37.473575222511045 ], [ -72.367089344973834, -37.473662080687049 ], [ -72.36701448729643, -37.473786799160926 ], [ -72.366957974544334, -37.473918588651443 ], [ -72.366879858583587, -37.474145604456361 ], [ -72.366869922898246, -37.474179633610326 ], [ -72.366824866277483, -37.47439899264041 ], [ -72.36682484905333, -37.474399096786378 ], [ -72.366820424509086, -37.474427993495972 ], [ -72.366820408383077, -37.474428098567543 ], [ -72.366805261930992, -37.474527006683886 ], [ -72.366805245836545, -37.474527110855043 ], [ -72.366795779420968, -37.474588928428396 ], [ -72.366795771203272, -37.474589033676324 ], [ -72.366795722120159, -37.474595681054296 ], [ -72.366795721810831, -37.474595786478581 ], [ -72.366795359243611, -37.474646369141965 ], [ -72.366795357772901, -37.474646475441453 ], [ -72.366794662784457, -37.474743110601906 ], [ -72.366794662475115, -37.474743216026184 ], [ -72.366794626897715, -37.474748093903116 ], [ -72.366794626556768, -37.474748200227815 ], [ -72.366794571553569, -37.47475566028497 ], [ -72.366794571212608, -37.474755766609675 ] ] ] } },
{ "type": "Feature", "properties": { "zona": "72" }, "geometry": { "type": "Polygon", "coordinates": [ [ [ -72.381115040205685, -37.474538285379964 ], [ -72.381154331419182, -37.474251843358225 ], [ -72.381088058530992, -37.473778393555001 ], [ -72.381069669407779, -37.473766681092599 ], [ -72.381043373164076, -37.473749932586372 ], [ -72.381042411988687, -37.47374932103147 ], [ -72.381041944157531, -37.47374902229538 ], [ -72.381037519970747, -37.473746204575406 ], [ -72.381005108424333, -37.473725560934831 ], [ -72.380957283058095, -37.473695100081159 ], [ -72.38094847452048, -37.473689489848759 ], [ -72.380939922587956, -37.473684043004106 ], [ -72.380939034469733, -37.473683476322776 ], [ -72.380880792835882, -37.473676838102037 ], [ -72.380865746897484, -37.473675265319386 ], [ -72.380822948884258, -37.47367079170116 ], [ -72.380818025951214, -37.473670276996529 ], [ -72.380784652440056, -37.473666790085367 ], [ -72.380699786393166, -37.473657920244172 ], [ -72.380641841048487, -37.47365186429667 ], [ -72.38055004010441, -37.473642270098495 ], [ -72.380512648318273, -37.473638362355807 ], [ -72.380427954698263, -37.473629510562958 ], [ -72.380364087238974, -37.473622835589389 ], [ -72.380358803826027, -37.473622283131157 ], [ -72.380230397559387, -37.47360886231035 ], [ -72.380194274280328, -37.473605087141443 ], [ -72.380152223225934, -37.473600692031127 ], [ -72.380144391583812, -37.473599873964211 ], [ -72.380030936686836, -37.473588015593116 ], [ -72.379979840751375, -37.473582675402064 ], [ -72.379945519967634, -37.473579087936734 ], [ -72.379914173211645, -37.473575811558845 ], [ -72.37990645866229, -37.473575007789016 ], [ -72.379873560722174, -37.473571568119844 ], [ -72.379864844801105, -37.473570656520423 ], [ -72.379841518890402, -37.473568219528431 ], [ -72.37983114244679, -37.47356713500993 ], [ -72.379804193627237, -37.473564319346089 ], [ -72.379803559394134, -37.473564253007098 ], [ -72.379803508712016, -37.473564247376835 ], [ -72.379802916154389, -37.473564185567142 ], [ -72.379801184864817, -37.473563999365055 ], [ -72.379799690165257, -37.473563837336521 ], [ -72.37979876188146, -37.473563741043236 ], [ -72.379798643224703, -37.473563739311338 ], [ -72.379798254588309, -37.473563698246906 ], [ -72.379751905867664, -37.473558854387328 ], [ -72.379748199574536, -37.473558467562178 ], [ -72.379712690312729, -37.473554756334813 ], [ -72.379683232753507, -37.473551677713438 ], [ -72.379668843639465, -37.473550173421934 ], [ -72.379619771001629, -37.473545044683235 ], [ -72.379613694512571, -37.473544409711046 ], [ -72.379562999679194, -37.473539111582951 ], [ -72.37943362937601, -37.473525591007473 ], [ -72.379398495261086, -37.473521919551025 ], [ -72.379360473871841, -37.473517946107314 ], [ -72.379227706073564, -37.47350406965333 ], [ -72.37912567779307, -37.473493406605172 ], [ -72.379058408477206, -37.473486376071527 ], [ -72.378978039960174, -37.473477976089185 ], [ -72.378935428025329, -37.473473523040646 ], [ -72.378896084160246, -37.473469411056101 ], [ -72.378825324929693, -37.473462015462658 ], [ -72.378790977224767, -37.473458425262905 ], [ -72.378656691098669, -37.473444390108661 ], [ -72.378618471561921, -37.47344039490654 ], [ -72.37859313604234, -37.473437747248006 ], [ -72.37856291930359, -37.473434589316291 ], [ -72.378456059609945, -37.473423420133535 ], [ -72.37841787725462, -37.473419429296655 ], [ -72.378385686856745, -37.473416065298316 ], [ -72.37835558728753, -37.473412919827489 ], [ -72.378258772819407, -37.473402801628062 ], [ -72.378251527033484, -37.473402044203496 ], [ -72.378248840265059, -37.473401763772834 ], [ -72.378177044763802, -37.473394260077711 ], [ -72.378096944544083, -37.473385888883968 ], [ -72.378070806976268, -37.473383157522456 ], [ -72.378023365767376, -37.473378199516588 ], [ -72.378019833006192, -37.473377830007536 ], [ -72.377827910989652, -37.473357771461458 ], [ -72.377749747346556, -37.473349602537255 ], [ -72.377699844746402, -37.4733443869873 ], [ -72.377436823781082, -37.473316896920956 ], [ -72.377426196207338, -37.473315785888254 ], [ -72.377419128439385, -37.473315046784563 ], [ -72.37717383910082, -37.473289409779866 ], [ -72.377011913815721, -37.47326972514751 ], [ -72.376742926329442, -37.473236921343933 ], [ -72.37655192773471, -37.473213628190379 ], [ -72.376405810558055, -37.473195807836873 ], [ -72.376210698409594, -37.473172012723289 ], [ -72.375908543700433, -37.473135161099982 ], [ -72.375792903981107, -37.473122420181433 ], [ -72.375746646115786, -37.473115415880606 ], [ -72.375650063550268, -37.47310363632878 ], [ -72.375634310945927, -37.473101715562393 ], [ -72.375409868922247, -37.47307435302303 ], [ -72.375001669518596, -37.473024585283802 ], [ -72.37499770885286, -37.473024102542794 ], [ -72.37483379185332, -37.473004116540601 ], [ -72.374725301617133, -37.47299088832542 ], [ -72.374691397370199, -37.472986754408183 ], [ -72.374680647977243, -37.472985443975936 ], [ -72.37463699761318, -37.472982636975154 ], [ -72.374620011709553, -37.472980582320318 ], [ -72.374604527663195, -37.472978710642117 ], [ -72.374575421814868, -37.472975190712482 ], [ -72.374491887202936, -37.472965088059929 ], [ -72.374453621328172, -37.472960460598919 ], [ -72.374417740044152, -37.472956121341959 ], [ -72.374377813566056, -37.472951292026096 ], [ -72.374342966405393, -37.472947287529927 ], [ -72.374327576034744, -37.4729455179232 ], [ -72.374231368851071, -37.472934461955226 ], [ -72.374160326641331, -37.472926297636114 ], [ -72.373449239518692, -37.472845945739728 ], [ -72.373285084264452, -37.472827395894313 ], [ -72.372072636449559, -37.472690377718735 ], [ -72.371521518289697, -37.47262809053948 ], [ -72.371052660225459, -37.472581204990412 ], [ -72.370836105552229, -37.472559549494498 ], [ -72.370818246658544, -37.472557763215761 ], [ -72.37074375560006, -37.472550311240397 ], [ -72.370741001961491, -37.472550037260554 ], [ -72.370700568793694, -37.472550774271035 ], [ -72.370676022018245, -37.472551220715928 ], [ -72.370653391738685, -37.472551632335076 ], [ -72.370575207901695, -37.472553055178714 ], [ -72.370553188534586, -37.472553456052282 ], [ -72.370541570747193, -37.472553667726778 ], [ -72.370518553559663, -37.47255408602318 ], [ -72.370505831598379, -37.472554317260496 ], [ -72.370505805436665, -37.472554418504714 ], [ -72.37049800939495, -37.472584455917733 ], [ -72.370491504720817, -37.472609520859429 ], [ -72.370488355709867, -37.472621653730556 ], [ -72.37046781945952, -37.472700786219505 ], [ -72.370452056009171, -37.472761522249584 ], [ -72.370437910573855, -37.47281603060906 ], [ -72.370390501978676, -37.472998701920027 ], [ -72.370354205830012, -37.473138554255016 ], [ -72.370226605820108, -37.473630208621479 ], [ -72.370163728725842, -37.473872476128449 ], [ -72.36999576788655, -37.474519628136505 ], [ -72.369975041026464, -37.47459948796849 ], [ -72.369798448351077, -37.475279883437572 ], [ -72.369758034171511, -37.47543559633781 ], [ -72.369740052138596, -37.475504877710222 ], [ -72.369650730977966, -37.475849014192505 ], [ -72.369512017392367, -37.47638344663644 ], [ -72.369487658907815, -37.476477292848884 ], [ -72.369486298031404, -37.476482534091737 ], [ -72.369480152063915, -37.476506215613647 ], [ -72.369476267973482, -37.476521178712744 ], [ -72.369486506347428, -37.47652253140712 ], [ -72.369498240446262, -37.476524082328027 ], [ -72.369503656198944, -37.476524797721702 ], [ -72.369507864319061, -37.476525353746418 ], [ -72.369508214328775, -37.476525400292232 ], [ -72.369508314501985, -37.476525413337363 ], [ -72.369517175276357, -37.476526584851371 ], [ -72.369517636725732, -37.476526645594397 ], [ -72.369523976475818, -37.476527483398797 ], [ -72.369543409914371, -37.47653005109327 ], [ -72.369560394320843, -37.476532295691463 ], [ -72.369623587005762, -37.476540646606558 ], [ -72.369656818685414, -37.476545037354413 ], [ -72.369660611490787, -37.476545539065683 ], [ -72.369677679194695, -37.476547794513898 ], [ -72.369686793264364, -37.476548997790353 ], [ -72.369764377351885, -37.476559249789396 ], [ -72.36977494999374, -37.476560646851013 ], [ -72.369903560547797, -37.476577642188467 ], [ -72.369927225774276, -37.476580769061115 ], [ -72.370012071438467, -37.476591981040642 ], [ -72.370032737279701, -37.47659471217473 ], [ -72.37005845086324, -37.476598109926194 ], [ -72.370120465319118, -37.476606304571668 ], [ -72.370128352625827, -37.476607346223346 ], [ -72.370171383794172, -37.476613032831516 ], [ -72.370212140417792, -37.476618418253089 ], [ -72.370218001851015, -37.476619193102145 ], [ -72.370218414909658, -37.476619247357945 ], [ -72.370222039670935, -37.476604098232194 ], [ -72.370224596511846, -37.476593414709512 ], [ -72.370224648183282, -37.476593198690033 ], [ -72.370226219434585, -37.476586632067885 ], [ -72.370227312355539, -37.476582066095816 ], [ -72.370227505785721, -37.476581257592173 ], [ -72.370227699279042, -37.476580447287709 ], [ -72.370228631845393, -37.476576552684307 ], [ -72.370229681231052, -37.476572164164679 ], [ -72.370232649995216, -37.476559761464785 ], [ -72.370233064811956, -37.476558024329826 ], [ -72.370235481241551, -37.476547927013122 ], [ -72.370236521233778, -37.4765435806369 ], [ -72.3702397856066, -37.47652993826928 ], [ -72.37024819288996, -37.476494804249803 ], [ -72.370249948268452, -37.476487468565665 ], [ -72.370254730701589, -37.476467486373899 ], [ -72.370259608685174, -37.476447100805167 ], [ -72.370259718718529, -37.476446639178135 ], [ -72.370259725346273, -37.476446611390983 ], [ -72.37026133330842, -37.476446317392636 ], [ -72.370263646766219, -37.476445895828569 ], [ -72.370275754750821, -37.476443684706112 ], [ -72.370283910558101, -37.476442195669591 ], [ -72.370288363414161, -37.476441382906543 ], [ -72.370293571918893, -37.476440431078714 ], [ -72.370293702761415, -37.476440407860245 ], [ -72.370297040426166, -37.476439798243653 ], [ -72.37030897491816, -37.476441793294349 ], [ -72.370312543908597, -37.476442390024488 ], [ -72.370359225176955, -37.476450195291676 ], [ -72.370375686391384, -37.476452947166592 ], [ -72.370378066085195, -37.476453345293898 ], [ -72.370397623046841, -37.476456614869086 ], [ -72.370417389079719, -37.476459919735312 ], [ -72.370428303996505, -37.47646174518475 ], [ -72.370429219012564, -37.476461898027388 ], [ -72.370431670666932, -37.476462307668541 ], [ -72.370439195345924, -37.476463565602742 ], [ -72.370440409341825, -37.476463769258615 ], [ -72.370441218693486, -37.476463904428918 ], [ -72.370443734430864, -37.476464324508193 ], [ -72.370457887854144, -37.47646669156159 ], [ -72.37045983591571, -37.476467016996239 ], [ -72.370481369034195, -37.476470617123546 ], [ -72.370482227844661, -37.476470760603988 ], [ -72.37048950520078, -37.476471977883371 ], [ -72.370589183005464, -37.476488643533806 ], [ -72.37062255508873, -37.476494223012743 ], [ -72.370680936013883, -37.476503983699402 ], [ -72.37071311096706, -37.476509362578412 ], [ -72.370747031604111, -37.476515034437391 ], [ -72.370778043126791, -37.476520218882108 ], [ -72.370792663073388, -37.476522663868032 ], [ -72.370878718125397, -37.476537051575086 ], [ -72.370897970506007, -37.476540270130961 ], [ -72.370976940446482, -37.476553472727844 ], [ -72.370990695977412, -37.476555773186611 ], [ -72.371016450126092, -37.476560079062381 ], [ -72.371027811365494, -37.47656197837393 ], [ -72.371118437094282, -37.476577129999264 ], [ -72.371126605892954, -37.476578495947599 ], [ -72.371214205608339, -37.476593141280894 ], [ -72.371234978911147, -37.476596614418376 ], [ -72.371248927838849, -37.476598946186591 ], [ -72.37131287435173, -37.476609636975645 ], [ -72.371330965557547, -37.476612662001529 ], [ -72.37138424216208, -37.476621568885115 ], [ -72.371711712265991, -37.476676317154016 ], [ -72.371747074190353, -37.476682228968905 ], [ -72.372100161115142, -37.476732153159354 ], [ -72.372150751771898, -37.476739306711657 ], [ -72.372264270013574, -37.476755357137648 ], [ -72.372411838738373, -37.476776222057588 ], [ -72.372471922048121, -37.476784717626522 ], [ -72.37252793699578, -37.476792636928529 ], [ -72.37254984633239, -37.476795735017497 ], [ -72.372550114122276, -37.476795772515743 ], [ -72.372567491495133, -37.476798229981981 ], [ -72.372598166631022, -37.476802566620208 ], [ -72.372605099573917, -37.476803547221046 ], [ -72.372614442532068, -37.476804868005743 ], [ -72.372627735744715, -37.476806747976845 ], [ -72.372641921204306, -37.476808753231708 ], [ -72.372646844704079, -37.47680944941817 ], [ -72.372648363603062, -37.476809664341658 ], [ -72.372760609572737, -37.476825534594106 ], [ -72.372781417454902, -37.476828476568372 ], [ -72.372805947222986, -37.476831944704138 ], [ -72.372979974522679, -37.476856549750252 ], [ -72.373004100382076, -37.47685996109908 ], [ -72.37300486097827, -37.476860068133497 ], [ -72.373009649476415, -37.476860745081098 ], [ -72.373032093277558, -37.476863918951729 ], [ -72.373037742483959, -37.476864717775463 ], [ -72.373129532904329, -37.476877695040031 ], [ -72.373170333030927, -37.476883463388653 ], [ -72.373198964996845, -37.476887512014848 ], [ -72.37325608385612, -37.476895587095548 ], [ -72.373264207204869, -37.476896735616393 ], [ -72.373293544639523, -37.476900883718251 ], [ -72.373341188882819, -37.476907619778828 ], [ -72.373417554036436, -37.476918416284626 ], [ -72.373452820893931, -37.476923401826319 ], [ -72.373719741903244, -37.47696113973722 ], [ -72.37381629970173, -37.476974791117136 ], [ -72.374048944339137, -37.477007681128882 ], [ -72.37417769875232, -37.477025884333457 ], [ -72.374221538040842, -37.477032081257541 ], [ -72.374231576355143, -37.477033501182817 ], [ -72.374233833362922, -37.47703381990911 ], [ -72.374296069448818, -37.477045849771613 ], [ -72.374561061829638, -37.477097072353367 ], [ -72.374588525924594, -37.477102381478936 ], [ -72.374629591836182, -37.477110318830569 ], [ -72.374680578015003, -37.477120174454676 ], [ -72.374730747719482, -37.477129872229447 ], [ -72.374744593228812, -37.4771325482197 ], [ -72.374773347817523, -37.477138105869152 ], [ -72.374783134452628, -37.477139997746946 ], [ -72.374838387309126, -37.477150678076001 ], [ -72.374845377446974, -37.477152029277796 ], [ -72.374850786262328, -37.477153074984891 ], [ -72.374859448702637, -37.477154749021963 ], [ -72.374878153836931, -37.477158364776308 ], [ -72.374886681488803, -37.477160013286614 ], [ -72.374913395425153, -37.477165176798586 ], [ -72.374915312545852, -37.477165547429493 ], [ -72.374931806318742, -37.477168735539927 ], [ -72.374969112162148, -37.477175946678877 ], [ -72.374974983722907, -37.47717708106574 ], [ -72.375020777942325, -37.477185932609693 ], [ -72.375204754545067, -37.477221494258721 ], [ -72.375227681449729, -37.477225925607172 ], [ -72.375463872249199, -37.477271578581465 ], [ -72.375499510415679, -37.47727846682929 ], [ -72.375691919769409, -37.47731565695959 ], [ -72.375713501015937, -37.47731925360339 ], [ -72.375717755886285, -37.477319962736502 ], [ -72.375740746805931, -37.477323794360018 ], [ -72.37589570625677, -37.47734961949098 ], [ -72.375968695635393, -37.477361783831462 ], [ -72.375992474616552, -37.477365746461238 ], [ -72.376012014446829, -37.477369003016534 ], [ -72.37617630221456, -37.477396383165562 ], [ -72.37619288670048, -37.477399146885823 ], [ -72.376239245217931, -37.477406873283194 ], [ -72.376388250445757, -37.477431705789861 ], [ -72.376399969659147, -37.477433658498917 ], [ -72.376460120370865, -37.477443682751968 ], [ -72.376631370360499, -37.47747222171963 ], [ -72.376669764420129, -37.477478620260861 ], [ -72.376692555347503, -37.477482418420834 ], [ -72.376870656052134, -37.477512099582626 ], [ -72.376917082198872, -37.477519836229092 ], [ -72.37695527960156, -37.477526201473246 ], [ -72.377022683462542, -37.477537434577378 ], [ -72.377174092702191, -37.477562666434679 ], [ -72.377323915215882, -37.477586812145177 ], [ -72.377436448300102, -37.477604947974079 ], [ -72.377488336586282, -37.477613310346413 ], [ -72.377671052632977, -37.477642756699026 ], [ -72.377904383339697, -37.477680359155521 ], [ -72.377970143054185, -37.477690956864294 ], [ -72.378015326876479, -37.477698238361228 ], [ -72.378465761282015, -37.477770826574123 ], [ -72.378515284124958, -37.477778807970161 ], [ -72.378696851988011, -37.477808066852305 ], [ -72.378788578179453, -37.477822848671146 ], [ -72.378893945091605, -37.477839413773602 ], [ -72.378951255421271, -37.47784842392781 ], [ -72.378988194968343, -37.477854231636428 ], [ -72.379010198567329, -37.47785769107459 ], [ -72.379036577687927, -37.477861838771851 ], [ -72.379302857837814, -37.477903701377365 ], [ -72.379571344632566, -37.477945910629778 ], [ -72.37957728100524, -37.477946844376021 ], [ -72.379891131712213, -37.477996184596257 ], [ -72.380000319181335, -37.47801334984014 ], [ -72.380010450083148, -37.478014942544633 ], [ -72.380232328144984, -37.478049822626893 ], [ -72.380251121329763, -37.478052777163455 ], [ -72.380301990694619, -37.47806077417318 ], [ -72.380335049728075, -37.478065970912041 ], [ -72.380337155965648, -37.478066302397423 ], [ -72.38039039926268, -37.478074671937676 ], [ -72.380395362944682, -37.478075452498665 ], [ -72.380401077218337, -37.478076174017815 ], [ -72.380422210767378, -37.478078843430715 ], [ -72.380437115596919, -37.478080725841963 ], [ -72.380446808233899, -37.478081950138836 ], [ -72.380478338022982, -37.478085932438702 ], [ -72.380484413653974, -37.478086699817894 ], [ -72.38050008058508, -37.478088679328721 ], [ -72.380575814900311, -37.478098245222768 ], [ -72.380577044212544, -37.478098400454122 ], [ -72.380598220552358, -37.478101075290581 ], [ -72.380625401631747, -37.478104507812432 ], [ -72.380625831655721, -37.478104562408348 ], [ -72.380626856964199, -37.478097091411549 ], [ -72.380635612836883, -37.478033262635378 ], [ -72.38067625747685, -37.477736978280355 ], [ -72.380677631760889, -37.477726961240215 ], [ -72.380690103573912, -37.477636052323078 ], [ -72.380746527925993, -37.477224735406679 ], [ -72.380752668106325, -37.47717997944055 ], [ -72.38076006007519, -37.477126090419731 ], [ -72.380772989991755, -37.477031834960052 ], [ -72.380832601363608, -37.476597283791548 ], [ -72.38084402347566, -37.476514014709473 ], [ -72.380852989494699, -37.476448655945646 ], [ -72.38089912893011, -37.476112302289621 ], [ -72.380905651015127, -37.476064763095863 ], [ -72.380915515133992, -37.475992850545104 ], [ -72.380940280484708, -37.475812308238602 ], [ -72.380996365790253, -37.475403449013321 ], [ -72.380999627073521, -37.47537967040472 ], [ -72.381002425511539, -37.475359270656554 ], [ -72.381022758317613, -37.475211038013427 ], [ -72.381065657058841, -37.474898307386226 ], [ -72.381083145431646, -37.474770813175184 ], [ -72.381100633732188, -37.474643318956836 ], [ -72.381115040205685, -37.474538285379964 ] ] ] } },
{ "type": "Feature", "properties": { "zona": "88" }, "geometry": { "type": "Polygon", "coordinates": [ [ [ -72.370259725346273, -37.476446611390983 ], [ -72.370218414878082, -37.476619248258359 ], [ -72.37012835259425, -37.47660734712376 ], [ -72.369476267973482, -37.476521178712744 ], [ -72.368701246336059, -37.479507015215958 ], [ -72.36852399355098, -37.480189858720451 ], [ -72.368681042483757, -37.480235626789174 ], [ -72.36875108112163, -37.480256037294922 ], [ -72.368888325549165, -37.480296033608163 ], [ -72.369170694924307, -37.480377897263828 ], [ -72.369573318764807, -37.480494622934387 ], [ -72.369695361269763, -37.480521982044337 ], [ -72.36994377371937, -37.480595081833926 ], [ -72.370654000220028, -37.480810356204046 ], [ -72.370853710608969, -37.480870889243242 ], [ -72.371234804930126, -37.480984059776794 ], [ -72.37150006774533, -37.481062830986723 ], [ -72.371577292814123, -37.481085691372002 ], [ -72.37212678471046, -37.48124835406341 ], [ -72.372475075925792, -37.481354694450886 ], [ -72.372780453656631, -37.481447930923821 ], [ -72.372884975921195, -37.481477507466614 ], [ -72.372899256026997, -37.481481548640538 ], [ -72.372928845231755, -37.48148992151166 ], [ -72.372961696728453, -37.481499874537647 ], [ -72.373031904349588, -37.481521145962247 ], [ -72.373049552202346, -37.481448166590113 ], [ -72.373092042841506, -37.481272447070289 ], [ -72.373212257585067, -37.480775302783428 ], [ -72.373243245304593, -37.48065807680095 ], [ -72.3733511158906, -37.480249993089757 ], [ -72.373446084894439, -37.47989071265394 ], [ -72.373454029711269, -37.479856840500204 ], [ -72.373518552414879, -37.4795817647598 ], [ -72.37360097631732, -37.479230365638635 ], [ -72.373623334798609, -37.479135041272158 ], [ -72.3736522832546, -37.479025667207928 ], [ -72.373771170129913, -37.47857647279551 ], [ -72.373860048178301, -37.478240658594302 ], [ -72.373894341387341, -37.478111084819922 ], [ -72.37391023932706, -37.47804549969625 ], [ -72.373995049914001, -37.477695608566641 ], [ -72.374032355843084, -37.477591094364676 ], [ -72.374050776184035, -37.477539489453278 ], [ -72.374146278560119, -37.477274297248201 ], [ -72.374195922532053, -37.477136445503696 ], [ -72.374215253283722, -37.477084117380201 ], [ -72.374233833362922, -37.47703381990911 ], [ -72.37417769875232, -37.477025884333457 ], [ -72.373719741903244, -37.47696113973722 ], [ -72.37325608385612, -37.476895587095548 ], [ -72.373004100382076, -37.47685996109908 ], [ -72.372760609572737, -37.476825534594106 ], [ -72.372614442532068, -37.476804868005743 ], [ -72.372264270013574, -37.476755357137648 ], [ -72.371747074190353, -37.476682228968905 ], [ -72.371234978911147, -37.476596614418376 ], [ -72.371027811365494, -37.47656197837393 ], [ -72.370747031604111, -37.476515034437391 ], [ -72.370297040426166, -37.476439798243653 ], [ -72.370259725346273, -37.476446611390983 ] ] ] } },
{ "type": "Feature", "properties": { "zona": "87" }, "geometry": { "type": "Polygon", "coordinates": [ [ [ -72.375717755886285, -37.477319962736502 ], [ -72.375691919769409, -37.47731565695959 ], [ -72.375227681449729, -37.477225925607172 ], [ -72.374915312545852, -37.477165547429493 ], [ -72.374744593228812, -37.4771325482197 ], [ -72.374296069448818, -37.477045849771613 ], [ -72.374233833362922, -37.47703381990911 ], [ -72.374215253283722, -37.477084117380201 ], [ -72.374195922532053, -37.477136445503696 ], [ -72.374146278560119, -37.477274297248201 ], [ -72.374050776184035, -37.477539489453278 ], [ -72.374032355843084, -37.477591094364676 ], [ -72.373995049914001, -37.477695608566641 ], [ -72.37391023932706, -37.47804549969625 ], [ -72.373894341387341, -37.478111084819922 ], [ -72.373860048178301, -37.478240658594302 ], [ -72.373771170129913, -37.47857647279551 ], [ -72.3736522832546, -37.479025667207928 ], [ -72.373623334798609, -37.479135041272158 ], [ -72.37360097631732, -37.479230365638635 ], [ -72.373518552414879, -37.4795817647598 ], [ -72.373454029711269, -37.479856840500204 ], [ -72.373446084894439, -37.47989071265394 ], [ -72.3733511158906, -37.480249993089757 ], [ -72.373243245304593, -37.48065807680095 ], [ -72.373212257585067, -37.480775302783428 ], [ -72.373092042841506, -37.481272447070289 ], [ -72.373049552202346, -37.481448166590113 ], [ -72.373031904349588, -37.481521145962247 ], [ -72.373296646802274, -37.481601356915391 ], [ -72.373659848614025, -37.481711398463183 ], [ -72.374480666261235, -37.48196010049837 ], [ -72.374526654193772, -37.481972898087982 ], [ -72.374581548258419, -37.48198946844974 ], [ -72.374601846944998, -37.481995595981751 ], [ -72.374677039744228, -37.482018293829242 ], [ -72.375308623534522, -37.48221209601828 ], [ -72.375799460641872, -37.482357123079126 ], [ -72.375922389022847, -37.48239344454857 ], [ -72.376028661596123, -37.482424844164846 ], [ -72.37637974864802, -37.482527546108066 ], [ -72.376776479323553, -37.482643597490949 ], [ -72.37677753661913, -37.482643920154281 ], [ -72.377434658238528, -37.482844394408829 ], [ -72.377555487583152, -37.482881256005641 ], [ -72.37756698791874, -37.482884739261827 ], [ -72.377584898611104, -37.482890163537562 ], [ -72.377831190664679, -37.482964756062209 ], [ -72.37798441356577, -37.483011328946318 ], [ -72.378147611575969, -37.483060933744802 ], [ -72.378464034472657, -37.483157110633293 ], [ -72.378569023521578, -37.483188639889839 ], [ -72.378605420174182, -37.483199570296883 ], [ -72.378769804508181, -37.483248936555626 ], [ -72.378819296223739, -37.483263799056374 ], [ -72.379033184821637, -37.483325965042013 ], [ -72.379589376167118, -37.483487618415978 ], [ -72.379683035819752, -37.483514839293825 ], [ -72.379804992270024, -37.483550284536292 ], [ -72.379941466437955, -37.483583515159715 ], [ -72.380088439970493, -37.483616718182795 ], [ -72.380095539161758, -37.483616618893052 ], [ -72.380110570264037, -37.483621229158189 ], [ -72.38025652017545, -37.483647744556492 ], [ -72.380270506169154, -37.483649093878249 ], [ -72.380274743848375, -37.483625710054667 ], [ -72.380274803051066, -37.483624857103962 ], [ -72.380285238015631, -37.483475820364795 ], [ -72.380290665669634, -37.483106385853233 ], [ -72.380303315388915, -37.482672482135719 ], [ -72.380319148319558, -37.482129366241288 ], [ -72.380334009334632, -37.481619591012304 ], [ -72.380363591232864, -37.480947851902435 ], [ -72.380377435631061, -37.480633484192118 ], [ -72.380455310291623, -37.479921016906061 ], [ -72.380555514397713, -37.479004240259684 ], [ -72.38056172136254, -37.478924822289208 ], [ -72.380625831655721, -37.478104562408348 ], [ -72.380575814900311, -37.478098245222768 ], [ -72.380437115596919, -37.478080725841963 ], [ -72.380395362944682, -37.478075452498665 ], [ -72.380335049728075, -37.478065970912041 ], [ -72.380251121329763, -37.478052777163455 ], [ -72.380010450083148, -37.478014942544633 ], [ -72.379302857837814, -37.477903701377365 ], [ -72.378988194968343, -37.477854231636428 ], [ -72.378951255421271, -37.47784842392781 ], [ -72.378893945091605, -37.477839413773602 ], [ -72.378788578179453, -37.477822848671146 ], [ -72.377904383339697, -37.477680359155521 ], [ -72.377671052632977, -37.477642756699026 ], [ -72.377323915215882, -37.477586812145177 ], [ -72.377174092702191, -37.477562666434679 ], [ -72.377022683462542, -37.477537434577378 ], [ -72.376669764420129, -37.477478620260861 ], [ -72.37619288670048, -37.477399146885823 ], [ -72.376012014446829, -37.477369003016534 ], [ -72.37589570625677, -37.47734961949098 ], [ -72.375717755886285, -37.477319962736502 ] ] ] } },
{ "type": "Feature", "properties": { "zona": "112" }, "geometry": { "type": "Polygon", "coordinates": [ [ [ -72.367431401949517, -37.484367171458494 ], [ -72.367294989848872, -37.484326086250611 ], [ -72.367257418070764, -37.484244993784678 ], [ -72.367239491493876, -37.484244060577772 ], [ -72.36716768243349, -37.484240323629336 ], [ -72.366960283034445, -37.48422952584427 ], [ -72.36692895385147, -37.48422789539768 ], [ -72.366108770527632, -37.484185196972007 ], [ -72.365797166891298, -37.484168973496715 ], [ -72.365738911862721, -37.48416594088684 ], [ -72.365738672542932, -37.48416592923936 ], [ -72.365647108605728, -37.484161163069196 ], [ -72.365288028390779, -37.48414247046933 ], [ -72.365032782734616, -37.484129180508923 ], [ -72.364281953760837, -37.484100276942939 ], [ -72.364018447140836, -37.484090131810731 ], [ -72.363939949841736, -37.484089416418136 ], [ -72.363744098929885, -37.484087629709904 ], [ -72.363418143077169, -37.484084657559507 ], [ -72.363092188402504, -37.48408168543525 ], [ -72.362688136759616, -37.484077999719055 ], [ -72.362666934398632, -37.484077805454447 ], [ -72.362465795561207, -37.484075966986985 ], [ -72.361668889728463, -37.484068691412581 ], [ -72.360640339889216, -37.484059293387908 ], [ -72.358605933674795, -37.484040678950066 ], [ -72.358449013774305, -37.484054310178678 ], [ -72.35840148578103, -37.484058439044411 ], [ -72.358468361485791, -37.485223775748231 ], [ -72.358607779172686, -37.487653108128931 ], [ -72.358662542585705, -37.488607335988902 ], [ -72.358994915544969, -37.488585349186174 ], [ -72.359032007668389, -37.489053392421816 ], [ -72.359492469371048, -37.49486337237439 ], [ -72.359516461647047, -37.495166108641051 ], [ -72.359516468106079, -37.495166214216248 ], [ -72.359523254125691, -37.49525252543539 ], [ -72.359529324400683, -37.495311514985865 ], [ -72.359602951649151, -37.495332050083739 ], [ -72.359662459612551, -37.495348646858972 ], [ -72.359721968733965, -37.495365243630424 ], [ -72.360097399559479, -37.495403543159142 ], [ -72.360387751758168, -37.495325853231577 ], [ -72.360514869667824, -37.495216453144103 ], [ -72.360773097813251, -37.495217548709817 ], [ -72.360779028999403, -37.495276116082401 ], [ -72.361150871721634, -37.495324204685431 ], [ -72.361369360880786, -37.495286997152895 ], [ -72.361625449632569, -37.495348840551628 ], [ -72.361692936077844, -37.495446906255467 ], [ -72.361916564445224, -37.495562796234111 ], [ -72.362081550002003, -37.495639144605924 ], [ -72.362258061557583, -37.495705629830098 ], [ -72.362351976251745, -37.495798305852723 ], [ -72.362421987842424, -37.495891662462171 ], [ -72.362535328291131, -37.496017158533746 ], [ -72.362731917165036, -37.496098458140537 ], [ -72.362856509710468, -37.496227513284801 ], [ -72.363016852899932, -37.496346703052239 ], [ -72.363254410899344, -37.496440052054709 ], [ -72.363399975104073, -37.496483578658967 ], [ -72.363811482124177, -37.496586271298099 ], [ -72.364233873782325, -37.496664814074293 ], [ -72.364469080447563, -37.496705783838998 ], [ -72.364750599826152, -37.496712059438501 ], [ -72.365116212842295, -37.49672547116036 ], [ -72.365340324582505, -37.496785826027548 ], [ -72.365556747868013, -37.496808259249981 ], [ -72.365963767160864, -37.496810952615462 ], [ -72.366246142514612, -37.496836269963687 ], [ -72.366516351265901, -37.496857167380533 ], [ -72.366707373613494, -37.496846949333509 ], [ -72.36686830077295, -37.496832822895641 ], [ -72.367091540666948, -37.496740636179318 ], [ -72.367255875359646, -37.49666920016584 ], [ -72.367416159306714, -37.496640788511385 ], [ -72.367657327398106, -37.496548088567522 ], [ -72.367858801049152, -37.496504197987534 ], [ -72.36796615655318, -37.496496366573702 ], [ -72.368073298129232, -37.496483773285895 ], [ -72.368234498161939, -37.496504810904945 ], [ -72.368484168460625, -37.496572164490416 ], [ -72.369067917062694, -37.496646082925871 ], [ -72.369573978460295, -37.496722217106814 ], [ -72.369949678737029, -37.496738050853459 ], [ -72.370167110523411, -37.496738651360616 ], [ -72.370414915403572, -37.496793552726636 ], [ -72.370627292227766, -37.49685899967654 ], [ -72.370880575444616, -37.496957675015395 ], [ -72.370972024872898, -37.497073229234402 ], [ -72.371136759188374, -37.49720507927708 ], [ -72.371409830124321, -37.497361079109339 ], [ -72.371555829724244, -37.497414118546189 ], [ -72.371771184335216, -37.497412732468618 ], [ -72.371980777723977, -37.497416278430812 ], [ -72.372148538817655, -37.497421019478942 ], [ -72.372342346879378, -37.497472691843278 ], [ -72.372572870165243, -37.497542385226254 ], [ -72.372779060438091, -37.497603237329201 ], [ -72.37299763260836, -37.49767327127681 ], [ -72.373344891745191, -37.497677647040689 ], [ -72.373739177910309, -37.497629810004582 ], [ -72.374003740344605, -37.497558690140188 ], [ -72.37437382267521, -37.497677049479556 ], [ -72.374617411339131, -37.497765218595518 ], [ -72.374989986976004, -37.497845906989603 ], [ -72.375412208125638, -37.498038871855883 ], [ -72.375747460287599, -37.498276398867418 ], [ -72.375910070922032, -37.498381166081508 ], [ -72.375834175692617, -37.497865578340338 ], [ -72.375707318674245, -37.49648470048632 ], [ -72.375697553295453, -37.496347673519658 ], [ -72.375634767884335, -37.495113711850962 ], [ -72.375500967710693, -37.492840219990434 ], [ -72.375431391593594, -37.490556428896873 ], [ -72.375361155682526, -37.489200195126429 ], [ -72.375323632537658, -37.488048465210198 ], [ -72.37533150476257, -37.487187213327168 ], [ -72.375312493897454, -37.486875330715591 ], [ -72.375304003133209, -37.486736032244778 ], [ -72.375206194864575, -37.48669171236908 ], [ -72.374930005078213, -37.48660941353824 ], [ -72.369834862972837, -37.485091022089556 ], [ -72.367431401949517, -37.484367171458494 ] ] ] } },
{ "type": "Feature", "properties": { "zona": "102" }, "geometry": { "type": "Polygon", "coordinates": [ [ [ -72.367363196444444, -37.484346628886179 ], [ -72.369834862972837, -37.485091022089556 ], [ -72.374930005078213, -37.48660941353824 ], [ -72.375206194864575, -37.48669171236908 ], [ -72.375304003133209, -37.486736032244778 ], [ -72.375246596742372, -37.4863588847697 ], [ -72.375209486611922, -37.486115077761895 ], [ -72.37494549100316, -37.484380647370848 ], [ -72.374811648156111, -37.483501285631959 ], [ -72.374727018590903, -37.482945256399255 ], [ -72.374581548258419, -37.48198946844974 ], [ -72.374526654193772, -37.481972898087982 ], [ -72.374480666261235, -37.48196010049837 ], [ -72.373659848614025, -37.481711398463183 ], [ -72.373296646802274, -37.481601356915391 ], [ -72.373031904349588, -37.481521145962247 ], [ -72.372961696728453, -37.481499874537647 ], [ -72.372928845231755, -37.48148992151166 ], [ -72.372899256026997, -37.481481548640538 ], [ -72.372884975921195, -37.481477507466614 ], [ -72.372780453656631, -37.481447930923821 ], [ -72.372475075925792, -37.481354694450886 ], [ -72.37212678471046, -37.48124835406341 ], [ -72.371577292814123, -37.481085691372002 ], [ -72.37150006774533, -37.481062830986723 ], [ -72.371234804930126, -37.480984059776794 ], [ -72.370853710608969, -37.480870889243242 ], [ -72.370654000220028, -37.480810356204046 ], [ -72.36994377371937, -37.480595081833926 ], [ -72.369695361269763, -37.480521982044337 ], [ -72.369573318764807, -37.480494622934387 ], [ -72.369170694924307, -37.480377897263828 ], [ -72.368888325549165, -37.480296033608163 ], [ -72.36875108112163, -37.480256037294922 ], [ -72.368681042483757, -37.480235626789174 ], [ -72.36852399355098, -37.480189858720451 ], [ -72.368479150274155, -37.480176790564698 ], [ -72.368354163515889, -37.480145105888823 ], [ -72.368323665251935, -37.480137373945674 ], [ -72.367989693246486, -37.480052707129182 ], [ -72.367917696209531, -37.480038943341157 ], [ -72.367852139851408, -37.480029174481722 ], [ -72.367809970289713, -37.48002289074379 ], [ -72.367695829981301, -37.480007186155461 ], [ -72.367567818487998, -37.479993332181486 ], [ -72.367398581607716, -37.479982473350894 ], [ -72.367303897946172, -37.479981392151892 ], [ -72.367208929725749, -37.479982039188947 ], [ -72.367190941930147, -37.47998258877081 ], [ -72.366931241389466, -37.479990518001138 ], [ -72.366669067211831, -37.48000043072463 ], [ -72.366504288589667, -37.480004232151757 ], [ -72.366252046770001, -37.480010505080301 ], [ -72.366144002276414, -37.480013546712726 ], [ -72.36613588234745, -37.480013775587437 ], [ -72.36603690476511, -37.480020048948326 ], [ -72.366031236211555, -37.480020408196047 ], [ -72.365926970120157, -37.48001979426936 ], [ -72.365855724808668, -37.480019375371548 ], [ -72.365684094401246, -37.480027217503078 ], [ -72.36562740787187, -37.480029807729807 ], [ -72.365571958632287, -37.480032036251977 ], [ -72.365206538832751, -37.480046718521947 ], [ -72.365206827889324, -37.480048725459405 ], [ -72.365209159197107, -37.480064920152294 ], [ -72.365216981425391, -37.480119247531618 ], [ -72.365346325253242, -37.481017584214527 ], [ -72.365375037773902, -37.481217003017306 ], [ -72.36540804717211, -37.481446258260441 ], [ -72.365410814903768, -37.481465481438541 ], [ -72.365543848390715, -37.482389413559922 ], [ -72.365555118587295, -37.482467689413731 ], [ -72.365564890912268, -37.482535559051257 ], [ -72.365687962184637, -37.483390283409754 ], [ -72.365704488455791, -37.483505058334678 ], [ -72.365734555066069, -37.483713870763125 ], [ -72.365775278188991, -37.483996683015214 ], [ -72.365791132906324, -37.484106793160812 ], [ -72.365796171468119, -37.484141786126912 ], [ -72.365800811710187, -37.484150266467047 ], [ -72.365800968799505, -37.484150269070796 ], [ -72.365793886127776, -37.484168113621102 ], [ -72.365797166891298, -37.484168973496715 ], [ -72.366108770527632, -37.484185196972007 ], [ -72.366228525754707, -37.484191431511142 ], [ -72.36692895385147, -37.48422789539768 ], [ -72.366960283034445, -37.48422952584427 ], [ -72.36716768243349, -37.484240323629336 ], [ -72.367239491493876, -37.484244060577772 ], [ -72.367257418070764, -37.484244993784678 ], [ -72.367294989848872, -37.484326086250611 ], [ -72.367363196444444, -37.484346628886179 ] ] ] } },
{ "type": "Feature", "properties": { "zona": "11" }, "geometry": { "type": "Polygon", "coordinates": [ [ [ -72.372853971503943, -37.459057634625488 ], [ -72.372735829576328, -37.459120583871581 ], [ -72.372728504399745, -37.45916595110964 ], [ -72.372699945017828, -37.45931200344085 ], [ -72.372687417441938, -37.459376069505865 ], [ -72.37265558563135, -37.459601862484483 ], [ -72.372647684341217, -37.459655545085162 ], [ -72.372595344621573, -37.46001117530647 ], [ -72.372530726654631, -37.460450229601442 ], [ -72.372480035029071, -37.460794653962282 ], [ -72.37265800546075, -37.460784004599944 ], [ -72.372719073474215, -37.460780350285816 ], [ -72.372749106188635, -37.460778505205937 ], [ -72.372812625748438, -37.460774603507247 ], [ -72.372928061806945, -37.460766868994625 ], [ -72.373042208367693, -37.460759221027622 ], [ -72.373342752585884, -37.46073908427789 ], [ -72.373937916807861, -37.460699205692784 ], [ -72.374512035529548, -37.460660733242541 ], [ -72.374555618153082, -37.460655707904543 ], [ -72.374669151150101, -37.460642615441039 ], [ -72.374942355658774, -37.460611110980139 ], [ -72.374984068217117, -37.460605737531111 ], [ -72.375185612083044, -37.460579772876649 ], [ -72.375352359024447, -37.460552759664424 ], [ -72.375392221803708, -37.460546134747673 ], [ -72.375662422723451, -37.460501230614518 ], [ -72.375669319341569, -37.460499878997581 ], [ -72.37583235924609, -37.460467919350513 ], [ -72.375874112311777, -37.460459734975281 ], [ -72.376069093406088, -37.460421514555073 ], [ -72.376120961991205, -37.460411347094471 ], [ -72.376325941903033, -37.460374443272784 ], [ -72.376572194020383, -37.460331362303386 ], [ -72.376679502688035, -37.460311039566101 ], [ -72.376699338710822, -37.460307282762741 ], [ -72.376762241339136, -37.460295369540454 ], [ -72.376823180944456, -37.460283828098603 ], [ -72.376884120532807, -37.460272286624566 ], [ -72.377172294142881, -37.460220834142902 ], [ -72.377200159868408, -37.460215679524936 ], [ -72.377215076363839, -37.4602129199546 ], [ -72.377492248634397, -37.460161646778772 ], [ -72.377602294662452, -37.460139159104195 ], [ -72.377631122745015, -37.460130596071679 ], [ -72.37776161266153, -37.460091835536758 ], [ -72.377768546367037, -37.460089776334932 ], [ -72.377795585001763, -37.460080208422347 ], [ -72.377822410617966, -37.460070266312229 ], [ -72.377836530503956, -37.460064907250874 ], [ -72.377850650388012, -37.460059548187751 ], [ -72.377941357924229, -37.460025118924833 ], [ -72.377957289048027, -37.460019071954967 ], [ -72.378264272558368, -37.459901903537897 ], [ -72.378314781241002, -37.459882625172796 ], [ -72.378574561660315, -37.459783472213786 ], [ -72.378753093716412, -37.459715329762297 ], [ -72.379916017488242, -37.459271451996322 ], [ -72.380931352901769, -37.458883893507654 ], [ -72.380927690045837, -37.45885870240317 ], [ -72.38092072509825, -37.458681734433732 ], [ -72.380919057104066, -37.45863935353826 ], [ -72.380772379170779, -37.454912205217944 ], [ -72.380767432400404, -37.454786503736742 ], [ -72.380759259642602, -37.454768696449257 ], [ -72.380748668222225, -37.454774558569646 ], [ -72.378985508879325, -37.455749463931397 ], [ -72.3789670461002, -37.455759672141347 ], [ -72.378536501505366, -37.455997725509604 ], [ -72.378089931345627, -37.45624463637899 ], [ -72.377891393087992, -37.456354407335446 ], [ -72.377608465303567, -37.456510836893862 ], [ -72.376958590375821, -37.456867967207394 ], [ -72.376466978631228, -37.457138121488875 ], [ -72.376423819439992, -37.457161718353241 ], [ -72.375270512792696, -37.457792262617389 ], [ -72.375167893957794, -37.457848366603535 ], [ -72.374648305098049, -37.458124117098755 ], [ -72.37448893213714, -37.458186909396304 ], [ -72.374438771847082, -37.458206672371645 ], [ -72.374394342727769, -37.458227694558822 ], [ -72.37399107955207, -37.458418501141864 ], [ -72.373392714910182, -37.458755913561895 ], [ -72.372994754373295, -37.458980315850518 ], [ -72.372989458974601, -37.458983301526395 ], [ -72.372920503309672, -37.459022183910271 ], [ -72.372853971503943, -37.459057634625488 ] ] ] } },
{ "type": "Feature", "properties": { "zona": "16" }, "geometry": { "type": "Polygon", "coordinates": [ [ [ -72.337815157911862, -37.438084735800174 ], [ -72.337779711015145, -37.438088443361288 ], [ -72.33776819214998, -37.438074666031561 ], [ -72.337727728020212, -37.438066822574442 ], [ -72.337715580439848, -37.43806446898617 ], [ -72.337704980145745, -37.438069856651374 ], [ -72.337673143451568, -37.438086041361856 ], [ -72.337663572706234, -37.438101087005357 ], [ -72.33764831137006, -37.43812507415381 ], [ -72.337647711745319, -37.438126017627575 ], [ -72.337605342072052, -37.43816561299537 ], [ -72.337605240201228, -37.438165649447292 ], [ -72.337605139523447, -37.438165684123867 ], [ -72.337568870207065, -37.438178307688197 ], [ -72.337497337934593, -37.43820372885596 ], [ -72.337472013246298, -37.438219230369874 ], [ -72.337454741195486, -37.438229803149461 ], [ -72.337410213894259, -37.438251137269987 ], [ -72.337400852509447, -37.438255621977923 ], [ -72.337387654273115, -37.438259059598636 ], [ -72.337353088617959, -37.438268062051712 ], [ -72.337344071569902, -37.438274532475816 ], [ -72.337292209691725, -37.438311744747629 ], [ -72.337211614043142, -37.438350896337397 ], [ -72.337159251966654, -37.438376332249774 ], [ -72.337119019359747, -37.438417157883634 ], [ -72.33709844002162, -37.438438039651722 ], [ -72.337083355208307, -37.438459622909235 ], [ -72.337079838531565, -37.43846465297495 ], [ -72.337038358969593, -37.438459213102178 ], [ -72.336979235766592, -37.438453373618707 ], [ -72.33694362905689, -37.438461582020018 ], [ -72.336906997299579, -37.438478778497959 ], [ -72.336899572544709, -37.438502265491095 ], [ -72.336894268500018, -37.438519041899767 ], [ -72.336869794088003, -37.438532006875008 ], [ -72.336834985551434, -37.438517706143273 ], [ -72.336818029166253, -37.43850022056553 ], [ -72.33679478323765, -37.438476249287149 ], [ -72.336765461138825, -37.438466576038763 ], [ -72.33674087871573, -37.438478858206338 ], [ -72.336705060631658, -37.438496754214022 ], [ -72.336684695048149, -37.438489489743183 ], [ -72.336680176444119, -37.438487877578005 ], [ -72.336664606220793, -37.438482324324717 ], [ -72.336611448323183, -37.438467608869836 ], [ -72.33654103312324, -37.438461516343011 ], [ -72.336487236615881, -37.438464807927417 ], [ -72.336434305463911, -37.438463615204789 ], [ -72.33634490218256, -37.43847511495823 ], [ -72.336322092660865, -37.438461083770747 ], [ -72.33628924918284, -37.438447843658395 ], [ -72.336241928479296, -37.438466769619247 ], [ -72.336203510884076, -37.438470046554514 ], [ -72.336166960924572, -37.438493629979014 ], [ -72.336053881462661, -37.438495586144214 ], [ -72.335982827528355, -37.438507500371486 ], [ -72.335938002997409, -37.438522542813054 ], [ -72.335857018759853, -37.438549717826596 ], [ -72.335814983071202, -37.438572889046796 ], [ -72.335778494980033, -37.438593003531423 ], [ -72.33574224925988, -37.438619218644817 ], [ -72.335739921805782, -37.438627771837986 ], [ -72.335735442081457, -37.438644240578533 ], [ -72.335734939213992, -37.438646087344232 ], [ -72.335704977165975, -37.438654422692281 ], [ -72.335596333676605, -37.438710544752418 ], [ -72.335583207466001, -37.438717203493425 ], [ -72.33553412979505, -37.438742098195725 ], [ -72.335451761271941, -37.43878387948309 ], [ -72.335423924427232, -37.438790698357295 ], [ -72.335312563259336, -37.438817978883094 ], [ -72.335266510066091, -37.438829260907447 ], [ -72.3351781314108, -37.438831773488843 ], [ -72.335083560816159, -37.438829638900216 ], [ -72.334999111830925, -37.438795106677517 ], [ -72.334990228810568, -37.438791391883946 ], [ -72.334990188222605, -37.438791293647263 ], [ -72.334987238585157, -37.438784002819489 ], [ -72.334979229090081, -37.438764207432584 ], [ -72.33496994054282, -37.438757239457424 ], [ -72.334968792407139, -37.438756378214045 ], [ -72.334960653126501, -37.438750271507068 ], [ -72.334938548483976, -37.438736254157341 ], [ -72.334921703535116, -37.438713346989793 ], [ -72.334881249326074, -37.438698918299274 ], [ -72.334880782998724, -37.438698906875985 ], [ -72.334880665561997, -37.438698904226143 ], [ -72.334846054952223, -37.438675596183479 ], [ -72.334837531449978, -37.438661878954697 ], [ -72.334823337682167, -37.438639037903457 ], [ -72.334776506911638, -37.438619721801381 ], [ -72.334765559363319, -37.438615207069716 ], [ -72.334730687797276, -37.438596642906369 ], [ -72.334730578019901, -37.438596583658686 ], [ -72.334730468178606, -37.438596526211811 ], [ -72.334730205320142, -37.438596386013558 ], [ -72.334721796839915, -37.438594330956953 ], [ -72.33468959030499, -37.438586459227309 ], [ -72.334648112061586, -37.438581017643841 ], [ -72.334601146526495, -37.43857094571986 ], [ -72.334593754031644, -37.438568508077481 ], [ -72.33458648669712, -37.438566110204974 ], [ -72.334571824675251, -37.438561272836573 ], [ -72.334530025717939, -37.438564836069908 ], [ -72.334471607322442, -37.438559011235867 ], [ -72.334417972733348, -37.43855780083144 ], [ -72.334403150896875, -37.43855746633372 ], [ -72.334388330189839, -37.438557131859639 ], [ -72.334352404692481, -37.438574344373421 ], [ -72.334316956389799, -37.438578049052595 ], [ -72.334280944061049, -37.438581724771396 ], [ -72.334280873731231, -37.438581732195303 ], [ -72.334280803401398, -37.438581739619231 ], [ -72.334239071011467, -37.4386033248365 ], [ -72.334234489998664, -37.438605859923378 ], [ -72.334223103171965, -37.438612161275685 ], [ -72.334184314312637, -37.438633629078588 ], [ -72.334175334371082, -37.438637931098093 ], [ -72.334166352138155, -37.438642233966306 ], [ -72.334136710696598, -37.438641564955624 ], [ -72.334122544367048, -37.438632442182481 ], [ -72.334107708514182, -37.438622887979086 ], [ -72.334072580911197, -37.438617589530303 ], [ -72.334030941760417, -37.438616649694964 ], [ -72.334019295219719, -37.438616386818801 ], [ -72.334007652066745, -37.438616124017962 ], [ -72.333982995535521, -37.438621725734151 ], [ -72.33395353572773, -37.438628419317602 ], [ -72.333929926349597, -37.438636898503518 ], [ -72.333920864222947, -37.43864345144658 ], [ -72.333911803159992, -37.43865000621517 ], [ -72.333875010873768, -37.4386717028097 ], [ -72.333839084082541, -37.438688915134804 ], [ -72.333827196591827, -37.438695406997418 ], [ -72.33381531487295, -37.438701895384604 ], [ -72.333800522414194, -37.438712383015186 ], [ -72.333794938127753, -37.438716342635146 ], [ -72.333778362699519, -37.438728093935161 ], [ -72.333766798288124, -37.438725580990678 ], [ -72.333755232780334, -37.438723067119206 ], [ -72.333731237341766, -37.438722524554869 ], [ -72.333725557553521, -37.438713386049471 ], [ -72.333723665452226, -37.438710339006057 ], [ -72.333719878959712, -37.438704245768562 ], [ -72.333684592610354, -37.438703450117906 ], [ -72.333669691994572, -37.438705365646193 ], [ -72.333654790216983, -37.438707282047488 ], [ -72.333624712891591, -37.438706603067928 ], [ -72.333613856779579, -37.438706357995123 ], [ -72.333566572733417, -37.438705290563178 ], [ -72.333563556146458, -37.438700716867295 ], [ -72.33356053952788, -37.438696144071734 ], [ -72.333548105742821, -37.43868596998874 ], [ -72.333537889246443, -37.438677609450799 ], [ -72.333532129592726, -37.438670721030434 ], [ -72.33352637106924, -37.438663832635314 ], [ -72.333507385746898, -37.438652490577319 ], [ -72.333502855174828, -37.438649784963516 ], [ -72.333494273662652, -37.438642832836138 ], [ -72.333485690990884, -37.43863588158311 ], [ -72.333463240887085, -37.438604262710783 ], [ -72.333447502434367, -37.438582097610926 ], [ -72.333446675878491, -37.438580932726907 ], [ -72.333415694347096, -37.438565873045604 ], [ -72.333406939120238, -37.438561617644538 ], [ -72.333388352191093, -37.438552583317289 ], [ -72.333329389170572, -37.438542240026976 ], [ -72.333271698485888, -37.43851449328286 ], [ -72.333201609949356, -37.438480783232706 ], [ -72.333186402254128, -37.438456308799772 ], [ -72.333167535346462, -37.438425945834915 ], [ -72.333126221644321, -37.438371482946245 ], [ -72.333122328703993, -37.438366352385515 ], [ -72.333104864391018, -37.438359822340821 ], [ -72.332994070350509, -37.438318400440465 ], [ -72.332968521500874, -37.438287840610471 ], [ -72.33295951516466, -37.438277069822036 ], [ -72.332915569629819, -37.438251884270329 ], [ -72.332908734928807, -37.438247966865497 ], [ -72.33282037978158, -37.438197332916296 ], [ -72.332728299042699, -37.438155729590896 ], [ -72.332715410286141, -37.438149907466077 ], [ -72.332705792131208, -37.438132723094647 ], [ -72.332699892202726, -37.438122182835926 ], [ -72.33268220295119, -37.438090583922822 ], [ -72.332680132243595, -37.438074717113679 ], [ -72.332672763650947, -37.438018282130344 ], [ -72.332345370392147, -37.438649087847018 ], [ -72.332216376931257, -37.439276271908064 ], [ -72.33228200716745, -37.439382649904516 ], [ -72.332237259399861, -37.439609146502598 ], [ -72.331353996576226, -37.440028635573142 ], [ -72.331465814367107, -37.44010976202032 ], [ -72.331686078310796, -37.440269567592381 ], [ -72.331755206399308, -37.440309342108762 ], [ -72.332141024179606, -37.440497109698775 ], [ -72.332275997979664, -37.440562797817407 ], [ -72.332163875816875, -37.440643298911326 ], [ -72.331701880939121, -37.440974997664085 ], [ -72.331499947060024, -37.441119979755207 ], [ -72.331033278335894, -37.441455028667647 ], [ -72.330855964093857, -37.441583770892549 ], [ -72.330714760529091, -37.441686293590124 ], [ -72.330457978698703, -37.441872733737412 ], [ -72.329351863704019, -37.442675823013104 ], [ -72.329268218974676, -37.442736552123996 ], [ -72.329199327403742, -37.442786569784573 ], [ -72.329384463758416, -37.442944407542498 ], [ -72.329486240236164, -37.443031176001334 ], [ -72.329928833661896, -37.443387370375213 ], [ -72.330357065281447, -37.44373200157191 ], [ -72.330490921563879, -37.443839725297543 ], [ -72.330684333362811, -37.443998116677761 ], [ -72.331180018245647, -37.444404045109017 ], [ -72.331278946130993, -37.444485058040058 ], [ -72.33150789685935, -37.444679538015755 ], [ -72.33182842089461, -37.444951800990246 ], [ -72.331839233703391, -37.444960986157653 ], [ -72.331925903153433, -37.445034605501036 ], [ -72.332022616237651, -37.445114857713051 ], [ -72.332147537258905, -37.44521851467789 ], [ -72.332480555820354, -37.445494847368096 ], [ -72.33260536169341, -37.445598408446827 ], [ -72.332894145259417, -37.445833815118171 ], [ -72.333016878808479, -37.445933862374851 ], [ -72.33340722465654, -37.446259300371601 ], [ -72.333892378691019, -37.446662217153104 ], [ -72.334052430554181, -37.446795138737031 ], [ -72.33415944535102, -37.446889021416553 ], [ -72.334535320209412, -37.44719043154528 ], [ -72.334697282902297, -37.44732030727257 ], [ -72.334815642188531, -37.447423138478349 ], [ -72.335448018060347, -37.447972544522337 ], [ -72.335826572394637, -37.448301425839865 ], [ -72.335871598990508, -37.448340543532801 ], [ -72.335920114343836, -37.448380850083637 ], [ -72.336015696005276, -37.448460258987943 ], [ -72.336111277868639, -37.448539667821692 ], [ -72.336215793443102, -37.448626498740808 ], [ -72.33625208693033, -37.448586206493466 ], [ -72.336354512167617, -37.44844147385917 ], [ -72.33638867943867, -37.448406566456633 ], [ -72.336587812771697, -37.448203117943827 ], [ -72.336786944979679, -37.447999669947585 ], [ -72.3368685546248, -37.447875209390446 ], [ -72.336918273736231, -37.447799384865789 ], [ -72.336978855366823, -37.447706994875638 ], [ -72.337187185316054, -37.447389275400297 ], [ -72.337238273982521, -37.447291675427401 ], [ -72.337323222927964, -37.447129390546166 ], [ -72.337360422225117, -37.447058325313073 ], [ -72.337386723463666, -37.447008078933351 ], [ -72.337420027249749, -37.446944456507566 ], [ -72.337685425339416, -37.446437433201758 ], [ -72.337720077989886, -37.446371231443145 ], [ -72.337877236698972, -37.446070989540246 ], [ -72.337896352864632, -37.446034469125678 ], [ -72.337957544446596, -37.445917562951159 ], [ -72.337982476093103, -37.445869932135494 ], [ -72.338054643732903, -37.445732058243586 ], [ -72.338158293854235, -37.445534038555714 ], [ -72.33824109528085, -37.445375846957141 ], [ -72.338397923624029, -37.445076223987336 ], [ -72.338491127948359, -37.444898155437208 ], [ -72.338586444875517, -37.444716048731379 ], [ -72.338887964373185, -37.444139978764269 ], [ -72.339030457072866, -37.443867734944867 ], [ -72.339202842855897, -37.443538376464737 ], [ -72.339254281200922, -37.443436238113918 ], [ -72.339386334649348, -37.443174021475933 ], [ -72.339435814050901, -37.443075769589178 ], [ -72.339479468790373, -37.442989085712007 ], [ -72.339516021691935, -37.44233954022539 ], [ -72.339532429379787, -37.442047964070092 ], [ -72.339533012959251, -37.442037585499811 ], [ -72.339545751985199, -37.441931304196885 ], [ -72.339579180808613, -37.441652416209948 ], [ -72.339623090536577, -37.441286085291281 ], [ -72.339634369075284, -37.441191990256151 ], [ -72.339636058829001, -37.441144295083745 ], [ -72.339640373678463, -37.441022503161584 ], [ -72.339656678473673, -37.440562433159783 ], [ -72.339659274444543, -37.44048915666859 ], [ -72.339664339415634, -37.440346218821396 ], [ -72.339667980036481, -37.440243485709296 ], [ -72.339671515439321, -37.440143722120141 ], [ -72.339676495986282, -37.4400031649255 ], [ -72.339678960339498, -37.439933601683236 ], [ -72.339681740131795, -37.439855165905918 ], [ -72.339686186869869, -37.439729675127289 ], [ -72.33968624603942, -37.439728004881879 ], [ -72.339670602844677, -37.439550030920586 ], [ -72.339668656001777, -37.439527881688782 ], [ -72.339663741897354, -37.439471969130992 ], [ -72.339663647513675, -37.439470900979821 ], [ -72.339656201071193, -37.439386174832727 ], [ -72.339650125311081, -37.439317052718664 ], [ -72.339649815186817, -37.439313525056441 ], [ -72.339644901847294, -37.439257623327386 ], [ -72.339641455312858, -37.439218408240578 ], [ -72.33964315286299, -37.439096957431431 ], [ -72.339643947745358, -37.439040065980443 ], [ -72.339645345679187, -37.43894005598569 ], [ -72.339645936931291, -37.438897749085797 ], [ -72.339647352058208, -37.438796423840522 ], [ -72.339636920354309, -37.438797117035065 ], [ -72.339610125275769, -37.438802611391004 ], [ -72.339608705737689, -37.438802902018601 ], [ -72.339593827187301, -37.438805952404273 ], [ -72.339578842790374, -37.438809023833066 ], [ -72.339560337371296, -37.438812817948566 ], [ -72.339559242272003, -37.438813041991466 ], [ -72.339527153794037, -37.438819620093774 ], [ -72.339518103723663, -37.438821475304486 ], [ -72.339464818812488, -37.438820274167391 ], [ -72.339411535001801, -37.438819073932159 ], [ -72.339352570697898, -37.438808735411783 ], [ -72.339336451238282, -37.438794115678299 ], [ -72.339306720805254, -37.438767151270397 ], [ -72.339247916098529, -37.438752309790949 ], [ -72.33921365581746, -37.438724560267403 ], [ -72.339210229345426, -37.43872178512428 ], [ -72.339196420249763, -37.438710599322825 ], [ -72.339163198728002, -37.438689766755878 ], [ -72.339092084876825, -37.438645171357571 ], [ -72.339043584012927, -37.438622277005017 ], [ -72.339021920653352, -37.438612050550283 ], [ -72.338957089033258, -37.438589115355796 ], [ -72.338940304892546, -37.438583179108846 ], [ -72.338888103582832, -37.438541452616008 ], [ -72.338867306471585, -37.438483563772053 ], [ -72.338866871075766, -37.438482392418507 ], [ -72.338814207899972, -37.438454181303456 ], [ -72.33880853706566, -37.438418015934673 ], [ -72.338804989855561, -37.438395399897097 ], [ -72.338811593067177, -37.438368514161958 ], [ -72.338811485621363, -37.438368484707532 ], [ -72.338811377046341, -37.438368455227675 ], [ -72.338776624666608, -37.438358715998106 ], [ -72.338766287367974, -37.438348741979532 ], [ -72.338747940403266, -37.438331037007252 ], [ -72.338745913565603, -37.438299959461709 ], [ -72.3387438221895, -37.438267864899366 ], [ -72.338741534956085, -37.438251885163488 ], [ -72.338739292920124, -37.438236224541356 ], [ -72.338717298337968, -37.438240451747866 ], [ -72.338697334747806, -37.438244290371557 ], [ -72.338661887834689, -37.438247997295868 ], [ -72.338613645530728, -37.438273943007012 ], [ -72.338592205769544, -37.4382868451601 ], [ -72.338577559292716, -37.438295657905059 ], [ -72.338536412589548, -37.438284268753357 ], [ -72.338524402195105, -37.438280944227749 ], [ -72.338510945603488, -37.438272922915374 ], [ -72.338414422106027, -37.438215386683389 ], [ -72.338300718407922, -37.438179486600326 ], [ -72.338291487092746, -37.438176572509832 ], [ -72.338250805425176, -37.438148622139181 ], [ -72.338209872170779, -37.43814769878972 ], [ -72.338206663718395, -37.438138327826081 ], [ -72.338198991449872, -37.438115914379146 ], [ -72.338170147959303, -37.43809273636321 ], [ -72.338128669660108, -37.438087296003189 ], [ -72.338093540819941, -37.438081998723881 ], [ -72.338066651706072, -37.438074464019394 ], [ -72.33805857268915, -37.438072199455242 ], [ -72.338035056038436, -37.438058153559957 ], [ -72.337994122808581, -37.438057231038066 ], [ -72.33791068531248, -37.438059855243083 ], [ -72.337870866079598, -37.438070226293028 ], [ -72.337815157911862, -37.438084735800174 ] ] ] } },
{ "type": "Feature", "properties": { "zona": "4" }, "geometry": { "type": "Polygon", "coordinates": [ [ [ -72.327901709379248, -37.435020046500291 ], [ -72.327936623339937, -37.434981610638545 ], [ -72.32800946425499, -37.434878775525398 ], [ -72.328224540222479, -37.434575131856548 ], [ -72.328445654935109, -37.434262959178874 ], [ -72.328456042915306, -37.434248293229189 ], [ -72.328633995739651, -37.434020718686583 ], [ -72.328923188427197, -37.433650882946864 ], [ -72.329242007712068, -37.433243152923311 ], [ -72.329498778373363, -37.432877106171723 ], [ -72.329678940022347, -37.432620270041738 ], [ -72.329697981850956, -37.432593123563102 ], [ -72.329935307500094, -37.432254791644539 ], [ -72.330331849513442, -37.431730987593156 ], [ -72.330778537329493, -37.431140933126599 ], [ -72.33131405881241, -37.430433517883444 ], [ -72.331803623353679, -37.429786796733353 ], [ -72.331894317801527, -37.429666986863815 ], [ -72.332109914704503, -37.429382174271872 ], [ -72.332001599944604, -37.429309694634291 ], [ -72.331297354282185, -37.42883844125668 ], [ -72.330795084609079, -37.428502335484723 ], [ -72.329716136245338, -37.427816203867344 ], [ -72.329028551963475, -37.427378940115929 ], [ -72.328225991827821, -37.426868545876452 ], [ -72.327773822433059, -37.426580980338926 ], [ -72.327562824333228, -37.426436806538625 ], [ -72.32755968270817, -37.426434659284908 ], [ -72.327496799111458, -37.426391690509774 ], [ -72.327513418735364, -37.426307203577515 ], [ -72.327597609588068, -37.425879220153888 ], [ -72.327654205158922, -37.425591514135945 ], [ -72.327682032376615, -37.425450053300416 ], [ -72.327695572944194, -37.425381216703272 ], [ -72.327741545814703, -37.425147508701784 ], [ -72.327768899557171, -37.425008453023409 ], [ -72.327794655424157, -37.424853642055474 ], [ -72.327794865311745, -37.424852378927831 ], [ -72.327802274993502, -37.424807841990607 ], [ -72.32518454712023, -37.424410647791554 ], [ -72.324339256708157, -37.424282376504557 ], [ -72.324256443131119, -37.424269808946406 ], [ -72.324270877372413, -37.423946465599712 ], [ -72.324275566886527, -37.423841397692449 ], [ -72.324275571061534, -37.423841312180677 ], [ -72.324267605495962, -37.423788450523006 ], [ -72.323867745410823, -37.423747091186911 ], [ -72.323455965538315, -37.423704497131489 ], [ -72.323442600367457, -37.423030653729953 ], [ -72.323304141268892, -37.422238937197584 ], [ -72.32334032461921, -37.422230219610853 ], [ -72.32337650792968, -37.422221502913089 ], [ -72.323203671465606, -37.42170259611575 ], [ -72.323259066154762, -37.421623979702396 ], [ -72.323318593628599, -37.421539496899392 ], [ -72.322990148468918, -37.421067132744319 ], [ -72.322978828678117, -37.42064484149757 ], [ -72.32297587596328, -37.420534674922465 ], [ -72.322980697418572, -37.420441290344115 ], [ -72.322982414087946, -37.420408039192537 ], [ -72.323312482412092, -37.420272465683198 ], [ -72.323127061112032, -37.41990699373914 ], [ -72.32300411187498, -37.419664654997142 ], [ -72.322885887999973, -37.419696787057291 ], [ -72.322605374114019, -37.419764339635194 ], [ -72.322409225419719, -37.419291939963088 ], [ -72.322380019026212, -37.419221600724583 ], [ -72.322231956899458, -37.418865008584731 ], [ -72.322134231410217, -37.418629645875541 ], [ -72.321975359100193, -37.418667632048432 ], [ -72.321921776021327, -37.418680444178904 ], [ -72.320524143017408, -37.418360964434655 ], [ -72.319126550734666, -37.418105423435115 ], [ -72.317893393868403, -37.418552733203398 ], [ -72.31608467571651, -37.418808289349769 ], [ -72.312878431222472, -37.420533500818237 ], [ -72.311854766209152, -37.421556503058142 ], [ -72.311761032332143, -37.422269912838772 ], [ -72.311551384812148, -37.423116304382404 ], [ -72.311128476460269, -37.424408457272207 ], [ -72.313889469316081, -37.426953234240472 ], [ -72.313653403605372, -37.427033697377375 ], [ -72.314387971973204, -37.428438010229542 ], [ -72.314420612815141, -37.428501634060858 ], [ -72.314829086368391, -37.429297821235593 ], [ -72.314884539013121, -37.429405907357143 ], [ -72.314896552027221, -37.429429321108259 ], [ -72.315702353945582, -37.430999917188302 ], [ -72.31613353483867, -37.431840307586327 ], [ -72.316282712109142, -37.432166968122779 ], [ -72.316315984692366, -37.432230612111127 ], [ -72.316367444717685, -37.432329047804629 ], [ -72.316383065116753, -37.432358926878862 ], [ -72.316439924009984, -37.432467686742925 ], [ -72.316654671313287, -37.43287845897963 ], [ -72.316870223742896, -37.433290764807737 ], [ -72.317025820651466, -37.433588386701146 ], [ -72.317034574613885, -37.433605130943278 ], [ -72.31720184196719, -37.43392507342864 ], [ -72.317319498133003, -37.434150120537858 ], [ -72.317383299647091, -37.43427215429849 ], [ -72.317508829881518, -37.434512260195802 ], [ -72.317604364063712, -37.434511759763168 ], [ -72.317910750469082, -37.434510154848574 ], [ -72.318019422651346, -37.434509585648016 ], [ -72.318184273829445, -37.434508721236973 ], [ -72.31848167030337, -37.434507162136299 ], [ -72.318537564474369, -37.434506868501543 ], [ -72.318577379727287, -37.434506659486502 ], [ -72.318958468874527, -37.434504659785041 ], [ -72.318961685568553, -37.434504642686015 ], [ -72.319502442672103, -37.434501803835438 ], [ -72.319521788005176, -37.434501702175872 ], [ -72.319711878863458, -37.434500702821694 ], [ -72.319863023625132, -37.434499908014772 ], [ -72.320066251046157, -37.43449945036469 ], [ -72.322384792307417, -37.43449420657506 ], [ -72.32395063581292, -37.434490638752322 ], [ -72.32417537222841, -37.434490125151839 ], [ -72.324258468398696, -37.434489934997181 ], [ -72.32435712635683, -37.434484953713635 ], [ -72.324524532890891, -37.43447650044218 ], [ -72.324526342499524, -37.434477345228608 ], [ -72.324611237055805, -37.4345169555897 ], [ -72.324662078305565, -37.434533365771067 ], [ -72.324813524111605, -37.434562545324567 ], [ -72.324974407871366, -37.434571266779251 ], [ -72.325163489341747, -37.434581516873195 ], [ -72.325353639366654, -37.434577850563265 ], [ -72.325503184074378, -37.434574966756323 ], [ -72.325557042036536, -37.434575339176263 ], [ -72.325834436801529, -37.434577256442829 ], [ -72.326128308074132, -37.434579286519281 ], [ -72.326355067028317, -37.434580852881631 ], [ -72.326475314344279, -37.434581683214283 ], [ -72.326777880372134, -37.434583772402767 ], [ -72.326856699219277, -37.43458698716303 ], [ -72.326941292260472, -37.434600816155069 ], [ -72.327002701400488, -37.434617948391534 ], [ -72.327083969292474, -37.434653165775067 ], [ -72.327148269518162, -37.434694675536079 ], [ -72.327194596061034, -37.434748105851597 ], [ -72.327214901247928, -37.434771524918922 ], [ -72.32724560639474, -37.43481608886524 ], [ -72.327266991568109, -37.434897219263007 ], [ -72.327270895429422, -37.434912030071871 ], [ -72.327287024809365, -37.434976170799445 ], [ -72.3273606039469, -37.435268759984375 ], [ -72.327371475748066, -37.435311992934082 ], [ -72.327375710086258, -37.435349211219162 ], [ -72.327398806455633, -37.435552225038698 ], [ -72.327396121102936, -37.435576624236191 ], [ -72.327502484092449, -37.435550169815166 ], [ -72.327639428505037, -37.435398771455525 ], [ -72.327821114089957, -37.435108770314656 ], [ -72.327901709379248, -37.435020046500291 ] ] ] } },
{ "type": "Feature", "properties": { "zona": "17" }, "geometry": { "type": "Polygon", "coordinates": [ [ [ -72.327936623339937, -37.434981610638545 ], [ -72.327821114089957, -37.435108770314656 ], [ -72.327639428505037, -37.435398771455525 ], [ -72.327502484092449, -37.435550169815166 ], [ -72.327396121102936, -37.435576624236191 ], [ -72.327388172572952, -37.435648832129374 ], [ -72.327377537558277, -37.435745438290674 ], [ -72.327374418793127, -37.435765376155217 ], [ -72.327364174010839, -37.435886899857088 ], [ -72.327342034104959, -37.435951962463363 ], [ -72.327324520942682, -37.43600342464682 ], [ -72.327293990839976, -37.43609314482979 ], [ -72.327284868838319, -37.436119950342359 ], [ -72.327192220780162, -37.436331779367656 ], [ -72.327145897800307, -37.436437690266899 ], [ -72.327127327245947, -37.436480148842577 ], [ -72.327123947376961, -37.436488463571905 ], [ -72.327088814206704, -37.436571066121601 ], [ -72.327029354614496, -37.436710866312801 ], [ -72.326958036867723, -37.436878545437096 ], [ -72.326874774909683, -37.437092264458045 ], [ -72.32681933419255, -37.437234571371391 ], [ -72.32670830624609, -37.437539028910628 ], [ -72.326662937036332, -37.437663437690809 ], [ -72.326606065024166, -37.43781938745137 ], [ -72.32652205338421, -37.438049754470697 ], [ -72.326514221171507, -37.438071899684608 ], [ -72.326441065139946, -37.438278761578815 ], [ -72.326400095097696, -37.438394612768789 ], [ -72.326398484191913, -37.438399166599169 ], [ -72.326390725991416, -37.438421103517527 ], [ -72.32627773761962, -37.438739222173105 ], [ -72.326236033563177, -37.438856566047399 ], [ -72.326203329223205, -37.43894858947403 ], [ -72.326187728081464, -37.438992487491625 ], [ -72.326171403602018, -37.43903841827359 ], [ -72.326133363836604, -37.439137646980456 ], [ -72.326103917648879, -37.439214458470779 ], [ -72.326088551623656, -37.439254542857661 ], [ -72.32607318445163, -37.439294627216093 ], [ -72.326057682708694, -37.439335062664767 ], [ -72.326038333395317, -37.439393035966624 ], [ -72.326022537597893, -37.439440363709423 ], [ -72.325995285039212, -37.439533923439377 ], [ -72.325985846443459, -37.439603615759331 ], [ -72.325985144369895, -37.439608796610251 ], [ -72.325985195170986, -37.439640027795015 ], [ -72.325985251719601, -37.439675032990472 ], [ -72.32598543047736, -37.439785473510398 ], [ -72.325984326583324, -37.439799241025227 ], [ -72.325975259555491, -37.439912354897089 ], [ -72.325966192457955, -37.440025469665628 ], [ -72.325954885313877, -37.440059213741748 ], [ -72.326041010284357, -37.440095440283649 ], [ -72.326156982321265, -37.440163869854189 ], [ -72.326405253888893, -37.440331583965296 ], [ -72.326534386602233, -37.440427513119097 ], [ -72.3266361432172, -37.44052757409527 ], [ -72.326737900100724, -37.440627634992694 ], [ -72.326977652066944, -37.440847640705954 ], [ -72.327070493946806, -37.440922054705936 ], [ -72.327091551121669, -37.440938931583645 ], [ -72.327118085744317, -37.440960199206124 ], [ -72.327132420374937, -37.440971947070651 ], [ -72.327202545355334, -37.441029415 ], [ -72.327280491133209, -37.441093292896433 ], [ -72.327442895968204, -37.44122638635735 ], [ -72.327501387846397, -37.441278231036989 ], [ -72.32757911932201, -37.441347128525685 ], [ -72.327772041887187, -37.441518125510328 ], [ -72.327805157078757, -37.441547478011145 ], [ -72.327851404048161, -37.441588469067398 ], [ -72.328093241755823, -37.4418028202032 ], [ -72.328233506657995, -37.441927142196306 ], [ -72.328576546547012, -37.44223239754934 ], [ -72.328851771232578, -37.442477303194217 ], [ -72.329104765845145, -37.442702426096538 ], [ -72.329199327403742, -37.442786569784573 ], [ -72.329268218974676, -37.442736552123996 ], [ -72.329351863704019, -37.442675823013104 ], [ -72.330457978698703, -37.441872733737412 ], [ -72.330714760529091, -37.441686293590124 ], [ -72.330855964093857, -37.441583770892549 ], [ -72.331033278335894, -37.441455028667647 ], [ -72.331499947060024, -37.441119979755207 ], [ -72.331701880939121, -37.440974997664085 ], [ -72.332163875816875, -37.440643298911326 ], [ -72.332275997979664, -37.440562797817407 ], [ -72.332141024179606, -37.440497109698775 ], [ -72.331755206399308, -37.440309342108762 ], [ -72.331686078310796, -37.440269567592381 ], [ -72.331465814367107, -37.44010976202032 ], [ -72.331353996576226, -37.440028635573142 ], [ -72.332237259399861, -37.439609146502598 ], [ -72.33228200716745, -37.439382649904516 ], [ -72.332216376931257, -37.439276271908064 ], [ -72.332345370392147, -37.438649087847018 ], [ -72.332672763650947, -37.438018282130344 ], [ -72.332676724734966, -37.437906755359784 ], [ -72.332676845008777, -37.437903368966744 ], [ -72.332676920991375, -37.437901229623513 ], [ -72.33266212398199, -37.437897081933471 ], [ -72.332572019290311, -37.437871827064413 ], [ -72.332574919600745, -37.437862458746828 ], [ -72.332580868026255, -37.437843251460649 ], [ -72.332598346801717, -37.437786816206973 ], [ -72.332623301342466, -37.437760346180561 ], [ -72.332543062281133, -37.437672926903566 ], [ -72.332479708449739, -37.437653200710386 ], [ -72.332449453862637, -37.437643780183329 ], [ -72.332415445102328, -37.437606967347804 ], [ -72.332346563190583, -37.437537826820531 ], [ -72.332342860892936, -37.43749933480256 ], [ -72.33233831085947, -37.43745203502305 ], [ -72.332341029387351, -37.437375501294213 ], [ -72.332273428208936, -37.437270344886244 ], [ -72.332132215255655, -37.437249133019066 ], [ -72.332013651889682, -37.437246454975735 ], [ -72.331942438719977, -37.437262868776813 ], [ -72.331888158149212, -37.437261642644778 ], [ -72.331883157033374, -37.437261529674402 ], [ -72.331851559345608, -37.437279232979776 ], [ -72.331798120957515, -37.437309171208383 ], [ -72.331762514326471, -37.437317378047297 ], [ -72.331717770773494, -37.437316366376812 ], [ -72.33169194088164, -37.437315782864601 ], [ -72.331608024327394, -37.437331910383513 ], [ -72.331605767511391, -37.437333533677965 ], [ -72.331559460416287, -37.437366858006762 ], [ -72.331529850181852, -37.437375535460106 ], [ -72.331452951629188, -37.437386979705622 ], [ -72.331334017773628, -37.437384291704177 ], [ -72.331322238206695, -37.437384025559147 ], [ -72.331218392963962, -37.437305085042333 ], [ -72.331153307580109, -37.437241182216482 ], [ -72.331138541816586, -37.437226684792172 ], [ -72.331131049484981, -37.437221562049203 ], [ -72.331131016409685, -37.437221538773876 ], [ -72.331130984431582, -37.437221516424458 ], [ -72.331022697268949, -37.437147472978864 ], [ -72.330931810151284, -37.437041789652731 ], [ -72.330860888628621, -37.436938514666743 ], [ -72.330855301428272, -37.436930377461799 ], [ -72.330853240641858, -37.436927375222709 ], [ -72.330796998229346, -37.436840497061382 ], [ -72.330765117410749, -37.436822190372048 ], [ -72.330715322194294, -37.436793595358488 ], [ -72.330664240214006, -37.436706010133449 ], [ -72.330648749542036, -37.436679451011102 ], [ -72.330644715812454, -37.436668400443018 ], [ -72.330630389017188, -37.436629158240194 ], [ -72.330605626057448, -37.43656133188162 ], [ -72.330593139024401, -37.436547240029931 ], [ -72.330568258335759, -37.436519163863984 ], [ -72.330548585207893, -37.43649696443601 ], [ -72.330509894115366, -37.436446915043035 ], [ -72.330493906435237, -37.436426234381706 ], [ -72.33043514391494, -37.436350220659726 ], [ -72.330392630491602, -37.436315639054037 ], [ -72.330378168992667, -37.436303877002835 ], [ -72.330363351601079, -37.436280826699722 ], [ -72.330310570313486, -37.436198721372506 ], [ -72.330233333186698, -37.436152037723112 ], [ -72.330194409334027, -37.436128511008434 ], [ -72.330176093615705, -37.436117374600762 ], [ -72.33012066629864, -37.436083676963015 ], [ -72.330078954232832, -37.436058318290684 ], [ -72.330012698503438, -37.436010895098171 ], [ -72.329974952130968, -37.435983876961352 ], [ -72.329803835402217, -37.43591409190698 ], [ -72.329799511220145, -37.435912327983971 ], [ -72.329791051673624, -37.435910513828453 ], [ -72.329658621840011, -37.435882108427457 ], [ -72.32958741068343, -37.435898520866772 ], [ -72.329431326743205, -37.435915112161283 ], [ -72.329278114710135, -37.435936583762832 ], [ -72.329218746454274, -37.435941365383222 ], [ -72.329147076157341, -37.435947137575887 ], [ -72.32897258952012, -37.435951734564163 ], [ -72.328783363240262, -37.435956719752809 ], [ -72.328693585066389, -37.435959085036281 ], [ -72.328654614581041, -37.435960111348308 ], [ -72.328648710125321, -37.435960267071152 ], [ -72.328615112811875, -37.435958409660188 ], [ -72.328671718207403, -37.435868952623721 ], [ -72.32878355228533, -37.435706525731476 ], [ -72.328868855555427, -37.435583913023024 ], [ -72.328913106259122, -37.435514515614699 ], [ -72.328960590635035, -37.435440046825505 ], [ -72.329026686405967, -37.435336388111267 ], [ -72.32900069099567, -37.435327546029839 ], [ -72.328943838856887, -37.435309063463698 ], [ -72.32889521221297, -37.435293254870778 ], [ -72.328874210085218, -37.435286427040275 ], [ -72.328684559940186, -37.435224771092209 ], [ -72.328011340028951, -37.435005901814158 ], [ -72.328004559068873, -37.435003697473164 ], [ -72.327936623339937, -37.434981610638545 ] ] ] } },
{ "type": "Feature", "properties": { "zona": "18" }, "geometry": { "type": "Polygon", "coordinates": [ [ [ -72.317508829881518, -37.434512260195802 ], [ -72.317495572601231, -37.434512346597742 ], [ -72.310595637606042, -37.434557133599661 ], [ -72.310539286066401, -37.434690186080083 ], [ -72.310011612830522, -37.435936073544852 ], [ -72.310003039564037, -37.435963667780719 ], [ -72.309990484940172, -37.436004076210622 ], [ -72.31083075987604, -37.436282074234065 ], [ -72.311159823595176, -37.436387971966397 ], [ -72.311435649512333, -37.436476736089141 ], [ -72.311818398590802, -37.436599908266722 ], [ -72.31312053382662, -37.437018934572023 ], [ -72.313335580392163, -37.437088134383252 ], [ -72.314250067154035, -37.437386970350886 ], [ -72.314511853457375, -37.437472515558184 ], [ -72.314672494426006, -37.437516349495411 ], [ -72.315817712757379, -37.437828835356697 ], [ -72.315948518178033, -37.437867088379363 ], [ -72.316611492332214, -37.438060968700242 ], [ -72.317205535887823, -37.438234686062565 ], [ -72.317435465639207, -37.438299509120519 ], [ -72.317818235648275, -37.438407421090282 ], [ -72.318235699620146, -37.438525111805454 ], [ -72.318264594788545, -37.438532113528716 ], [ -72.318454466337457, -37.438580204205856 ], [ -72.318770108600788, -37.438660150337796 ], [ -72.318930138736434, -37.438693381969365 ], [ -72.31950428409084, -37.438812604377283 ], [ -72.319901550861246, -37.438895096461422 ], [ -72.320028536565601, -37.438920034455229 ], [ -72.320258681957725, -37.43896523154698 ], [ -72.320599553580763, -37.439032173515329 ], [ -72.320744183690948, -37.439060575706996 ], [ -72.321569259611749, -37.43922260147027 ], [ -72.321899996535123, -37.4392875482053 ], [ -72.322090807023329, -37.439322772911325 ], [ -72.322122294816509, -37.439328585334344 ], [ -72.322540858530431, -37.43940585189074 ], [ -72.322737101448425, -37.43944207729492 ], [ -72.323548157258784, -37.439591791185656 ], [ -72.323893929738432, -37.439655615978069 ], [ -72.324128132485512, -37.439698846569726 ], [ -72.324583862109577, -37.439782965596272 ], [ -72.324864712072625, -37.439834803621061 ], [ -72.325091739524979, -37.439876707359218 ], [ -72.325266694305512, -37.439908215724053 ], [ -72.325671921753951, -37.439982584844671 ], [ -72.325758904832483, -37.439998548664789 ], [ -72.325891642407228, -37.440039637007366 ], [ -72.325954885313877, -37.440059213741748 ], [ -72.325966192457955, -37.440025469665628 ], [ -72.325975259555491, -37.439912354897089 ], [ -72.325984326583324, -37.439799241025227 ], [ -72.32598543047736, -37.439785473510398 ], [ -72.325985251719601, -37.439675032990472 ], [ -72.325985195170986, -37.439640027795015 ], [ -72.325985144369895, -37.439608796610251 ], [ -72.325985846443459, -37.439603615759331 ], [ -72.325995285039212, -37.439533923439377 ], [ -72.326022537597893, -37.439440363709423 ], [ -72.326038333395317, -37.439393035966624 ], [ -72.326057682708694, -37.439335062664767 ], [ -72.32607318445163, -37.439294627216093 ], [ -72.326088551623656, -37.439254542857661 ], [ -72.326103917648879, -37.439214458470779 ], [ -72.326133363836604, -37.439137646980456 ], [ -72.326171403602018, -37.43903841827359 ], [ -72.326187728081464, -37.438992487491625 ], [ -72.326203329223205, -37.43894858947403 ], [ -72.326236033563177, -37.438856566047399 ], [ -72.32627773761962, -37.438739222173105 ], [ -72.326390725991416, -37.438421103517527 ], [ -72.326398484191913, -37.438399166599169 ], [ -72.326400095097696, -37.438394612768789 ], [ -72.326441065139946, -37.438278761578815 ], [ -72.326514221171507, -37.438071899684608 ], [ -72.32652205338421, -37.438049754470697 ], [ -72.326606065024166, -37.43781938745137 ], [ -72.326662937036332, -37.437663437690809 ], [ -72.32670830624609, -37.437539028910628 ], [ -72.32681933419255, -37.437234571371391 ], [ -72.326874774909683, -37.437092264458045 ], [ -72.326958036867723, -37.436878545437096 ], [ -72.327029354614496, -37.436710866312801 ], [ -72.327088814206704, -37.436571066121601 ], [ -72.327123947376961, -37.436488463571905 ], [ -72.327127327245947, -37.436480148842577 ], [ -72.327145897800307, -37.436437690266899 ], [ -72.327192220780162, -37.436331779367656 ], [ -72.327284868838319, -37.436119950342359 ], [ -72.327293990839976, -37.43609314482979 ], [ -72.327324520942682, -37.43600342464682 ], [ -72.327342034104959, -37.435951962463363 ], [ -72.327364174010839, -37.435886899857088 ], [ -72.327374418793127, -37.435765376155217 ], [ -72.327377537558277, -37.435745438290674 ], [ -72.327388172572952, -37.435648832129374 ], [ -72.327396121102936, -37.435576624236191 ], [ -72.327398806455633, -37.435552225038698 ], [ -72.327375710086258, -37.435349211219162 ], [ -72.327371475748066, -37.435311992934082 ], [ -72.3273606039469, -37.435268759984375 ], [ -72.327287024809365, -37.434976170799445 ], [ -72.327270895429422, -37.434912030071871 ], [ -72.327266991568109, -37.434897219263007 ], [ -72.32724560639474, -37.43481608886524 ], [ -72.327214901247928, -37.434771524918922 ], [ -72.327194596061034, -37.434748105851597 ], [ -72.327148269518162, -37.434694675536079 ], [ -72.327083969292474, -37.434653165775067 ], [ -72.327002701400488, -37.434617948391534 ], [ -72.326941292260472, -37.434600816155069 ], [ -72.326856699219277, -37.43458698716303 ], [ -72.326777880372134, -37.434583772402767 ], [ -72.326475314344279, -37.434581683214283 ], [ -72.326355067028317, -37.434580852881631 ], [ -72.326128308074132, -37.434579286519281 ], [ -72.325834436801529, -37.434577256442829 ], [ -72.325557042036536, -37.434575339176263 ], [ -72.325503184074378, -37.434574966756323 ], [ -72.325353639366654, -37.434577850563265 ], [ -72.325163489341747, -37.434581516873195 ], [ -72.324974407871366, -37.434571266779251 ], [ -72.324813524111605, -37.434562545324567 ], [ -72.324662078305565, -37.434533365771067 ], [ -72.324611237055805, -37.4345169555897 ], [ -72.324526342499524, -37.434477345228608 ], [ -72.324524532890891, -37.43447650044218 ], [ -72.32435712635683, -37.434484953713635 ], [ -72.324258468398696, -37.434489934997181 ], [ -72.32417537222841, -37.434490125151839 ], [ -72.32395063581292, -37.434490638752322 ], [ -72.322384792307417, -37.43449420657506 ], [ -72.320066251046157, -37.43449945036469 ], [ -72.319863023625132, -37.434499908014772 ], [ -72.319711878863458, -37.434500702821694 ], [ -72.319521788005176, -37.434501702175872 ], [ -72.319502442672103, -37.434501803835438 ], [ -72.318961685568553, -37.434504642686015 ], [ -72.318958468874527, -37.434504659785041 ], [ -72.318577379727287, -37.434506659486502 ], [ -72.318537564474369, -37.434506868501543 ], [ -72.31848167030337, -37.434507162136299 ], [ -72.318184273829445, -37.434508721236973 ], [ -72.318019422651346, -37.434509585648016 ], [ -72.317910750469082, -37.434510154848574 ], [ -72.317604364063712, -37.434511759763168 ], [ -72.317508829881518, -37.434512260195802 ] ] ] } },
{ "type": "Feature", "properties": { "zona": "53" }, "geometry": { "type": "Polygon", "coordinates": [ [ [ -72.390459315138131, -37.471233415362441 ], [ -72.390570370780082, -37.471265672519102 ], [ -72.390585731689839, -37.471281877197441 ], [ -72.390628081354123, -37.471326553710028 ], [ -72.390710725069752, -37.471745621159855 ], [ -72.390761599181786, -37.472003049923494 ], [ -72.390733195373443, -37.47383125470499 ], [ -72.390886435455315, -37.47383352705549 ], [ -72.39096870593157, -37.473827349211888 ], [ -72.391054518112441, -37.473820115947895 ], [ -72.391174204381798, -37.473794746139916 ], [ -72.39127815475544, -37.473791759459282 ], [ -72.39155156557608, -37.473805833144262 ], [ -72.391745860628916, -37.473816460009672 ], [ -72.391911263324332, -37.473823148471766 ], [ -72.392035137465825, -37.473811006901258 ], [ -72.392094533854703, -37.473801671043219 ], [ -72.392229580611925, -37.473772044567056 ], [ -72.392298880451577, -37.473770053427181 ], [ -72.3923762547672, -37.473787852670618 ], [ -72.392479334745545, -37.47384496163739 ], [ -72.392554890377426, -37.473901907877753 ], [ -72.392613577873604, -37.473929779824999 ], [ -72.392729488166523, -37.473953146268038 ], [ -72.39283343881074, -37.473950157322946 ], [ -72.392898821442927, -37.473967348123587 ], [ -72.393034408973335, -37.474002544369334 ], [ -72.393086950316089, -37.474026778611972 ], [ -72.393145071192976, -37.474051117989809 ], [ -72.393190113251521, -37.474062592482987 ], [ -72.393673401761944, -37.470886192602777 ], [ -72.39058099469915, -37.470594368245756 ], [ -72.390526336743918, -37.470589209850644 ], [ -72.390365296287129, -37.470574010206064 ], [ -72.390333761445802, -37.470571448849419 ], [ -72.390349847802483, -37.470683855796011 ], [ -72.390390499187887, -37.470967910556872 ], [ -72.390412545566633, -37.471056839703344 ], [ -72.390451358857021, -37.471213401241741 ], [ -72.390459315138131, -37.471233415362441 ] ] ] } },
{ "type": "Feature", "properties": { "zona": "52" }, "geometry": { "type": "Polygon", "coordinates": [ [ [ -72.394130315056444, -37.469479760192897 ], [ -72.394130183408251, -37.469481922695898 ], [ -72.394129509259102, -37.46949303042949 ], [ -72.394128959865597, -37.469502076434175 ], [ -72.394093162462909, -37.469603223741579 ], [ -72.394042147352863, -37.469665476879143 ], [ -72.393991628839785, -37.469751770403555 ], [ -72.393865189004103, -37.4699677482986 ], [ -72.393794855290778, -37.470087886870765 ], [ -72.393785958707326, -37.470146363786355 ], [ -72.393673401761944, -37.470886192602777 ], [ -72.393190113251521, -37.474062592482987 ], [ -72.3933256383784, -37.474117746967835 ], [ -72.39343920848502, -37.474173981005379 ], [ -72.393535848895581, -37.474236804234977 ], [ -72.393748326144475, -37.474236796681495 ], [ -72.393889725515692, -37.474231205492977 ], [ -72.394101049862485, -37.474248012108312 ], [ -72.394252767003067, -37.47425890541038 ], [ -72.394393840340527, -37.474288411606402 ], [ -72.394876830351905, -37.474428607344549 ], [ -72.394961221585916, -37.474432282271437 ], [ -72.3951825689077, -37.474416761194227 ], [ -72.395409001935164, -37.474471272099649 ], [ -72.395643613700926, -37.4744950344963 ], [ -72.395798621782944, -37.474536343846495 ], [ -72.395917149586609, -37.474532932961722 ], [ -72.396074049915669, -37.474531469349742 ], [ -72.396144369185791, -37.474520292527998 ], [ -72.39627244230492, -37.474558561632122 ], [ -72.396379061100276, -37.474566935744782 ], [ -72.396536845588017, -37.474627233520835 ], [ -72.396847520200978, -37.474724322789321 ], [ -72.397033349019551, -37.474748724508956 ], [ -72.397161400559682, -37.474744275162053 ], [ -72.397292354637599, -37.474740506024929 ], [ -72.397499685227146, -37.474753607731955 ], [ -72.397667202195919, -37.474817438272957 ], [ -72.397795944064256, -37.474828225290089 ], [ -72.397929903654173, -37.474827419706223 ], [ -72.39802407169293, -37.474809604252073 ], [ -72.398100924679724, -37.474799611942515 ], [ -72.398235077789579, -37.47484456230174 ], [ -72.398328326443476, -37.474875447586989 ], [ -72.398466063339654, -37.474915724105493 ], [ -72.398656027096337, -37.474946869207734 ], [ -72.398844217997919, -37.474981115380125 ], [ -72.398932330635276, -37.47498239225601 ], [ -72.399012749889764, -37.474961768915477 ], [ -72.399077392500047, -37.474930919849712 ], [ -72.399278137276454, -37.47481987014546 ], [ -72.399366468472664, -37.474783762833248 ], [ -72.399506266803272, -37.474785075543338 ], [ -72.399617930659829, -37.47477804493758 ], [ -72.399689343580462, -37.474769885428749 ], [ -72.399780807101138, -37.474718431194397 ], [ -72.399826504199211, -37.474691941383199 ], [ -72.399860259190078, -37.474676476106865 ], [ -72.399920478467934, -37.474674741013636 ], [ -72.40006385841599, -37.474670610717943 ], [ -72.400203010926958, -37.474615493290173 ], [ -72.400308835760171, -37.474606341972134 ], [ -72.400500319608341, -37.474607690247062 ], [ -72.400640830341644, -37.474603642063919 ], [ -72.400720708292738, -37.47459218631532 ], [ -72.400846190633558, -37.474573314228635 ], [ -72.400990664274033, -37.474572202224294 ], [ -72.401236908647789, -37.47457807436524 ], [ -72.401419501646018, -37.474615529203142 ], [ -72.401531649319153, -37.474619162359438 ], [ -72.401690080449669, -37.47460925615983 ], [ -72.401821504282438, -37.474594788723337 ], [ -72.401899885348712, -37.474592529487964 ], [ -72.402023882832012, -37.474604211355512 ], [ -72.402194510399795, -37.474609972196582 ], [ -72.402387974290022, -37.474612785650478 ], [ -72.402469222217533, -37.474610443121627 ], [ -72.402558256316212, -37.474610928338457 ], [ -72.402622817721181, -37.474620509125096 ], [ -72.402830688624888, -37.474666682943983 ], [ -72.402885992986114, -37.474683099588788 ], [ -72.402951613763463, -37.474694938294945 ], [ -72.403026654994434, -37.474703453534751 ], [ -72.403096433434214, -37.47470144134936 ], [ -72.403160095584482, -37.474691215096563 ], [ -72.403217807210765, -37.474655315470486 ], [ -72.403244082668536, -37.474643787560481 ], [ -72.403298359072494, -37.474637645093949 ], [ -72.403383119203767, -37.474628335955344 ], [ -72.403448866299101, -37.474621862634983 ], [ -72.403515775568664, -37.474619933089741 ], [ -72.403624583574583, -37.474634340401842 ], [ -72.403681879196512, -37.474652520713974 ], [ -72.403730731811876, -37.474653400230416 ], [ -72.403793224322158, -37.474638416993052 ], [ -72.403882929862718, -37.474611633415222 ], [ -72.40395826956717, -37.47460564646024 ], [ -72.404039517501658, -37.474603302848102 ], [ -72.40414725252387, -37.474594092749349 ], [ -72.404219206129227, -37.474576761676637 ], [ -72.404266524130364, -37.474522762764472 ], [ -72.404388671549228, -37.474409394254224 ], [ -72.404484690193343, -37.47433186947508 ], [ -72.404565729662679, -37.474324954895501 ], [ -72.404688805605375, -37.474337423817765 ], [ -72.404802621930514, -37.474335665740441 ], [ -72.404938215034903, -37.474328702731974 ], [ -72.405046969019679, -37.474301203266236 ], [ -72.405116678711963, -37.474254138251112 ], [ -72.40522615995026, -37.474199108001663 ], [ -72.405293596912273, -37.47416664979071 ], [ -72.405352860556121, -37.47416494047603 ], [ -72.405449310794353, -37.474181227349035 ], [ -72.405508816272189, -37.474184849840782 ], [ -72.40560539115306, -37.474182825689496 ], [ -72.405690026022924, -37.47419182576305 ], [ -72.405758817482976, -37.47416756757525 ], [ -72.405841840596111, -37.474174001759891 ], [ -72.406140692883341, -37.47415861373841 ], [ -72.406192597437681, -37.473264279751213 ], [ -72.40653611130152, -37.471322122521627 ], [ -72.406504254161675, -37.47131871764644 ], [ -72.406509227293441, -37.471301791027429 ], [ -72.406297582487568, -37.47128128344518 ], [ -72.406116526930603, -37.471263739002694 ], [ -72.405975086108384, -37.4720670369217 ], [ -72.405937545236483, -37.472149184561871 ], [ -72.405882957956351, -37.472205207041057 ], [ -72.405866821379959, -37.472222019043478 ], [ -72.405822758327005, -37.472230069513742 ], [ -72.405638581265535, -37.472273685629332 ], [ -72.405500139399635, -37.472306470934356 ], [ -72.405299442897956, -37.472348829626242 ], [ -72.405224106342743, -37.472364729962472 ], [ -72.405127715225959, -37.472385074218408 ], [ -72.404760253877939, -37.472462628338498 ], [ -72.40411738952281, -37.472603198702167 ], [ -72.403826724249868, -37.472669289762329 ], [ -72.40365720139107, -37.472657932598317 ], [ -72.403160582652077, -37.472728076610771 ], [ -72.402998810889102, -37.47276934273664 ], [ -72.402788230873057, -37.472734192671304 ], [ -72.402635951402047, -37.47274324088275 ], [ -72.402531876133423, -37.472811525205117 ], [ -72.402452763430716, -37.472815507072205 ], [ -72.402189295154571, -37.47271815637928 ], [ -72.402133066169768, -37.472717872708209 ], [ -72.402140320972975, -37.472319387649101 ], [ -72.402152200510486, -37.471666832986351 ], [ -72.402176401350616, -37.470647346738005 ], [ -72.402202909179238, -37.469530607230837 ], [ -72.402177480531179, -37.469528047305914 ], [ -72.401984752880793, -37.469469717864321 ], [ -72.401782039810342, -37.469518664915697 ], [ -72.401707529778079, -37.469597135761013 ], [ -72.401527011456025, -37.469696163427841 ], [ -72.401324986145013, -37.469863382583853 ], [ -72.401186189963909, -37.470001475342308 ], [ -72.401047128028083, -37.470147191029199 ], [ -72.401031225571032, -37.470154030225487 ], [ -72.400886795062547, -37.470216142531022 ], [ -72.400828347997916, -37.470245374559049 ], [ -72.400696709859076, -37.470314958302787 ], [ -72.400688902263695, -37.47031478643855 ], [ -72.400514972870738, -37.470310957694061 ], [ -72.400400190741564, -37.470308430830357 ], [ -72.400273154949474, -37.470307477786989 ], [ -72.400201355246395, -37.470293321781128 ], [ -72.400172462455501, -37.470287624921362 ], [ -72.400066601190503, -37.4702667534334 ], [ -72.399991107719714, -37.470220178993372 ], [ -72.39994476629856, -37.470191589511316 ], [ -72.399931125803803, -37.470187084500481 ], [ -72.39978387713029, -37.470138455045394 ], [ -72.399479875032711, -37.470019586285296 ], [ -72.399412090531115, -37.470021963814794 ], [ -72.399271771782878, -37.470026885385778 ], [ -72.399205835408111, -37.470085623993377 ], [ -72.399143900467877, -37.470140797523463 ], [ -72.398784608026304, -37.470105945952682 ], [ -72.398465179469071, -37.47000886016761 ], [ -72.398338683700146, -37.469970413810692 ], [ -72.397959057913567, -37.469872258093005 ], [ -72.397466240485556, -37.469789564182754 ], [ -72.397350529485308, -37.469798880839754 ], [ -72.39711602928314, -37.469817761354427 ], [ -72.396845861514777, -37.469811805825671 ], [ -72.396499075359912, -37.469741306791214 ], [ -72.396479875351403, -37.469722000344973 ], [ -72.396216049026705, -37.46945671257518 ], [ -72.395996123597229, -37.469088995186844 ], [ -72.395971155619506, -37.469047249550606 ], [ -72.395968369788037, -37.469042920377404 ], [ -72.395789444800386, -37.468764888538246 ], [ -72.395577745754835, -37.468697365965653 ], [ -72.395438303521729, -37.46881999858207 ], [ -72.39531888148403, -37.46901490598831 ], [ -72.395305282679416, -37.469028295954224 ], [ -72.395167247148166, -37.469164206728422 ], [ -72.394961195857334, -37.469258431999656 ], [ -72.394745133986405, -37.469316518915981 ], [ -72.394368360165942, -37.469460851194036 ], [ -72.394147239804198, -37.469480413035086 ], [ -72.394130315056444, -37.469479760192897 ] ] ] } },
{ "type": "Feature", "properties": { "zona": "103" }, "geometry": { "type": "Polygon", "coordinates": [ [ [ -72.365800811710187, -37.484150266467047 ], [ -72.365796171468119, -37.484141786126912 ], [ -72.365793651621786, -37.484124289631296 ], [ -72.365775278188991, -37.483996683015214 ], [ -72.365734555066069, -37.483713870763125 ], [ -72.365704488455791, -37.483505058334678 ], [ -72.365687962184637, -37.483390283409754 ], [ -72.365564890912268, -37.482535559051257 ], [ -72.365555118587295, -37.482467689413731 ], [ -72.365543848390715, -37.482389413559922 ], [ -72.365410814903768, -37.481465481438541 ], [ -72.36540804717211, -37.481446258260441 ], [ -72.365375037773902, -37.481217003017306 ], [ -72.365346325253242, -37.481017584214527 ], [ -72.365216981425391, -37.480119247531618 ], [ -72.365209159197107, -37.480064920152294 ], [ -72.365206827889324, -37.480048725459405 ], [ -72.365206538832751, -37.480046718521947 ], [ -72.36516402990479, -37.480048426413255 ], [ -72.365151053361501, -37.480048947839386 ], [ -72.365137934140776, -37.480049475091299 ], [ -72.365081811005481, -37.480052313721188 ], [ -72.365052089968472, -37.480053816742313 ], [ -72.364964053963561, -37.480058268011689 ], [ -72.364943978266908, -37.480059283390752 ], [ -72.364910809138493, -37.480060960835424 ], [ -72.364804471260641, -37.480066338984479 ], [ -72.364683310229935, -37.480072466630986 ], [ -72.364461417267151, -37.480083688012186 ], [ -72.36445347670967, -37.480084089284112 ], [ -72.364314173556437, -37.480091133527246 ], [ -72.364283241590215, -37.480092697632188 ], [ -72.364184035446087, -37.48009771447682 ], [ -72.363985966294777, -37.480206449847557 ], [ -72.363961189710764, -37.480220052382926 ], [ -72.363862385479905, -37.480274293497324 ], [ -72.362574423914396, -37.480981342361424 ], [ -72.360476468775232, -37.482132989769475 ], [ -72.358682654260889, -37.48311762414292 ], [ -72.357575411353949, -37.483725368673475 ], [ -72.355297020296419, -37.484975868580257 ], [ -72.355293959539765, -37.484977173321383 ], [ -72.355379957121158, -37.486141146004798 ], [ -72.355393476049471, -37.486324128812264 ], [ -72.355406072192352, -37.486494611366069 ], [ -72.355414528126886, -37.486609066100286 ], [ -72.355436684786341, -37.486908951527319 ], [ -72.355458561425621, -37.487205045073686 ], [ -72.355508637402082, -37.487882797889384 ], [ -72.355527376921955, -37.488136428953219 ], [ -72.355572318820364, -37.488744701362016 ], [ -72.355576904351466, -37.488806767609681 ], [ -72.355610188280622, -37.4887985199762 ], [ -72.355744487081793, -37.488791479644981 ], [ -72.356618598187396, -37.488745650261471 ], [ -72.356693259418194, -37.488737588033203 ], [ -72.357472194039687, -37.48868607181204 ], [ -72.358662542585705, -37.488607335988902 ], [ -72.358607779172686, -37.487653108128931 ], [ -72.358468361485791, -37.485223775748231 ], [ -72.35840148578103, -37.484058439044411 ], [ -72.358449013774305, -37.484054310178678 ], [ -72.358605933674795, -37.484040678950066 ], [ -72.360640339889216, -37.484059293387908 ], [ -72.360978418939965, -37.484062383799234 ], [ -72.361378644687079, -37.484066040334419 ], [ -72.361668889728463, -37.484068691412581 ], [ -72.362442618305792, -37.484075755597488 ], [ -72.362465795561207, -37.484075966986985 ], [ -72.362666934398632, -37.484077805454447 ], [ -72.362688136759616, -37.484077999719055 ], [ -72.363092188402504, -37.48408168543525 ], [ -72.363418143077169, -37.484084657559507 ], [ -72.363621850508451, -37.484086514812063 ], [ -72.363744098929885, -37.484087629709904 ], [ -72.363939949841736, -37.484089416418136 ], [ -72.364018447140836, -37.484090131810731 ], [ -72.364281953760837, -37.484100276942939 ], [ -72.364361692485616, -37.484103346511681 ], [ -72.364614397798377, -37.484113074962217 ], [ -72.364990325612183, -37.484127546302062 ], [ -72.365032782734616, -37.484129180508923 ], [ -72.365288028390779, -37.48414247046933 ], [ -72.365647108605728, -37.484161163069196 ], [ -72.365738672542932, -37.48416592923936 ], [ -72.365738911862721, -37.48416594088684 ], [ -72.365797166891298, -37.484168973496715 ], [ -72.365793886127776, -37.484168113621102 ], [ -72.365800968831138, -37.484150268170367 ], [ -72.365800811710187, -37.484150266467047 ] ] ] } },
{ "type": "Feature", "properties": { "zona": "115" }, "geometry": { "type": "Polygon", "coordinates": [ [ [ -72.348983076213287, -37.488503461658532 ], [ -72.349003825151271, -37.488518844646663 ], [ -72.349195074197425, -37.488660632124613 ], [ -72.349288354481345, -37.488749185908226 ], [ -72.349317262314997, -37.488827615697893 ], [ -72.349319305117248, -37.488843593297631 ], [ -72.349328897063458, -37.488918622928239 ], [ -72.349335371038777, -37.488969256020241 ], [ -72.349355722860153, -37.489047493701392 ], [ -72.349361883239879, -37.489059695254902 ], [ -72.349433705831075, -37.489201951283732 ], [ -72.349501081742645, -37.489291924702229 ], [ -72.349527757441891, -37.489326734459404 ], [ -72.349546482539111, -37.489355740050335 ], [ -72.349496566862854, -37.489388942039632 ], [ -72.349301546604167, -37.489518661355923 ], [ -72.349044394948507, -37.489689706236639 ], [ -72.34903155902964, -37.489714214022683 ], [ -72.349040975287124, -37.489809713978005 ], [ -72.349060100652949, -37.490003690538131 ], [ -72.349072377678837, -37.490128205780806 ], [ -72.349077164640391, -37.490183496712483 ], [ -72.349078384502988, -37.490197577007855 ], [ -72.34908137780512, -37.490232148853472 ], [ -72.349085687214412, -37.490281916934556 ], [ -72.349085880362651, -37.490294970332378 ], [ -72.349086331551973, -37.490325349874915 ], [ -72.349088021317641, -37.490325215704182 ], [ -72.349089354418126, -37.49032525374799 ], [ -72.349091531429394, -37.490325316147839 ], [ -72.34909350510631, -37.49032537217969 ], [ -72.349098328042501, -37.490325508409363 ], [ -72.349111918849673, -37.490325897382505 ], [ -72.34911855839448, -37.490326086116056 ], [ -72.349125199037474, -37.490326275775004 ], [ -72.349149428660084, -37.490326968506942 ], [ -72.349196319928339, -37.490328306133954 ], [ -72.349198213376283, -37.49032836036266 ], [ -72.349216873621955, -37.490328630661367 ], [ -72.349235535029791, -37.490328900082098 ], [ -72.349250282170672, -37.490329113152463 ], [ -72.34925774559126, -37.490329221253788 ], [ -72.349282094729716, -37.490329572415625 ], [ -72.349296854688475, -37.490332269243758 ], [ -72.349425876633006, -37.490355833132185 ], [ -72.349637087016092, -37.49039714850808 ], [ -72.349689239044082, -37.490407351175627 ], [ -72.349916059017986, -37.490430284074748 ], [ -72.350069605057271, -37.490445807419185 ], [ -72.350123977224087, -37.490451304538723 ], [ -72.350148306555212, -37.490452601249622 ], [ -72.350310081911431, -37.490461221712152 ], [ -72.350449053353643, -37.490486563120157 ], [ -72.350487094399696, -37.490493500294882 ], [ -72.350571843930538, -37.490530915240157 ], [ -72.350768964704017, -37.490619103867857 ], [ -72.35101714041015, -37.49071646759927 ], [ -72.351019038556217, -37.490717029232776 ], [ -72.351020619520938, -37.490717381899316 ], [ -72.351183728977801, -37.490726704240963 ], [ -72.351321709618261, -37.490735046269691 ], [ -72.351333559811494, -37.490735762690917 ], [ -72.351482566795681, -37.490767466447259 ], [ -72.351560645795161, -37.490785394889571 ], [ -72.3517028116501, -37.490818042460234 ], [ -72.351704402395072, -37.490818502569923 ], [ -72.351705971860952, -37.49081895679555 ], [ -72.351762452492238, -37.490838728189757 ], [ -72.351766276293816, -37.490840065614691 ], [ -72.351781756791127, -37.490845484349911 ], [ -72.351929055034788, -37.490897045869538 ], [ -72.352018517011757, -37.490933566153956 ], [ -72.352070636566609, -37.490935840828691 ], [ -72.351987531080539, -37.490803995273332 ], [ -72.351865144247583, -37.490658547496288 ], [ -72.351681618994377, -37.490501660864979 ], [ -72.351413706419336, -37.490130244348848 ], [ -72.351190501806514, -37.489821919964051 ], [ -72.351115485669297, -37.489673727935539 ], [ -72.351098756892469, -37.489460232239054 ], [ -72.351067029190361, -37.489168210122749 ], [ -72.351044300251047, -37.489045278962102 ], [ -72.350964210978674, -37.488859899274701 ], [ -72.350767140431685, -37.488659533957289 ], [ -72.350584871933876, -37.488469046024782 ], [ -72.350542519156861, -37.48842104737799 ], [ -72.350396411488148, -37.488236397090589 ], [ -72.350274575116458, -37.488112847298716 ], [ -72.350119806551376, -37.487991375116508 ], [ -72.350027707614714, -37.487912554423275 ], [ -72.349994840554984, -37.487929126238157 ], [ -72.349576213382392, -37.488155195178088 ], [ -72.349308512981821, -37.488313829852707 ], [ -72.349187536918123, -37.488384583451619 ], [ -72.348993269223143, -37.488498200939759 ], [ -72.348983076213287, -37.488503461658532 ] ] ] } },
{ "type": "Feature", "properties": { "zona": "114" }, "geometry": { "type": "Polygon", "coordinates": [ [ [ -72.350969913398544, -37.488873098822012 ], [ -72.351044300251047, -37.489045278962102 ], [ -72.351067029190361, -37.489168210122749 ], [ -72.351098756892469, -37.489460232239054 ], [ -72.351115485669297, -37.489673727935539 ], [ -72.351190501806514, -37.489821919964051 ], [ -72.351413706419336, -37.490130244348848 ], [ -72.351681618994377, -37.490501660864979 ], [ -72.351865144247583, -37.490658547496288 ], [ -72.351987531080539, -37.490803995273332 ], [ -72.352070636566609, -37.490935840828691 ], [ -72.352070707693059, -37.490935844226229 ], [ -72.352077417647166, -37.490945502404173 ], [ -72.35208819550347, -37.490961017163833 ], [ -72.352105155407628, -37.490980133569217 ], [ -72.35211062708305, -37.490986300981582 ], [ -72.352116754390011, -37.490993340961559 ], [ -72.352133223691638, -37.491012259828366 ], [ -72.35216462656706, -37.491048336572355 ], [ -72.352181651189468, -37.491075002170426 ], [ -72.35218505458424, -37.491080333813663 ], [ -72.352205993048912, -37.49110783781849 ], [ -72.352252975145547, -37.491158452929312 ], [ -72.352303524242799, -37.491218158283687 ], [ -72.352336800324352, -37.491255379960748 ], [ -72.35235011498699, -37.491268970935913 ], [ -72.352362048825412, -37.491281153135198 ], [ -72.352363448228417, -37.491282580348596 ], [ -72.352426710046075, -37.491342571656311 ], [ -72.352461695357476, -37.491372644325445 ], [ -72.352467277870034, -37.4913764758101 ], [ -72.35248205232854, -37.491386615791491 ], [ -72.35248619100183, -37.491393703971461 ], [ -72.352490050342155, -37.491400311899802 ], [ -72.352508438167732, -37.491430011444493 ], [ -72.352510644845992, -37.491442042175422 ], [ -72.352514662935832, -37.49146394290689 ], [ -72.352521339559203, -37.491504644677939 ], [ -72.352521352852008, -37.491504748604427 ], [ -72.352523707113207, -37.491529730787725 ], [ -72.35252371695239, -37.491529836439007 ], [ -72.352527513509344, -37.491570112275255 ], [ -72.352527517698491, -37.491570217799818 ], [ -72.352525848293837, -37.491583446599968 ], [ -72.352525835532802, -37.491583551744434 ], [ -72.352520166869269, -37.491628520997558 ], [ -72.352520164371725, -37.491628559689566 ], [ -72.352520156368243, -37.4916286261927 ], [ -72.352529115105852, -37.491685146876343 ], [ -72.352538073854475, -37.491741667559332 ], [ -72.352557071757332, -37.491779327724103 ], [ -72.352566808996414, -37.491798631729559 ], [ -72.352574739840932, -37.491819418112748 ], [ -72.352579893438971, -37.491832928778443 ], [ -72.352588480485963, -37.49185543659064 ], [ -72.352608202628105, -37.491887417932276 ], [ -72.35263196653284, -37.491914984323003 ], [ -72.35265240149586, -37.491926208203957 ], [ -72.352657622262385, -37.491929076384729 ], [ -72.35266147593849, -37.491930658654013 ], [ -72.352692458225789, -37.491943375200115 ], [ -72.352750387664585, -37.491994234702148 ], [ -72.35278961103154, -37.492024400508008 ], [ -72.352833397284968, -37.492078176941355 ], [ -72.352847531335954, -37.49209553578131 ], [ -72.352875271262135, -37.492124042832884 ], [ -72.352897050472166, -37.492146424701644 ], [ -72.352910281513047, -37.492160020949918 ], [ -72.352950536392257, -37.492203765328298 ], [ -72.352997071271361, -37.492254331378298 ], [ -72.35304186880272, -37.49231012638441 ], [ -72.353049921875609, -37.492320155245388 ], [ -72.353059697312858, -37.492332330434451 ], [ -72.353105771711554, -37.492398694405615 ], [ -72.353183995324386, -37.492495244756434 ], [ -72.353193143845232, -37.49250653540085 ], [ -72.353197173846723, -37.492514943058353 ], [ -72.353213881523345, -37.492549802468609 ], [ -72.353224843411269, -37.492556307385755 ], [ -72.353253343797149, -37.492573216008822 ], [ -72.353264283748445, -37.492585722767728 ], [ -72.353277461879813, -37.492600789313329 ], [ -72.3533406114299, -37.492654018356859 ], [ -72.353416537501857, -37.492732090119219 ], [ -72.353423480316664, -37.492739230317483 ], [ -72.353489684507011, -37.492806045411569 ], [ -72.353498733643661, -37.492814579993052 ], [ -72.353521493328927, -37.492836044766641 ], [ -72.353549495478447, -37.492863705988185 ], [ -72.353583659405132, -37.492901058967433 ], [ -72.353618913326329, -37.492939604217838 ], [ -72.353644249422672, -37.492962700071715 ], [ -72.353668686777581, -37.492981270191436 ], [ -72.353691948902025, -37.492993055588457 ], [ -72.353703110260568, -37.492997501376784 ], [ -72.353721921173801, -37.493004991392439 ], [ -72.353757465248535, -37.493019305774624 ], [ -72.353785124006663, -37.49302668322099 ], [ -72.35381619095925, -37.493047654704291 ], [ -72.353832467497682, -37.493057034307128 ], [ -72.353832520499566, -37.493057070638677 ], [ -72.353832571082449, -37.493057111421606 ], [ -72.353850003544281, -37.49307094051283 ], [ -72.353865045694221, -37.493083891502764 ], [ -72.353866124634635, -37.493084819506372 ], [ -72.353872788898698, -37.493096231936953 ], [ -72.353892669708515, -37.493123711045641 ], [ -72.353897334940172, -37.493141837943831 ], [ -72.353900119103358, -37.493168655400218 ], [ -72.353900130106396, -37.493168760176367 ], [ -72.353901543677239, -37.493182377093547 ], [ -72.353901551258389, -37.493182482694095 ], [ -72.353907759951468, -37.493199688102308 ], [ -72.353910564871072, -37.493207466331668 ], [ -72.353918852253202, -37.493252604284073 ], [ -72.353918867839994, -37.493252707360732 ], [ -72.353923312766284, -37.493294821548297 ], [ -72.353923323769365, -37.493294926324452 ], [ -72.35392600572716, -37.493320346560665 ], [ -72.353926014438358, -37.493320452186545 ], [ -72.353934941185074, -37.493351901188674 ], [ -72.353935873690304, -37.493355183230449 ], [ -72.353939529897232, -37.493368063738103 ], [ -72.353950697122471, -37.493402105006275 ], [ -72.353971673807479, -37.493438620731396 ], [ -72.353992296841042, -37.493475127625317 ], [ -72.354003899794961, -37.493488114154268 ], [ -72.35404159517266, -37.493530299546556 ], [ -72.354065826945046, -37.493560146958536 ], [ -72.354067673737916, -37.493562422218055 ], [ -72.354069301965097, -37.493564257339621 ], [ -72.354076972166425, -37.493572901546855 ], [ -72.354092902012326, -37.493590856480274 ], [ -72.354094065798904, -37.493592168456907 ], [ -72.354098264159759, -37.493596900599343 ], [ -72.354150308323568, -37.493654385907732 ], [ -72.354181216674732, -37.493679860228092 ], [ -72.354191185280072, -37.493686349104891 ], [ -72.354209890961556, -37.493698524295397 ], [ -72.354236918026757, -37.493721754343014 ], [ -72.354244878064208, -37.493728596494343 ], [ -72.35427159247314, -37.493742711040952 ], [ -72.354301566300762, -37.493754645836226 ], [ -72.354329030570312, -37.493757514118876 ], [ -72.35435111998973, -37.493762514734676 ], [ -72.354382001457182, -37.493758701211092 ], [ -72.35440707490973, -37.493759263105787 ], [ -72.354435017022766, -37.49374862622436 ], [ -72.354457503757843, -37.493742370865291 ], [ -72.354485366435014, -37.493733984081985 ], [ -72.354531080860781, -37.493730502912349 ], [ -72.35455980870951, -37.493717629915537 ], [ -72.354586511539623, -37.493708042962503 ], [ -72.354595245625816, -37.493704907250063 ], [ -72.354631584742194, -37.493696710373364 ], [ -72.354673303369367, -37.493686376729976 ], [ -72.354686069226176, -37.493684138753316 ], [ -72.354752956825493, -37.493672396507009 ], [ -72.354808797432582, -37.493662383749466 ], [ -72.354858749474005, -37.493658997401425 ], [ -72.354889678113977, -37.493655351507165 ], [ -72.354922984790122, -37.493651426373638 ], [ -72.354940735425942, -37.493652724298705 ], [ -72.354967399786759, -37.493654672492397 ], [ -72.355015859793781, -37.493653506341332 ], [ -72.355053213084915, -37.493656596014766 ], [ -72.355084780918986, -37.493660090420981 ], [ -72.355104259897871, -37.493662246158507 ], [ -72.355115774188832, -37.493665124570505 ], [ -72.355143847432501, -37.493672144234672 ], [ -72.35517196470407, -37.493679871354132 ], [ -72.355179548784676, -37.493681954333439 ], [ -72.355181448673093, -37.493683399034794 ], [ -72.355203985633239, -37.493700524131285 ], [ -72.35523811894474, -37.493714805568565 ], [ -72.355260260096941, -37.4937370266138 ], [ -72.355263376409468, -37.493740151213075 ], [ -72.355278436764593, -37.493754007156433 ], [ -72.355303890229919, -37.493783862767238 ], [ -72.355307517858364, -37.493794707873889 ], [ -72.35530996500674, -37.493802021190888 ], [ -72.355316660532679, -37.493815440129424 ], [ -72.355320196904032, -37.493822525534441 ], [ -72.3553237979812, -37.493840629442396 ], [ -72.355318755958166, -37.493903488331412 ], [ -72.355318747688884, -37.493903594477935 ], [ -72.355312073667903, -37.493974947677913 ], [ -72.355312072746514, -37.493974973789655 ], [ -72.355312065398579, -37.493975053824443 ], [ -72.355320976130415, -37.494020788675165 ], [ -72.355344778812523, -37.494057366573301 ], [ -72.355491148351163, -37.494125977311192 ], [ -72.355660603193826, -37.494161311286156 ], [ -72.355857851058701, -37.494170234917263 ], [ -72.355971903006719, -37.494174739370884 ], [ -72.355972316645818, -37.494158173491833 ], [ -72.355932731889141, -37.493622470454476 ], [ -72.355912230157017, -37.493345012444905 ], [ -72.355810328153595, -37.491965921560293 ], [ -72.355770251383106, -37.491423527346726 ], [ -72.355760164156621, -37.491287013755169 ], [ -72.355687772227085, -37.490307270146651 ], [ -72.355664080621949, -37.489986619386755 ], [ -72.35565270259373, -37.489832622211885 ], [ -72.355608300737202, -37.489231683576456 ], [ -72.355595072487375, -37.489052656956524 ], [ -72.355585602095459, -37.488924474446755 ], [ -72.355552985186307, -37.48891483811812 ], [ -72.355482764708313, -37.488905875157023 ], [ -72.355391299011956, -37.488909660150441 ], [ -72.355292262165349, -37.488915464283188 ], [ -72.355197770198401, -37.488921045745251 ], [ -72.355099055248104, -37.488929456649686 ], [ -72.354998080524055, -37.48893781143682 ], [ -72.354901659358873, -37.488945376953033 ], [ -72.35480749909722, -37.488952997552175 ], [ -72.354704298537328, -37.488960397493933 ], [ -72.354604488790898, -37.488967879631382 ], [ -72.354505842944079, -37.488974489350788 ], [ -72.354415105230288, -37.488981291518201 ], [ -72.354309645954601, -37.488988635992357 ], [ -72.354215484476526, -37.488996256089301 ], [ -72.354101413479015, -37.489002771194627 ], [ -72.354000299911476, -37.489009928031443 ], [ -72.353982463396207, -37.489011190833708 ], [ -72.353880292536772, -37.489017672363026 ], [ -72.353770118624325, -37.489025688345833 ], [ -72.353663429622728, -37.489032017953029 ], [ -72.353552127311076, -37.489039994921285 ], [ -72.353441954478953, -37.489048010620351 ], [ -72.353338605281849, -37.489055353764854 ], [ -72.353306220451543, -37.489057792482377 ], [ -72.353222737192922, -37.489064078719856 ], [ -72.353106965439224, -37.48907100348648 ], [ -72.353003663777272, -37.489077447186112 ], [ -72.352885537707323, -37.489086095951372 ], [ -72.352787883692429, -37.489092728268389 ], [ -72.352778671825348, -37.489013882147454 ], [ -72.352733656536969, -37.489035817013118 ], [ -72.352725243376355, -37.489035995118627 ], [ -72.35272544998945, -37.489038726531092 ], [ -72.352725685900324, -37.489041845179656 ], [ -72.352719432582973, -37.4890417383019 ], [ -72.352347268125172, -37.489043990639857 ], [ -72.352572275373774, -37.489039230559726 ], [ -72.352329803784201, -37.489035099644049 ], [ -72.352302630701772, -37.489034636225256 ], [ -72.352295259915209, -37.488939122856216 ], [ -72.352078590799152, -37.488942347390655 ], [ -72.352074037346412, -37.488879167091582 ], [ -72.351836797627371, -37.488892644990621 ], [ -72.351828306518087, -37.488832031050563 ], [ -72.351017690111803, -37.488873260697638 ], [ -72.350969913398544, -37.488873098822012 ] ] ] } },
{ "type": "Feature", "properties": { "zona": "117" }, "geometry": { "type": "Polygon", "coordinates": [ [ [ -72.325951603186795, -37.484181805400482 ], [ -72.325947860536786, -37.485022597150731 ], [ -72.325929956995353, -37.485474235474861 ], [ -72.325893771224571, -37.486471917460086 ], [ -72.325897391068338, -37.486618855479428 ], [ -72.325899882462181, -37.486720012172199 ], [ -72.325929007800212, -37.487028166418639 ], [ -72.325928270397696, -37.487054799201957 ], [ -72.325927531864153, -37.487081431959567 ], [ -72.325929122943023, -37.4876428129743 ], [ -72.325929813947297, -37.48788659831451 ], [ -72.32592449321038, -37.488037532982489 ], [ -72.325908649422132, -37.488486915422314 ], [ -72.32590751627221, -37.4885190612492 ], [ -72.325906177045667, -37.488572675902084 ], [ -72.325897959386552, -37.48890178574306 ], [ -72.325889873672565, -37.489225575689737 ], [ -72.325883672125187, -37.489473911361081 ], [ -72.325876097930092, -37.489777205368078 ], [ -72.32587004323517, -37.489921311864194 ], [ -72.325863799831779, -37.490069882694833 ], [ -72.325846371688712, -37.490484638135825 ], [ -72.325822757497789, -37.491046624800212 ], [ -72.325853472939187, -37.491033775046972 ], [ -72.325957465902391, -37.491025386643997 ], [ -72.32658289089504, -37.490974936129348 ], [ -72.327072611567303, -37.49093543025824 ], [ -72.327179694074786, -37.490905153332719 ], [ -72.327184643356972, -37.490815482214366 ], [ -72.327290924070141, -37.490817136850502 ], [ -72.327723746388742, -37.490823873751353 ], [ -72.32836383497721, -37.49076683052008 ], [ -72.328380866998586, -37.490765315510629 ], [ -72.328559435941642, -37.490749433703215 ], [ -72.328571775729714, -37.490748336033953 ], [ -72.329414339358365, -37.490673393037966 ], [ -72.329514145410954, -37.490664515685197 ], [ -72.329630832767961, -37.490653907885985 ], [ -72.329746448997824, -37.490643082004354 ], [ -72.329808189185357, -37.490637447072181 ], [ -72.32994177409374, -37.490625254020614 ], [ -72.330486866871141, -37.490575498832385 ], [ -72.330891995851729, -37.490538518383815 ], [ -72.331178542435723, -37.490512360871435 ], [ -72.331286810725487, -37.490501476396354 ], [ -72.33128742928686, -37.49050141378455 ], [ -72.332270400702441, -37.490401876180179 ], [ -72.332935961456357, -37.490334475611284 ], [ -72.333411352832442, -37.490287715223822 ], [ -72.333540710193972, -37.490274990950184 ], [ -72.334430873774423, -37.490188014549247 ], [ -72.334576227795495, -37.490173808437788 ], [ -72.334600696881182, -37.49017141694447 ], [ -72.335573050955034, -37.490076378823879 ], [ -72.335723328636746, -37.490061689478679 ], [ -72.336136545439558, -37.490021298713195 ], [ -72.336148871870137, -37.490020093613758 ], [ -72.336556442290203, -37.489980293052071 ], [ -72.336700699692088, -37.489966279437972 ], [ -72.337001097941737, -37.489937096870491 ], [ -72.33788904956198, -37.489849464899891 ], [ -72.338185446130296, -37.489820212491985 ], [ -72.338318912834794, -37.489807039434666 ], [ -72.338560193905678, -37.489783225220819 ], [ -72.338704538141926, -37.489769071425791 ], [ -72.33915472353992, -37.489724733772817 ], [ -72.339275975754461, -37.489712791894412 ], [ -72.339571302436767, -37.489683704708533 ], [ -72.339797826964869, -37.489661392782068 ], [ -72.340452016886459, -37.489596956253827 ], [ -72.340459772453684, -37.489596190202477 ], [ -72.340737515198754, -37.489568768412127 ], [ -72.34076862819694, -37.489565696259476 ], [ -72.341185238234416, -37.489524731547192 ], [ -72.341722580030918, -37.489497502709348 ], [ -72.341725958349812, -37.489497331871959 ], [ -72.341737664273211, -37.489496654684338 ], [ -72.34179574507894, -37.48949329647013 ], [ -72.341818194479785, -37.489454632282602 ], [ -72.342802659215295, -37.487759047239372 ], [ -72.342813072089371, -37.487741498996101 ], [ -72.342753977451608, -37.487719391029948 ], [ -72.342550783728257, -37.487643372577296 ], [ -72.342319905918458, -37.487556996739762 ], [ -72.340752798120945, -37.486970691767645 ], [ -72.340507435349039, -37.486878891269996 ], [ -72.340507392954748, -37.486878874996052 ], [ -72.339427706221286, -37.486475636310828 ], [ -72.338598617630495, -37.486165980597939 ], [ -72.337847948463306, -37.485885606558412 ], [ -72.337156970275714, -37.485627521431255 ], [ -72.336292412502445, -37.485304594561747 ], [ -72.3362876482948, -37.485302815506081 ], [ -72.335980168221553, -37.485187963986277 ], [ -72.335801683093578, -37.485121295502147 ], [ -72.334880492511644, -37.484777200082398 ], [ -72.333645395601408, -37.484315834058663 ], [ -72.333307442518787, -37.484189590351477 ], [ -72.33328253424979, -37.484183305677973 ], [ -72.333230467047073, -37.484183559690223 ], [ -72.332674866736696, -37.484329525467956 ], [ -72.332662255874155, -37.484332838706464 ], [ -72.331805371908757, -37.484578085839892 ], [ -72.331455761849057, -37.484635393323302 ], [ -72.330974239696644, -37.484714320828509 ], [ -72.330864621385274, -37.484711778687391 ], [ -72.33086064879609, -37.48471168617305 ], [ -72.330543219074187, -37.484675043894924 ], [ -72.330044520398687, -37.484577638691647 ], [ -72.327536082569253, -37.484087655932022 ], [ -72.327144768081695, -37.48401121414021 ], [ -72.326251868063125, -37.483858222835146 ], [ -72.326183806020836, -37.483846560146873 ], [ -72.326067907393011, -37.483800844118733 ], [ -72.326031046782731, -37.483786305171158 ], [ -72.325997718824908, -37.483773159143169 ], [ -72.325953499764921, -37.483755716833599 ], [ -72.325953405364928, -37.483777006178606 ], [ -72.325953353455233, -37.483788702342558 ], [ -72.325952477774038, -37.483985253861725 ], [ -72.325951603186795, -37.484181805400482 ] ] ] } },
{ "type": "Feature", "properties": { "zona": "116" }, "geometry": { "type": "Polygon", "coordinates": [ [ [ -72.342813072089371, -37.487741498996101 ], [ -72.342802659215295, -37.487759047239372 ], [ -72.341818194479785, -37.489454632282602 ], [ -72.34179574507894, -37.48949329647013 ], [ -72.341755143598277, -37.489563224316193 ], [ -72.341714540876794, -37.489633153019611 ], [ -72.341714496353745, -37.489633228611851 ], [ -72.341694558234821, -37.489663769004132 ], [ -72.341679805251601, -37.489686366576699 ], [ -72.34176223366515, -37.489678073330076 ], [ -72.342927860659671, -37.489560788947415 ], [ -72.343071052525858, -37.489546380370484 ], [ -72.343349742508082, -37.489518336633459 ], [ -72.343418366420309, -37.48951124455418 ], [ -72.343865207008562, -37.489465064502745 ], [ -72.344200569871973, -37.489441973931392 ], [ -72.344448403209199, -37.489431776591317 ], [ -72.344618516021598, -37.489424776888292 ], [ -72.344758975989805, -37.48941899696274 ], [ -72.345140354663855, -37.48938434914831 ], [ -72.34568724600949, -37.489304481832008 ], [ -72.346075258351505, -37.489245244496658 ], [ -72.346358313899657, -37.489217769333969 ], [ -72.346936302076458, -37.48916166460657 ], [ -72.347044922689619, -37.489163114279513 ], [ -72.347246399817806, -37.489150158119067 ], [ -72.34727470759951, -37.489145911034392 ], [ -72.347568039222594, -37.489093489375144 ], [ -72.34765536206433, -37.489088804584263 ], [ -72.347735500226918, -37.489063927416424 ], [ -72.348046998802417, -37.488967227241979 ], [ -72.348084442479689, -37.488955603188444 ], [ -72.348355719288861, -37.488836348481783 ], [ -72.348429090610423, -37.48879997289675 ], [ -72.348520027083921, -37.488753763188612 ], [ -72.348659307927207, -37.488677846174276 ], [ -72.348754222205145, -37.488626112559224 ], [ -72.348910757340718, -37.488540791183844 ], [ -72.348911122512263, -37.488540602039471 ], [ -72.348955381431892, -37.488517756853085 ], [ -72.348983076213287, -37.488503461658532 ], [ -72.348993269223143, -37.488498200939759 ], [ -72.349187536918123, -37.488384583451619 ], [ -72.349308512981821, -37.488313829852707 ], [ -72.349576213382392, -37.488155195178088 ], [ -72.349994840554984, -37.487929126238157 ], [ -72.350027707614714, -37.487912554423275 ], [ -72.349968322547028, -37.487875594924233 ], [ -72.349833795526706, -37.487821439563163 ], [ -72.349709197290878, -37.48781197703277 ], [ -72.349507779828784, -37.487766616755472 ], [ -72.349416579286569, -37.487697978556312 ], [ -72.349253351706281, -37.487557197267314 ], [ -72.349061681531907, -37.487381085939461 ], [ -72.348873110912862, -37.487147698670391 ], [ -72.348411663922121, -37.486545172624702 ], [ -72.348029309263922, -37.486043405487187 ], [ -72.347423356788767, -37.485250479559056 ], [ -72.347064783286356, -37.484723624971785 ], [ -72.346919437489845, -37.484469913482826 ], [ -72.346731511904736, -37.484295370392502 ], [ -72.346063325495919, -37.484853576650274 ], [ -72.345959380311982, -37.484939587265444 ], [ -72.345062968021182, -37.485681319943637 ], [ -72.345028827985956, -37.485709568145495 ], [ -72.34485365523274, -37.485859456445461 ], [ -72.343984789683446, -37.486556422516621 ], [ -72.343756738259827, -37.486739351966357 ], [ -72.34343204096416, -37.486999803656538 ], [ -72.343221248901784, -37.487200510099996 ], [ -72.343091233317779, -37.487324304470427 ], [ -72.342977068958803, -37.487465117949917 ], [ -72.342889863699909, -37.487612082622341 ], [ -72.342813072089371, -37.487741498996101 ] ] ] } },
{ "type": "Feature", "properties": { "zona": "105" }, "geometry": { "type": "Polygon", "coordinates": [ [ [ -72.348641149144456, -37.48094524268673 ], [ -72.348563084554371, -37.480949758706849 ], [ -72.348580529882057, -37.481108396531752 ], [ -72.348584344992801, -37.48115914660886 ], [ -72.348622613335579, -37.481380009189536 ], [ -72.348552848380791, -37.481471845079533 ], [ -72.348445003387482, -37.481661896330451 ], [ -72.348411575629939, -37.481720805855588 ], [ -72.348324023005461, -37.481875095018047 ], [ -72.348201241483125, -37.482062210834641 ], [ -72.348143853724935, -37.482149668377453 ], [ -72.347726228077164, -37.482817645229844 ], [ -72.34768128579924, -37.482889528753674 ], [ -72.347402986106047, -37.483334650308045 ], [ -72.347297138528958, -37.48350736000863 ], [ -72.347191094773294, -37.483680390497533 ], [ -72.346900078843078, -37.484155231274748 ], [ -72.346904580784596, -37.484154968389149 ], [ -72.346895745546334, -37.484162136473842 ], [ -72.346792057011427, -37.484246254075948 ], [ -72.346731511904736, -37.484295370392502 ], [ -72.346919437489845, -37.484469913482826 ], [ -72.347064783286356, -37.484723624971785 ], [ -72.347423356788767, -37.485250479559056 ], [ -72.348029309263922, -37.486043405487187 ], [ -72.348411663922121, -37.486545172624702 ], [ -72.348873110912862, -37.487147698670391 ], [ -72.349061681531907, -37.487381085939461 ], [ -72.349253351706281, -37.487557197267314 ], [ -72.349416579286569, -37.487697978556312 ], [ -72.349507779828784, -37.487766616755472 ], [ -72.349709197290878, -37.48781197703277 ], [ -72.349833795526706, -37.487821439563163 ], [ -72.349968322547028, -37.487875594924233 ], [ -72.350027707614714, -37.487912554423275 ], [ -72.350051818467193, -37.487900397975352 ], [ -72.350281566254139, -37.487777548265541 ], [ -72.350839014085636, -37.487460913507711 ], [ -72.351156952686878, -37.487280320291205 ], [ -72.351660733654995, -37.486996724373292 ], [ -72.352164510873976, -37.486713126146405 ], [ -72.352166971563435, -37.486711749458308 ], [ -72.352160131683675, -37.486415573705287 ], [ -72.352151188001542, -37.486401068789569 ], [ -72.352136416453774, -37.486198738594574 ], [ -72.352131256265409, -37.486128050979225 ], [ -72.352124107360126, -37.486030137465107 ], [ -72.352057133196453, -37.485112760647461 ], [ -72.352050679541989, -37.485024364992583 ], [ -72.352031435286278, -37.484671221684486 ], [ -72.352018605641874, -37.484435787393153 ], [ -72.352012917358763, -37.484331389733946 ], [ -72.351996195326322, -37.484024532082003 ], [ -72.351985317130712, -37.48382490418129 ], [ -72.351984057352581, -37.483807296929683 ], [ -72.351916015742191, -37.482856392331072 ], [ -72.351895215304722, -37.482565705609574 ], [ -72.351887427327753, -37.482456857969588 ], [ -72.351858312318399, -37.482049955050243 ], [ -72.35180260807023, -37.481271456609591 ], [ -72.351772220382088, -37.480784991528928 ], [ -72.351752185364148, -37.480786158756928 ], [ -72.351654231161888, -37.480791863536695 ], [ -72.350715228826871, -37.480846547244276 ], [ -72.350148528131996, -37.480879546370055 ], [ -72.34904730965583, -37.480916220277756 ], [ -72.348893471815728, -37.480930646978905 ], [ -72.348641149144456, -37.48094524268673 ] ] ] } },
{ "type": "Feature", "properties": { "zona": "104" }, "geometry": { "type": "Polygon", "coordinates": [ [ [ -72.364173537136608, -37.480098245162189 ], [ -72.364142068257422, -37.480099835992007 ], [ -72.363809734436757, -37.480116640266779 ], [ -72.363774126476258, -37.480118440458867 ], [ -72.363385831316734, -37.480138073411815 ], [ -72.362997656110622, -37.480157698749856 ], [ -72.362995097228108, -37.480157828131155 ], [ -72.362988484824484, -37.480158274286367 ], [ -72.36222543505059, -37.480209731004997 ], [ -72.36148917302765, -37.480259377206821 ], [ -72.360967552964141, -37.480285329448201 ], [ -72.360870828892601, -37.480291199167667 ], [ -72.359878243194217, -37.480351434774832 ], [ -72.359386499369791, -37.480377650653224 ], [ -72.358190591872642, -37.480441396796124 ], [ -72.356875819936775, -37.48051266246506 ], [ -72.356601394240286, -37.480527535599641 ], [ -72.355853116192421, -37.480568087044546 ], [ -72.354971944334352, -37.480615833899861 ], [ -72.353923906546072, -37.480664679007461 ], [ -72.35339893424603, -37.48068914291845 ], [ -72.351942646593514, -37.480774951185367 ], [ -72.351772220382088, -37.480784991528928 ], [ -72.35180260807023, -37.481271456609591 ], [ -72.351858312318399, -37.482049955050243 ], [ -72.351887427327753, -37.482456857969588 ], [ -72.351895215304722, -37.482565705609574 ], [ -72.351916015742191, -37.482856392331072 ], [ -72.351984057352581, -37.483807296929683 ], [ -72.351985317130712, -37.48382490418129 ], [ -72.351996195326322, -37.484024532082003 ], [ -72.352012917358763, -37.484331389733946 ], [ -72.352018605641874, -37.484435787393153 ], [ -72.352031435286278, -37.484671221684486 ], [ -72.352050679541989, -37.485024364992583 ], [ -72.352057133196453, -37.485112760647461 ], [ -72.352124107360126, -37.486030137465107 ], [ -72.352131256265409, -37.486128050979225 ], [ -72.352136416453774, -37.486198738594574 ], [ -72.352151188001542, -37.486401068789569 ], [ -72.352160131683675, -37.486415573705287 ], [ -72.352166971563435, -37.486711749458308 ], [ -72.352347311542374, -37.486610842572091 ], [ -72.352527652205666, -37.486509934515063 ], [ -72.353010891750202, -37.48624045568576 ], [ -72.353186554557468, -37.486142497397687 ], [ -72.353626135252512, -37.485897363084945 ], [ -72.354347899294737, -37.485494860057955 ], [ -72.354695585196808, -37.485300964358181 ], [ -72.355050756289998, -37.485106686506256 ], [ -72.3551771261548, -37.485039924123669 ], [ -72.355253274289737, -37.484994514085855 ], [ -72.355293959539765, -37.484977173321383 ], [ -72.355297020296419, -37.484975868580257 ], [ -72.357575411353949, -37.483725368673475 ], [ -72.358682654260889, -37.48311762414292 ], [ -72.360476468775232, -37.482132989769475 ], [ -72.362574423914396, -37.480981342361424 ], [ -72.363862385479905, -37.480274293497324 ], [ -72.363961189710764, -37.480220052382926 ], [ -72.363985966294777, -37.480206449847557 ], [ -72.364184035446087, -37.48009771447682 ], [ -72.364181656686824, -37.480097834388232 ], [ -72.364173537136608, -37.480098245162189 ] ] ] } },
{ "type": "Feature", "properties": { "zona": "76" }, "geometry": { "type": "Polygon", "coordinates": [ [ [ -72.362394748501842, -37.472379695208865 ], [ -72.362429667896023, -37.47245248197283 ], [ -72.362483782910203, -37.473204891049953 ], [ -72.362486723287105, -37.473245768481185 ], [ -72.36248908863007, -37.473278659051537 ], [ -72.362489617231773, -37.473286005079416 ], [ -72.362518811412698, -37.473691901020942 ], [ -72.362527341389182, -37.473810500595143 ], [ -72.362535871413101, -37.473929099267195 ], [ -72.362565620740554, -37.474342720260516 ], [ -72.36256569498164, -37.474343760009596 ], [ -72.362596372614661, -37.474770278723661 ], [ -72.362611744129737, -37.474983992965683 ], [ -72.362614799361907, -37.475026461626925 ], [ -72.362646992803974, -37.475474061623608 ], [ -72.362677067953442, -37.475892199006296 ], [ -72.362691276181849, -37.476089742758788 ], [ -72.362705572014434, -37.476288494161139 ], [ -72.362729600529548, -37.4765905294731 ], [ -72.362758745598327, -37.476956869448493 ], [ -72.362806709313773, -37.47755975384009 ], [ -72.362832553360647, -37.477910108954624 ], [ -72.36284243599593, -37.478044084741263 ], [ -72.362844571570378, -37.478073032261563 ], [ -72.362897874343389, -37.478795622532203 ], [ -72.362899554477735, -37.478819162168314 ], [ -72.36292522204073, -37.479178794811048 ], [ -72.362931037252551, -37.479260275097701 ], [ -72.36294865955179, -37.479507185361591 ], [ -72.362990159750396, -37.480088652425898 ], [ -72.362991706483498, -37.480110327364486 ], [ -72.362997656110622, -37.480157698749856 ], [ -72.363385831316734, -37.480138073411815 ], [ -72.363774126476258, -37.480118440458867 ], [ -72.363809734436757, -37.480116640266779 ], [ -72.364142068257422, -37.480099835992007 ], [ -72.364173537136608, -37.480098245162189 ], [ -72.364181656686824, -37.480097834388232 ], [ -72.364184035446087, -37.48009771447682 ], [ -72.364201721485387, -37.480088990865831 ], [ -72.364204841058282, -37.480086292265973 ], [ -72.364236470753141, -37.480059988185964 ], [ -72.364277313910861, -37.48002602029009 ], [ -72.364295189484068, -37.480015699605111 ], [ -72.364749081781895, -37.47975363684801 ], [ -72.36484615698312, -37.479697720843049 ], [ -72.36505114033055, -37.479579649483057 ], [ -72.365319922519603, -37.479374218513065 ], [ -72.365663722288531, -37.479054323357971 ], [ -72.365666745335304, -37.479051344117678 ], [ -72.365710293009656, -37.479008430244527 ], [ -72.365938535572553, -37.478783510397378 ], [ -72.366156166174733, -37.478528198257457 ], [ -72.36618016035726, -37.478500047218915 ], [ -72.36633557719459, -37.478277654375638 ], [ -72.366419363676158, -37.478148354304409 ], [ -72.366531579118487, -37.477962932951797 ], [ -72.366661589090512, -37.477678072264929 ], [ -72.366804035040843, -37.477331464594769 ], [ -72.36682453587467, -37.477281576161836 ], [ -72.366896267569899, -37.477047922891167 ], [ -72.366897052286248, -37.477042769758555 ], [ -72.366897068412925, -37.47704266468704 ], [ -72.366926287790704, -37.476850691764696 ], [ -72.366926302787476, -37.476850586667979 ], [ -72.366939571358046, -37.476763409840977 ], [ -72.366939584095178, -37.476763304693861 ], [ -72.366940778906908, -37.476751816813852 ], [ -72.366940789384444, -37.476751711616345 ], [ -72.366944648909538, -37.476714597605863 ], [ -72.366944660548484, -37.476714491533137 ], [ -72.366945470157646, -37.476706696868128 ], [ -72.366945473856347, -37.476706591519452 ], [ -72.366942072805088, -37.476636448109687 ], [ -72.36694207198461, -37.476636342660242 ], [ -72.366953929240822, -37.476625334953134 ], [ -72.366957000098253, -37.476595805211304 ], [ -72.366957010607337, -37.476595699113368 ], [ -72.366996443977314, -37.476216454960287 ], [ -72.36699644996709, -37.476216348761582 ], [ -72.36699677495217, -37.476192921453446 ], [ -72.366996776422752, -37.476192815153958 ], [ -72.366998495356427, -37.476068524004639 ], [ -72.366998496795375, -37.476068418605557 ], [ -72.367001308485399, -37.475865174862719 ], [ -72.367001303145614, -37.475865069312484 ], [ -72.366975026843264, -37.475656135147091 ], [ -72.366975014693196, -37.47565603034608 ], [ -72.366964426132796, -37.475585881642345 ], [ -72.366941679419341, -37.475435028639794 ], [ -72.366934595439147, -37.475404958852494 ], [ -72.366930114261251, -37.475385935378405 ], [ -72.366899247749757, -37.475254906186031 ], [ -72.366883148536473, -37.475186558479095 ], [ -72.366856305303898, -37.475080867509156 ], [ -72.366826765235132, -37.474964557053426 ], [ -72.36682077619281, -37.474940981726867 ], [ -72.366816507023628, -37.474923682315371 ], [ -72.36681534884633, -37.474918991382701 ], [ -72.366808806998122, -37.474892483193692 ], [ -72.366808748623995, -37.474892245798152 ], [ -72.366808690218249, -37.474892009303026 ], [ -72.366800042822177, -37.474856974607569 ], [ -72.366794067670781, -37.47482575808143 ], [ -72.366792875273262, -37.474819529973686 ], [ -72.36679287448446, -37.474819423623806 ], [ -72.366792852789999, -37.474818721166557 ], [ -72.366792849741657, -37.474818614766285 ], [ -72.36679208550882, -37.474793782647026 ], [ -72.366507064547818, -37.474788779573068 ], [ -72.366507319961798, -37.474744474438225 ], [ -72.366546074055208, -37.474720491259291 ], [ -72.366557244631665, -37.474703948002059 ], [ -72.366559560075515, -37.474666404866866 ], [ -72.366539067293132, -37.474623310368067 ], [ -72.366487980988381, -37.474514600539187 ], [ -72.366453254383828, -37.474440500880284 ], [ -72.366340894147143, -37.474231194676904 ], [ -72.366234022039137, -37.474055391919663 ], [ -72.366153575417243, -37.473934624264963 ], [ -72.366108753722798, -37.473811718980308 ], [ -72.366074791495805, -37.47382228038196 ], [ -72.365927509626985, -37.473676601543197 ], [ -72.365895924875005, -37.473582701191276 ], [ -72.365871336489747, -37.47354089302948 ], [ -72.365829560987152, -37.473477750372872 ], [ -72.365691326504219, -37.473322412116424 ], [ -72.365667737018356, -37.473285840987508 ], [ -72.365580902896511, -37.473199452403811 ], [ -72.365465404023283, -37.473099932858744 ], [ -72.365219930764553, -37.472901887875778 ], [ -72.365084193748004, -37.472807059976041 ], [ -72.364804409698323, -37.47262064973274 ], [ -72.36442950079369, -37.472405066703843 ], [ -72.364126563045886, -37.472258988608658 ], [ -72.364080409412153, -37.472259556002129 ], [ -72.36397071215508, -37.472279992912142 ], [ -72.363704145057852, -37.472296858977977 ], [ -72.363206770217275, -37.472328325825387 ], [ -72.362845971126177, -37.472351150665467 ], [ -72.362533775579934, -37.47237090046621 ], [ -72.362394748501842, -37.472379695208865 ] ] ] } },
{ "type": "Feature", "properties": { "zona": "91" }, "geometry": { "type": "Polygon", "coordinates": [ [ [ -72.350059979997738, -37.476968760687335 ], [ -72.349832471414317, -37.476980986540241 ], [ -72.348459422113777, -37.477054764662313 ], [ -72.348210057345241, -37.477068161816973 ], [ -72.348210820275696, -37.477077730796282 ], [ -72.348211619289373, -37.477087750243555 ], [ -72.348220771985382, -37.4772024562876 ], [ -72.348297445151999, -37.478163559168657 ], [ -72.348314399017553, -37.478376074651521 ], [ -72.348314458680946, -37.478376753631665 ], [ -72.348322031249182, -37.478462573094177 ], [ -72.348334424610186, -37.478602545329984 ], [ -72.348360161274798, -37.478893232618752 ], [ -72.348366677193496, -37.478966822711016 ], [ -72.348422730229672, -37.479599909773263 ], [ -72.348429480466336, -37.479669113975412 ], [ -72.348430340147829, -37.479689410219969 ], [ -72.348434007392939, -37.479775996219139 ], [ -72.348457399586223, -37.479988718414198 ], [ -72.348491564964462, -37.480299403279091 ], [ -72.348528692707106, -37.480637024159869 ], [ -72.348546850808873, -37.480802139010038 ], [ -72.348560825792745, -37.480929215680099 ], [ -72.348563084554371, -37.480949758706849 ], [ -72.348641149144456, -37.48094524268673 ], [ -72.348893471815728, -37.480930646978905 ], [ -72.34904730965583, -37.480916220277756 ], [ -72.350148528131996, -37.480879546370055 ], [ -72.350715228826871, -37.480846547244276 ], [ -72.351654231161888, -37.480791863536695 ], [ -72.351752185364148, -37.480786158756928 ], [ -72.351772220382088, -37.480784991528928 ], [ -72.351769853370499, -37.480758043680467 ], [ -72.351707857875297, -37.480052121479581 ], [ -72.351688244739819, -37.479828790985408 ], [ -72.351661755437661, -37.479527156810121 ], [ -72.351658940056382, -37.479495104880286 ], [ -72.351625880204466, -37.479118651279229 ], [ -72.351583553870569, -37.478636686969985 ], [ -72.351568510331759, -37.478465384941899 ], [ -72.351543927661396, -37.478185468056964 ], [ -72.351522032417819, -37.477936136811721 ], [ -72.351430610904856, -37.476895094345615 ], [ -72.351415774182669, -37.476895891535527 ], [ -72.350753736436232, -37.47693147551 ], [ -72.350737876738123, -37.47693232805873 ], [ -72.350059979997738, -37.476968760687335 ] ] ] } },
{ "type": "Feature", "properties": { "zona": "80" }, "geometry": { "type": "Polygon", "coordinates": [ [ [ -72.349268794492829, -37.473192380086743 ], [ -72.347945601319466, -37.473279120463701 ], [ -72.347953644233613, -37.473449404220389 ], [ -72.347980406965164, -37.474015971264301 ], [ -72.347986428356293, -37.474143438948538 ], [ -72.348000994813972, -37.474451836634501 ], [ -72.348003011008316, -37.474494517401283 ], [ -72.348013500134712, -37.474604127950101 ], [ -72.348027570546549, -37.4747511684578 ], [ -72.348122159235288, -37.475739648126464 ], [ -72.348127872356528, -37.47579935202522 ], [ -72.348131674340479, -37.475858041595764 ], [ -72.348151190190009, -37.476159342328636 ], [ -72.348210057345241, -37.477068161816973 ], [ -72.348459422113777, -37.477054764662313 ], [ -72.349832471414317, -37.476980986540241 ], [ -72.350059979997738, -37.476968760687335 ], [ -72.350737876738123, -37.47693232805873 ], [ -72.350753736436232, -37.47693147551 ], [ -72.351415774182669, -37.476895891535527 ], [ -72.351430610904856, -37.476895094345615 ], [ -72.351428356879836, -37.476869434009004 ], [ -72.351428264191071, -37.476868376720596 ], [ -72.351377562523936, -37.476205296062773 ], [ -72.351372036381107, -37.476133020472915 ], [ -72.351356986634499, -37.475936203977405 ], [ -72.351333458082095, -37.475628485898092 ], [ -72.351329735705576, -37.475579796982863 ], [ -72.351306707418715, -37.475278631326347 ], [ -72.351284256366242, -37.474985007447991 ], [ -72.351257540921594, -37.474635604191491 ], [ -72.351235452663374, -37.474346729206637 ], [ -72.351233442503258, -37.474316055101283 ], [ -72.351226875089381, -37.474215865618518 ], [ -72.35122587368835, -37.474200584517433 ], [ -72.351210908399963, -37.473972255947828 ], [ -72.351151701512947, -37.47306892264276 ], [ -72.351110737897343, -37.473071609067475 ], [ -72.350681955409684, -37.473099726230465 ], [ -72.349926274840584, -37.473149274625186 ], [ -72.349576573515023, -37.473172202352089 ], [ -72.349268794492829, -37.473192380086743 ] ] ] } },
{ "type": "Feature", "properties": { "zona": "90" }, "geometry": { "type": "Polygon", "coordinates": [ [ [ -72.351562094461144, -37.476888026828306 ], [ -72.351430610904856, -37.476895094345615 ], [ -72.351522032417819, -37.477936136811721 ], [ -72.351543927661396, -37.478185468056964 ], [ -72.351568510331759, -37.478465384941899 ], [ -72.351583553870569, -37.478636686969985 ], [ -72.351625880204466, -37.479118651279229 ], [ -72.351658940056382, -37.479495104880286 ], [ -72.351661755437661, -37.479527156810121 ], [ -72.351688244739819, -37.479828790985408 ], [ -72.351707857875297, -37.480052121479581 ], [ -72.351769853370499, -37.480758043680467 ], [ -72.351772220382088, -37.480784991528928 ], [ -72.351942646593514, -37.480774951185367 ], [ -72.35339893424603, -37.48068914291845 ], [ -72.353923906546072, -37.480664679007461 ], [ -72.354971944334352, -37.480615833899861 ], [ -72.355853116192421, -37.480568087044546 ], [ -72.356601394240286, -37.480527535599641 ], [ -72.356600749659066, -37.480519678733231 ], [ -72.356526922238288, -37.479620010634804 ], [ -72.356508193609514, -37.47939177409215 ], [ -72.356493567582987, -37.479213535153292 ], [ -72.356438641025079, -37.478544182585203 ], [ -72.356385743296684, -37.477899535391408 ], [ -72.356278289935489, -37.476634419459138 ], [ -72.356254553753075, -37.476635696539603 ], [ -72.356071172437581, -37.476645561324773 ], [ -72.355457839042529, -37.476678552478944 ], [ -72.35466221807296, -37.476721343717351 ], [ -72.353064943198973, -37.476807233459652 ], [ -72.35221049352802, -37.476853171443196 ], [ -72.351794789941806, -37.47687551837047 ], [ -72.351562094461144, -37.476888026828306 ] ] ] } },
{ "type": "Feature", "properties": { "zona": "79" }, "geometry": { "type": "Polygon", "coordinates": [ [ [ -72.355676099320448, -37.472806983963729 ], [ -72.355295265119395, -37.472828552955853 ], [ -72.354329024123331, -37.47288327160603 ], [ -72.353946134325525, -37.472904953270152 ], [ -72.352734031423495, -37.472973579754218 ], [ -72.352692252760136, -37.472975944780259 ], [ -72.352158816740413, -37.47300814232068 ], [ -72.351288027827437, -37.473060696086428 ], [ -72.351151701512947, -37.47306892264276 ], [ -72.351210908399963, -37.473972255947828 ], [ -72.35122587368835, -37.474200584517433 ], [ -72.351226875089381, -37.474215865618518 ], [ -72.351233442503258, -37.474316055101283 ], [ -72.351235452663374, -37.474346729206637 ], [ -72.351257540921594, -37.474635604191491 ], [ -72.351284256366242, -37.474985007447991 ], [ -72.351306707418715, -37.475278631326347 ], [ -72.351329735705576, -37.475579796982863 ], [ -72.351333458082095, -37.475628485898092 ], [ -72.351356986634499, -37.475936203977405 ], [ -72.351372036381107, -37.476133020472915 ], [ -72.351377562523936, -37.476205296062773 ], [ -72.351428264191071, -37.476868376720596 ], [ -72.351428356879836, -37.476869434009004 ], [ -72.351430610904856, -37.476895094345615 ], [ -72.351562094461144, -37.476888026828306 ], [ -72.351794789941806, -37.47687551837047 ], [ -72.35221049352802, -37.476853171443196 ], [ -72.353064943198973, -37.476807233459652 ], [ -72.35466221807296, -37.476721343717351 ], [ -72.355457839042529, -37.476678552478944 ], [ -72.356071172437581, -37.476645561324773 ], [ -72.356254553753075, -37.476635696539603 ], [ -72.356278289935489, -37.476634419459138 ], [ -72.356274789327799, -37.47659320409501 ], [ -72.35626882753705, -37.476523016714225 ], [ -72.356260285876601, -37.476422445308188 ], [ -72.356184630100643, -37.475531682004096 ], [ -72.356170938007025, -37.475370469789389 ], [ -72.356145021608327, -37.475065331040923 ], [ -72.356139346133645, -37.474998508525239 ], [ -72.356112910504493, -37.474687255753089 ], [ -72.356096680141547, -37.474496155128918 ], [ -72.356061226359429, -37.474078716158203 ], [ -72.355988189728308, -37.47309289171249 ], [ -72.355965791636038, -37.472790576447785 ], [ -72.355905763481417, -37.472793975758542 ], [ -72.355676099320448, -37.472806983963729 ] ] ] } },
{ "type": "Feature", "properties": { "zona": "89" }, "geometry": { "type": "Polygon", "coordinates": [ [ [ -72.357860512700185, -37.47654929544661 ], [ -72.356278289935489, -37.476634419459138 ], [ -72.356385743296684, -37.477899535391408 ], [ -72.356438641025079, -37.478544182585203 ], [ -72.356493567582987, -37.479213535153292 ], [ -72.356508193609514, -37.47939177409215 ], [ -72.356526922238288, -37.479620010634804 ], [ -72.356600749659066, -37.480519678733231 ], [ -72.356601394240286, -37.480527535599641 ], [ -72.356875819936775, -37.48051266246506 ], [ -72.358190591872642, -37.480441396796124 ], [ -72.359386499369791, -37.480377650653224 ], [ -72.359878243194217, -37.480351434774832 ], [ -72.360870828892601, -37.480291199167667 ], [ -72.360967552964141, -37.480285329448201 ], [ -72.36148917302765, -37.480259377206821 ], [ -72.36222543505059, -37.480209731004997 ], [ -72.362988484824484, -37.480158274286367 ], [ -72.362995097228108, -37.480157828131155 ], [ -72.362997656110622, -37.480157698749856 ], [ -72.362991706483498, -37.480110327364486 ], [ -72.362990159750396, -37.480088652425898 ], [ -72.36294865955179, -37.479507185361591 ], [ -72.362931037252551, -37.479260275097701 ], [ -72.36292522204073, -37.479178794811048 ], [ -72.362899554477735, -37.478819162168314 ], [ -72.362897874343389, -37.478795622532203 ], [ -72.362844571570378, -37.478073032261563 ], [ -72.36284243599593, -37.478044084741263 ], [ -72.362832553360647, -37.477910108954624 ], [ -72.362806709313773, -37.47755975384009 ], [ -72.362758745598327, -37.476956869448493 ], [ -72.362729600529548, -37.4765905294731 ], [ -72.362705572014434, -37.476288494161139 ], [ -72.362685927731334, -37.476289552148884 ], [ -72.362181075023003, -37.476316736290315 ], [ -72.361156612679991, -37.476371893764387 ], [ -72.359486896401577, -37.476461772036913 ], [ -72.359321265900618, -37.47647068627608 ], [ -72.359306279742654, -37.476471492834648 ], [ -72.358583395899373, -37.476510396356673 ], [ -72.357860512700185, -37.47654929544661 ] ] ] } },
{ "type": "Feature", "properties": { "zona": "78" }, "geometry": { "type": "Polygon", "coordinates": [ [ [ -72.360818781942626, -37.47247937539656 ], [ -72.360245813379976, -37.472516128272517 ], [ -72.359748192881497, -37.472548045368825 ], [ -72.359278826803418, -37.472578147507086 ], [ -72.359164306557858, -37.472585492319006 ], [ -72.359013856566946, -37.47259514136951 ], [ -72.358289415671294, -37.472641598101482 ], [ -72.357564958295129, -37.472688050897851 ], [ -72.356753803847212, -37.472740058512549 ], [ -72.355965791636038, -37.472790576447785 ], [ -72.355988189728308, -37.47309289171249 ], [ -72.356061226359429, -37.474078716158203 ], [ -72.356096680141547, -37.474496155128918 ], [ -72.356112910504493, -37.474687255753089 ], [ -72.356139346133645, -37.474998508525239 ], [ -72.356145021608327, -37.475065331040923 ], [ -72.356170938007025, -37.475370469789389 ], [ -72.356184630100643, -37.475531682004096 ], [ -72.356260285876601, -37.476422445308188 ], [ -72.35626882753705, -37.476523016714225 ], [ -72.356274789327799, -37.47659320409501 ], [ -72.356278289935489, -37.476634419459138 ], [ -72.357860512700185, -37.47654929544661 ], [ -72.358583395899373, -37.476510396356673 ], [ -72.359306279742654, -37.476471492834648 ], [ -72.359321265900618, -37.47647068627608 ], [ -72.359486896401577, -37.476461772036913 ], [ -72.361156612679991, -37.476371893764387 ], [ -72.362181075023003, -37.476316736290315 ], [ -72.362685927731334, -37.476289552148884 ], [ -72.362705572014434, -37.476288494161139 ], [ -72.362691276181849, -37.476089742758788 ], [ -72.362677067953442, -37.475892199006296 ], [ -72.362646992803974, -37.475474061623608 ], [ -72.362614799361907, -37.475026461626925 ], [ -72.362611744129737, -37.474983992965683 ], [ -72.362596372614661, -37.474770278723661 ], [ -72.36256569498164, -37.474343760009596 ], [ -72.362565620740554, -37.474342720260516 ], [ -72.362535871413101, -37.473929099267195 ], [ -72.362527341389182, -37.473810500595143 ], [ -72.362518811412698, -37.473691901020942 ], [ -72.362489617231773, -37.473286005079416 ], [ -72.36248908863007, -37.473278659051537 ], [ -72.362486723287105, -37.473245768481185 ], [ -72.362483782910203, -37.473204891049953 ], [ -72.362429667896023, -37.47245248197283 ], [ -72.362394748501842, -37.472379695208865 ], [ -72.362345071710138, -37.472382837022536 ], [ -72.360818781942626, -37.47247937539656 ] ] ] } },
{ "type": "Feature", "properties": { "zona": "75" }, "geometry": { "type": "Polygon", "coordinates": [ [ [ -72.360664182026809, -37.471439379046011 ], [ -72.360674062991862, -37.471525314484879 ], [ -72.360689372311157, -37.471642987968877 ], [ -72.360699370580818, -37.471719839127623 ], [ -72.360700349487004, -37.471727363736818 ], [ -72.360711326681908, -37.471811739503615 ], [ -72.360728910809513, -37.471945191981753 ], [ -72.360729704880484, -37.471951222006012 ], [ -72.360735513979449, -37.471985667415673 ], [ -72.360782403737758, -37.472263683838172 ], [ -72.360812283369938, -37.472440841517511 ], [ -72.360818781942626, -37.47247937539656 ], [ -72.362345071710138, -37.472382837022536 ], [ -72.362394748501842, -37.472379695208865 ], [ -72.362533775579934, -37.47237090046621 ], [ -72.362845971126177, -37.472351150665467 ], [ -72.363206770217275, -37.472328325825387 ], [ -72.363704145057852, -37.472296858977977 ], [ -72.36397071215508, -37.472279992912142 ], [ -72.364080409412153, -37.472259556002129 ], [ -72.364126563045886, -37.472258988608658 ], [ -72.364103225723213, -37.472247735297195 ], [ -72.36390893222891, -37.472184884505779 ], [ -72.363886047894397, -37.472132561862281 ], [ -72.363873585733714, -37.472094776285246 ], [ -72.363873240465651, -37.472033760883157 ], [ -72.363875326479203, -37.471946931278097 ], [ -72.363891876074319, -37.471809151684567 ], [ -72.363915854872744, -37.471756978633039 ], [ -72.363960998498669, -37.471696573236791 ], [ -72.364002985182594, -37.471645793409287 ], [ -72.36405256876192, -37.471604332237064 ], [ -72.364087816475305, -37.471567463934598 ], [ -72.363851743770695, -37.471552016555222 ], [ -72.363136727883017, -37.471505226922247 ], [ -72.36310775965913, -37.471529376168334 ], [ -72.363090404639706, -37.471533756435328 ], [ -72.363073050716451, -37.471538137625352 ], [ -72.363041539231475, -37.471541010464016 ], [ -72.362931936971719, -37.471528377406152 ], [ -72.362640840417995, -37.471494825262923 ], [ -72.362411156170452, -37.471468351005477 ], [ -72.362354824859807, -37.471461858090301 ], [ -72.361793323100912, -37.471397134643183 ], [ -72.361630850442509, -37.471378407101462 ], [ -72.361271225830663, -37.471336951266991 ], [ -72.361099937771698, -37.471317205979787 ], [ -72.360927698314327, -37.471297350871524 ], [ -72.36074981640995, -37.471276844944441 ], [ -72.360643477966107, -37.471259325656902 ], [ -72.360664182026809, -37.471439379046011 ] ] ] } },
{ "type": "Feature", "properties": { "zona": "74" }, "geometry": { "type": "Polygon", "coordinates": [ [ [ -72.363891876074319, -37.471809151684567 ], [ -72.363875326479203, -37.471946931278097 ], [ -72.363873240465651, -37.472033760883157 ], [ -72.363873585733714, -37.472094776285246 ], [ -72.363886047894397, -37.472132561862281 ], [ -72.36390893222891, -37.472184884505779 ], [ -72.364103225723213, -37.472247735297195 ], [ -72.364126563045886, -37.472258988608658 ], [ -72.36442950079369, -37.472405066703843 ], [ -72.364804409698323, -37.47262064973274 ], [ -72.365084193748004, -37.472807059976041 ], [ -72.365219930764553, -37.472901887875778 ], [ -72.365465404023283, -37.473099932858744 ], [ -72.365580902896511, -37.473199452403811 ], [ -72.365667737018356, -37.473285840987508 ], [ -72.365691326504219, -37.473322412116424 ], [ -72.365829560987152, -37.473477750372872 ], [ -72.365871336489747, -37.47354089302948 ], [ -72.365895924875005, -37.473582701191276 ], [ -72.365927509626985, -37.473676601543197 ], [ -72.366074791495805, -37.47382228038196 ], [ -72.366108753722798, -37.473811718980308 ], [ -72.366153575417243, -37.473934624264963 ], [ -72.366234022039137, -37.474055391919663 ], [ -72.366340894147143, -37.474231194676904 ], [ -72.366453254383828, -37.474440500880284 ], [ -72.366487980988381, -37.474514600539187 ], [ -72.366539067293132, -37.474623310368067 ], [ -72.366559560075515, -37.474666404866866 ], [ -72.366557244631665, -37.474703948002059 ], [ -72.366546074055208, -37.474720491259291 ], [ -72.366507319961798, -37.474744474438225 ], [ -72.366507064547818, -37.474788779573068 ], [ -72.36679208550882, -37.474793782647026 ], [ -72.366792082428859, -37.474793677147161 ], [ -72.366791115301766, -37.474762225372196 ], [ -72.366791114481359, -37.474762119922715 ], [ -72.366794521025739, -37.474762799642775 ], [ -72.366794571212608, -37.474755766609675 ], [ -72.366794571553569, -37.47475566028497 ], [ -72.366794626556768, -37.474748200227815 ], [ -72.366794626897715, -37.474748093903116 ], [ -72.366794662475115, -37.474743216026184 ], [ -72.366794662784457, -37.474743110601906 ], [ -72.366795357772901, -37.474646475441453 ], [ -72.366795359243611, -37.474646369141965 ], [ -72.366795721810831, -37.474595786478581 ], [ -72.366795722120159, -37.474595681054296 ], [ -72.366795771203272, -37.474589033676324 ], [ -72.366795779420968, -37.474588928428396 ], [ -72.366805245836545, -37.474527110855043 ], [ -72.366805261930992, -37.474527006683886 ], [ -72.366820408383077, -37.474428098567543 ], [ -72.366820424509086, -37.474427993495972 ], [ -72.36682484905333, -37.474399096786378 ], [ -72.366824866277483, -37.47439899264041 ], [ -72.366869922898246, -37.474179633610326 ], [ -72.366879858583587, -37.474145604456361 ], [ -72.366957974544334, -37.473918588651443 ], [ -72.36701448729643, -37.473786799160926 ], [ -72.367089344973834, -37.473662080687049 ], [ -72.367141478353119, -37.473575222511045 ], [ -72.367156764217015, -37.473555101584331 ], [ -72.367231577578764, -37.473456627183516 ], [ -72.367329184925325, -37.473352047617304 ], [ -72.367435885084546, -37.473237724110412 ], [ -72.367441223417401, -37.473232004762444 ], [ -72.36764536003075, -37.473057883233636 ], [ -72.367679936509134, -37.473034120114548 ], [ -72.367863594460474, -37.472907897644959 ], [ -72.367930357399189, -37.472870057310445 ], [ -72.367940122358092, -37.472864523119284 ], [ -72.368084766072741, -37.472782541681553 ], [ -72.368096134493541, -37.472776097940688 ], [ -72.368406969910623, -37.472649020943479 ], [ -72.368520427699693, -37.472614450306473 ], [ -72.368597199081194, -37.472591058638926 ], [ -72.3687102372254, -37.472556617237103 ], [ -72.368943061103153, -37.472499811703322 ], [ -72.368987603210044, -37.472488945424281 ], [ -72.369212775553962, -37.472460610121161 ], [ -72.369404592938793, -37.472445824897832 ], [ -72.36961988573151, -37.472443473341947 ], [ -72.369713534170018, -37.472451785306731 ], [ -72.369778834591457, -37.472457581501061 ], [ -72.37000228602615, -37.472477413679378 ], [ -72.370077809435045, -37.472484116852613 ], [ -72.369682521041568, -37.472417840359356 ], [ -72.369346026742448, -37.4723663604153 ], [ -72.369045837915223, -37.472320433761958 ], [ -72.36878170584454, -37.47228002359325 ], [ -72.3686010818043, -37.472259296230703 ], [ -72.368412165399732, -37.47223761692986 ], [ -72.368197949470655, -37.472213032330004 ], [ -72.367773846485477, -37.472170230274983 ], [ -72.367689696080674, -37.472162007764354 ], [ -72.367269761261312, -37.472120974712141 ], [ -72.367074375911855, -37.472101882146262 ], [ -72.366503078993944, -37.472046054909605 ], [ -72.36647679420885, -37.472043486216492 ], [ -72.366486085180455, -37.472000926206007 ], [ -72.366496976597602, -37.471951037923809 ], [ -72.366507867998337, -37.471901149639649 ], [ -72.366443254231825, -37.471874272605262 ], [ -72.366402645899157, -37.471870251724724 ], [ -72.366398268317468, -37.471876655680603 ], [ -72.365765276398847, -37.471840688295664 ], [ -72.365772577642645, -37.471769900484773 ], [ -72.36577996337985, -37.471698283723555 ], [ -72.365782022673017, -37.471678310350747 ], [ -72.365764246238498, -37.471677147825545 ], [ -72.365698141076678, -37.471672822824225 ], [ -72.364935060906291, -37.471622899188816 ], [ -72.364741137119879, -37.471610211732965 ], [ -72.364248620365473, -37.471577985796188 ], [ -72.364152376022048, -37.471571688651274 ], [ -72.364087816475305, -37.471567463934598 ], [ -72.36405256876192, -37.471604332237064 ], [ -72.364002985182594, -37.471645793409287 ], [ -72.363960998498669, -37.471696573236791 ], [ -72.363915854872744, -37.471756978633039 ], [ -72.363891876074319, -37.471809151684567 ] ] ] } },
{ "type": "Feature", "properties": { "zona": "61" }, "geometry": { "type": "Polygon", "coordinates": [ [ [ -72.361086226729839, -37.468242160224534 ], [ -72.361077254685227, -37.468947321104686 ], [ -72.361036435588616, -37.469127455756407 ], [ -72.361015909540782, -37.469218036362221 ], [ -72.361055067753412, -37.469226077203402 ], [ -72.361335622000865, -37.469283680950781 ], [ -72.361420121167242, -37.469301030570662 ], [ -72.361594436772236, -37.469336820748133 ], [ -72.36168705951296, -37.469358759072172 ], [ -72.361741944958951, -37.469371759412745 ], [ -72.362378803260341, -37.469522600298639 ], [ -72.362410870651431, -37.469530195748 ], [ -72.362492741236892, -37.469549586405215 ], [ -72.362785483473473, -37.469618921228673 ], [ -72.362874885640764, -37.469640095541784 ], [ -72.3630858283083, -37.469690056137772 ], [ -72.363180389139288, -37.469712301510434 ], [ -72.363210532067313, -37.46971939329751 ], [ -72.363373858254491, -37.469757429776799 ], [ -72.363659863710083, -37.469824035721743 ], [ -72.364289193610432, -37.4699705928047 ], [ -72.364354843001962, -37.469985881353978 ], [ -72.364477290622986, -37.470014396370651 ], [ -72.364645446989442, -37.470053555378499 ], [ -72.364682615005407, -37.470062210229919 ], [ -72.364778759087528, -37.470084599605251 ], [ -72.365030669555608, -37.470143262123145 ], [ -72.36530096490128, -37.470206205541373 ], [ -72.365309591965925, -37.470208213792766 ], [ -72.365392632723058, -37.470227551070103 ], [ -72.365529430827436, -37.470259406649767 ], [ -72.365748692483365, -37.470310464572862 ], [ -72.365751986073434, -37.470311231912419 ], [ -72.365927816644316, -37.470352175121562 ], [ -72.366259023601941, -37.470429299884891 ], [ -72.366644529560688, -37.470519066304277 ], [ -72.36665099346088, -37.470520571150807 ], [ -72.366860325394057, -37.470569314980466 ], [ -72.366876181229898, -37.470573007211279 ], [ -72.366960744649674, -37.470592697247938 ], [ -72.367206688301053, -37.470649965047592 ], [ -72.367236443178697, -37.47065689307199 ], [ -72.367575540050908, -37.47073585085743 ], [ -72.367727939298504, -37.47077133540153 ], [ -72.367750131602818, -37.470778266826052 ], [ -72.367757297181825, -37.470727879929925 ], [ -72.367769220285737, -37.470644049416684 ], [ -72.367773235814383, -37.470602850424783 ], [ -72.367800934174724, -37.470318671880818 ], [ -72.3678037533832, -37.470289751939376 ], [ -72.367814599761573, -37.470231479364621 ], [ -72.367823547227971, -37.470183406611582 ], [ -72.36782783294953, -37.470160378454182 ], [ -72.367846615216109, -37.470059467765203 ], [ -72.36786027455571, -37.469986079387866 ], [ -72.367879973608055, -37.469880239262451 ], [ -72.367883809314904, -37.46985962779204 ], [ -72.367895814811732, -37.469795124551638 ], [ -72.367897042192965, -37.46978853136693 ], [ -72.367899870451311, -37.469773335710606 ], [ -72.36790188215079, -37.469762530141765 ], [ -72.367902914630065, -37.469756980617461 ], [ -72.367932347992337, -37.469598839164298 ], [ -72.367949970965796, -37.469504150986587 ], [ -72.367979416413803, -37.46934594850628 ], [ -72.367980295612327, -37.469341222794313 ], [ -72.367983151701296, -37.469325877267487 ], [ -72.367983743660204, -37.469281809370621 ], [ -72.367985411326146, -37.469157748509303 ], [ -72.367986389607239, -37.469085043450761 ], [ -72.367987213066442, -37.469023775587324 ], [ -72.367990012305938, -37.468815517461586 ], [ -72.367992206548777, -37.468770893238293 ], [ -72.367995915958446, -37.468695424934033 ], [ -72.367996875935191, -37.468675893782084 ], [ -72.368001469028357, -37.46858245607082 ], [ -72.367991352255984, -37.468548989978608 ], [ -72.367968793126138, -37.468510157914125 ], [ -72.367968680631066, -37.468510013029352 ], [ -72.367940600435546, -37.468473774780691 ], [ -72.367858029876885, -37.468441232135106 ], [ -72.367679730105351, -37.468386819997974 ], [ -72.367390723279101, -37.468312681203038 ], [ -72.367222973584234, -37.468269409872264 ], [ -72.366937553672756, -37.468211187172265 ], [ -72.366465005669241, -37.468125690294471 ], [ -72.366436509555299, -37.468122032400288 ], [ -72.36637458658457, -37.468114083970249 ], [ -72.366322783975548, -37.46810743446364 ], [ -72.366315338250487, -37.46810643305794 ], [ -72.366336276705098, -37.46800751892205 ], [ -72.36634832688361, -37.467950593469617 ], [ -72.366360885444095, -37.467891262544562 ], [ -72.36624785789158, -37.467865454832896 ], [ -72.365732192214708, -37.46780540433469 ], [ -72.365689747161809, -37.467798473095279 ], [ -72.365541300232437, -37.467774232779668 ], [ -72.365375875243558, -37.467756064606164 ], [ -72.364959444895646, -37.467710726048203 ], [ -72.364761830312972, -37.467700340787125 ], [ -72.364505090989979, -37.467673332769913 ], [ -72.364179909229108, -37.467656666049187 ], [ -72.36371040119414, -37.467665469873801 ], [ -72.363567029686877, -37.46766955541095 ], [ -72.363482509620923, -37.467684169659186 ], [ -72.363370135467292, -37.467705270858872 ], [ -72.362811363636339, -37.467827632333332 ], [ -72.362721210746585, -37.467844693833534 ], [ -72.361899932675627, -37.468076339415852 ], [ -72.361463842522895, -37.468190214420694 ], [ -72.361350560901315, -37.468214418482788 ], [ -72.36123728037397, -37.468238621558093 ], [ -72.36113592937842, -37.468240745121768 ], [ -72.361131513529088, -37.468240870817716 ], [ -72.361086226729839, -37.468242160224534 ] ] ] } },
{ "type": "Feature", "properties": { "zona": "62" }, "geometry": { "type": "Polygon", "coordinates": [ [ [ -72.359198900261504, -37.470845627167613 ], [ -72.359201571503178, -37.470874219079228 ], [ -72.359494489847151, -37.47085573924759 ], [ -72.359563662893308, -37.47085137472142 ], [ -72.359576687999834, -37.470850553096064 ], [ -72.360113698640092, -37.470816670540067 ], [ -72.360123006020657, -37.470816082932473 ], [ -72.360272660400568, -37.470806640800177 ], [ -72.360284537650912, -37.470805891657768 ], [ -72.360491934190961, -37.470792804634307 ], [ -72.360589386153549, -37.470786655728453 ], [ -72.360592630258168, -37.470786450697581 ], [ -72.360594321834213, -37.470805241728101 ], [ -72.360594377954769, -37.470805863854579 ], [ -72.360597087197064, -37.470835961463777 ], [ -72.360605348657529, -37.470927723402802 ], [ -72.360606583075878, -37.47093846081254 ], [ -72.360609778342237, -37.470966248899593 ], [ -72.360610018898058, -37.470968344876198 ], [ -72.360629617488684, -37.471138780236984 ], [ -72.360637876192072, -37.471210603917598 ], [ -72.360639434407631, -37.471224156455783 ], [ -72.360643477966107, -37.471259325656902 ], [ -72.36074981640995, -37.471276844944441 ], [ -72.360927698314327, -37.471297350871524 ], [ -72.361099937771698, -37.471317205979787 ], [ -72.361271225830663, -37.471336951266991 ], [ -72.361630850442509, -37.471378407101462 ], [ -72.361793323100912, -37.471397134643183 ], [ -72.362354824859807, -37.471461858090301 ], [ -72.362411156170452, -37.471468351005477 ], [ -72.362640840417995, -37.471494825262923 ], [ -72.362931936971719, -37.471528377406152 ], [ -72.363041539231475, -37.471541010464016 ], [ -72.363073050716451, -37.471538137625352 ], [ -72.363090404639706, -37.471533756435328 ], [ -72.36310775965913, -37.471529376168334 ], [ -72.363136727883017, -37.471505226922247 ], [ -72.363137332979008, -37.471498659548615 ], [ -72.363140456631513, -37.471464734516275 ], [ -72.363146894279637, -37.471394814320881 ], [ -72.363159530779299, -37.471257584548134 ], [ -72.363173932269092, -37.471101180482812 ], [ -72.363176416096024, -37.47107419871454 ], [ -72.36319044917434, -37.471051264062524 ], [ -72.363191087339786, -37.471050220397096 ], [ -72.363195266881149, -37.471047751841837 ], [ -72.363220465338628, -37.471032869321704 ], [ -72.363228192886837, -37.471028304687401 ], [ -72.363418717916545, -37.471041331429817 ], [ -72.363177156506751, -37.470713816406324 ], [ -72.363142218740947, -37.470666445556688 ], [ -72.363023881597641, -37.470506000404463 ], [ -72.362895557447047, -37.470332012628816 ], [ -72.362587748889496, -37.469914668320193 ], [ -72.362574683782498, -37.469896953328821 ], [ -72.362558536636072, -37.469875060384595 ], [ -72.362538121514135, -37.469847380628842 ], [ -72.362419066999976, -37.469671685418646 ], [ -72.362407752255336, -37.4696321654326 ], [ -72.362398251077707, -37.469598976681048 ], [ -72.362394963513452, -37.46958749325217 ], [ -72.362377435160127, -37.469526268840916 ], [ -72.362378803260341, -37.469522600298639 ], [ -72.361741944958951, -37.469371759412745 ], [ -72.36168705951296, -37.469358759072172 ], [ -72.361594436772236, -37.469336820748133 ], [ -72.361420121167242, -37.469301030570662 ], [ -72.361335622000865, -37.469283680950781 ], [ -72.361055067753412, -37.469226077203402 ], [ -72.361015909540782, -37.469218036362221 ], [ -72.360977423645537, -37.469210134888442 ], [ -72.36096221765952, -37.46920701238755 ], [ -72.360937046440625, -37.469201844201187 ], [ -72.360886136505385, -37.46919330638179 ], [ -72.360811033828199, -37.469180710750564 ], [ -72.360464307075688, -37.469119444092712 ], [ -72.360338355737142, -37.469097187812906 ], [ -72.360270585305514, -37.469089466806793 ], [ -72.359974963775699, -37.469055783650738 ], [ -72.359808627879204, -37.469036831236544 ], [ -72.359682301778051, -37.469022438070638 ], [ -72.359621507660989, -37.469017623804348 ], [ -72.359456549733395, -37.469004559892475 ], [ -72.359054792423592, -37.468972742570742 ], [ -72.359023659757938, -37.468970277376478 ], [ -72.359033515693497, -37.469075748677902 ], [ -72.359054082876753, -37.469295860381223 ], [ -72.359056762582284, -37.469324530887079 ], [ -72.359078946886115, -37.469561943314027 ], [ -72.359095493662622, -37.469739029400216 ], [ -72.359096277903546, -37.469747421952597 ], [ -72.359107571912801, -37.469868280493721 ], [ -72.359125051805734, -37.470055345720759 ], [ -72.35913472301668, -37.470158843923642 ], [ -72.359136369636715, -37.470176460706561 ], [ -72.359167512086231, -37.470509730068706 ], [ -72.359180463387759, -37.470648324562411 ], [ -72.359187311403645, -37.470721609032395 ], [ -72.359191434571997, -37.47076573719044 ], [ -72.359194151860621, -37.470794819440549 ], [ -72.359198900261504, -37.470845627167613 ] ] ] } },
{ "type": "Feature", "properties": { "zona": "60" }, "geometry": { "type": "Polygon", "coordinates": [ [ [ -72.371359956649712, -37.468371813493711 ], [ -72.370978706202095, -37.468362318483564 ], [ -72.370769572685731, -37.468389133855688 ], [ -72.370555650968072, -37.468450175908551 ], [ -72.370373293365219, -37.468501114215812 ], [ -72.370253773583883, -37.468557527442869 ], [ -72.370042739297375, -37.468570849025539 ], [ -72.369860018797397, -37.46856369298667 ], [ -72.36970311997095, -37.468564577642844 ], [ -72.369488261353382, -37.468599294902994 ], [ -72.369307810769499, -37.468634283607841 ], [ -72.369187482303388, -37.468652056514912 ], [ -72.369022765163933, -37.468651756818566 ], [ -72.368876243270819, -37.468648493021924 ], [ -72.368747354437673, -37.468630605659676 ], [ -72.368682868987605, -37.46862165605549 ], [ -72.368510211831179, -37.46856824588702 ], [ -72.368284571873801, -37.468393415210294 ], [ -72.368000420102717, -37.468202594354487 ], [ -72.367568591637237, -37.468028933556077 ], [ -72.367332019310766, -37.467951179483009 ], [ -72.366874393704606, -37.467899013341054 ], [ -72.366510539869864, -37.46790234354755 ], [ -72.36637947540774, -37.467892638653936 ], [ -72.366360885444095, -37.467891262544562 ], [ -72.36634832688361, -37.467950593469617 ], [ -72.366336276705098, -37.46800751892205 ], [ -72.366315338250487, -37.46810643305794 ], [ -72.366322783975548, -37.46810743446364 ], [ -72.36637458658457, -37.468114083970249 ], [ -72.366436509555299, -37.468122032400288 ], [ -72.366465005669241, -37.468125690294471 ], [ -72.366937553672756, -37.468211187172265 ], [ -72.367222973584234, -37.468269409872264 ], [ -72.367390723279101, -37.468312681203038 ], [ -72.367679730105351, -37.468386819997974 ], [ -72.367858029876885, -37.468441232135106 ], [ -72.367940600435546, -37.468473774780691 ], [ -72.367968680631066, -37.468510013029352 ], [ -72.367968793126138, -37.468510157914125 ], [ -72.367991352255984, -37.468548989978608 ], [ -72.368001469028357, -37.46858245607082 ], [ -72.367996875935191, -37.468675893782084 ], [ -72.367995915958446, -37.468695424934033 ], [ -72.367992206548777, -37.468770893238293 ], [ -72.367990012305938, -37.468815517461586 ], [ -72.367987213066442, -37.469023775587324 ], [ -72.367986389607239, -37.469085043450761 ], [ -72.367985411326146, -37.469157748509303 ], [ -72.367983743660204, -37.469281809370621 ], [ -72.367983151701296, -37.469325877267487 ], [ -72.367980295612327, -37.469341222794313 ], [ -72.367979416413803, -37.46934594850628 ], [ -72.367949970965796, -37.469504150986587 ], [ -72.367932347992337, -37.469598839164298 ], [ -72.367902914630065, -37.469756980617461 ], [ -72.36790188215079, -37.469762530141765 ], [ -72.367899870451311, -37.469773335710606 ], [ -72.367897042192965, -37.46978853136693 ], [ -72.367895814811732, -37.469795124551638 ], [ -72.367883809314904, -37.46985962779204 ], [ -72.367879973608055, -37.469880239262451 ], [ -72.36786027455571, -37.469986079387866 ], [ -72.367846615216109, -37.470059467765203 ], [ -72.36782783294953, -37.470160378454182 ], [ -72.367823547227971, -37.470183406611582 ], [ -72.367814599761573, -37.470231479364621 ], [ -72.3678037533832, -37.470289751939376 ], [ -72.367800934174724, -37.470318671880818 ], [ -72.367773235814383, -37.470602850424783 ], [ -72.367769220285737, -37.470644049416684 ], [ -72.367757297181825, -37.470727879929925 ], [ -72.367750131602818, -37.470778266826052 ], [ -72.367727939298504, -37.47077133540153 ], [ -72.367575540050908, -37.47073585085743 ], [ -72.367236443178697, -37.47065689307199 ], [ -72.367206688301053, -37.470649965047592 ], [ -72.366960744649674, -37.470592697247938 ], [ -72.366876181229898, -37.470573007211279 ], [ -72.366860325394057, -37.470569314980466 ], [ -72.36665099346088, -37.470520571150807 ], [ -72.366644529560688, -37.470519066304277 ], [ -72.366259023601941, -37.470429299884891 ], [ -72.365927816644316, -37.470352175121562 ], [ -72.365751986073434, -37.470311231912419 ], [ -72.365748692483365, -37.470310464572862 ], [ -72.365529430827436, -37.470259406649767 ], [ -72.365392632723058, -37.470227551070103 ], [ -72.365309591965925, -37.470208213792766 ], [ -72.36530096490128, -37.470206205541373 ], [ -72.365030669555608, -37.470143262123145 ], [ -72.364778759087528, -37.470084599605251 ], [ -72.364682615005407, -37.470062210229919 ], [ -72.364645446989442, -37.470053555378499 ], [ -72.364477290622986, -37.470014396370651 ], [ -72.364354843001962, -37.469985881353978 ], [ -72.364289193610432, -37.4699705928047 ], [ -72.363659863710083, -37.469824035721743 ], [ -72.363373858254491, -37.469757429776799 ], [ -72.363210532067313, -37.46971939329751 ], [ -72.363180389139288, -37.469712301510434 ], [ -72.3630858283083, -37.469690056137772 ], [ -72.362874885640764, -37.469640095541784 ], [ -72.362785483473473, -37.469618921228673 ], [ -72.362492741236892, -37.469549586405215 ], [ -72.362410870651431, -37.469530195748 ], [ -72.362378803260341, -37.469522600298639 ], [ -72.362377435160127, -37.469526268840916 ], [ -72.362394963513452, -37.46958749325217 ], [ -72.362398251077707, -37.469598976681048 ], [ -72.362407752255336, -37.4696321654326 ], [ -72.362419066999976, -37.469671685418646 ], [ -72.362538121514135, -37.469847380628842 ], [ -72.362558536636072, -37.469875060384595 ], [ -72.362574683782498, -37.469896953328821 ], [ -72.362587748889496, -37.469914668320193 ], [ -72.362895557447047, -37.470332012628816 ], [ -72.363023881597641, -37.470506000404463 ], [ -72.363142218740947, -37.470666445556688 ], [ -72.363177156506751, -37.470713816406324 ], [ -72.363418717916545, -37.471041331429817 ], [ -72.363228192886837, -37.471028304687401 ], [ -72.363220465338628, -37.471032869321704 ], [ -72.363195266881149, -37.471047751841837 ], [ -72.363191087339786, -37.471050220397096 ], [ -72.36319044917434, -37.471051264062524 ], [ -72.363176416096024, -37.47107419871454 ], [ -72.363173932269092, -37.471101180482812 ], [ -72.363159530779299, -37.471257584548134 ], [ -72.363146894279637, -37.471394814320881 ], [ -72.363140456631513, -37.471464734516275 ], [ -72.363137332979008, -37.471498659548615 ], [ -72.363136727883017, -37.471505226922247 ], [ -72.363851743770695, -37.471552016555222 ], [ -72.364087816475305, -37.471567463934598 ], [ -72.364152376022048, -37.471571688651274 ], [ -72.364248620365473, -37.471577985796188 ], [ -72.364741137119879, -37.471610211732965 ], [ -72.364935060906291, -37.471622899188816 ], [ -72.365698141076678, -37.471672822824225 ], [ -72.365764246238498, -37.471677147825545 ], [ -72.365782022673017, -37.471678310350747 ], [ -72.36577996337985, -37.471698283723555 ], [ -72.365772577642645, -37.471769900484773 ], [ -72.365765276398847, -37.471840688295664 ], [ -72.366398268317468, -37.471876655680603 ], [ -72.366402645899157, -37.471870251724724 ], [ -72.366443254231825, -37.471874272605262 ], [ -72.366507867998337, -37.471901149639649 ], [ -72.366496976597602, -37.471951037923809 ], [ -72.366486085180455, -37.472000926206007 ], [ -72.36647679420885, -37.472043486216492 ], [ -72.366503078993944, -37.472046054909605 ], [ -72.367074375911855, -37.472101882146262 ], [ -72.367269761261312, -37.472120974712141 ], [ -72.367689696080674, -37.472162007764354 ], [ -72.367773846485477, -37.472170230274983 ], [ -72.368197949470655, -37.472213032330004 ], [ -72.368412165399732, -37.47223761692986 ], [ -72.3686010818043, -37.472259296230703 ], [ -72.36878170584454, -37.47228002359325 ], [ -72.369045837915223, -37.472320433761958 ], [ -72.369346026742448, -37.4723663604153 ], [ -72.369682521041568, -37.472417840359356 ], [ -72.370077809435045, -37.472484116852613 ], [ -72.37007915521859, -37.47248423603768 ], [ -72.370159688385911, -37.47249223030731 ], [ -72.3701944752777, -37.472495683204848 ], [ -72.37022926327144, -37.47249913701782 ], [ -72.370505845459206, -37.472554212137865 ], [ -72.37055954184477, -37.472257240959678 ], [ -72.370559560192817, -37.472257136838074 ], [ -72.370574846259387, -37.472172599627399 ], [ -72.370574864607391, -37.472172495505795 ], [ -72.370667927707601, -37.471657825543957 ], [ -72.370667946055306, -37.471657721422318 ], [ -72.370710324979768, -37.471423349593266 ], [ -72.370710343327346, -37.471423245471627 ], [ -72.37072585654056, -37.471337474241132 ], [ -72.370746761981906, -37.471221886886482 ], [ -72.370777458546499, -37.471052071720962 ], [ -72.370777476893863, -37.471051967599294 ], [ -72.37079511982401, -37.470954394914841 ], [ -72.370836197536747, -37.470727219233105 ], [ -72.370875047995085, -37.470512357336496 ], [ -72.370875778777688, -37.470508313149594 ], [ -72.370875797093163, -37.470508209928312 ], [ -72.370893319028426, -37.470411306761456 ], [ -72.370893337343858, -37.470411203540159 ], [ -72.37090069581636, -37.47037047714052 ], [ -72.371066915416876, -37.470391955266201 ], [ -72.371069254591134, -37.470379019465348 ], [ -72.371136779799315, -37.469912794216256 ], [ -72.371209434804214, -37.469411137401082 ], [ -72.371222525332954, -37.469320748846641 ], [ -72.371257621795465, -37.469078418062104 ], [ -72.371288421234922, -37.468865754782229 ], [ -72.37130134892773, -37.468776489889059 ], [ -72.371359956649712, -37.468371813493711 ] ] ] } },
{ "type": "Feature", "properties": { "zona": "28" }, "geometry": { "type": "Polygon", "coordinates": [ [ [ -72.371058392195835, -37.460086870426345 ], [ -72.37091781493713, -37.460155267561611 ], [ -72.370804884527288, -37.460202821592596 ], [ -72.370595465110924, -37.460289714000382 ], [ -72.370355609732954, -37.4603744964082 ], [ -72.370239510849657, -37.460410059267581 ], [ -72.37014934851598, -37.460436820711251 ], [ -72.370024315543219, -37.460473932577585 ], [ -72.369821442569773, -37.460527589054784 ], [ -72.369698270725976, -37.460560132774674 ], [ -72.369360448971236, -37.460625415963968 ], [ -72.369234160755809, -37.460650106769158 ], [ -72.369188718537956, -37.460658380510239 ], [ -72.369001869780334, -37.460692398413798 ], [ -72.368816539044857, -37.460723353581351 ], [ -72.368556425944547, -37.460748536585989 ], [ -72.368497743174089, -37.460754218055349 ], [ -72.368254822266508, -37.460766523464045 ], [ -72.368179032369511, -37.460768822790868 ], [ -72.368109554818204, -37.460770930236507 ], [ -72.368088650881859, -37.460773598459383 ], [ -72.368047850313886, -37.460772647679747 ], [ -72.367922052510551, -37.46077611933913 ], [ -72.367660157044384, -37.460776112089036 ], [ -72.367617335462782, -37.461025444491142 ], [ -72.367566940159222, -37.461318872999463 ], [ -72.36754785394109, -37.461430002057369 ], [ -72.367530936933534, -37.461528501566427 ], [ -72.367506014562224, -37.461673610720567 ], [ -72.367497294520319, -37.46172438474666 ], [ -72.367490259444637, -37.461765346158565 ], [ -72.367421243542907, -37.462167187170429 ], [ -72.367349192372544, -37.462586690933811 ], [ -72.367348133919023, -37.4625928544462 ], [ -72.367342860376795, -37.462623557081642 ], [ -72.367324948223015, -37.462727847494463 ], [ -72.367296890816831, -37.462891204699787 ], [ -72.367268833267474, -37.463054561889741 ], [ -72.367859566726992, -37.463063148244295 ], [ -72.368705856475287, -37.463075443805145 ], [ -72.368843034896855, -37.463078656258041 ], [ -72.369337666878366, -37.463090240242735 ], [ -72.369652997299681, -37.463097623939539 ], [ -72.369893245305605, -37.463103248964288 ], [ -72.370164575309005, -37.46310960083909 ], [ -72.370227403317529, -37.463111072082327 ], [ -72.370342494582147, -37.463110800996922 ], [ -72.370434728153114, -37.463113125186212 ], [ -72.370910143474518, -37.463125103702644 ], [ -72.370928549106509, -37.46312748333127 ], [ -72.370979228830493, -37.463128669293823 ], [ -72.371161646653221, -37.463147995341565 ], [ -72.371563212426238, -37.463190538772764 ], [ -72.371963634402434, -37.463232959868819 ], [ -72.372027233388422, -37.4632396972587 ], [ -72.372035744529327, -37.46319374192808 ], [ -72.372057956017528, -37.463073804652282 ], [ -72.372085972353631, -37.462922527507409 ], [ -72.372094311894728, -37.46287749921153 ], [ -72.372144193466283, -37.462608152281035 ], [ -72.372182181547572, -37.462403025068781 ], [ -72.372183822186713, -37.462394171090445 ], [ -72.37220315009769, -37.462289802294919 ], [ -72.372239236285537, -37.462094942486083 ], [ -72.372262737705071, -37.461968041126617 ], [ -72.372282440197623, -37.461861652214068 ], [ -72.372292451105977, -37.461807593976687 ], [ -72.372294245198788, -37.461797908068483 ], [ -72.372304973879764, -37.461739977451451 ], [ -72.372312928483382, -37.461697023060644 ], [ -72.372333298728137, -37.461587023770534 ], [ -72.372343987014091, -37.461529308518273 ], [ -72.372394060157376, -37.461258918561832 ], [ -72.372405122065288, -37.461199182282222 ], [ -72.372415364135236, -37.461143875706867 ], [ -72.372443773319588, -37.460990467887882 ], [ -72.372469779125495, -37.460850035933952 ], [ -72.372471454735333, -37.460840988083994 ], [ -72.372473385514624, -37.460830560883927 ], [ -72.372474846372413, -37.460822674310137 ], [ -72.372477621989674, -37.460807683691932 ], [ -72.372480035029071, -37.460794653962282 ], [ -72.372530726654631, -37.460450229601442 ], [ -72.372595344621573, -37.46001117530647 ], [ -72.372647684341217, -37.459655545085162 ], [ -72.37265558563135, -37.459601862484483 ], [ -72.372687417441938, -37.459376069505865 ], [ -72.372699945017828, -37.45931200344085 ], [ -72.372728504399745, -37.45916595110964 ], [ -72.372735829576328, -37.459120583871581 ], [ -72.372713499849922, -37.459132481157909 ], [ -72.37257302788953, -37.459207328412042 ], [ -72.372135277338771, -37.459440570963253 ], [ -72.371958411648365, -37.459534807207049 ], [ -72.371878952183081, -37.459585986241912 ], [ -72.371654737051585, -37.45973039986611 ], [ -72.371574208557007, -37.459782266782703 ], [ -72.371509362382241, -37.459824033263601 ], [ -72.37107796169569, -37.460075464405939 ], [ -72.371058392195835, -37.460086870426345 ] ] ] } },
{ "type": "Feature", "properties": { "zona": "41" }, "geometry": { "type": "Polygon", "coordinates": [ [ [ -72.371367641972242, -37.468318743532578 ], [ -72.371370051937092, -37.468302105681161 ], [ -72.371377926814176, -37.468261306924006 ], [ -72.371381175630631, -37.468244475981663 ], [ -72.37138597987456, -37.468219584876962 ], [ -72.371480892567092, -37.467727833619584 ], [ -72.371579125851383, -37.467218869001492 ], [ -72.371635820154012, -37.46692512396195 ], [ -72.371638448593899, -37.466911507923278 ], [ -72.371654584804205, -37.466849806736406 ], [ -72.371475257464937, -37.466816647583563 ], [ -72.371465841161765, -37.4668149069729 ], [ -72.371210706257145, -37.466778930844676 ], [ -72.371164183956211, -37.466772370383211 ], [ -72.371172256081621, -37.46673584464159 ], [ -72.371245515316502, -37.466435860621807 ], [ -72.371245754235233, -37.466434881914068 ], [ -72.371328454155744, -37.46609623353126 ], [ -72.371349864233295, -37.466008559561473 ], [ -72.371355502803326, -37.465985470343611 ], [ -72.371364784166985, -37.465947466624527 ], [ -72.371369438176089, -37.465928406938822 ], [ -72.371369815610109, -37.465926862705373 ], [ -72.371483648756637, -37.465461591102333 ], [ -72.371490763338969, -37.465432509819784 ], [ -72.37150734632705, -37.465364727890545 ], [ -72.371572408252916, -37.465098799286991 ], [ -72.371640252514297, -37.464821491897212 ], [ -72.371691703645126, -37.464611189372562 ], [ -72.371833709559951, -37.464030741851879 ], [ -72.372020870091262, -37.463265707157333 ], [ -72.372027233388422, -37.4632396972587 ], [ -72.371963634402434, -37.463232959868819 ], [ -72.371563212426238, -37.463190538772764 ], [ -72.371161646653221, -37.463147995341565 ], [ -72.370979228830493, -37.463128669293823 ], [ -72.370928549106509, -37.46312748333127 ], [ -72.370910143474518, -37.463125103702644 ], [ -72.370434728153114, -37.463113125186212 ], [ -72.370342494582147, -37.463110800996922 ], [ -72.370227403317529, -37.463111072082327 ], [ -72.370164575309005, -37.46310960083909 ], [ -72.369893245305605, -37.463103248964288 ], [ -72.369652997299681, -37.463097623939539 ], [ -72.369337666878366, -37.463090240242735 ], [ -72.368843034896855, -37.463078656258041 ], [ -72.368705856475287, -37.463075443805145 ], [ -72.367859566726992, -37.463063148244295 ], [ -72.367268833267474, -37.463054561889741 ], [ -72.367265373793344, -37.463072803686742 ], [ -72.367217950401482, -37.463322874879296 ], [ -72.367195910029892, -37.463439097800013 ], [ -72.367129669589403, -37.463788382930908 ], [ -72.36711240636798, -37.463879412416389 ], [ -72.36709514312976, -37.4639704409961 ], [ -72.367083844602476, -37.46403001911672 ], [ -72.367072311609661, -37.464090833754689 ], [ -72.367058780599749, -37.464159456224131 ], [ -72.366984852080108, -37.46453439327 ], [ -72.366919379196887, -37.464866446029291 ], [ -72.366891829434053, -37.465006166228498 ], [ -72.36683581442685, -37.465339705788615 ], [ -72.36682251016849, -37.465418925060966 ], [ -72.366802497168862, -37.465538092875548 ], [ -72.366747450486258, -37.46586585522806 ], [ -72.366745648201174, -37.465876587955165 ], [ -72.366684230596206, -37.466242287810509 ], [ -72.366686788047417, -37.466373953742917 ], [ -72.366676738271423, -37.466455747072708 ], [ -72.366640653367895, -37.466529330006914 ], [ -72.366602046671773, -37.466724741573628 ], [ -72.366521344813592, -37.467133215522196 ], [ -72.366518810497467, -37.467145186279538 ], [ -72.366456752613288, -37.467438362855972 ], [ -72.366429951371174, -37.467564977425354 ], [ -72.366408286540647, -37.467667329388206 ], [ -72.366385812418557, -37.467773506580521 ], [ -72.366380647359833, -37.467797905507474 ], [ -72.366365252382764, -37.46787063053079 ], [ -72.366360885444095, -37.467891262544562 ], [ -72.366379476537404, -37.467892638679132 ], [ -72.366397188071701, -37.467893950138063 ], [ -72.366510539869864, -37.46790234354755 ], [ -72.366874393704606, -37.467899013341054 ], [ -72.367332019310766, -37.467951179483009 ], [ -72.367568591637237, -37.468028933556077 ], [ -72.368000420102717, -37.468202594354487 ], [ -72.368284571873801, -37.468393415210294 ], [ -72.368318141463035, -37.468419426330193 ], [ -72.368510211831179, -37.46856824588702 ], [ -72.368682868987605, -37.46862165605549 ], [ -72.368747354437673, -37.468630605659676 ], [ -72.368876243270819, -37.468648493021924 ], [ -72.369022765163933, -37.468651756818566 ], [ -72.369187482303388, -37.468652056514912 ], [ -72.369307810769499, -37.468634283607841 ], [ -72.369488261353382, -37.468599294902994 ], [ -72.36970311997095, -37.468564577642844 ], [ -72.369860018797397, -37.46856369298667 ], [ -72.370042739297375, -37.468570849025539 ], [ -72.370253773583883, -37.468557527442869 ], [ -72.370326699656545, -37.468523106593935 ], [ -72.370373293365219, -37.468501114215812 ], [ -72.370555650968072, -37.468450175908551 ], [ -72.370769572685731, -37.468389133855688 ], [ -72.370863986066055, -37.468377028005413 ], [ -72.370978706202095, -37.468362318483564 ], [ -72.371359956649712, -37.468371813493711 ], [ -72.371364392024276, -37.468341188444555 ], [ -72.371367641972242, -37.468318743532578 ] ] ] } },
{ "type": "Feature", "properties": { "zona": "42" }, "geometry": { "type": "Polygon", "coordinates": [ [ [ -72.36428526891703, -37.463010476895846 ], [ -72.36402699406537, -37.46300665752284 ], [ -72.363927627367161, -37.46350116585154 ], [ -72.363916597399339, -37.463556055684059 ], [ -72.363824284768683, -37.464015450519625 ], [ -72.363816671401665, -37.464053339445961 ], [ -72.363779467944326, -37.464238477954609 ], [ -72.363723335386268, -37.464517817964285 ], [ -72.363717845592177, -37.464545136369274 ], [ -72.363638573196212, -37.464939627720746 ], [ -72.363587917182912, -37.465191705700761 ], [ -72.363573417455527, -37.465263861905377 ], [ -72.363550151758773, -37.46537964124208 ], [ -72.362351235528209, -37.465365638350782 ], [ -72.362074930103745, -37.465359987159083 ], [ -72.361824977289032, -37.465354873604952 ], [ -72.36179862479139, -37.465354334421647 ], [ -72.361193289049083, -37.465341949726735 ], [ -72.361130465383141, -37.465340663874869 ], [ -72.361125377772495, -37.465460626395497 ], [ -72.36104473036761, -37.467362362361875 ], [ -72.361086226729839, -37.468242160224534 ], [ -72.361131513529088, -37.468240870817716 ], [ -72.36113592937842, -37.468240745121768 ], [ -72.36123728037397, -37.468238621558093 ], [ -72.361350560901315, -37.468214418482788 ], [ -72.361463842522895, -37.468190214420694 ], [ -72.361899932675627, -37.468076339415852 ], [ -72.362721210746585, -37.467844693833534 ], [ -72.362811363636339, -37.467827632333332 ], [ -72.363370135467292, -37.467705270858872 ], [ -72.363482509620923, -37.467684169659186 ], [ -72.363567029686877, -37.46766955541095 ], [ -72.36371040119414, -37.467665469873801 ], [ -72.364179909229108, -37.467656666049187 ], [ -72.364505090989979, -37.467673332769913 ], [ -72.364761830312972, -37.467700340787125 ], [ -72.364959444895646, -37.467710726048203 ], [ -72.365375875243558, -37.467756064606164 ], [ -72.365541300232437, -37.467774232779668 ], [ -72.365689747161809, -37.467798473095279 ], [ -72.365732192214708, -37.46780540433469 ], [ -72.36624785789158, -37.467865454832896 ], [ -72.366360885444095, -37.467891262544562 ], [ -72.366380647359833, -37.467797905507474 ], [ -72.366385812418557, -37.467773506580521 ], [ -72.366408286540647, -37.467667329388206 ], [ -72.366429951371174, -37.467564977425354 ], [ -72.366456752613288, -37.467438362855972 ], [ -72.366518810497467, -37.467145186279538 ], [ -72.366521344813592, -37.467133215522196 ], [ -72.366602046671773, -37.466724741573628 ], [ -72.366640653367895, -37.466529330006914 ], [ -72.366676738271423, -37.466455747072708 ], [ -72.366686788047417, -37.466373953742917 ], [ -72.366684230596206, -37.466242287810509 ], [ -72.366745648201174, -37.465876587955165 ], [ -72.366747450486258, -37.46586585522806 ], [ -72.366802497168862, -37.465538092875548 ], [ -72.36682251016849, -37.465418925060966 ], [ -72.36683581442685, -37.465339705788615 ], [ -72.366891829434053, -37.465006166228498 ], [ -72.366919379196887, -37.464866446029291 ], [ -72.366984852080108, -37.46453439327 ], [ -72.367058780599749, -37.464159456224131 ], [ -72.367072311609661, -37.464090833754689 ], [ -72.367083844602476, -37.46403001911672 ], [ -72.36709514312976, -37.4639704409961 ], [ -72.36711240636798, -37.463879412416389 ], [ -72.367129669589403, -37.463788382930908 ], [ -72.367195910029892, -37.463439097800013 ], [ -72.367217950401482, -37.463322874879296 ], [ -72.367265373793344, -37.463072803686742 ], [ -72.367268833267474, -37.463054561889741 ], [ -72.36720086904964, -37.463053558486983 ], [ -72.366666477075654, -37.463045667438585 ], [ -72.366561520211746, -37.463044117191068 ], [ -72.366144015869253, -37.46303795086132 ], [ -72.366009706725819, -37.463035966223011 ], [ -72.365599609097757, -37.463029905501315 ], [ -72.365058704023056, -37.463021912333062 ], [ -72.364727320531401, -37.463017013774348 ], [ -72.364543544926818, -37.463014296630249 ], [ -72.36428526891703, -37.463010476895846 ] ] ] } },
{ "type": "Feature", "properties": { "zona": "30" }, "geometry": { "type": "Polygon", "coordinates": [ [ [ -72.361395185806586, -37.460669612964253 ], [ -72.361475247393031, -37.460671114351776 ], [ -72.361773508792268, -37.460676706603486 ], [ -72.361953749703801, -37.460680085231111 ], [ -72.362738132603823, -37.460694787122435 ], [ -72.362873567589602, -37.460697325016611 ], [ -72.362867370680462, -37.460656339664773 ], [ -72.362816359123272, -37.460318926931478 ], [ -72.362756814091711, -37.4599250692401 ], [ -72.362752840798777, -37.459898784884544 ], [ -72.362675052814566, -37.459384263165667 ], [ -72.362632663697752, -37.459338604613336 ], [ -72.362601216622352, -37.459304731991935 ], [ -72.362548638476412, -37.459302030339899 ], [ -72.361453871262469, -37.459245762809836 ], [ -72.361164316471616, -37.459230879180588 ], [ -72.3611898049855, -37.459372075128613 ], [ -72.361319625503896, -37.460091219226776 ], [ -72.361337092090736, -37.460187978188287 ], [ -72.361407351910145, -37.460577176476058 ], [ -72.361413868905643, -37.460613279556732 ], [ -72.361404473591605, -37.46064160906387 ], [ -72.361395185806586, -37.460669612964253 ] ] ] } },
{ "type": "Feature", "properties": { "zona": "29" }, "geometry": { "type": "Polygon", "coordinates": [ [ [ -72.366734504780581, -37.460764203388983 ], [ -72.366551267909344, -37.460761202300723 ], [ -72.365999886836008, -37.460752160970138 ], [ -72.365807281701748, -37.460749009243798 ], [ -72.36561297968899, -37.460745828360317 ], [ -72.365441429505921, -37.46074301957043 ], [ -72.365146324138038, -37.460738182851685 ], [ -72.364929660350256, -37.460734631668196 ], [ -72.364443180706772, -37.460726656370007 ], [ -72.364413101106351, -37.460726163475769 ], [ -72.36427380686834, -37.460723554730144 ], [ -72.363937545003267, -37.460717257524401 ], [ -72.363505448634527, -37.460709164043955 ], [ -72.362873567589602, -37.460697325016611 ], [ -72.362738132603823, -37.460694787122435 ], [ -72.361953749703801, -37.460680085231111 ], [ -72.361773508792268, -37.460676706603486 ], [ -72.361475247393031, -37.460671114351776 ], [ -72.361395185806586, -37.460669612964253 ], [ -72.361339592687685, -37.46066904213064 ], [ -72.36131347908929, -37.46095198492317 ], [ -72.361282438899138, -37.461137260362094 ], [ -72.361240325078995, -37.461332906262463 ], [ -72.361219820587721, -37.462327537888498 ], [ -72.361173228386917, -37.464157246835725 ], [ -72.361139550271233, -37.46509355144758 ], [ -72.361133807862018, -37.46525318562373 ], [ -72.361131795237071, -37.465309121907374 ], [ -72.361131750213389, -37.465310369855352 ], [ -72.361130465383141, -37.465340663874869 ], [ -72.361193289049083, -37.465341949726735 ], [ -72.36179862479139, -37.465354334421647 ], [ -72.361824977289032, -37.465354873604952 ], [ -72.362074930103745, -37.465359987159083 ], [ -72.362351235528209, -37.465365638350782 ], [ -72.363550151758773, -37.46537964124208 ], [ -72.363573417455527, -37.465263861905377 ], [ -72.363587917182912, -37.465191705700761 ], [ -72.363638573196212, -37.464939627720746 ], [ -72.363717845592177, -37.464545136369274 ], [ -72.363723335386268, -37.464517817964285 ], [ -72.363779467944326, -37.464238477954609 ], [ -72.363816671401665, -37.464053339445961 ], [ -72.363824284768683, -37.464015450519625 ], [ -72.363916597399339, -37.463556055684059 ], [ -72.363927627367161, -37.46350116585154 ], [ -72.36402699406537, -37.46300665752284 ], [ -72.36428526891703, -37.463010476895846 ], [ -72.364543544926818, -37.463014296630249 ], [ -72.364727320531401, -37.463017013774348 ], [ -72.365058704023056, -37.463021912333062 ], [ -72.365599609097757, -37.463029905501315 ], [ -72.366009706725819, -37.463035966223011 ], [ -72.366144015869253, -37.46303795086132 ], [ -72.366561520211746, -37.463044117191068 ], [ -72.366666477075654, -37.463045667438585 ], [ -72.36720086904964, -37.463053558486983 ], [ -72.367268833267474, -37.463054561889741 ], [ -72.367296890816831, -37.462891204699787 ], [ -72.367324948223015, -37.462727847494463 ], [ -72.367342860376795, -37.462623557081642 ], [ -72.367348133919023, -37.4625928544462 ], [ -72.367349192372544, -37.462586690933811 ], [ -72.367421243542907, -37.462167187170429 ], [ -72.367490259444637, -37.461765346158565 ], [ -72.367497294520319, -37.46172438474666 ], [ -72.367506014562224, -37.461673610720567 ], [ -72.367530936933534, -37.461528501566427 ], [ -72.36754785394109, -37.461430002057369 ], [ -72.367566940159222, -37.461318872999463 ], [ -72.367617335462782, -37.461025444491142 ], [ -72.367660157044384, -37.460776112089036 ], [ -72.367621343270542, -37.460776111077315 ], [ -72.367614296090309, -37.460776110784309 ], [ -72.36749616365536, -37.460776106913293 ], [ -72.367334312995325, -37.460774024429938 ], [ -72.367056305407388, -37.460769472729723 ], [ -72.366842026236085, -37.46076596380771 ], [ -72.366734504780581, -37.460764203388983 ] ] ] } },
{ "type": "Feature", "properties": { "zona": "31" }, "geometry": { "type": "Polygon", "coordinates": [ [ [ -72.355147385581503, -37.462173210517953 ], [ -72.35598409551514, -37.462075064780919 ], [ -72.355986704085154, -37.462074759133714 ], [ -72.356193917117182, -37.462048464750154 ], [ -72.356441878757821, -37.462016999639573 ], [ -72.356693219393122, -37.462014280600933 ], [ -72.35719524788351, -37.46202201601308 ], [ -72.357400416919035, -37.462025177357354 ], [ -72.358222673064887, -37.46203784099481 ], [ -72.358340978386792, -37.462039663005456 ], [ -72.358915835453658, -37.462048512907629 ], [ -72.358926752660153, -37.461820082226012 ], [ -72.35894557482051, -37.461426280622966 ], [ -72.358946068885857, -37.461415936887128 ], [ -72.358966239068238, -37.460874492331001 ], [ -72.358968954006954, -37.460801625292028 ], [ -72.358974798465297, -37.460644721170631 ], [ -72.35956789082968, -37.460650825222203 ], [ -72.360380276361283, -37.460659181609117 ], [ -72.360694582429673, -37.460662412934745 ], [ -72.360870505886638, -37.460664221587621 ], [ -72.361254028850098, -37.46066816293169 ], [ -72.361283999602847, -37.46066847037045 ], [ -72.361339592687685, -37.46066904213064 ], [ -72.361395185806586, -37.460669612964253 ], [ -72.361404473591605, -37.46064160906387 ], [ -72.361413868905643, -37.460613279556732 ], [ -72.361407351910145, -37.460577176476058 ], [ -72.361337092090736, -37.460187978188287 ], [ -72.361319625503896, -37.460091219226776 ], [ -72.3611898049855, -37.459372075128613 ], [ -72.361164316471616, -37.459230879180588 ], [ -72.361039255729466, -37.459226415708372 ], [ -72.360685345195762, -37.459213782861134 ], [ -72.360127107129813, -37.459193853865052 ], [ -72.358824348675284, -37.459147335667332 ], [ -72.358770829632221, -37.459145424102147 ], [ -72.35859782192135, -37.459139244971809 ], [ -72.358264445735614, -37.459127338100998 ], [ -72.358189121276069, -37.459124647422122 ], [ -72.357507018487169, -37.459100282391205 ], [ -72.356879699766992, -37.459077870400407 ], [ -72.356305228717844, -37.459057343742373 ], [ -72.35515768578172, -37.459016331399148 ], [ -72.35500207335852, -37.459010769077032 ], [ -72.355009156443515, -37.45916491035581 ], [ -72.355027513402291, -37.459564429732488 ], [ -72.35504184242285, -37.459876272635533 ], [ -72.355052953544387, -37.460118091250784 ], [ -72.35508034380797, -37.460714184222653 ], [ -72.355087271156393, -37.460864953589557 ], [ -72.355112574611496, -37.461415638253307 ], [ -72.355120198908722, -37.461581562042007 ], [ -72.355145368037967, -37.462129295178727 ], [ -72.355146361506399, -37.462150917288774 ], [ -72.355147385581503, -37.462173210517953 ] ] ] } },
{ "type": "Feature", "properties": { "zona": "43" }, "geometry": { "type": "Polygon", "coordinates": [ [ [ -72.355147385581503, -37.462173210517953 ], [ -72.355157552634623, -37.462638128053612 ], [ -72.355177147265877, -37.463534192312615 ], [ -72.355179543284123, -37.463643763640668 ], [ -72.355180319108115, -37.463679257224406 ], [ -72.355180645285287, -37.46369418528073 ], [ -72.355430990159917, -37.463681773194587 ], [ -72.355681335015205, -37.463669359673737 ], [ -72.355821907783863, -37.463662389624922 ], [ -72.356063695645958, -37.463650400051243 ], [ -72.356083337103641, -37.46364942595465 ], [ -72.35629149365262, -37.46365297788698 ], [ -72.356408935822671, -37.463654982601064 ], [ -72.356889547482311, -37.463663182606894 ], [ -72.356937599786306, -37.463672235751105 ], [ -72.357044652916514, -37.463692403682515 ], [ -72.357149093694161, -37.463733364985906 ], [ -72.357228837612794, -37.463767917109351 ], [ -72.357377123880923, -37.463832168500566 ], [ -72.357401813164913, -37.46384316229188 ], [ -72.357501793665406, -37.463887680223159 ], [ -72.357639753317187, -37.463949108583584 ], [ -72.357702398365845, -37.463977002377831 ], [ -72.358158117159235, -37.464179916745472 ], [ -72.358168333228278, -37.464184321091871 ], [ -72.358190926830119, -37.464194062137089 ], [ -72.358418889994056, -37.464292344029893 ], [ -72.358714552627887, -37.464419811379692 ], [ -72.3587389504127, -37.464430329793252 ], [ -72.358956295773908, -37.464524032477179 ], [ -72.359275731261178, -37.464661746914658 ], [ -72.359643046424054, -37.46482010162137 ], [ -72.359761050025526, -37.464870974363862 ], [ -72.359763261661513, -37.464871927637006 ], [ -72.359879213046028, -37.464921915435276 ], [ -72.360068940373694, -37.465003708487018 ], [ -72.360186258578722, -37.465054285240306 ], [ -72.360206045312879, -37.465062815130814 ], [ -72.360222989021054, -37.465069218797183 ], [ -72.360294824884761, -37.465096369617186 ], [ -72.36032274905925, -37.465106923283805 ], [ -72.360683229085936, -37.465243167099999 ], [ -72.360702873928787, -37.465250591665942 ], [ -72.36105703124062, -37.465332421210583 ], [ -72.361089039320106, -37.465339816520192 ], [ -72.361130465383141, -37.465340663874869 ], [ -72.361131750213389, -37.465310369855352 ], [ -72.361131795237071, -37.465309121907374 ], [ -72.361133807862018, -37.46525318562373 ], [ -72.361139550271233, -37.46509355144758 ], [ -72.361173228386917, -37.464157246835725 ], [ -72.361219820587721, -37.462327537888498 ], [ -72.361240325078995, -37.461332906262463 ], [ -72.361282438899138, -37.461137260362094 ], [ -72.36131347908929, -37.46095198492317 ], [ -72.361339592687685, -37.46066904213064 ], [ -72.361283999602847, -37.46066847037045 ], [ -72.361254028850098, -37.46066816293169 ], [ -72.360870505886638, -37.460664221587621 ], [ -72.360694582429673, -37.460662412934745 ], [ -72.360380276361283, -37.460659181609117 ], [ -72.35956789082968, -37.460650825222203 ], [ -72.358974798465297, -37.460644721170631 ], [ -72.358968954006954, -37.460801625292028 ], [ -72.358966239068238, -37.460874492331001 ], [ -72.358946068885857, -37.461415936887128 ], [ -72.35894557482051, -37.461426280622966 ], [ -72.358926752660153, -37.461820082226012 ], [ -72.358915835453658, -37.462048512907629 ], [ -72.358340978386792, -37.462039663005456 ], [ -72.358222673064887, -37.46203784099481 ], [ -72.357400416919035, -37.462025177357354 ], [ -72.35719524788351, -37.46202201601308 ], [ -72.356693219393122, -37.462014280600933 ], [ -72.356441878757821, -37.462016999639573 ], [ -72.356193917117182, -37.462048464750154 ], [ -72.355986704085154, -37.462074759133714 ], [ -72.35598409551514, -37.462075064780919 ], [ -72.355147385581503, -37.462173210517953 ] ] ] } },
{ "type": "Feature", "properties": { "zona": "32" }, "geometry": { "type": "Polygon", "coordinates": [ [ [ -72.34784696310912, -37.458868895912794 ], [ -72.34738082699387, -37.45910592696805 ], [ -72.346996175165813, -37.459301520398427 ], [ -72.347018512883707, -37.459332101588195 ], [ -72.347116618113446, -37.459466411412578 ], [ -72.347250107154011, -37.459649163591877 ], [ -72.347338649175242, -37.459770379618099 ], [ -72.347406096643311, -37.459862716668965 ], [ -72.347434163399754, -37.459901140952169 ], [ -72.347527750070228, -37.460029261890803 ], [ -72.347590450431284, -37.460115099673978 ], [ -72.347737567715555, -37.460316504211022 ], [ -72.347796172225188, -37.460396734146855 ], [ -72.347948980616479, -37.460605927563229 ], [ -72.347959846300839, -37.460620803056159 ], [ -72.348040702477661, -37.46073149391021 ], [ -72.348232175963403, -37.460993617439136 ], [ -72.348250463298356, -37.461065331859842 ], [ -72.348267273036058, -37.461191847111358 ], [ -72.348267218117925, -37.461391827687009 ], [ -72.348267195431163, -37.461475256408221 ], [ -72.348267776661757, -37.461485839589365 ], [ -72.348269041711518, -37.461656176840386 ], [ -72.348268638897565, -37.461686096669972 ], [ -72.348262371400097, -37.462151725551401 ], [ -72.348259360289859, -37.462741761245049 ], [ -72.348258626881545, -37.462835285449373 ], [ -72.348259622721869, -37.463578481459244 ], [ -72.348257823974322, -37.463760363485363 ], [ -72.348256925168016, -37.463851304058885 ], [ -72.348256025223264, -37.46394224460569 ], [ -72.348398709784547, -37.463938116211388 ], [ -72.349418369055101, -37.46390860956555 ], [ -72.349445080381045, -37.463907836718931 ], [ -72.350535245186251, -37.463867927946573 ], [ -72.351001196882052, -37.463850670108116 ], [ -72.351671741270906, -37.46382583204754 ], [ -72.351938404323292, -37.463815953344429 ], [ -72.352297757735712, -37.463802659104566 ], [ -72.352486715410052, -37.463795667715836 ], [ -72.35336570466535, -37.463763143280737 ], [ -72.353676101544593, -37.463751656399971 ], [ -72.353703953491362, -37.463750626096967 ], [ -72.354441501712984, -37.46372244735673 ], [ -72.355090768661128, -37.463697638472532 ], [ -72.355179048495557, -37.463694264860777 ], [ -72.355180645285287, -37.46369418528073 ], [ -72.355180319108115, -37.463679257224406 ], [ -72.355179543284123, -37.463643763640668 ], [ -72.355177147265877, -37.463534192312615 ], [ -72.355157552634623, -37.462638128053612 ], [ -72.355147385581503, -37.462173210517953 ], [ -72.355146361506399, -37.462150917288774 ], [ -72.355145368037967, -37.462129295178727 ], [ -72.355120198908722, -37.461581562042007 ], [ -72.355112574611496, -37.461415638253307 ], [ -72.355087271156393, -37.460864953589557 ], [ -72.35508034380797, -37.460714184222653 ], [ -72.355052953544387, -37.460118091250784 ], [ -72.35504184242285, -37.459876272635533 ], [ -72.355027513402291, -37.459564429732488 ], [ -72.355009156443515, -37.45916491035581 ], [ -72.35500207335852, -37.459010769077032 ], [ -72.354960280318394, -37.459009275213049 ], [ -72.353708200764729, -37.458964512396342 ], [ -72.353368236321131, -37.458950389512012 ], [ -72.353235736876613, -37.458944885085039 ], [ -72.35298534308761, -37.458934482501775 ], [ -72.352923831371072, -37.45893192685805 ], [ -72.352562801367384, -37.458916925762935 ], [ -72.352501857459941, -37.458914393442157 ], [ -72.352122331829818, -37.458898624012022 ], [ -72.351609407777829, -37.458877308027361 ], [ -72.350982407581341, -37.458851249344434 ], [ -72.350970328756489, -37.458850747709342 ], [ -72.350578217348342, -37.458834449495342 ], [ -72.350114307307791, -37.458815164704994 ], [ -72.349517740383092, -37.458795371681497 ], [ -72.348561871754626, -37.458763651405405 ], [ -72.348064388931661, -37.458747139868045 ], [ -72.348035616471734, -37.458746184656 ], [ -72.347942351537355, -37.458760241873406 ], [ -72.347938184125582, -37.45876087008093 ], [ -72.347930492520078, -37.458762030102868 ], [ -72.347915707155238, -37.458764258140427 ], [ -72.347912973327084, -37.458766671219465 ], [ -72.34784696310912, -37.458868895912794 ] ] ] } },
{ "type": "Feature", "properties": { "zona": "45" }, "geometry": { "type": "Polygon", "coordinates": [ [ [ -72.348398709784547, -37.463938116211388 ], [ -72.348256002894416, -37.463944507715247 ], [ -72.348255644852131, -37.463980771517441 ], [ -72.348248614453283, -37.464691728969704 ], [ -72.34824467674153, -37.465089894545514 ], [ -72.348244630805013, -37.465094520759351 ], [ -72.348312814086896, -37.465095248976624 ], [ -72.348339714489839, -37.465095535843602 ], [ -72.349444833879119, -37.465107319924144 ], [ -72.349470926285406, -37.465107598309075 ], [ -72.349492004546065, -37.465107822715709 ], [ -72.350595152007855, -37.465117681030314 ], [ -72.351265789587117, -37.46512203751837 ], [ -72.352009838205461, -37.465126865845434 ], [ -72.352873179073455, -37.46512702047486 ], [ -72.353671404625345, -37.465127158555667 ], [ -72.35387222547368, -37.465126841419469 ], [ -72.355133229553147, -37.465124841197671 ], [ -72.355211927436443, -37.46512471597898 ], [ -72.355211101640208, -37.465086952261949 ], [ -72.355192944618153, -37.464256620159595 ], [ -72.355187171992611, -37.46399265636007 ], [ -72.355180645285287, -37.46369418528073 ], [ -72.355179048495557, -37.463694264860777 ], [ -72.355090768661128, -37.463697638472532 ], [ -72.354441501712984, -37.46372244735673 ], [ -72.353703953491362, -37.463750626096967 ], [ -72.353676101544593, -37.463751656399971 ], [ -72.35336570466535, -37.463763143280737 ], [ -72.352486715410052, -37.463795667715836 ], [ -72.352297757735712, -37.463802659104566 ], [ -72.351938404323292, -37.463815953344429 ], [ -72.351671741270906, -37.46382583204754 ], [ -72.351001196882052, -37.463850670108116 ], [ -72.350535245186251, -37.463867927946573 ], [ -72.349445080381045, -37.463907836718931 ], [ -72.349418369055101, -37.46390860956555 ], [ -72.348398709784547, -37.463938116211388 ] ] ] } },
{ "type": "Feature", "properties": { "zona": "46" }, "geometry": { "type": "Polygon", "coordinates": [ [ [ -72.348244630805013, -37.465094520759351 ], [ -72.348240874845374, -37.46547432919732 ], [ -72.348238098341994, -37.465755095116819 ], [ -72.348237198482678, -37.465846059971796 ], [ -72.348233470522771, -37.466222892603852 ], [ -72.348232562546883, -37.466314693508842 ], [ -72.348231792375174, -37.466392584234391 ], [ -72.348231009939397, -37.466471653346929 ], [ -72.348223475844961, -37.467233364660885 ], [ -72.348222311092769, -37.467351169673847 ], [ -72.348221085173151, -37.467475086499697 ], [ -72.348220380644122, -37.467546287881461 ], [ -72.348219859237105, -37.467599003323059 ], [ -72.348215201257759, -37.467782208760909 ], [ -72.348203084393063, -37.468258779732587 ], [ -72.348202999118541, -37.468262151605146 ], [ -72.348209451149359, -37.468437738859166 ], [ -72.348223519016187, -37.468820595781054 ], [ -72.348229515665437, -37.46898379953911 ], [ -72.348235512287573, -37.469147004194234 ], [ -72.348240948095935, -37.469294954735673 ], [ -72.348241191385071, -37.469301569001324 ], [ -72.348241305263926, -37.469305031853217 ], [ -72.348797974894879, -37.469291141544474 ], [ -72.349583234432401, -37.469271543726194 ], [ -72.350418873745681, -37.469236878926516 ], [ -72.350842426286036, -37.469219306161854 ], [ -72.351854199743997, -37.469177323116313 ], [ -72.351881894007661, -37.469176173496344 ], [ -72.352334805901279, -37.469157377640428 ], [ -72.353808481634658, -37.46909756570529 ], [ -72.355328860924786, -37.469095331097208 ], [ -72.355372266787541, -37.469095266958348 ], [ -72.35536966785692, -37.469061074335265 ], [ -72.355365173735251, -37.46900194222853 ], [ -72.355274353150563, -37.46780697327835 ], [ -72.355263184146935, -37.467660010894342 ], [ -72.355259274927846, -37.467573771770624 ], [ -72.355249310951166, -37.467419758975034 ], [ -72.355245273862309, -37.467217594212087 ], [ -72.355243685992207, -37.46713807986842 ], [ -72.355230110740564, -37.466458303408722 ], [ -72.355227163040539, -37.46631069970698 ], [ -72.355225950199852, -37.466216281117724 ], [ -72.35522276740339, -37.465968490120154 ], [ -72.355213595795021, -37.465254543487873 ], [ -72.355211927436443, -37.46512471597898 ], [ -72.355133229553147, -37.465124841197671 ], [ -72.35387222547368, -37.465126841419469 ], [ -72.353671404625345, -37.465127158555667 ], [ -72.352873179073455, -37.46512702047486 ], [ -72.352009838205461, -37.465126865845434 ], [ -72.351265789587117, -37.46512203751837 ], [ -72.350595152007855, -37.465117681030314 ], [ -72.349492004546065, -37.465107822715709 ], [ -72.349470926285406, -37.465107598309075 ], [ -72.349444833879119, -37.465107319924144 ], [ -72.348339714489839, -37.465095535843602 ], [ -72.348312814086896, -37.465095248976624 ], [ -72.348244630805013, -37.465094520759351 ] ] ] } },
{ "type": "Feature", "properties": { "zona": "63" }, "geometry": { "type": "Polygon", "coordinates": [ [ [ -72.358995413582377, -37.468971308199343 ], [ -72.358532017425617, -37.46898822178796 ], [ -72.358225803445038, -37.468999397481831 ], [ -72.358088115722822, -37.469004421684339 ], [ -72.357255255807857, -37.469034812911218 ], [ -72.357233496043435, -37.469035511787716 ], [ -72.357099163913105, -37.469039825057635 ], [ -72.356526924538144, -37.469058200036471 ], [ -72.355372266787541, -37.469095266958348 ], [ -72.355375571818257, -37.469141339537977 ], [ -72.355378877949263, -37.469187413043038 ], [ -72.355407655226742, -37.469588543086736 ], [ -72.35544463971658, -37.470104060314824 ], [ -72.355448351041744, -37.470151950534124 ], [ -72.355494291180662, -37.470744789706693 ], [ -72.355512957753788, -37.470985682326663 ], [ -72.3555176761231, -37.47104657121438 ], [ -72.355517939642155, -37.471049968028893 ], [ -72.355561479292248, -37.47104755220915 ], [ -72.356540668202058, -37.470993221953613 ], [ -72.356780872872235, -37.470979892829966 ], [ -72.35739272883346, -37.470945938207912 ], [ -72.357593141114251, -37.470934814922444 ], [ -72.359102457680123, -37.470851039653532 ], [ -72.359198900261504, -37.470845627167613 ], [ -72.359194151860621, -37.470794819440549 ], [ -72.359191434571997, -37.47076573719044 ], [ -72.359187311403645, -37.470721609032395 ], [ -72.359180463387759, -37.470648324562411 ], [ -72.359167512086231, -37.470509730068706 ], [ -72.359136369636715, -37.470176460706561 ], [ -72.35913472301668, -37.470158843923642 ], [ -72.359125051805734, -37.470055345720759 ], [ -72.359107571912801, -37.469868280493721 ], [ -72.359096277903546, -37.469747421952597 ], [ -72.359095493662622, -37.469739029400216 ], [ -72.359078946886115, -37.469561943314027 ], [ -72.359056762582284, -37.469324530887079 ], [ -72.359054082876753, -37.469295860381223 ], [ -72.359033515693497, -37.469075748677902 ], [ -72.359023659757938, -37.468970277376478 ], [ -72.358995413582377, -37.468971308199343 ] ] ] } },
{ "type": "Feature", "properties": { "zona": "44" }, "geometry": { "type": "Polygon", "coordinates": [ [ [ -72.355821907783863, -37.463662389624922 ], [ -72.355681335015205, -37.463669359673737 ], [ -72.355430990159917, -37.463681773194587 ], [ -72.355180645285287, -37.46369418528073 ], [ -72.355187171992611, -37.46399265636007 ], [ -72.355192944618153, -37.464256620159595 ], [ -72.355211101640208, -37.465086952261949 ], [ -72.355211927436443, -37.46512471597898 ], [ -72.355213595795021, -37.465254543487873 ], [ -72.35522276740339, -37.465968490120154 ], [ -72.355225950199852, -37.466216281117724 ], [ -72.355227163040539, -37.46631069970698 ], [ -72.355230110740564, -37.466458303408722 ], [ -72.355243685992207, -37.46713807986842 ], [ -72.355245273862309, -37.467217594212087 ], [ -72.355249310951166, -37.467419758975034 ], [ -72.355259274927846, -37.467573771770624 ], [ -72.355263184146935, -37.467660010894342 ], [ -72.355274353150563, -37.46780697327835 ], [ -72.355365173735251, -37.46900194222853 ], [ -72.35536966785692, -37.469061074335265 ], [ -72.355372266787541, -37.469095266958348 ], [ -72.356526924538144, -37.469058200036471 ], [ -72.357099163913105, -37.469039825057635 ], [ -72.357233496043435, -37.469035511787716 ], [ -72.357255255807857, -37.469034812911218 ], [ -72.358088115722822, -37.469004421684339 ], [ -72.358225803445038, -37.468999397481831 ], [ -72.358532017425617, -37.46898822178796 ], [ -72.358995413582377, -37.468971308199343 ], [ -72.359023659757938, -37.468970277376478 ], [ -72.359054792423592, -37.468972742570742 ], [ -72.359456549733395, -37.469004559892475 ], [ -72.359621507660989, -37.469017623804348 ], [ -72.359682301778051, -37.469022438070638 ], [ -72.359808627879204, -37.469036831236544 ], [ -72.359974963775699, -37.469055783650738 ], [ -72.360270585305514, -37.469089466806793 ], [ -72.360338355737142, -37.469097187812906 ], [ -72.360464307075688, -37.469119444092712 ], [ -72.360811033828199, -37.469180710750564 ], [ -72.360886136505385, -37.46919330638179 ], [ -72.360937046440625, -37.469201844201187 ], [ -72.36096221765952, -37.46920701238755 ], [ -72.360977423645537, -37.469210134888442 ], [ -72.361015909540782, -37.469218036362221 ], [ -72.361036435588616, -37.469127455756407 ], [ -72.361077254685227, -37.468947321104686 ], [ -72.361086226729839, -37.468242160224534 ], [ -72.36104473036761, -37.467362362361875 ], [ -72.361125377772495, -37.465460626395497 ], [ -72.361130465383141, -37.465340663874869 ], [ -72.361089039320106, -37.465339816520192 ], [ -72.36105703124062, -37.465332421210583 ], [ -72.360702873928787, -37.465250591665942 ], [ -72.360683229085936, -37.465243167099999 ], [ -72.36032274905925, -37.465106923283805 ], [ -72.360294824884761, -37.465096369617186 ], [ -72.360222989021054, -37.465069218797183 ], [ -72.360206045312879, -37.465062815130814 ], [ -72.360186258578722, -37.465054285240306 ], [ -72.360068940373694, -37.465003708487018 ], [ -72.359879213046028, -37.464921915435276 ], [ -72.359763261661513, -37.464871927637006 ], [ -72.359761050025526, -37.464870974363862 ], [ -72.359643046424054, -37.46482010162137 ], [ -72.359275731261178, -37.464661746914658 ], [ -72.358956295773908, -37.464524032477179 ], [ -72.3587389504127, -37.464430329793252 ], [ -72.358714552627887, -37.464419811379692 ], [ -72.358418889994056, -37.464292344029893 ], [ -72.358190926830119, -37.464194062137089 ], [ -72.358168333228278, -37.464184321091871 ], [ -72.358158117159235, -37.464179916745472 ], [ -72.357702398365845, -37.463977002377831 ], [ -72.357639753317187, -37.463949108583584 ], [ -72.357501793665406, -37.463887680223159 ], [ -72.357401813164913, -37.46384316229188 ], [ -72.357377123880923, -37.463832168500566 ], [ -72.357228837612794, -37.463767917109351 ], [ -72.357149093694161, -37.463733364985906 ], [ -72.357044652916514, -37.463692403682515 ], [ -72.356937599786306, -37.463672235751105 ], [ -72.356889547482311, -37.463663182606894 ], [ -72.356408935822671, -37.463654982601064 ], [ -72.35629149365262, -37.46365297788698 ], [ -72.356083337103641, -37.46364942595465 ], [ -72.356063695645958, -37.463650400051243 ], [ -72.355821907783863, -37.463662389624922 ] ] ] } },
{ "type": "Feature", "properties": { "zona": "64" }, "geometry": { "type": "Polygon", "coordinates": [ [ [ -72.347479024375303, -37.473271653378589 ], [ -72.347479468523673, -37.473288698986984 ], [ -72.347692638367889, -37.473284318642001 ], [ -72.347905808210399, -37.473279937910966 ], [ -72.347945601319466, -37.473279120463701 ], [ -72.349268794492829, -37.473192380086743 ], [ -72.349576573515023, -37.473172202352089 ], [ -72.349926274840584, -37.473149274625186 ], [ -72.350681955409684, -37.473099726230465 ], [ -72.351110737897343, -37.473071609067475 ], [ -72.351151701512947, -37.47306892264276 ], [ -72.351288027827437, -37.473060696086428 ], [ -72.352158816740413, -37.47300814232068 ], [ -72.352692252760136, -37.472975944780259 ], [ -72.352734031423495, -37.472973579754218 ], [ -72.353946134325525, -37.472904953270152 ], [ -72.354329024123331, -37.47288327160603 ], [ -72.355295265119395, -37.472828552955853 ], [ -72.355676099320448, -37.472806983963729 ], [ -72.355671094348267, -37.472763809186745 ], [ -72.35564290825495, -37.472520646189658 ], [ -72.35561336279855, -37.472265759812224 ], [ -72.355609717377845, -37.472234308403507 ], [ -72.355551155580102, -37.47147860852192 ], [ -72.355522303746866, -37.471106282108245 ], [ -72.355517939642155, -37.471049968028893 ], [ -72.3555176761231, -37.47104657121438 ], [ -72.355512957753788, -37.470985682326663 ], [ -72.355494291180662, -37.470744789706693 ], [ -72.355448351041744, -37.470151950534124 ], [ -72.35544463971658, -37.470104060314824 ], [ -72.355407655226742, -37.469588543086736 ], [ -72.355378877949263, -37.469187413043038 ], [ -72.355375571818257, -37.469141339537977 ], [ -72.355372266787541, -37.469095266958348 ], [ -72.355328860924786, -37.469095331097208 ], [ -72.353808481634658, -37.46909756570529 ], [ -72.352334805901279, -37.469157377640428 ], [ -72.351881894007661, -37.469176173496344 ], [ -72.351854199743997, -37.469177323116313 ], [ -72.350842426286036, -37.469219306161854 ], [ -72.350418873745681, -37.469236878926516 ], [ -72.349583234432401, -37.469271543726194 ], [ -72.348797974894879, -37.469291141544474 ], [ -72.348241305263926, -37.469305031853217 ], [ -72.348241215988011, -37.469305030749467 ], [ -72.34779758051566, -37.469317800581095 ], [ -72.347280358284507, -37.469332685899737 ], [ -72.347290725726239, -37.469595004518339 ], [ -72.347317747834424, -37.470278760025749 ], [ -72.347320501847321, -37.470332153666604 ], [ -72.347323418041967, -37.470388666115639 ], [ -72.347339040973822, -37.470691479158319 ], [ -72.347382791573352, -37.471539470558369 ], [ -72.347400695833329, -37.471886511207451 ], [ -72.347409350718266, -37.472054258595136 ], [ -72.347430233865083, -37.472459016955376 ], [ -72.347446446772864, -37.472773259428855 ], [ -72.34742191554011, -37.472876303547864 ], [ -72.347478103445283, -37.473265276205943 ], [ -72.347479024375303, -37.473271653378589 ] ] ] } },
{ "type": "Feature", "properties": { "zona": "107" }, "geometry": { "type": "Polygon", "coordinates": [ [ [ -72.328030342441409, -37.476391004468852 ], [ -72.32790176781748, -37.476370071587503 ], [ -72.327808576541571, -37.476322258953957 ], [ -72.327772525328584, -37.476307656906798 ], [ -72.327762719357267, -37.476298731120089 ], [ -72.327708840874735, -37.476271088364875 ], [ -72.32758489634692, -37.47618422903313 ], [ -72.327562676218989, -37.476168656785084 ], [ -72.327393019704715, -37.476110750766765 ], [ -72.327288844740025, -37.476081559330147 ], [ -72.327179798970036, -37.476051003191813 ], [ -72.327164398234601, -37.476046686960039 ], [ -72.327148133225165, -37.476042129487467 ], [ -72.327130709835174, -37.476037556603202 ], [ -72.326961526888056, -37.475993155768741 ], [ -72.326934704937941, -37.475987232876847 ], [ -72.326887484177732, -37.47598053096867 ], [ -72.326792059518823, -37.47596698589031 ], [ -72.326660240996489, -37.475954490144687 ], [ -72.326494085024279, -37.475950727109165 ], [ -72.326334821602458, -37.475949723232937 ], [ -72.326313813037871, -37.47595025405171 ], [ -72.326294281270776, -37.475950748922479 ], [ -72.326294029522487, -37.475950706276095 ], [ -72.326253450816751, -37.475943769746046 ], [ -72.326252627059432, -37.476023295071641 ], [ -72.32624946583644, -37.476328571146183 ], [ -72.326243401837232, -37.476572139017712 ], [ -72.32622048394731, -37.477492682108355 ], [ -72.326217344649038, -37.477618754244595 ], [ -72.326204738174937, -37.478125116012293 ], [ -72.326200996790874, -37.47827536488245 ], [ -72.326200670237043, -37.478311637200768 ], [ -72.326195019130012, -37.478940062599357 ], [ -72.326191216637341, -37.479362802121386 ], [ -72.326186867928143, -37.479846232718764 ], [ -72.326153278517936, -37.480029427020504 ], [ -72.32612460124038, -37.480421669974497 ], [ -72.32611953706639, -37.48049094457614 ], [ -72.32609793213318, -37.480776928949517 ], [ -72.326065335629409, -37.481208405836846 ], [ -72.32602936402823, -37.481684538377593 ], [ -72.326019817814256, -37.481945183463338 ], [ -72.326000439669627, -37.48247422120459 ], [ -72.325967113998445, -37.483384045985929 ], [ -72.325955671599459, -37.483696439488256 ], [ -72.325953499764921, -37.483755716833599 ], [ -72.325997718824908, -37.483773159143169 ], [ -72.326031046782731, -37.483786305171158 ], [ -72.326067907393011, -37.483800844118733 ], [ -72.326183806020836, -37.483846560146873 ], [ -72.326251868063125, -37.483858222835146 ], [ -72.327144768081695, -37.48401121414021 ], [ -72.327536082569253, -37.484087655932022 ], [ -72.330044520398687, -37.484577638691647 ], [ -72.330543219074187, -37.484675043894924 ], [ -72.33086064879609, -37.48471168617305 ], [ -72.330864621385274, -37.484711778687391 ], [ -72.330974239696644, -37.484714320828509 ], [ -72.331455761849057, -37.484635393323302 ], [ -72.331805371908757, -37.484578085839892 ], [ -72.332662255874155, -37.484332838706464 ], [ -72.332674866736696, -37.484329525467956 ], [ -72.333230467047073, -37.484183559690223 ], [ -72.33328253424979, -37.484183305677973 ], [ -72.333307442518787, -37.484189590351477 ], [ -72.333645395601408, -37.484315834058663 ], [ -72.334880492511644, -37.484777200082398 ], [ -72.335801683093578, -37.485121295502147 ], [ -72.335980168221553, -37.485187963986277 ], [ -72.3362876482948, -37.485302815506081 ], [ -72.336292412502445, -37.485304594561747 ], [ -72.336317924071949, -37.485251999902637 ], [ -72.336347632921161, -37.485190754619815 ], [ -72.336371844842105, -37.485140841176815 ], [ -72.336448741406798, -37.484982311951839 ], [ -72.336461343341938, -37.484956331478514 ], [ -72.336482130508713, -37.484919037445387 ], [ -72.336520876235795, -37.484849521905367 ], [ -72.336641075547789, -37.484633869180733 ], [ -72.336647538418504, -37.484635832521718 ], [ -72.336800201133528, -37.484353355395577 ], [ -72.336854138908748, -37.484253551740245 ], [ -72.336958978523711, -37.484059560096583 ], [ -72.337115308577054, -37.483770289719132 ], [ -72.337182801054922, -37.483645403609103 ], [ -72.337267792132721, -37.483488135863489 ], [ -72.337332501615748, -37.483368397134463 ], [ -72.337510272762884, -37.483039446126106 ], [ -72.337570385929581, -37.482928211043323 ], [ -72.337198124280746, -37.482795351149832 ], [ -72.337242843063649, -37.482709439089689 ], [ -72.337280167509178, -37.482637732125106 ], [ -72.337526021910762, -37.482165401006419 ], [ -72.3375991271472, -37.482024950957332 ], [ -72.337789890411713, -37.481658452753102 ], [ -72.3380974621018, -37.481107190988567 ], [ -72.338332365175219, -37.480686166525338 ], [ -72.338334489313254, -37.480682358539198 ], [ -72.338643075920032, -37.48007913359433 ], [ -72.338706236532801, -37.479955666291957 ], [ -72.338914146458706, -37.479549233878558 ], [ -72.338857118052928, -37.479524841240703 ], [ -72.338785168565522, -37.479505135982748 ], [ -72.338713220248124, -37.479485430707769 ], [ -72.33864951481047, -37.47947350218395 ], [ -72.338476928432954, -37.479466941865105 ], [ -72.338371331798513, -37.479476621986215 ], [ -72.338309930234715, -37.479478917956335 ], [ -72.338237962788384, -37.4794851442565 ], [ -72.338121832400418, -37.479434364248576 ], [ -72.338081696369073, -37.479416813974943 ], [ -72.338057336616714, -37.479406162371113 ], [ -72.337955067596482, -37.479340390172716 ], [ -72.337876993946679, -37.479217219915085 ], [ -72.337722604281367, -37.479037067946543 ], [ -72.337639834926094, -37.47895168445244 ], [ -72.337566922386316, -37.478872695808668 ], [ -72.337459273939885, -37.478787261207394 ], [ -72.33726491780773, -37.478654495448204 ], [ -72.337172882078406, -37.478589396721944 ], [ -72.337080969750758, -37.478540505462263 ], [ -72.336949691383424, -37.478480807674259 ], [ -72.336874182137464, -37.478489140277645 ], [ -72.33673524091698, -37.478496501610969 ], [ -72.336561934788023, -37.478505978357347 ], [ -72.336427709769168, -37.478520277068021 ], [ -72.336246717304903, -37.478520610253256 ], [ -72.336056162453801, -37.478497390336585 ], [ -72.335981209444753, -37.478426278206271 ], [ -72.335926504496143, -37.478293948788355 ], [ -72.335871905477134, -37.4781539640612 ], [ -72.335767728677908, -37.478002943843897 ], [ -72.335605885299685, -37.477896807992288 ], [ -72.335326048894572, -37.477743448041458 ], [ -72.335236719675891, -37.477666951245332 ], [ -72.33517092078759, -37.477612046313851 ], [ -72.335073689446531, -37.477553687110266 ], [ -72.334939629107993, -37.4775403263451 ], [ -72.334820956232889, -37.477583727958013 ], [ -72.334688242878386, -37.477639870557923 ], [ -72.334563190467847, -37.477677065195607 ], [ -72.33428883906133, -37.477652010213546 ], [ -72.33414657695856, -37.477541184439076 ], [ -72.333985948570685, -37.477417185813465 ], [ -72.333769259231303, -37.477247640276552 ], [ -72.333601407744013, -37.477116306963502 ], [ -72.333536716341882, -37.477054565065608 ], [ -72.33342066149271, -37.477038648150867 ], [ -72.333279602951421, -37.476998179633746 ], [ -72.333113446503603, -37.476949326898492 ], [ -72.332953361761284, -37.476915424503552 ], [ -72.332908306880682, -37.476892234858646 ], [ -72.332875254221079, -37.476875816054196 ], [ -72.332842201544281, -37.4768593981414 ], [ -72.332816855779058, -37.476813980732231 ], [ -72.332798828703616, -37.476742118732417 ], [ -72.332760374189988, -37.476700699901514 ], [ -72.332744943031614, -37.476692393569905 ], [ -72.332716690129644, -37.476677185212111 ], [ -72.332673231842065, -37.476667192324847 ], [ -72.332495744777816, -37.47669021608084 ], [ -72.332472683884859, -37.476697198663814 ], [ -72.33220499684785, -37.476778264117513 ], [ -72.332062108647847, -37.476802068055832 ], [ -72.33201142101484, -37.476788097154447 ], [ -72.331901851836335, -37.476757897564902 ], [ -72.331755171429648, -37.476709527192206 ], [ -72.331630736797379, -37.476711219770152 ], [ -72.33154841224875, -37.476740899150393 ], [ -72.331514360137888, -37.47674463513281 ], [ -72.331425725620463, -37.476722413616564 ], [ -72.331415600283222, -37.476719875215281 ], [ -72.331403329726513, -37.476717345999475 ], [ -72.331370235330553, -37.476696392329856 ], [ -72.331337140953281, -37.476675438651604 ], [ -72.331288945208627, -37.476644923437647 ], [ -72.331275363838259, -37.47664110212019 ], [ -72.331174362159501, -37.476612685974757 ], [ -72.331132220959134, -37.476600829953618 ], [ -72.331126020803993, -37.4766006898071 ], [ -72.331108212304713, -37.476600287267061 ], [ -72.331106412619761, -37.476600245686065 ], [ -72.331081532884554, -37.476599684205361 ], [ -72.331077498490828, -37.476599593011386 ], [ -72.331007080397612, -37.476602506820143 ], [ -72.330976254208863, -37.476611673593794 ], [ -72.330908516523806, -37.476631817763533 ], [ -72.330888434539261, -37.476633090331447 ], [ -72.33085610461238, -37.476635138520486 ], [ -72.330825742147809, -37.476634452141603 ], [ -72.330727688802128, -37.47660970762464 ], [ -72.330601551608481, -37.476579823436055 ], [ -72.33051434818266, -37.476560610876597 ], [ -72.330419246872609, -37.476539656251589 ], [ -72.330281028496188, -37.476508443366171 ], [ -72.330241884999296, -37.476499602354451 ], [ -72.330229282024817, -37.476496313070896 ], [ -72.33016007479651, -37.476469980162832 ], [ -72.330101665140347, -37.47644775535128 ], [ -72.329996863204826, -37.476394939316556 ], [ -72.329981236473387, -37.47638911978629 ], [ -72.329803677616141, -37.47632298614905 ], [ -72.329633953965441, -37.476247058626363 ], [ -72.329556197533805, -37.476222268464568 ], [ -72.329513778163701, -37.476208743926087 ], [ -72.329436211886602, -37.476184013856127 ], [ -72.329246656788726, -37.47618873748862 ], [ -72.329193960360968, -37.476187545505091 ], [ -72.329083548001165, -37.476185047921405 ], [ -72.32898706843244, -37.476155832004103 ], [ -72.328896943824347, -37.476126759774452 ], [ -72.328881681036705, -37.476127519255911 ], [ -72.328825051967286, -37.476130333703601 ], [ -72.328772349863726, -37.476132953115332 ], [ -72.328669142367303, -37.476182382626931 ], [ -72.328598106622437, -37.476223627022826 ], [ -72.328558955994211, -37.476222741229392 ], [ -72.3285140808851, -37.476221725902057 ], [ -72.328423700268885, -37.476219680932438 ], [ -72.328320417137476, -37.476262400530537 ], [ -72.328273463708712, -37.476310900239319 ], [ -72.328237262358911, -37.476328502541548 ], [ -72.328171873715746, -37.476360295618839 ], [ -72.328131795939669, -37.476379782706886 ], [ -72.328106150765308, -37.476382619400177 ], [ -72.328088983992217, -37.476384517953221 ], [ -72.328066562634788, -37.476386997759796 ], [ -72.328030342441409, -37.476391004468852 ] ] ] } },
{ "type": "Feature", "properties": { "zona": "106" }, "geometry": { "type": "Polygon", "coordinates": [ [ [ -72.336292412502445, -37.485304594561747 ], [ -72.337156970275714, -37.485627521431255 ], [ -72.337847948463306, -37.485885606558412 ], [ -72.338598617630495, -37.486165980597939 ], [ -72.339427706221286, -37.486475636310828 ], [ -72.340507392954748, -37.486878874996052 ], [ -72.340507435349039, -37.486878891269996 ], [ -72.340752798120945, -37.486970691767645 ], [ -72.342319905918458, -37.487556996739762 ], [ -72.342550783728257, -37.487643372577296 ], [ -72.342753977451608, -37.487719391029948 ], [ -72.342813072089371, -37.487741498996101 ], [ -72.342889863699909, -37.487612082622341 ], [ -72.342977068958803, -37.487465117949917 ], [ -72.343091233317779, -37.487324304470427 ], [ -72.343221248901784, -37.487200510099996 ], [ -72.34343204096416, -37.486999803656538 ], [ -72.343756738259827, -37.486739351966357 ], [ -72.343984789683446, -37.486556422516621 ], [ -72.34485365523274, -37.485859456445461 ], [ -72.345028827985956, -37.485709568145495 ], [ -72.345062968021182, -37.485681319943637 ], [ -72.345959380311982, -37.484939587265444 ], [ -72.346063325495919, -37.484853576650274 ], [ -72.346731511904736, -37.484295370392502 ], [ -72.346239307511084, -37.483852640961381 ], [ -72.345916898616522, -37.483578012717238 ], [ -72.34548377156716, -37.483267618837928 ], [ -72.345350621059069, -37.483211892677836 ], [ -72.345102085544681, -37.483144562455259 ], [ -72.344776384588656, -37.482989025245921 ], [ -72.344565197834314, -37.482857702155485 ], [ -72.344405579586009, -37.482755812022084 ], [ -72.344260703381664, -37.482694696267608 ], [ -72.344134463549196, -37.482665090763248 ], [ -72.344012009804089, -37.482655974264425 ], [ -72.343908759666633, -37.482658899633606 ], [ -72.343837102623752, -37.482694112576318 ], [ -72.343779582318604, -37.482724348562044 ], [ -72.343712227543207, -37.482759439246436 ], [ -72.343640926906289, -37.482802652081531 ], [ -72.343601458518535, -37.482825822071355 ], [ -72.343575567151234, -37.482850272531117 ], [ -72.343508166542293, -37.482852182077664 ], [ -72.34340789324628, -37.482825273157189 ], [ -72.343220995795534, -37.48275369753491 ], [ -72.342834033281477, -37.482528760272949 ], [ -72.342519088822002, -37.482338416422067 ], [ -72.342409362453566, -37.48229631644967 ], [ -72.34227176766656, -37.482205241492046 ], [ -72.342104256193934, -37.482151629920729 ], [ -72.341810215426761, -37.481997475019725 ], [ -72.341689780150475, -37.481904769935369 ], [ -72.34149455057468, -37.481680307289473 ], [ -72.341367928798476, -37.481545439961927 ], [ -72.341195907330047, -37.48129400189319 ], [ -72.341100275075121, -37.481145670215163 ], [ -72.341057794514924, -37.481030161926796 ], [ -72.341040857951626, -37.480944935067647 ], [ -72.34102162747044, -37.480896496854065 ], [ -72.341005824448089, -37.480856695523755 ], [ -72.340983159057785, -37.480820367535479 ], [ -72.340802975561857, -37.48072499944206 ], [ -72.340716356623133, -37.480585566232335 ], [ -72.340687081132771, -37.480508587767737 ], [ -72.34064976955591, -37.480412384116704 ], [ -72.340603896887444, -37.480349604641297 ], [ -72.340533647203344, -37.480287516000907 ], [ -72.340451969337849, -37.480258933795341 ], [ -72.340338487702113, -37.480225530533829 ], [ -72.34029752120459, -37.4802083822143 ], [ -72.340216666086377, -37.480166045732155 ], [ -72.340045935266815, -37.480104511878444 ], [ -72.339958470479147, -37.480074948310588 ], [ -72.339771958265871, -37.480045899670237 ], [ -72.33964997608139, -37.48001502469495 ], [ -72.339568348792113, -37.479987584738744 ], [ -72.339442488383881, -37.47990189562271 ], [ -72.339333386033644, -37.479773396258473 ], [ -72.339288839626533, -37.479740328917913 ], [ -72.339084934763065, -37.479643117075021 ], [ -72.338980067593639, -37.479577430472034 ], [ -72.338914146458706, -37.479549233878558 ], [ -72.338706236532801, -37.479955666291957 ], [ -72.338643075920032, -37.48007913359433 ], [ -72.338334489313254, -37.480682358539198 ], [ -72.338332365175219, -37.480686166525338 ], [ -72.3380974621018, -37.481107190988567 ], [ -72.337789890411713, -37.481658452753102 ], [ -72.3375991271472, -37.482024950957332 ], [ -72.337526021910762, -37.482165401006419 ], [ -72.337280167509178, -37.482637732125106 ], [ -72.337242843063649, -37.482709439089689 ], [ -72.337198124280746, -37.482795351149832 ], [ -72.337570385929581, -37.482928211043323 ], [ -72.337510272762884, -37.483039446126106 ], [ -72.337332501615748, -37.483368397134463 ], [ -72.337267792132721, -37.483488135863489 ], [ -72.337182801054922, -37.483645403609103 ], [ -72.337115308577054, -37.483770289719132 ], [ -72.336958978523711, -37.484059560096583 ], [ -72.336854138908748, -37.484253551740245 ], [ -72.336800201133528, -37.484353355395577 ], [ -72.336647538418504, -37.484635832521718 ], [ -72.336641075547789, -37.484633869180733 ], [ -72.336520876235795, -37.484849521905367 ], [ -72.336482130508713, -37.484919037445387 ], [ -72.336461343341938, -37.484956331478514 ], [ -72.336448741406798, -37.484982311951839 ], [ -72.336371844842105, -37.485140841176815 ], [ -72.336347632921161, -37.485190754619815 ], [ -72.336317924071949, -37.485251999902637 ], [ -72.336292412502445, -37.485304594561747 ] ] ] } },
{ "type": "Feature", "properties": { "zona": "108" }, "geometry": { "type": "Polygon", "coordinates": [ [ [ -72.323125862783471, -37.480091076858784 ], [ -72.32311974250041, -37.480221532692724 ], [ -72.323117223381615, -37.48027524764931 ], [ -72.323113205828562, -37.480360864049779 ], [ -72.323112652277388, -37.480372664179647 ], [ -72.323106966551435, -37.48049385921734 ], [ -72.322893675532512, -37.48059869032133 ], [ -72.322833297768625, -37.481164761488138 ], [ -72.322833286066469, -37.481164867554021 ], [ -72.322795599691574, -37.481518198705544 ], [ -72.322795587989262, -37.481518304771406 ], [ -72.322731753007702, -37.482116764462681 ], [ -72.322731745824512, -37.482116870631017 ], [ -72.322643743178034, -37.48209949756648 ], [ -72.322637440566979, -37.482815758420493 ], [ -72.322637440162652, -37.482815864742513 ], [ -72.322636712326656, -37.482898598238968 ], [ -72.322635665557556, -37.483017527570702 ], [ -72.322635664023352, -37.483017633867114 ], [ -72.322633926224043, -37.483047742957034 ], [ -72.322660577974972, -37.483053171891754 ], [ -72.323255605608466, -37.48319695464432 ], [ -72.323698885169293, -37.483304066170497 ], [ -72.32397460539282, -37.483370688618251 ], [ -72.32507093878759, -37.483590514580825 ], [ -72.32541091663191, -37.483656063723927 ], [ -72.325491339723257, -37.483671254478658 ], [ -72.325653342936221, -37.483701853970494 ], [ -72.325721692737375, -37.483714763410603 ], [ -72.325750311242516, -37.483719847822968 ], [ -72.325878642253258, -37.483742648414527 ], [ -72.325907712306005, -37.483747723191939 ], [ -72.325953499764921, -37.483755716833599 ], [ -72.325955671599459, -37.483696439488256 ], [ -72.325967113998445, -37.483384045985929 ], [ -72.326000439669627, -37.48247422120459 ], [ -72.326019817814256, -37.481945183463338 ], [ -72.32602936402823, -37.481684538377593 ], [ -72.326065335629409, -37.481208405836846 ], [ -72.32609793213318, -37.480776928949517 ], [ -72.32611953706639, -37.48049094457614 ], [ -72.32612460124038, -37.480421669974497 ], [ -72.326153278517936, -37.480029427020504 ], [ -72.326186867928143, -37.479846232718764 ], [ -72.326191216637341, -37.479362802121386 ], [ -72.326195019130012, -37.478940062599357 ], [ -72.326200670237043, -37.478311637200768 ], [ -72.326200996790874, -37.47827536488245 ], [ -72.326204738174937, -37.478125116012293 ], [ -72.326217344649038, -37.477618754244595 ], [ -72.32622048394731, -37.477492682108355 ], [ -72.326243401837232, -37.476572139017712 ], [ -72.32624946583644, -37.476328571146183 ], [ -72.326253451234052, -37.475943758041019 ], [ -72.326253257269897, -37.475943743736465 ], [ -72.326242707258217, -37.475943642702042 ], [ -72.326210830047344, -37.475943337152003 ], [ -72.326167138056519, -37.475942918130819 ], [ -72.326152618694479, -37.475940173444478 ], [ -72.325915887686705, -37.475895415574065 ], [ -72.3255152578745, -37.475782285466025 ], [ -72.325410353239832, -37.475765662607991 ], [ -72.325264510275844, -37.47575663230235 ], [ -72.32516908251138, -37.47575406501111 ], [ -72.325086393415774, -37.475759278090059 ], [ -72.325003269363535, -37.475741023479202 ], [ -72.324891882152201, -37.475711360169456 ], [ -72.324824840254578, -37.475688838976922 ], [ -72.324790131979455, -37.475661591400041 ], [ -72.324755359289725, -37.47559570532669 ], [ -72.324717177641944, -37.475538284556173 ], [ -72.324650493334232, -37.475451165163854 ], [ -72.324556009692728, -37.475411114447688 ], [ -72.324455985971881, -37.475401298420863 ], [ -72.324381821461955, -37.475368315860443 ], [ -72.32432948918499, -37.475332058643147 ], [ -72.324185586621425, -37.475259829073075 ], [ -72.324054970284422, -37.475212294473877 ], [ -72.323996092096181, -37.475208667646385 ], [ -72.323929110318176, -37.475217468202629 ], [ -72.323858315654576, -37.475261417621233 ], [ -72.32376132983984, -37.475319072212201 ], [ -72.323680638322188, -37.47535567209836 ], [ -72.323555080592072, -37.475367006875118 ], [ -72.323440734678442, -37.475349788897979 ], [ -72.323440724172556, -37.475349893188913 ], [ -72.323433333812915, -37.475407405895204 ], [ -72.323433327761705, -37.475407512089355 ], [ -72.323447436936931, -37.47589952776206 ], [ -72.32345446553137, -37.476144600543634 ], [ -72.323454468518051, -37.476144706942648 ], [ -72.323460251193765, -37.476346343068506 ], [ -72.323460245174545, -37.476346448362243 ], [ -72.323380282893098, -37.476887321825309 ], [ -72.323311032924906, -37.477575739301912 ], [ -72.323262843535318, -37.478054782130435 ], [ -72.323229570800351, -37.478486212179007 ], [ -72.323157023895632, -37.479426873299474 ], [ -72.323154230154671, -37.479486414937362 ], [ -72.323125862783471, -37.480091076858784 ] ] ] } },
{ "type": "Feature", "properties": { "zona": "67" }, "geometry": { "type": "Polygon", "coordinates": [ [ [ -72.332761840761094, -37.461307238346599 ], [ -72.331659081534212, -37.462622686147988 ], [ -72.331502025071245, -37.462833716287982 ], [ -72.331356733309974, -37.463134418984552 ], [ -72.331159620255363, -37.463630647642702 ], [ -72.330368354909112, -37.466240156809071 ], [ -72.329845385680059, -37.466142501140631 ], [ -72.32966486567507, -37.466681411181206 ], [ -72.3296289679528, -37.466788578204657 ], [ -72.32961840949713, -37.466820098331965 ], [ -72.330771288387382, -37.467065859965651 ], [ -72.330879975929889, -37.467088086339011 ], [ -72.332338514400362, -37.46738634872311 ], [ -72.333065052595344, -37.467534913212006 ], [ -72.334261250641063, -37.467779504490863 ], [ -72.334546800822906, -37.467837889947234 ], [ -72.335529971795154, -37.468038909856659 ], [ -72.336135577262795, -37.468162727789995 ], [ -72.337734860969377, -37.468489689879775 ], [ -72.338301143843594, -37.468605456253918 ], [ -72.338369971414039, -37.468619526902991 ], [ -72.338369979118397, -37.468619500944286 ], [ -72.338370192688529, -37.468618802887363 ], [ -72.338383882445711, -37.46857432416666 ], [ -72.338412991102771, -37.468479742176434 ], [ -72.338414056797163, -37.468476280678466 ], [ -72.33856923165159, -37.467972062099975 ], [ -72.338608763281258, -37.467843608601108 ], [ -72.338746017381155, -37.467397616062776 ], [ -72.338774590953662, -37.467304768258934 ], [ -72.338888180156616, -37.46693627707603 ], [ -72.338968534616995, -37.466675597061688 ], [ -72.339194720190349, -37.465941815879475 ], [ -72.339257716140835, -37.46573744634982 ], [ -72.339517110728792, -37.464901934885681 ], [ -72.339530659673585, -37.464858292656849 ], [ -72.339712608672002, -37.464272223070751 ], [ -72.339801906234129, -37.463992814004051 ], [ -72.339888345903674, -37.463722345336336 ], [ -72.340020501460316, -37.463308826691893 ], [ -72.340129023006199, -37.462969258285803 ], [ -72.340137575207109, -37.462942497591882 ], [ -72.340093937858285, -37.462927351811558 ], [ -72.339957236268347, -37.462876157382219 ], [ -72.339489413277533, -37.462700957093062 ], [ -72.339104916866944, -37.462556961284015 ], [ -72.338852835543847, -37.462462554112598 ], [ -72.338747711366963, -37.462436167585167 ], [ -72.338644125730937, -37.462410166173818 ], [ -72.338386762250821, -37.462312812171675 ], [ -72.338367252606616, -37.462303861385855 ], [ -72.338282430931855, -37.462264946050524 ], [ -72.338063726322588, -37.462164607742167 ], [ -72.337897516041821, -37.462108914227485 ], [ -72.337791492693938, -37.462073388183526 ], [ -72.337614244025787, -37.462013995946812 ], [ -72.337432552730945, -37.461939891663746 ], [ -72.337413604705205, -37.461932163586248 ], [ -72.337324657060606, -37.461887757753829 ], [ -72.337087558900464, -37.46174371866578 ], [ -72.336952855661437, -37.461650798193553 ], [ -72.336772543445406, -37.461556641717891 ], [ -72.336761978516847, -37.461551124705785 ], [ -72.336634494271891, -37.461496667767939 ], [ -72.336577835016911, -37.461472465451237 ], [ -72.336485392341615, -37.46144355778182 ], [ -72.336350509528643, -37.461413818013547 ], [ -72.335973455889643, -37.461330681086977 ], [ -72.335783811279683, -37.461285692900503 ], [ -72.33564719586704, -37.461253284688318 ], [ -72.335471649386449, -37.461211640039359 ], [ -72.33532093772925, -37.461175886537795 ], [ -72.335076287380716, -37.461112478922466 ], [ -72.335000844300268, -37.461092926152013 ], [ -72.334909822506006, -37.461069335279461 ], [ -72.334754133486527, -37.46102898387187 ], [ -72.334592960481018, -37.460992971713075 ], [ -72.334546414414092, -37.46098257112228 ], [ -72.334516661352652, -37.460980467674098 ], [ -72.334503543905143, -37.460979539907321 ], [ -72.334391646951474, -37.460971627260662 ], [ -72.334368998970007, -37.460970025679657 ], [ -72.334236879546239, -37.460960683197804 ], [ -72.334215152945987, -37.460959907083854 ], [ -72.334114586663176, -37.460956315794412 ], [ -72.334043462635421, -37.460953775682015 ], [ -72.334000166357043, -37.460952229624993 ], [ -72.333592842406105, -37.460937681411316 ], [ -72.333329527820482, -37.460928276210502 ], [ -72.333291358673719, -37.460927414277613 ], [ -72.333168790903855, -37.460924646377705 ], [ -72.33311258657838, -37.460917332405522 ], [ -72.333094357766697, -37.460914960803549 ], [ -72.333056711961959, -37.46090509944915 ], [ -72.333019474990522, -37.460895344636711 ], [ -72.33301148482208, -37.460893252014237 ], [ -72.333006218534976, -37.460898424433772 ], [ -72.333002039838988, -37.460905820139928 ], [ -72.332999149502712, -37.460910935381513 ], [ -72.332982220801441, -37.460939634784253 ], [ -72.332930104321775, -37.46102798455604 ], [ -72.332771775272832, -37.461296388914576 ], [ -72.332761840761094, -37.461307238346599 ] ] ] } },
{ "type": "Feature", "properties": { "zona": "65" }, "geometry": { "type": "Polygon", "coordinates": [ [ [ -72.341888819508952, -37.469279137079781 ], [ -72.341888765062805, -37.469279301659689 ], [ -72.341888124515478, -37.469289721275899 ], [ -72.341885505482963, -37.469332333820581 ], [ -72.342972081245719, -37.469540230943522 ], [ -72.343329715407691, -37.469608655379581 ], [ -72.343775761354181, -37.46969399370635 ], [ -72.343877423489587, -37.46971344323665 ], [ -72.344511092130617, -37.46983467334956 ], [ -72.345097943957256, -37.469946943769571 ], [ -72.345172147854754, -37.46996113947359 ], [ -72.345858772874649, -37.470092493011613 ], [ -72.346315950355915, -37.470185451271831 ], [ -72.346604385564248, -37.470244097903674 ], [ -72.346892323997551, -37.470302642562558 ], [ -72.347298410162708, -37.470331612317224 ], [ -72.347320501847321, -37.470332153666604 ], [ -72.347317747834424, -37.470278760025749 ], [ -72.347290725726239, -37.469595004518339 ], [ -72.347280358284507, -37.469332685899737 ], [ -72.34728030168742, -37.469331249147004 ], [ -72.347279309940419, -37.469306158660586 ], [ -72.347276310703947, -37.469230254977901 ], [ -72.347264414768205, -37.468929251246138 ], [ -72.347262285771563, -37.468875384131628 ], [ -72.347238918127005, -37.468284081532033 ], [ -72.347237420831689, -37.468246208135227 ], [ -72.347236746661167, -37.468237074573672 ], [ -72.34722252080411, -37.46804419591345 ], [ -72.347219379028616, -37.468001609668462 ], [ -72.34721703234176, -37.467969788923547 ], [ -72.347207620792247, -37.467842184587106 ], [ -72.347174495483586, -37.46759467455152 ], [ -72.347142610534974, -37.467438984792025 ], [ -72.34708546729928, -37.46735151713689 ], [ -72.347034969306989, -37.467274220991676 ], [ -72.346914182094551, -37.467089333526872 ], [ -72.34690817673436, -37.467084601093241 ], [ -72.346358740352031, -37.466631957918899 ], [ -72.345873037981576, -37.466252654033866 ], [ -72.345729589220667, -37.466140627800527 ], [ -72.345652687807572, -37.466111838627768 ], [ -72.344894386421117, -37.465529732084256 ], [ -72.344697183833674, -37.465422300083667 ], [ -72.344674687015612, -37.465408332407236 ], [ -72.344716072906479, -37.465318917817221 ], [ -72.344623493963809, -37.465254794054623 ], [ -72.344327320397966, -37.465088237459632 ], [ -72.344262847156131, -37.465057498437467 ], [ -72.344202981038819, -37.465028955393215 ], [ -72.344085764819738, -37.464973068421784 ], [ -72.343894647196947, -37.464881947040283 ], [ -72.343547431445316, -37.464692685682252 ], [ -72.343349593647076, -37.464597275226005 ], [ -72.343347990509542, -37.464617232264267 ], [ -72.343296070171036, -37.464778173492441 ], [ -72.343241528524516, -37.464947239668248 ], [ -72.343228456223386, -37.464987761696321 ], [ -72.343248615910312, -37.465002878251624 ], [ -72.343257279003311, -37.465011656306174 ], [ -72.343260409938793, -37.46502460192022 ], [ -72.343256114835398, -37.465044532633087 ], [ -72.343249377950897, -37.465090703030199 ], [ -72.343206993896189, -37.465225244235555 ], [ -72.34317712376513, -37.465320057340939 ], [ -72.343157543376535, -37.465382213850702 ], [ -72.343135276896845, -37.465452893067919 ], [ -72.343086981277821, -37.46560619584784 ], [ -72.343066688918611, -37.465670607135309 ], [ -72.343000717911792, -37.465880014056658 ], [ -72.342934319769711, -37.466090776511628 ], [ -72.342932679196494, -37.466095985002781 ], [ -72.342922572359811, -37.46612806535839 ], [ -72.34282748577769, -37.466429888948092 ], [ -72.342801734075039, -37.466511523842435 ], [ -72.342723639551636, -37.466759083207414 ], [ -72.342690224898035, -37.466865006465277 ], [ -72.342687114948902, -37.466874864993791 ], [ -72.342666907832935, -37.466938923068582 ], [ -72.342631150926209, -37.467052271969521 ], [ -72.342595225908624, -37.467166150534524 ], [ -72.342540491735136, -37.467339655357115 ], [ -72.342467249974646, -37.467571828994096 ], [ -72.342450371580824, -37.467625332353364 ], [ -72.342415285228839, -37.467736550698817 ], [ -72.342266498395617, -37.468208186368265 ], [ -72.34221960269312, -37.468356839785287 ], [ -72.342182280557765, -37.468446229513567 ], [ -72.34212610265179, -37.46858077872821 ], [ -72.342102096694816, -37.468638271235037 ], [ -72.342002768529625, -37.468876166941733 ], [ -72.3419034101763, -37.469227397176454 ], [ -72.341899890877997, -37.469239836273857 ], [ -72.341888775707233, -37.469279128884814 ], [ -72.341888819508952, -37.469279137079781 ] ] ] } },
{ "type": "Feature", "properties": { "zona": "66" }, "geometry": { "type": "Polygon", "coordinates": [ [ [ -72.338369979118397, -37.468619500944286 ], [ -72.338411836279107, -37.468627992175996 ], [ -72.338462017734059, -37.468638172281871 ], [ -72.338544055110802, -37.468654814994849 ], [ -72.338734584593865, -37.468693466089199 ], [ -72.339097507132635, -37.468767088516323 ], [ -72.339334439541219, -37.468815152076779 ], [ -72.339852784985027, -37.468920300695949 ], [ -72.340316360149615, -37.46901433627022 ], [ -72.34113315278239, -37.469180016823941 ], [ -72.34186664187142, -37.469328794920159 ], [ -72.341876592808163, -37.469330813951856 ], [ -72.341885505482963, -37.469332333820581 ], [ -72.341888124515478, -37.469289721275899 ], [ -72.341888765062805, -37.469279301659689 ], [ -72.341888819508952, -37.469279137079781 ], [ -72.341888775707233, -37.469279128884814 ], [ -72.341899890877997, -37.469239836273857 ], [ -72.3419034101763, -37.469227397176454 ], [ -72.342002768529625, -37.468876166941733 ], [ -72.342102096694816, -37.468638271235037 ], [ -72.34212610265179, -37.46858077872821 ], [ -72.342182280557765, -37.468446229513567 ], [ -72.34221960269312, -37.468356839785287 ], [ -72.342266498395617, -37.468208186368265 ], [ -72.342415285228839, -37.467736550698817 ], [ -72.342450371580824, -37.467625332353364 ], [ -72.342467249974646, -37.467571828994096 ], [ -72.342540491735136, -37.467339655357115 ], [ -72.342595225908624, -37.467166150534524 ], [ -72.342631150926209, -37.467052271969521 ], [ -72.342666907832935, -37.466938923068582 ], [ -72.342687114948902, -37.466874864993791 ], [ -72.342690224898035, -37.466865006465277 ], [ -72.342723639551636, -37.466759083207414 ], [ -72.342801734075039, -37.466511523842435 ], [ -72.34282748577769, -37.466429888948092 ], [ -72.342922572359811, -37.46612806535839 ], [ -72.342932679196494, -37.466095985002781 ], [ -72.342934319769711, -37.466090776511628 ], [ -72.343000717911792, -37.465880014056658 ], [ -72.343066688918611, -37.465670607135309 ], [ -72.343086981277821, -37.46560619584784 ], [ -72.343135276896845, -37.465452893067919 ], [ -72.343157543376535, -37.465382213850702 ], [ -72.34317712376513, -37.465320057340939 ], [ -72.343206993896189, -37.465225244235555 ], [ -72.343249377950897, -37.465090703030199 ], [ -72.343256114835398, -37.465044532633087 ], [ -72.343260409938793, -37.46502460192022 ], [ -72.343257279003311, -37.465011656306174 ], [ -72.343248615910312, -37.465002878251624 ], [ -72.343228456223386, -37.464987761696321 ], [ -72.343241528524516, -37.464947239668248 ], [ -72.343296070171036, -37.464778173492441 ], [ -72.343347990509542, -37.464617232264267 ], [ -72.343349593647076, -37.464597275226005 ], [ -72.343262825457685, -37.464555429727554 ], [ -72.34310565137406, -37.464475208337227 ], [ -72.34263167896259, -37.464211726460903 ], [ -72.342449939855669, -37.464115348555708 ], [ -72.342411380786714, -37.464094900383898 ], [ -72.34252478429255, -37.463982432029958 ], [ -72.342541000973966, -37.463966349771702 ], [ -72.342366362427398, -37.463885024313875 ], [ -72.341929768926647, -37.463663407920855 ], [ -72.341754671372456, -37.463590801272446 ], [ -72.341264883302586, -37.463409130034115 ], [ -72.341165111886937, -37.463372123023404 ], [ -72.340490761406443, -37.463087070833943 ], [ -72.34020000832804, -37.462964165476208 ], [ -72.340137575207109, -37.462942497591882 ], [ -72.340129023006199, -37.462969258285803 ], [ -72.340020501460316, -37.463308826691893 ], [ -72.339888345903674, -37.463722345336336 ], [ -72.339801906234129, -37.463992814004051 ], [ -72.339712608672002, -37.464272223070751 ], [ -72.339530659673585, -37.464858292656849 ], [ -72.339517110728792, -37.464901934885681 ], [ -72.339257716140835, -37.46573744634982 ], [ -72.339194720190349, -37.465941815879475 ], [ -72.338968534616995, -37.466675597061688 ], [ -72.338888180156616, -37.46693627707603 ], [ -72.338774590953662, -37.467304768258934 ], [ -72.338746017381155, -37.467397616062776 ], [ -72.338608763281258, -37.467843608601108 ], [ -72.33856923165159, -37.467972062099975 ], [ -72.338414056797163, -37.468476280678466 ], [ -72.338412991102771, -37.468479742176434 ], [ -72.338383882445711, -37.46857432416666 ], [ -72.338370192688529, -37.468618802887363 ], [ -72.338369979118397, -37.468619500944286 ] ] ] } },
{ "type": "Feature", "properties": { "zona": "85" }, "geometry": { "type": "Polygon", "coordinates": [ [ [ -72.330056603580985, -37.47344037067127 ], [ -72.3309440160794, -37.473615355952731 ], [ -72.331793872399516, -37.473782928532387 ], [ -72.331958268772354, -37.473815342964862 ], [ -72.331998723972191, -37.473823320024714 ], [ -72.33211349122746, -37.473845948606858 ], [ -72.332207101250475, -37.473864406285429 ], [ -72.332522659816604, -37.473926624345431 ], [ -72.33258744315475, -37.473939397761711 ], [ -72.332803385206645, -37.473981974004914 ], [ -72.333098890011968, -37.47404023670952 ], [ -72.33336899835443, -37.474093490737452 ], [ -72.333517201395452, -37.474122710503181 ], [ -72.334344897732677, -37.474285894126481 ], [ -72.334471849731528, -37.474310923047327 ], [ -72.334540848708002, -37.474324525877051 ], [ -72.335164498274779, -37.474447475425954 ], [ -72.335449839193643, -37.47450372770296 ], [ -72.335601621601597, -37.474533733922208 ], [ -72.335691037039084, -37.474551411160988 ], [ -72.336225747839393, -37.474656670640357 ], [ -72.33631344505956, -37.474673995961041 ], [ -72.336341722013728, -37.474679581891948 ], [ -72.336351787460913, -37.474643531853097 ], [ -72.336508247295782, -37.47408315945723 ], [ -72.336562316862484, -37.473927621958907 ], [ -72.336733856502065, -37.473434161938741 ], [ -72.336747844342085, -37.47339392272977 ], [ -72.336749991409391, -37.473387745349449 ], [ -72.336924145104078, -37.472886756543353 ], [ -72.336955876567217, -37.472795473688684 ], [ -72.337071610542395, -37.472440412039667 ], [ -72.337146645362893, -37.472210207468159 ], [ -72.337271897083667, -37.47182593967166 ], [ -72.337339883612245, -37.471617358672759 ], [ -72.337469873346507, -37.471218546199403 ], [ -72.337590338245789, -37.470848953735683 ], [ -72.337618562945821, -37.470762356683984 ], [ -72.33769738881081, -37.470520511811038 ], [ -72.337767977230754, -37.470306940200942 ], [ -72.337792064032612, -37.470272127965522 ], [ -72.337853740760437, -37.470182987859175 ], [ -72.337913133062514, -37.470060347679293 ], [ -72.338088167485864, -37.469465342340413 ], [ -72.338182271758569, -37.469145445247193 ], [ -72.338274725649299, -37.468831156345367 ], [ -72.338299445829449, -37.468747118554816 ], [ -72.33832416707844, -37.468663080781369 ], [ -72.338326016466894, -37.468655917140531 ], [ -72.338369971414039, -37.468619526902991 ], [ -72.338301143843594, -37.468605456253918 ], [ -72.337734860969377, -37.468489689879775 ], [ -72.336135577262795, -37.468162727789995 ], [ -72.335529971795154, -37.468038909856659 ], [ -72.334546800822906, -37.467837889947234 ], [ -72.334261250641063, -37.467779504490863 ], [ -72.333065052595344, -37.467534913212006 ], [ -72.332338514400362, -37.46738634872311 ], [ -72.330879975929889, -37.467088086339011 ], [ -72.330771288387382, -37.467065859965651 ], [ -72.330756197773454, -37.467102662817325 ], [ -72.330753193259952, -37.467109990353762 ], [ -72.330748858369688, -37.467122998184536 ], [ -72.330630068117273, -37.467479446047243 ], [ -72.329817678277152, -37.469917040909571 ], [ -72.329770284238137, -37.470059243700177 ], [ -72.329792374089351, -37.47007977411473 ], [ -72.329823686713368, -37.470085168001042 ], [ -72.33002647170018, -37.470128133769606 ], [ -72.330066588407448, -37.470136633663287 ], [ -72.330065070527013, -37.470167049812851 ], [ -72.330064829648748, -37.4701718797482 ], [ -72.330063047764952, -37.47020758487853 ], [ -72.330014674334819, -37.471177001536113 ], [ -72.329910583237876, -37.472924652749477 ], [ -72.330235475536213, -37.473041672924282 ], [ -72.330056603580985, -37.47344037067127 ] ] ] } },
{ "type": "Feature", "properties": { "zona": "81" }, "geometry": { "type": "Polygon", "coordinates": [ [ [ -72.34101113836833, -37.472078506859226 ], [ -72.340955794553267, -37.472250295680332 ], [ -72.340941093424561, -37.472295927873162 ], [ -72.340768724162984, -37.472830968725333 ], [ -72.340733054255168, -37.472941688471415 ], [ -72.340637223805416, -37.473239144201571 ], [ -72.340470553062161, -37.473756478832499 ], [ -72.340402365801609, -37.473968126366586 ], [ -72.340313634579942, -37.474243535450171 ], [ -72.340208979480551, -37.474568369708912 ], [ -72.340060312998119, -37.475029803804453 ], [ -72.34005415993029, -37.475048901315915 ], [ -72.340024912726662, -37.475139678691207 ], [ -72.339938674987494, -37.475407340814748 ], [ -72.340001009589031, -37.475419957705689 ], [ -72.34012934753062, -37.47544593365275 ], [ -72.340320020255589, -37.475484527090344 ], [ -72.340426710073075, -37.475505167074566 ], [ -72.340627632899299, -37.475544037756315 ], [ -72.340730189040244, -37.475564809644744 ], [ -72.340827692407728, -37.475584558423904 ], [ -72.34091114649685, -37.475601461293472 ], [ -72.341037926906765, -37.475626707324352 ], [ -72.341063582555762, -37.475631815885507 ], [ -72.341464000142608, -37.475711549214047 ], [ -72.341523452678004, -37.475723415566534 ], [ -72.342009307390441, -37.475820386049904 ], [ -72.342136230568826, -37.475845708916665 ], [ -72.342182733964421, -37.475854986505496 ], [ -72.342342939489285, -37.475886948023096 ], [ -72.342624677468649, -37.47594328041253 ], [ -72.342628873053769, -37.475944119160829 ], [ -72.342821577616121, -37.475982658798891 ], [ -72.342972260339906, -37.476012793967087 ], [ -72.343023175400248, -37.476022977002891 ], [ -72.34334528013963, -37.476087394334762 ], [ -72.343999414304093, -37.47621813922661 ], [ -72.344392744542318, -37.476296754393587 ], [ -72.344575577426482, -37.476333296667477 ], [ -72.344732264388028, -37.476364612637802 ], [ -72.344919555874185, -37.476402016994051 ], [ -72.345020524772252, -37.476422180886964 ], [ -72.345240431447365, -37.476466181681509 ], [ -72.345342763300934, -37.476486656192961 ], [ -72.345361394921653, -37.476490383990154 ], [ -72.345395753665244, -37.476497258836034 ], [ -72.345931701060678, -37.476605985301312 ], [ -72.346440707203428, -37.47670924415624 ], [ -72.346560686335437, -37.476733583522204 ], [ -72.346986136206326, -37.476819889279412 ], [ -72.347077671743406, -37.476838458052427 ], [ -72.348009602236743, -37.477027500500689 ], [ -72.348167824992146, -37.477059595269047 ], [ -72.348210057345241, -37.477068161816973 ], [ -72.348151190190009, -37.476159342328636 ], [ -72.348131674340479, -37.475858041595764 ], [ -72.348127872356528, -37.47579935202522 ], [ -72.348122159235288, -37.475739648126464 ], [ -72.348027570546549, -37.4747511684578 ], [ -72.348013500134712, -37.474604127950101 ], [ -72.348003011008316, -37.474494517401283 ], [ -72.348000994813972, -37.474451836634501 ], [ -72.347986428356293, -37.474143438948538 ], [ -72.347980406965164, -37.474015971264301 ], [ -72.347953644233613, -37.473449404220389 ], [ -72.347945601319466, -37.473279120463701 ], [ -72.347905808210399, -37.473279937910966 ], [ -72.347692638367889, -37.473284318642001 ], [ -72.347479468523673, -37.473288698986984 ], [ -72.347013336817625, -37.473298276590121 ], [ -72.346901763408212, -37.473296219330123 ], [ -72.346849445634263, -37.473285293684903 ], [ -72.346698801088095, -37.473253833432992 ], [ -72.346581165715079, -37.473229265804079 ], [ -72.346502390114708, -37.473212814528942 ], [ -72.345915994679473, -37.473090349508553 ], [ -72.345766111935617, -37.473059046674813 ], [ -72.345540154492852, -37.473011856181287 ], [ -72.345132488261982, -37.472926714033434 ], [ -72.345001389448171, -37.472899333417047 ], [ -72.344803456369121, -37.472857993631905 ], [ -72.344250864495152, -37.472742579350196 ], [ -72.344166552505285, -37.472724969326002 ], [ -72.343735701489692, -37.472634979153064 ], [ -72.343599405213268, -37.472606511369207 ], [ -72.343549412789798, -37.472596070024089 ], [ -72.343386797299942, -37.472562104195077 ], [ -72.343377085933142, -37.472560075355425 ], [ -72.343049242667234, -37.472491598521167 ], [ -72.342711933406505, -37.472421142467596 ], [ -72.342287116308498, -37.472332407434564 ], [ -72.342202067949302, -37.472314642474423 ], [ -72.341752798315525, -37.472220797282681 ], [ -72.34138858118888, -37.472144716090497 ], [ -72.34101495212802, -37.472066668264375 ], [ -72.34101113836833, -37.472078506859226 ] ] ] } },
{ "type": "Feature", "properties": { "zona": "82" }, "geometry": { "type": "Polygon", "coordinates": [ [ [ -72.343599405213268, -37.472606511369207 ], [ -72.343735701489692, -37.472634979153064 ], [ -72.344166552505285, -37.472724969326002 ], [ -72.344250864495152, -37.472742579350196 ], [ -72.344803456369121, -37.472857993631905 ], [ -72.345001389448171, -37.472899333417047 ], [ -72.345132488261982, -37.472926714033434 ], [ -72.345540154492852, -37.473011856181287 ], [ -72.345766111935617, -37.473059046674813 ], [ -72.345915994679473, -37.473090349508553 ], [ -72.346502390114708, -37.473212814528942 ], [ -72.346581165715079, -37.473229265804079 ], [ -72.346698801088095, -37.473253833432992 ], [ -72.346849445634263, -37.473285293684903 ], [ -72.346901763408212, -37.473296219330123 ], [ -72.347013336817625, -37.473298276590121 ], [ -72.347479468523673, -37.473288698986984 ], [ -72.347479024375303, -37.473271653378589 ], [ -72.347478103445283, -37.473265276205943 ], [ -72.34742191554011, -37.472876303547864 ], [ -72.347446446772864, -37.472773259428855 ], [ -72.347430233865083, -37.472459016955376 ], [ -72.347409350718266, -37.472054258595136 ], [ -72.347400695833329, -37.471886511207451 ], [ -72.347382791573352, -37.471539470558369 ], [ -72.347351007250097, -37.471541188642874 ], [ -72.347256255739993, -37.471546311301232 ], [ -72.347010098438943, -37.471559618773995 ], [ -72.346637405174874, -37.471579765804769 ], [ -72.346604454787169, -37.471573760136508 ], [ -72.346175673409476, -37.471495607550928 ], [ -72.346040583023424, -37.471470985039069 ], [ -72.345441388018742, -37.471349596265149 ], [ -72.345208161466061, -37.471302346320208 ], [ -72.345131907847374, -37.471286897938292 ], [ -72.344644197144618, -37.471188089491754 ], [ -72.344634516315821, -37.471186128127066 ], [ -72.344614496833159, -37.471182072555614 ], [ -72.344310700472633, -37.471120523580488 ], [ -72.344067116643473, -37.471071173142064 ], [ -72.34406588611246, -37.471075177062986 ], [ -72.344043604854136, -37.471147645671593 ], [ -72.344030583432556, -37.471189995454161 ], [ -72.34389472873616, -37.471631856320649 ], [ -72.343871915495953, -37.471706055680286 ], [ -72.343806702032907, -37.471918155293473 ], [ -72.343767503760986, -37.472045642162861 ], [ -72.343691085939454, -37.472294182232467 ], [ -72.343689278245918, -37.47230033944976 ], [ -72.343624605755778, -37.472520660275642 ], [ -72.343599405213268, -37.472606511369207 ] ] ] } },
{ "type": "Feature", "properties": { "zona": "83" }, "geometry": { "type": "Polygon", "coordinates": [ [ [ -72.34101495212802, -37.472066668264375 ], [ -72.34138858118888, -37.472144716090497 ], [ -72.341752798315525, -37.472220797282681 ], [ -72.342202067949302, -37.472314642474423 ], [ -72.342287116308498, -37.472332407434564 ], [ -72.342711933406505, -37.472421142467596 ], [ -72.343049242667234, -37.472491598521167 ], [ -72.343377085933142, -37.472560075355425 ], [ -72.343386797299942, -37.472562104195077 ], [ -72.343549412789798, -37.472596070024089 ], [ -72.343599405213268, -37.472606511369207 ], [ -72.343624605755778, -37.472520660275642 ], [ -72.343689278245918, -37.47230033944976 ], [ -72.343691085939454, -37.472294182232467 ], [ -72.343767503760986, -37.472045642162861 ], [ -72.343806702032907, -37.471918155293473 ], [ -72.343871915495953, -37.471706055680286 ], [ -72.34389472873616, -37.471631856320649 ], [ -72.344030583432556, -37.471189995454161 ], [ -72.344043604854136, -37.471147645671593 ], [ -72.34406588611246, -37.471075177062986 ], [ -72.344067116643473, -37.471071173142064 ], [ -72.344310700472633, -37.471120523580488 ], [ -72.344614496833159, -37.471182072555614 ], [ -72.344634516315821, -37.471186128127066 ], [ -72.344644197144618, -37.471188089491754 ], [ -72.345131907847374, -37.471286897938292 ], [ -72.345208161466061, -37.471302346320208 ], [ -72.345441388018742, -37.471349596265149 ], [ -72.346040583023424, -37.471470985039069 ], [ -72.346175673409476, -37.471495607550928 ], [ -72.346604454787169, -37.471573760136508 ], [ -72.346637405174874, -37.471579765804769 ], [ -72.347010098438943, -37.471559618773995 ], [ -72.347256255739993, -37.471546311301232 ], [ -72.347351007250097, -37.471541188642874 ], [ -72.347382791573352, -37.471539470558369 ], [ -72.347339040973822, -37.470691479158319 ], [ -72.347323418041967, -37.470388666115639 ], [ -72.347320501847321, -37.470332153666604 ], [ -72.347298410162708, -37.470331612317224 ], [ -72.346892323997551, -37.470302642562558 ], [ -72.346604385564248, -37.470244097903674 ], [ -72.346315950355915, -37.470185451271831 ], [ -72.345858772874649, -37.470092493011613 ], [ -72.345172147854754, -37.46996113947359 ], [ -72.345097943957256, -37.469946943769571 ], [ -72.344511092130617, -37.46983467334956 ], [ -72.343877423489587, -37.46971344323665 ], [ -72.343775761354181, -37.46969399370635 ], [ -72.343329715407691, -37.469608655379581 ], [ -72.342972081245719, -37.469540230943522 ], [ -72.341885505482963, -37.469332333820581 ], [ -72.341883078269518, -37.469371830114284 ], [ -72.341871439765995, -37.469407959735108 ], [ -72.341816266572394, -37.469579234782614 ], [ -72.341782706295731, -37.469683414367715 ], [ -72.341767652999494, -37.469730146240167 ], [ -72.341648010304198, -37.47010155061286 ], [ -72.341632011842492, -37.470151212342238 ], [ -72.341563298279411, -37.470364514169219 ], [ -72.341551682295858, -37.470400573067558 ], [ -72.341503015439457, -37.47055164718617 ], [ -72.341405542664475, -37.470854223848576 ], [ -72.34136046657116, -37.470994147216771 ], [ -72.341292109442904, -37.471206340378828 ], [ -72.341262630528306, -37.471297846447158 ], [ -72.341208045045505, -37.471467287066545 ], [ -72.34111480390456, -37.47175671949158 ], [ -72.341061659531206, -37.471921685988619 ], [ -72.341050673225183, -37.471955786457421 ], [ -72.34104019754524, -37.471988303447006 ], [ -72.341032812690969, -37.472011227362977 ], [ -72.34101495212802, -37.472066668264375 ] ] ] } },
{ "type": "Feature", "properties": { "zona": "94" }, "geometry": { "type": "Polygon", "coordinates": [ [ [ -72.332842201544281, -37.4768593981414 ], [ -72.332908306880682, -37.476892234858646 ], [ -72.332953361761284, -37.476915424503552 ], [ -72.333113446503603, -37.476949326898492 ], [ -72.333279602951421, -37.476998179633746 ], [ -72.33342066149271, -37.477038648150867 ], [ -72.333536716341882, -37.477054565065608 ], [ -72.333601407744013, -37.477116306963502 ], [ -72.333769259231303, -37.477247640276552 ], [ -72.333985948570685, -37.477417185813465 ], [ -72.33414657695856, -37.477541184439076 ], [ -72.33428883906133, -37.477652010213546 ], [ -72.334563190467847, -37.477677065195607 ], [ -72.334688242878386, -37.477639870557923 ], [ -72.334820956232889, -37.477583727958013 ], [ -72.334939629107993, -37.4775403263451 ], [ -72.335073689446531, -37.477553687110266 ], [ -72.33517092078759, -37.477612046313851 ], [ -72.335236719675891, -37.477666951245332 ], [ -72.335326048894572, -37.477743448041458 ], [ -72.335605885299685, -37.477896807992288 ], [ -72.335767728677908, -37.478002943843897 ], [ -72.335871905477134, -37.4781539640612 ], [ -72.335926504496143, -37.478293948788355 ], [ -72.335981209444753, -37.478426278206271 ], [ -72.336056162453801, -37.478497390336585 ], [ -72.336246717304903, -37.478520610253256 ], [ -72.336427709769168, -37.478520277068021 ], [ -72.336561934788023, -37.478505978357347 ], [ -72.33673524091698, -37.478496501610969 ], [ -72.336874182137464, -37.478489140277645 ], [ -72.336949691383424, -37.478480807674259 ], [ -72.337080969750758, -37.478540505462263 ], [ -72.337172882078406, -37.478589396721944 ], [ -72.33726491780773, -37.478654495448204 ], [ -72.337459273939885, -37.478787261207394 ], [ -72.337566922386316, -37.478872695808668 ], [ -72.337639834926094, -37.47895168445244 ], [ -72.337722604281367, -37.479037067946543 ], [ -72.337876993946679, -37.479217219915085 ], [ -72.337955067596482, -37.479340390172716 ], [ -72.338057336616714, -37.479406162371113 ], [ -72.338081696369073, -37.479416813974943 ], [ -72.338188319709261, -37.47894282247718 ], [ -72.338277267046223, -37.478547399796575 ], [ -72.338286114027937, -37.478508717011529 ], [ -72.338317343421068, -37.478372167636159 ], [ -72.338332656209886, -37.478305213931399 ], [ -72.338379254218552, -37.478101467879547 ], [ -72.338390005097295, -37.478081901911729 ], [ -72.338496119487132, -37.477888788831379 ], [ -72.338558353985562, -37.477775531035086 ], [ -72.338596767000411, -37.477612917418561 ], [ -72.338688634576116, -37.477224013911624 ], [ -72.338724126440596, -37.477073761676266 ], [ -72.338763901177572, -37.476905379090702 ], [ -72.338825911865683, -37.476642864284678 ], [ -72.338793379848781, -37.476595424431167 ], [ -72.338755653238721, -37.476540409854707 ], [ -72.338597891818949, -37.476310354033131 ], [ -72.338480640779238, -37.476139370978821 ], [ -72.338400277785439, -37.476022179716139 ], [ -72.338379201839871, -37.475991444256394 ], [ -72.338384729257598, -37.475970492661133 ], [ -72.338471635200051, -37.475641040228282 ], [ -72.338502474440673, -37.475524130762025 ], [ -72.338532558392941, -37.475410086027892 ], [ -72.338553641164808, -37.475330162794158 ], [ -72.338567270829174, -37.47527849455436 ], [ -72.338597712648337, -37.475163089068246 ], [ -72.338605095056664, -37.475135103708524 ], [ -72.338497752267344, -37.475113108313664 ], [ -72.338080124012919, -37.475028555221805 ], [ -72.338045530431174, -37.475021423359429 ], [ -72.338010936824631, -37.475014292387542 ], [ -72.337929058154103, -37.474997415793425 ], [ -72.337674263544528, -37.474945718601219 ], [ -72.337430658289932, -37.474896407925684 ], [ -72.337402011676261, -37.474890656222541 ], [ -72.337373366197127, -37.474884904538087 ], [ -72.337213990690159, -37.474852904583379 ], [ -72.337143364777276, -37.474838857506725 ], [ -72.33683338151728, -37.474777464106971 ], [ -72.336817884157227, -37.474774394997105 ], [ -72.33653103675347, -37.474717140617102 ], [ -72.336452930119947, -37.474701551083903 ], [ -72.336341722013728, -37.474679581891948 ], [ -72.33631344505956, -37.474673995961041 ], [ -72.336225747839393, -37.474656670640357 ], [ -72.335691037039084, -37.474551411160988 ], [ -72.335601621601597, -37.474533733922208 ], [ -72.335449839193643, -37.47450372770296 ], [ -72.335164498274779, -37.474447475425954 ], [ -72.334540848708002, -37.474324525877051 ], [ -72.334471849731528, -37.474310923047327 ], [ -72.334344897732677, -37.474285894126481 ], [ -72.333517201395452, -37.474122710503181 ], [ -72.33336899835443, -37.474093490737452 ], [ -72.333098890011968, -37.47404023670952 ], [ -72.332803385206645, -37.473981974004914 ], [ -72.33258744315475, -37.473939397761711 ], [ -72.332522659816604, -37.473926624345431 ], [ -72.332207101250475, -37.473864406285429 ], [ -72.33211349122746, -37.473845948606858 ], [ -72.331998723972191, -37.473823320024714 ], [ -72.331996819334449, -37.473846222973137 ], [ -72.331980136522148, -37.473897880879775 ], [ -72.33197645250533, -37.473919505489157 ], [ -72.331955043743193, -37.474045151660121 ], [ -72.331715531570211, -37.475450833387306 ], [ -72.331350670576043, -37.476631654728578 ], [ -72.331337140953281, -37.476675438651604 ], [ -72.331370235330553, -37.476696392329856 ], [ -72.331403329726513, -37.476717345999475 ], [ -72.331415600283222, -37.476719875215281 ], [ -72.331425725620463, -37.476722413616564 ], [ -72.331514360137888, -37.47674463513281 ], [ -72.33154841224875, -37.476740899150393 ], [ -72.331630736797379, -37.476711219770152 ], [ -72.331755171429648, -37.476709527192206 ], [ -72.331901851836335, -37.476757897564902 ], [ -72.33201142101484, -37.476788097154447 ], [ -72.332062108647847, -37.476802068055832 ], [ -72.33220499684785, -37.476778264117513 ], [ -72.332472683852828, -37.476697199564207 ], [ -72.332495744777816, -37.47669021608084 ], [ -72.332673231842065, -37.476667192324847 ], [ -72.332716690129644, -37.476677185212111 ], [ -72.332744943031614, -37.476692393569905 ], [ -72.332760374189988, -37.476700699901514 ], [ -72.332798828735648, -37.476742117832039 ], [ -72.332816855779058, -37.476813980732231 ], [ -72.332842201544281, -37.4768593981414 ] ] ] } },
{ "type": "Feature", "properties": { "zona": "92" }, "geometry": { "type": "Polygon", "coordinates": [ [ [ -72.342350333659184, -37.475910378577545 ], [ -72.342326140423964, -37.476015233108185 ], [ -72.342259646221649, -37.476303423692535 ], [ -72.34216895884235, -37.476696468703373 ], [ -72.341999638853522, -37.477422224311766 ], [ -72.341667930467793, -37.478931113161238 ], [ -72.341360224615926, -37.480268877600267 ], [ -72.341100275075121, -37.481145670215163 ], [ -72.341195907330047, -37.48129400189319 ], [ -72.341367928798476, -37.481545439961927 ], [ -72.34149455057468, -37.481680307289473 ], [ -72.341689780150475, -37.481904769935369 ], [ -72.341810215426761, -37.481997475019725 ], [ -72.342104256193934, -37.482151629920729 ], [ -72.34227176766656, -37.482205241492046 ], [ -72.342409362453566, -37.48229631644967 ], [ -72.342519088822002, -37.482338416422067 ], [ -72.342834033281477, -37.482528760272949 ], [ -72.343220995795534, -37.48275369753491 ], [ -72.34340789324628, -37.482825273157189 ], [ -72.343508166542293, -37.482852182077664 ], [ -72.343575567151234, -37.482850272531117 ], [ -72.343601458518535, -37.482825822071355 ], [ -72.343640926906289, -37.482802652081531 ], [ -72.343712227543207, -37.482759439246436 ], [ -72.343779582318604, -37.482724348562044 ], [ -72.343837102623752, -37.482694112576318 ], [ -72.343908759666633, -37.482658899633606 ], [ -72.344012009804089, -37.482655974264425 ], [ -72.344134463549196, -37.482665090763248 ], [ -72.344260703381664, -37.482694696267608 ], [ -72.344405579586009, -37.482755812022084 ], [ -72.344565197834314, -37.482857702155485 ], [ -72.344776384588656, -37.482989025245921 ], [ -72.345102085544681, -37.483144562455259 ], [ -72.345350621059069, -37.483211892677836 ], [ -72.34548377156716, -37.483267618837928 ], [ -72.345916898616522, -37.483578012717238 ], [ -72.346239307511084, -37.483852640961381 ], [ -72.346731511904736, -37.484295370392502 ], [ -72.346792057011427, -37.484246254075948 ], [ -72.346895745546334, -37.484162136473842 ], [ -72.346904580784596, -37.484154968389149 ], [ -72.346900078843078, -37.484155231274748 ], [ -72.347191094773294, -37.483680390497533 ], [ -72.347297138528958, -37.48350736000863 ], [ -72.347402986106047, -37.483334650308045 ], [ -72.34768128579924, -37.482889528753674 ], [ -72.347726228077164, -37.482817645229844 ], [ -72.348143853724935, -37.482149668377453 ], [ -72.348201241483125, -37.482062210834641 ], [ -72.348324023005461, -37.481875095018047 ], [ -72.348411575629939, -37.481720805855588 ], [ -72.348445003387482, -37.481661896330451 ], [ -72.348552848380791, -37.481471845079533 ], [ -72.348622613335579, -37.481380009189536 ], [ -72.348584344992801, -37.48115914660886 ], [ -72.348580529882057, -37.481108396531752 ], [ -72.348563084554371, -37.480949758706849 ], [ -72.348560825792745, -37.480929215680099 ], [ -72.348546850808873, -37.480802139010038 ], [ -72.348528692707106, -37.480637024159869 ], [ -72.348491564964462, -37.480299403279091 ], [ -72.348457399586223, -37.479988718414198 ], [ -72.348434007392939, -37.479775996219139 ], [ -72.348430340147829, -37.479689410219969 ], [ -72.348429480466336, -37.479669113975412 ], [ -72.348422730229672, -37.479599909773263 ], [ -72.348366677193496, -37.478966822711016 ], [ -72.348360161274798, -37.478893232618752 ], [ -72.348334424610186, -37.478602545329984 ], [ -72.348322031249182, -37.478462573094177 ], [ -72.348314458680946, -37.478376753631665 ], [ -72.348314399017553, -37.478376074651521 ], [ -72.348297445151999, -37.478163559168657 ], [ -72.348220771985382, -37.4772024562876 ], [ -72.348211619289373, -37.477087750243555 ], [ -72.348210820275696, -37.477077730796282 ], [ -72.348210057345241, -37.477068161816973 ], [ -72.348167824992146, -37.477059595269047 ], [ -72.348009602236743, -37.477027500500689 ], [ -72.347077671743406, -37.476838458052427 ], [ -72.346986136206326, -37.476819889279412 ], [ -72.346560686335437, -37.476733583522204 ], [ -72.346440707203428, -37.47670924415624 ], [ -72.345931701060678, -37.476605985301312 ], [ -72.345395753665244, -37.476497258836034 ], [ -72.345361394921653, -37.476490383990154 ], [ -72.345342763300934, -37.476486656192961 ], [ -72.345240431447365, -37.476466181681509 ], [ -72.345020524772252, -37.476422180886964 ], [ -72.344919555874185, -37.476402016994051 ], [ -72.344732264388028, -37.476364612637802 ], [ -72.344575577426482, -37.476333296667477 ], [ -72.344392744542318, -37.476296754393587 ], [ -72.343999414304093, -37.47621813922661 ], [ -72.34334528013963, -37.476087394334762 ], [ -72.343023175400248, -37.476022977002891 ], [ -72.342972260339906, -37.476012793967087 ], [ -72.342821577616121, -37.475982658798891 ], [ -72.342628873053769, -37.475944119160829 ], [ -72.342624677468649, -37.47594328041253 ], [ -72.342342939489285, -37.475886948023096 ], [ -72.342350333659184, -37.475910378577545 ] ] ] } },
{ "type": "Feature", "properties": { "zona": "49" }, "geometry": { "type": "Polygon", "coordinates": [ [ [ -72.345729589220667, -37.466140627800527 ], [ -72.345873037981576, -37.466252654033866 ], [ -72.346358740352031, -37.466631957918899 ], [ -72.34690817673436, -37.467084601093241 ], [ -72.346914182094551, -37.467089333526872 ], [ -72.347034969306989, -37.467274220991676 ], [ -72.34708546729928, -37.46735151713689 ], [ -72.347142610534974, -37.467438984792025 ], [ -72.347174495483586, -37.46759467455152 ], [ -72.347207620792247, -37.467842184587106 ], [ -72.34721703234176, -37.467969788923547 ], [ -72.347219379028616, -37.468001609668462 ], [ -72.34722252080411, -37.46804419591345 ], [ -72.347236746661167, -37.468237074573672 ], [ -72.347237420831689, -37.468246208135227 ], [ -72.347238918127005, -37.468284081532033 ], [ -72.347262285771563, -37.468875384131628 ], [ -72.347264414768205, -37.468929251246138 ], [ -72.347276310703947, -37.469230254977901 ], [ -72.347279309940419, -37.469306158660586 ], [ -72.34728030168742, -37.469331249147004 ], [ -72.347280358284507, -37.469332685899737 ], [ -72.34779758051566, -37.469317800581095 ], [ -72.348241215988011, -37.469305030749467 ], [ -72.348241305263926, -37.469305031853217 ], [ -72.348241191385071, -37.469301569001324 ], [ -72.348240948095935, -37.469294954735673 ], [ -72.348235512287573, -37.469147004194234 ], [ -72.348229515665437, -37.46898379953911 ], [ -72.348223519016187, -37.468820595781054 ], [ -72.348209451149359, -37.468437738859166 ], [ -72.348202999118541, -37.468262151605146 ], [ -72.348203084393063, -37.468258779732587 ], [ -72.348215201257759, -37.467782208760909 ], [ -72.348219859237105, -37.467599003323059 ], [ -72.348220380644122, -37.467546287881461 ], [ -72.348221085173151, -37.467475086499697 ], [ -72.348222311092769, -37.467351169673847 ], [ -72.348223475844961, -37.467233364660885 ], [ -72.348231009939397, -37.466471653346929 ], [ -72.348231792375174, -37.466392584234391 ], [ -72.348232562546883, -37.466314693508842 ], [ -72.348233470522771, -37.466222892603852 ], [ -72.348237198482678, -37.465846059971796 ], [ -72.348238098341994, -37.465755095116819 ], [ -72.348151667875285, -37.465750019180888 ], [ -72.347001551012823, -37.465682469834732 ], [ -72.346365927853213, -37.465645133481537 ], [ -72.346241005727705, -37.465637795317519 ], [ -72.345914071641275, -37.465618588874236 ], [ -72.345838934130072, -37.465780934233685 ], [ -72.345815392215002, -37.465837626100353 ], [ -72.34581202462428, -37.465865868951475 ], [ -72.345808586685763, -37.465894694145824 ], [ -72.345818209632753, -37.465975255049528 ], [ -72.345773899477834, -37.466057941435736 ], [ -72.345748637828891, -37.466105080623073 ], [ -72.345729589220667, -37.466140627800527 ] ] ] } },
{ "type": "Feature", "properties": { "zona": "33" }, "geometry": { "type": "Polygon", "coordinates": [ [ [ -72.346996175165813, -37.459301520398427 ], [ -72.34738082699387, -37.45910592696805 ], [ -72.34784696310912, -37.458868895912794 ], [ -72.347731797876051, -37.458737060073936 ], [ -72.34772372228521, -37.458727815242298 ], [ -72.347549576418857, -37.458528460118721 ], [ -72.34748115750503, -37.458450137167624 ], [ -72.347377883526534, -37.45833191276629 ], [ -72.347253950182505, -37.458190037499818 ], [ -72.347221004313425, -37.458154679120454 ], [ -72.347085324173037, -37.458023364057098 ], [ -72.347057578298575, -37.457996510970254 ], [ -72.346686481862449, -37.457650809100741 ], [ -72.346671543477385, -37.457639082415859 ], [ -72.346670130118426, -37.457637973822834 ], [ -72.345834890592371, -37.456982321531221 ], [ -72.34577190126582, -37.456932874371184 ], [ -72.345153760710133, -37.456447631319207 ], [ -72.344952840467286, -37.456289906047765 ], [ -72.344861967301327, -37.456218568710803 ], [ -72.3445322807179, -37.456030988835423 ], [ -72.344594819423577, -37.456136801428208 ], [ -72.34461330229162, -37.456168073143701 ], [ -72.344628086986276, -37.456187992305871 ], [ -72.344679006506666, -37.456256594104538 ], [ -72.344705012249477, -37.456291630420203 ], [ -72.34475636879688, -37.456360823234931 ], [ -72.344773871448183, -37.456384403461179 ], [ -72.344836866828715, -37.456469273373486 ], [ -72.344855377219361, -37.456494212605214 ], [ -72.344859227990057, -37.456499400418515 ], [ -72.344867921219674, -37.456511140107438 ], [ -72.344903723362947, -37.456559488994642 ], [ -72.344970919623378, -37.456650234866309 ], [ -72.345029898564135, -37.456729882506998 ], [ -72.345107729295776, -37.456834987922662 ], [ -72.34512890049335, -37.456863577890999 ], [ -72.34518074101527, -37.456933586107652 ], [ -72.345219154371222, -37.456985460209744 ], [ -72.345265382943779, -37.457047888174628 ], [ -72.345283615452303, -37.457072510208846 ], [ -72.3453012913387, -37.457096379007751 ], [ -72.345360253655102, -37.457176004488993 ], [ -72.345476754672703, -37.457333329213654 ], [ -72.345531335033712, -37.457407036686675 ], [ -72.345536109012613, -37.457413482466947 ], [ -72.345604251866703, -37.457505503626621 ], [ -72.345626284354282, -37.457535256388624 ], [ -72.345730611284651, -37.457675857304835 ], [ -72.345792968996946, -37.457759895078581 ], [ -72.345794309128252, -37.457761699502434 ], [ -72.345805532961066, -37.457776813021248 ], [ -72.345807700693314, -37.457779731806617 ], [ -72.345811823551259, -37.457785284350692 ], [ -72.345883591287802, -37.457882670087592 ], [ -72.346049362272637, -37.458107615001147 ], [ -72.346053216385016, -37.458112840699066 ], [ -72.346104411207122, -37.458182263605693 ], [ -72.346175322135224, -37.45827842241706 ], [ -72.346326217197586, -37.458465879510982 ], [ -72.346383009921055, -37.458536431037544 ], [ -72.346652240525628, -37.458870891633893 ], [ -72.346694539877177, -37.458923438313121 ], [ -72.346962878733521, -37.459256787836473 ], [ -72.346969587067392, -37.459265120707855 ], [ -72.346996175165813, -37.459301520398427 ] ] ] } },
{ "type": "Feature", "properties": { "zona": "34" }, "geometry": { "type": "Polygon", "coordinates": [ [ [ -72.34375868241581, -37.455408024889842 ], [ -72.343750843976736, -37.455413693245099 ], [ -72.343749450754558, -37.455414700898807 ], [ -72.343746497270388, -37.455416836803529 ], [ -72.343726846018868, -37.455431048800534 ], [ -72.343717971626148, -37.45543746701258 ], [ -72.343716846350759, -37.455438281545369 ], [ -72.343699221726737, -37.455451027043559 ], [ -72.343696335501065, -37.455453114898233 ], [ -72.343683121161519, -37.455462517317869 ], [ -72.343657072846227, -37.455481050459959 ], [ -72.343641196167312, -37.455492346616836 ], [ -72.343622226905836, -37.45550584402924 ], [ -72.343610947873302, -37.45551386890704 ], [ -72.343564724338435, -37.45554675630666 ], [ -72.343496932898631, -37.455594989392239 ], [ -72.343470836940966, -37.455613556563321 ], [ -72.34340207364987, -37.455662481416823 ], [ -72.343385191548151, -37.455674492937007 ], [ -72.343330247869446, -37.455713584726077 ], [ -72.343278971830202, -37.455750067354238 ], [ -72.343231395926637, -37.455783917227322 ], [ -72.343162032837157, -37.455833268187263 ], [ -72.343128175695725, -37.455857357547515 ], [ -72.343049265716857, -37.455913500756985 ], [ -72.343039570532255, -37.455920398768093 ], [ -72.34300525183157, -37.455944815626786 ], [ -72.342907031258989, -37.456014697972847 ], [ -72.342901191653752, -37.456018852306102 ], [ -72.34289138162832, -37.456025832425794 ], [ -72.342873926520099, -37.456038251799662 ], [ -72.342801569780121, -37.456105289026496 ], [ -72.342774728508815, -37.456137362358128 ], [ -72.342732241128786, -37.456188130580571 ], [ -72.342707675458001, -37.456245290884787 ], [ -72.342700380468969, -37.456262263315772 ], [ -72.342694840824706, -37.456275152625068 ], [ -72.342667790489841, -37.456338092656715 ], [ -72.342655412731446, -37.456366894143066 ], [ -72.342637712193437, -37.456408077978267 ], [ -72.342628718329806, -37.456429005934758 ], [ -72.342621612991081, -37.4564455374747 ], [ -72.342606998105552, -37.456479544841187 ], [ -72.342598779191462, -37.456498666368439 ], [ -72.342585707872075, -37.456529080561033 ], [ -72.342584264124454, -37.456532439884548 ], [ -72.342558285347138, -37.456592885371478 ], [ -72.3425441249899, -37.456625834229776 ], [ -72.342528860881984, -37.456661350767241 ], [ -72.342521982541456, -37.456677184535408 ], [ -72.342518086227301, -37.456686152199588 ], [ -72.342505784296534, -37.456714468769256 ], [ -72.342495106857072, -37.456739046205925 ], [ -72.342489362041022, -37.456752268806156 ], [ -72.342474331637902, -37.456786866046393 ], [ -72.342463410453078, -37.456812005699348 ], [ -72.342448085847252, -37.45684728116526 ], [ -72.342430278943226, -37.456888269730037 ], [ -72.342399982985569, -37.456958004075133 ], [ -72.342364933965996, -37.457038680063143 ], [ -72.34236083947205, -37.457048103732852 ], [ -72.342339254150914, -37.457103185451977 ], [ -72.342325851870712, -37.45713738497043 ], [ -72.342270900617578, -37.457277605006155 ], [ -72.342259231838497, -37.457307380287233 ], [ -72.342251773188281, -37.457326414365539 ], [ -72.342203759487276, -37.457448933026065 ], [ -72.342175690843632, -37.457520556611911 ], [ -72.342168961644887, -37.457537728268477 ], [ -72.342163563428599, -37.457551502024664 ], [ -72.342087933410625, -37.457728869245649 ], [ -72.342076622600118, -37.457755395017699 ], [ -72.342068697057798, -37.457773980629895 ], [ -72.341991867044669, -37.457954161094143 ], [ -72.341983514902637, -37.457973747251529 ], [ -72.341977887562066, -37.457986615622886 ], [ -72.341972185165218, -37.457999656220437 ], [ -72.341904731948091, -37.458153904416982 ], [ -72.341903041861514, -37.458157770021039 ], [ -72.341882237160902, -37.458205345770246 ], [ -72.34182853767436, -37.458328144471942 ], [ -72.34180514494912, -37.458381636366006 ], [ -72.341803868139309, -37.458384556986502 ], [ -72.341742376905771, -37.458523140863619 ], [ -72.341730917710521, -37.458548965790051 ], [ -72.341702992026939, -37.458611900269041 ], [ -72.341651928978507, -37.458726981569697 ], [ -72.341635447661602, -37.458764125021027 ], [ -72.341632280624765, -37.458771262675164 ], [ -72.341600653922455, -37.45876230008556 ], [ -72.341600488029414, -37.458762643281695 ], [ -72.341596967378592, -37.458769902735597 ], [ -72.341588900404901, -37.458786538709973 ], [ -72.341584212596644, -37.45879620761216 ], [ -72.341526947048465, -37.458914309446186 ], [ -72.341521038537948, -37.45892649472222 ], [ -72.341483204515157, -37.45900452059076 ], [ -72.34144065212341, -37.459092276829757 ], [ -72.34139721785057, -37.459181853280512 ], [ -72.341364972615708, -37.459248352564387 ], [ -72.341239086918847, -37.459585540939152 ], [ -72.341206383138726, -37.459673140342773 ], [ -72.341165238926749, -37.459783345284507 ], [ -72.341165123743025, -37.459783724765224 ], [ -72.341164419558851, -37.459786051817673 ], [ -72.341161583964677, -37.459795413669902 ], [ -72.341178226080515, -37.459799943423612 ], [ -72.341237585340721, -37.459816098768826 ], [ -72.341311155915477, -37.459837083232124 ], [ -72.341562011282292, -37.45990863486761 ], [ -72.341581997588165, -37.459914335608261 ], [ -72.341900712464124, -37.460005240958644 ], [ -72.341949535196477, -37.460019166411392 ], [ -72.341996187984321, -37.460032472595017 ], [ -72.342027282741469, -37.460041342012666 ], [ -72.342036852344307, -37.4600440715232 ], [ -72.342452536048611, -37.46016263252443 ], [ -72.342484371780657, -37.460171713139673 ], [ -72.34258262654383, -37.460199736756991 ], [ -72.342653144935667, -37.460219849714314 ], [ -72.342739670235986, -37.460244528335238 ], [ -72.342768312077226, -37.46025269716403 ], [ -72.343086096607834, -37.460343334213043 ], [ -72.343394144407256, -37.460431192199628 ], [ -72.34341089448732, -37.460435969175101 ], [ -72.343570390117719, -37.460481459119677 ], [ -72.343639172192042, -37.460501075569418 ], [ -72.343708286652955, -37.460520787765738 ], [ -72.343771592853088, -37.460538842781361 ], [ -72.344117291303633, -37.460637437355878 ], [ -72.344488996263465, -37.460743447123726 ], [ -72.344548945436117, -37.460760544042209 ], [ -72.344554880230788, -37.460762237331771 ], [ -72.344718980405503, -37.460809037682424 ], [ -72.344883512785842, -37.460855961066102 ], [ -72.344974087601045, -37.460881792436254 ], [ -72.345409893390027, -37.461006079705477 ], [ -72.345437283513164, -37.461013890847894 ], [ -72.345546685104054, -37.461045091232478 ], [ -72.345744497756627, -37.461101504160169 ], [ -72.345761417154549, -37.461106328766398 ], [ -72.345833241139047, -37.461126812516859 ], [ -72.34599100968282, -37.461171805345373 ], [ -72.346065852198095, -37.461193148879197 ], [ -72.346524750150863, -37.461324015576338 ], [ -72.346526652714786, -37.461324558447878 ], [ -72.346565816647555, -37.46133572742901 ], [ -72.346611251279882, -37.461344496139589 ], [ -72.346656687021522, -37.461353265758845 ], [ -72.346683124361874, -37.461349601984715 ], [ -72.346708531883039, -37.461341589694911 ], [ -72.34677926514567, -37.461307796497124 ], [ -72.346792428330488, -37.461302130440366 ], [ -72.346804247136063, -37.461296727941999 ], [ -72.346809306281045, -37.461294414894986 ], [ -72.346823366817105, -37.461287987725733 ], [ -72.347034159871356, -37.461191626958666 ], [ -72.347112700852776, -37.461155722821061 ], [ -72.34713937753223, -37.461143528018212 ], [ -72.347352695288507, -37.461046013180209 ], [ -72.347456599232842, -37.460998514321609 ], [ -72.347558699108575, -37.460951839922139 ], [ -72.347768785981302, -37.460855799864937 ], [ -72.347827806970201, -37.460828818559612 ], [ -72.347886827917819, -37.460801837223023 ], [ -72.347985033285028, -37.46075694300086 ], [ -72.347988644600377, -37.460755292150338 ], [ -72.348040702477661, -37.46073149391021 ], [ -72.347959846300839, -37.460620803056159 ], [ -72.347948980616479, -37.460605927563229 ], [ -72.347796172225188, -37.460396734146855 ], [ -72.347737567715555, -37.460316504211022 ], [ -72.347590450431284, -37.460115099673978 ], [ -72.347527750070228, -37.460029261890803 ], [ -72.347434163399754, -37.459901140952169 ], [ -72.347406096643311, -37.459862716668965 ], [ -72.347338649175242, -37.459770379618099 ], [ -72.347250107154011, -37.459649163591877 ], [ -72.347116618113446, -37.459466411412578 ], [ -72.347018512883707, -37.459332101588195 ], [ -72.346996175165813, -37.459301520398427 ], [ -72.346969587067392, -37.459265120707855 ], [ -72.346962878733521, -37.459256787836473 ], [ -72.346694539877177, -37.458923438313121 ], [ -72.346652240525628, -37.458870891633893 ], [ -72.346383009921055, -37.458536431037544 ], [ -72.346326217197586, -37.458465879510982 ], [ -72.346175322135224, -37.45827842241706 ], [ -72.346104411207122, -37.458182263605693 ], [ -72.346053216385016, -37.458112840699066 ], [ -72.346049362272637, -37.458107615001147 ], [ -72.345883591287802, -37.457882670087592 ], [ -72.345811823551259, -37.457785284350692 ], [ -72.345807700693314, -37.457779731806617 ], [ -72.345805532961066, -37.457776813021248 ], [ -72.345794309128252, -37.457761699502434 ], [ -72.345792968996946, -37.457759895078581 ], [ -72.345730611284651, -37.457675857304835 ], [ -72.345626284354282, -37.457535256388624 ], [ -72.345604251866703, -37.457505503626621 ], [ -72.345536109012613, -37.457413482466947 ], [ -72.345531335033712, -37.457407036686675 ], [ -72.345476754672703, -37.457333329213654 ], [ -72.345360253655102, -37.457176004488993 ], [ -72.3453012913387, -37.457096379007751 ], [ -72.345283615452303, -37.457072510208846 ], [ -72.345265382943779, -37.457047888174628 ], [ -72.345219154371222, -37.456985460209744 ], [ -72.34518074101527, -37.456933586107652 ], [ -72.34512890049335, -37.456863577890999 ], [ -72.345107729295776, -37.456834987922662 ], [ -72.345029898564135, -37.456729882506998 ], [ -72.344970919623378, -37.456650234866309 ], [ -72.344903723362947, -37.456559488994642 ], [ -72.344867921219674, -37.456511140107438 ], [ -72.344859227990057, -37.456499400418515 ], [ -72.344855377219361, -37.456494212605214 ], [ -72.344836866828715, -37.456469273373486 ], [ -72.344773871448183, -37.456384403461179 ], [ -72.34475636879688, -37.456360823234931 ], [ -72.344705012249477, -37.456291630420203 ], [ -72.344679006506666, -37.456256594104538 ], [ -72.344628086986276, -37.456187992305871 ], [ -72.34461330229162, -37.456168073143701 ], [ -72.344594819423577, -37.456136801428208 ], [ -72.3445322807179, -37.456030988835423 ], [ -72.344482094017067, -37.455990498550079 ], [ -72.34446051525272, -37.455973089404161 ], [ -72.344363777498643, -37.455895042551177 ], [ -72.344267323478135, -37.455817224578226 ], [ -72.344086992837163, -37.455671734912826 ], [ -72.344018654703945, -37.455616599436802 ], [ -72.343808981215901, -37.455447433948912 ], [ -72.343800836660321, -37.455440863630578 ], [ -72.343759448061888, -37.455407470801333 ], [ -72.34375868241581, -37.455408024889842 ] ] ] } },
{ "type": "Feature", "properties": { "zona": "48" }, "geometry": { "type": "Polygon", "coordinates": [ [ [ -72.348151667875285, -37.465750019180888 ], [ -72.348238098341994, -37.465755095116819 ], [ -72.348240874845374, -37.46547432919732 ], [ -72.348244630805013, -37.465094520759351 ], [ -72.34824467674153, -37.465089894545514 ], [ -72.348248614453283, -37.464691728969704 ], [ -72.348255644852131, -37.463980771517441 ], [ -72.348256002894416, -37.463944507715247 ], [ -72.348398709784547, -37.463938116211388 ], [ -72.348256025223264, -37.46394224460569 ], [ -72.348256925168016, -37.463851304058885 ], [ -72.348257823974322, -37.463760363485363 ], [ -72.348259622721869, -37.463578481459244 ], [ -72.348189225189827, -37.463550305885697 ], [ -72.348155075962239, -37.46353663769429 ], [ -72.348094228277205, -37.463523350343863 ], [ -72.348015365384299, -37.463512042743396 ], [ -72.347598940409583, -37.463474591344486 ], [ -72.347527691216115, -37.46346818260384 ], [ -72.347527715241782, -37.463468014634259 ], [ -72.347527869226582, -37.463467112468528 ], [ -72.347542400976408, -37.463382001989459 ], [ -72.347571107992565, -37.463213867214868 ], [ -72.347580464498819, -37.46315906766651 ], [ -72.347563216114565, -37.463126949140317 ], [ -72.347561669644534, -37.463124070472752 ], [ -72.347530479308574, -37.463108735713881 ], [ -72.347272790125416, -37.463028852768076 ], [ -72.347067940582946, -37.46296534922169 ], [ -72.346557812568832, -37.462800912012206 ], [ -72.346702321264971, -37.462510550172652 ], [ -72.346711182206107, -37.462471410019745 ], [ -72.346692514097427, -37.462449532227751 ], [ -72.346209609117963, -37.462297416172376 ], [ -72.345856821555472, -37.462186285985645 ], [ -72.345726706198377, -37.462145298212604 ], [ -72.345677093896938, -37.462161111488655 ], [ -72.345674116795735, -37.462167328072326 ], [ -72.345631450421934, -37.462256437656308 ], [ -72.345559251788458, -37.462234724332319 ], [ -72.345029122315935, -37.46207529089876 ], [ -72.344957467433616, -37.462067804582205 ], [ -72.344564872305611, -37.461947901582569 ], [ -72.344507430650765, -37.461930358222631 ], [ -72.344079375574808, -37.461803561963485 ], [ -72.343561816548444, -37.461650251193106 ], [ -72.343067379121493, -37.461503786956385 ], [ -72.342483397302658, -37.461318548066536 ], [ -72.341941067460368, -37.461146517996951 ], [ -72.341928896249783, -37.461169519017581 ], [ -72.341804115241771, -37.46140531733105 ], [ -72.341667162033502, -37.461664116459772 ], [ -72.341369935502968, -37.462199589071389 ], [ -72.341118520346711, -37.462077526581403 ], [ -72.341172827155702, -37.461934676807644 ], [ -72.341282645704226, -37.461645803524455 ], [ -72.341161858237186, -37.461609111850755 ], [ -72.340892545287588, -37.46154416518403 ], [ -72.340720343161848, -37.461497264481586 ], [ -72.340653201833206, -37.46147390038503 ], [ -72.340645063306056, -37.461500769566044 ], [ -72.340644795013787, -37.461501545694439 ], [ -72.34054846136101, -37.461780636733089 ], [ -72.340357871838165, -37.462332789068967 ], [ -72.340247724004826, -37.462637643406069 ], [ -72.340137575207109, -37.462942497591882 ], [ -72.34020000832804, -37.462964165476208 ], [ -72.340490761406443, -37.463087070833943 ], [ -72.341165111886937, -37.463372123023404 ], [ -72.341264883302586, -37.463409130034115 ], [ -72.341754671372456, -37.463590801272446 ], [ -72.341929768926647, -37.463663407920855 ], [ -72.342366362427398, -37.463885024313875 ], [ -72.342541000973966, -37.463966349771702 ], [ -72.34252478429255, -37.463982432029958 ], [ -72.342411380786714, -37.464094900383898 ], [ -72.342449939855669, -37.464115348555708 ], [ -72.34263167896259, -37.464211726460903 ], [ -72.34310565137406, -37.464475208337227 ], [ -72.343262825457685, -37.464555429727554 ], [ -72.343349593647076, -37.464597275226005 ], [ -72.343547431445316, -37.464692685682252 ], [ -72.343894647196947, -37.464881947040283 ], [ -72.344085764819738, -37.464973068421784 ], [ -72.344202981038819, -37.465028955393215 ], [ -72.344262847156131, -37.465057498437467 ], [ -72.344327320397966, -37.465088237459632 ], [ -72.344623493963809, -37.465254794054623 ], [ -72.344716072906479, -37.465318917817221 ], [ -72.344674687015612, -37.465408332407236 ], [ -72.344697183833674, -37.465422300083667 ], [ -72.344894386421117, -37.465529732084256 ], [ -72.345652687807572, -37.466111838627768 ], [ -72.345729589220667, -37.466140627800527 ], [ -72.345748637828891, -37.466105080623073 ], [ -72.345773899477834, -37.466057941435736 ], [ -72.345818209632753, -37.465975255049528 ], [ -72.345808586685763, -37.465894694145824 ], [ -72.34581202462428, -37.465865868951475 ], [ -72.345815392215002, -37.465837626100353 ], [ -72.345838934130072, -37.465780934233685 ], [ -72.345914071641275, -37.465618588874236 ], [ -72.346241005727705, -37.465637795317519 ], [ -72.346365927853213, -37.465645133481537 ], [ -72.347001551012823, -37.465682469834732 ], [ -72.348151667875285, -37.465750019180888 ] ] ] } },
{ "type": "Feature", "properties": { "zona": "23" }, "geometry": { "type": "Polygon", "coordinates": [ [ [ -72.32668060019509, -37.455954480061628 ], [ -72.326728297542317, -37.455978740085847 ], [ -72.326782833445179, -37.455995927941501 ], [ -72.326803631518459, -37.456002482163129 ], [ -72.326933021754527, -37.456087920752857 ], [ -72.327055078696645, -37.456196998001168 ], [ -72.327171380254157, -37.456392054598425 ], [ -72.327304045122261, -37.456632420069219 ], [ -72.327410500205048, -37.456713330019376 ], [ -72.327509450526719, -37.456786824168859 ], [ -72.327748415191977, -37.456888789934432 ], [ -72.327883566228664, -37.456915493370666 ], [ -72.327987403012756, -37.45693735741839 ], [ -72.328110744857938, -37.456972515300201 ], [ -72.328266985641363, -37.457038178519269 ], [ -72.328392726656531, -37.457122357934978 ], [ -72.32884874789417, -37.457263780532081 ], [ -72.32905118978438, -37.457341831894141 ], [ -72.329179580681384, -37.457408923083257 ], [ -72.329313553878791, -37.457500688586407 ], [ -72.32942153622129, -37.457623049306648 ], [ -72.329472759734315, -37.457675844334894 ], [ -72.32951764884227, -37.457765545490531 ], [ -72.329594760155814, -37.457934433650465 ], [ -72.329636700506995, -37.458038521084781 ], [ -72.329641799353027, -37.458088724022517 ], [ -72.329650138384707, -37.458228085471042 ], [ -72.329640490587494, -37.458293300056376 ], [ -72.329606836137927, -37.458384351058037 ], [ -72.329548360131184, -37.458522165567103 ], [ -72.329551905743827, -37.458553531594326 ], [ -72.329658400202874, -37.458598406635922 ], [ -72.329759369870402, -37.458603175939473 ], [ -72.32984924898615, -37.45860693384904 ], [ -72.329907321293177, -37.458637906232177 ], [ -72.329927422311954, -37.45868654159829 ], [ -72.329951022577532, -37.458745802742172 ], [ -72.329965848690918, -37.45880846275513 ], [ -72.330069733643228, -37.458864744234447 ], [ -72.330103365007375, -37.458882963725706 ], [ -72.33012535157367, -37.458651653183892 ], [ -72.330138408203211, -37.458234235055833 ], [ -72.330158534229085, -37.457448740053472 ], [ -72.330162757188575, -37.457283931235921 ], [ -72.330165041462251, -37.457194778667244 ], [ -72.330171492959877, -37.456942984998477 ], [ -72.330191361426159, -37.456167483711525 ], [ -72.330204055833576, -37.455671991708336 ], [ -72.330213249482341, -37.455313129827672 ], [ -72.330226544029173, -37.454794202470836 ], [ -72.330229782049017, -37.454776419144309 ], [ -72.330235909731684, -37.45474276489518 ], [ -72.330237728918021, -37.454732773889106 ], [ -72.330242581023995, -37.454706125820628 ], [ -72.330251018163437, -37.454659787396096 ], [ -72.330253302309472, -37.454653503281378 ], [ -72.330257205917661, -37.454625683043602 ], [ -72.330268373930068, -37.454546105585038 ], [ -72.330280386750147, -37.454460508839077 ], [ -72.330284915071957, -37.454288966494666 ], [ -72.330295563378797, -37.453885558268809 ], [ -72.330297762115464, -37.453802260077509 ], [ -72.330311772896025, -37.453271511713311 ], [ -72.330312964500507, -37.453226346738781 ], [ -72.330314432357468, -37.453181550257817 ], [ -72.330325126776145, -37.452855194811207 ], [ -72.330337189156879, -37.452487067455827 ], [ -72.330363991887509, -37.451669108559059 ], [ -72.330365063443011, -37.451636405110989 ], [ -72.330369228695986, -37.45145950905949 ], [ -72.330373393871966, -37.451282613902741 ], [ -72.330375079601197, -37.451237280761838 ], [ -72.330376766424109, -37.451191948546445 ], [ -72.330379851297209, -37.451090779572461 ], [ -72.330384461854209, -37.450939591631425 ], [ -72.330394143440387, -37.450622103598903 ], [ -72.33039481375107, -37.450600108963542 ], [ -72.330407931598884, -37.450169909348347 ], [ -72.330408387344391, -37.45015496470829 ], [ -72.330424130171693, -37.449638673979713 ], [ -72.330436879446324, -37.449220567975992 ], [ -72.330445910875227, -37.448924389205828 ], [ -72.330457793938137, -37.448534633457569 ], [ -72.330462049499587, -37.44839506365058 ], [ -72.330476187255755, -37.447931370777503 ], [ -72.330480793812967, -37.447780305224612 ], [ -72.330485242819989, -37.447634400411843 ], [ -72.330545679467278, -37.447670905531254 ], [ -72.33088562752495, -37.446990127632148 ], [ -72.331131958396512, -37.446496817510493 ], [ -72.331503717744113, -37.445752304832233 ], [ -72.331769425016148, -37.445220170140601 ], [ -72.331820633008448, -37.445117613716263 ], [ -72.331884289549905, -37.445067418611004 ], [ -72.331925903153433, -37.445034605501036 ], [ -72.331839233703391, -37.444960986157653 ], [ -72.33182842089461, -37.444951800990246 ], [ -72.33150789685935, -37.444679538015755 ], [ -72.331278946130993, -37.444485058040058 ], [ -72.331180018245647, -37.444404045109017 ], [ -72.330684333362811, -37.443998116677761 ], [ -72.330490921563879, -37.443839725297543 ], [ -72.330357065281447, -37.44373200157191 ], [ -72.329928833661896, -37.443387370375213 ], [ -72.329486240236164, -37.443031176001334 ], [ -72.329384463758416, -37.442944407542498 ], [ -72.329199327403742, -37.442786569784573 ], [ -72.329104765845145, -37.442702426096538 ], [ -72.328851771232578, -37.442477303194217 ], [ -72.328576546547012, -37.44223239754934 ], [ -72.328233506657995, -37.441927142196306 ], [ -72.328093241755823, -37.4418028202032 ], [ -72.327851404048161, -37.441588469067398 ], [ -72.327805157078757, -37.441547478011145 ], [ -72.327772041887187, -37.441518125510328 ], [ -72.32757911932201, -37.441347128525685 ], [ -72.327501387846397, -37.441278231036989 ], [ -72.327442895968204, -37.44122638635735 ], [ -72.327280491133209, -37.441093292896433 ], [ -72.327202545355334, -37.441029415 ], [ -72.327132420374937, -37.440971947070651 ], [ -72.327129399693405, -37.441047824912992 ], [ -72.327032834776801, -37.443473763893984 ], [ -72.326996929787924, -37.444375692456283 ], [ -72.326970521997154, -37.445039041578781 ], [ -72.326931666202157, -37.44640190830367 ], [ -72.3269086783842, -37.447208163454377 ], [ -72.326903525244518, -37.44759226234369 ], [ -72.326883812147031, -37.449061324085143 ], [ -72.326869043384093, -37.449598815884698 ], [ -72.326841278285855, -37.450609262759215 ], [ -72.326808025651331, -37.451819330327531 ], [ -72.326781941108365, -37.452724730332712 ], [ -72.326776362944358, -37.452918329639431 ], [ -72.326752917847216, -37.453668586406813 ], [ -72.326722849311565, -37.454630768107705 ], [ -72.326695575456654, -37.455485315161873 ], [ -72.326689685450916, -37.455669842101869 ], [ -72.32668060019509, -37.455954480061628 ] ] ] } },
{ "type": "Feature", "properties": { "zona": "36" }, "geometry": { "type": "Polygon", "coordinates": [ [ [ -72.330237728918021, -37.454732773889106 ], [ -72.330374605140491, -37.454791866221619 ], [ -72.330860340980308, -37.455001566117595 ], [ -72.331458253193887, -37.455259690066015 ], [ -72.331463702625484, -37.45526204256673 ], [ -72.331470568126861, -37.455265006483337 ], [ -72.331511197842872, -37.455282546560603 ], [ -72.332034386832717, -37.45549684835386 ], [ -72.332089610012844, -37.455519467711618 ], [ -72.33221948474953, -37.455572665061489 ], [ -72.332295243806954, -37.455603696080921 ], [ -72.332376270584803, -37.455636884370399 ], [ -72.332653406201302, -37.455750397839459 ], [ -72.332804335738047, -37.45581221800694 ], [ -72.33280484602065, -37.455812426876371 ], [ -72.332978657735438, -37.455892346215386 ], [ -72.333534121712376, -37.456147748511441 ], [ -72.333657287686677, -37.456204379274844 ], [ -72.333821335042231, -37.456279806541453 ], [ -72.335067830315054, -37.456852922975585 ], [ -72.335122677186789, -37.456878140280395 ], [ -72.335171115502277, -37.456900410474368 ], [ -72.335189158767633, -37.456871690808306 ], [ -72.335200436401905, -37.456853740015084 ], [ -72.335734643511813, -37.455865542845707 ], [ -72.335939118299294, -37.455487290618279 ], [ -72.335995647833812, -37.455393686243404 ], [ -72.336084011592121, -37.455247369960851 ], [ -72.33619167541805, -37.455045233061583 ], [ -72.336242533331202, -37.454991534581985 ], [ -72.336260653671971, -37.454972401659205 ], [ -72.336496515552795, -37.454807924708376 ], [ -72.336846704750073, -37.454563720963613 ], [ -72.337051902236766, -37.454420626035812 ], [ -72.337363518304855, -37.454203317053732 ], [ -72.337412451902068, -37.454169793041984 ], [ -72.337784366172627, -37.453914996951355 ], [ -72.337844630517452, -37.453873710025825 ], [ -72.337970776185372, -37.453768046279428 ], [ -72.337901855393568, -37.453719571494645 ], [ -72.337883861773875, -37.453706916088883 ], [ -72.337872509353673, -37.453698931295008 ], [ -72.337869635460748, -37.453696908382518 ], [ -72.337586660663902, -37.453497745868198 ], [ -72.337495385285777, -37.453433546999229 ], [ -72.337329722320177, -37.453317026278484 ], [ -72.337314232279397, -37.453306131248937 ], [ -72.337232859472707, -37.453248896714165 ], [ -72.337118713634624, -37.453168611476691 ], [ -72.336878492698915, -37.4529996471937 ], [ -72.336835653316669, -37.452969485830856 ], [ -72.33668536122336, -37.45286367100244 ], [ -72.336525410432102, -37.452751055488086 ], [ -72.336337677139383, -37.45261913386814 ], [ -72.336310093594079, -37.452599750452912 ], [ -72.336162146011176, -37.452495785586045 ], [ -72.336047671677889, -37.452415265749664 ], [ -72.335810050413613, -37.452248125082022 ], [ -72.3357859283106, -37.452231157134001 ], [ -72.335458802948935, -37.452001059406086 ], [ -72.335436568927392, -37.451985419882476 ], [ -72.335363034190195, -37.451933694652119 ], [ -72.335268151094709, -37.451866953555133 ], [ -72.335124044143498, -37.451765588197922 ], [ -72.335106413863727, -37.451757911145087 ], [ -72.334882118193519, -37.451660240961196 ], [ -72.334724750193089, -37.451607744467161 ], [ -72.334575734266565, -37.45148117424025 ], [ -72.334543937277431, -37.451454167389713 ], [ -72.334295016494039, -37.451242741006354 ], [ -72.334291830248972, -37.451240034219218 ], [ -72.333987397506775, -37.45098145305996 ], [ -72.333985395127385, -37.450979752504558 ], [ -72.333927594122315, -37.450930656899814 ], [ -72.333892669544426, -37.450900992165693 ], [ -72.333889352705455, -37.450898176087946 ], [ -72.333798574824442, -37.450821069944126 ], [ -72.333580458294804, -37.450635802210066 ], [ -72.333533896209318, -37.450596252490982 ], [ -72.33350015031742, -37.450567588364734 ], [ -72.333408138893958, -37.450489434013178 ], [ -72.333297846570474, -37.450395751464377 ], [ -72.333264322466547, -37.450367276108686 ], [ -72.333042163290941, -37.450178572078215 ], [ -72.333014957978619, -37.450155463123878 ], [ -72.332996026393388, -37.450139382289692 ], [ -72.332983950091133, -37.450128800791035 ], [ -72.332949758928663, -37.450098842364071 ], [ -72.332948339422586, -37.450097598304403 ], [ -72.332813995398709, -37.449979883626717 ], [ -72.33277773705835, -37.449948113176973 ], [ -72.332701158149234, -37.449881012999683 ], [ -72.332688992041241, -37.449870352848528 ], [ -72.33252970836233, -37.44973078388724 ], [ -72.332494437869897, -37.44969987911103 ], [ -72.33245272212254, -37.449663326522199 ], [ -72.332415575115263, -37.449630777151341 ], [ -72.332173131119234, -37.4494183383879 ], [ -72.332143273596017, -37.449392176715698 ], [ -72.332129295728507, -37.449379929264126 ], [ -72.332126173972128, -37.44937719323903 ], [ -72.332086703441547, -37.449342607920492 ], [ -72.331892245173876, -37.449172214685589 ], [ -72.33184161304348, -37.449127848711932 ], [ -72.331808805011732, -37.449099100775129 ], [ -72.331787244299761, -37.449080208341925 ], [ -72.331763089085484, -37.449059042341339 ], [ -72.331617237338691, -37.448931239665939 ], [ -72.331526020829287, -37.448851309528678 ], [ -72.331413319577351, -37.448752554321814 ], [ -72.331376181149267, -37.448720011135535 ], [ -72.331354872754048, -37.448701339694182 ], [ -72.331269072627904, -37.448626156288135 ], [ -72.331248002151654, -37.448607692955704 ], [ -72.331135672110847, -37.44850926217233 ], [ -72.33107178129967, -37.44845327732336 ], [ -72.331033849595329, -37.448420038465549 ], [ -72.330860617635437, -37.448268239333977 ], [ -72.330798471155987, -37.448213781508649 ], [ -72.330776826552608, -37.448194814911133 ], [ -72.330697239125982, -37.448125074590401 ], [ -72.330637328919977, -37.448072575792679 ], [ -72.330564015761695, -37.44800833343772 ], [ -72.330504522241682, -37.447956199934239 ], [ -72.330476187255755, -37.447931370777503 ], [ -72.330462049499587, -37.44839506365058 ], [ -72.330457793938137, -37.448534633457569 ], [ -72.330445910875227, -37.448924389205828 ], [ -72.330436879446324, -37.449220567975992 ], [ -72.330424130171693, -37.449638673979713 ], [ -72.330408387344391, -37.45015496470829 ], [ -72.330407931598884, -37.450169909348347 ], [ -72.33039481375107, -37.450600108963542 ], [ -72.330394143440387, -37.450622103598903 ], [ -72.330384461854209, -37.450939591631425 ], [ -72.330379851297209, -37.451090779572461 ], [ -72.330376766424109, -37.451191948546445 ], [ -72.330375079601197, -37.451237280761838 ], [ -72.330373393871966, -37.451282613902741 ], [ -72.330369228695986, -37.45145950905949 ], [ -72.330365063443011, -37.451636405110989 ], [ -72.330363991887509, -37.451669108559059 ], [ -72.330337189156879, -37.452487067455827 ], [ -72.330325126776145, -37.452855194811207 ], [ -72.330314432357468, -37.453181550257817 ], [ -72.330312964500507, -37.453226346738781 ], [ -72.330311772896025, -37.453271511713311 ], [ -72.330297762115464, -37.453802260077509 ], [ -72.330295563378797, -37.453885558268809 ], [ -72.330284915071957, -37.454288966494666 ], [ -72.330280386750147, -37.454460508839077 ], [ -72.330268373930068, -37.454546105585038 ], [ -72.330257205917661, -37.454625683043602 ], [ -72.330253302309472, -37.454653503281378 ], [ -72.330251018163437, -37.454659787396096 ], [ -72.330242581023995, -37.454706125820628 ], [ -72.330237728918021, -37.454732773889106 ] ] ] } },
{ "type": "Feature", "properties": { "zona": "25" }, "geometry": { "type": "Polygon", "coordinates": [ [ [ -72.302512602740592, -37.434895364799459 ], [ -72.301579865649771, -37.434938774923012 ], [ -72.300034009937733, -37.435010705753726 ], [ -72.296294690435303, -37.435184618218727 ], [ -72.296266433127187, -37.435176254268534 ], [ -72.296210677411551, -37.435178657215509 ], [ -72.296312923498704, -37.435283976822014 ], [ -72.29634810894585, -37.435427833816156 ], [ -72.296324503531281, -37.435709821056172 ], [ -72.296517904740085, -37.436068301259319 ], [ -72.298290817980828, -37.438897584685378 ], [ -72.298287818315245, -37.438980962680262 ], [ -72.297820571830087, -37.438959050478296 ], [ -72.297295298261957, -37.438934413705958 ], [ -72.297152316059382, -37.438960944285625 ], [ -72.297132019417333, -37.439109492225654 ], [ -72.297220191021466, -37.439894562814871 ], [ -72.297262222227445, -37.440268807586413 ], [ -72.297619868854412, -37.44139367530051 ], [ -72.297881970726692, -37.441534691034661 ], [ -72.298147434614776, -37.441636132377845 ], [ -72.298450461097445, -37.441732470569249 ], [ -72.298737906124529, -37.441846334199425 ], [ -72.29912542329366, -37.44208765550038 ], [ -72.299264313358975, -37.442382896404993 ], [ -72.299455089787656, -37.442482626087049 ], [ -72.299824702861585, -37.442598365882596 ], [ -72.3000888884429, -37.442735536160413 ], [ -72.30030825925904, -37.442871681493209 ], [ -72.300780306138407, -37.443049364704351 ], [ -72.301395964927238, -37.443391260785283 ], [ -72.301772819695216, -37.443721737455448 ], [ -72.302287981343895, -37.443948083005381 ], [ -72.303102356036263, -37.444169339204734 ], [ -72.303750693282055, -37.444434482763462 ], [ -72.304195874562836, -37.444528091672083 ], [ -72.304674129059606, -37.444741663726766 ], [ -72.305156234099783, -37.444848033422261 ], [ -72.305599067709863, -37.445007149414593 ], [ -72.306151376208831, -37.445448904283978 ], [ -72.306705826573562, -37.445831100455791 ], [ -72.307442548362076, -37.446134002093515 ], [ -72.308021132522271, -37.446260441462904 ], [ -72.308514326533256, -37.447126415972129 ], [ -72.308866959587476, -37.447182137724411 ], [ -72.308990403976509, -37.447242171207108 ], [ -72.309262735400722, -37.447319901924537 ], [ -72.309499040047527, -37.447401579993489 ], [ -72.309739442309535, -37.447535802954611 ], [ -72.309961577293947, -37.447679146748435 ], [ -72.310272840324842, -37.447838824295097 ], [ -72.310549443704673, -37.447964333614088 ], [ -72.311007378470578, -37.448203644705984 ], [ -72.311274083304042, -37.448438599739731 ], [ -72.311526444927949, -37.448573092311918 ], [ -72.311891328802432, -37.448738754990778 ], [ -72.312464182750844, -37.448942528410953 ], [ -72.312882179145703, -37.449295365003664 ], [ -72.313303258307613, -37.449590755788321 ], [ -72.313998614362092, -37.449900815134697 ], [ -72.314616702705706, -37.450073439998327 ], [ -72.31493357268478, -37.450133576968568 ], [ -72.315241606869307, -37.450216874521573 ], [ -72.315543495963254, -37.450304800296877 ], [ -72.315697513148976, -37.450346447937449 ], [ -72.315933836050533, -37.450428113753453 ], [ -72.316175452435601, -37.450528972386451 ], [ -72.316308476869992, -37.450655974232085 ], [ -72.316431251897228, -37.450735058761531 ], [ -72.316571785545008, -37.450819314471424 ], [ -72.316813247330643, -37.451028778746199 ], [ -72.317002668275109, -37.451111160160913 ], [ -72.317029220469706, -37.45118384352773 ], [ -72.317138719873967, -37.451279934353366 ], [ -72.31723927541789, -37.451321475690747 ], [ -72.317297638415923, -37.451356693281831 ], [ -72.317481126262081, -37.451379689083417 ], [ -72.317537095485491, -37.451374010066544 ], [ -72.317613050479551, -37.451403914916149 ], [ -72.317710274752628, -37.451482042043878 ], [ -72.317791785754352, -37.451597023751425 ], [ -72.317865440987831, -37.451667732749954 ], [ -72.317901244173356, -37.451754344599578 ], [ -72.317952947139077, -37.451820020584101 ], [ -72.318001253969882, -37.451917068322423 ], [ -72.318072122443908, -37.452069930709371 ], [ -72.318183263148825, -37.452224712321964 ], [ -72.318297780327143, -37.452326001041172 ], [ -72.31835174860278, -37.452406182176155 ], [ -72.318389909824731, -37.452483605595582 ], [ -72.31844135687399, -37.452521825808695 ], [ -72.318504263436225, -37.452534723551672 ], [ -72.31859321489145, -37.452558750247888 ], [ -72.318753741999345, -37.452596955354657 ], [ -72.318851127999778, -37.452635410965613 ], [ -72.319119475076391, -37.452731610763209 ], [ -72.319268792773869, -37.452797592596326 ], [ -72.319394179090821, -37.45290324960181 ], [ -72.319516641320462, -37.452992773232367 ], [ -72.319582789481913, -37.453038609443219 ], [ -72.319667260842266, -37.453174668387831 ], [ -72.319773449682771, -37.453282292569121 ], [ -72.319996193779346, -37.45348755635964 ], [ -72.320128601255007, -37.453572264227653 ], [ -72.320280881110065, -37.453634941860379 ], [ -72.320357176827301, -37.453672462633463 ], [ -72.32037605851626, -37.453716292359871 ], [ -72.320407568119563, -37.453773264815524 ], [ -72.320442039149853, -37.453838661396105 ], [ -72.320494970309937, -37.453910403445335 ], [ -72.320569929494965, -37.453960930190014 ], [ -72.320707141680245, -37.4540127575222 ], [ -72.320882614582843, -37.454064270418584 ], [ -72.321025294871532, -37.454070266373499 ], [ -72.321095832633674, -37.454060561089356 ], [ -72.321166113937664, -37.45404866654367 ], [ -72.321250213691883, -37.454046300199188 ], [ -72.321334313412308, -37.454043934694958 ], [ -72.321440314759769, -37.454060785650725 ], [ -72.321584825235092, -37.454126136537383 ], [ -72.321650508070107, -37.454161667625982 ], [ -72.3216990908128, -37.454264808110551 ], [ -72.321793130263003, -37.454378874606448 ], [ -72.321878242588966, -37.454399364138389 ], [ -72.321914323769676, -37.454385497792153 ], [ -72.321959014360885, -37.454365052085471 ], [ -72.322040539005997, -37.454326142437473 ], [ -72.322118865730062, -37.454292431740974 ], [ -72.322217823369442, -37.454245633314883 ], [ -72.322343218688104, -37.454181840868124 ], [ -72.322446983435142, -37.454169766678966 ], [ -72.322501377792804, -37.454188068854592 ], [ -72.322573954707323, -37.454227981970234 ], [ -72.32259632844216, -37.454257865573084 ], [ -72.322610575603832, -37.454363497408821 ], [ -72.322651929890782, -37.454454635691462 ], [ -72.322749562232673, -37.454503041138494 ], [ -72.322821289440029, -37.454519285975174 ], [ -72.322920680489318, -37.454516488330547 ], [ -72.323055443710302, -37.454556176199524 ], [ -72.323218147307855, -37.454621776209834 ], [ -72.32337573542334, -37.454679891637682 ], [ -72.323406104885663, -37.454695818715287 ], [ -72.323643215447035, -37.454805215454208 ], [ -72.323667898472266, -37.454816603537346 ], [ -72.323970888848208, -37.454938515951476 ], [ -72.324030607207163, -37.454966099716167 ], [ -72.324164222471524, -37.455027816928556 ], [ -72.324196772851394, -37.455042851556726 ], [ -72.324211998827536, -37.455049884624586 ], [ -72.324360694684046, -37.455079537395953 ], [ -72.324402280048517, -37.455093143848622 ], [ -72.324443865428805, -37.455106750287214 ], [ -72.324477965896193, -37.455125803789294 ], [ -72.324694065239541, -37.455246547769526 ], [ -72.32493627068709, -37.455253378859709 ], [ -72.324940175440659, -37.455212358415992 ], [ -72.325021915994853, -37.45435363188146 ], [ -72.324281290545329, -37.454044975225443 ], [ -72.323127013293274, -37.453607355150929 ], [ -72.323138092184664, -37.453542335778138 ], [ -72.323157655671565, -37.453427513932731 ], [ -72.323177218055008, -37.453312689352998 ], [ -72.323324087437101, -37.452593789446432 ], [ -72.32370381932239, -37.450734977136307 ], [ -72.325734837514446, -37.44062882475729 ], [ -72.32584765479487, -37.440581102149899 ], [ -72.325922871259593, -37.440549283524362 ], [ -72.326188715097345, -37.440436827569592 ], [ -72.326258199924155, -37.440407434541406 ], [ -72.3262668989302, -37.440402947454679 ], [ -72.326358665514405, -37.440355613786565 ], [ -72.326405253888893, -37.440331583965296 ], [ -72.326156982321265, -37.440163869854189 ], [ -72.326041010284357, -37.440095440283649 ], [ -72.325954885313877, -37.440059213741748 ], [ -72.325891642407228, -37.440039637007366 ], [ -72.325758904832483, -37.439998548664789 ], [ -72.325671921753951, -37.439982584844671 ], [ -72.325266694305512, -37.439908215724053 ], [ -72.325091739524979, -37.439876707359218 ], [ -72.324864712072625, -37.439834803621061 ], [ -72.324583862109577, -37.439782965596272 ], [ -72.324128132485512, -37.439698846569726 ], [ -72.323893929738432, -37.439655615978069 ], [ -72.323548157258784, -37.439591791185656 ], [ -72.322737101448425, -37.43944207729492 ], [ -72.322540858530431, -37.43940585189074 ], [ -72.322122294816509, -37.439328585334344 ], [ -72.322090807023329, -37.439322772911325 ], [ -72.321899996535123, -37.4392875482053 ], [ -72.321569259611749, -37.43922260147027 ], [ -72.320744183690948, -37.439060575706996 ], [ -72.320599553580763, -37.439032173515329 ], [ -72.320258681957725, -37.43896523154698 ], [ -72.320028536565601, -37.438920034455229 ], [ -72.319901550861246, -37.438895096461422 ], [ -72.31950428409084, -37.438812604377283 ], [ -72.318930138736434, -37.438693381969365 ], [ -72.318770108600788, -37.438660150337796 ], [ -72.318454466337457, -37.438580204205856 ], [ -72.318264594788545, -37.438532113528716 ], [ -72.318235699620146, -37.438525111805454 ], [ -72.317818235648275, -37.438407421090282 ], [ -72.317435465639207, -37.438299509120519 ], [ -72.317205535887823, -37.438234686062565 ], [ -72.316611492332214, -37.438060968700242 ], [ -72.315948518178033, -37.437867088379363 ], [ -72.315817712757379, -37.437828835356697 ], [ -72.314672494426006, -37.437516349495411 ], [ -72.314511853457375, -37.437472515558184 ], [ -72.314250067154035, -37.437386970350886 ], [ -72.313335580392163, -37.437088134383252 ], [ -72.31312053382662, -37.437018934572023 ], [ -72.311818398590802, -37.436599908266722 ], [ -72.311435649512333, -37.436476736089141 ], [ -72.311159823595176, -37.436387971966397 ], [ -72.31083075987604, -37.436282074234065 ], [ -72.309990484940172, -37.436004076210622 ], [ -72.309653975296484, -37.435896758521856 ], [ -72.305311233112135, -37.434872425006283 ], [ -72.304846726343726, -37.434822539231078 ], [ -72.304404488787227, -37.434791921950008 ], [ -72.303925535205153, -37.434807813088952 ], [ -72.302512602740592, -37.434895364799459 ] ] ] } },
{ "type": "Feature", "properties": { "zona": "69" }, "geometry": { "type": "Polygon", "coordinates": [ [ [ -72.322537701772333, -37.465387147828899 ], [ -72.326472109829453, -37.466166780865706 ], [ -72.326474406007847, -37.466079600456467 ], [ -72.32648148740796, -37.465810805110287 ], [ -72.326481524804933, -37.465809374986975 ], [ -72.326487627806216, -37.46557770863307 ], [ -72.326500393503096, -37.465093110551301 ], [ -72.326503287004414, -37.464983262594174 ], [ -72.326516587243404, -37.464478352828564 ], [ -72.326521433495657, -37.464294379213605 ], [ -72.326523202978265, -37.464227207824457 ], [ -72.326531604422286, -37.463908242082098 ], [ -72.326554811989425, -37.463027188757053 ], [ -72.32655998573081, -37.462830776316018 ], [ -72.326568402511171, -37.462320867279871 ], [ -72.326582770811882, -37.46145033059711 ], [ -72.326585801154081, -37.461266726697843 ], [ -72.326599452589846, -37.460318837237786 ], [ -72.326607742123912, -37.459743156333147 ], [ -72.326623426314825, -37.458653942985606 ], [ -72.326630058071558, -37.458321565267475 ], [ -72.326646800948311, -37.457482364076007 ], [ -72.326677316078118, -37.455952809842522 ], [ -72.326623775558403, -37.455925577205861 ], [ -72.326526055056803, -37.455875874403979 ], [ -72.326493870178865, -37.455859504217209 ], [ -72.326397227032459, -37.455784037568691 ], [ -72.326212570260068, -37.455611883504503 ], [ -72.326132144956901, -37.455524517844566 ], [ -72.325968182969078, -37.455441412554343 ], [ -72.325770914352901, -37.4554164569603 ], [ -72.325579126138351, -37.455353205180387 ], [ -72.325411483763986, -37.455294994708886 ], [ -72.324964723545392, -37.455254181058535 ], [ -72.32493627068709, -37.455253378859709 ], [ -72.324694065239541, -37.455246547769526 ], [ -72.324477965896193, -37.455125803789294 ], [ -72.324443865428805, -37.455106750287214 ], [ -72.324402280048517, -37.455093143848622 ], [ -72.32438222327373, -37.455133186467208 ], [ -72.324335751276976, -37.455271647871363 ], [ -72.324334394268419, -37.455275691068849 ], [ -72.324330145052329, -37.455288348282075 ], [ -72.324221023859977, -37.455613464682074 ], [ -72.324105507232275, -37.455957633399507 ], [ -72.324088590526685, -37.456008033339458 ], [ -72.324052316005989, -37.456116109370058 ], [ -72.323654307610326, -37.457301892170833 ], [ -72.323606995433849, -37.457442847373564 ], [ -72.323518842530248, -37.457721287300863 ], [ -72.323500209334441, -37.457780141237755 ], [ -72.323412045278261, -37.458058615950719 ], [ -72.323353662009964, -37.458243025067574 ], [ -72.323207111616213, -37.458705907687062 ], [ -72.323161350767222, -37.458850442806828 ], [ -72.32313848994572, -37.458922649977062 ], [ -72.323110955077283, -37.459009617781909 ], [ -72.323080911687768, -37.459104509887936 ], [ -72.323060559154115, -37.459168792723368 ], [ -72.323037600036443, -37.45924130942533 ], [ -72.323034336152034, -37.459251618982471 ], [ -72.322997613391649, -37.459367602526441 ], [ -72.322956142419031, -37.459498583801881 ], [ -72.322910007363589, -37.459644294374954 ], [ -72.322897485671177, -37.45968384067865 ], [ -72.322897376167035, -37.459684185125333 ], [ -72.322822021640818, -37.459922198540205 ], [ -72.32281289601228, -37.45995102466766 ], [ -72.322746477190648, -37.460160799618158 ], [ -72.322722551793234, -37.460236364429917 ], [ -72.322597062318351, -37.460632702236666 ], [ -72.322593671667818, -37.460643614452572 ], [ -72.322563506214678, -37.46074068341354 ], [ -72.322449764063364, -37.461106689116981 ], [ -72.322437251280789, -37.461146952845382 ], [ -72.322308408606702, -37.461561547387909 ], [ -72.322161663208433, -37.462033741395693 ], [ -72.322020325676064, -37.462488528427585 ], [ -72.321969123551185, -37.462646488692769 ], [ -72.32193788471146, -37.462742859065798 ], [ -72.321919690914868, -37.462798985955217 ], [ -72.321850606869717, -37.463012110513297 ], [ -72.321713494731327, -37.463435090750359 ], [ -72.321627735838021, -37.463699649189586 ], [ -72.321500515979707, -37.464092105665735 ], [ -72.32136721263673, -37.464509957024738 ], [ -72.32134630591257, -37.464575486656777 ], [ -72.32120439926463, -37.46502029948109 ], [ -72.321178479200753, -37.465110758194733 ], [ -72.321743456402416, -37.46522564470267 ], [ -72.322537701772333, -37.465387147828899 ] ] ] } },
{ "type": "Feature", "properties": { "zona": "101" }, "geometry": { "type": "Polygon", "coordinates": [ [ [ -72.380159111231194, -37.485694721416294 ], [ -72.380262193247162, -37.485688068698515 ], [ -72.380686826323256, -37.485713517424671 ], [ -72.380935618273185, -37.485728427276356 ], [ -72.381131292445943, -37.483850087237641 ], [ -72.381125122671591, -37.483707936129107 ], [ -72.380341539409741, -37.483655948745763 ], [ -72.380270506169154, -37.483649093878249 ], [ -72.38025652017545, -37.483647744556492 ], [ -72.380110570264037, -37.483621229158189 ], [ -72.380095539161758, -37.483616618893052 ], [ -72.380088439970493, -37.483616718182795 ], [ -72.379941466437955, -37.483583515159715 ], [ -72.379804992270024, -37.483550284536292 ], [ -72.379683035819752, -37.483514839293825 ], [ -72.379589376167118, -37.483487618415978 ], [ -72.379033184821637, -37.483325965042013 ], [ -72.378819296223739, -37.483263799056374 ], [ -72.378769804508181, -37.483248936555626 ], [ -72.378605420174182, -37.483199570296883 ], [ -72.378569023521578, -37.483188639889839 ], [ -72.378464034472657, -37.483157110633293 ], [ -72.378147611575969, -37.483060933744802 ], [ -72.37798441356577, -37.483011328946318 ], [ -72.377831190664679, -37.482964756062209 ], [ -72.377584898611104, -37.482890163537562 ], [ -72.37756698791874, -37.482884739261827 ], [ -72.377555487583152, -37.482881256005641 ], [ -72.377434658238528, -37.482844394408829 ], [ -72.37677753661913, -37.482643920154281 ], [ -72.376776479323553, -37.482643597490949 ], [ -72.37637974864802, -37.482527546108066 ], [ -72.376028661596123, -37.482424844164846 ], [ -72.375922389022847, -37.48239344454857 ], [ -72.375799460641872, -37.482357123079126 ], [ -72.375308623534522, -37.48221209601828 ], [ -72.374677039744228, -37.482018293829242 ], [ -72.374601846944998, -37.481995595981751 ], [ -72.374581548258419, -37.48198946844974 ], [ -72.374727018590903, -37.482945256399255 ], [ -72.374811648156111, -37.483501285631959 ], [ -72.37494549100316, -37.484380647370848 ], [ -72.375209486611922, -37.486115077761895 ], [ -72.375246596742372, -37.4863588847697 ], [ -72.375304003133209, -37.486736032244778 ], [ -72.378776698328465, -37.487784994463155 ], [ -72.379769358756533, -37.488084813625612 ], [ -72.379909094585372, -37.486949199145513 ], [ -72.379994076839679, -37.486258530223388 ], [ -72.380001678709675, -37.48619674585683 ], [ -72.3800021459042, -37.48619295529042 ], [ -72.380048784248487, -37.485757219832514 ], [ -72.380049858198888, -37.485748265781773 ], [ -72.38005276892649, -37.485724028903888 ], [ -72.380053333714756, -37.485719322258873 ], [ -72.380054244801343, -37.485711727992161 ], [ -72.380055353520689, -37.485702490859289 ], [ -72.380055472942075, -37.485701500472423 ], [ -72.380056029170774, -37.485701374943751 ], [ -72.380159111231194, -37.485694721416294 ] ] ] } },
{ "type": "Feature", "properties": { "zona": "35" }, "geometry": { "type": "Polygon", "coordinates": [ [ [ -72.337970776185372, -37.453768046279428 ], [ -72.337844630517452, -37.453873710025825 ], [ -72.337784366172627, -37.453914996951355 ], [ -72.337412451902068, -37.454169793041984 ], [ -72.337363518304855, -37.454203317053732 ], [ -72.337051902236766, -37.454420626035812 ], [ -72.336846704750073, -37.454563720963613 ], [ -72.336496515552795, -37.454807924708376 ], [ -72.336260653671971, -37.454972401659205 ], [ -72.336242533331202, -37.454991534581985 ], [ -72.33619167541805, -37.455045233061583 ], [ -72.336084011592121, -37.455247369960851 ], [ -72.335995647833812, -37.455393686243404 ], [ -72.335939118299294, -37.455487290618279 ], [ -72.335734643511813, -37.455865542845707 ], [ -72.335200436401905, -37.456853740015084 ], [ -72.335189158767633, -37.456871690808306 ], [ -72.335171115502277, -37.456900410474368 ], [ -72.335224865677134, -37.45691605384458 ], [ -72.335388272317061, -37.456963610976899 ], [ -72.335485489826979, -37.4569919044662 ], [ -72.335865957113043, -37.45710263347501 ], [ -72.336225320087649, -37.457207218107797 ], [ -72.336726859388492, -37.457353178573968 ], [ -72.337143517031549, -37.457474433727789 ], [ -72.337249271534986, -37.457505209821456 ], [ -72.338333599699126, -37.457819206660737 ], [ -72.33836925909695, -37.457829532483387 ], [ -72.339541555466084, -37.458166930466945 ], [ -72.340776793363474, -37.458528826339048 ], [ -72.34156790582864, -37.458753019379998 ], [ -72.341600653922455, -37.45876230008556 ], [ -72.341632280624765, -37.458771262675164 ], [ -72.341635447661602, -37.458764125021027 ], [ -72.341651928978507, -37.458726981569697 ], [ -72.341702992026939, -37.458611900269041 ], [ -72.341730917710521, -37.458548965790051 ], [ -72.341742376905771, -37.458523140863619 ], [ -72.341803868139309, -37.458384556986502 ], [ -72.34180514494912, -37.458381636366006 ], [ -72.34182853767436, -37.458328144471942 ], [ -72.341882237160902, -37.458205345770246 ], [ -72.341903041861514, -37.458157770021039 ], [ -72.341904731948091, -37.458153904416982 ], [ -72.341972185165218, -37.457999656220437 ], [ -72.341977887562066, -37.457986615622886 ], [ -72.341983514902637, -37.457973747251529 ], [ -72.341991867044669, -37.457954161094143 ], [ -72.342068697057798, -37.457773980629895 ], [ -72.342076622600118, -37.457755395017699 ], [ -72.342087933410625, -37.457728869245649 ], [ -72.342163563428599, -37.457551502024664 ], [ -72.342168961644887, -37.457537728268477 ], [ -72.342175690843632, -37.457520556611911 ], [ -72.342203759487276, -37.457448933026065 ], [ -72.342251773188281, -37.457326414365539 ], [ -72.342259231838497, -37.457307380287233 ], [ -72.342270900617578, -37.457277605006155 ], [ -72.342325851870712, -37.45713738497043 ], [ -72.342339254150914, -37.457103185451977 ], [ -72.34236083947205, -37.457048103732852 ], [ -72.342364933965996, -37.457038680063143 ], [ -72.342399982985569, -37.456958004075133 ], [ -72.342430278943226, -37.456888269730037 ], [ -72.342448085847252, -37.45684728116526 ], [ -72.342463410453078, -37.456812005699348 ], [ -72.342474331637902, -37.456786866046393 ], [ -72.342489362041022, -37.456752268806156 ], [ -72.342495106857072, -37.456739046205925 ], [ -72.342505784296534, -37.456714468769256 ], [ -72.342518086227301, -37.456686152199588 ], [ -72.342521982541456, -37.456677184535408 ], [ -72.342528860881984, -37.456661350767241 ], [ -72.3425441249899, -37.456625834229776 ], [ -72.342558285347138, -37.456592885371478 ], [ -72.342584264124454, -37.456532439884548 ], [ -72.342585707872075, -37.456529080561033 ], [ -72.342598779191462, -37.456498666368439 ], [ -72.342606998105552, -37.456479544841187 ], [ -72.342621612991081, -37.4564455374747 ], [ -72.342628718329806, -37.456429005934758 ], [ -72.342637712193437, -37.456408077978267 ], [ -72.342655412731446, -37.456366894143066 ], [ -72.342667790489841, -37.456338092656715 ], [ -72.342694840824706, -37.456275152625068 ], [ -72.342700380468969, -37.456262263315772 ], [ -72.342707675458001, -37.456245290884787 ], [ -72.342732241128786, -37.456188130580571 ], [ -72.342774728508815, -37.456137362358128 ], [ -72.342801569780121, -37.456105289026496 ], [ -72.342873926520099, -37.456038251799662 ], [ -72.34289138162832, -37.456025832425794 ], [ -72.342901191653752, -37.456018852306102 ], [ -72.342907031258989, -37.456014697972847 ], [ -72.34300525183157, -37.455944815626786 ], [ -72.343039570532255, -37.455920398768093 ], [ -72.343049265716857, -37.455913500756985 ], [ -72.343128175695725, -37.455857357547515 ], [ -72.343162032837157, -37.455833268187263 ], [ -72.343231395926637, -37.455783917227322 ], [ -72.343278971830202, -37.455750067354238 ], [ -72.343330247869446, -37.455713584726077 ], [ -72.343385191548151, -37.455674492937007 ], [ -72.34340207364987, -37.455662481416823 ], [ -72.343470836940966, -37.455613556563321 ], [ -72.343496932898631, -37.455594989392239 ], [ -72.343564724338435, -37.45554675630666 ], [ -72.343610947873302, -37.45551386890704 ], [ -72.343622226905836, -37.45550584402924 ], [ -72.343641196167312, -37.455492346616836 ], [ -72.343657072846227, -37.455481050459959 ], [ -72.343683121161519, -37.455462517317869 ], [ -72.343696335501065, -37.455453114898233 ], [ -72.343699221726737, -37.455451027043559 ], [ -72.343716846350759, -37.455438281545369 ], [ -72.343717971626148, -37.45543746701258 ], [ -72.343726846018868, -37.455431048800534 ], [ -72.343746497270388, -37.455416836803529 ], [ -72.343749450754558, -37.455414700898807 ], [ -72.343750843976736, -37.455413693245099 ], [ -72.34375868241581, -37.455408024889842 ], [ -72.343759448061888, -37.455407470801333 ], [ -72.343176193521941, -37.454935267471399 ], [ -72.342876910558545, -37.454692964471541 ], [ -72.342492210945949, -37.454381504364896 ], [ -72.342343753256927, -37.454261308259177 ], [ -72.341967917935037, -37.453957019734261 ], [ -72.341799927002427, -37.453821006632225 ], [ -72.341473827463091, -37.453556981554534 ], [ -72.341318585631413, -37.453431289644286 ], [ -72.34115241786705, -37.453287047122764 ], [ -72.34006029532236, -37.45233900841 ], [ -72.340000395907794, -37.452287011002085 ], [ -72.339935676528484, -37.452334186667542 ], [ -72.339747660390998, -37.45247123806525 ], [ -72.339532511329395, -37.452628065728625 ], [ -72.339493778428832, -37.452656299303648 ], [ -72.338844959661984, -37.453129925135677 ], [ -72.338648817902836, -37.453273103037994 ], [ -72.338442258850876, -37.453423883754738 ], [ -72.337970776185372, -37.453768046279428 ] ] ] } },
{ "type": "Feature", "properties": { "zona": "50" }, "geometry": { "type": "Polygon", "coordinates": [ [ [ -72.33301148482208, -37.460893252014237 ], [ -72.333019474990522, -37.460895344636711 ], [ -72.333056711961959, -37.46090509944915 ], [ -72.333094357766697, -37.460914960803549 ], [ -72.33311258657838, -37.460917332405522 ], [ -72.333168790903855, -37.460924646377705 ], [ -72.333291358673719, -37.460927414277613 ], [ -72.333329527820482, -37.460928276210502 ], [ -72.333592842406105, -37.460937681411316 ], [ -72.334000166357043, -37.460952229624993 ], [ -72.334043462635421, -37.460953775682015 ], [ -72.334114586663176, -37.460956315794412 ], [ -72.334215152945987, -37.460959907083854 ], [ -72.334236879546239, -37.460960683197804 ], [ -72.334368998970007, -37.460970025679657 ], [ -72.334391646951474, -37.460971627260662 ], [ -72.334503543905143, -37.460979539907321 ], [ -72.334516661352652, -37.460980467674098 ], [ -72.334546414414092, -37.46098257112228 ], [ -72.334592960481018, -37.460992971713075 ], [ -72.334754133486527, -37.46102898387187 ], [ -72.334909822506006, -37.461069335279461 ], [ -72.335000844300268, -37.461092926152013 ], [ -72.335076287380716, -37.461112478922466 ], [ -72.33532093772925, -37.461175886537795 ], [ -72.335471649386449, -37.461211640039359 ], [ -72.33564719586704, -37.461253284688318 ], [ -72.335783811279683, -37.461285692900503 ], [ -72.335973455889643, -37.461330681086977 ], [ -72.336350509528643, -37.461413818013547 ], [ -72.336485392341615, -37.46144355778182 ], [ -72.336577835016911, -37.461472465451237 ], [ -72.336634494271891, -37.461496667767939 ], [ -72.336761978516847, -37.461551124705785 ], [ -72.336772543445406, -37.461556641717891 ], [ -72.336952855661437, -37.461650798193553 ], [ -72.337087558900464, -37.46174371866578 ], [ -72.337324657060606, -37.461887757753829 ], [ -72.337413604705205, -37.461932163586248 ], [ -72.337432552730945, -37.461939891663746 ], [ -72.337614244025787, -37.462013995946812 ], [ -72.337791492693938, -37.462073388183526 ], [ -72.337897516041821, -37.462108914227485 ], [ -72.338063726322588, -37.462164607742167 ], [ -72.338282430931855, -37.462264946050524 ], [ -72.338367252606616, -37.462303861385855 ], [ -72.338386762250821, -37.462312812171675 ], [ -72.338644125730937, -37.462410166173818 ], [ -72.338747711366963, -37.462436167585167 ], [ -72.338852835543847, -37.462462554112598 ], [ -72.339104916866944, -37.462556961284015 ], [ -72.339489413277533, -37.462700957093062 ], [ -72.339957236268347, -37.462876157382219 ], [ -72.340093937858285, -37.462927351811558 ], [ -72.340137575207109, -37.462942497591882 ], [ -72.340247724004826, -37.462637643406069 ], [ -72.340357871838165, -37.462332789068967 ], [ -72.34054846136101, -37.461780636733089 ], [ -72.340644795013787, -37.461501545694439 ], [ -72.340645063306056, -37.461500769566044 ], [ -72.340653201833206, -37.46147390038503 ], [ -72.341161583964677, -37.459795413669902 ], [ -72.341164419558851, -37.459786051817673 ], [ -72.341165123743025, -37.459783724765224 ], [ -72.341165238926749, -37.459783345284507 ], [ -72.341206383138726, -37.459673140342773 ], [ -72.341239086918847, -37.459585540939152 ], [ -72.341364972615708, -37.459248352564387 ], [ -72.34139721785057, -37.459181853280512 ], [ -72.34144065212341, -37.459092276829757 ], [ -72.341483204515157, -37.45900452059076 ], [ -72.341521038537948, -37.45892649472222 ], [ -72.341526947048465, -37.458914309446186 ], [ -72.341584212596644, -37.45879620761216 ], [ -72.341588900404901, -37.458786538709973 ], [ -72.341596967378592, -37.458769902735597 ], [ -72.341600488029414, -37.458762643281695 ], [ -72.341600653922455, -37.45876230008556 ], [ -72.34156790582864, -37.458753019379998 ], [ -72.340776793363474, -37.458528826339048 ], [ -72.339541555466084, -37.458166930466945 ], [ -72.33836925909695, -37.457829532483387 ], [ -72.338333599699126, -37.457819206660737 ], [ -72.337249271534986, -37.457505209821456 ], [ -72.337143517031549, -37.457474433727789 ], [ -72.336726859388492, -37.457353178573968 ], [ -72.336225320087649, -37.457207218107797 ], [ -72.335865957113043, -37.45710263347501 ], [ -72.335485489826979, -37.4569919044662 ], [ -72.335388272317061, -37.456963610976899 ], [ -72.335224865677134, -37.45691605384458 ], [ -72.335171115502277, -37.456900410474368 ], [ -72.335152141759181, -37.456934737519624 ], [ -72.334838186204237, -37.457502739270161 ], [ -72.334753979973044, -37.457655081280414 ], [ -72.334676330567433, -37.457780057397635 ], [ -72.334665160161308, -37.457798036686789 ], [ -72.334542348015987, -37.458022241762549 ], [ -72.334435683208568, -37.458233674683449 ], [ -72.334327394764628, -37.458430588990858 ], [ -72.334311474502542, -37.45845953935693 ], [ -72.334183843734024, -37.458712057364224 ], [ -72.334131324623641, -37.458815965446568 ], [ -72.333834921562016, -37.459380308050974 ], [ -72.333741246459041, -37.45955866155488 ], [ -72.333672765041229, -37.459683903389127 ], [ -72.333330047373835, -37.460310670765388 ], [ -72.333156620110401, -37.460627832103313 ], [ -72.333021675626824, -37.460874616393262 ], [ -72.33301148482208, -37.460893252014237 ] ] ] } },
{ "type": "Feature", "properties": { "zona": "47" }, "geometry": { "type": "Polygon", "coordinates": [ [ [ -72.340653201833206, -37.46147390038503 ], [ -72.340720343161848, -37.461497264481586 ], [ -72.340892545287588, -37.46154416518403 ], [ -72.341161858237186, -37.461609111850755 ], [ -72.341282645704226, -37.461645803524455 ], [ -72.341172827155702, -37.461934676807644 ], [ -72.341118520346711, -37.462077526581403 ], [ -72.341369935502968, -37.462199589071389 ], [ -72.341667162033502, -37.461664116459772 ], [ -72.341804115241771, -37.46140531733105 ], [ -72.341928896249783, -37.461169519017581 ], [ -72.341941067460368, -37.461146517996951 ], [ -72.342483397302658, -37.461318548066536 ], [ -72.343067379121493, -37.461503786956385 ], [ -72.343561816548444, -37.461650251193106 ], [ -72.344079375574808, -37.461803561963485 ], [ -72.344507430650765, -37.461930358222631 ], [ -72.344564872305611, -37.461947901582569 ], [ -72.344957467433616, -37.462067804582205 ], [ -72.345029122315935, -37.46207529089876 ], [ -72.345559251788458, -37.462234724332319 ], [ -72.345631450421934, -37.462256437656308 ], [ -72.345674116795735, -37.462167328072326 ], [ -72.345677093896938, -37.462161111488655 ], [ -72.345726706198377, -37.462145298212604 ], [ -72.345856821555472, -37.462186285985645 ], [ -72.346209609117963, -37.462297416172376 ], [ -72.346692514097427, -37.462449532227751 ], [ -72.346711182206107, -37.462471410019745 ], [ -72.346702321264971, -37.462510550172652 ], [ -72.346557812568832, -37.462800912012206 ], [ -72.347067940582946, -37.46296534922169 ], [ -72.347272790125416, -37.463028852768076 ], [ -72.347530479308574, -37.463108735713881 ], [ -72.347561669644534, -37.463124070472752 ], [ -72.347563216114565, -37.463126949140317 ], [ -72.347580464498819, -37.46315906766651 ], [ -72.347571107992565, -37.463213867214868 ], [ -72.347542400976408, -37.463382001989459 ], [ -72.347527869226582, -37.463467112468528 ], [ -72.347527715241782, -37.463468014634259 ], [ -72.347527691216115, -37.46346818260384 ], [ -72.347598940409583, -37.463474591344486 ], [ -72.348015365384299, -37.463512042743396 ], [ -72.348094228277205, -37.463523350343863 ], [ -72.348155075962239, -37.46353663769429 ], [ -72.348189225189827, -37.463550305885697 ], [ -72.348259622721869, -37.463578481459244 ], [ -72.348258626881545, -37.462835285449373 ], [ -72.348259360289859, -37.462741761245049 ], [ -72.348262371400097, -37.462151725551401 ], [ -72.348268638897565, -37.461686096669972 ], [ -72.348269041711518, -37.461656176840386 ], [ -72.348267776661757, -37.461485839589365 ], [ -72.348267195431163, -37.461475256408221 ], [ -72.348267218117925, -37.461391827687009 ], [ -72.348267273036058, -37.461191847111358 ], [ -72.348250463298356, -37.461065331859842 ], [ -72.348232175963403, -37.460993617439136 ], [ -72.348040702477661, -37.46073149391021 ], [ -72.347988644600377, -37.460755292150338 ], [ -72.347985033285028, -37.46075694300086 ], [ -72.347886827917819, -37.460801837223023 ], [ -72.347827806970201, -37.460828818559612 ], [ -72.347768785981302, -37.460855799864937 ], [ -72.347558699108575, -37.460951839922139 ], [ -72.347456599232842, -37.460998514321609 ], [ -72.347352695288507, -37.461046013180209 ], [ -72.34713937753223, -37.461143528018212 ], [ -72.347112700852776, -37.461155722821061 ], [ -72.347034159871356, -37.461191626958666 ], [ -72.346823366817105, -37.461287987725733 ], [ -72.346809306281045, -37.461294414894986 ], [ -72.346804247136063, -37.461296727941999 ], [ -72.346792428330488, -37.461302130440366 ], [ -72.34677926514567, -37.461307796497124 ], [ -72.346708531883039, -37.461341589694911 ], [ -72.346683124361874, -37.461349601984715 ], [ -72.346656687021522, -37.461353265758845 ], [ -72.346611251279882, -37.461344496139589 ], [ -72.346565816647555, -37.46133572742901 ], [ -72.346526652714786, -37.461324558447878 ], [ -72.346524750150863, -37.461324015576338 ], [ -72.346065852198095, -37.461193148879197 ], [ -72.34599100968282, -37.461171805345373 ], [ -72.345833241139047, -37.461126812516859 ], [ -72.345761417154549, -37.461106328766398 ], [ -72.345744497756627, -37.461101504160169 ], [ -72.345546685104054, -37.461045091232478 ], [ -72.345437283513164, -37.461013890847894 ], [ -72.345409893390027, -37.461006079705477 ], [ -72.344974087601045, -37.460881792436254 ], [ -72.344883512785842, -37.460855961066102 ], [ -72.344718980405503, -37.460809037682424 ], [ -72.344554880230788, -37.460762237331771 ], [ -72.344548945436117, -37.460760544042209 ], [ -72.344488996263465, -37.460743447123726 ], [ -72.344117291303633, -37.460637437355878 ], [ -72.343771592853088, -37.460538842781361 ], [ -72.343708286652955, -37.460520787765738 ], [ -72.343639172192042, -37.460501075569418 ], [ -72.343570390117719, -37.460481459119677 ], [ -72.34341089448732, -37.460435969175101 ], [ -72.343394144407256, -37.460431192199628 ], [ -72.343086096607834, -37.460343334213043 ], [ -72.342768312077226, -37.46025269716403 ], [ -72.342739670235986, -37.460244528335238 ], [ -72.342653144935667, -37.460219849714314 ], [ -72.34258262654383, -37.460199736756991 ], [ -72.342484371780657, -37.460171713139673 ], [ -72.342452536048611, -37.46016263252443 ], [ -72.342036852344307, -37.4600440715232 ], [ -72.342027282741469, -37.460041342012666 ], [ -72.341996187984321, -37.460032472595017 ], [ -72.341949535196477, -37.460019166411392 ], [ -72.341900712464124, -37.460005240958644 ], [ -72.341581997588165, -37.459914335608261 ], [ -72.341562011282292, -37.45990863486761 ], [ -72.341311155915477, -37.459837083232124 ], [ -72.341237585340721, -37.459816098768826 ], [ -72.341178226080515, -37.459799943423612 ], [ -72.341161583964677, -37.459795413669902 ], [ -72.340653201833206, -37.46147390038503 ] ] ] } },
{ "type": "Feature", "properties": { "zona": "84" }, "geometry": { "type": "Polygon", "coordinates": [ [ [ -72.338369971414039, -37.468619526902991 ], [ -72.338326016466894, -37.468655917140531 ], [ -72.33832416707844, -37.468663080781369 ], [ -72.338299445829449, -37.468747118554816 ], [ -72.338274725649299, -37.468831156345367 ], [ -72.338182271758569, -37.469145445247193 ], [ -72.338088167485864, -37.469465342340413 ], [ -72.337913133062514, -37.470060347679293 ], [ -72.337853740760437, -37.470182987859175 ], [ -72.337792064032612, -37.470272127965522 ], [ -72.337767977230754, -37.470306940200942 ], [ -72.33769738881081, -37.470520511811038 ], [ -72.337618562945821, -37.470762356683984 ], [ -72.337590338245789, -37.470848953735683 ], [ -72.337469873346507, -37.471218546199403 ], [ -72.337339883612245, -37.471617358672759 ], [ -72.337271897083667, -37.47182593967166 ], [ -72.337146645362893, -37.472210207468159 ], [ -72.337071610542395, -37.472440412039667 ], [ -72.336955876567217, -37.472795473688684 ], [ -72.336924145104078, -37.472886756543353 ], [ -72.336749991409391, -37.473387745349449 ], [ -72.336747844342085, -37.47339392272977 ], [ -72.336733856502065, -37.473434161938741 ], [ -72.336562316862484, -37.473927621958907 ], [ -72.336508247295782, -37.47408315945723 ], [ -72.336351787460913, -37.474643531853097 ], [ -72.336341722013728, -37.474679581891948 ], [ -72.336452930119947, -37.474701551083903 ], [ -72.33653103675347, -37.474717140617102 ], [ -72.336817884157227, -37.474774394997105 ], [ -72.33683338151728, -37.474777464106971 ], [ -72.337143364777276, -37.474838857506725 ], [ -72.337213990690159, -37.474852904583379 ], [ -72.337373366197127, -37.474884904538087 ], [ -72.337402011676261, -37.474890656222541 ], [ -72.337430658289932, -37.474896407925684 ], [ -72.337674263544528, -37.474945718601219 ], [ -72.337929058154103, -37.474997415793425 ], [ -72.338010936824631, -37.475014292387542 ], [ -72.338045530431174, -37.475021423359429 ], [ -72.338080124012919, -37.475028555221805 ], [ -72.338497752267344, -37.475113108313664 ], [ -72.338605095056664, -37.475135103708524 ], [ -72.338655382697056, -37.475145408738079 ], [ -72.339249027594818, -37.475267396548041 ], [ -72.339325176878219, -37.475283057283647 ], [ -72.339330624211968, -37.47528417756866 ], [ -72.339425643330202, -37.475303719228634 ], [ -72.339670619179699, -37.475353259451104 ], [ -72.339711132879529, -37.47536145237482 ], [ -72.339810960599181, -37.47538157605495 ], [ -72.339811927186801, -37.475381770846255 ], [ -72.339842202303856, -37.475387874049161 ], [ -72.339915062244586, -37.475402560985913 ], [ -72.339924745787769, -37.475404521002829 ], [ -72.339938674987494, -37.475407340814748 ], [ -72.340024912726662, -37.475139678691207 ], [ -72.34005415993029, -37.475048901315915 ], [ -72.340060312998119, -37.475029803804453 ], [ -72.340208979480551, -37.474568369708912 ], [ -72.340313634579942, -37.474243535450171 ], [ -72.340402365801609, -37.473968126366586 ], [ -72.340470553062161, -37.473756478832499 ], [ -72.340637223805416, -37.473239144201571 ], [ -72.340733054255168, -37.472941688471415 ], [ -72.340768724162984, -37.472830968725333 ], [ -72.340941093424561, -37.472295927873162 ], [ -72.340955794553267, -37.472250295680332 ], [ -72.34101113836833, -37.472078506859226 ], [ -72.34101495212802, -37.472066668264375 ], [ -72.341032812690969, -37.472011227362977 ], [ -72.34104019754524, -37.471988303447006 ], [ -72.341050673225183, -37.471955786457421 ], [ -72.341061659531206, -37.471921685988619 ], [ -72.34111480390456, -37.47175671949158 ], [ -72.341208045045505, -37.471467287066545 ], [ -72.341262630528306, -37.471297846447158 ], [ -72.341292109442904, -37.471206340378828 ], [ -72.34136046657116, -37.470994147216771 ], [ -72.341405542664475, -37.470854223848576 ], [ -72.341503015439457, -37.47055164718617 ], [ -72.341551682295858, -37.470400573067558 ], [ -72.341563298279411, -37.470364514169219 ], [ -72.341632011842492, -37.470151212342238 ], [ -72.341648010304198, -37.47010155061286 ], [ -72.341767652999494, -37.469730146240167 ], [ -72.341782706295731, -37.469683414367715 ], [ -72.341816266572394, -37.469579234782614 ], [ -72.341871439765995, -37.469407959735108 ], [ -72.341883078269518, -37.469371830114284 ], [ -72.341885505482963, -37.469332333820581 ], [ -72.341876592808163, -37.469330813951856 ], [ -72.34186664187142, -37.469328794920159 ], [ -72.34113315278239, -37.469180016823941 ], [ -72.340316360149615, -37.46901433627022 ], [ -72.339852784985027, -37.468920300695949 ], [ -72.339334439541219, -37.468815152076779 ], [ -72.339097507132635, -37.468767088516323 ], [ -72.338734584593865, -37.468693466089199 ], [ -72.338544055110802, -37.468654814994849 ], [ -72.338462017734059, -37.468638172281871 ], [ -72.338411836279107, -37.468627992175996 ], [ -72.338369979118397, -37.468619500944286 ], [ -72.338369971414039, -37.468619526902991 ] ] ] } },
{ "type": "Feature", "properties": { "zona": "96" }, "geometry": { "type": "Polygon", "coordinates": [ [ [ -72.328030342441409, -37.476391004468852 ], [ -72.328066562634788, -37.476386997759796 ], [ -72.328088983992217, -37.476384517953221 ], [ -72.328131795939669, -37.476379782706886 ], [ -72.328171873715746, -37.476360295618839 ], [ -72.328237262358911, -37.476328502541548 ], [ -72.328273463708712, -37.476310900239319 ], [ -72.328320417137476, -37.476262400530537 ], [ -72.328423700268885, -37.476219680932438 ], [ -72.3285140808851, -37.476221725902057 ], [ -72.328558955994211, -37.476222741229392 ], [ -72.328598106622437, -37.476223627022826 ], [ -72.328669142367303, -37.476182382626931 ], [ -72.328772349863726, -37.476132953115332 ], [ -72.328825051967286, -37.476130333703601 ], [ -72.328881681036705, -37.476127519255911 ], [ -72.328896943824347, -37.476126759774452 ], [ -72.32898706843244, -37.476155832004103 ], [ -72.329083548001165, -37.476185047921405 ], [ -72.329193960360968, -37.476187545505091 ], [ -72.329246656788726, -37.47618873748862 ], [ -72.329436211886602, -37.476184013856127 ], [ -72.329513778163701, -37.476208743926087 ], [ -72.329556197533805, -37.476222268464568 ], [ -72.329632287079974, -37.475833592527572 ], [ -72.32982457980826, -37.474851316867216 ], [ -72.330001263291678, -37.473690757284814 ], [ -72.330015874135, -37.473594784681232 ], [ -72.330043609414616, -37.473469333325397 ], [ -72.330056603580985, -37.47344037067127 ], [ -72.329685111065515, -37.473367114842524 ], [ -72.329266007850975, -37.473283373332286 ], [ -72.328687939006883, -37.47316829686612 ], [ -72.328683532561996, -37.473167419514446 ], [ -72.328396836142971, -37.473106031743669 ], [ -72.327906974350228, -37.473001139265463 ], [ -72.327610701441884, -37.472937698213919 ], [ -72.32723722526444, -37.472870184007675 ], [ -72.327129894132128, -37.472850781036307 ], [ -72.327012450408773, -37.472829549564082 ], [ -72.3267539823145, -37.472782824499568 ], [ -72.326545282359007, -37.472744906816807 ], [ -72.326506984326471, -37.472737948145607 ], [ -72.32643286027961, -37.472714438514146 ], [ -72.326417061020209, -37.472709428324265 ], [ -72.326414641729784, -37.472708660763573 ], [ -72.326408994846858, -37.472706869445702 ], [ -72.326400271841536, -37.472704499345646 ], [ -72.326358683637963, -37.472693166913544 ], [ -72.326342973749334, -37.472688885035225 ], [ -72.326342168650427, -37.472688665856602 ], [ -72.326307251758777, -37.472679154232004 ], [ -72.326303813030023, -37.472678217604688 ], [ -72.326303809608461, -37.472678377024344 ], [ -72.32630355751543, -37.472690999524289 ], [ -72.326303395179494, -37.472699105872245 ], [ -72.32630310358698, -37.472713692806821 ], [ -72.32630282464703, -37.472727639335993 ], [ -72.326300970856522, -37.47282043190004 ], [ -72.326300696132208, -37.472834164960503 ], [ -72.326286620874242, -37.473538375679901 ], [ -72.326271370621356, -37.474973171754861 ], [ -72.326254730680276, -37.475874443636961 ], [ -72.326253451234052, -37.475943758041019 ], [ -72.326253257269897, -37.475943743736465 ], [ -72.326294281270776, -37.475950748922479 ], [ -72.326313813037871, -37.47595025405171 ], [ -72.326334821602458, -37.475949723232937 ], [ -72.326494085024279, -37.475950727109165 ], [ -72.326660240996489, -37.475954490144687 ], [ -72.326792059518823, -37.47596698589031 ], [ -72.326934707197452, -37.475987232928006 ], [ -72.326961526888056, -37.475993155768741 ], [ -72.327130709835174, -37.476037556603202 ], [ -72.327148133225165, -37.476042129487467 ], [ -72.327179798970036, -37.476051003191813 ], [ -72.327288844740025, -37.476081559330147 ], [ -72.327393019704715, -37.476110750766765 ], [ -72.327562676218989, -37.476168656785084 ], [ -72.32758489634692, -37.47618422903313 ], [ -72.327708840874735, -37.476271088364875 ], [ -72.327762719357267, -37.476298731120089 ], [ -72.327772525328584, -37.476307656906798 ], [ -72.327808576541571, -37.476322258953957 ], [ -72.32790176781748, -37.476370071587503 ], [ -72.328030342441409, -37.476391004468852 ] ] ] } },
{ "type": "Feature", "properties": { "zona": "95" }, "geometry": { "type": "Polygon", "coordinates": [ [ [ -72.330601551608481, -37.476579823436055 ], [ -72.330651427923911, -37.476591640054224 ], [ -72.330727688802128, -37.47660970762464 ], [ -72.330825742147809, -37.476634452141603 ], [ -72.33085610461238, -37.476635138520486 ], [ -72.330888434539261, -37.476633090331447 ], [ -72.330908516523806, -37.476631817763533 ], [ -72.330976254208863, -37.476611673593794 ], [ -72.331007080397612, -37.476602506820143 ], [ -72.331077498490828, -37.476599593011386 ], [ -72.331081532884554, -37.476599684205361 ], [ -72.331106412619761, -37.476600245686065 ], [ -72.331108212304713, -37.476600287267061 ], [ -72.331126020803993, -37.4766006898071 ], [ -72.331132220959134, -37.476600829953618 ], [ -72.331174362159501, -37.476612685974757 ], [ -72.331275363838259, -37.47664110212019 ], [ -72.331288945208627, -37.476644923437647 ], [ -72.331337140953281, -37.476675438651604 ], [ -72.331350670576043, -37.476631654728578 ], [ -72.331381535296799, -37.47653176724581 ], [ -72.331715531570211, -37.475450833387306 ], [ -72.331955043743193, -37.474045151660121 ], [ -72.33197645250533, -37.473919505489157 ], [ -72.331980136522148, -37.473897880879775 ], [ -72.331996819334449, -37.473846222973137 ], [ -72.331998723972191, -37.473823320024714 ], [ -72.331958268772354, -37.473815342964862 ], [ -72.331793872399516, -37.473782928532387 ], [ -72.3309440160794, -37.473615355952731 ], [ -72.330056603580985, -37.47344037067127 ], [ -72.330043609414616, -37.473469333325397 ], [ -72.330015874135, -37.473594784681232 ], [ -72.330001263291678, -37.473690757284814 ], [ -72.32982457980826, -37.474851316867216 ], [ -72.329556197533805, -37.476222268464568 ], [ -72.329633953965441, -37.476247058626363 ], [ -72.329803677616141, -37.47632298614905 ], [ -72.329981236473387, -37.47638911978629 ], [ -72.329996863204826, -37.476394939316556 ], [ -72.330039230263736, -37.476416290478547 ], [ -72.330101665140347, -37.47644775535128 ], [ -72.33016007479651, -37.476469980162832 ], [ -72.330229282024817, -37.476496313070896 ], [ -72.330241884999296, -37.476499602354451 ], [ -72.330281028496188, -37.476508443366171 ], [ -72.330419246872609, -37.476539656251589 ], [ -72.33051434818266, -37.476560610876597 ], [ -72.330601551608481, -37.476579823436055 ] ] ] } },
{ "type": "Feature", "properties": { "zona": "19" }, "geometry": { "type": "Polygon", "coordinates": [ [ [ -72.302512602740592, -37.434895364799459 ], [ -72.302303643584324, -37.432889645975017 ], [ -72.302400492306319, -37.432896309358547 ], [ -72.302519771667662, -37.432904515789851 ], [ -72.302398440381197, -37.431806998651254 ], [ -72.302278621111824, -37.430723142466512 ], [ -72.302273977382541, -37.430640346572844 ], [ -72.302257137943229, -37.43034006668649 ], [ -72.302247291728847, -37.430164485893229 ], [ -72.302235569165859, -37.429955444421779 ], [ -72.302207380552289, -37.429452785377549 ], [ -72.302190927125082, -37.429159383453687 ], [ -72.300464479311145, -37.429159459590437 ], [ -72.298902516286276, -37.429478933732469 ], [ -72.296600557306789, -37.429798420323799 ], [ -72.292407820318118, -37.429734611143722 ], [ -72.292204731480396, -37.429740702400323 ], [ -72.292304088950573, -37.429908631488473 ], [ -72.292468234508476, -37.430123991481487 ], [ -72.292678798768108, -37.430295711900158 ], [ -72.293349352694591, -37.430733126785952 ], [ -72.293715776204323, -37.430972148798553 ], [ -72.293999633219883, -37.431184288567216 ], [ -72.294159213811881, -37.431319075976106 ], [ -72.294270309252866, -37.431462154757121 ], [ -72.294511388881588, -37.431917231969045 ], [ -72.295308624620105, -37.433440514425058 ], [ -72.296210677411551, -37.435178657215509 ], [ -72.296266433127187, -37.435176254268534 ], [ -72.296294690435303, -37.435184618218727 ], [ -72.300034009937733, -37.435010705753726 ], [ -72.301579865649771, -37.434938774923012 ], [ -72.302512602740592, -37.434895364799459 ] ] ] } },
{ "type": "Feature", "properties": { "zona": "39" }, "geometry": { "type": "Polygon", "coordinates": [ [ [ -72.386110847887892, -37.466801998142493 ], [ -72.386119047563867, -37.466834742728111 ], [ -72.386226939310433, -37.467265588289955 ], [ -72.386337107938346, -37.467705520632329 ], [ -72.386368881204177, -37.467832399515373 ], [ -72.386370286564045, -37.46783801129255 ], [ -72.386415285430829, -37.468016156869503 ], [ -72.386497465460806, -37.468341500600332 ], [ -72.38654015580461, -37.468510507180966 ], [ -72.386548047542618, -37.468541748149974 ], [ -72.386674963375867, -37.469044184325718 ], [ -72.386720117521421, -37.469222939674054 ], [ -72.386725812611417, -37.46924548481536 ], [ -72.386799735493653, -37.469574416797471 ], [ -72.387041420058964, -37.470649808455121 ], [ -72.387042628413099, -37.470654197542643 ], [ -72.387148375000308, -37.471038165950347 ], [ -72.387188826559708, -37.471039895475577 ], [ -72.387512583804266, -37.47105779034775 ], [ -72.388025641188875, -37.471089436355626 ], [ -72.390322504563514, -37.471231083013372 ], [ -72.390342351906412, -37.471231421624367 ], [ -72.390459315138131, -37.471233415362441 ], [ -72.390451358857021, -37.471213401241741 ], [ -72.390412545566633, -37.471056839703344 ], [ -72.390390499187887, -37.470967910556872 ], [ -72.390349847802483, -37.470683855796011 ], [ -72.390333761445802, -37.470571448849419 ], [ -72.390326970217245, -37.4705239932415 ], [ -72.390326720813647, -37.47052069771793 ], [ -72.390325468080491, -37.470504156894954 ], [ -72.390315434794772, -37.470371671458992 ], [ -72.390314903357208, -37.470364653457878 ], [ -72.390291632067758, -37.470057357042073 ], [ -72.39028091337083, -37.469915814548457 ], [ -72.390276960079134, -37.469863611443245 ], [ -72.390274850678097, -37.469835752463695 ], [ -72.390263252508987, -37.46968260564914 ], [ -72.390255668127907, -37.469582458069276 ], [ -72.390236435531435, -37.469328492121079 ], [ -72.390225625537624, -37.469185742788184 ], [ -72.390220938734586, -37.469123849874826 ], [ -72.390217256624595, -37.469075227524854 ], [ -72.390209284137086, -37.468969956565111 ], [ -72.390191963140893, -37.468741220224892 ], [ -72.390190566415257, -37.468722774838419 ], [ -72.390188039508914, -37.468689401645719 ], [ -72.390173993549581, -37.46850392866606 ], [ -72.390169843464719, -37.468449130461906 ], [ -72.390163383411604, -37.468363823131632 ], [ -72.390151404660301, -37.468205635080437 ], [ -72.390143548581079, -37.468101895891152 ], [ -72.390142223977548, -37.468084400081892 ], [ -72.390139112667796, -37.468043322855678 ], [ -72.390125837990794, -37.46786801899502 ], [ -72.390123565694822, -37.467838019835987 ], [ -72.390118621625589, -37.467772735691852 ], [ -72.390115440201868, -37.467730717039146 ], [ -72.390104780124815, -37.467623963779005 ], [ -72.390091005224036, -37.467486017665863 ], [ -72.390083805489738, -37.467413916203782 ], [ -72.390071704126839, -37.467292731080832 ], [ -72.390069532526667, -37.467270984858992 ], [ -72.390067025834639, -37.467245871831224 ], [ -72.390049775623694, -37.467073123986431 ], [ -72.390048177864244, -37.467040927466556 ], [ -72.390042524728671, -37.466927035294205 ], [ -72.39003703035786, -37.466816346529576 ], [ -72.390036492662091, -37.466805512115322 ], [ -72.390029906885218, -37.466672835167245 ], [ -72.390028772900351, -37.466649990875325 ], [ -72.390025293562857, -37.46657988021844 ], [ -72.390022734786257, -37.4665283170701 ], [ -72.390017503661809, -37.466422930940048 ], [ -72.390012852776607, -37.46632923623406 ], [ -72.390009859115551, -37.466268920741555 ], [ -72.390009203133062, -37.466255702034438 ], [ -72.390006865456442, -37.466208605248617 ], [ -72.388539701716667, -37.46592439384159 ], [ -72.388225250563778, -37.465866250077433 ], [ -72.387524652366082, -37.465736703449053 ], [ -72.387409012909046, -37.465715320554374 ], [ -72.386523311127448, -37.465547883092469 ], [ -72.386275837473931, -37.465501098222298 ], [ -72.386246409066061, -37.465504695667818 ], [ -72.38620272203768, -37.465522326131051 ], [ -72.386174726116906, -37.465553178281915 ], [ -72.386153269475642, -37.465609266123167 ], [ -72.386187032636087, -37.465791991343799 ], [ -72.386234609162472, -37.466049470623418 ], [ -72.386256152882837, -37.466143600592019 ], [ -72.386293447424265, -37.466306553938615 ], [ -72.386354565479508, -37.466573591955957 ], [ -72.386374795589674, -37.466661983292767 ], [ -72.386417735371538, -37.466855896268981 ], [ -72.386387754855221, -37.46685063066289 ], [ -72.386110847887892, -37.466801998142493 ] ] ] } },
{ "type": "Feature", "properties": { "zona": "58" }, "geometry": { "type": "Polygon", "coordinates": [ [ [ -72.380939034438299, -37.473683477223197 ], [ -72.3809124075282, -37.473653664067001 ], [ -72.380885781768683, -37.473623850930515 ], [ -72.380753690524926, -37.473508639075078 ], [ -72.380739214589738, -37.473495568863761 ], [ -72.38087635828164, -37.47345682943093 ], [ -72.380956202474934, -37.47341714332574 ], [ -72.381056338922917, -37.473350267061633 ], [ -72.381159237202624, -37.47327299982431 ], [ -72.381205182150481, -37.473253752533154 ], [ -72.38128833601111, -37.473232117025198 ], [ -72.381376469191821, -37.473192506321517 ], [ -72.381472344157217, -37.473166453432313 ], [ -72.381524675853044, -37.473155920041016 ], [ -72.381624395397253, -37.473113075126598 ], [ -72.381903471323824, -37.472990752092414 ], [ -72.382070111673713, -37.472915699327537 ], [ -72.382177445609315, -37.472796427180917 ], [ -72.382197924063533, -37.472715779992235 ], [ -72.382244842756919, -37.472687533617353 ], [ -72.382377097202053, -37.472478003830851 ], [ -72.38255755292829, -37.472193783009303 ], [ -72.382640644442532, -37.472116473664087 ], [ -72.382587225642197, -37.472079354532248 ], [ -72.382484014031149, -37.472013541890156 ], [ -72.382327729638334, -37.471928277822002 ], [ -72.382270874327844, -37.47188369945502 ], [ -72.382234449150189, -37.471838477316219 ], [ -72.38201759646806, -37.471645882518047 ], [ -72.381942663809099, -37.471568792532317 ], [ -72.381864869705623, -37.471522249352475 ], [ -72.381798975962226, -37.471499723629243 ], [ -72.381728513713597, -37.471495783187521 ], [ -72.381567161101998, -37.471499214269144 ], [ -72.381497976845878, -37.471490469298963 ], [ -72.381408240513679, -37.471423910153604 ], [ -72.381222012762592, -37.471174179635767 ], [ -72.381004369143056, -37.470924155753295 ], [ -72.380928074362629, -37.470857211328834 ], [ -72.380595586342878, -37.470580679397848 ], [ -72.380337412292818, -37.470401334242453 ], [ -72.380302271264753, -37.470376922645798 ], [ -72.380307002703802, -37.470352482790567 ], [ -72.380159730037107, -37.470235539478168 ], [ -72.380129254449216, -37.470211340377446 ], [ -72.379862214728732, -37.46999214083192 ], [ -72.379475293198482, -37.469902454507967 ], [ -72.379235000410205, -37.469843054166034 ], [ -72.3790602759709, -37.469781200523485 ], [ -72.378606526729172, -37.469597980043822 ], [ -72.378514980887644, -37.469559300814211 ], [ -72.378299017099806, -37.469825326347639 ], [ -72.378207233508149, -37.471089471219614 ], [ -72.378151191580827, -37.471094685245582 ], [ -72.378052750515266, -37.471939983794947 ], [ -72.378047288729448, -37.471986877744435 ], [ -72.378046023964941, -37.471997734333527 ], [ -72.378041303275211, -37.47203827289264 ], [ -72.378039275083779, -37.472060716299332 ], [ -72.37823559977025, -37.472095269460723 ], [ -72.37824078084104, -37.472096482065929 ], [ -72.378234986121214, -37.472108491540723 ], [ -72.378191435512903, -37.472198748021846 ], [ -72.378147885955414, -37.472289003606349 ], [ -72.378135884249886, -37.472402897772376 ], [ -72.378086044686796, -37.472875829896566 ], [ -72.378069984219195, -37.473028233548227 ], [ -72.378028384550134, -37.47331946669334 ], [ -72.37802128374426, -37.47336792913719 ], [ -72.378019833006192, -37.473377830007536 ], [ -72.378023365767376, -37.473378199516588 ], [ -72.378023533629502, -37.473378216760864 ], [ -72.378070806976268, -37.473383157522456 ], [ -72.378096944544083, -37.473385888883968 ], [ -72.378132917756773, -37.4733896487447 ], [ -72.378177044763802, -37.473394260077711 ], [ -72.378248840265059, -37.473401763772834 ], [ -72.378251527033484, -37.473402044203496 ], [ -72.378258772819407, -37.473402801628062 ], [ -72.378328649864713, -37.473410104982058 ], [ -72.37835558728753, -37.473412919827489 ], [ -72.378385686856745, -37.473416065298316 ], [ -72.37841787725462, -37.473419429296655 ], [ -72.378456059609945, -37.473423420133535 ], [ -72.37856291930359, -37.473434589316291 ], [ -72.37859313604234, -37.473437747248006 ], [ -72.378618471561921, -37.47344039490654 ], [ -72.378641016656886, -37.47344275172658 ], [ -72.378656691098669, -37.473444390108661 ], [ -72.378790977224767, -37.473458425262905 ], [ -72.378812837419517, -37.473460710075479 ], [ -72.378825324929693, -37.473462015462658 ], [ -72.378896084160246, -37.473469411056101 ], [ -72.378935428025329, -37.473473523040646 ], [ -72.378978039960174, -37.473477976089185 ], [ -72.379058408477206, -37.473486376071527 ], [ -72.37912567779307, -37.473493406605172 ], [ -72.379135119215221, -37.473494392935187 ], [ -72.379227706073564, -37.47350406965333 ], [ -72.379343346183163, -37.473516155715345 ], [ -72.379360473871841, -37.473517946107314 ], [ -72.379398495261086, -37.473521919551025 ], [ -72.37943362937601, -37.473525591007473 ], [ -72.379448829580838, -37.473527180011473 ], [ -72.379562999679194, -37.473539111582951 ], [ -72.379613694512571, -37.473544409711046 ], [ -72.379619771001629, -37.473545044683235 ], [ -72.379621611719998, -37.473545237822023 ], [ -72.379660073621423, -37.47354925700246 ], [ -72.379668843639465, -37.473550173421934 ], [ -72.379675087961203, -37.473550826533696 ], [ -72.379683232753507, -37.473551677713438 ], [ -72.379704940934516, -37.473553946372228 ], [ -72.379712690312729, -37.473554756334813 ], [ -72.379748199574536, -37.473558467562178 ], [ -72.37974937907218, -37.473558590156337 ], [ -72.379751905867664, -37.473558854387328 ], [ -72.379767833840205, -37.473560518974217 ], [ -72.379798254588309, -37.473563698246906 ], [ -72.379798643224703, -37.473563739311338 ], [ -72.379798760531486, -37.473563747321151 ], [ -72.379799688878222, -37.473563841813593 ], [ -72.379801184770443, -37.473564002066333 ], [ -72.379802916154389, -37.473564185567142 ], [ -72.379803508680553, -37.47356424827727 ], [ -72.379803559394134, -37.473564253007098 ], [ -72.379804193627237, -37.473564319346089 ], [ -72.37980927201103, -37.473564850158063 ], [ -72.379815936542585, -37.473565546829647 ], [ -72.379824177085553, -37.473566408234547 ], [ -72.379831142415341, -37.473567135910358 ], [ -72.379841518890402, -37.473568219528431 ], [ -72.379864844801105, -37.473570656520423 ], [ -72.379873560722174, -37.473571568119844 ], [ -72.37990645866229, -37.473575007789016 ], [ -72.379914173180197, -37.473575812459273 ], [ -72.379945519967634, -37.473579087936734 ], [ -72.379949547302587, -37.473579508913012 ], [ -72.379979840751375, -37.473582675402064 ], [ -72.380030936686836, -37.473588015593116 ], [ -72.380036596366281, -37.473588607052875 ], [ -72.380144391583812, -37.473599873964211 ], [ -72.380144768985915, -37.473599912975978 ], [ -72.380152223225934, -37.473600692031127 ], [ -72.380169926603415, -37.473602542838577 ], [ -72.380194274280328, -37.473605087141443 ], [ -72.380230397559387, -37.47360886231035 ], [ -72.380358803826027, -37.473622283131157 ], [ -72.380364087238974, -37.473622835589389 ], [ -72.380427954698263, -37.473629510562958 ], [ -72.380492887879555, -37.473636296553551 ], [ -72.380512648318273, -37.473638362355807 ], [ -72.38055004010441, -37.473642270098495 ], [ -72.380608076691132, -37.473648335323965 ], [ -72.380641841048487, -37.47365186429667 ], [ -72.38065397828251, -37.473653132884849 ], [ -72.380699786393166, -37.473657920244172 ], [ -72.380784652440056, -37.473666790085367 ], [ -72.380818025951214, -37.473670276996529 ], [ -72.380822948884258, -37.47367079170116 ], [ -72.380865746897484, -37.473675265319386 ], [ -72.380880792835882, -37.473676838102037 ], [ -72.380939034438299, -37.473683477223197 ] ] ] } },
{ "type": "Feature", "properties": { "zona": "113" }, "geometry": { "type": "Polygon", "coordinates": [ [ [ -72.359529324400683, -37.495311514985865 ], [ -72.359523254125691, -37.49525252543539 ], [ -72.359516468106079, -37.495166214216248 ], [ -72.359516463907198, -37.495166108691606 ], [ -72.359032007668389, -37.489053392421816 ], [ -72.358994915544969, -37.488585349186174 ], [ -72.358662542585705, -37.488607335988902 ], [ -72.357472194039687, -37.48868607181204 ], [ -72.356693259418194, -37.488737588033203 ], [ -72.356618598187396, -37.488745650261471 ], [ -72.355744487081793, -37.488791479644981 ], [ -72.355610188280622, -37.4887985199762 ], [ -72.355576904351466, -37.488806767609681 ], [ -72.355580795034399, -37.488859423242893 ], [ -72.355584354432025, -37.488907589297334 ], [ -72.355595072487375, -37.489052656956524 ], [ -72.355608300737202, -37.489231683576456 ], [ -72.35565270259373, -37.489832622211885 ], [ -72.355664080621949, -37.489986619386755 ], [ -72.355687772227085, -37.490307270146651 ], [ -72.355760164156621, -37.491287013755169 ], [ -72.355770251383106, -37.491423527346726 ], [ -72.355810328153595, -37.491965921560293 ], [ -72.355912230157017, -37.493345012444905 ], [ -72.355932731889141, -37.493622470454476 ], [ -72.355972316645818, -37.494158173491833 ], [ -72.355971903006719, -37.494174739370884 ], [ -72.356013303568218, -37.49417637397427 ], [ -72.356200155029214, -37.494270410773737 ], [ -72.356387009230176, -37.494364447344452 ], [ -72.356525448978559, -37.494484265437379 ], [ -72.356739133171544, -37.494578990546451 ], [ -72.356935799928323, -37.494657086240309 ], [ -72.357132408166933, -37.494762061522465 ], [ -72.357243867204517, -37.494811518408106 ], [ -72.357585196703269, -37.494776614473786 ], [ -72.357704285622489, -37.494816733121439 ], [ -72.357856856781666, -37.494887901978728 ], [ -72.357950508663734, -37.494966097287545 ], [ -72.35813167383543, -37.495046651069735 ], [ -72.35825834563137, -37.495161137748518 ], [ -72.358458585817218, -37.495255731064958 ], [ -72.35872221687724, -37.495396797304352 ], [ -72.358996275168636, -37.495362378372306 ], [ -72.359185664637764, -37.495303535985151 ], [ -72.35931647020908, -37.495297454415024 ], [ -72.35945569829336, -37.495290980769205 ], [ -72.359529324400683, -37.495311514985865 ] ] ] } },
{ "type": "Feature", "properties": { "zona": "24" }, "geometry": { "type": "Polygon", "coordinates": [ [ [ -72.32493627068709, -37.455253378859709 ], [ -72.324964723545392, -37.455254181058535 ], [ -72.325411483763986, -37.455294994708886 ], [ -72.325579126138351, -37.455353205180387 ], [ -72.325770914352901, -37.4554164569603 ], [ -72.325968182969078, -37.455441412554343 ], [ -72.326132144956901, -37.455524517844566 ], [ -72.326212570260068, -37.455611883504503 ], [ -72.326397227032459, -37.455784037568691 ], [ -72.326493870178865, -37.455859504217209 ], [ -72.326526055056803, -37.455875874403979 ], [ -72.326623775558403, -37.455925577205861 ], [ -72.326677316078118, -37.455952809842522 ], [ -72.32668060019509, -37.455954480061628 ], [ -72.326689685450916, -37.455669842101869 ], [ -72.326695575456654, -37.455485315161873 ], [ -72.326722849311565, -37.454630768107705 ], [ -72.326752917847216, -37.453668586406813 ], [ -72.326776362944358, -37.452918329639431 ], [ -72.326781941108365, -37.452724730332712 ], [ -72.326808025651331, -37.451819330327531 ], [ -72.326841278285855, -37.450609262759215 ], [ -72.326869043384093, -37.449598815884698 ], [ -72.326883812147031, -37.449061324085143 ], [ -72.326903525244518, -37.44759226234369 ], [ -72.3269086783842, -37.447208163454377 ], [ -72.326931666202157, -37.44640190830367 ], [ -72.326970521997154, -37.445039041578781 ], [ -72.326996929787924, -37.444375692456283 ], [ -72.327032834776801, -37.443473763893984 ], [ -72.327129399693405, -37.441047824912992 ], [ -72.327132420374937, -37.440971947070651 ], [ -72.327118085744317, -37.440960199206124 ], [ -72.327091551121669, -37.440938931583645 ], [ -72.327070493946806, -37.440922054705936 ], [ -72.326977652066944, -37.440847640705954 ], [ -72.326737900100724, -37.440627634992694 ], [ -72.3266361432172, -37.44052757409527 ], [ -72.326534386602233, -37.440427513119097 ], [ -72.326405253888893, -37.440331583965296 ], [ -72.326358665514405, -37.440355613786565 ], [ -72.3262668989302, -37.440402947454679 ], [ -72.326258199924155, -37.440407434541406 ], [ -72.326188715097345, -37.440436827569592 ], [ -72.325922871259593, -37.440549283524362 ], [ -72.32584765479487, -37.440581102149899 ], [ -72.325734837514446, -37.44062882475729 ], [ -72.32370381932239, -37.450734977136307 ], [ -72.323324087437101, -37.452593789446432 ], [ -72.323177218055008, -37.453312689352998 ], [ -72.323157655671565, -37.453427513932731 ], [ -72.323138092184664, -37.453542335778138 ], [ -72.323127013293274, -37.453607355150929 ], [ -72.324281290545329, -37.454044975225443 ], [ -72.325021915994853, -37.45435363188146 ], [ -72.324940175440659, -37.455212358415992 ], [ -72.32493627068709, -37.455253378859709 ] ] ] } },
{ "type": "Feature", "properties": { "zona": "21" }, "geometry": { "type": "Polygon", "coordinates": [ [ [ -72.33422645512799, -37.450656703157804 ], [ -72.333892669544426, -37.450900992165693 ], [ -72.333927594122315, -37.450930656899814 ], [ -72.333985395127385, -37.450979752504558 ], [ -72.333987397506775, -37.45098145305996 ], [ -72.334291830248972, -37.451240034219218 ], [ -72.334295016494039, -37.451242741006354 ], [ -72.334543937277431, -37.451454167389713 ], [ -72.334575734266565, -37.45148117424025 ], [ -72.334724750193089, -37.451607744467161 ], [ -72.334882118193519, -37.451660240961196 ], [ -72.335106413863727, -37.451757911145087 ], [ -72.335124044143498, -37.451765588197922 ], [ -72.335268151094709, -37.451866953555133 ], [ -72.335363034190195, -37.451933694652119 ], [ -72.335436568927392, -37.451985419882476 ], [ -72.335458802948935, -37.452001059406086 ], [ -72.3357859283106, -37.452231157134001 ], [ -72.335810050413613, -37.452248125082022 ], [ -72.336047671677889, -37.452415265749664 ], [ -72.336162146011176, -37.452495785586045 ], [ -72.336310093594079, -37.452599750452912 ], [ -72.336337677139383, -37.45261913386814 ], [ -72.336525410432102, -37.452751055488086 ], [ -72.33668536122336, -37.45286367100244 ], [ -72.336835653316669, -37.452969485830856 ], [ -72.336878492698915, -37.4529996471937 ], [ -72.337118713634624, -37.453168611476691 ], [ -72.337232859472707, -37.453248896714165 ], [ -72.337314232279397, -37.453306131248937 ], [ -72.337329722320177, -37.453317026278484 ], [ -72.337495385285777, -37.453433546999229 ], [ -72.337586660663902, -37.453497745868198 ], [ -72.337869635460748, -37.453696908382518 ], [ -72.337872509353673, -37.453698931295008 ], [ -72.337883861773875, -37.453706916088883 ], [ -72.337901855393568, -37.453719571494645 ], [ -72.337970776185372, -37.453768046279428 ], [ -72.338442258850876, -37.453423883754738 ], [ -72.338648817902836, -37.453273103037994 ], [ -72.338844959661984, -37.453129925135677 ], [ -72.339493778428832, -37.452656299303648 ], [ -72.339532511329395, -37.452628065728625 ], [ -72.339747660390998, -37.45247123806525 ], [ -72.339935676528484, -37.452334186667542 ], [ -72.340000395907794, -37.452287011002085 ], [ -72.339963843771685, -37.452255280243946 ], [ -72.339953175200463, -37.452246018847312 ], [ -72.339941928728663, -37.452236256026772 ], [ -72.339891791807034, -37.452188919167739 ], [ -72.339783734182404, -37.452086897151212 ], [ -72.339004438364412, -37.45135111404295 ], [ -72.338955148026372, -37.451304575341382 ], [ -72.338578399484291, -37.450931517529703 ], [ -72.337896690609114, -37.450256474829224 ], [ -72.337814610037285, -37.450175196435758 ], [ -72.33774589287232, -37.450106889855824 ], [ -72.337732819814761, -37.450093894795252 ], [ -72.337233260749244, -37.449597311751937 ], [ -72.336933567068982, -37.449299400273816 ], [ -72.336900356632242, -37.449267377192768 ], [ -72.336855080854292, -37.44922371983251 ], [ -72.336481582894578, -37.448863567984397 ], [ -72.336384170248834, -37.448769636274932 ], [ -72.336215793443102, -37.448626498740808 ], [ -72.336111277868639, -37.448539667821692 ], [ -72.336015696005276, -37.448460258987943 ], [ -72.335920114343836, -37.448380850083637 ], [ -72.335871598990508, -37.448340543532801 ], [ -72.335840828207367, -37.448364040842264 ], [ -72.335826203150475, -37.448375209203874 ], [ -72.33560032242768, -37.448547695190129 ], [ -72.335305889585868, -37.448772529027465 ], [ -72.335121923489069, -37.448913007646397 ], [ -72.334627376122285, -37.44929064407409 ], [ -72.334520901790071, -37.449371947745639 ], [ -72.334227252520492, -37.44959617467363 ], [ -72.334099642978543, -37.449673865896486 ], [ -72.334021100040175, -37.449721684157403 ], [ -72.333831272935257, -37.449811093573729 ], [ -72.333785202095413, -37.449832793218526 ], [ -72.333758323297346, -37.449845453570525 ], [ -72.333788170923626, -37.449874015198652 ], [ -72.333799680408717, -37.4498850280714 ], [ -72.334043253960658, -37.450086138589832 ], [ -72.334318030787955, -37.450313012108232 ], [ -72.334381682338133, -37.4503655655991 ], [ -72.33438175699338, -37.450365627659032 ], [ -72.334441084343865, -37.450414611511242 ], [ -72.334471966447808, -37.450451168511009 ], [ -72.334473662926683, -37.450475775782387 ], [ -72.334466878992529, -37.450480741019867 ], [ -72.334409134349386, -37.450523003162992 ], [ -72.334285253684754, -37.450613669209496 ], [ -72.334277412564887, -37.450619408062671 ], [ -72.33422645512799, -37.450656703157804 ] ] ] } },
{ "type": "Feature", "properties": { "zona": "77" }, "geometry": { "type": "Polygon", "coordinates": [ [ [ -72.360735513979449, -37.471985667415673 ], [ -72.360729704880484, -37.471951222006012 ], [ -72.360728910809513, -37.471945191981753 ], [ -72.360711326681908, -37.471811739503615 ], [ -72.360700349487004, -37.471727363736818 ], [ -72.360699370580818, -37.471719839127623 ], [ -72.360689372311157, -37.471642987968877 ], [ -72.360674062991862, -37.471525314484879 ], [ -72.360664182026809, -37.471439379046011 ], [ -72.360643477966107, -37.471259325656902 ], [ -72.360639434407631, -37.471224156455783 ], [ -72.360637876192072, -37.471210603917598 ], [ -72.360629617488684, -37.471138780236984 ], [ -72.360610018898058, -37.470968344876198 ], [ -72.360609778342237, -37.470966248899593 ], [ -72.360606583075878, -37.47093846081254 ], [ -72.360605348657529, -37.470927723402802 ], [ -72.360597087197064, -37.470835961463777 ], [ -72.360594377954769, -37.470805863854579 ], [ -72.360594321834213, -37.470805241728101 ], [ -72.360592630258168, -37.470786450697581 ], [ -72.360589386153549, -37.470786655728453 ], [ -72.360491934190961, -37.470792804634307 ], [ -72.360284537650912, -37.470805891657768 ], [ -72.360272660400568, -37.470806640800177 ], [ -72.360123006020657, -37.470816082932473 ], [ -72.360113698640092, -37.470816670540067 ], [ -72.359576687999834, -37.470850553096064 ], [ -72.359563662893308, -37.47085137472142 ], [ -72.359494489847151, -37.47085573924759 ], [ -72.359201571503178, -37.470874219079228 ], [ -72.359198900261504, -37.470845627167613 ], [ -72.359102457680123, -37.470851039653532 ], [ -72.357593141114251, -37.470934814922444 ], [ -72.35739272883346, -37.470945938207912 ], [ -72.356780872872235, -37.470979892829966 ], [ -72.356540668202058, -37.470993221953613 ], [ -72.355561479292248, -37.47104755220915 ], [ -72.355517939642155, -37.471049968028893 ], [ -72.355522303746866, -37.471106282108245 ], [ -72.355551155580102, -37.47147860852192 ], [ -72.355609717377845, -37.472234308403507 ], [ -72.35561336279855, -37.472265759812224 ], [ -72.35564290825495, -37.472520646189658 ], [ -72.355671094348267, -37.472763809186745 ], [ -72.355676099320448, -37.472806983963729 ], [ -72.355905763481417, -37.472793975758542 ], [ -72.355965791636038, -37.472790576447785 ], [ -72.356753803847212, -37.472740058512549 ], [ -72.357564958295129, -37.472688050897851 ], [ -72.358289415671294, -37.472641598101482 ], [ -72.359013856566946, -37.47259514136951 ], [ -72.359164306557858, -37.472585492319006 ], [ -72.359278826803418, -37.472578147507086 ], [ -72.359748192881497, -37.472548045368825 ], [ -72.360245813379976, -37.472516128272517 ], [ -72.360818781942626, -37.47247937539656 ], [ -72.360812283369938, -37.472440841517511 ], [ -72.360782403737758, -37.472263683838172 ], [ -72.360735513979449, -37.471985667415673 ] ] ] } },
{ "type": "Feature", "properties": { "zona": "97" }, "geometry": { "type": "Polygon", "coordinates": [ [ [ -72.321372527274306, -37.474954232420664 ], [ -72.321391749427491, -37.474970725419659 ], [ -72.321489672456522, -37.475054749855225 ], [ -72.321598190553416, -37.475132867163666 ], [ -72.321705539384283, -37.475179429725152 ], [ -72.321799054061771, -37.475237823593034 ], [ -72.321924735488665, -37.4753201046763 ], [ -72.322044597963441, -37.475433061791634 ], [ -72.322103727620259, -37.475471445806058 ], [ -72.322176325628632, -37.475543778286792 ], [ -72.322287330752872, -37.475618843445133 ], [ -72.322349441227956, -37.475670492635935 ], [ -72.322446810113334, -37.475707799965235 ], [ -72.322528571900023, -37.475716940459719 ], [ -72.322578253566505, -37.475704099807729 ], [ -72.3226275966706, -37.475683639758408 ], [ -72.322698786945821, -37.475670193724412 ], [ -72.322780295933285, -37.47567361976273 ], [ -72.322794312964533, -37.475612197849635 ], [ -72.322794332541477, -37.475612092863344 ], [ -72.322813233590594, -37.475499148828497 ], [ -72.322813244129534, -37.475499043637271 ], [ -72.322900603060688, -37.475401930812609 ], [ -72.32305767949542, -37.475345317630136 ], [ -72.323226854192072, -37.475329112272391 ], [ -72.323392177198485, -37.475333991904833 ], [ -72.323440734678442, -37.475349788897979 ], [ -72.323555080592072, -37.475367006875118 ], [ -72.323680638322188, -37.47535567209836 ], [ -72.32376132983984, -37.475319072212201 ], [ -72.323858315654576, -37.475261417621233 ], [ -72.323929110318176, -37.475217468202629 ], [ -72.323996092096181, -37.475208667646385 ], [ -72.324054970284422, -37.475212294473877 ], [ -72.324185586621425, -37.475259829073075 ], [ -72.32432948918499, -37.475332058643147 ], [ -72.324381821461955, -37.475368315860443 ], [ -72.324455985971881, -37.475401298420863 ], [ -72.324556009692728, -37.475411114447688 ], [ -72.324650493334232, -37.475451165163854 ], [ -72.324717177641944, -37.475538284556173 ], [ -72.324755359289725, -37.47559570532669 ], [ -72.324790131979455, -37.475661591400041 ], [ -72.324824840254578, -37.475688838976922 ], [ -72.324891882152201, -37.475711360169456 ], [ -72.325003269363535, -37.475741023479202 ], [ -72.325086393415774, -37.475759278090059 ], [ -72.32516908251138, -37.47575406501111 ], [ -72.325264510275844, -37.47575663230235 ], [ -72.325410353239832, -37.475765662607991 ], [ -72.3255152578745, -37.475782285466025 ], [ -72.325915887686705, -37.475895415574065 ], [ -72.326152618694479, -37.475940173444478 ], [ -72.326167138056519, -37.475942918130819 ], [ -72.326210830047344, -37.475943337152003 ], [ -72.326242707258217, -37.475943642702042 ], [ -72.326253257269897, -37.475943743736465 ], [ -72.326253451234052, -37.475943758041019 ], [ -72.326271370621356, -37.474973171754861 ], [ -72.326286620874242, -37.473538375679901 ], [ -72.326300696132208, -37.472834164960503 ], [ -72.326300970856522, -37.47282043190004 ], [ -72.32630282464703, -37.472727639335993 ], [ -72.32630310358698, -37.472713692806821 ], [ -72.326303395179494, -37.472699105872245 ], [ -72.32630355751543, -37.472690999524289 ], [ -72.326303809608461, -37.472678377024344 ], [ -72.326303813030023, -37.472678217604688 ], [ -72.326282203159522, -37.472672330601341 ], [ -72.326278624777871, -37.472671600770518 ], [ -72.326252710892305, -37.472666183102042 ], [ -72.326143610187856, -37.472643375312316 ], [ -72.326140647451268, -37.472642755837882 ], [ -72.326110767510272, -37.472636510314203 ], [ -72.326068172476582, -37.47262760691109 ], [ -72.326013321326315, -37.472616142515911 ], [ -72.325954527748337, -37.472603853503507 ], [ -72.325895525447308, -37.472591520987152 ], [ -72.325803413447787, -37.472572267749939 ], [ -72.325637724635911, -37.472537635744366 ], [ -72.325633633302033, -37.472536801461352 ], [ -72.325531176103922, -37.472515906160162 ], [ -72.325528082622128, -37.472515275599029 ], [ -72.325507559764233, -37.472511090048911 ], [ -72.325429985123634, -37.472494982681923 ], [ -72.325280848091168, -37.472464016863839 ], [ -72.325275425125525, -37.472462891080838 ], [ -72.325250258676732, -37.472457664941423 ], [ -72.325205793128021, -37.472448432303274 ], [ -72.324957093795646, -37.472396792784401 ], [ -72.324923181309089, -37.47238975093363 ], [ -72.324887714443506, -37.472382386402337 ], [ -72.324856589736541, -37.472375924029883 ], [ -72.324595802688663, -37.472321773331949 ], [ -72.324577471096475, -37.472317967079121 ], [ -72.324564844139331, -37.472315345285878 ], [ -72.324529791477886, -37.472308066627804 ], [ -72.324481363312486, -37.472298010424439 ], [ -72.324262806658467, -37.472253543179754 ], [ -72.324227184250361, -37.47224629567603 ], [ -72.32421404585196, -37.472243622606634 ], [ -72.324190494384766, -37.472238831133012 ], [ -72.323954383977437, -37.472190791802042 ], [ -72.323879712448658, -37.472175598969358 ], [ -72.323843035020786, -37.472168136403326 ], [ -72.323823362828747, -37.472164133845318 ], [ -72.323787999833684, -37.472156938046396 ], [ -72.323691750256984, -37.472137355106696 ], [ -72.323691717720791, -37.472137348061452 ], [ -72.323617517726319, -37.472122251357696 ], [ -72.323587263064454, -37.472115873254239 ], [ -72.323550051097286, -37.472108785960337 ], [ -72.323502808721116, -37.472099788912892 ], [ -72.323438410723284, -37.472087523907405 ], [ -72.32342115173762, -37.472084237402548 ], [ -72.323330307769339, -37.47206693577278 ], [ -72.323053342604865, -37.47201418744234 ], [ -72.323019115595585, -37.472007668673918 ], [ -72.322974703240419, -37.47199921046419 ], [ -72.322912470521359, -37.471987357413482 ], [ -72.32288106893219, -37.471981376649971 ], [ -72.322880687648166, -37.471982207842721 ], [ -72.322879126526828, -37.471986794257425 ], [ -72.322877792851372, -37.471990709994031 ], [ -72.322859902444264, -37.47204325467996 ], [ -72.322856372371774, -37.472053622149126 ], [ -72.322778692604984, -37.472281764596872 ], [ -72.322762003234686, -37.472330779802057 ], [ -72.322612924514218, -37.472768606115345 ], [ -72.322253557539071, -37.473403154047617 ], [ -72.322128054266614, -37.47365064864443 ], [ -72.321807715599064, -37.473950944610181 ], [ -72.321613407608467, -37.474114623468267 ], [ -72.321405248325888, -37.474163545557182 ], [ -72.321270229951281, -37.47417478765955 ], [ -72.321255764075261, -37.474199494184518 ], [ -72.321117310522979, -37.474435964253658 ], [ -72.321303324690433, -37.474504558110333 ], [ -72.321278098588948, -37.474582664655145 ], [ -72.321738717618885, -37.47463626623049 ], [ -72.321533766887725, -37.474816350656027 ], [ -72.321420930944925, -37.474915496821687 ], [ -72.321372592468762, -37.474954179832906 ], [ -72.321372527274306, -37.474954232420664 ] ] ] } },
{ "type": "Feature", "properties": { "zona": "15" }, "geometry": { "type": "Polygon", "coordinates": [ [ [ -72.339647352058208, -37.438796423840522 ], [ -72.339645936931291, -37.438897749085797 ], [ -72.339645345679187, -37.43894005598569 ], [ -72.339643947745358, -37.439040065980443 ], [ -72.33964315286299, -37.439096957431431 ], [ -72.339641455312858, -37.439218408240578 ], [ -72.339644901847294, -37.439257623327386 ], [ -72.339649815186817, -37.439313525056441 ], [ -72.339650125311081, -37.439317052718664 ], [ -72.339656201071193, -37.439386174832727 ], [ -72.339663647513675, -37.439470900979821 ], [ -72.339663741897354, -37.439471969130992 ], [ -72.339668656001777, -37.439527881688782 ], [ -72.339670602844677, -37.439550030920586 ], [ -72.33968624603942, -37.439728004881879 ], [ -72.339686186869869, -37.439729675127289 ], [ -72.339681740131795, -37.439855165905918 ], [ -72.339678960339498, -37.439933601683236 ], [ -72.339676495986282, -37.4400031649255 ], [ -72.339671515439321, -37.440143722120141 ], [ -72.339667980036481, -37.440243485709296 ], [ -72.339664339415634, -37.440346218821396 ], [ -72.339659274444543, -37.44048915666859 ], [ -72.339656678473673, -37.440562433159783 ], [ -72.339640373678463, -37.441022503161584 ], [ -72.339636058829001, -37.441144295083745 ], [ -72.339634369075284, -37.441191990256151 ], [ -72.339623090536577, -37.441286085291281 ], [ -72.339579180808613, -37.441652416209948 ], [ -72.339545751985199, -37.441931304196885 ], [ -72.339533012959251, -37.442037585499811 ], [ -72.339532429379787, -37.442047964070092 ], [ -72.339516021691935, -37.44233954022539 ], [ -72.339479468790373, -37.442989085712007 ], [ -72.339435814050901, -37.443075769589178 ], [ -72.339386334649348, -37.443174021475933 ], [ -72.339254281200922, -37.443436238113918 ], [ -72.339202842855897, -37.443538376464737 ], [ -72.339030457072866, -37.443867734944867 ], [ -72.338887964373185, -37.444139978764269 ], [ -72.338586444875517, -37.444716048731379 ], [ -72.338491127948359, -37.444898155437208 ], [ -72.338397923624029, -37.445076223987336 ], [ -72.33824109528085, -37.445375846957141 ], [ -72.338158293854235, -37.445534038555714 ], [ -72.338054643732903, -37.445732058243586 ], [ -72.337982476093103, -37.445869932135494 ], [ -72.337957544446596, -37.445917562951159 ], [ -72.337896352864632, -37.446034469125678 ], [ -72.337877236698972, -37.446070989540246 ], [ -72.337720077989886, -37.446371231443145 ], [ -72.337685425339416, -37.446437433201758 ], [ -72.337420027249749, -37.446944456507566 ], [ -72.337386723463666, -37.447008078933351 ], [ -72.337360422225117, -37.447058325313073 ], [ -72.337323222927964, -37.447129390546166 ], [ -72.337238273982521, -37.447291675427401 ], [ -72.337187185316054, -37.447389275400297 ], [ -72.336978855366823, -37.447706994875638 ], [ -72.336918273736231, -37.447799384865789 ], [ -72.3368685546248, -37.447875209390446 ], [ -72.336786944979679, -37.447999669947585 ], [ -72.336587812771697, -37.448203117943827 ], [ -72.33638867943867, -37.448406566456633 ], [ -72.336354512167617, -37.44844147385917 ], [ -72.33625208693033, -37.448586206493466 ], [ -72.336215793443102, -37.448626498740808 ], [ -72.336384170248834, -37.448769636274932 ], [ -72.336481582894578, -37.448863567984397 ], [ -72.336855080854292, -37.44922371983251 ], [ -72.336900356632242, -37.449267377192768 ], [ -72.336933567068982, -37.449299400273816 ], [ -72.337233260749244, -37.449597311751937 ], [ -72.337732819814761, -37.450093894795252 ], [ -72.33774589287232, -37.450106889855824 ], [ -72.337814610037285, -37.450175196435758 ], [ -72.337896690609114, -37.450256474829224 ], [ -72.338578399484291, -37.450931517529703 ], [ -72.338955148026372, -37.451304575341382 ], [ -72.339004438364412, -37.45135111404295 ], [ -72.339783734182404, -37.452086897151212 ], [ -72.339891791807034, -37.452188919167739 ], [ -72.339941928728663, -37.452236256026772 ], [ -72.339953175200463, -37.452246018847312 ], [ -72.339963843771685, -37.452255280243946 ], [ -72.340000170099614, -37.452229081096171 ], [ -72.3401826232774, -37.452100025771053 ], [ -72.340284840981951, -37.452027723317364 ], [ -72.34054662074179, -37.451843683392148 ], [ -72.340625230226337, -37.451788418119556 ], [ -72.340737428996505, -37.451709536560877 ], [ -72.34079383428606, -37.45166988140295 ], [ -72.340808399288719, -37.45165964103095 ], [ -72.340991074960272, -37.451533127862611 ], [ -72.341005540706064, -37.451525975167911 ], [ -72.341054028642944, -37.451502000418564 ], [ -72.341096604425516, -37.451480948238107 ], [ -72.34110420555389, -37.451477537420466 ], [ -72.341135488327396, -37.451467052515646 ], [ -72.341206809110432, -37.451443147497201 ], [ -72.341273887181401, -37.451420665307047 ], [ -72.341776094506628, -37.451327386228385 ], [ -72.341863478538414, -37.451313349167897 ], [ -72.34195722227949, -37.451313241402147 ], [ -72.341965834711615, -37.451313476689783 ], [ -72.342068611396286, -37.451316284504387 ], [ -72.342081477529391, -37.451316636241508 ], [ -72.342302470421487, -37.451355015895494 ], [ -72.342440835572091, -37.451315685011089 ], [ -72.342447137085387, -37.451313893909479 ], [ -72.342482364676044, -37.451270451559111 ], [ -72.342487124207565, -37.451220490660567 ], [ -72.342489113071366, -37.451126575689756 ], [ -72.342492194672062, -37.45098104214992 ], [ -72.342500993998499, -37.45056541675924 ], [ -72.34250639904775, -37.450310157501853 ], [ -72.342506645181658, -37.450298511564483 ], [ -72.342508750026212, -37.450199114076 ], [ -72.342520853077986, -37.449627445803742 ], [ -72.342520859475428, -37.449627169303966 ], [ -72.342521250138532, -37.449607417441946 ], [ -72.34252310595302, -37.449513583259332 ], [ -72.342527194729271, -37.449306862893273 ], [ -72.34253416519087, -37.448954432325962 ], [ -72.342539160721984, -37.448701817591697 ], [ -72.342546128923189, -37.448349442812052 ], [ -72.342547219428198, -37.448294306202214 ], [ -72.342551698668444, -37.448067796982819 ], [ -72.342561207795484, -37.447903763832819 ], [ -72.342578609304468, -37.447603581438869 ], [ -72.342581973964613, -37.447545534011276 ], [ -72.342589142742384, -37.44726902536587 ], [ -72.342595070650333, -37.447040374303917 ], [ -72.342592761089335, -37.446719355116286 ], [ -72.342591433758088, -37.446534838050511 ], [ -72.342585541026011, -37.446372493044123 ], [ -72.34256981546568, -37.445939273577387 ], [ -72.342561152966482, -37.445700634180042 ], [ -72.34255926201152, -37.445549601747445 ], [ -72.342555089656443, -37.445216449354803 ], [ -72.342553650122525, -37.445101549373646 ], [ -72.342514706610231, -37.445063395589727 ], [ -72.342170472821294, -37.444885925464234 ], [ -72.342076967976382, -37.444824215755602 ], [ -72.342004260800678, -37.444645190414718 ], [ -72.341988196540797, -37.44448842777588 ], [ -72.341981546232304, -37.444423530825993 ], [ -72.341926699515795, -37.44388833232312 ], [ -72.341901629046603, -37.443647607849137 ], [ -72.341908507614846, -37.443576470526452 ], [ -72.34184068167805, -37.442998300980292 ], [ -72.341809305268129, -37.442401010812574 ], [ -72.341840916708222, -37.442316289734983 ], [ -72.341812701616448, -37.44221552133348 ], [ -72.341903575700584, -37.441758265417 ], [ -72.342050549414211, -37.441335413258685 ], [ -72.342137623533915, -37.441166638304146 ], [ -72.342444219830256, -37.440795222438787 ], [ -72.342555159939977, -37.440643653058224 ], [ -72.342707135000722, -37.440537808695055 ], [ -72.342642064180822, -37.44036062706865 ], [ -72.342609727705579, -37.440262617247527 ], [ -72.342573170773761, -37.440151819274178 ], [ -72.342545439249079, -37.44009712719069 ], [ -72.342525501237247, -37.440056578723905 ], [ -72.34251183601593, -37.440028787980907 ], [ -72.342483962597967, -37.439979289454556 ], [ -72.342473290285682, -37.439960335754428 ], [ -72.342429192676917, -37.43986923238019 ], [ -72.342390897250709, -37.439773753037073 ], [ -72.342366396549323, -37.439754008785016 ], [ -72.342344886847684, -37.43973667203884 ], [ -72.342270825984585, -37.439683203752445 ], [ -72.342235377989184, -37.439657612677351 ], [ -72.342206876737691, -37.439651503344017 ], [ -72.342141443136882, -37.43963747652284 ], [ -72.342083486483162, -37.43961677480921 ], [ -72.342006824414057, -37.439589392041938 ], [ -72.341808554379227, -37.439551967068724 ], [ -72.341790018854979, -37.439548468085384 ], [ -72.341721592745131, -37.439529528359607 ], [ -72.341683699339313, -37.439519040737785 ], [ -72.341663818203443, -37.439514797762314 ], [ -72.341612895541942, -37.439503931266529 ], [ -72.341487884729233, -37.439523645594306 ], [ -72.341430039356325, -37.439536008184312 ], [ -72.341392515830066, -37.439544026999251 ], [ -72.341297625050899, -37.43955090227935 ], [ -72.34122682134749, -37.439535791678004 ], [ -72.341208804551215, -37.4395319104908 ], [ -72.341156722338511, -37.439520695996755 ], [ -72.341073603057652, -37.439514320175697 ], [ -72.341027274646223, -37.439486243622738 ], [ -72.341001100961037, -37.439472971126115 ], [ -72.340980784603929, -37.439462669016102 ], [ -72.340851084176578, -37.439455242575448 ], [ -72.340792438005678, -37.439435899820936 ], [ -72.340759860129168, -37.43935857201545 ], [ -72.340747980068997, -37.439305666489709 ], [ -72.340744606336727, -37.439290644547185 ], [ -72.340740815564885, -37.439270229921078 ], [ -72.340737850531184, -37.439254261992154 ], [ -72.340734523787646, -37.439236349411409 ], [ -72.340707644640986, -37.439223662916866 ], [ -72.340664357050315, -37.439203231309598 ], [ -72.340606416915435, -37.439183903461092 ], [ -72.340529648794444, -37.439177669361122 ], [ -72.340476010111772, -37.439176461612441 ], [ -72.340434166114107, -37.439163136222604 ], [ -72.340399880906162, -37.439152219404754 ], [ -72.340348224650441, -37.439115012319007 ], [ -72.34034570902611, -37.439112778565892 ], [ -72.340296181614562, -37.439068784395836 ], [ -72.340245997018386, -37.439014470193094 ], [ -72.340245152942089, -37.439013573494407 ], [ -72.340245126638337, -37.439013550374071 ], [ -72.340245088851134, -37.439013532401866 ], [ -72.340174997026779, -37.438980449042937 ], [ -72.340140505519287, -37.43896014053383 ], [ -72.340111343232678, -37.438942969879541 ], [ -72.340096928807355, -37.438910900599538 ], [ -72.340078607955448, -37.438870143051894 ], [ -72.340043377729543, -37.438831001583196 ], [ -72.34003307536824, -37.438819556028591 ], [ -72.340017517124295, -37.438810624281452 ], [ -72.339992233186848, -37.438796109133953 ], [ -72.339939781209935, -37.438781411064433 ], [ -72.339886302305018, -37.438775701048229 ], [ -72.339876147235131, -37.438776496914137 ], [ -72.339797060752574, -37.438782701462301 ], [ -72.339738163155616, -37.438790386143708 ], [ -72.339733416827031, -37.438790701868577 ], [ -72.33965596112948, -37.438795851794723 ], [ -72.339647352058208, -37.438796423840522 ] ] ] } },
{ "type": "Feature", "properties": { "zona": "20" }, "geometry": { "type": "Polygon", "coordinates": [ [ [ -72.339963843771685, -37.452255280243946 ], [ -72.340000395907794, -37.452287011002085 ], [ -72.34006029532236, -37.45233900841 ], [ -72.34115241786705, -37.453287047122764 ], [ -72.341318585631413, -37.453431289644286 ], [ -72.341473827463091, -37.453556981554534 ], [ -72.341799927002427, -37.453821006632225 ], [ -72.341967917935037, -37.453957019734261 ], [ -72.342343753256927, -37.454261308259177 ], [ -72.342492210945949, -37.454381504364896 ], [ -72.342876910558545, -37.454692964471541 ], [ -72.343176193521941, -37.454935267471399 ], [ -72.343759448061888, -37.455407470801333 ], [ -72.343800836660321, -37.455440863630578 ], [ -72.343808981215901, -37.455447433948912 ], [ -72.344018654703945, -37.455616599436802 ], [ -72.344086992837163, -37.455671734912826 ], [ -72.344267323478135, -37.455817224578226 ], [ -72.344363777498643, -37.455895042551177 ], [ -72.34446051525272, -37.455973089404161 ], [ -72.344482094017067, -37.455990498550079 ], [ -72.3445322807179, -37.456030988835423 ], [ -72.344861967301327, -37.456218568710803 ], [ -72.344952840467286, -37.456289906047765 ], [ -72.345153760710133, -37.456447631319207 ], [ -72.34577190126582, -37.456932874371184 ], [ -72.345834890592371, -37.456982321531221 ], [ -72.346670130118426, -37.457637973822834 ], [ -72.346671543477385, -37.457639082415859 ], [ -72.346686481862449, -37.457650809100741 ], [ -72.347057578298575, -37.457996510970254 ], [ -72.347085324173037, -37.458023364057098 ], [ -72.347221004313425, -37.458154679120454 ], [ -72.347253950182505, -37.458190037499818 ], [ -72.347377883526534, -37.45833191276629 ], [ -72.34748115750503, -37.458450137167624 ], [ -72.347549576418857, -37.458528460118721 ], [ -72.34772372228521, -37.458727815242298 ], [ -72.347731797876051, -37.458737060073936 ], [ -72.34784696310912, -37.458868895912794 ], [ -72.347912973327084, -37.458766671219465 ], [ -72.347915707155238, -37.458764258140427 ], [ -72.347930492520078, -37.458762030102868 ], [ -72.347938184125582, -37.45876087008093 ], [ -72.347942351537355, -37.458760241873406 ], [ -72.348035616471734, -37.458746184656 ], [ -72.348064388931661, -37.458747139868045 ], [ -72.348561871754626, -37.458763651405405 ], [ -72.349517740383092, -37.458795371681497 ], [ -72.350114307307791, -37.458815164704994 ], [ -72.350578217348342, -37.458834449495342 ], [ -72.350970328756489, -37.458850747709342 ], [ -72.350982407581341, -37.458851249344434 ], [ -72.351609407777829, -37.458877308027361 ], [ -72.352122331829818, -37.458898624012022 ], [ -72.352501857459941, -37.458914393442157 ], [ -72.352562801367384, -37.458916925762935 ], [ -72.352923831371072, -37.45893192685805 ], [ -72.35298534308761, -37.458934482501775 ], [ -72.353235736876613, -37.458944885085039 ], [ -72.353368236321131, -37.458950389512012 ], [ -72.353708200764729, -37.458964512396342 ], [ -72.354960280318394, -37.459009275213049 ], [ -72.35500207335852, -37.459010769077032 ], [ -72.355002044069195, -37.458984595364768 ], [ -72.355001906046851, -37.458862852642127 ], [ -72.355001767981349, -37.458741110817662 ], [ -72.355001274925655, -37.458306983856879 ], [ -72.355000783154708, -37.457873361527561 ], [ -72.355000322912119, -37.457467802591921 ], [ -72.35500010449843, -37.457275562439918 ], [ -72.354999999355329, -37.457183351967018 ], [ -72.354999918127774, -37.457111823659417 ], [ -72.354999672137708, -37.456894384830171 ], [ -72.354760191015501, -37.456872173531174 ], [ -72.35476704176692, -37.45626617343072 ], [ -72.354804440210103, -37.452957465320722 ], [ -72.354813692640377, -37.45287312121885 ], [ -72.354823936018093, -37.452597685833339 ], [ -72.354839322225075, -37.452183941619268 ], [ -72.353937768896444, -37.452163896992218 ], [ -72.353606576083962, -37.452142169890529 ], [ -72.353267930203771, -37.452077359826781 ], [ -72.352954163465412, -37.452070327634573 ], [ -72.352532567833322, -37.452068030550123 ], [ -72.352019558941166, -37.45211375047198 ], [ -72.351562356514407, -37.4521034984542 ], [ -72.351185836378392, -37.452095054274849 ], [ -72.350841645143007, -37.452187471143958 ], [ -72.350471566253233, -37.452250695630688 ], [ -72.350178756605416, -37.452158294449447 ], [ -72.349589101902751, -37.452087841701591 ], [ -72.349367255803386, -37.45201848855833 ], [ -72.349001215374159, -37.45196735674768 ], [ -72.348598055595147, -37.451951154140559 ], [ -72.34826560375042, -37.451965147472762 ], [ -72.347914717380135, -37.451993032084332 ], [ -72.347538198910485, -37.451984576305165 ], [ -72.347262060839427, -37.451928305140818 ], [ -72.347032262731531, -37.451830159360526 ], [ -72.346591982664037, -37.451848878801897 ], [ -72.346197030628517, -37.451854309877568 ], [ -72.345864579174503, -37.451868296446008 ], [ -72.345541849959204, -37.451861043127096 ], [ -72.345182504997751, -37.451874424200568 ], [ -72.344885153680409, -37.45191065539133 ], [ -72.344459514322011, -37.452022680742544 ], [ -72.34404258729019, -37.452142052653699 ], [ -72.343546239652198, -37.452223873931089 ], [ -72.343330834031889, -37.452226180735899 ], [ -72.342979075797871, -37.452025145757403 ], [ -72.342569880975702, -37.451672612470688 ], [ -72.342504058100275, -37.451528075933751 ], [ -72.342471147865666, -37.451455808129595 ], [ -72.342438236561421, -37.451383540292497 ], [ -72.342440835572091, -37.451315685011089 ], [ -72.342302470421487, -37.451355015895494 ], [ -72.342081477529391, -37.451316636241508 ], [ -72.342068611396286, -37.451316284504387 ], [ -72.341965834711615, -37.451313476689783 ], [ -72.34195722227949, -37.451313241402147 ], [ -72.341863478538414, -37.451313349167897 ], [ -72.341776094506628, -37.451327386228385 ], [ -72.341273887181401, -37.451420665307047 ], [ -72.341206809110432, -37.451443147497201 ], [ -72.341135488327396, -37.451467052515646 ], [ -72.34110420555389, -37.451477537420466 ], [ -72.341096604425516, -37.451480948238107 ], [ -72.341054028642944, -37.451502000418564 ], [ -72.341005540706064, -37.451525975167911 ], [ -72.340991074960272, -37.451533127862611 ], [ -72.340808399288719, -37.45165964103095 ], [ -72.34079383428606, -37.45166988140295 ], [ -72.340737428996505, -37.451709536560877 ], [ -72.340625230226337, -37.451788418119556 ], [ -72.34054662074179, -37.451843683392148 ], [ -72.340284840981951, -37.452027723317364 ], [ -72.3401826232774, -37.452100025771053 ], [ -72.340000170099614, -37.452229081096171 ], [ -72.339963843771685, -37.452255280243946 ] ] ] } },
{ "type": "Feature", "properties": { "zona": "9" }, "geometry": { "type": "Polygon", "coordinates": [ [ [ -72.385032672954353, -37.447480903427113 ], [ -72.385299416748424, -37.447334453461565 ], [ -72.385304445314688, -37.447331691988971 ], [ -72.385317603152089, -37.447324468772507 ], [ -72.385355299937899, -37.447303771748075 ], [ -72.385383123952053, -37.447288496313313 ], [ -72.386233499071523, -37.446821614841447 ], [ -72.386545463131711, -37.44665033455388 ], [ -72.387729777423047, -37.446000132127679 ], [ -72.388526820834642, -37.445562531989061 ], [ -72.389247400171328, -37.445166903940091 ], [ -72.390038555747552, -37.444732516209214 ], [ -72.392626506801449, -37.443311652876432 ], [ -72.392795632294735, -37.443218794133905 ], [ -72.392910378206892, -37.443155794988698 ], [ -72.393003818691582, -37.443053281314839 ], [ -72.393045328053205, -37.443007739746491 ], [ -72.393094437326454, -37.44282018109908 ], [ -72.393119305349842, -37.442725201166958 ], [ -72.393126584830426, -37.442697399766203 ], [ -72.393253389879774, -37.442213089813549 ], [ -72.393507730629963, -37.441241658605314 ], [ -72.393692334394288, -37.440536591228003 ], [ -72.393815060609356, -37.440067845754584 ], [ -72.394445133711301, -37.437661354137802 ], [ -72.394445142740565, -37.437661321896258 ], [ -72.394565055750377, -37.437203329533467 ], [ -72.394658790985048, -37.436845315919797 ], [ -72.394700009371419, -37.436699770528961 ], [ -72.394414142095997, -37.436385203373987 ], [ -72.391062148964153, -37.432991515525281 ], [ -72.381109615529965, -37.433133421041589 ], [ -72.381261168274122, -37.442118476918203 ], [ -72.381309897654361, -37.444150929134601 ], [ -72.381319943065222, -37.44626358675287 ], [ -72.381391564607696, -37.448668485673878 ], [ -72.380585169236511, -37.448638682782644 ], [ -72.380599329476922, -37.449928350848047 ], [ -72.380639662654175, -37.449892584832817 ], [ -72.380639721479355, -37.449892550993518 ], [ -72.380763469401131, -37.449824619164239 ], [ -72.38101736195992, -37.449685256398297 ], [ -72.381241215376647, -37.449562383567383 ], [ -72.381375214348253, -37.449488830959652 ], [ -72.381377688427449, -37.44948747284765 ], [ -72.381476582283184, -37.44943318913986 ], [ -72.381896322915182, -37.449202791078108 ], [ -72.382046750507314, -37.449120220227883 ], [ -72.382482653762125, -37.448880942621869 ], [ -72.382752078662605, -37.44873302520655 ], [ -72.383244405281687, -37.448462729262523 ], [ -72.383736728417674, -37.448192431119587 ], [ -72.383748430459846, -37.448049159628432 ], [ -72.383768856766338, -37.447799054452247 ], [ -72.384051019930652, -37.447810370543827 ], [ -72.384164114083362, -37.447814102740985 ], [ -72.384404551978591, -37.447825771649406 ], [ -72.385032672954353, -37.447480903427113 ] ] ] } },
{ "type": "Feature", "properties": { "zona": "12" }, "geometry": { "type": "Polygon", "coordinates": [ [ [ -72.362058564415065, -37.454798393946135 ], [ -72.362057375562188, -37.454820352082272 ], [ -72.362051822111866, -37.454922882134277 ], [ -72.362052497462585, -37.454926243989334 ], [ -72.362056635090141, -37.454946844162073 ], [ -72.362063682921615, -37.454981930006326 ], [ -72.36208550449534, -37.455090569276663 ], [ -72.362107711449354, -37.455199984005887 ], [ -72.362161349302326, -37.455464257638241 ], [ -72.362177113323227, -37.455541929674403 ], [ -72.362218104559801, -37.455740702048445 ], [ -72.362231913977269, -37.455834946219213 ], [ -72.362237369816171, -37.455834122800908 ], [ -72.36224683816917, -37.455880040123219 ], [ -72.362303689668977, -37.456155723385535 ], [ -72.362302022743592, -37.456155970008247 ], [ -72.362299981970253, -37.456156272260749 ], [ -72.362305677211083, -37.456191864947257 ], [ -72.362309859663796, -37.456191251882366 ], [ -72.36232603312051, -37.456264067879687 ], [ -72.362370979847171, -37.45648202062381 ], [ -72.362369922594283, -37.456482159212591 ], [ -72.362399741481809, -37.456622858750372 ], [ -72.362442764728925, -37.456838879750791 ], [ -72.362441306353588, -37.456839077866761 ], [ -72.362448444201576, -37.456896184624966 ], [ -72.362505972772155, -37.457156241212836 ], [ -72.362569264887952, -37.45747402173329 ], [ -72.362586798810497, -37.457560407439743 ], [ -72.362598273784954, -37.457616945117493 ], [ -72.362603204401267, -37.457641235052243 ], [ -72.362619104174314, -37.457719569674531 ], [ -72.36263459261788, -37.457795874791678 ], [ -72.362650322764253, -37.457873376588275 ], [ -72.362666241921005, -37.457951805352948 ], [ -72.362682270040651, -37.458030769111922 ], [ -72.362698358685179, -37.458110037898336 ], [ -72.362713611258869, -37.458185177991602 ], [ -72.362729216256071, -37.458262063316987 ], [ -72.362745888134057, -37.458344198975517 ], [ -72.362762665969854, -37.458426858747472 ], [ -72.362777782648109, -37.458501333471517 ], [ -72.36279439192478, -37.458583162243755 ], [ -72.362811068718273, -37.458665322331868 ], [ -72.362826749143025, -37.458742575182661 ], [ -72.362843214955348, -37.458823696065608 ], [ -72.362858113084357, -37.458897091759603 ], [ -72.362874624132317, -37.458978438928327 ], [ -72.362890991812563, -37.459059073709575 ], [ -72.362897174185164, -37.459089533633062 ], [ -72.362915752379621, -37.45918105917594 ], [ -72.362878188014847, -37.459181685563763 ], [ -72.362779529402658, -37.459183330187052 ], [ -72.362680871920602, -37.45918497475293 ], [ -72.362605038501428, -37.459214544716517 ], [ -72.362537397538503, -37.459240920192229 ], [ -72.362548638476412, -37.459302030339899 ], [ -72.362601216622352, -37.459304731991935 ], [ -72.362632663697752, -37.459338604613336 ], [ -72.362675052814566, -37.459384263165667 ], [ -72.362752840798777, -37.459898784884544 ], [ -72.362756814091711, -37.4599250692401 ], [ -72.362816359123272, -37.460318926931478 ], [ -72.362867370680462, -37.460656339664773 ], [ -72.362873567589602, -37.460697325016611 ], [ -72.363505448634527, -37.460709164043955 ], [ -72.363937545003267, -37.460717257524401 ], [ -72.36427380686834, -37.460723554730144 ], [ -72.364413101106351, -37.460726163475769 ], [ -72.364443180706772, -37.460726656370007 ], [ -72.364929660350256, -37.460734631668196 ], [ -72.365146324138038, -37.460738182851685 ], [ -72.365441429505921, -37.46074301957043 ], [ -72.36561297968899, -37.460745828360317 ], [ -72.365807281701748, -37.460749009243798 ], [ -72.365999886836008, -37.460752160970138 ], [ -72.366551267909344, -37.460761202300723 ], [ -72.366734504780581, -37.460764203388983 ], [ -72.366735957169681, -37.460742078964969 ], [ -72.366764235584625, -37.460311296017679 ], [ -72.366776552451753, -37.460123654979448 ], [ -72.366778468987789, -37.460094455372037 ], [ -72.366779254089906, -37.460082487041234 ], [ -72.366780099279083, -37.460069611718239 ], [ -72.366782027177678, -37.460040249260636 ], [ -72.366805682986893, -37.459679876059454 ], [ -72.366834854686118, -37.459235457319799 ], [ -72.366840385122316, -37.459151199464927 ], [ -72.366852976109612, -37.458959370668516 ], [ -72.366879826787823, -37.458550311552713 ], [ -72.366883952933705, -37.458487451085269 ], [ -72.366897378554157, -37.458282908001813 ], [ -72.366927959760886, -37.457773719888372 ], [ -72.366968798518087, -37.457093739823712 ], [ -72.366976293858357, -37.456968928330618 ], [ -72.367011423333096, -37.456383986722521 ], [ -72.367046932683053, -37.455792704202096 ], [ -72.367070440865561, -37.455401243151314 ], [ -72.367072009959699, -37.455387866710666 ], [ -72.366954367913067, -37.455358725619462 ], [ -72.366735259240343, -37.455328740390961 ], [ -72.366351552349116, -37.455276229131805 ], [ -72.363373162231156, -37.454868586803038 ], [ -72.363212846221487, -37.454799285020883 ], [ -72.362861022596221, -37.454764896641741 ], [ -72.362123197218523, -37.454801889478951 ], [ -72.362080222345526, -37.454804043851034 ], [ -72.362058564415065, -37.454798393946135 ] ] ] } },
{ "type": "Feature", "properties": { "zona": "22" }, "geometry": { "type": "Polygon", "coordinates": [ [ [ -72.330476187255755, -37.447931370777503 ], [ -72.330504522241682, -37.447956199934239 ], [ -72.330564015761695, -37.44800833343772 ], [ -72.330637328919977, -37.448072575792679 ], [ -72.330697239125982, -37.448125074590401 ], [ -72.330776826552608, -37.448194814911133 ], [ -72.330798471155987, -37.448213781508649 ], [ -72.330860617635437, -37.448268239333977 ], [ -72.331033849595329, -37.448420038465549 ], [ -72.33107178129967, -37.44845327732336 ], [ -72.331135672110847, -37.44850926217233 ], [ -72.331248002151654, -37.448607692955704 ], [ -72.331269072627904, -37.448626156288135 ], [ -72.331354872754048, -37.448701339694182 ], [ -72.331376181149267, -37.448720011135535 ], [ -72.331413319577351, -37.448752554321814 ], [ -72.331526020829287, -37.448851309528678 ], [ -72.331617237338691, -37.448931239665939 ], [ -72.331763089085484, -37.449059042341339 ], [ -72.331787244299761, -37.449080208341925 ], [ -72.331808805011732, -37.449099100775129 ], [ -72.33184161304348, -37.449127848711932 ], [ -72.331892245173876, -37.449172214685589 ], [ -72.332086703441547, -37.449342607920492 ], [ -72.332126173972128, -37.44937719323903 ], [ -72.332129295728507, -37.449379929264126 ], [ -72.332143273596017, -37.449392176715698 ], [ -72.332173131119234, -37.4494183383879 ], [ -72.332415575115263, -37.449630777151341 ], [ -72.33245272212254, -37.449663326522199 ], [ -72.332494437869897, -37.44969987911103 ], [ -72.33252970836233, -37.44973078388724 ], [ -72.332688992041241, -37.449870352848528 ], [ -72.332701158149234, -37.449881012999683 ], [ -72.33277773705835, -37.449948113176973 ], [ -72.332813995398709, -37.449979883626717 ], [ -72.332948339422586, -37.450097598304403 ], [ -72.332949758928663, -37.450098842364071 ], [ -72.332983950091133, -37.450128800791035 ], [ -72.332996026393388, -37.450139382289692 ], [ -72.333014957978619, -37.450155463123878 ], [ -72.333042163290941, -37.450178572078215 ], [ -72.333264322466547, -37.450367276108686 ], [ -72.333297846570474, -37.450395751464377 ], [ -72.333408138893958, -37.450489434013178 ], [ -72.33350015031742, -37.450567588364734 ], [ -72.333533896209318, -37.450596252490982 ], [ -72.333580458294804, -37.450635802210066 ], [ -72.333798574824442, -37.450821069944126 ], [ -72.333889352705455, -37.450898176087946 ], [ -72.333892669544426, -37.450900992165693 ], [ -72.33422645512799, -37.450656703157804 ], [ -72.334277412564887, -37.450619408062671 ], [ -72.334285253684754, -37.450613669209496 ], [ -72.334409134349386, -37.450523003162992 ], [ -72.334466878992529, -37.450480741019867 ], [ -72.334473662926683, -37.450475775782387 ], [ -72.334471966447808, -37.450451168511009 ], [ -72.334441084343865, -37.450414611511242 ], [ -72.33438175699338, -37.450365627659032 ], [ -72.334381682338133, -37.4503655655991 ], [ -72.334318030787955, -37.450313012108232 ], [ -72.334043253960658, -37.450086138589832 ], [ -72.333799680408717, -37.4498850280714 ], [ -72.333788170923626, -37.449874015198652 ], [ -72.333758323297346, -37.449845453570525 ], [ -72.333785202095413, -37.449832793218526 ], [ -72.333831272935257, -37.449811093573729 ], [ -72.334021100040175, -37.449721684157403 ], [ -72.334099642978543, -37.449673865896486 ], [ -72.334227252520492, -37.44959617467363 ], [ -72.334520901790071, -37.449371947745639 ], [ -72.334627376122285, -37.44929064407409 ], [ -72.335121923489069, -37.448913007646397 ], [ -72.335305889585868, -37.448772529027465 ], [ -72.33560032242768, -37.448547695190129 ], [ -72.335826203150475, -37.448375209203874 ], [ -72.335840828207367, -37.448364040842264 ], [ -72.335871598990508, -37.448340543532801 ], [ -72.335826572394637, -37.448301425839865 ], [ -72.335448018060347, -37.447972544522337 ], [ -72.334815642188531, -37.447423138478349 ], [ -72.334697282902297, -37.44732030727257 ], [ -72.334535320209412, -37.44719043154528 ], [ -72.33415944535102, -37.446889021416553 ], [ -72.334052430554181, -37.446795138737031 ], [ -72.333892378691019, -37.446662217153104 ], [ -72.33340722465654, -37.446259300371601 ], [ -72.333016878808479, -37.445933862374851 ], [ -72.332894145259417, -37.445833815118171 ], [ -72.33260536169341, -37.445598408446827 ], [ -72.332480555820354, -37.445494847368096 ], [ -72.332147537258905, -37.44521851467789 ], [ -72.332022616237651, -37.445114857713051 ], [ -72.331925903153433, -37.445034605501036 ], [ -72.331884289549905, -37.445067418611004 ], [ -72.331820633008448, -37.445117613716263 ], [ -72.331769425016148, -37.445220170140601 ], [ -72.331503717744113, -37.445752304832233 ], [ -72.331131958396512, -37.446496817510493 ], [ -72.33088562752495, -37.446990127632148 ], [ -72.330545679467278, -37.447670905531254 ], [ -72.330485242819989, -37.447634400411843 ], [ -72.330480793812967, -37.447780305224612 ], [ -72.330476187255755, -37.447931370777503 ] ] ] } },
{ "type": "Feature", "properties": { "zona": "51" }, "geometry": { "type": "Polygon", "coordinates": [ [ [ -72.332089610012844, -37.455519467711618 ], [ -72.332034386832717, -37.45549684835386 ], [ -72.331511197842872, -37.455282546560603 ], [ -72.331470568126861, -37.455265006483337 ], [ -72.331463702625484, -37.45526204256673 ], [ -72.331458253193887, -37.455259690066015 ], [ -72.330860340980308, -37.455001566117595 ], [ -72.330374605140491, -37.454791866221619 ], [ -72.330237728918021, -37.454732773889106 ], [ -72.330235909731684, -37.45474276489518 ], [ -72.330229782049017, -37.454776419144309 ], [ -72.330226544029173, -37.454794202470836 ], [ -72.330213249482341, -37.455313129827672 ], [ -72.330204055833576, -37.455671991708336 ], [ -72.330191361426159, -37.456167483711525 ], [ -72.330171492959877, -37.456942984998477 ], [ -72.330165041462251, -37.457194778667244 ], [ -72.330162757188575, -37.457283931235921 ], [ -72.330158534229085, -37.457448740053472 ], [ -72.330138408203211, -37.458234235055833 ], [ -72.33012535157367, -37.458651653183892 ], [ -72.330103365007375, -37.458882963725706 ], [ -72.330213681412118, -37.458939521149361 ], [ -72.330271545149557, -37.458969186530034 ], [ -72.330338216597113, -37.45900468026948 ], [ -72.330518529530977, -37.45910067117125 ], [ -72.330711697506473, -37.459183899705714 ], [ -72.330969282656, -37.459311650917044 ], [ -72.33125800214934, -37.459429370188509 ], [ -72.331324494473833, -37.459472118726801 ], [ -72.33135490511583, -37.459542775835935 ], [ -72.331357093833958, -37.45964054595315 ], [ -72.331350255249134, -37.459761545596685 ], [ -72.331437037751002, -37.459845080254453 ], [ -72.331520933992664, -37.459903674314738 ], [ -72.331611626271254, -37.459925715809604 ], [ -72.331733176760167, -37.460015190257757 ], [ -72.331836458323153, -37.46009157761155 ], [ -72.331929098943078, -37.460173636686285 ], [ -72.331931611593262, -37.46023020516467 ], [ -72.331949978620798, -37.460401322208625 ], [ -72.332025607027163, -37.460520476978807 ], [ -72.332101858606734, -37.460685955049783 ], [ -72.332201099527751, -37.460851929005898 ], [ -72.332304722347473, -37.460938826187018 ], [ -72.332399902504974, -37.461013375602818 ], [ -72.332540526782722, -37.46107691615687 ], [ -72.332604466305469, -37.46112517072816 ], [ -72.332644419488133, -37.461216726388891 ], [ -72.332703022861381, -37.461275716126373 ], [ -72.332761840761094, -37.461307238346599 ], [ -72.332771775272832, -37.461296388914576 ], [ -72.332930104321775, -37.46102798455604 ], [ -72.332982220801441, -37.460939634784253 ], [ -72.332999149502712, -37.460910935381513 ], [ -72.333002039838988, -37.460905820139928 ], [ -72.333006218534976, -37.460898424433772 ], [ -72.33301148482208, -37.460893252014237 ], [ -72.333021675626824, -37.460874616393262 ], [ -72.333156620110401, -37.460627832103313 ], [ -72.333330047373835, -37.460310670765388 ], [ -72.333672765041229, -37.459683903389127 ], [ -72.333741246459041, -37.45955866155488 ], [ -72.333834921562016, -37.459380308050974 ], [ -72.334131324623641, -37.458815965446568 ], [ -72.334183843734024, -37.458712057364224 ], [ -72.334311474502542, -37.45845953935693 ], [ -72.334327394764628, -37.458430588990858 ], [ -72.334435683208568, -37.458233674683449 ], [ -72.334542348015987, -37.458022241762549 ], [ -72.334665160161308, -37.457798036686789 ], [ -72.334676330567433, -37.457780057397635 ], [ -72.334753979973044, -37.457655081280414 ], [ -72.334838186204237, -37.457502739270161 ], [ -72.335152141759181, -37.456934737519624 ], [ -72.335171115502277, -37.456900410474368 ], [ -72.335122677186789, -37.456878140280395 ], [ -72.335067830315054, -37.456852922975585 ], [ -72.333821335042231, -37.456279806541453 ], [ -72.333657287686677, -37.456204379274844 ], [ -72.333534121712376, -37.456147748511441 ], [ -72.332978657735438, -37.455892346215386 ], [ -72.33280484602065, -37.455812426876371 ], [ -72.332804335738047, -37.45581221800694 ], [ -72.332653406201302, -37.455750397839459 ], [ -72.332376270584803, -37.455636884370399 ], [ -72.332295243806954, -37.455603696080921 ], [ -72.33221948474953, -37.455572665061489 ], [ -72.332089610012844, -37.455519467711618 ] ] ] } },
{ "type": "Feature", "properties": { "zona": "38" }, "geometry": { "type": "Polygon", "coordinates": [ [ [ -72.394366764393453, -37.466958594788665 ], [ -72.394056640478283, -37.466937857791812 ], [ -72.390611569261992, -37.466311406725318 ], [ -72.390461380597955, -37.466280581001129 ], [ -72.390200490009747, -37.466239266907571 ], [ -72.390096089555897, -37.46622273436514 ], [ -72.390006865456442, -37.466208605248617 ], [ -72.390009203133062, -37.466255702034438 ], [ -72.390009859115551, -37.466268920741555 ], [ -72.390012852776607, -37.46632923623406 ], [ -72.390017503661809, -37.466422930940048 ], [ -72.390022734786257, -37.4665283170701 ], [ -72.390025293562857, -37.46657988021844 ], [ -72.390028772900351, -37.466649990875325 ], [ -72.390029906885218, -37.466672835167245 ], [ -72.390036492662091, -37.466805512115322 ], [ -72.39003703035786, -37.466816346529576 ], [ -72.390042524728671, -37.466927035294205 ], [ -72.390048177864244, -37.467040927466556 ], [ -72.390049775623694, -37.467073123986431 ], [ -72.390067025834639, -37.467245871831224 ], [ -72.390069532526667, -37.467270984858992 ], [ -72.390071704126839, -37.467292731080832 ], [ -72.390083805489738, -37.467413916203782 ], [ -72.390091005224036, -37.467486017665863 ], [ -72.390104780124815, -37.467623963779005 ], [ -72.390115440201868, -37.467730717039146 ], [ -72.390118621625589, -37.467772735691852 ], [ -72.390123565694822, -37.467838019835987 ], [ -72.390125837990794, -37.46786801899502 ], [ -72.390139112667796, -37.468043322855678 ], [ -72.390142223977548, -37.468084400081892 ], [ -72.390143548581079, -37.468101895891152 ], [ -72.390151404660301, -37.468205635080437 ], [ -72.390163383411604, -37.468363823131632 ], [ -72.390169843464719, -37.468449130461906 ], [ -72.390173993549581, -37.46850392866606 ], [ -72.390188039508914, -37.468689401645719 ], [ -72.390190566415257, -37.468722774838419 ], [ -72.390191963140893, -37.468741220224892 ], [ -72.390209284137086, -37.468969956565111 ], [ -72.390217256624595, -37.469075227524854 ], [ -72.390220938734586, -37.469123849874826 ], [ -72.390225625537624, -37.469185742788184 ], [ -72.390236435531435, -37.469328492121079 ], [ -72.390255668127907, -37.469582458069276 ], [ -72.390263252508987, -37.46968260564914 ], [ -72.390274850678097, -37.469835752463695 ], [ -72.390276960079134, -37.469863611443245 ], [ -72.39028091337083, -37.469915814548457 ], [ -72.390291632067758, -37.470057357042073 ], [ -72.390314903357208, -37.470364653457878 ], [ -72.390315434794772, -37.470371671458992 ], [ -72.390325468080491, -37.470504156894954 ], [ -72.390326720813647, -37.47052069771793 ], [ -72.390326970217245, -37.4705239932415 ], [ -72.390333761445802, -37.470571448849419 ], [ -72.390365296287129, -37.470574010206064 ], [ -72.390526336743918, -37.470589209850644 ], [ -72.39058099469915, -37.470594368245756 ], [ -72.393673401761944, -37.470886192602777 ], [ -72.393785958707326, -37.470146363786355 ], [ -72.393794855290778, -37.470087886870765 ], [ -72.393865189004103, -37.4699677482986 ], [ -72.393991628839785, -37.469751770403555 ], [ -72.394042147352863, -37.469665476879143 ], [ -72.394093162462909, -37.469603223741579 ], [ -72.394128959865597, -37.469502076434175 ], [ -72.394129509259102, -37.46949303042949 ], [ -72.394130183408251, -37.469481922695898 ], [ -72.394130315056444, -37.469479760192897 ], [ -72.394142878431765, -37.469272816071665 ], [ -72.394157228858901, -37.469036424698373 ], [ -72.394185682733792, -37.468971244194449 ], [ -72.394203183093779, -37.468954573846247 ], [ -72.394224388848073, -37.468934373544904 ], [ -72.394321822885459, -37.468906542182687 ], [ -72.394369327716717, -37.468865843005844 ], [ -72.394372352382746, -37.468833574602549 ], [ -72.394353139270081, -37.468805521190532 ], [ -72.394289282892387, -37.468782329179227 ], [ -72.394224780912481, -37.468744850836138 ], [ -72.394216234801021, -37.468727375927578 ], [ -72.394200062948485, -37.468694311751783 ], [ -72.394260866330598, -37.468022131223485 ], [ -72.394339450021391, -37.467232916121169 ], [ -72.394366764393453, -37.466958594788665 ] ] ] } },
{ "type": "Feature", "properties": { "zona": "54" }, "geometry": { "type": "Polygon", "coordinates": [ [ [ -72.388002666626051, -37.474186996647035 ], [ -72.388047191565192, -37.474352940662435 ], [ -72.388191373910715, -37.474371475224061 ], [ -72.38852146072422, -37.474395372074213 ], [ -72.388676542667014, -37.474411896995626 ], [ -72.388817371289576, -37.474430737803218 ], [ -72.388926170648574, -37.474436428343601 ], [ -72.388946070053123, -37.474419413579156 ], [ -72.388935381849038, -37.47436823120362 ], [ -72.388890727840405, -37.474330002951021 ], [ -72.388837287606449, -37.474289045519711 ], [ -72.388779698962367, -37.474232534815741 ], [ -72.388775501321263, -37.474192607738161 ], [ -72.388679183467218, -37.474073322380605 ], [ -72.388646988255303, -37.47402275741409 ], [ -72.388641467741635, -37.473980007587258 ], [ -72.388641069793763, -37.473944738649244 ], [ -72.388655602307807, -37.473895692784197 ], [ -72.388697281434006, -37.473864936357053 ], [ -72.388761113446591, -37.47384784787215 ], [ -72.388829219344018, -37.473845891846111 ], [ -72.38891520319595, -37.473842469392729 ], [ -72.389002425912963, -37.473839965483762 ], [ -72.389069076599213, -37.473832327083755 ], [ -72.389151005057826, -37.473818535646892 ], [ -72.38921731248729, -37.473803282270687 ], [ -72.389261381628486, -37.473772457732757 ], [ -72.389270513663106, -37.47375794336071 ], [ -72.389340715087087, -37.47367482753527 ], [ -72.38939424527986, -37.473615125590179 ], [ -72.389469885794838, -37.473568138013803 ], [ -72.389570239985446, -37.47353855770767 ], [ -72.389610863854145, -37.473537391310927 ], [ -72.389658108337386, -37.47355033690593 ], [ -72.389697720217782, -37.473579711587419 ], [ -72.389713780117276, -37.473617391237894 ], [ -72.389751390921276, -37.473655404912776 ], [ -72.389790324751175, -37.473696241311963 ], [ -72.389838171617896, -37.473722518790304 ], [ -72.389884909685804, -37.4737507361939 ], [ -72.389915469313152, -37.473765114221813 ], [ -72.389945580703028, -37.473782171293095 ], [ -72.389989475126399, -37.473788460885181 ], [ -72.390064402999769, -37.4737779996236 ], [ -72.390146415470454, -37.473766108920877 ], [ -72.390232442967644, -37.473763638057491 ], [ -72.390310279390746, -37.47376521598337 ], [ -72.39041611359545, -37.473777432238236 ], [ -72.390476802323917, -37.473796666215748 ], [ -72.390579396675619, -37.473816602759875 ], [ -72.390733195373443, -37.47383125470499 ], [ -72.390761599181786, -37.472003049923494 ], [ -72.390710725069752, -37.471745621159855 ], [ -72.390628081354123, -37.471326553710028 ], [ -72.390585731689839, -37.471281877197441 ], [ -72.390570370780082, -37.471265672519102 ], [ -72.390459315138131, -37.471233415362441 ], [ -72.390342351906412, -37.471231421624367 ], [ -72.390322504563514, -37.471231083013372 ], [ -72.388025641188875, -37.471089436355626 ], [ -72.387512583804266, -37.47105779034775 ], [ -72.387188826559708, -37.471039895475577 ], [ -72.387148375000308, -37.471038165950347 ], [ -72.387149468061992, -37.471042132561116 ], [ -72.387158824165141, -37.471076106562535 ], [ -72.387173683506532, -37.471130058635367 ], [ -72.387361311345273, -37.471811332996467 ], [ -72.387374943414684, -37.471860828857139 ], [ -72.387514114034161, -37.472366146687108 ], [ -72.387514298293837, -37.472366829311234 ], [ -72.387557047991962, -37.472526165037841 ], [ -72.388002658622582, -37.474186966732859 ], [ -72.388002666626051, -37.474186996647035 ] ] ] } },
{ "type": "Feature", "properties": { "zona": "68" }, "geometry": { "type": "Polygon", "coordinates": [ [ [ -72.326472109829453, -37.466166780865706 ], [ -72.326532422275875, -37.466179931162223 ], [ -72.326565581572652, -37.466187160914949 ], [ -72.326796861062192, -37.46623758780855 ], [ -72.327064112070772, -37.466298570461355 ], [ -72.327577262189521, -37.46640311158496 ], [ -72.327975191701015, -37.466484177085214 ], [ -72.328086566913882, -37.466506946220569 ], [ -72.32905539318638, -37.466705004314079 ], [ -72.32961840949713, -37.466820098331965 ], [ -72.3296289679528, -37.466788578204657 ], [ -72.32966486567507, -37.466681411181206 ], [ -72.329845385680059, -37.466142501140631 ], [ -72.330368354909112, -37.466240156809071 ], [ -72.331159620255363, -37.463630647642702 ], [ -72.331356733309974, -37.463134418984552 ], [ -72.331502025071245, -37.462833716287982 ], [ -72.331659081534212, -37.462622686147988 ], [ -72.332761840761094, -37.461307238346599 ], [ -72.332703022861381, -37.461275716126373 ], [ -72.332644419488133, -37.461216726388891 ], [ -72.332604466305469, -37.46112517072816 ], [ -72.332540526782722, -37.46107691615687 ], [ -72.332399902504974, -37.461013375602818 ], [ -72.332304722347473, -37.460938826187018 ], [ -72.332201099527751, -37.460851929005898 ], [ -72.332101858606734, -37.460685955049783 ], [ -72.332025607027163, -37.460520476978807 ], [ -72.331949978620798, -37.460401322208625 ], [ -72.331931611593262, -37.46023020516467 ], [ -72.331929098943078, -37.460173636686285 ], [ -72.331836458323153, -37.46009157761155 ], [ -72.331733176760167, -37.460015190257757 ], [ -72.331611626271254, -37.459925715809604 ], [ -72.331520933992664, -37.459903674314738 ], [ -72.331437037751002, -37.459845080254453 ], [ -72.331350255249134, -37.459761545596685 ], [ -72.331357093833958, -37.45964054595315 ], [ -72.33135490511583, -37.459542775835935 ], [ -72.331324494473833, -37.459472118726801 ], [ -72.33125800214934, -37.459429370188509 ], [ -72.330969282656, -37.459311650917044 ], [ -72.330711697506473, -37.459183899705714 ], [ -72.330518529530977, -37.45910067117125 ], [ -72.330338216597113, -37.45900468026948 ], [ -72.330271545149557, -37.458969186530034 ], [ -72.330213681412118, -37.458939521149361 ], [ -72.330103365007375, -37.458882963725706 ], [ -72.330069733643228, -37.458864744234447 ], [ -72.329965848690918, -37.45880846275513 ], [ -72.329951022577532, -37.458745802742172 ], [ -72.329927422311954, -37.45868654159829 ], [ -72.329907321293177, -37.458637906232177 ], [ -72.32984924898615, -37.45860693384904 ], [ -72.329759369870402, -37.458603175939473 ], [ -72.329658400202874, -37.458598406635922 ], [ -72.329551905743827, -37.458553531594326 ], [ -72.329548360131184, -37.458522165567103 ], [ -72.329606836137927, -37.458384351058037 ], [ -72.329640490587494, -37.458293300056376 ], [ -72.329650138384707, -37.458228085471042 ], [ -72.329641799353027, -37.458088724022517 ], [ -72.329636700506995, -37.458038521084781 ], [ -72.329594760155814, -37.457934433650465 ], [ -72.32951764884227, -37.457765545490531 ], [ -72.329472759734315, -37.457675844334894 ], [ -72.32942153622129, -37.457623049306648 ], [ -72.329313553878791, -37.457500688586407 ], [ -72.329179580681384, -37.457408923083257 ], [ -72.32905118978438, -37.457341831894141 ], [ -72.32884874789417, -37.457263780532081 ], [ -72.328392726656531, -37.457122357934978 ], [ -72.328266985641363, -37.457038178519269 ], [ -72.328110744857938, -37.456972515300201 ], [ -72.327987403012756, -37.45693735741839 ], [ -72.327883566228664, -37.456915493370666 ], [ -72.327748415191977, -37.456888789934432 ], [ -72.327509450526719, -37.456786824168859 ], [ -72.327410500205048, -37.456713330019376 ], [ -72.327304045122261, -37.456632420069219 ], [ -72.327171380254157, -37.456392054598425 ], [ -72.327055078696645, -37.456196998001168 ], [ -72.326933021754527, -37.456087920752857 ], [ -72.326803631518459, -37.456002482163129 ], [ -72.326782833445179, -37.455995927941501 ], [ -72.326728297542317, -37.455978740085847 ], [ -72.32668060019509, -37.455954480061628 ], [ -72.326677316078118, -37.455952809842522 ], [ -72.326646800948311, -37.457482364076007 ], [ -72.326630058071558, -37.458321565267475 ], [ -72.326623426314825, -37.458653942985606 ], [ -72.326607742123912, -37.459743156333147 ], [ -72.326599452589846, -37.460318837237786 ], [ -72.326585801154081, -37.461266726697843 ], [ -72.326582770811882, -37.46145033059711 ], [ -72.326568402511171, -37.462320867279871 ], [ -72.32655998573081, -37.462830776316018 ], [ -72.326554811989425, -37.463027188757053 ], [ -72.326531604422286, -37.463908242082098 ], [ -72.326523202978265, -37.464227207824457 ], [ -72.326521433495657, -37.464294379213605 ], [ -72.326516587243404, -37.464478352828564 ], [ -72.326503287004414, -37.464983262594174 ], [ -72.326500393503096, -37.465093110551301 ], [ -72.326487627806216, -37.46557770863307 ], [ -72.326481524804933, -37.465809374986975 ], [ -72.32648148740796, -37.465810805110287 ], [ -72.326474406007847, -37.466079600456467 ], [ -72.326472109829453, -37.466166780865706 ] ] ] } },
{ "type": "Feature", "properties": { "zona": "86" }, "geometry": { "type": "Polygon", "coordinates": [ [ [ -72.326303813030023, -37.472678217604688 ], [ -72.326307251758777, -37.472679154232004 ], [ -72.326342168650427, -37.472688665856602 ], [ -72.326342973749334, -37.472688885035225 ], [ -72.326358683637963, -37.472693166913544 ], [ -72.326400271841536, -37.472704499345646 ], [ -72.326408994846858, -37.472706869445702 ], [ -72.326414641729784, -37.472708660763573 ], [ -72.326417061020209, -37.472709428324265 ], [ -72.32643286027961, -37.472714438514146 ], [ -72.326506984326471, -37.472737948145607 ], [ -72.326545282359007, -37.472744906816807 ], [ -72.3267539823145, -37.472782824499568 ], [ -72.327012450408773, -37.472829549564082 ], [ -72.327129894132128, -37.472850781036307 ], [ -72.32723722526444, -37.472870184007675 ], [ -72.327610701441884, -37.472937698213919 ], [ -72.327906974350228, -37.473001139265463 ], [ -72.328396836142971, -37.473106031743669 ], [ -72.328683532561996, -37.473167419514446 ], [ -72.328687939006883, -37.47316829686612 ], [ -72.329266007850975, -37.473283373332286 ], [ -72.329685111065515, -37.473367114842524 ], [ -72.330056603580985, -37.47344037067127 ], [ -72.330235475536213, -37.473041672924282 ], [ -72.329910583237876, -37.472924652749477 ], [ -72.330014674334819, -37.471177001536113 ], [ -72.330063047764952, -37.47020758487853 ], [ -72.330064829648748, -37.4701718797482 ], [ -72.330065070527013, -37.470167049812851 ], [ -72.330066588407448, -37.470136633663287 ], [ -72.33002647170018, -37.470128133769606 ], [ -72.329823686713368, -37.470085168001042 ], [ -72.329792374089351, -37.47007977411473 ], [ -72.329770284238137, -37.470059243700177 ], [ -72.329817678277152, -37.469917040909571 ], [ -72.330630068117273, -37.467479446047243 ], [ -72.330748858369688, -37.467122998184536 ], [ -72.330753193259952, -37.467109990353762 ], [ -72.330756197773454, -37.467102662817325 ], [ -72.330771288387382, -37.467065859965651 ], [ -72.32961840949713, -37.466820098331965 ], [ -72.32905539318638, -37.466705004314079 ], [ -72.328086566913882, -37.466506946220569 ], [ -72.327975191701015, -37.466484177085214 ], [ -72.327577262189521, -37.46640311158496 ], [ -72.327064112070772, -37.466298570461355 ], [ -72.326796861062192, -37.46623758780855 ], [ -72.326565581572652, -37.466187160914949 ], [ -72.326532422275875, -37.466179931162223 ], [ -72.326472109829453, -37.466166780865706 ], [ -72.326470968686991, -37.466272434141267 ], [ -72.326469715317529, -37.466388469318424 ], [ -72.326465464953827, -37.466781767246658 ], [ -72.326456051791141, -37.467652860602961 ], [ -72.326424615239134, -37.468250559046325 ], [ -72.326415343412378, -37.468588083147914 ], [ -72.326368191160697, -37.470304447198302 ], [ -72.32632945774445, -37.471714212714758 ], [ -72.326312165184063, -37.472343558252923 ], [ -72.326309752630991, -37.472431379340513 ], [ -72.326306062060127, -37.472565677970032 ], [ -72.326305584871477, -37.472589531360818 ], [ -72.326305406205634, -37.472598444737052 ], [ -72.32630483728181, -37.472626933181971 ], [ -72.326304322107077, -37.472652740228163 ], [ -72.326304037159659, -37.472666982186752 ], [ -72.326303973536255, -37.47267016257878 ], [ -72.326303828269886, -37.472677441189724 ], [ -72.326303813030023, -37.472678217604688 ] ] ] } },
{ "type": "Feature", "properties": { "zona": "93" }, "geometry": { "type": "Polygon", "coordinates": [ [ [ -72.338471635200051, -37.475641040228282 ], [ -72.338384729257598, -37.475970492661133 ], [ -72.338379201839871, -37.475991444256394 ], [ -72.338400277785439, -37.476022179716139 ], [ -72.338480640779238, -37.476139370978821 ], [ -72.338597891818949, -37.476310354033131 ], [ -72.338755653238721, -37.476540409854707 ], [ -72.338793379848781, -37.476595424431167 ], [ -72.338825911865683, -37.476642864284678 ], [ -72.338763901177572, -37.476905379090702 ], [ -72.338724126440596, -37.477073761676266 ], [ -72.338688634576116, -37.477224013911624 ], [ -72.338596767000411, -37.477612917418561 ], [ -72.338558353985562, -37.477775531035086 ], [ -72.338496119487132, -37.477888788831379 ], [ -72.338390005097295, -37.478081901911729 ], [ -72.338379254218552, -37.478101467879547 ], [ -72.338332656209886, -37.478305213931399 ], [ -72.338317343421068, -37.478372167636159 ], [ -72.338286114027937, -37.478508717011529 ], [ -72.338277267046223, -37.478547399796575 ], [ -72.338188319709261, -37.47894282247718 ], [ -72.338081696369073, -37.479416813974943 ], [ -72.338121832400418, -37.479434364248576 ], [ -72.338237962788384, -37.4794851442565 ], [ -72.338309930234715, -37.479478917956335 ], [ -72.338371331798513, -37.479476621986215 ], [ -72.338476928432954, -37.479466941865105 ], [ -72.33864951481047, -37.47947350218395 ], [ -72.338713220248124, -37.479485430707769 ], [ -72.338785168565522, -37.479505135982748 ], [ -72.338857118052928, -37.479524841240703 ], [ -72.338914146458706, -37.479549233878558 ], [ -72.338980067593639, -37.479577430472034 ], [ -72.339084934763065, -37.479643117075021 ], [ -72.339288839626533, -37.479740328917913 ], [ -72.339333386033644, -37.479773396258473 ], [ -72.339442488383881, -37.47990189562271 ], [ -72.339568348792113, -37.479987584738744 ], [ -72.33964997608139, -37.48001502469495 ], [ -72.339771958265871, -37.480045899670237 ], [ -72.339958470479147, -37.480074948310588 ], [ -72.340045935266815, -37.480104511878444 ], [ -72.340216666086377, -37.480166045732155 ], [ -72.34029752120459, -37.4802083822143 ], [ -72.340338487702113, -37.480225530533829 ], [ -72.340451969337849, -37.480258933795341 ], [ -72.340533647203344, -37.480287516000907 ], [ -72.340603896887444, -37.480349604641297 ], [ -72.34064976955591, -37.480412384116704 ], [ -72.340687081132771, -37.480508587767737 ], [ -72.340716356623133, -37.480585566232335 ], [ -72.340802975561857, -37.48072499944206 ], [ -72.340983159057785, -37.480820367535479 ], [ -72.341005824448089, -37.480856695523755 ], [ -72.34102162747044, -37.480896496854065 ], [ -72.341040857951626, -37.480944935067647 ], [ -72.341057794514924, -37.481030161926796 ], [ -72.341100275075121, -37.481145670215163 ], [ -72.341360224615926, -37.480268877600267 ], [ -72.341667930467793, -37.478931113161238 ], [ -72.341999638853522, -37.477422224311766 ], [ -72.34216895884235, -37.476696468703373 ], [ -72.342259646221649, -37.476303423692535 ], [ -72.342326140423964, -37.476015233108185 ], [ -72.342350333659184, -37.475910378577545 ], [ -72.342342939489285, -37.475886948023096 ], [ -72.342182733964421, -37.475854986505496 ], [ -72.342136230568826, -37.475845708916665 ], [ -72.342009307390441, -37.475820386049904 ], [ -72.341523452678004, -37.475723415566534 ], [ -72.341464000142608, -37.475711549214047 ], [ -72.341063582555762, -37.475631815885507 ], [ -72.341037926906765, -37.475626707324352 ], [ -72.34091114649685, -37.475601461293472 ], [ -72.340827692407728, -37.475584558423904 ], [ -72.340730189040244, -37.475564809644744 ], [ -72.340627632899299, -37.475544037756315 ], [ -72.340426710073075, -37.475505167074566 ], [ -72.340320020255589, -37.475484527090344 ], [ -72.34012934753062, -37.47544593365275 ], [ -72.340001009589031, -37.475419957705689 ], [ -72.339938674987494, -37.475407340814748 ], [ -72.339924745787769, -37.475404521002829 ], [ -72.339915062244586, -37.475402560985913 ], [ -72.339842202303856, -37.475387874049161 ], [ -72.339811927186801, -37.475381770846255 ], [ -72.339810960599181, -37.47538157605495 ], [ -72.339711132879529, -37.47536145237482 ], [ -72.339670619179699, -37.475353259451104 ], [ -72.339425643330202, -37.475303719228634 ], [ -72.339330624211968, -37.47528417756866 ], [ -72.339325176878219, -37.475283057283647 ], [ -72.339249027594818, -37.475267396548041 ], [ -72.338655382697056, -37.475145408738079 ], [ -72.338605095056664, -37.475135103708524 ], [ -72.338597712648337, -37.475163089068246 ], [ -72.338567270829174, -37.47527849455436 ], [ -72.338553641164808, -37.475330162794158 ], [ -72.338532558392941, -37.475410086027892 ], [ -72.338502474440673, -37.475524130762025 ], [ -72.338471635200051, -37.475641040228282 ] ] ] } },
{ "type": "Feature", "properties": { "zona": "1" }, "geometry": { "type": "Polygon", "coordinates": [ [ [ -72.343277531604784, -37.41304782838408 ], [ -72.343523416232102, -37.413039768471513 ], [ -72.343746905611241, -37.413008552965941 ], [ -72.34413428359673, -37.412940966400235 ], [ -72.344432581824904, -37.412890450390755 ], [ -72.344702880911143, -37.412820230234146 ], [ -72.345036312636907, -37.412722818404212 ], [ -72.345497641512978, -37.412529823358469 ], [ -72.345835913688475, -37.412324020762313 ], [ -72.345916426920596, -37.412244765223718 ], [ -72.346051633466985, -37.412085037770147 ], [ -72.346092578076636, -37.412038107799773 ], [ -72.346103597287311, -37.411963420488725 ], [ -72.346128433693011, -37.411876898190535 ], [ -72.346141018373629, -37.411676299418808 ], [ -72.34610447621148, -37.411499978193831 ], [ -72.346132840353775, -37.411338612000257 ], [ -72.346172514815137, -37.411230782469282 ], [ -72.346218953321468, -37.411134549143 ], [ -72.346297900506585, -37.41106574902502 ], [ -72.34639542205538, -37.411012625693246 ], [ -72.346522929264694, -37.4109906932431 ], [ -72.346778211398615, -37.410939205012447 ], [ -72.347192059923358, -37.410866480474574 ], [ -72.347499367753855, -37.410831417580042 ], [ -72.347704137766669, -37.410788330770799 ], [ -72.347892721342319, -37.410729619696262 ], [ -72.347990376980206, -37.410672683564243 ], [ -72.34808358939118, -37.410606109203229 ], [ -72.348213210578621, -37.41051563229329 ], [ -72.348282495343554, -37.410507330859026 ], [ -72.348505687793107, -37.410450349845377 ], [ -72.348604630428596, -37.410424002843236 ], [ -72.348776467655398, -37.410414351158273 ], [ -72.348889094929845, -37.410398996547137 ], [ -72.348991362437999, -37.410359567390991 ], [ -72.349161248800641, -37.41030973343014 ], [ -72.349267773947076, -37.410255498543876 ], [ -72.349434992071977, -37.410156789436499 ], [ -72.349662044290383, -37.410079320992999 ], [ -72.34944930603929, -37.408378534222322 ], [ -72.349893317813198, -37.407713693350381 ], [ -72.349972883382776, -37.407594554078216 ], [ -72.351708259485974, -37.407078153800633 ], [ -72.351738281469167, -37.407090058369803 ], [ -72.352500336581926, -37.406869922527974 ], [ -72.357070091126786, -37.405549717960973 ], [ -72.357196711643553, -37.405512396000027 ], [ -72.356208722503908, -37.402276770229605 ], [ -72.355988551811762, -37.400083200942987 ], [ -72.355967610361589, -37.398903891698694 ], [ -72.355963052493593, -37.398647228562766 ], [ -72.355962646459787, -37.398624368664649 ], [ -72.355950972929762, -37.39796696138189 ], [ -72.355715072739201, -37.395919720788463 ], [ -72.357187089515392, -37.394325243689288 ], [ -72.357297375019257, -37.394205778451195 ], [ -72.357487582912356, -37.394015892947806 ], [ -72.358493361094915, -37.394833629239209 ], [ -72.35955954265161, -37.393236466922311 ], [ -72.359572321632683, -37.393253436886511 ], [ -72.360587222088199, -37.3931470480494 ], [ -72.361463069466126, -37.393052199769684 ], [ -72.362129733552436, -37.392995517893134 ], [ -72.361614472746965, -37.390816735831343 ], [ -72.361217195822618, -37.390462483430369 ], [ -72.360809409597366, -37.39027720385792 ], [ -72.360528056144688, -37.390205353542633 ], [ -72.359271240749223, -37.389922902294792 ], [ -72.358550617829337, -37.391027169268966 ], [ -72.35812019400548, -37.391583805243073 ], [ -72.357812755846908, -37.392041859291282 ], [ -72.356284702384201, -37.394112967818693 ], [ -72.355837596725408, -37.394718098678787 ], [ -72.354923687777756, -37.395977981488947 ], [ -72.353909651018654, -37.397407280106869 ], [ -72.352844164273975, -37.398896213762043 ], [ -72.351631723417967, -37.400610730327706 ], [ -72.350289897844775, -37.402433199113865 ], [ -72.349330497652801, -37.403706319478907 ], [ -72.348029378710464, -37.405515367860573 ], [ -72.346868578535606, -37.407284634482565 ], [ -72.345924263366754, -37.408761915681389 ], [ -72.345467833666987, -37.409499117755431 ], [ -72.345103706075889, -37.410034541364439 ], [ -72.345019282320777, -37.410139933955158 ], [ -72.344841663731785, -37.410472119601408 ], [ -72.344548700084687, -37.411023445026565 ], [ -72.343968693629236, -37.411958138833427 ], [ -72.343277531604784, -37.41304782838408 ] ] ] } },
{ "type": "Feature", "properties": { "zona": "2" }, "geometry": { "type": "Polygon", "coordinates": [ [ [ -72.333487561598176, -37.422917018007055 ], [ -72.334053468176791, -37.422980137981462 ], [ -72.334120392573752, -37.422778989728634 ], [ -72.335295207852838, -37.422948549012325 ], [ -72.335721064058674, -37.422629076455877 ], [ -72.336677515351681, -37.42289108564993 ], [ -72.33690487586, -37.422963137673626 ], [ -72.337590206613555, -37.421867256945198 ], [ -72.338961585658083, -37.419609300894344 ], [ -72.34023290382828, -37.417642333838913 ], [ -72.34103085304929, -37.416379966833077 ], [ -72.342003429774124, -37.415017808858885 ], [ -72.342550911701167, -37.414222467679267 ], [ -72.343277531604784, -37.41304782838408 ], [ -72.343221114732543, -37.413049677593541 ], [ -72.343109251423243, -37.413053343687807 ], [ -72.34308276410728, -37.41305855125654 ], [ -72.342996077070964, -37.41307559471155 ], [ -72.342766326772178, -37.413148629709944 ], [ -72.342457017850805, -37.413307615300134 ], [ -72.342306752539542, -37.413432029775173 ], [ -72.342151070823974, -37.413506729743382 ], [ -72.341933804004213, -37.413564785191333 ], [ -72.341751776577283, -37.413599484823521 ], [ -72.3415582363087, -37.413636377968643 ], [ -72.34152212399492, -37.413643261859711 ], [ -72.341243272762355, -37.413684671480503 ], [ -72.341001235536709, -37.413766963954103 ], [ -72.34088819333158, -37.413785400541975 ], [ -72.340600814866391, -37.413770747939168 ], [ -72.34046779728493, -37.413762346870037 ], [ -72.340389660225995, -37.413757411414636 ], [ -72.340212130918246, -37.413724216539343 ], [ -72.340264399089776, -37.413821079065926 ], [ -72.340278373689415, -37.41384697657233 ], [ -72.34028028965335, -37.413883024095597 ], [ -72.340284077776019, -37.413954281912829 ], [ -72.34030943479361, -37.414431335318262 ], [ -72.340323959256992, -37.414704585554105 ], [ -72.340336498483452, -37.414940489985881 ], [ -72.340338668926023, -37.414981319186722 ], [ -72.340298575380004, -37.414990320813608 ], [ -72.34021513243043, -37.41500905542766 ], [ -72.340167963367151, -37.415007390614974 ], [ -72.339872167201506, -37.4149969513389 ], [ -72.339293838888864, -37.414976537801273 ], [ -72.338424644087112, -37.414945852657127 ], [ -72.337976084532528, -37.414930014209268 ], [ -72.337876280110009, -37.414941731808128 ], [ -72.337745321213589, -37.414989188679755 ], [ -72.337575500583412, -37.415205187015736 ], [ -72.337527721810972, -37.415265957918805 ], [ -72.337142287483545, -37.415756193722494 ], [ -72.337001329147085, -37.415935477557774 ], [ -72.336698753715027, -37.416320317059373 ], [ -72.336608550222621, -37.416435044637893 ], [ -72.336278790066302, -37.416854451716837 ], [ -72.336203270016341, -37.416950501756133 ], [ -72.335963445925813, -37.417255519733558 ], [ -72.335720387597007, -37.417564646347806 ], [ -72.335506631102035, -37.417836505071577 ], [ -72.335260872471054, -37.418149061598541 ], [ -72.335214487194392, -37.418208053459523 ], [ -72.335031966564927, -37.418441881994141 ], [ -72.334848378396643, -37.41867707566692 ], [ -72.334698379012465, -37.418869238627614 ], [ -72.334491680324803, -37.419134035692274 ], [ -72.334281389114025, -37.419403432623824 ], [ -72.334103084462001, -37.419631850672602 ], [ -72.333858540177047, -37.419945122577467 ], [ -72.333630072133815, -37.420237797597977 ], [ -72.333435686123707, -37.420486810762036 ], [ -72.333352953729943, -37.420592791274643 ], [ -72.333027456958391, -37.421009753431008 ], [ -72.332903697929041, -37.421168288022344 ], [ -72.332879856787656, -37.421198827625936 ], [ -72.332805259453991, -37.421292469406218 ], [ -72.332574799278888, -37.421581760367886 ], [ -72.333541064333446, -37.421646490468618 ], [ -72.333529747216019, -37.421722064375324 ], [ -72.333512326651828, -37.421818970627726 ], [ -72.333419530957329, -37.422335145948246 ], [ -72.333357304233758, -37.422681283889162 ], [ -72.333640250270406, -37.422705535355149 ], [ -72.333487561598176, -37.422917018007055 ] ] ] } },
{ "type": "Feature", "properties": { "zona": "2" }, "geometry": { "type": "Polygon", "coordinates": [ [ [ -72.339754894218729, -37.423759051220379 ], [ -72.336761724592165, -37.42319203851298 ], [ -72.336610982195651, -37.42343307642831 ], [ -72.334970700282895, -37.425935278613572 ], [ -72.334228593662957, -37.427134486589871 ], [ -72.333660457062209, -37.427979983218414 ], [ -72.332984593665998, -37.429080539729625 ], [ -72.332382942382495, -37.430111241464864 ], [ -72.331716508854115, -37.431197698369985 ], [ -72.330845013657552, -37.432501248736656 ], [ -72.329403067602584, -37.434739641358739 ], [ -72.329409648570717, -37.434740320009212 ], [ -72.329473005617913, -37.434746229221872 ], [ -72.329602830576817, -37.434758338649651 ], [ -72.329702288084988, -37.434767614956073 ], [ -72.330434623430492, -37.434835918972212 ], [ -72.331335452388899, -37.433444042580078 ], [ -72.331752696463766, -37.432799334200958 ], [ -72.331754922737886, -37.432795894454571 ], [ -72.331786331001155, -37.43274736315886 ], [ -72.331718450387939, -37.432722221357167 ], [ -72.332183883591199, -37.432030108768316 ], [ -72.332287274137215, -37.432069758309133 ], [ -72.332553221947364, -37.43165542975369 ], [ -72.332690798180195, -37.431441092606512 ], [ -72.331990441951362, -37.431129394908623 ], [ -72.332053178945912, -37.43103703238063 ], [ -72.332376847251396, -37.430560515789814 ], [ -72.33242512244523, -37.430487768229007 ], [ -72.332974907371039, -37.43080495058129 ], [ -72.334124920291572, -37.429601732754136 ], [ -72.334554050351016, -37.429152736504115 ], [ -72.334557298667093, -37.429149337783848 ], [ -72.33456348361058, -37.42915294936244 ], [ -72.335282149711787, -37.42957257370356 ], [ -72.335374292548082, -37.429469746517093 ], [ -72.33561229559345, -37.429176610749387 ], [ -72.33590200313526, -37.428819789609406 ], [ -72.335995818463317, -37.428715536198098 ], [ -72.336081584081299, -37.428620227725318 ], [ -72.33650986782429, -37.427952289284853 ], [ -72.336667734833441, -37.427706081396849 ], [ -72.336677351242514, -37.427691082782111 ], [ -72.336693823459029, -37.427665392845277 ], [ -72.336736340460689, -37.427576215890916 ], [ -72.336736389260764, -37.427576114263353 ], [ -72.336754718060149, -37.427537670254409 ], [ -72.33962061412609, -37.428098385986551 ], [ -72.339631890133575, -37.428078147531124 ], [ -72.339813456747478, -37.427752259273504 ], [ -72.339961838459828, -37.427455073890457 ], [ -72.340021119788375, -37.427336341528175 ], [ -72.340188096265436, -37.427001905833677 ], [ -72.340253100091374, -37.426871710153883 ], [ -72.340296014702616, -37.426785755085909 ], [ -72.340448670849824, -37.426479998239977 ], [ -72.340527525613908, -37.426322056890427 ], [ -72.340552561063859, -37.426271912582116 ], [ -72.340589559598186, -37.426197807320712 ], [ -72.34062239399853, -37.426132042803061 ], [ -72.340671483209491, -37.426033719007684 ], [ -72.340673104287148, -37.426030472713812 ], [ -72.340714248398143, -37.425948062274628 ], [ -72.340721129241444, -37.425934280419732 ], [ -72.340747639587946, -37.425881181144703 ], [ -72.340755119980102, -37.425866198071589 ], [ -72.340888876207757, -37.425598288457174 ], [ -72.340889543896878, -37.42559695000147 ], [ -72.341211958862118, -37.424951153052021 ], [ -72.341551881888265, -37.424270272794189 ], [ -72.341583943102691, -37.424195206299657 ], [ -72.341605536193342, -37.424139515351243 ], [ -72.341522010202539, -37.42412234361494 ], [ -72.339754894218729, -37.423759051220379 ] ] ] } },
{ "type": "Feature", "properties": { "zona": "2" }, "geometry": { "type": "Polygon", "coordinates": [ [ [ -72.333487561598176, -37.422917018007055 ], [ -72.333480213355088, -37.422927195207123 ], [ -72.333312077383297, -37.423160070272637 ], [ -72.333054472940589, -37.423516861409126 ], [ -72.332676893693431, -37.424039813057988 ], [ -72.332391815107329, -37.424434643932145 ], [ -72.332366918610319, -37.424469125398851 ], [ -72.332137001858882, -37.424844215955595 ], [ -72.331977182933457, -37.425104943861086 ], [ -72.331807616629675, -37.42538157150193 ], [ -72.331689406325552, -37.425459964397916 ], [ -72.331551203548983, -37.425551615200341 ], [ -72.331410977875763, -37.425737781004088 ], [ -72.331248364232479, -37.425953667115841 ], [ -72.331016455074277, -37.426261548846441 ], [ -72.330672695521017, -37.426717915953418 ], [ -72.331720966708517, -37.42727411800967 ], [ -72.331674648195772, -37.427335562628507 ], [ -72.33163075812945, -37.427393785610825 ], [ -72.331487223552614, -37.427584191225556 ], [ -72.330795084609079, -37.428502335484723 ], [ -72.331297354282185, -37.42883844125668 ], [ -72.332001599944604, -37.429309694634291 ], [ -72.332109914704503, -37.429382174271872 ], [ -72.331894317801527, -37.429666986863815 ], [ -72.331803623353679, -37.429786796733353 ], [ -72.33131405881241, -37.430433517883444 ], [ -72.330778537329493, -37.431140933126599 ], [ -72.330331849513442, -37.431730987593156 ], [ -72.329935307500094, -37.432254791644539 ], [ -72.329697981850956, -37.432593123563102 ], [ -72.329678940022347, -37.432620270041738 ], [ -72.329498778373363, -37.432877106171723 ], [ -72.329242007712068, -37.433243152923311 ], [ -72.328923188427197, -37.433650882946864 ], [ -72.328633995739651, -37.434020718686583 ], [ -72.328456042915306, -37.434248293229189 ], [ -72.328445654935109, -37.434262959178874 ], [ -72.328224540222479, -37.434575131856548 ], [ -72.32800946425499, -37.434878775525398 ], [ -72.327936623339937, -37.434981610638545 ], [ -72.328004559068873, -37.435003697473164 ], [ -72.328011340028951, -37.435005901814158 ], [ -72.328684559940186, -37.435224771092209 ], [ -72.328874210085218, -37.435286427040275 ], [ -72.32889521221297, -37.435293254870778 ], [ -72.328943838856887, -37.435309063463698 ], [ -72.32900069099567, -37.435327546029839 ], [ -72.329026686405967, -37.435336388111267 ], [ -72.329043161520886, -37.43531055071945 ], [ -72.329131948254101, -37.435168954303563 ], [ -72.329151066922208, -37.435138464720502 ], [ -72.329318862160179, -37.434870682252608 ], [ -72.329320831701125, -37.434867539527055 ], [ -72.32932159846645, -37.434866315122029 ], [ -72.32934944426755, -37.434823018778978 ], [ -72.32936789170418, -37.434794335141248 ], [ -72.329403067602584, -37.434739641358739 ], [ -72.330845013657552, -37.432501248736656 ], [ -72.331716508854115, -37.431197698369985 ], [ -72.332382942382495, -37.430111241464864 ], [ -72.332984593665998, -37.429080539729625 ], [ -72.333660457062209, -37.427979983218414 ], [ -72.334228593662957, -37.427134486589871 ], [ -72.334970700282895, -37.425935278613572 ], [ -72.336610982195651, -37.42343307642831 ], [ -72.33690487586, -37.422963137673626 ], [ -72.336677515351681, -37.42289108564993 ], [ -72.335721064058674, -37.422629076455877 ], [ -72.335295207852838, -37.422948549012325 ], [ -72.334120392573752, -37.422778989728634 ], [ -72.334053468176791, -37.422980137981462 ], [ -72.333487561598176, -37.422917018007055 ] ] ] } },
{ "type": "Feature", "properties": { "zona": "8" }, "geometry": { "type": "Polygon", "coordinates": [ [ [ -72.380599329476922, -37.449928350848047 ], [ -72.380580498680843, -37.44992774306732 ], [ -72.380575928463969, -37.449927594846713 ], [ -72.37795022600163, -37.451368815496309 ], [ -72.377948233620643, -37.451369905780481 ], [ -72.377849411838739, -37.451424147483245 ], [ -72.377766542656417, -37.451469308506454 ], [ -72.377606371666161, -37.451556595545746 ], [ -72.377354637087393, -37.451693776475039 ], [ -72.377182360802337, -37.451787657979665 ], [ -72.375935764692841, -37.452466984800921 ], [ -72.375742122800247, -37.452572507753501 ], [ -72.37525259289319, -37.452839274074996 ], [ -72.375035210787388, -37.452752844839722 ], [ -72.375019027966289, -37.45274641156724 ], [ -72.375011739241387, -37.452743513747059 ], [ -72.374988268830876, -37.452734182675037 ], [ -72.374879246913025, -37.452690836607978 ], [ -72.372018525033468, -37.451553397187077 ], [ -72.370852366395383, -37.451089696657959 ], [ -72.370397213319706, -37.450908709218979 ], [ -72.370387452378679, -37.450904828815574 ], [ -72.370228691607025, -37.45084170245147 ], [ -72.37006284913879, -37.450773142996873 ], [ -72.369070069169155, -37.450362723344071 ], [ -72.367546855890964, -37.449732995193621 ], [ -72.367078399357297, -37.449539328903747 ], [ -72.366981699349324, -37.449499351121531 ], [ -72.36698176829384, -37.44950547399602 ], [ -72.366981839851078, -37.449510748970781 ], [ -72.366981884415495, -37.449514054387137 ], [ -72.366982053363159, -37.449526703631086 ], [ -72.366982496423333, -37.449559670327901 ], [ -72.366982981606611, -37.449595915352745 ], [ -72.366984007845488, -37.449672451794477 ], [ -72.366984411659686, -37.449702573667473 ], [ -72.366984891345993, -37.449738298620375 ], [ -72.366987159708884, -37.449907580329729 ], [ -72.36698912197572, -37.450053879246376 ], [ -72.366993221241302, -37.450308431898073 ], [ -72.366997556776226, -37.450577677231905 ], [ -72.366998087258864, -37.450697026735476 ], [ -72.367000523160868, -37.45079118363595 ], [ -72.36700541293682, -37.45098017728175 ], [ -72.367005824441705, -37.45099609400026 ], [ -72.367039269312684, -37.451461855706761 ], [ -72.367084655006082, -37.452093897665883 ], [ -72.367084467476971, -37.452137945833748 ], [ -72.367084253911102, -37.452187892178614 ], [ -72.3670833266697, -37.4524049351554 ], [ -72.367082568196295, -37.452582395512898 ], [ -72.367083533498558, -37.452651548559516 ], [ -72.367084965392635, -37.452729666476223 ], [ -72.367087308836417, -37.452878824093013 ], [ -72.367088774523666, -37.453009502615124 ], [ -72.367088893841256, -37.453020086272105 ], [ -72.367090004796836, -37.453046449990183 ], [ -72.367097904132592, -37.453233944522353 ], [ -72.367114778051047, -37.453634415193733 ], [ -72.367136596208653, -37.454152243087293 ], [ -72.367147905294587, -37.454420667837859 ], [ -72.367138714588762, -37.454819106561359 ], [ -72.367072009959699, -37.455387866710666 ], [ -72.367070440865561, -37.455401243151314 ], [ -72.367046932683053, -37.455792704202096 ], [ -72.367011423333096, -37.456383986722521 ], [ -72.366976293858357, -37.456968928330618 ], [ -72.366968798518087, -37.457093739823712 ], [ -72.366927959760886, -37.457773719888372 ], [ -72.366897378554157, -37.458282908001813 ], [ -72.366883952933705, -37.458487451085269 ], [ -72.366879826787823, -37.458550311552713 ], [ -72.366852976109612, -37.458959370668516 ], [ -72.366840385122316, -37.459151199464927 ], [ -72.366834854686118, -37.459235457319799 ], [ -72.366805682986893, -37.459679876059454 ], [ -72.366782027177678, -37.460040249260636 ], [ -72.366780099279083, -37.460069611718239 ], [ -72.366779254089906, -37.460082487041234 ], [ -72.366778468987789, -37.460094455372037 ], [ -72.366776552451753, -37.460123654979448 ], [ -72.366764235584625, -37.460311296017679 ], [ -72.366735957169681, -37.460742078964969 ], [ -72.366734504780581, -37.460764203388983 ], [ -72.366842026236085, -37.46076596380771 ], [ -72.367056305407388, -37.460769472729723 ], [ -72.367334312995325, -37.460774024429938 ], [ -72.36749616365536, -37.460776106913293 ], [ -72.367614296090309, -37.460776110784309 ], [ -72.367621343270542, -37.460776111077315 ], [ -72.367660157044384, -37.460776112089036 ], [ -72.367922052510551, -37.46077611933913 ], [ -72.368047850313886, -37.460772647679747 ], [ -72.368088650881859, -37.460773598459383 ], [ -72.368109554818204, -37.460770930236507 ], [ -72.368179032369511, -37.460768822790868 ], [ -72.368254822266508, -37.460766523464045 ], [ -72.368497743174089, -37.460754218055349 ], [ -72.368556425944547, -37.460748536585989 ], [ -72.368816539044857, -37.460723353581351 ], [ -72.369001869780334, -37.460692398413798 ], [ -72.369188718537956, -37.460658380510239 ], [ -72.369234160755809, -37.460650106769158 ], [ -72.369360448971236, -37.460625415963968 ], [ -72.369698270725976, -37.460560132774674 ], [ -72.369821442569773, -37.460527589054784 ], [ -72.370024315543219, -37.460473932577585 ], [ -72.37014934851598, -37.460436820711251 ], [ -72.370239510849657, -37.460410059267581 ], [ -72.370355609732954, -37.4603744964082 ], [ -72.370595465110924, -37.460289714000382 ], [ -72.370804884527288, -37.460202821592596 ], [ -72.37091781493713, -37.460155267561611 ], [ -72.371058392195835, -37.460086870426345 ], [ -72.37107796169569, -37.460075464405939 ], [ -72.371509362382241, -37.459824033263601 ], [ -72.371574208557007, -37.459782266782703 ], [ -72.371654737051585, -37.45973039986611 ], [ -72.371878952183081, -37.459585986241912 ], [ -72.371958411648365, -37.459534807207049 ], [ -72.372135277338771, -37.459440570963253 ], [ -72.37257302788953, -37.459207328412042 ], [ -72.372713499849922, -37.459132481157909 ], [ -72.372735829576328, -37.459120583871581 ], [ -72.372853971503943, -37.459057634625488 ], [ -72.372920503309672, -37.459022183910271 ], [ -72.372989458974601, -37.458983301526395 ], [ -72.372994754373295, -37.458980315850518 ], [ -72.373392714910182, -37.458755913561895 ], [ -72.37399107955207, -37.458418501141864 ], [ -72.374394342727769, -37.458227694558822 ], [ -72.374438771847082, -37.458206672371645 ], [ -72.37448893213714, -37.458186909396304 ], [ -72.374648305098049, -37.458124117098755 ], [ -72.375167893957794, -37.457848366603535 ], [ -72.375270512792696, -37.457792262617389 ], [ -72.376423819439992, -37.457161718353241 ], [ -72.376466978631228, -37.457138121488875 ], [ -72.376958590375821, -37.456867967207394 ], [ -72.377608465303567, -37.456510836893862 ], [ -72.377891393087992, -37.456354407335446 ], [ -72.378089931345627, -37.45624463637899 ], [ -72.378536501505366, -37.455997725509604 ], [ -72.3789670461002, -37.455759672141347 ], [ -72.378985508879325, -37.455749463931397 ], [ -72.380748668222225, -37.454774558569646 ], [ -72.380759259642602, -37.454768696449257 ], [ -72.380750977623507, -37.454750651544025 ], [ -72.380749005359732, -37.454687936271711 ], [ -72.380744966460242, -37.454559509189828 ], [ -72.380599329476922, -37.449928350848047 ] ] ] } },
{ "type": "Feature", "properties": { "zona": "9" }, "geometry": { "type": "Polygon", "coordinates": [ [ [ -72.384718612610499, -37.447653337973129 ], [ -72.384404551978591, -37.447825771649406 ], [ -72.384164114083362, -37.447814102740985 ], [ -72.384051019930652, -37.447810370543827 ], [ -72.383768856766338, -37.447799054452247 ], [ -72.383748430459846, -37.448049159628432 ], [ -72.383736728417674, -37.448192431119587 ], [ -72.383244405281687, -37.448462729262523 ], [ -72.382752078662605, -37.44873302520655 ], [ -72.382482653762125, -37.448880942621869 ], [ -72.382046750507314, -37.449120220227883 ], [ -72.381896322915182, -37.449202791078108 ], [ -72.381476582283184, -37.44943318913986 ], [ -72.381377688427449, -37.44948747284765 ], [ -72.381375214348253, -37.449488830959652 ], [ -72.381241215376647, -37.449562383567383 ], [ -72.38101736195992, -37.449685256398297 ], [ -72.380763469401131, -37.449824619164239 ], [ -72.380639721479355, -37.449892550993518 ], [ -72.380639662654175, -37.449892584832817 ], [ -72.380599329476922, -37.449928350848047 ], [ -72.380744966460242, -37.454559509189828 ], [ -72.380749005359732, -37.454687936271711 ], [ -72.380750977623507, -37.454750651544025 ], [ -72.380759259642602, -37.454768696449257 ], [ -72.381249299703455, -37.454497438128662 ], [ -72.381905605139593, -37.454134139696656 ], [ -72.382266968187039, -37.453934103281064 ], [ -72.383988656314983, -37.452981015456267 ], [ -72.384410871764217, -37.452747278023978 ], [ -72.385577042501254, -37.452101674662515 ], [ -72.385802980576472, -37.451976590137598 ], [ -72.386101405236147, -37.451813843753179 ], [ -72.386481260691497, -37.451606686977016 ], [ -72.387580828625659, -37.451007017434009 ], [ -72.387626711484657, -37.450981993343134 ], [ -72.388237231415744, -37.450644418290011 ], [ -72.388294352268716, -37.450612834424298 ], [ -72.388867130272018, -37.450296121458592 ], [ -72.388933948527409, -37.450259174585391 ], [ -72.38930030953901, -37.450060761033974 ], [ -72.389478576689086, -37.4499642148348 ], [ -72.389781432946236, -37.449797861264031 ], [ -72.390305364037388, -37.449510071807993 ], [ -72.390714490440075, -37.44928734453795 ], [ -72.390818127899649, -37.449230592166707 ], [ -72.392023797241279, -37.448570354738862 ], [ -72.392348376202392, -37.448392607061685 ], [ -72.3926544842559, -37.448224974086862 ], [ -72.394242457566875, -37.447355327798661 ], [ -72.394484302290337, -37.447222878690546 ], [ -72.394811624548538, -37.447043615667233 ], [ -72.394823806743972, -37.447036893410463 ], [ -72.396082970742157, -37.446342073205145 ], [ -72.396150423595302, -37.446294086443281 ], [ -72.396217877460785, -37.446246100564601 ], [ -72.396265180014126, -37.446208162270068 ], [ -72.396324065184245, -37.446160933616945 ], [ -72.396363985316938, -37.44612891696994 ], [ -72.396499459702696, -37.446026004286267 ], [ -72.396585118970251, -37.445960933956265 ], [ -72.396612497079332, -37.445936241799721 ], [ -72.396705648578305, -37.445852228052793 ], [ -72.396750270628374, -37.445811982151959 ], [ -72.396963411276047, -37.445625138182315 ], [ -72.397048515698586, -37.445539729371767 ], [ -72.397152262721463, -37.445422929534978 ], [ -72.397166871282352, -37.445406484133116 ], [ -72.397268824680367, -37.44530245332875 ], [ -72.397302314725522, -37.445261355436067 ], [ -72.397320357611349, -37.445239213951581 ], [ -72.3973723859486, -37.445161680018757 ], [ -72.397483303350469, -37.444983996184646 ], [ -72.397580462350334, -37.444828349918289 ], [ -72.397701880095525, -37.444611614224499 ], [ -72.397720716239633, -37.444577989919985 ], [ -72.397887908237976, -37.444271842156965 ], [ -72.39789243729588, -37.444263548804052 ], [ -72.397949945320974, -37.444122073018754 ], [ -72.397974909175304, -37.44406066122373 ], [ -72.397993776996003, -37.44401424331145 ], [ -72.398128693512518, -37.443557449453294 ], [ -72.398154696035888, -37.4434694113462 ], [ -72.398253576226935, -37.443032007886934 ], [ -72.398352635124311, -37.442593812538526 ], [ -72.398526595949363, -37.441887851115041 ], [ -72.398602299929564, -37.44158011957348 ], [ -72.398725585923501, -37.441078960027234 ], [ -72.398732998589011, -37.441049336381369 ], [ -72.398762679526314, -37.440930716299498 ], [ -72.398709673775315, -37.440877191420178 ], [ -72.398322894132832, -37.440486620917483 ], [ -72.397245000207405, -37.439387560313101 ], [ -72.396206141551502, -37.438338902082435 ], [ -72.395986995939467, -37.438115925219087 ], [ -72.394700009371419, -37.436699770528961 ], [ -72.394658790985048, -37.436845315919797 ], [ -72.394565055750377, -37.437203329533467 ], [ -72.394445142740565, -37.437661321896258 ], [ -72.394445133711301, -37.437661354137802 ], [ -72.393815060609356, -37.440067845754584 ], [ -72.393692334394288, -37.440536591228003 ], [ -72.393507730629963, -37.441241658605314 ], [ -72.393253389879774, -37.442213089813549 ], [ -72.393126584830426, -37.442697399766203 ], [ -72.393119305349842, -37.442725201166958 ], [ -72.393094437326454, -37.44282018109908 ], [ -72.393045328053205, -37.443007739746491 ], [ -72.393003818691582, -37.443053281314839 ], [ -72.392910378206892, -37.443155794988698 ], [ -72.392795632294735, -37.443218794133905 ], [ -72.392626506801449, -37.443311652876432 ], [ -72.390038555747552, -37.444732516209214 ], [ -72.389247400171328, -37.445166903940091 ], [ -72.388526820834642, -37.445562531989061 ], [ -72.387729777423047, -37.446000132127679 ], [ -72.386545463131711, -37.44665033455388 ], [ -72.386233499071523, -37.446821614841447 ], [ -72.385383123952053, -37.447288496313313 ], [ -72.385355299937899, -37.447303771748075 ], [ -72.385317603152089, -37.447324468772507 ], [ -72.385304445314688, -37.447331691988971 ], [ -72.385032672954353, -37.447480903427113 ], [ -72.384718612610499, -37.447653337973129 ] ] ] } },
{ "type": "Feature", "properties": { "zona": "10" }, "geometry": { "type": "Polygon", "coordinates": [ [ [ -72.397943106670937, -37.444138896060537 ], [ -72.396736447440105, -37.44856320645814 ], [ -72.396836864283614, -37.448491511772964 ], [ -72.396937313101489, -37.448456539655488 ], [ -72.397792477744431, -37.447954006467526 ], [ -72.398223183163267, -37.447697456253991 ], [ -72.398914067799851, -37.447285923351487 ], [ -72.399095153551954, -37.447178758567922 ], [ -72.399297795112815, -37.447038500127327 ], [ -72.399669361766158, -37.446772152664295 ], [ -72.399863000529777, -37.446633344972732 ], [ -72.400214701288377, -37.446345297990035 ], [ -72.400451944737071, -37.446150990527521 ], [ -72.400511012848625, -37.446102613022838 ], [ -72.400685659899011, -37.445947138532389 ], [ -72.401173054446502, -37.445508759899305 ], [ -72.401308038361606, -37.445431618442178 ], [ -72.401401540750598, -37.44537818309113 ], [ -72.401914656775332, -37.44498977347066 ], [ -72.402130662049089, -37.444819132992016 ], [ -72.402346666340847, -37.444648492076738 ], [ -72.402396230740365, -37.444605330276318 ], [ -72.402212119454006, -37.444417798021085 ], [ -72.401786917864712, -37.44399319755167 ], [ -72.401319692512303, -37.443522812688308 ], [ -72.400604702731727, -37.442798452353202 ], [ -72.400176517021023, -37.44236458905403 ], [ -72.399336461580191, -37.441510111481769 ], [ -72.398778745484776, -37.440946939939764 ], [ -72.398762679526314, -37.440930716299498 ], [ -72.398732998589011, -37.441049336381369 ], [ -72.398725585923501, -37.441078960027234 ], [ -72.398602299929564, -37.44158011957348 ], [ -72.398526595949363, -37.441887851115041 ], [ -72.398352635124311, -37.442593812538526 ], [ -72.398253576226935, -37.443032007886934 ], [ -72.398154696035888, -37.4434694113462 ], [ -72.398128693512518, -37.443557449453294 ], [ -72.397993776996003, -37.44401424331145 ], [ -72.397974909175304, -37.44406066122373 ], [ -72.397949945320974, -37.444122073018754 ], [ -72.397943106670937, -37.444138896060537 ] ] ] } },
{ "type": "Feature", "properties": { "zona": "26" }, "geometry": { "type": "Polygon", "coordinates": [ [ [ -72.397616992831601, -37.463511547733923 ], [ -72.39763383661888, -37.463266186612557 ], [ -72.397640107344301, -37.463220132055916 ], [ -72.397652321324031, -37.463130423539198 ], [ -72.397689302335451, -37.4630990510679 ], [ -72.397731262504337, -37.463053483792379 ], [ -72.397752169747321, -37.462968111115927 ], [ -72.397762995693924, -37.462914704594958 ], [ -72.397772036975269, -37.462814574883176 ], [ -72.397618542754145, -37.46270996416694 ], [ -72.397618593838175, -37.462709208344748 ], [ -72.397607881141212, -37.462702696810283 ], [ -72.397593436238083, -37.462693917791128 ], [ -72.397590081609707, -37.46269187850335 ], [ -72.397496347690932, -37.462634907977268 ], [ -72.397494599536174, -37.462633844868392 ], [ -72.397418026413547, -37.46258730455785 ], [ -72.397338233805996, -37.462538808082897 ], [ -72.397179169977662, -37.462434810280477 ], [ -72.397117152302329, -37.462394261390756 ], [ -72.397079720299146, -37.462370788280033 ], [ -72.397020341577871, -37.462333554185115 ], [ -72.396947886574537, -37.462314019251174 ], [ -72.396929342729791, -37.462309020147778 ], [ -72.396918005363261, -37.462303573433367 ], [ -72.396791739016081, -37.462242907019821 ], [ -72.396782937444755, -37.462239477046758 ], [ -72.396667677213202, -37.462194559737689 ], [ -72.396558900965459, -37.462152166944996 ], [ -72.396468058717176, -37.462123130367367 ], [ -72.396422064414409, -37.462126419228575 ], [ -72.396419893056844, -37.462126574110542 ], [ -72.396412090857936, -37.462126402095201 ], [ -72.396387991812276, -37.462125870779467 ], [ -72.396381062800202, -37.462125718013453 ], [ -72.396341839470352, -37.462112406852945 ], [ -72.396338465174196, -37.462111261917116 ], [ -72.396337009188827, -37.462109859199821 ], [ -72.396331287020772, -37.462104345192841 ], [ -72.396329782926401, -37.462102895457235 ], [ -72.396324108837405, -37.462097429368619 ], [ -72.396276411857983, -37.462087366462107 ], [ -72.396255600014314, -37.462086906695248 ], [ -72.396189573372808, -37.462085450895898 ], [ -72.396169263207895, -37.462082261844181 ], [ -72.396122815411559, -37.462074968552692 ], [ -72.396022013109828, -37.462068239325909 ], [ -72.396008127517504, -37.462061627047156 ], [ -72.395912889187031, -37.462016270999868 ], [ -72.395858132331213, -37.461986311229779 ], [ -72.395775600531991, -37.461941154172692 ], [ -72.395732803266725, -37.461915160818997 ], [ -72.395652432224196, -37.46186634769132 ], [ -72.395576415609497, -37.461837637391646 ], [ -72.395562116089266, -37.461833638215715 ], [ -72.395527623458236, -37.461823992378747 ], [ -72.395523934328835, -37.461822962128771 ], [ -72.395413874620445, -37.461798006557139 ], [ -72.395410177702075, -37.461798047573261 ], [ -72.395276753021207, -37.461799487837702 ], [ -72.395160209125876, -37.461807780314516 ], [ -72.39508339070737, -37.46181324622227 ], [ -72.395006490044153, -37.461832119952817 ], [ -72.394898110000739, -37.461858721149397 ], [ -72.394872830615014, -37.461865750985588 ], [ -72.394938093078181, -37.461347562343107 ], [ -72.394964239924079, -37.461139957792213 ], [ -72.395104553150162, -37.460247665729135 ], [ -72.395128756208976, -37.459780981667059 ], [ -72.395191908006367, -37.459262669531064 ], [ -72.39523454576306, -37.458818819266043 ], [ -72.395209294379242, -37.458660700889801 ], [ -72.395311366603636, -37.458462125796572 ], [ -72.395298519300624, -37.458372660449065 ], [ -72.395281095480641, -37.458251327575731 ], [ -72.395254232920848, -37.458064265457075 ], [ -72.395360213479492, -37.457134977343777 ], [ -72.395393446743626, -37.456843567056623 ], [ -72.395656902355242, -37.454744595858152 ], [ -72.395933533320786, -37.452540503241877 ], [ -72.396046414656425, -37.451641057039176 ], [ -72.396114200964419, -37.451100916827251 ], [ -72.39612933886535, -37.450980292848755 ], [ -72.396188156350973, -37.450715400399325 ], [ -72.396203680865526, -37.450619990423952 ], [ -72.394558743431872, -37.450174625465813 ], [ -72.394165441325953, -37.450464111408309 ], [ -72.393806736262775, -37.450720830215765 ], [ -72.393463128441283, -37.450966741319995 ], [ -72.393097812867083, -37.451228183488148 ], [ -72.392541736804546, -37.451634624700098 ], [ -72.392244702478095, -37.451868288497614 ], [ -72.391763698923867, -37.452280281745978 ], [ -72.391615788793843, -37.452442357820068 ], [ -72.391171451813648, -37.452976366400584 ], [ -72.390805935176161, -37.453332821561403 ], [ -72.390439755159221, -37.453647977471554 ], [ -72.389721512295324, -37.454171500451622 ], [ -72.388529238426827, -37.455056311620545 ], [ -72.387311781259754, -37.455985592304621 ], [ -72.386386750719836, -37.456708161259591 ], [ -72.386369600821752, -37.456721557244514 ], [ -72.386251379607941, -37.456799834995472 ], [ -72.386133158118199, -37.456878113518187 ], [ -72.386036857224738, -37.456918053854793 ], [ -72.385950983187129, -37.456973922538992 ], [ -72.386009270388755, -37.457050491943342 ], [ -72.386025004085468, -37.457078831903431 ], [ -72.386093698689038, -37.457202567726178 ], [ -72.386592817569863, -37.458417248388614 ], [ -72.387199705997176, -37.459894152246356 ], [ -72.387255590621962, -37.460030149485696 ], [ -72.387425942884192, -37.46044469967191 ], [ -72.387867919703652, -37.461520229492557 ], [ -72.388156616193228, -37.462222740799206 ], [ -72.388311368673357, -37.462612200675636 ], [ -72.388542006970113, -37.463192634604425 ], [ -72.388587293539231, -37.463306602211325 ], [ -72.388746915696572, -37.463659553734388 ], [ -72.388853920835842, -37.463896158701509 ], [ -72.388911067469124, -37.464025288560883 ], [ -72.388919449003865, -37.464044227232826 ], [ -72.389130119218336, -37.464520259144017 ], [ -72.389328802189908, -37.464999591438072 ], [ -72.389379892905367, -37.46516420602687 ], [ -72.389394967379488, -37.465212774789045 ], [ -72.389367873221758, -37.465460617319764 ], [ -72.389359566459873, -37.465536603205777 ], [ -72.389357510301394, -37.465555407515133 ], [ -72.389352844971086, -37.465598089866148 ], [ -72.389348169515117, -37.465732457115948 ], [ -72.389393604510445, -37.465819293876606 ], [ -72.389430319975688, -37.465847286232915 ], [ -72.389493785682333, -37.465880161100173 ], [ -72.389732897734916, -37.465971827885468 ], [ -72.389913534707262, -37.466041076622858 ], [ -72.389977299978725, -37.466071493274654 ], [ -72.389988057067228, -37.466076625050924 ], [ -72.38999592945558, -37.466080380126229 ], [ -72.390008587097967, -37.466086418087677 ], [ -72.390014164172015, -37.466089078024545 ], [ -72.390082363350686, -37.466140654652691 ], [ -72.390158433419856, -37.466202240093153 ], [ -72.390179527483951, -37.466219317658698 ], [ -72.390200490009747, -37.466239266907571 ], [ -72.390461380597955, -37.466280581001129 ], [ -72.390611569261992, -37.466311406725318 ], [ -72.39137405698709, -37.466450066467566 ], [ -72.391733320876114, -37.466515397779581 ], [ -72.392820171612485, -37.466713031519681 ], [ -72.393288501044978, -37.466798189373179 ], [ -72.39362207655104, -37.466858842379388 ], [ -72.393899081407028, -37.466909209480647 ], [ -72.394056640478283, -37.466937857791812 ], [ -72.394100452433022, -37.466940787282347 ], [ -72.39434275766007, -37.466956989121961 ], [ -72.394366764393453, -37.466958594788665 ], [ -72.394374071800073, -37.466927520251517 ], [ -72.394379206523411, -37.466905683890396 ], [ -72.39440949005224, -37.466834729596087 ], [ -72.394439773520233, -37.466763775291071 ], [ -72.394486059260231, -37.46664992895257 ], [ -72.394500642798448, -37.466443551017896 ], [ -72.394549860269336, -37.465839513618313 ], [ -72.394636470295566, -37.465083745625009 ], [ -72.394709474906946, -37.464344577953462 ], [ -72.394722252269332, -37.464248064308158 ], [ -72.394767767630015, -37.464239301127762 ], [ -72.395189434753775, -37.464230812893753 ], [ -72.395523668257439, -37.46422253320754 ], [ -72.396443150814619, -37.46420809288086 ], [ -72.396993532019039, -37.464205412331886 ], [ -72.397501647336469, -37.464204518259741 ], [ -72.39763703937119, -37.464201955541292 ], [ -72.397643252323775, -37.464136155095844 ], [ -72.397620701282463, -37.463721413945166 ], [ -72.397609306470812, -37.463511845132821 ], [ -72.397616992831601, -37.463511547733923 ] ] ] } },
{ "type": "Feature", "properties": { "zona": "69" }, "geometry": { "type": "Polygon", "coordinates": [ [ [ -72.326472109829453, -37.466166780865706 ], [ -72.322537701772333, -37.465387147828899 ], [ -72.322527949477688, -37.465422928005637 ], [ -72.322510435185123, -37.465479613741941 ], [ -72.32250783283861, -37.465488037821288 ], [ -72.322317853350185, -37.466102923132041 ], [ -72.322260932762774, -37.466287148268151 ], [ -72.322237985685831, -37.466361418538952 ], [ -72.321375395651941, -37.469153097598905 ], [ -72.320782341324787, -37.471072317489657 ], [ -72.320669044538846, -37.471438949752539 ], [ -72.320646168253148, -37.471512977016879 ], [ -72.320643217679958, -37.471521989676461 ], [ -72.32065561981743, -37.471524788809177 ], [ -72.321390702195714, -37.471680215491794 ], [ -72.321887232772781, -37.471781761796215 ], [ -72.321902083286332, -37.47178479925681 ], [ -72.32202980306927, -37.471810563541084 ], [ -72.322088570128017, -37.471822418653716 ], [ -72.322088620642404, -37.471822428810484 ], [ -72.322143427341032, -37.471833805697678 ], [ -72.322304186711605, -37.471867174653383 ], [ -72.322413546663427, -37.471889874697702 ], [ -72.322557241917735, -37.471919701556359 ], [ -72.322572331216293, -37.471922575839713 ], [ -72.322653890141666, -37.471938108588382 ], [ -72.322698533719148, -37.471946611809692 ], [ -72.322731116638025, -37.471952817651726 ], [ -72.322758760760237, -37.471958082479851 ], [ -72.322800459963958, -37.471966024191808 ], [ -72.322815807568745, -37.471968947554359 ], [ -72.32283937309883, -37.47197343504272 ], [ -72.32288106893219, -37.471981376649971 ], [ -72.322912470521359, -37.471987357413482 ], [ -72.322974703240419, -37.47199921046419 ], [ -72.323019115595585, -37.472007668673918 ], [ -72.323053342604865, -37.47201418744234 ], [ -72.323330307769339, -37.47206693577278 ], [ -72.32342115173762, -37.472084237402548 ], [ -72.323438410723284, -37.472087523907405 ], [ -72.323502808721116, -37.472099788912892 ], [ -72.323550051097286, -37.472108785960337 ], [ -72.323587263064454, -37.472115873254239 ], [ -72.323617517726319, -37.472122251357696 ], [ -72.323691717720791, -37.472137348061452 ], [ -72.323691750256984, -37.472137355106696 ], [ -72.323787999833684, -37.472156938046396 ], [ -72.323823362828747, -37.472164133845318 ], [ -72.323843035020786, -37.472168136403326 ], [ -72.323879712448658, -37.472175598969358 ], [ -72.323954383977437, -37.472190791802042 ], [ -72.324190494384766, -37.472238831133012 ], [ -72.32421404585196, -37.472243622606634 ], [ -72.324227184250361, -37.47224629567603 ], [ -72.324262806658467, -37.472253543179754 ], [ -72.324481363312486, -37.472298010424439 ], [ -72.324529791477886, -37.472308066627804 ], [ -72.324564844139331, -37.472315345285878 ], [ -72.324577471096475, -37.472317967079121 ], [ -72.324595802688663, -37.472321773331949 ], [ -72.324856589736541, -37.472375924029883 ], [ -72.324887714443506, -37.472382386402337 ], [ -72.324923181309089, -37.47238975093363 ], [ -72.324957093795646, -37.472396792784401 ], [ -72.325205793128021, -37.472448432303274 ], [ -72.325250258676732, -37.472457664941423 ], [ -72.325275425125525, -37.472462891080838 ], [ -72.325280848091168, -37.472464016863839 ], [ -72.325429985123634, -37.472494982681923 ], [ -72.325507559764233, -37.472511090048911 ], [ -72.325528082622128, -37.472515275599029 ], [ -72.325531176103922, -37.472515906160162 ], [ -72.325633633302033, -37.472536801461352 ], [ -72.325637724635911, -37.472537635744366 ], [ -72.325803413447787, -37.472572267749939 ], [ -72.325895525447308, -37.472591520987152 ], [ -72.325954527748337, -37.472603853503507 ], [ -72.326013321326315, -37.472616142515911 ], [ -72.326068172476582, -37.47262760691109 ], [ -72.326110767510272, -37.472636510314203 ], [ -72.326140647451268, -37.472642755837882 ], [ -72.326143610187856, -37.472643375312316 ], [ -72.326252710892305, -37.472666183102042 ], [ -72.326278624777871, -37.472671600770518 ], [ -72.326282203159522, -37.472672330601341 ], [ -72.326303813030023, -37.472678217604688 ], [ -72.326303828269886, -37.472677441189724 ], [ -72.326303973536255, -37.47267016257878 ], [ -72.326304037159659, -37.472666982186752 ], [ -72.326304322107077, -37.472652740228163 ], [ -72.32630483728181, -37.472626933181971 ], [ -72.326305406205634, -37.472598444737052 ], [ -72.326305584871477, -37.472589531360818 ], [ -72.326306062060127, -37.472565677970032 ], [ -72.326309752630991, -37.472431379340513 ], [ -72.326312165184063, -37.472343558252923 ], [ -72.32632945774445, -37.471714212714758 ], [ -72.326368191160697, -37.470304447198302 ], [ -72.326415343412378, -37.468588083147914 ], [ -72.326424615239134, -37.468250559046325 ], [ -72.326456051791141, -37.467652860602961 ], [ -72.326465464953827, -37.466781767246658 ], [ -72.326469715317529, -37.466388469318424 ], [ -72.326470968686991, -37.466272434141267 ], [ -72.326472109829453, -37.466166780865706 ] ] ] } },
{ "type": "Feature", "properties": { "zona": "70" }, "geometry": { "type": "Polygon", "coordinates": [ [ [ -72.310509234225464, -37.469465072408447 ], [ -72.310540751837408, -37.469359819616528 ], [ -72.310904734199028, -37.468077997416849 ], [ -72.311119183683942, -37.46732275653693 ], [ -72.311405759352311, -37.466399615925887 ], [ -72.311474232490966, -37.466179041021384 ], [ -72.312114260491214, -37.464117224419418 ], [ -72.312330624610027, -37.463420190032522 ], [ -72.31236518535718, -37.463313867744553 ], [ -72.298389430634941, -37.460462925542245 ], [ -72.29835061702687, -37.460578105008643 ], [ -72.298070487215938, -37.46146036745732 ], [ -72.297708519660546, -37.462600342477749 ], [ -72.297246258944668, -37.464056121090749 ], [ -72.29716921886282, -37.464298734935632 ], [ -72.296665620021486, -37.465884615356352 ], [ -72.296469914247595, -37.466500891468868 ], [ -72.296431327891241, -37.466611870742902 ], [ -72.297222709198635, -37.466772311311217 ], [ -72.301454289383258, -37.467630100786991 ], [ -72.305685936925357, -37.468487734997083 ], [ -72.310247123969418, -37.469411966688092 ], [ -72.310509234225464, -37.469465072408447 ] ] ] } },
{ "type": "Feature", "properties": { "zona": "70" }, "geometry": { "type": "Polygon", "coordinates": [ [ [ -72.316025055826287, -37.450925716901608 ], [ -72.31609432718129, -37.451170054989262 ], [ -72.316108682833288, -37.451220827417593 ], [ -72.31618679248507, -37.451497092741242 ], [ -72.316180104919766, -37.451518705379861 ], [ -72.316101257281872, -37.451773514835757 ], [ -72.316076900556808, -37.451852226019973 ], [ -72.316033783256628, -37.451988337140449 ], [ -72.315746824482048, -37.452894176162701 ], [ -72.315695343671791, -37.45305668169226 ], [ -72.315581958550567, -37.453414595098437 ], [ -72.315237009028507, -37.454503441674461 ], [ -72.314999863523084, -37.455251979612285 ], [ -72.314723293380723, -37.45612493922971 ], [ -72.314444147292633, -37.457006004401933 ], [ -72.31426859364187, -37.457499968093934 ], [ -72.314071016929219, -37.458108372943855 ], [ -72.314056284080309, -37.458153738705953 ], [ -72.313986384811344, -37.458368979195612 ], [ -72.313718136436577, -37.459209751617564 ], [ -72.313564599888281, -37.459690972041315 ], [ -72.313446788745765, -37.460060214483505 ], [ -72.313177849717718, -37.460903109722715 ], [ -72.313135047351466, -37.461050404918822 ], [ -72.312919218410386, -37.461793129900471 ], [ -72.31276908039483, -37.462309783236904 ], [ -72.312493747306746, -37.463257235640754 ], [ -72.312471703523187, -37.463335590275626 ], [ -72.321178479200753, -37.465110758194733 ], [ -72.32120439926463, -37.46502029948109 ], [ -72.32134630591257, -37.464575486656777 ], [ -72.32136721263673, -37.464509957024738 ], [ -72.321500515979707, -37.464092105665735 ], [ -72.321627735838021, -37.463699649189586 ], [ -72.321713494731327, -37.463435090750359 ], [ -72.321850606869717, -37.463012110513297 ], [ -72.321919690914868, -37.462798985955217 ], [ -72.32193788471146, -37.462742859065798 ], [ -72.321969123551185, -37.462646488692769 ], [ -72.322020325676064, -37.462488528427585 ], [ -72.322161663208433, -37.462033741395693 ], [ -72.322308408606702, -37.461561547387909 ], [ -72.322437251280789, -37.461146952845382 ], [ -72.322449764063364, -37.461106689116981 ], [ -72.322563506214678, -37.46074068341354 ], [ -72.322593671667818, -37.460643614452572 ], [ -72.322597062318351, -37.460632702236666 ], [ -72.322722551793234, -37.460236364429917 ], [ -72.322746477190648, -37.460160799618158 ], [ -72.32281289601228, -37.45995102466766 ], [ -72.322822021640818, -37.459922198540205 ], [ -72.322897376167035, -37.459684185125333 ], [ -72.322897485671177, -37.45968384067865 ], [ -72.322910007363589, -37.459644294374954 ], [ -72.322956142419031, -37.459498583801881 ], [ -72.322997613391649, -37.459367602526441 ], [ -72.323034336152034, -37.459251618982471 ], [ -72.323037600036443, -37.45924130942533 ], [ -72.323060559154115, -37.459168792723368 ], [ -72.323080911687768, -37.459104509887936 ], [ -72.323110955077283, -37.459009617781909 ], [ -72.32313848994572, -37.458922649977062 ], [ -72.323161350767222, -37.458850442806828 ], [ -72.323207111616213, -37.458705907687062 ], [ -72.323353662009964, -37.458243025067574 ], [ -72.323412045278261, -37.458058615950719 ], [ -72.323500209334441, -37.457780141237755 ], [ -72.323518842530248, -37.457721287300863 ], [ -72.323606995433849, -37.457442847373564 ], [ -72.323654307610326, -37.457301892170833 ], [ -72.324052316005989, -37.456116109370058 ], [ -72.324088590526685, -37.456008033339458 ], [ -72.324105507232275, -37.455957633399507 ], [ -72.324221023859977, -37.455613464682074 ], [ -72.324330145052329, -37.455288348282075 ], [ -72.324334394268419, -37.455275691068849 ], [ -72.324335751276976, -37.455271647871363 ], [ -72.32438222327373, -37.455133186467208 ], [ -72.324402280048517, -37.455093143848622 ], [ -72.324360694684046, -37.455079537395953 ], [ -72.324211998827536, -37.455049884624586 ], [ -72.324196772851394, -37.455042851556726 ], [ -72.324164222471524, -37.455027816928556 ], [ -72.324030607207163, -37.454966099716167 ], [ -72.323970888848208, -37.454938515951476 ], [ -72.323667898472266, -37.454816603537346 ], [ -72.323643215447035, -37.454805215454208 ], [ -72.323406104885663, -37.454695818715287 ], [ -72.32337573542334, -37.454679891637682 ], [ -72.323218147307855, -37.454621776209834 ], [ -72.323055443710302, -37.454556176199524 ], [ -72.322920680489318, -37.454516488330547 ], [ -72.322821289440029, -37.454519285975174 ], [ -72.322749562232673, -37.454503041138494 ], [ -72.322651929890782, -37.454454635691462 ], [ -72.322610575603832, -37.454363497408821 ], [ -72.32259632844216, -37.454257865573084 ], [ -72.322573954707323, -37.454227981970234 ], [ -72.322501377792804, -37.454188068854592 ], [ -72.322446983435142, -37.454169766678966 ], [ -72.322343218688104, -37.454181840868124 ], [ -72.322217823369442, -37.454245633314883 ], [ -72.322118865730062, -37.454292431740974 ], [ -72.322040539005997, -37.454326142437473 ], [ -72.321959014360885, -37.454365052085471 ], [ -72.321914323769676, -37.454385497792153 ], [ -72.321878242588966, -37.454399364138389 ], [ -72.321793130263003, -37.454378874606448 ], [ -72.3216990908128, -37.454264808110551 ], [ -72.321650508070107, -37.454161667625982 ], [ -72.321584825235092, -37.454126136537383 ], [ -72.321440314759769, -37.454060785650725 ], [ -72.321334313412308, -37.454043934694958 ], [ -72.321250213691883, -37.454046300199188 ], [ -72.321166113937664, -37.45404866654367 ], [ -72.321095832633674, -37.454060561089356 ], [ -72.321025294871532, -37.454070266373499 ], [ -72.320882614582843, -37.454064270418584 ], [ -72.320707141680245, -37.4540127575222 ], [ -72.320569929494965, -37.453960930190014 ], [ -72.320494970309937, -37.453910403445335 ], [ -72.320442039149853, -37.453838661396105 ], [ -72.320407568119563, -37.453773264815524 ], [ -72.32037605851626, -37.453716292359871 ], [ -72.320357176827301, -37.453672462633463 ], [ -72.320280881110065, -37.453634941860379 ], [ -72.320128601255007, -37.453572264227653 ], [ -72.319996193779346, -37.45348755635964 ], [ -72.319773449682771, -37.453282292569121 ], [ -72.319667260842266, -37.453174668387831 ], [ -72.319582789481913, -37.453038609443219 ], [ -72.319516641320462, -37.452992773232367 ], [ -72.319394179090821, -37.45290324960181 ], [ -72.319268792773869, -37.452797592596326 ], [ -72.319119475076391, -37.452731610763209 ], [ -72.318851127999778, -37.452635410965613 ], [ -72.318753741999345, -37.452596955354657 ], [ -72.31859321489145, -37.452558750247888 ], [ -72.318504263436225, -37.452534723551672 ], [ -72.31844135687399, -37.452521825808695 ], [ -72.318389909824731, -37.452483605595582 ], [ -72.31835174860278, -37.452406182176155 ], [ -72.318297780327143, -37.452326001041172 ], [ -72.318183263148825, -37.452224712321964 ], [ -72.318072122443908, -37.452069930709371 ], [ -72.318001253969882, -37.451917068322423 ], [ -72.317952947139077, -37.451820020584101 ], [ -72.317901244173356, -37.451754344599578 ], [ -72.317865440987831, -37.451667732749954 ], [ -72.317791785754352, -37.451597023751425 ], [ -72.317710274752628, -37.451482042043878 ], [ -72.317613050479551, -37.451403914916149 ], [ -72.317537095485491, -37.451374010066544 ], [ -72.317481126262081, -37.451379689083417 ], [ -72.317297638415923, -37.451356693281831 ], [ -72.31723927541789, -37.451321475690747 ], [ -72.317138719873967, -37.451279934353366 ], [ -72.317029220469706, -37.45118384352773 ], [ -72.317002668275109, -37.451111160160913 ], [ -72.316213127493086, -37.450873732568731 ], [ -72.316025055826287, -37.450925716901608 ] ] ] } },
{ "type": "Feature", "properties": { "zona": "70" }, "geometry": { "type": "Polygon", "coordinates": [ [ [ -72.297270562790985, -37.460234605569838 ], [ -72.297285947114077, -37.460164290855595 ], [ -72.297550804282622, -37.459339148958669 ], [ -72.297577749004958, -37.459255204535907 ], [ -72.297619159314934, -37.459127537682242 ], [ -72.297691620038421, -37.45890414097542 ], [ -72.297734972883319, -37.458770483787909 ], [ -72.297752234405451, -37.458717265448698 ], [ -72.297810479503596, -37.458537694130385 ], [ -72.297874600268855, -37.458340003436199 ], [ -72.297912993499452, -37.458244046857573 ], [ -72.29801606883558, -37.457986429683913 ], [ -72.298126315656702, -37.457710885794569 ], [ -72.298215633636659, -37.457450103429828 ], [ -72.298243143034085, -37.457361075050933 ], [ -72.298719652379603, -37.457457411103327 ], [ -72.298735096626302, -37.457409460367046 ], [ -72.29874529731309, -37.457400223032352 ], [ -72.298746652081775, -37.45739869960655 ], [ -72.298754224681034, -37.457390183417921 ], [ -72.298761780902751, -37.457379452826238 ], [ -72.298858617803646, -37.457059248780062 ], [ -72.298872412132809, -37.457013636509437 ], [ -72.298958610220595, -37.456728605348928 ], [ -72.299001707025695, -37.456586097345273 ], [ -72.299018693534236, -37.456529925861361 ], [ -72.299150037612122, -37.456080070489328 ], [ -72.299195719326462, -37.455934247751131 ], [ -72.299209556136631, -37.455890080879321 ], [ -72.299288195656203, -37.45563905024688 ], [ -72.299387523494801, -37.455321953746356 ], [ -72.299432312039571, -37.455178966982352 ], [ -72.299575183743102, -37.454722855955026 ], [ -72.299719911885575, -37.45426080467233 ], [ -72.299861686780915, -37.453808179736171 ], [ -72.300001786406725, -37.453336245113746 ], [ -72.300044698138393, -37.453176294970675 ], [ -72.30012957452422, -37.452859925146761 ], [ -72.300254870396643, -37.452392886226072 ], [ -72.300385236881326, -37.451906939669328 ], [ -72.300491334573778, -37.451500560482692 ], [ -72.300642697918803, -37.451377928678319 ], [ -72.300812857038807, -37.450743708436661 ], [ -72.300891767032141, -37.450449589616895 ], [ -72.301108246604102, -37.449851516711135 ], [ -72.300241913214791, -37.45005783409627 ], [ -72.299405046671581, -37.450046094827016 ], [ -72.298734750906334, -37.449819178860608 ], [ -72.298223416345024, -37.44920173449578 ], [ -72.297725955833343, -37.448899810509339 ], [ -72.29723465791713, -37.448738057258318 ], [ -72.296708581176034, -37.448787880637219 ], [ -72.296149346046207, -37.449084183880267 ], [ -72.295294636941932, -37.449669602899149 ], [ -72.294867278472907, -37.449962312149161 ], [ -72.294400597970181, -37.450361327629359 ], [ -72.293524416205813, -37.450456037454131 ], [ -72.290562587022137, -37.4489506448569 ], [ -72.28955559335536, -37.448919557077822 ], [ -72.288928024835485, -37.449449809946813 ], [ -72.287371771494875, -37.450457080183924 ], [ -72.286148530358687, -37.450991280348582 ], [ -72.285555112859868, -37.451087157569717 ], [ -72.285616202823533, -37.451960774256577 ], [ -72.285116999400458, -37.452533424642915 ], [ -72.285512798754041, -37.453579644425183 ], [ -72.286293340186006, -37.453938769774432 ], [ -72.285809314255133, -37.455471830999876 ], [ -72.28514101273791, -37.457588433216486 ], [ -72.285099900859365, -37.457718636156017 ], [ -72.287108373624989, -37.458160329982732 ], [ -72.297270562790985, -37.460234605569838 ] ] ] } },
{ "type": "Feature", "properties": { "zona": "70" }, "geometry": { "type": "Polygon", "coordinates": [ [ [ -72.296431327891241, -37.466611870742902 ], [ -72.296469914247595, -37.466500891468868 ], [ -72.296665620021486, -37.465884615356352 ], [ -72.29716921886282, -37.464298734935632 ], [ -72.297246258944668, -37.464056121090749 ], [ -72.297708519660546, -37.462600342477749 ], [ -72.298070487215938, -37.46146036745732 ], [ -72.29835061702687, -37.460578105008643 ], [ -72.298389430634941, -37.460462925542245 ], [ -72.287108373624989, -37.458160329982732 ], [ -72.285066545732178, -37.464325209701464 ], [ -72.291360723487358, -37.465584597084032 ], [ -72.291674775723308, -37.465647425101793 ], [ -72.292716892576095, -37.465858744902178 ], [ -72.29378064365352, -37.466074440579646 ], [ -72.293987025403112, -37.466116286961899 ], [ -72.296431327891241, -37.466611870742902 ] ] ] } },
{ "type": "Feature", "properties": { "zona": "70" }, "geometry": { "type": "Polygon", "coordinates": [ [ [ -72.310509234225464, -37.469465072408447 ], [ -72.312240675072417, -37.4698158579343 ], [ -72.315367329118317, -37.470445585336215 ], [ -72.317141024232029, -37.470802777744424 ], [ -72.318817478749452, -37.471151279236111 ], [ -72.318883110236584, -37.471164605624381 ], [ -72.320643217679958, -37.471521989676461 ], [ -72.320646168253148, -37.471512977016879 ], [ -72.320669044538846, -37.471438949752539 ], [ -72.320782341324787, -37.471072317489657 ], [ -72.321375395651941, -37.469153097598905 ], [ -72.322237985685831, -37.466361418538952 ], [ -72.322260932762774, -37.466287148268151 ], [ -72.322317853350185, -37.466102923132041 ], [ -72.32250783283861, -37.465488037821288 ], [ -72.322510435185123, -37.465479613741941 ], [ -72.322527949477688, -37.465422928005637 ], [ -72.322537701772333, -37.465387147828899 ], [ -72.321743456402416, -37.46522564470267 ], [ -72.321178479200753, -37.465110758194733 ], [ -72.31236518535718, -37.463313867744553 ], [ -72.312330624610027, -37.463420190032522 ], [ -72.312114260491214, -37.464117224419418 ], [ -72.311474232490966, -37.466179041021384 ], [ -72.311405759352311, -37.466399615925887 ], [ -72.311119183683942, -37.46732275653693 ], [ -72.310904734199028, -37.468077997416849 ], [ -72.310540751837408, -37.469359819616528 ], [ -72.310509234225464, -37.469465072408447 ] ] ] } },
{ "type": "Feature", "properties": { "zona": "98" }, "geometry": { "type": "Polygon", "coordinates": [ [ [ -72.30806151433859, -37.475164269303669 ], [ -72.308331331895928, -37.475209795486364 ], [ -72.308379813282045, -37.475223931648131 ], [ -72.308516683688481, -37.47524154967784 ], [ -72.308609923763541, -37.475253238550209 ], [ -72.308732510308033, -37.475252185938544 ], [ -72.308907136759132, -37.475210341085344 ], [ -72.309047198607075, -37.475164697614304 ], [ -72.309168704560236, -37.47510527033203 ], [ -72.309257664814126, -37.47505390689367 ], [ -72.309375365422298, -37.474942142696563 ], [ -72.309515312512872, -37.474826177899764 ], [ -72.309572409694738, -37.474798355055768 ], [ -72.30967059437225, -37.474752691947288 ], [ -72.309774280823433, -37.474696148849198 ], [ -72.309846051423946, -37.474661954130355 ], [ -72.309957521049753, -37.474612342919777 ], [ -72.31004837231508, -37.474603835503309 ], [ -72.310123424270529, -37.474610074301268 ], [ -72.310212549111867, -37.474630221486983 ], [ -72.310320956291434, -37.474661677049518 ], [ -72.310463263843914, -37.474719735053107 ], [ -72.310631023390982, -37.474779025920739 ], [ -72.310734031209279, -37.474770809287058 ], [ -72.31082582932423, -37.474705563688104 ], [ -72.310879131239858, -37.474651323311463 ], [ -72.310897058588665, -37.474648613763989 ], [ -72.310982544516392, -37.474646708419364 ], [ -72.311091727873603, -37.474630602315422 ], [ -72.31117031112602, -37.474592652907134 ], [ -72.31119721486678, -37.474551838812587 ], [ -72.311285644919792, -37.474441944507483 ], [ -72.311361036969501, -37.474378076640974 ], [ -72.311462635127342, -37.474308710327783 ], [ -72.311534511670175, -37.47424165887098 ], [ -72.311601045799875, -37.474172463634723 ], [ -72.311781049134481, -37.47413039084892 ], [ -72.311846408961699, -37.474130101005954 ], [ -72.311908052474109, -37.474143342304856 ], [ -72.311954493936298, -37.474148779892232 ], [ -72.311998779436138, -37.474116167634861 ], [ -72.312023706837024, -37.474077449386172 ], [ -72.312054732538542, -37.47404138946527 ], [ -72.312085736995797, -37.474013808505205 ], [ -72.312136516172941, -37.473954583729721 ], [ -72.312202117852394, -37.473867594301481 ], [ -72.312212759238577, -37.473820461532902 ], [ -72.312209200121032, -37.473752973813433 ], [ -72.312206918122399, -37.473735159168385 ], [ -72.312243948034762, -37.473696930827877 ], [ -72.31230415864519, -37.473643760762187 ], [ -72.312366033702972, -37.473579319607815 ], [ -72.312439948381012, -37.473525992825365 ], [ -72.312548689548692, -37.473482415716731 ], [ -72.31262512885769, -37.473486229858089 ], [ -72.312774598814528, -37.473484418772806 ], [ -72.312867983041428, -37.473431737565527 ], [ -72.313005439869372, -37.473361131400324 ], [ -72.3131108775641, -37.473310494975074 ], [ -72.313235502562719, -37.473287925829354 ], [ -72.313363450067087, -37.473239041306002 ], [ -72.313412319460923, -37.473228134233509 ], [ -72.313437521856201, -37.473189284952831 ], [ -72.313485495915558, -37.473158140145877 ], [ -72.313581340361424, -37.473093470079682 ], [ -72.313653865597331, -37.473042565525603 ], [ -72.313719343248309, -37.47300139388927 ], [ -72.313836781361687, -37.47295161193037 ], [ -72.313905593659129, -37.472952063589943 ], [ -72.31396175259664, -37.472970749708274 ], [ -72.314042640487102, -37.47300673467543 ], [ -72.314114641885737, -37.473033498221213 ], [ -72.314203639665919, -37.473042018756701 ], [ -72.314245970495293, -37.473046929397299 ], [ -72.314334865745323, -37.473057240713693 ], [ -72.314475952943923, -37.473065805021172 ], [ -72.314534222967552, -37.473065165889899 ], [ -72.314592382269353, -37.473065692953213 ], [ -72.314651034798018, -37.473074707059695 ], [ -72.314683857491318, -37.473104430574779 ], [ -72.314680882802449, -37.47315432685091 ], [ -72.314667914011835, -37.473196943736632 ], [ -72.314665976509346, -37.473236470180325 ], [ -72.314675249774268, -37.473276451632692 ], [ -72.314707431428474, -37.473321335280041 ], [ -72.314759207127167, -37.473335640159412 ], [ -72.314824815450208, -37.473328927577263 ], [ -72.314890071238239, -37.473323661335399 ], [ -72.314959085511376, -37.473330387813363 ], [ -72.315017736294052, -37.473353449128702 ], [ -72.315059323743412, -37.473406894464901 ], [ -72.315065193399192, -37.47356192179582 ], [ -72.3151074577858, -37.473620527855708 ], [ -72.31516369518755, -37.473674914531045 ], [ -72.315253521510371, -37.473730212704446 ], [ -72.315319469562212, -37.473769862555727 ], [ -72.315399759408237, -37.473844519534076 ], [ -72.315505391155625, -37.473890468304432 ], [ -72.315596909750383, -37.473944051134495 ], [ -72.315688488478102, -37.47396563048278 ], [ -72.315797278978678, -37.473972547971591 ], [ -72.315926789401558, -37.474015514959277 ], [ -72.316028042051144, -37.47398499361131 ], [ -72.316072963466468, -37.473946660473786 ], [ -72.316087474643055, -37.473897953630576 ], [ -72.316160840469408, -37.473866094505382 ], [ -72.316265553680651, -37.473866728245767 ], [ -72.316326846023003, -37.473866197482728 ], [ -72.316382901564793, -37.473882501180576 ], [ -72.316486300930762, -37.473925544522956 ], [ -72.316578669742071, -37.473980697639774 ], [ -72.316624303188377, -37.474031859964796 ], [ -72.316662485498227, -37.47408799288074 ], [ -72.316701810544046, -37.474127419010159 ], [ -72.316771468030495, -37.474165461877888 ], [ -72.316863596834523, -37.474233911535393 ], [ -72.316921474243088, -37.474326256149482 ], [ -72.316964436857745, -37.474384644045941 ], [ -72.317041332089275, -37.474432543582999 ], [ -72.317112357532466, -37.474482992306804 ], [ -72.317201326146304, -37.474499562281864 ], [ -72.31730032023539, -37.474483035959217 ], [ -72.317472153269847, -37.474502677895437 ], [ -72.31751770442213, -37.474506820702963 ], [ -72.31760528293789, -37.474449403640847 ], [ -72.317647796451041, -37.474440194098321 ], [ -72.317681737775189, -37.474442735843915 ], [ -72.317723675077374, -37.474445875538031 ], [ -72.317765146903099, -37.474432439502976 ], [ -72.317840867830327, -37.474411073113664 ], [ -72.317881265343203, -37.474410066901093 ], [ -72.317941394239014, -37.474426369582453 ], [ -72.318018452211803, -37.474434546668242 ], [ -72.318163383884993, -37.4744412925861 ], [ -72.318249217081771, -37.474445287628413 ], [ -72.318336448237432, -37.474465143292228 ], [ -72.318411968545647, -37.474486414401163 ], [ -72.318491243937828, -37.474514542599096 ], [ -72.318544015460432, -37.474535255535763 ], [ -72.318662335127911, -37.474578950326936 ], [ -72.318780221981058, -37.474616633766374 ], [ -72.31881292136147, -37.474627257895776 ], [ -72.318843640644815, -37.474623121892641 ], [ -72.318873568105616, -37.47462013484153 ], [ -72.31890740812652, -37.474604165092885 ], [ -72.318940909568795, -37.474590708056859 ], [ -72.318984481083831, -37.474571604414493 ], [ -72.319032148242428, -37.474553815658965 ], [ -72.319053997383506, -37.474558289270071 ], [ -72.319098332478347, -37.474557234176615 ], [ -72.319167785189919, -37.474554996694827 ], [ -72.319204075292021, -37.474545762432349 ], [ -72.319238967161695, -37.474536675734221 ], [ -72.319265158066614, -37.474520206011455 ], [ -72.31930892862087, -37.474495372087858 ], [ -72.319334442295201, -37.474477255960522 ], [ -72.319369461535274, -37.474471025937021 ], [ -72.319396023296903, -37.47447647694969 ], [ -72.319426381362462, -37.474486589088933 ], [ -72.319489571291513, -37.474508650102322 ], [ -72.319516205107377, -37.474534072272313 ], [ -72.319541882529222, -37.474566071569789 ], [ -72.319580407840036, -37.474607645783983 ], [ -72.319625001840251, -37.474628800677102 ], [ -72.319644159999825, -37.474674215501501 ], [ -72.319648665963086, -37.474703153381853 ], [ -72.319654284969374, -37.474751913964703 ], [ -72.319671613864159, -37.474789828753174 ], [ -72.31968951656701, -37.474829373160183 ], [ -72.319726840128936, -37.474881959574397 ], [ -72.31985081103862, -37.474986460570229 ], [ -72.319903813203553, -37.474987830362046 ], [ -72.319963257335942, -37.47497257034339 ], [ -72.320171745013695, -37.475012290817347 ], [ -72.320361449144485, -37.475040437880338 ], [ -72.32064893633418, -37.475052922828198 ], [ -72.320798710108789, -37.475047380603876 ], [ -72.320942606288469, -37.474997000638758 ], [ -72.321198845852166, -37.474927843620193 ], [ -72.321372527274306, -37.474954232420664 ], [ -72.321372592468762, -37.474954179832906 ], [ -72.321420930944925, -37.474915496821687 ], [ -72.321533766887725, -37.474816350656027 ], [ -72.321738717618885, -37.47463626623049 ], [ -72.321278098588948, -37.474582664655145 ], [ -72.321303324690433, -37.474504558110333 ], [ -72.321117310522979, -37.474435964253658 ], [ -72.321255764075261, -37.474199494184518 ], [ -72.321270229951281, -37.47417478765955 ], [ -72.321405248325888, -37.474163545557182 ], [ -72.321613407608467, -37.474114623468267 ], [ -72.321807715599064, -37.473950944610181 ], [ -72.322128054266614, -37.47365064864443 ], [ -72.322253557539071, -37.473403154047617 ], [ -72.322612924514218, -37.472768606115345 ], [ -72.322762003234686, -37.472330779802057 ], [ -72.322778692604984, -37.472281764596872 ], [ -72.322856372371774, -37.472053622149126 ], [ -72.322859902444264, -37.47204325467996 ], [ -72.322877792851372, -37.471990709994031 ], [ -72.322879126526828, -37.471986794257425 ], [ -72.322880687648166, -37.471982207842721 ], [ -72.32288106893219, -37.471981376649971 ], [ -72.32283937309883, -37.47197343504272 ], [ -72.322815807568745, -37.471968947554359 ], [ -72.322800459963958, -37.471966024191808 ], [ -72.322758760760237, -37.471958082479851 ], [ -72.322731116638025, -37.471952817651726 ], [ -72.322698533719148, -37.471946611809692 ], [ -72.322653890141666, -37.471938108588382 ], [ -72.322572331216293, -37.471922575839713 ], [ -72.322557241917735, -37.471919701556359 ], [ -72.322413546663427, -37.471889874697702 ], [ -72.322304186711605, -37.471867174653383 ], [ -72.322143427341032, -37.471833805697678 ], [ -72.322088620642404, -37.471822428810484 ], [ -72.322088570128017, -37.471822418653716 ], [ -72.32202980306927, -37.471810563541084 ], [ -72.321902083286332, -37.47178479925681 ], [ -72.321887232772781, -37.471781761796215 ], [ -72.321390702195714, -37.471680215491794 ], [ -72.32065561981743, -37.471524788809177 ], [ -72.320643217679958, -37.471521989676461 ], [ -72.318883110236584, -37.471164605624381 ], [ -72.318817478749452, -37.471151279236111 ], [ -72.317141024232029, -37.470802777744424 ], [ -72.315367329118317, -37.470445585336215 ], [ -72.312240675072417, -37.4698158579343 ], [ -72.310247123969418, -37.469411966688092 ], [ -72.309643303824672, -37.46928962576353 ], [ -72.309617287383489, -37.46938564379964 ], [ -72.309595517724944, -37.469466707334263 ], [ -72.309151757592502, -37.471119078135068 ], [ -72.309092041922298, -37.471341426083598 ], [ -72.308838764881287, -37.472284474450753 ], [ -72.308704978557401, -37.472782599306178 ], [ -72.308504187506017, -37.473530192750275 ], [ -72.308181452568945, -37.474731775701116 ], [ -72.308108765038753, -37.47500239254196 ], [ -72.30806151433859, -37.475164269303669 ] ] ] } },
{ "type": "Feature", "properties": { "zona": "114" }, "geometry": { "type": "Polygon", "coordinates": [ [ [ -72.350969913398544, -37.488873098822012 ], [ -72.351017690111803, -37.488873260697638 ], [ -72.351828306518087, -37.488832031050563 ], [ -72.351836797627371, -37.488892644990621 ], [ -72.352074037346412, -37.488879167091582 ], [ -72.352078590799152, -37.488942347390655 ], [ -72.352295259915209, -37.488939122856216 ], [ -72.352302630701772, -37.489034636225256 ], [ -72.352329803784201, -37.489035099644049 ], [ -72.352572275373774, -37.489039230559726 ], [ -72.352347268125172, -37.489043990639857 ], [ -72.352719432582973, -37.4890417383019 ], [ -72.352725685900324, -37.489041845179656 ], [ -72.35272544998945, -37.489038726531092 ], [ -72.352725243376355, -37.489035995118627 ], [ -72.352733656536969, -37.489035817013118 ], [ -72.352778671825348, -37.489013882147454 ], [ -72.352787883692429, -37.489092728268389 ], [ -72.352885537707323, -37.489086095951372 ], [ -72.353003663777272, -37.489077447186112 ], [ -72.353106965439224, -37.48907100348648 ], [ -72.353222737192922, -37.489064078719856 ], [ -72.353306220451543, -37.489057792482377 ], [ -72.353338605281849, -37.489055353764854 ], [ -72.353441954478953, -37.489048010620351 ], [ -72.353552127311076, -37.489039994921285 ], [ -72.353663429622728, -37.489032017953029 ], [ -72.353770118624325, -37.489025688345833 ], [ -72.353880292536772, -37.489017672363026 ], [ -72.353982463396207, -37.489011190833708 ], [ -72.354000299911476, -37.489009928031443 ], [ -72.354101413479015, -37.489002771194627 ], [ -72.354215484476526, -37.488996256089301 ], [ -72.354309645954601, -37.488988635992357 ], [ -72.354415105230288, -37.488981291518201 ], [ -72.354505842944079, -37.488974489350788 ], [ -72.354604488790898, -37.488967879631382 ], [ -72.354704298537328, -37.488960397493933 ], [ -72.35480749909722, -37.488952997552175 ], [ -72.354901659358873, -37.488945376953033 ], [ -72.354998080524055, -37.48893781143682 ], [ -72.355099055248104, -37.488929456649686 ], [ -72.355197770198401, -37.488921045745251 ], [ -72.355292262165349, -37.488915464283188 ], [ -72.355391299011956, -37.488909660150441 ], [ -72.355482764708313, -37.488905875157023 ], [ -72.355552985186307, -37.48891483811812 ], [ -72.355585602095459, -37.488924474446755 ], [ -72.355584354432025, -37.488907589297334 ], [ -72.355580795034399, -37.488859423242893 ], [ -72.355576904351466, -37.488806767609681 ], [ -72.355572318820364, -37.488744701362016 ], [ -72.355527376921955, -37.488136428953219 ], [ -72.355508637402082, -37.487882797889384 ], [ -72.355458561425621, -37.487205045073686 ], [ -72.355436684786341, -37.486908951527319 ], [ -72.355414528126886, -37.486609066100286 ], [ -72.355406072192352, -37.486494611366069 ], [ -72.355393476049471, -37.486324128812264 ], [ -72.355379957121158, -37.486141146004798 ], [ -72.355293959539765, -37.484977173321383 ], [ -72.355253274289737, -37.484994514085855 ], [ -72.3551771261548, -37.485039924123669 ], [ -72.355050756289998, -37.485106686506256 ], [ -72.354695585196808, -37.485300964358181 ], [ -72.354347899294737, -37.485494860057955 ], [ -72.353626135252512, -37.485897363084945 ], [ -72.353186554557468, -37.486142497397687 ], [ -72.353010891750202, -37.48624045568576 ], [ -72.352527652205666, -37.486509934515063 ], [ -72.352347311542374, -37.486610842572091 ], [ -72.352166971563435, -37.486711749458308 ], [ -72.352164510873976, -37.486713126146405 ], [ -72.351660733654995, -37.486996724373292 ], [ -72.351156952686878, -37.487280320291205 ], [ -72.350839014085636, -37.487460913507711 ], [ -72.350281566254139, -37.487777548265541 ], [ -72.350051818467193, -37.487900397975352 ], [ -72.350027707614714, -37.487912554423275 ], [ -72.350119806551376, -37.487991375116508 ], [ -72.350274575116458, -37.488112847298716 ], [ -72.350396411488148, -37.488236397090589 ], [ -72.350542519156861, -37.48842104737799 ], [ -72.350584871933876, -37.488469046024782 ], [ -72.350767140431685, -37.488659533957289 ], [ -72.350964210978674, -37.488859899274701 ], [ -72.350969913398544, -37.488873098822012 ] ] ] } },
{ "type": "Feature", "properties": { "zona": "118" }, "geometry": { "type": "Polygon", "coordinates": [ [ [ -72.320723987016592, -37.491619955315713 ], [ -72.320730541567073, -37.49161929487471 ], [ -72.325580830471282, -37.491202372237538 ], [ -72.325816928734184, -37.491185339627293 ], [ -72.325822757497789, -37.491046624800212 ], [ -72.325846371688712, -37.490484638135825 ], [ -72.325863799831779, -37.490069882694833 ], [ -72.32587004323517, -37.489921311864194 ], [ -72.325876097930092, -37.489777205368078 ], [ -72.325883672125187, -37.489473911361081 ], [ -72.325889873672565, -37.489225575689737 ], [ -72.325897959386552, -37.48890178574306 ], [ -72.325906177045667, -37.488572675902084 ], [ -72.32590751627221, -37.4885190612492 ], [ -72.325908649422132, -37.488486915422314 ], [ -72.32592449321038, -37.488037532982489 ], [ -72.325929813947297, -37.48788659831451 ], [ -72.325929122943023, -37.4876428129743 ], [ -72.325927531864153, -37.487081431959567 ], [ -72.325928270397696, -37.487054799201957 ], [ -72.325929007800212, -37.487028166418639 ], [ -72.325899882462181, -37.486720012172199 ], [ -72.325897391068338, -37.486618855479428 ], [ -72.325893771224571, -37.486471917460086 ], [ -72.325929956995353, -37.485474235474861 ], [ -72.325947860536786, -37.485022597150731 ], [ -72.325951603186795, -37.484181805400482 ], [ -72.325952477774038, -37.483985253861725 ], [ -72.325953353455233, -37.483788702342558 ], [ -72.325953405364928, -37.483777006178606 ], [ -72.325953499764921, -37.483755716833599 ], [ -72.325907712306005, -37.483747723191939 ], [ -72.325878642253258, -37.483742648414527 ], [ -72.325750311242516, -37.483719847822968 ], [ -72.325721692737375, -37.483714763410603 ], [ -72.325653342936221, -37.483701853970494 ], [ -72.325491339723257, -37.483671254478658 ], [ -72.32541091663191, -37.483656063723927 ], [ -72.32507093878759, -37.483590514580825 ], [ -72.32397460539282, -37.483370688618251 ], [ -72.323698885169293, -37.483304066170497 ], [ -72.323255605608466, -37.48319695464432 ], [ -72.322660577974972, -37.483053171891754 ], [ -72.322633926224043, -37.483047742957034 ], [ -72.322627492483022, -37.483159229492664 ], [ -72.322582924719995, -37.483358011514774 ], [ -72.322471264600665, -37.48385603782625 ], [ -72.322043452454707, -37.485764119072371 ], [ -72.321835193841153, -37.48669293730169 ], [ -72.321736922277765, -37.487131218008564 ], [ -72.321497448513071, -37.488199220183063 ], [ -72.320805840523136, -37.491283508160343 ], [ -72.320731681295214, -37.49158832794874 ], [ -72.320723987016592, -37.491619955315713 ] ] ] } },
{ "type": "Feature", "properties": { "zona": "119" }, "geometry": { "type": "Polygon", "coordinates": [ [ [ -72.306593011420318, -37.493076922527614 ], [ -72.306047075559377, -37.498498197299057 ], [ -72.306073534698456, -37.498761061039843 ], [ -72.306834115635823, -37.499253128752422 ], [ -72.311730635704237, -37.497527625202459 ], [ -72.313910785362353, -37.497467927682806 ], [ -72.315260286830636, -37.497470016522783 ], [ -72.31684052737711, -37.497463029563256 ], [ -72.319212581049172, -37.497476058209912 ], [ -72.319358000965252, -37.497475051381137 ], [ -72.319789241322511, -37.49747206453894 ], [ -72.31984867086716, -37.497477294907995 ], [ -72.319824211412836, -37.497381720283542 ], [ -72.320077071386493, -37.495774110506119 ], [ -72.320077413927635, -37.495771932189925 ], [ -72.320091975358352, -37.495679352025277 ], [ -72.320723014490042, -37.491667156837032 ], [ -72.320712240087204, -37.491668241447812 ], [ -72.320723987016592, -37.491619955315713 ], [ -72.31572754208247, -37.49212361089176 ], [ -72.31484596910164, -37.492203648932502 ], [ -72.312944332746525, -37.492376274640307 ], [ -72.310396651424696, -37.492692408732665 ], [ -72.309238603753585, -37.492797302633811 ], [ -72.308554256315645, -37.492872152061906 ], [ -72.307773465462546, -37.492957545184474 ], [ -72.307583108215468, -37.492978362810973 ], [ -72.306641079673724, -37.493019779727824 ], [ -72.306593011420318, -37.493076922527614 ] ] ] } },
{ "type": "Feature", "properties": { "zona": "119" }, "geometry": { "type": "Polygon", "coordinates": [ [ [ -72.30728347484829, -37.486165637765659 ], [ -72.30747844273867, -37.48415992099207 ], [ -72.307521791889812, -37.483713948820991 ], [ -72.307603891161534, -37.482798084940981 ], [ -72.307684792725823, -37.481895567809403 ], [ -72.307787068798319, -37.480754540286043 ], [ -72.307626082875146, -37.48072998427434 ], [ -72.30756794862954, -37.480721071230931 ], [ -72.306672295752307, -37.480583745708749 ], [ -72.305553389007031, -37.480412180405501 ], [ -72.305059409479554, -37.480336432611395 ], [ -72.301980129312781, -37.479873059651673 ], [ -72.301424296452467, -37.479789408799597 ], [ -72.29889499118309, -37.479408718556172 ], [ -72.298014702900062, -37.479332797729697 ], [ -72.296542897841633, -37.487146368175608 ], [ -72.296488840970028, -37.487505240296791 ], [ -72.29643203755937, -37.487882336520045 ], [ -72.296364732316732, -37.488111601812768 ], [ -72.293364790138952, -37.488951153746136 ], [ -72.293371493312577, -37.489139738490813 ], [ -72.293436017983154, -37.489341488492578 ], [ -72.293430857028497, -37.489484421559261 ], [ -72.293329797174323, -37.489672406340318 ], [ -72.29319908982491, -37.489936870205881 ], [ -72.293313513745247, -37.490082544164238 ], [ -72.295225912941575, -37.489683357052797 ], [ -72.295329820353871, -37.48999296693183 ], [ -72.295478959012897, -37.490437346931387 ], [ -72.294353042342763, -37.491513411493358 ], [ -72.294404209266773, -37.494166496243395 ], [ -72.299372739515306, -37.493617686278895 ], [ -72.300444877067278, -37.493562431605717 ], [ -72.300898821346237, -37.493544421976942 ], [ -72.306593011420318, -37.493076922527614 ], [ -72.306755077332198, -37.49155253334883 ], [ -72.306809965207734, -37.491036240575419 ], [ -72.307022101456596, -37.488854272785645 ], [ -72.307102845541891, -37.488023724917042 ], [ -72.307132058355577, -37.487510227886133 ], [ -72.307132705421139, -37.487498857142 ], [ -72.307233377849812, -37.486640098383241 ], [ -72.307254378437136, -37.486460960329168 ], [ -72.30725665095953, -37.486441578856635 ], [ -72.307277152822294, -37.48623067165078 ], [ -72.30728347484829, -37.486165637765659 ] ] ] } },
{ "type": "Feature", "properties": { "zona": "119" }, "geometry": { "type": "Polygon", "coordinates": [ [ [ -72.306834115635823, -37.499253128752422 ], [ -72.306073534698456, -37.498761061039843 ], [ -72.306047075559377, -37.498498197299057 ], [ -72.306593011420318, -37.493076922527614 ], [ -72.300898821346237, -37.493544421976942 ], [ -72.300982225401171, -37.493808949119583 ], [ -72.301065629991584, -37.494073476215632 ], [ -72.301301286458795, -37.494085606633874 ], [ -72.301466258180511, -37.494372768596662 ], [ -72.301628553276558, -37.494484588642784 ], [ -72.301910076073554, -37.494678551638749 ], [ -72.302583644884592, -37.496582217467235 ], [ -72.302874747632785, -37.496808213436793 ], [ -72.304198423841882, -37.497610924302251 ], [ -72.304473119031442, -37.497960518681964 ], [ -72.304448477088954, -37.498312814892472 ], [ -72.304109446590019, -37.498753299324164 ], [ -72.30373937305022, -37.498725773444164 ], [ -72.303243323521059, -37.499028059675318 ], [ -72.303991011642424, -37.500325442596115 ], [ -72.306834115635823, -37.499253128752422 ] ] ] } },
{ "type": "Feature", "properties": { "zona": "120" }, "geometry": { "type": "Polygon", "coordinates": [ [ [ -72.362234740363022, -37.51357181122588 ], [ -72.362178214118742, -37.513260712875947 ], [ -72.362158601407927, -37.512181598439042 ], [ -72.362136597452576, -37.510970903525369 ], [ -72.36207888557108, -37.509640540592699 ], [ -72.36205507319815, -37.508548995518183 ], [ -72.362079897875532, -37.5078513635832 ], [ -72.362066994799122, -37.507141520867144 ], [ -72.362049456484826, -37.506176611688318 ], [ -72.362007099236763, -37.503846363199202 ], [ -72.361929086983707, -37.503062499034456 ], [ -72.361896987937101, -37.502805478803133 ], [ -72.361849413560279, -37.50256301447881 ], [ -72.361412847272433, -37.50125684264799 ], [ -72.360812826806878, -37.499494015344524 ], [ -72.360525255318493, -37.498843849419153 ], [ -72.360388153280837, -37.498700711527491 ], [ -72.360085690302043, -37.498473408633892 ], [ -72.359294624229719, -37.497993774252421 ], [ -72.35796273305327, -37.497194470028589 ], [ -72.356963538874481, -37.496592740371611 ], [ -72.35611980656121, -37.496080316497334 ], [ -72.355973592550043, -37.494174806046715 ], [ -72.355971903006719, -37.494174739370884 ], [ -72.355857851058701, -37.494170234917263 ], [ -72.355660603193826, -37.494161311286156 ], [ -72.355491148351163, -37.494125977311192 ], [ -72.355344778812523, -37.494057366573301 ], [ -72.354767915587516, -37.494671771738901 ], [ -72.354918939658162, -37.496017542575338 ], [ -72.353836334123059, -37.496898065391427 ], [ -72.353638494587457, -37.497488155407737 ], [ -72.353338823930983, -37.498360528987476 ], [ -72.35158284002398, -37.503667640040987 ], [ -72.351369174810827, -37.504806953647552 ], [ -72.350788445735432, -37.507558556218584 ], [ -72.35073277849925, -37.507822303810514 ], [ -72.349926626001235, -37.511981840810677 ], [ -72.362234740363022, -37.51357181122588 ] ] ] } },
{ "type": "Feature", "properties": { "zona": "124" }, "geometry": { "type": "Polygon", "coordinates": [ [ [ -72.325392411035892, -37.510968029615668 ], [ -72.325213790489087, -37.51647402798902 ], [ -72.325141235825498, -37.519058334313151 ], [ -72.325076185069861, -37.521906080915258 ], [ -72.325018557677467, -37.523359236264099 ], [ -72.324960249493884, -37.523740861899881 ], [ -72.324830232303299, -37.524193176829115 ], [ -72.324509483788546, -37.524859767446472 ], [ -72.323862315475978, -37.525867288534855 ], [ -72.322480116381897, -37.527694551530033 ], [ -72.322661144383076, -37.527894981680156 ], [ -72.322721579057685, -37.527996132221816 ], [ -72.322969284768234, -37.528236145380426 ], [ -72.32311710362282, -37.528379373529461 ], [ -72.323610529709981, -37.528913177606093 ], [ -72.324329870260499, -37.529691907125418 ], [ -72.324482568478274, -37.529857209621063 ], [ -72.324483072590269, -37.529857794153678 ], [ -72.324601950539844, -37.529995583102966 ], [ -72.32463666815066, -37.530037548022399 ], [ -72.324812901051033, -37.530250570079701 ], [ -72.324852482804886, -37.53029270287152 ], [ -72.325189072832927, -37.530650983506071 ], [ -72.325393319311331, -37.530877480431741 ], [ -72.325438170733378, -37.530937640155834 ], [ -72.326000711360578, -37.531999136361783 ], [ -72.326618894176775, -37.531780760110948 ], [ -72.332520204890699, -37.529695862758324 ], [ -72.332304585339955, -37.529411739117812 ], [ -72.330597938999801, -37.527293916689679 ], [ -72.331180874239735, -37.525979353609678 ], [ -72.331422674725147, -37.525212620995532 ], [ -72.331891197507119, -37.524245696808663 ], [ -72.332930871926905, -37.522790999223474 ], [ -72.333014080430942, -37.520823680286149 ], [ -72.332641617355961, -37.519429296696877 ], [ -72.332729396779797, -37.51942208464277 ], [ -72.332494491056053, -37.519159553185403 ], [ -72.331913841628591, -37.518822178725109 ], [ -72.331317668666358, -37.518584586233985 ], [ -72.330675927384007, -37.518617758138859 ], [ -72.330219959466334, -37.518645592481398 ], [ -72.329910610059741, -37.518590910543502 ], [ -72.32975984272673, -37.518453985056013 ], [ -72.329619305725018, -37.518198081341815 ], [ -72.329456406858483, -37.518065649669374 ], [ -72.329380310796239, -37.517849350386271 ], [ -72.329189033670531, -37.51767336092162 ], [ -72.328784662961311, -37.517597452072749 ], [ -72.328752609486358, -37.517470040634628 ], [ -72.328364929522479, -37.516159376198175 ], [ -72.328236132188678, -37.515169635565179 ], [ -72.328075815568809, -37.513960152205968 ], [ -72.327945095945125, -37.513129122294387 ], [ -72.327572323646407, -37.513101109757848 ], [ -72.327427981707601, -37.51309026231943 ], [ -72.327579932726167, -37.512842652889148 ], [ -72.3283916258343, -37.511519932927598 ], [ -72.327622732934358, -37.511388745835959 ], [ -72.327504419305669, -37.51136855941516 ], [ -72.325458998160641, -37.511117413124687 ], [ -72.325460347701338, -37.510876743968808 ], [ -72.325392411035892, -37.510968029615668 ] ] ] } },
{ "type": "Feature", "properties": { "zona": "124" }, "geometry": { "type": "Polygon", "coordinates": [ [ [ -72.325460347701338, -37.510876743968808 ], [ -72.326299245443209, -37.509776525895354 ], [ -72.326736454053275, -37.509203109793006 ], [ -72.327126756420355, -37.508691203717916 ], [ -72.327235505053068, -37.508548571341059 ], [ -72.327733906266758, -37.507894871923256 ], [ -72.327781819212476, -37.507832029182623 ], [ -72.328074391950992, -37.507448284244184 ], [ -72.328580557774529, -37.506784374985592 ], [ -72.328626405727107, -37.506724238026912 ], [ -72.329159121393275, -37.506025488046014 ], [ -72.329617813386207, -37.505423820759837 ], [ -72.330132195421072, -37.504749089332776 ], [ -72.330375545239946, -37.504429874328707 ], [ -72.330480822375492, -37.504291775657059 ], [ -72.330615110203624, -37.504115621208328 ], [ -72.331305894171635, -37.503209455255075 ], [ -72.331740445932908, -37.502639398339937 ], [ -72.332097346277976, -37.502171199001445 ], [ -72.332114801797914, -37.502148300682528 ], [ -72.33238631658223, -37.501792108901846 ], [ -72.33239999895747, -37.5017741597796 ], [ -72.332896243308255, -37.501123142458965 ], [ -72.332984822358469, -37.50100693504114 ], [ -72.333158124927962, -37.500779575529386 ], [ -72.333202231928254, -37.500721711349279 ], [ -72.333362611709461, -37.5005113041423 ], [ -72.333404216228999, -37.500456721968256 ], [ -72.333417495957619, -37.500439298881773 ], [ -72.333629786261639, -37.50016078731251 ], [ -72.333686858896428, -37.5000859108413 ], [ -72.333791947923487, -37.499948038977536 ], [ -72.3338985741009, -37.499808150797193 ], [ -72.334015633138947, -37.499654573244285 ], [ -72.334215186531509, -37.499392764238912 ], [ -72.334355994526859, -37.499208026903787 ], [ -72.334411658615821, -37.499134996160215 ], [ -72.334449224312735, -37.499085710133507 ], [ -72.334542453786398, -37.498963393275574 ], [ -72.334728912959278, -37.498718758421923 ], [ -72.334742996121506, -37.498701401070925 ], [ -72.334813279176885, -37.498614782502678 ], [ -72.334819421752741, -37.498607212168231 ], [ -72.334822054755449, -37.498603968135875 ], [ -72.334411958807195, -37.498614056471752 ], [ -72.334171939320456, -37.498598455709612 ], [ -72.333622798818666, -37.498562760618782 ], [ -72.333062970913033, -37.498517626581737 ], [ -72.332370610388807, -37.498459621546999 ], [ -72.332323931632743, -37.498455711079281 ], [ -72.331976130954772, -37.498426570259106 ], [ -72.331914771500848, -37.498421429420745 ], [ -72.331898323708771, -37.498420052032237 ], [ -72.331386682734433, -37.498380018118809 ], [ -72.33101470983415, -37.498350911048966 ], [ -72.330605208908693, -37.498318866329633 ], [ -72.33036079634833, -37.498299739673605 ], [ -72.330159457969458, -37.498283982761798 ], [ -72.32986884982563, -37.498261239427784 ], [ -72.32956023788509, -37.498237087873612 ], [ -72.329342552780204, -37.498220050560306 ], [ -72.329283915607121, -37.49821546104998 ], [ -72.329229460503882, -37.498211199515069 ], [ -72.328499539593381, -37.498154067487583 ], [ -72.327731638535695, -37.498093958998993 ], [ -72.32704276736483, -37.498040031533669 ], [ -72.326992790517949, -37.498039406328353 ], [ -72.326957775774929, -37.498038967610754 ], [ -72.326303363984493, -37.497989696299641 ], [ -72.32564895437163, -37.497940422317193 ], [ -72.325657099725746, -37.498737768004908 ], [ -72.325619280643409, -37.499301608319293 ], [ -72.325615164355071, -37.500813133092805 ], [ -72.325612618859054, -37.500908248886525 ], [ -72.325596503125496, -37.501563609059176 ], [ -72.325581445088758, -37.50213389860172 ], [ -72.325567114729964, -37.502816238690158 ], [ -72.325563969604659, -37.503371880157161 ], [ -72.325563893180814, -37.50338549149366 ], [ -72.325558995316612, -37.504250743390678 ], [ -72.325567495519849, -37.505075034226685 ], [ -72.325556867979031, -37.505401948534072 ], [ -72.325546241388977, -37.505728862846375 ], [ -72.3255123534001, -37.506334712120534 ], [ -72.325501128154059, -37.507886308898279 ], [ -72.325487062713151, -37.509019833540876 ], [ -72.325446582536344, -37.509766455791805 ], [ -72.325393046315114, -37.510948433175457 ], [ -72.325453184394917, -37.510886137916678 ], [ -72.325460347701338, -37.510876743968808 ] ] ] } },
{ "type": "Feature", "properties": { "zona": "124" }, "geometry": { "type": "Polygon", "coordinates": [ [ [ -72.322480116381897, -37.527694551530033 ], [ -72.323862315475978, -37.525867288534855 ], [ -72.324509483788546, -37.524859767446472 ], [ -72.324830232303299, -37.524193176829115 ], [ -72.324960249493884, -37.523740861899881 ], [ -72.325018557677467, -37.523359236264099 ], [ -72.325076185069861, -37.521906080915258 ], [ -72.325141235825498, -37.519058334313151 ], [ -72.325213790489087, -37.51647402798902 ], [ -72.325392411035892, -37.510968029615668 ], [ -72.323008640593386, -37.514170872573423 ], [ -72.321828484409764, -37.515755823478138 ], [ -72.321262733608052, -37.516677585635442 ], [ -72.32061906644482, -37.517936130067767 ], [ -72.319574652662368, -37.519853141402201 ], [ -72.319393634846364, -37.520171490365037 ], [ -72.31917959653606, -37.521802178817971 ], [ -72.319198069695332, -37.524630237740212 ], [ -72.319246151471333, -37.52546102519652 ], [ -72.320626348000118, -37.525706944792532 ], [ -72.321083692904168, -37.526148414546292 ], [ -72.322351752997534, -37.527552429049408 ], [ -72.322480116381897, -37.527694551530033 ] ] ] } }
]
}
