{
"type": "FeatureCollection",
"name": "Osorno",
"crs": { "type": "name", "properties": { "name": "urn:ogc:def:crs:OGC:1.3:CRS84" } },
"features": [
{ "type": "Feature", "properties": { "zona": "36" }, "geometry": { "type": "Polygon", "coordinates": [ [ [ -73.149715999996687, -40.56348600000333 ], [ -73.145388999996626, -40.562849000003325 ], [ -73.138122999996597, -40.561783000003324 ], [ -73.13804499999658, -40.561677000003328 ], [ -73.137779999996567, -40.561596000003327 ], [ -73.137394999996559, -40.56153000000333 ], [ -73.136938999996559, -40.56145400000333 ], [ -73.136043999996545, -40.561408000003325 ], [ -73.135954999996571, -40.561349000003318 ], [ -73.135736999996553, -40.561145000003322 ], [ -73.135603999996547, -40.561152000003325 ], [ -73.134953999996526, -40.561253000003326 ], [ -73.134796999996524, -40.561346000003333 ], [ -73.134630999996531, -40.561534000003327 ], [ -73.134463999996541, -40.561707000003331 ], [ -73.134234999996536, -40.561961000003315 ], [ -73.134069999996527, -40.56208000000332 ], [ -73.13391999999655, -40.562075000003333 ], [ -73.133726999996526, -40.562189000003343 ], [ -73.133455999996528, -40.56222400000334 ], [ -73.133268999996531, -40.562131000003326 ], [ -73.133259999996525, -40.561946000003331 ], [ -73.133198999996523, -40.561897000003327 ], [ -73.132815999996524, -40.561904000003324 ], [ -73.132474999996504, -40.561807000003327 ], [ -73.132214999996506, -40.561793000003327 ], [ -73.131812999996512, -40.561925000003328 ], [ -73.131658999996517, -40.56197900000334 ], [ -73.131179999996505, -40.561820000003337 ], [ -73.131121999996509, -40.561717000003334 ], [ -73.131140999996518, -40.561651000003316 ], [ -73.131286999996519, -40.561521000003339 ], [ -73.13134099999651, -40.561424000003321 ], [ -73.131285999996521, -40.561253000003319 ], [ -73.131083999996505, -40.561146000003333 ], [ -73.130908999996507, -40.561102000003309 ], [ -73.130867999996497, -40.561115000003319 ], [ -73.130848999996502, -40.561214000003325 ], [ -73.1308439999965, -40.561317000003328 ], [ -73.130828999996496, -40.561363000003347 ], [ -73.130792999996501, -40.561397000003325 ], [ -73.130729999996504, -40.561393000003328 ], [ -73.130677999996507, -40.561373000003321 ], [ -73.130611999996503, -40.561387000003315 ], [ -73.130542999996507, -40.561452000003321 ], [ -73.130490999996496, -40.561515000003325 ], [ -73.130468999996495, -40.56156200000332 ], [ -73.130423999996495, -40.561676000003331 ], [ -73.130389999996495, -40.561732000003325 ], [ -73.130265999996496, -40.561737000003305 ], [ -73.130096999996496, -40.561904000003331 ], [ -73.129987999996501, -40.562067000003331 ], [ -73.129883999996494, -40.562249000003334 ], [ -73.129645999996484, -40.562292000003332 ], [ -73.129509999996486, -40.562385000003331 ], [ -73.129329999996486, -40.56245600000333 ], [ -73.129193999996488, -40.562476000003322 ], [ -73.129107999996492, -40.562517000003318 ], [ -73.129051999996491, -40.562646000003312 ], [ -73.129058999996488, -40.562706000003324 ], [ -73.12879199999648, -40.56271300000332 ], [ -73.128654999996485, -40.562711000003333 ], [ -73.128506999996489, -40.562634000003321 ], [ -73.128162999996476, -40.56259600000331 ], [ -73.12803199999648, -40.562521000003322 ], [ -73.12793799999649, -40.562464000003324 ], [ -73.127858999996477, -40.562468000003314 ], [ -73.127784999996479, -40.562525000003333 ], [ -73.127744999996466, -40.562646000003319 ], [ -73.127547999996466, -40.562776000003311 ], [ -73.127536999996479, -40.562783000003314 ], [ -73.127405999996469, -40.562762000003332 ], [ -73.127318999996476, -40.562693000003307 ], [ -73.127198999996466, -40.562590000003333 ], [ -73.127079999996468, -40.562572000003321 ], [ -73.126805999996463, -40.562454000003328 ], [ -73.126648999996462, -40.562262000003329 ], [ -73.126554999996458, -40.562112000003324 ], [ -73.126559999996473, -40.561926000003325 ], [ -73.126438999996466, -40.561838000003327 ], [ -73.126285999996455, -40.561839000003317 ], [ -73.126125999996475, -40.561874000003328 ], [ -73.125959999996468, -40.561885000003343 ], [ -73.125805999996444, -40.561944000003322 ], [ -73.125702999996449, -40.562040000003314 ], [ -73.125607999996461, -40.562209000003328 ], [ -73.125573999996448, -40.562255000003326 ], [ -73.125383999996444, -40.56235900000334 ], [ -73.125226999996457, -40.562378000003328 ], [ -73.125102999996443, -40.562290000003323 ], [ -73.125136999996457, -40.562167000003313 ], [ -73.125219999996446, -40.561929000003332 ], [ -73.125153999996442, -40.561846000003328 ], [ -73.125077999996478, -40.561814000003331 ], [ -73.12504799999644, -40.561640000003322 ], [ -73.125063999996442, -40.561539000003343 ], [ -73.125090999996445, -40.561446000003322 ], [ -73.125077999996478, -40.561217000003325 ], [ -73.125151999996447, -40.561113000003331 ], [ -73.125413999996439, -40.560972000003325 ], [ -73.125615999996455, -40.560879000003311 ], [ -73.12567999999645, -40.560815000003323 ], [ -73.12569699999645, -40.560694000003316 ], [ -73.125561999996449, -40.560557000003321 ], [ -73.125209999996443, -40.560464000003321 ], [ -73.125066999996449, -40.560394000003321 ], [ -73.124852999996449, -40.560950000003324 ], [ -73.124348999996442, -40.562328000003326 ], [ -73.123916999996439, -40.563508000003331 ], [ -73.123528999996424, -40.564568000003341 ], [ -73.12384499999645, -40.564614000003345 ], [ -73.124098999996448, -40.564656000003346 ], [ -73.12481699999644, -40.564805000003325 ], [ -73.125479999996443, -40.564957000003332 ], [ -73.125855999996446, -40.565047000003339 ], [ -73.126381999996482, -40.565178000003307 ], [ -73.126755999996462, -40.565269000003326 ], [ -73.12744499999647, -40.565452000003347 ], [ -73.127931999996477, -40.56558700000334 ], [ -73.12833999999647, -40.565726000003323 ], [ -73.128905999996491, -40.565935000003329 ], [ -73.129319999996483, -40.566099000003327 ], [ -73.12959299999649, -40.566207000003345 ], [ -73.129769999996498, -40.566298000003322 ], [ -73.129926999996499, -40.566407000003323 ], [ -73.1300109999965, -40.566476000003341 ], [ -73.130197999996497, -40.566682000003318 ], [ -73.130485999996495, -40.56703300000332 ], [ -73.130686999996499, -40.567286000003321 ], [ -73.130788999996497, -40.567355000003339 ], [ -73.130953999996507, -40.567431000003339 ], [ -73.130993999996505, -40.567442000003339 ], [ -73.131106999996518, -40.567465000003324 ], [ -73.13130899999652, -40.567491000003322 ], [ -73.131828999996515, -40.56756400000333 ], [ -73.132468999996505, -40.567659000003346 ], [ -73.132926999996528, -40.567728000003328 ], [ -73.133564999996523, -40.567820000003337 ], [ -73.13410399999654, -40.567894000003335 ], [ -73.134678999996538, -40.567973000003327 ], [ -73.135374999996557, -40.568069000003334 ], [ -73.13593499999655, -40.568146000003324 ], [ -73.136484999996554, -40.568219000003332 ], [ -73.137129999996574, -40.56829900000335 ], [ -73.137571999996567, -40.568350000003328 ], [ -73.137888999996576, -40.568389000003336 ], [ -73.138006999996577, -40.568393000003347 ], [ -73.13820099999657, -40.568388000003345 ], [ -73.138375999996569, -40.568373000003341 ], [ -73.138965999996572, -40.568308000003327 ], [ -73.139103999996578, -40.568292000003332 ], [ -73.139894999996585, -40.568213000003325 ], [ -73.141112999996594, -40.568087000003331 ], [ -73.141538999996598, -40.568039000003324 ], [ -73.141760999996606, -40.568006000003329 ], [ -73.14200299999662, -40.567946000003332 ], [ -73.142366999996625, -40.567797000003338 ], [ -73.142648999996609, -40.567688000003329 ], [ -73.142834999996609, -40.567615000003336 ], [ -73.142920999996619, -40.567601000003322 ], [ -73.143026999996621, -40.567601000003322 ], [ -73.143112999996617, -40.567613000003334 ], [ -73.14318899999661, -40.567634000003324 ], [ -73.143317999996626, -40.567680000003342 ], [ -73.143399999996632, -40.567700000003342 ], [ -73.143460999996634, -40.567705000003322 ], [ -73.14356399999663, -40.567707000003338 ], [ -73.143688999996627, -40.567690000003338 ], [ -73.144138999996628, -40.567568000003334 ], [ -73.144300999996631, -40.567511000003329 ], [ -73.144575999996647, -40.567404000003322 ], [ -73.144714999996637, -40.56736000000334 ], [ -73.144775999996639, -40.56735300000333 ], [ -73.144867999996649, -40.567358000003324 ], [ -73.145102999996638, -40.567235000003322 ], [ -73.145768999996648, -40.566901000003341 ], [ -73.146325999996662, -40.566577000003328 ], [ -73.146597999996658, -40.566398000003332 ], [ -73.147125999996661, -40.566040000003326 ], [ -73.147468999996661, -40.565800000003335 ], [ -73.14759499999667, -40.565717000003332 ], [ -73.148012999996666, -40.565432000003334 ], [ -73.148390999996664, -40.565142000003334 ], [ -73.14856299999667, -40.565015000003342 ], [ -73.148779999996663, -40.564800000003338 ], [ -73.148877999996671, -40.564702000003329 ], [ -73.149715999996687, -40.56348600000333 ] ] ] } },
{ "type": "Feature", "properties": { "zona": "25" }, "geometry": { "type": "Polygon", "coordinates": [ [ [ -73.149715999996687, -40.56348600000333 ], [ -73.148877999996671, -40.564702000003329 ], [ -73.148779999996663, -40.564800000003338 ], [ -73.14856299999667, -40.565015000003342 ], [ -73.148390999996664, -40.565142000003334 ], [ -73.148012999996666, -40.565432000003334 ], [ -73.14759499999667, -40.565717000003332 ], [ -73.147468999996661, -40.565800000003335 ], [ -73.147125999996661, -40.566040000003326 ], [ -73.146597999996658, -40.566398000003332 ], [ -73.146325999996662, -40.566577000003328 ], [ -73.145768999996648, -40.566901000003341 ], [ -73.145102999996638, -40.567235000003322 ], [ -73.144867999996649, -40.567358000003324 ], [ -73.144775999996639, -40.56735300000333 ], [ -73.144714999996637, -40.56736000000334 ], [ -73.144575999996647, -40.567404000003322 ], [ -73.144300999996631, -40.567511000003329 ], [ -73.144138999996628, -40.567568000003334 ], [ -73.143688999996627, -40.567690000003338 ], [ -73.14356399999663, -40.567707000003338 ], [ -73.143460999996634, -40.567705000003322 ], [ -73.143399999996632, -40.567700000003342 ], [ -73.143317999996626, -40.567680000003342 ], [ -73.14318899999661, -40.567634000003324 ], [ -73.143112999996617, -40.567613000003334 ], [ -73.143026999996621, -40.567601000003322 ], [ -73.142920999996619, -40.567601000003322 ], [ -73.142834999996609, -40.567615000003336 ], [ -73.142648999996609, -40.567688000003329 ], [ -73.142366999996625, -40.567797000003338 ], [ -73.14200299999662, -40.567946000003332 ], [ -73.141760999996606, -40.568006000003329 ], [ -73.141538999996598, -40.568039000003324 ], [ -73.141112999996594, -40.568087000003331 ], [ -73.139894999996585, -40.568213000003325 ], [ -73.139103999996578, -40.568292000003332 ], [ -73.139036999996577, -40.56872800000334 ], [ -73.138871999996582, -40.569800000003333 ], [ -73.138872999996565, -40.569800000003326 ], [ -73.140478999996589, -40.569736000003346 ], [ -73.141512999996607, -40.569674000003346 ], [ -73.141856999996605, -40.569653000003328 ], [ -73.142842999996617, -40.569665000003333 ], [ -73.143603999996628, -40.569567000003339 ], [ -73.143958999996627, -40.569592000003325 ], [ -73.144373999996631, -40.569882000003339 ], [ -73.14479999999665, -40.570145000003329 ], [ -73.14509099999664, -40.57048800000333 ], [ -73.145266999996636, -40.570908000003342 ], [ -73.145511999996629, -40.571385000003325 ], [ -73.145996999996626, -40.57223300000333 ], [ -73.146335999996651, -40.572270000003329 ], [ -73.147082999996655, -40.572255000003338 ], [ -73.147923999996664, -40.57169400000334 ], [ -73.148492999996662, -40.571282000003343 ], [ -73.14986899999667, -40.57067800000334 ], [ -73.15036199999669, -40.570471000003337 ], [ -73.151874999996693, -40.56934800000333 ], [ -73.152141999996701, -40.569184000003332 ], [ -73.154286999996714, -40.568400000003329 ], [ -73.155420999996721, -40.567926000003339 ], [ -73.153516999996711, -40.56624700000333 ], [ -73.153986999996718, -40.566004000003325 ], [ -73.154356999996722, -40.565736000003334 ], [ -73.154776999996727, -40.565213000003325 ], [ -73.154994999996731, -40.564983000003316 ], [ -73.154894999996728, -40.564804000003335 ], [ -73.154451999996724, -40.564527000003331 ], [ -73.154530999996723, -40.564446000003343 ], [ -73.154610999996734, -40.564190000003336 ], [ -73.154697999996728, -40.563917000003336 ], [ -73.154802999996733, -40.563583000003334 ], [ -73.154920999996733, -40.563225000003321 ], [ -73.154717999996734, -40.563247000003322 ], [ -73.154406999996723, -40.563279000003334 ], [ -73.154093999996718, -40.56330200000334 ], [ -73.153924999996718, -40.563315000003328 ], [ -73.152990999996717, -40.563396000003323 ], [ -73.152466999996705, -40.563447000003343 ], [ -73.152491999996698, -40.56324500000332 ], [ -73.152212999996706, -40.563212000003325 ], [ -73.152235999996705, -40.562737000003331 ], [ -73.152259999996701, -40.562173000003327 ], [ -73.151640999996701, -40.562074000003321 ], [ -73.151159999996679, -40.561993000003326 ], [ -73.150518999996706, -40.561907000003323 ], [ -73.150349999996692, -40.56187600000333 ], [ -73.149715999996687, -40.56348600000333 ] ] ] } },
{ "type": "Feature", "properties": { "zona": "61" }, "geometry": { "type": "Polygon", "coordinates": [ [ [ -73.150349999996692, -40.56187600000333 ], [ -73.150518999996706, -40.561907000003323 ], [ -73.151159999996679, -40.561993000003326 ], [ -73.151640999996701, -40.562074000003321 ], [ -73.152259999996701, -40.562173000003327 ], [ -73.152235999996705, -40.562737000003331 ], [ -73.152212999996706, -40.563212000003325 ], [ -73.152491999996698, -40.56324500000332 ], [ -73.152466999996705, -40.563447000003343 ], [ -73.152990999996717, -40.563396000003323 ], [ -73.153924999996718, -40.563315000003328 ], [ -73.154093999996718, -40.56330200000334 ], [ -73.154406999996723, -40.563279000003334 ], [ -73.154717999996734, -40.563247000003322 ], [ -73.154920999996733, -40.563225000003321 ], [ -73.154802999996733, -40.563583000003334 ], [ -73.154697999996728, -40.563917000003336 ], [ -73.154610999996734, -40.564190000003336 ], [ -73.154530999996723, -40.564446000003343 ], [ -73.154451999996724, -40.564527000003331 ], [ -73.154894999996728, -40.564804000003335 ], [ -73.154994999996731, -40.564983000003316 ], [ -73.154776999996727, -40.565213000003325 ], [ -73.154356999996722, -40.565736000003334 ], [ -73.153986999996718, -40.566004000003325 ], [ -73.153516999996711, -40.56624700000333 ], [ -73.155420999996721, -40.567926000003339 ], [ -73.155458999996725, -40.567911000003328 ], [ -73.155552999996729, -40.567734000003334 ], [ -73.155875999996738, -40.567224000003328 ], [ -73.156120999996745, -40.566684000003328 ], [ -73.156220999996734, -40.566604000003323 ], [ -73.156532999996742, -40.566509000003336 ], [ -73.156780999996741, -40.566531000003316 ], [ -73.157077999996744, -40.566635000003352 ], [ -73.157274999996758, -40.566474000003332 ], [ -73.158446999996755, -40.565438000003333 ], [ -73.158847999996766, -40.564830000003347 ], [ -73.158929999996772, -40.563569000003341 ], [ -73.159107999996763, -40.562034000003329 ], [ -73.159271999996776, -40.560668000003346 ], [ -73.159316999996776, -40.560229000003325 ], [ -73.159243999996775, -40.558926000003311 ], [ -73.159783999996776, -40.557723000003321 ], [ -73.159848999996754, -40.557395000003325 ], [ -73.160149999996776, -40.556778000003327 ], [ -73.159662999996769, -40.556626000003334 ], [ -73.157470999996761, -40.555849000003327 ], [ -73.155866999996732, -40.555278000003312 ], [ -73.15507999999673, -40.554996000003321 ], [ -73.15460699999673, -40.554826000003331 ], [ -73.1526489999967, -40.55413700000333 ], [ -73.152572999996693, -40.554121000003313 ], [ -73.152545999996732, -40.554078000003322 ], [ -73.152510999996707, -40.554055000003324 ], [ -73.15225099999671, -40.553956000003332 ], [ -73.15177799999671, -40.553788000003337 ], [ -73.151335999996704, -40.553630000003324 ], [ -73.151167999996701, -40.553547000003313 ], [ -73.150908999996687, -40.553449000003326 ], [ -73.150906999996693, -40.553449000003319 ], [ -73.150925999996687, -40.553591000003323 ], [ -73.151258999996685, -40.555577000003332 ], [ -73.151607999996699, -40.558097000003329 ], [ -73.151557999996697, -40.558457000003322 ], [ -73.151289999996692, -40.559316000003328 ], [ -73.150389999996705, -40.561775000003323 ], [ -73.150349999996692, -40.56187600000333 ] ] ] } },
{ "type": "Feature", "properties": { "zona": "19" }, "geometry": { "type": "Polygon", "coordinates": [ [ [ -73.13562699999656, -40.584382000003338 ], [ -73.135692999996564, -40.584378000003348 ], [ -73.136651999996559, -40.584158000003335 ], [ -73.136966999996559, -40.58446000000334 ], [ -73.137452999996569, -40.584104000003343 ], [ -73.137725999996604, -40.583895000003331 ], [ -73.137957999996573, -40.58364500000333 ], [ -73.138092999996573, -40.583460000003328 ], [ -73.138219999996565, -40.58326100000334 ], [ -73.138316999996576, -40.58311000000333 ], [ -73.138454999996569, -40.582915000003332 ], [ -73.138585999996579, -40.582702000003337 ], [ -73.138610999996573, -40.582598000003344 ], [ -73.138613999996579, -40.582412000003337 ], [ -73.138779999996586, -40.582154000003335 ], [ -73.139037999996589, -40.581739000003331 ], [ -73.139145999996586, -40.581525000003346 ], [ -73.139190999996586, -40.581313000003348 ], [ -73.139225999996583, -40.580964000003341 ], [ -73.139225999996583, -40.580719000003334 ], [ -73.139486999996592, -40.58067400000332 ], [ -73.139555999996603, -40.580651000003336 ], [ -73.139693999996581, -40.580574000003331 ], [ -73.139520999996591, -40.580359000003334 ], [ -73.139310999996582, -40.580096000003323 ], [ -73.139111999996587, -40.579700000003328 ], [ -73.139051999996582, -40.579581000003351 ], [ -73.138993999996572, -40.579521000003339 ], [ -73.13888799999657, -40.579484000003333 ], [ -73.138816999996592, -40.579454000003331 ], [ -73.13873899999659, -40.579409000003345 ], [ -73.138604999996573, -40.579317000003336 ], [ -73.138547999996575, -40.579254000003338 ], [ -73.138540999996579, -40.57924500000334 ], [ -73.138448999996569, -40.579315000003326 ], [ -73.137968999996573, -40.579707000003324 ], [ -73.137290999996551, -40.579725000003343 ], [ -73.136095999996556, -40.579759000003328 ], [ -73.135616999996557, -40.579772000003338 ], [ -73.134995999996548, -40.579780000003339 ], [ -73.134314999996548, -40.579801000003329 ], [ -73.13252099999653, -40.579856000003339 ], [ -73.131371999996517, -40.579883000003342 ], [ -73.130889999996498, -40.579895000003333 ], [ -73.130102999996495, -40.579837000003337 ], [ -73.128990999996489, -40.579773000003328 ], [ -73.128941999996485, -40.580139000003335 ], [ -73.128847999996481, -40.580921000003336 ], [ -73.128820999996492, -40.581145000003346 ], [ -73.128768999996481, -40.581640000003347 ], [ -73.12868499999648, -40.582295000003334 ], [ -73.128594999996494, -40.582940000003347 ], [ -73.128547999996499, -40.583426000003328 ], [ -73.12863599999649, -40.583567000003335 ], [ -73.128757999996481, -40.583483000003334 ], [ -73.128793999996489, -40.583420000003336 ], [ -73.128846999996483, -40.583278000003347 ], [ -73.128907999996486, -40.583124000003345 ], [ -73.12900599999648, -40.582886000003334 ], [ -73.129105999996483, -40.582645000003332 ], [ -73.129268999996484, -40.582359000003329 ], [ -73.12951799999648, -40.582363000003333 ], [ -73.1300559999965, -40.582375000003331 ], [ -73.130503999996506, -40.58238000000334 ], [ -73.131126999996511, -40.582385000003335 ], [ -73.131592999996514, -40.582387000003358 ], [ -73.132260999996518, -40.582390000003329 ], [ -73.132672999996529, -40.582391000003348 ], [ -73.133022999996527, -40.582392000003345 ], [ -73.133487999996532, -40.582391000003327 ], [ -73.134059999996524, -40.582385000003342 ], [ -73.134458999996525, -40.582382000003335 ], [ -73.134976999996525, -40.582376000003336 ], [ -73.135462999996562, -40.582373000003329 ], [ -73.135940999996549, -40.582369000003354 ], [ -73.135933999996553, -40.583427000003347 ], [ -73.135920999996543, -40.583627000003339 ], [ -73.135858999996543, -40.583770000003341 ], [ -73.13582599999657, -40.583833000003331 ], [ -73.135805999996549, -40.583885000003342 ], [ -73.135783999996548, -40.583951000003339 ], [ -73.135753999996552, -40.584039000003337 ], [ -73.135687999996549, -40.584200000003342 ], [ -73.13562699999656, -40.584382000003338 ] ] ] } },
{ "type": "Feature", "properties": { "zona": "14" }, "geometry": { "type": "Polygon", "coordinates": [ [ [ -73.13562699999656, -40.584382000003338 ], [ -73.135687999996549, -40.584200000003342 ], [ -73.135753999996552, -40.584039000003337 ], [ -73.135783999996548, -40.583951000003339 ], [ -73.135805999996549, -40.583885000003342 ], [ -73.13582599999657, -40.583833000003331 ], [ -73.135858999996543, -40.583770000003341 ], [ -73.135920999996543, -40.583627000003339 ], [ -73.135933999996553, -40.583427000003347 ], [ -73.135940999996549, -40.582369000003354 ], [ -73.135462999996562, -40.582373000003329 ], [ -73.134976999996525, -40.582376000003336 ], [ -73.134458999996525, -40.582382000003335 ], [ -73.134059999996524, -40.582385000003342 ], [ -73.133487999996532, -40.582391000003327 ], [ -73.133022999996527, -40.582392000003345 ], [ -73.132672999996529, -40.582391000003348 ], [ -73.132260999996518, -40.582390000003329 ], [ -73.131592999996514, -40.582387000003358 ], [ -73.131126999996511, -40.582385000003335 ], [ -73.130503999996506, -40.58238000000334 ], [ -73.1300559999965, -40.582375000003331 ], [ -73.12951799999648, -40.582363000003333 ], [ -73.129268999996484, -40.582359000003329 ], [ -73.129105999996483, -40.582645000003332 ], [ -73.12900599999648, -40.582886000003334 ], [ -73.128907999996486, -40.583124000003345 ], [ -73.128846999996483, -40.583278000003347 ], [ -73.128793999996489, -40.583420000003336 ], [ -73.128757999996481, -40.583483000003334 ], [ -73.12863599999649, -40.583567000003335 ], [ -73.128547999996499, -40.583426000003328 ], [ -73.128594999996494, -40.582940000003347 ], [ -73.12868499999648, -40.582295000003334 ], [ -73.128768999996481, -40.581640000003347 ], [ -73.128820999996492, -40.581145000003346 ], [ -73.12823299999647, -40.581144000003349 ], [ -73.127810999996484, -40.581144000003334 ], [ -73.127330999996474, -40.581148000003331 ], [ -73.126950999996467, -40.581152000003335 ], [ -73.126727999996476, -40.581158000003335 ], [ -73.126490999996463, -40.581176000003325 ], [ -73.126230999996451, -40.581220000003341 ], [ -73.126147999996462, -40.581240000003326 ], [ -73.126066999996453, -40.581266000003332 ], [ -73.126011999996464, -40.581284000003336 ], [ -73.125643999996441, -40.581418000003339 ], [ -73.125241999996447, -40.581574000003343 ], [ -73.124948999996462, -40.581687000003342 ], [ -73.124808999996446, -40.581741000003348 ], [ -73.124761999996451, -40.581757000003343 ], [ -73.124734999996448, -40.58176500000333 ], [ -73.124652999996442, -40.581791000003342 ], [ -73.124590999996443, -40.581807000003344 ], [ -73.124555999996446, -40.581812000003339 ], [ -73.124533999996444, -40.581815000003346 ], [ -73.124469999996478, -40.581820000003333 ], [ -73.124371999996441, -40.58181700000334 ], [ -73.123895999996449, -40.581773000003338 ], [ -73.123654999996447, -40.581753000003339 ], [ -73.123314999996438, -40.581723000003329 ], [ -73.123291999996439, -40.581787000003345 ], [ -73.123265999996448, -40.581859000003341 ], [ -73.123241999996424, -40.581918000003348 ], [ -73.123207999996438, -40.581994000003334 ], [ -73.123103999996445, -40.58217000000333 ], [ -73.123026999996426, -40.582300000003329 ], [ -73.122891999996412, -40.582530000003352 ], [ -73.122840999996413, -40.582616000003341 ], [ -73.122655999996439, -40.58293000000333 ], [ -73.122532999996423, -40.583140000003333 ], [ -73.122439999996416, -40.583298000003346 ], [ -73.122336999996421, -40.583460000003328 ], [ -73.122217999996437, -40.583649000003341 ], [ -73.122038999996434, -40.583931000003346 ], [ -73.121823999996437, -40.584278000003337 ], [ -73.121708999996414, -40.584454000003348 ], [ -73.121513999996395, -40.584752000003348 ], [ -73.121146999996412, -40.585321000003354 ], [ -73.121059999996405, -40.585412000003338 ], [ -73.120830999996414, -40.585669000003328 ], [ -73.120469999996402, -40.586075000003341 ], [ -73.120324999996399, -40.586236000003339 ], [ -73.120018999996404, -40.586580000003345 ], [ -73.119716999996399, -40.586921000003329 ], [ -73.119365999996404, -40.587313000003341 ], [ -73.119087999996381, -40.587624000003338 ], [ -73.119059999996381, -40.587654000003347 ], [ -73.119158999996401, -40.587758000003355 ], [ -73.119400999996387, -40.588010000003351 ], [ -73.11951799999639, -40.588132000003355 ], [ -73.119654999996385, -40.588281000003327 ], [ -73.119871999996391, -40.588516000003345 ], [ -73.120200999996399, -40.588878000003348 ], [ -73.120700999996401, -40.589407000003348 ], [ -73.120799999996407, -40.589507000003351 ], [ -73.121052999996422, -40.589779000003347 ], [ -73.121283999996422, -40.590024000003353 ], [ -73.121491999996408, -40.590250000003344 ], [ -73.121326999996413, -40.590483000003353 ], [ -73.121214999996397, -40.590655000003338 ], [ -73.120969999996419, -40.591029000003346 ], [ -73.120724999996412, -40.591376000003343 ], [ -73.120518999996406, -40.591670000003347 ], [ -73.12035599999642, -40.591904000003346 ], [ -73.120001999996404, -40.592412000003343 ], [ -73.119965999996381, -40.592463000003335 ], [ -73.119902999996398, -40.592559000003362 ], [ -73.120387999996396, -40.592816000003339 ], [ -73.120483999996395, -40.592867000003352 ], [ -73.120515999996414, -40.592884000003352 ], [ -73.120637999996404, -40.592942000003355 ], [ -73.120872999996436, -40.593054000003335 ], [ -73.121124999996397, -40.593174000003344 ], [ -73.121364999996402, -40.593285000003348 ], [ -73.121554999996405, -40.593373000003346 ], [ -73.12197699999642, -40.593569000003335 ], [ -73.122069999996427, -40.593612000003354 ], [ -73.122324999996422, -40.593730000003347 ], [ -73.122502999996414, -40.593812000003346 ], [ -73.122801999996412, -40.593954000003336 ], [ -73.123158999996448, -40.594124000003355 ], [ -73.123293999996434, -40.594188000003342 ], [ -73.123528999996424, -40.594300000003336 ], [ -73.123708999996424, -40.594385000003335 ], [ -73.123776999996423, -40.594418000003351 ], [ -73.123749999996434, -40.594453000003355 ], [ -73.123674999996439, -40.594554000003356 ], [ -73.123625999996449, -40.594652000003343 ], [ -73.123586999996448, -40.594729000003341 ], [ -73.12356599999643, -40.594787000003336 ], [ -73.123538999996427, -40.594861000003348 ], [ -73.123501999996435, -40.594962000003335 ], [ -73.123409999996426, -40.595214000003338 ], [ -73.123358999996427, -40.59535300000335 ], [ -73.123322999996446, -40.595507000003344 ], [ -73.123309999996437, -40.595619000003346 ], [ -73.123296999996427, -40.59582300000335 ], [ -73.123257999996426, -40.596061000003338 ], [ -73.123227999996431, -40.596284000003344 ], [ -73.123198999996433, -40.596554000003351 ], [ -73.123164999996433, -40.596805000003343 ], [ -73.12310199999645, -40.597142000003359 ], [ -73.123089999996452, -40.597252000003344 ], [ -73.123079999996435, -40.597382000003343 ], [ -73.123082999996427, -40.597464000003349 ], [ -73.123091999996433, -40.597575000003353 ], [ -73.123160999996443, -40.597922000003344 ], [ -73.123268999996426, -40.598394000003339 ], [ -73.123404999996438, -40.599025000003351 ], [ -73.123554999996429, -40.599672000003352 ], [ -73.123658999996451, -40.600268000003354 ], [ -73.123671999996432, -40.600358000003354 ], [ -73.123807999996444, -40.60089400000335 ], [ -73.123901999996434, -40.601201000003343 ], [ -73.123984999996424, -40.60165800000334 ], [ -73.124011999996426, -40.601776000003348 ], [ -73.124035999996423, -40.601904000003351 ], [ -73.124076999996433, -40.602178000003349 ], [ -73.124055999996443, -40.602315000003344 ], [ -73.124042999996433, -40.602378000003355 ], [ -73.124047999996449, -40.602373000003347 ], [ -73.127405999996469, -40.601821000003355 ], [ -73.12728199999647, -40.601687000003352 ], [ -73.127130999996467, -40.601579000003355 ], [ -73.12672299999646, -40.601360000003346 ], [ -73.126559999996473, -40.601257000003343 ], [ -73.126162999996453, -40.601083000003349 ], [ -73.125597999996444, -40.599583000003349 ], [ -73.125615999996455, -40.599293000003343 ], [ -73.125665999996457, -40.599165000003353 ], [ -73.125668999996464, -40.59903100000335 ], [ -73.125739999996455, -40.598897000003348 ], [ -73.125769999996493, -40.598738000003351 ], [ -73.125696999996464, -40.598515000003346 ], [ -73.125612999996463, -40.598261000003362 ], [ -73.125571999996438, -40.598164000003337 ], [ -73.125461999996446, -40.598037000003352 ], [ -73.125417999996444, -40.597941000003345 ], [ -73.12526899999645, -40.597778000003352 ], [ -73.124984999996443, -40.597594000003348 ], [ -73.124868999996465, -40.597499000003346 ], [ -73.124867999996439, -40.59739300000335 ], [ -73.125124999996459, -40.597221000003344 ], [ -73.125246999996449, -40.597190000003344 ], [ -73.125622999996438, -40.597156000003352 ], [ -73.125742999996461, -40.597010000003351 ], [ -73.125733999996456, -40.596844000003344 ], [ -73.125629999996463, -40.596773000003346 ], [ -73.125496999996443, -40.596687000003342 ], [ -73.125502999996442, -40.596574000003351 ], [ -73.12560999999647, -40.596542000003353 ], [ -73.125715999996459, -40.596542000003339 ], [ -73.125901999996458, -40.596318000003336 ], [ -73.126143999996458, -40.595961000003335 ], [ -73.126351999996459, -40.595960000003345 ], [ -73.12641899999646, -40.595930000003342 ], [ -73.126404999996453, -40.595839000003345 ], [ -73.126354999996465, -40.595768000003332 ], [ -73.126223999996455, -40.595674000003349 ], [ -73.125971999996452, -40.595569000003337 ], [ -73.125866999996461, -40.595492000003347 ], [ -73.125824999996468, -40.595329000003346 ], [ -73.126264999996465, -40.594656000003333 ], [ -73.127189999996475, -40.594573000003336 ], [ -73.127967999996471, -40.593500000003353 ], [ -73.130047999996506, -40.59209800000334 ], [ -73.130085999996496, -40.59171800000334 ], [ -73.131085999996515, -40.591134000003336 ], [ -73.131351999996511, -40.590770000003346 ], [ -73.131470999996509, -40.590608000003336 ], [ -73.131085999996515, -40.589673000003344 ], [ -73.131778999996513, -40.589060000003336 ], [ -73.132547999996532, -40.588622000003348 ], [ -73.133025999996519, -40.588207000003337 ], [ -73.134163999996531, -40.586927000003342 ], [ -73.133893999996531, -40.586226000003329 ], [ -73.133355999996525, -40.585788000003333 ], [ -73.133054999996531, -40.585855000003335 ], [ -73.132892999996528, -40.586096000003344 ], [ -73.132866999996523, -40.586388000003339 ], [ -73.132952999996533, -40.586680000003355 ], [ -73.13278199999651, -40.586687000003337 ], [ -73.13241399999653, -40.586263000003335 ], [ -73.132336999996511, -40.586174000003332 ], [ -73.132174999996522, -40.586161000003337 ], [ -73.132122999996511, -40.586245000003345 ], [ -73.131917999996503, -40.586310000003344 ], [ -73.131840999996513, -40.586466000003348 ], [ -73.131840999996513, -40.58659600000334 ], [ -73.131635999996519, -40.586875000003353 ], [ -73.131344999996514, -40.586966000003322 ], [ -73.131105999996521, -40.586966000003336 ], [ -73.130959999996506, -40.586855000003339 ], [ -73.130712999996504, -40.586829000003341 ], [ -73.130412999996508, -40.586622000003338 ], [ -73.130309999996499, -40.586497000003341 ], [ -73.1303489999965, -40.586404000003348 ], [ -73.130520999996506, -40.586279000003337 ], [ -73.131120999996512, -40.586038000003335 ], [ -73.131471999996506, -40.585803000003338 ], [ -73.131912999996516, -40.585384000003337 ], [ -73.132078999996509, -40.585178000003346 ], [ -73.132316999996533, -40.585048000003333 ], [ -73.133066999996529, -40.584509000003344 ], [ -73.133949999996545, -40.583954000003338 ], [ -73.134160999996539, -40.58381400000335 ], [ -73.134325999996534, -40.583778000003335 ], [ -73.134497999996526, -40.583752000003344 ], [ -73.134721999996543, -40.583786000003336 ], [ -73.134909999996538, -40.583853000003337 ], [ -73.135070999996543, -40.583963000003351 ], [ -73.135509999996557, -40.584356000003346 ], [ -73.135543999996543, -40.584388000003351 ], [ -73.13562699999656, -40.584382000003338 ] ] ] } },
{ "type": "Feature", "properties": { "zona": "35" }, "geometry": { "type": "Polygon", "coordinates": [ [ [ -73.124042999996433, -40.602378000003355 ], [ -73.124055999996443, -40.602315000003344 ], [ -73.124076999996433, -40.602178000003349 ], [ -73.124035999996423, -40.601904000003351 ], [ -73.124011999996426, -40.601776000003348 ], [ -73.123984999996424, -40.60165800000334 ], [ -73.123901999996434, -40.601201000003343 ], [ -73.123807999996444, -40.60089400000335 ], [ -73.123671999996432, -40.600358000003354 ], [ -73.123658999996451, -40.600268000003354 ], [ -73.123554999996429, -40.599672000003352 ], [ -73.123404999996438, -40.599025000003351 ], [ -73.123268999996426, -40.598394000003339 ], [ -73.123160999996443, -40.597922000003344 ], [ -73.123091999996433, -40.597575000003353 ], [ -73.123082999996427, -40.597464000003349 ], [ -73.123079999996435, -40.597382000003343 ], [ -73.123089999996452, -40.597252000003344 ], [ -73.12310199999645, -40.597142000003359 ], [ -73.123164999996433, -40.596805000003343 ], [ -73.123198999996433, -40.596554000003351 ], [ -73.123227999996431, -40.596284000003344 ], [ -73.123257999996426, -40.596061000003338 ], [ -73.123296999996427, -40.59582300000335 ], [ -73.123309999996437, -40.595619000003346 ], [ -73.123322999996446, -40.595507000003344 ], [ -73.123358999996427, -40.59535300000335 ], [ -73.123409999996426, -40.595214000003338 ], [ -73.123501999996435, -40.594962000003335 ], [ -73.123538999996427, -40.594861000003348 ], [ -73.12356599999643, -40.594787000003336 ], [ -73.123586999996448, -40.594729000003341 ], [ -73.123625999996449, -40.594652000003343 ], [ -73.123674999996439, -40.594554000003356 ], [ -73.123749999996434, -40.594453000003355 ], [ -73.123776999996423, -40.594418000003351 ], [ -73.123708999996424, -40.594385000003335 ], [ -73.123528999996424, -40.594300000003336 ], [ -73.123293999996434, -40.594188000003342 ], [ -73.123158999996448, -40.594124000003355 ], [ -73.122801999996412, -40.593954000003336 ], [ -73.122502999996414, -40.593812000003346 ], [ -73.122324999996422, -40.593730000003347 ], [ -73.122069999996427, -40.593612000003354 ], [ -73.12197699999642, -40.593569000003335 ], [ -73.121554999996405, -40.593373000003346 ], [ -73.121364999996402, -40.593285000003348 ], [ -73.121124999996397, -40.593174000003344 ], [ -73.120872999996436, -40.593054000003335 ], [ -73.120637999996404, -40.592942000003355 ], [ -73.120515999996414, -40.592884000003352 ], [ -73.120483999996395, -40.592867000003352 ], [ -73.120387999996396, -40.592816000003339 ], [ -73.119902999996398, -40.592559000003362 ], [ -73.119739999996398, -40.59243000000334 ], [ -73.1196319999964, -40.592345000003355 ], [ -73.1195759999964, -40.592301000003346 ], [ -73.119486999996383, -40.592231000003352 ], [ -73.119364999996407, -40.592135000003353 ], [ -73.119264999996403, -40.592056000003339 ], [ -73.119110999996394, -40.591936000003344 ], [ -73.118947999996394, -40.59180700000335 ], [ -73.118812999996393, -40.59170100000334 ], [ -73.118686999996385, -40.591607000003343 ], [ -73.11850299999638, -40.591473000003361 ], [ -73.118418999996393, -40.591534000003321 ], [ -73.118270999996369, -40.591641000003342 ], [ -73.118153999996395, -40.591726000003341 ], [ -73.118036999996392, -40.591810000003335 ], [ -73.117940999996392, -40.59188000000335 ], [ -73.117754999996393, -40.592012000003329 ], [ -73.117528999996367, -40.592171000003347 ], [ -73.117348999996366, -40.592028000003346 ], [ -73.117192999996377, -40.591904000003346 ], [ -73.11705099999638, -40.591791000003347 ], [ -73.116824999996368, -40.591616000003327 ], [ -73.116458999996354, -40.591330000003346 ], [ -73.116104999996352, -40.591056000003334 ], [ -73.115700999996363, -40.590745000003345 ], [ -73.115654999996352, -40.590781000003346 ], [ -73.115499999996359, -40.590902000003354 ], [ -73.115187999996351, -40.591138000003355 ], [ -73.114977999996341, -40.591296000003339 ], [ -73.114738999996348, -40.591467000003334 ], [ -73.114440999996347, -40.59167000000334 ], [ -73.114205999996344, -40.591837000003352 ], [ -73.114008999996344, -40.591972000003345 ], [ -73.113820999996335, -40.592101000003346 ], [ -73.11362599999633, -40.592235000003335 ], [ -73.113357999996325, -40.592418000003349 ], [ -73.113239999996324, -40.592498000003346 ], [ -73.112985999996326, -40.592678000003346 ], [ -73.112728999996364, -40.592854000003328 ], [ -73.112642999996325, -40.592911000003333 ], [ -73.112560999996333, -40.592959000003354 ], [ -73.112521999996332, -40.592976000003354 ], [ -73.112481999996319, -40.592989000003342 ], [ -73.112447999996334, -40.593004000003333 ], [ -73.112401999996322, -40.593034000003342 ], [ -73.112195999996331, -40.593168000003345 ], [ -73.112042999996333, -40.593275000003345 ], [ -73.111935999996319, -40.593348000003346 ], [ -73.111650999996314, -40.593542000003353 ], [ -73.11128299999632, -40.593814000003341 ], [ -73.111004999996325, -40.594038000003337 ], [ -73.110763999996308, -40.594229000003338 ], [ -73.110722999996298, -40.594261000003335 ], [ -73.110515999996295, -40.594407000003343 ], [ -73.11026399999632, -40.594584000003344 ], [ -73.110162999996319, -40.594655000003335 ], [ -73.109949999996303, -40.59480500000334 ], [ -73.109693999996296, -40.594985000003355 ], [ -73.109417999996296, -40.595180000003339 ], [ -73.109112999996299, -40.595394000003346 ], [ -73.108789999996318, -40.595621000003341 ], [ -73.108570999996303, -40.595775000003336 ], [ -73.108220999996277, -40.596036000003345 ], [ -73.108176999996289, -40.596096000003335 ], [ -73.107989999996278, -40.596356000003354 ], [ -73.107925999996297, -40.596534000003338 ], [ -73.107906999996288, -40.596757000003336 ], [ -73.107904999996293, -40.597143000003342 ], [ -73.107907999996272, -40.59764300000333 ], [ -73.107893999996278, -40.598145000003335 ], [ -73.107921999996293, -40.600116000003347 ], [ -73.108219999996294, -40.604620000003351 ], [ -73.112756999996336, -40.603214000003362 ], [ -73.115899999996358, -40.604078000003348 ], [ -73.120734999996415, -40.605703000003352 ], [ -73.121936999996436, -40.604734000003354 ], [ -73.122157999996432, -40.604481000003339 ], [ -73.12244799999641, -40.603943000003355 ], [ -73.122656999996423, -40.603810000003342 ], [ -73.12283999999643, -40.603637000003353 ], [ -73.123020999996427, -40.603384000003338 ], [ -73.123181999996447, -40.60298900000334 ], [ -73.123231999996435, -40.602928000003345 ], [ -73.12365599999643, -40.60280800000335 ], [ -73.123830999996443, -40.602635000003353 ], [ -73.124042999996433, -40.602378000003355 ] ] ] } },
{ "type": "Feature", "properties": { "zona": "49" }, "geometry": { "type": "Polygon", "coordinates": [ [ [ -73.139693999996581, -40.580574000003331 ], [ -73.139555999996603, -40.580651000003336 ], [ -73.139486999996592, -40.58067400000332 ], [ -73.139225999996583, -40.580719000003334 ], [ -73.139225999996583, -40.580964000003341 ], [ -73.139190999996586, -40.581313000003348 ], [ -73.139145999996586, -40.581525000003346 ], [ -73.139037999996589, -40.581739000003331 ], [ -73.138779999996586, -40.582154000003335 ], [ -73.138613999996579, -40.582412000003337 ], [ -73.138610999996573, -40.582598000003344 ], [ -73.138585999996579, -40.582702000003337 ], [ -73.138454999996569, -40.582915000003332 ], [ -73.138316999996576, -40.58311000000333 ], [ -73.138219999996565, -40.58326100000334 ], [ -73.138092999996573, -40.583460000003328 ], [ -73.137957999996573, -40.58364500000333 ], [ -73.137725999996604, -40.583895000003331 ], [ -73.137452999996569, -40.584104000003343 ], [ -73.136966999996559, -40.58446000000334 ], [ -73.13700599999656, -40.584498000003336 ], [ -73.137257999996564, -40.584999000003343 ], [ -73.137709999996574, -40.585903000003334 ], [ -73.138013999996573, -40.586483000003341 ], [ -73.13871899999657, -40.587856000003349 ], [ -73.139422999996597, -40.589220000003344 ], [ -73.140109999996582, -40.590548000003352 ], [ -73.140843999996605, -40.591963000003339 ], [ -73.141879999996618, -40.593968000003336 ], [ -73.142920999996619, -40.595964000003342 ], [ -73.142932999996617, -40.595959000003354 ], [ -73.143802999996623, -40.595529000003353 ], [ -73.144795999996646, -40.595037000003352 ], [ -73.145537999996648, -40.594673000003354 ], [ -73.14635099999667, -40.594268000003353 ], [ -73.147162999996667, -40.593869000003345 ], [ -73.147703999996665, -40.593601000003353 ], [ -73.147935999996662, -40.59348700000335 ], [ -73.148081999996677, -40.593603000003355 ], [ -73.148237999996667, -40.593713000003341 ], [ -73.148401999996665, -40.593738000003341 ], [ -73.148577999996689, -40.593702000003354 ], [ -73.148732999996668, -40.593644000003344 ], [ -73.148852999996677, -40.593589000003348 ], [ -73.149005999996689, -40.593588000003336 ], [ -73.149087999996681, -40.593602000003344 ], [ -73.149225999996673, -40.59362600000334 ], [ -73.14949199999667, -40.593656000003342 ], [ -73.149684999996666, -40.593633000003351 ], [ -73.149720999996674, -40.593615000003346 ], [ -73.14973399999667, -40.593607000003345 ], [ -73.149840999996684, -40.593549000003343 ], [ -73.149916999996705, -40.59346000000334 ], [ -73.149904999996679, -40.593345000003346 ], [ -73.149883999996689, -40.593261000003345 ], [ -73.149829999996669, -40.593035000003347 ], [ -73.149813999996667, -40.592909000003353 ], [ -73.149798999996676, -40.592761000003335 ], [ -73.149803999996692, -40.592711000003341 ], [ -73.149790999996668, -40.592598000003342 ], [ -73.149777999996687, -40.592467000003353 ], [ -73.149718999996665, -40.592364000003343 ], [ -73.149612999996677, -40.592124000003345 ], [ -73.149537999996681, -40.591931000003356 ], [ -73.149323999996668, -40.591463000003358 ], [ -73.149198999996671, -40.59121600000335 ], [ -73.149075999996668, -40.591050000003342 ], [ -73.148930999996665, -40.590888000003346 ], [ -73.148718999996689, -40.590659000003349 ], [ -73.148529999996654, -40.590448000003342 ], [ -73.148246999996658, -40.590165000003346 ], [ -73.147953999996687, -40.589892000003346 ], [ -73.147740999996671, -40.589696000003336 ], [ -73.147686999996665, -40.589642000003337 ], [ -73.14758199999666, -40.589528000003362 ], [ -73.147240999996654, -40.589090000003331 ], [ -73.147049999996653, -40.588810000003335 ], [ -73.146972999996663, -40.588685000003359 ], [ -73.146884999996658, -40.588531000003357 ], [ -73.146560999996652, -40.587935000003348 ], [ -73.146265999996658, -40.587345000003332 ], [ -73.145894999996642, -40.586594000003338 ], [ -73.145631999996638, -40.586090000003352 ], [ -73.145312999996648, -40.585520000003335 ], [ -73.144946999996634, -40.584855000003344 ], [ -73.144666999996645, -40.584359000003346 ], [ -73.144407999996631, -40.583906000003346 ], [ -73.144238999996631, -40.583617000003343 ], [ -73.144237999996633, -40.583615000003334 ], [ -73.14422599999665, -40.583596000003347 ], [ -73.144210999996631, -40.583572000003336 ], [ -73.144179999996624, -40.583523000003332 ], [ -73.144099999996627, -40.583397000003337 ], [ -73.144020999996627, -40.58327200000334 ], [ -73.143856999996629, -40.583009000003322 ], [ -73.143713999996635, -40.582784000003336 ], [ -73.143604999996626, -40.582624000003335 ], [ -73.143446999996627, -40.58241100000334 ], [ -73.143369999996622, -40.58230800000333 ], [ -73.143156999996634, -40.582025000003341 ], [ -73.143001999996613, -40.581821000003337 ], [ -73.142920999996619, -40.581813000003336 ], [ -73.142162999996614, -40.581742000003352 ], [ -73.141737999996622, -40.581603000003341 ], [ -73.141224999996595, -40.581437000003341 ], [ -73.140733999996598, -40.581276000003328 ], [ -73.140234999996579, -40.580957000003337 ], [ -73.139763999996589, -40.580661000003346 ], [ -73.139693999996581, -40.580574000003331 ] ] ] } },
{ "type": "Feature", "properties": { "zona": "38" }, "geometry": { "type": "Polygon", "coordinates": [ [ [ -73.141512999996607, -40.569674000003346 ], [ -73.140478999996589, -40.569736000003346 ], [ -73.138872999996565, -40.569800000003326 ], [ -73.138871999996582, -40.569800000003333 ], [ -73.138871999996582, -40.569801000003331 ], [ -73.138848999996569, -40.569801000003324 ], [ -73.138439999996578, -40.569819000003335 ], [ -73.138355999996577, -40.569822000003334 ], [ -73.138123999996566, -40.569857000003346 ], [ -73.137998999996569, -40.569876000003333 ], [ -73.137831999996578, -40.569769000003348 ], [ -73.137609999996556, -40.569625000003334 ], [ -73.137529999996559, -40.569574000003342 ], [ -73.137031999996552, -40.569439000003321 ], [ -73.136697999996571, -40.569383000003334 ], [ -73.136194999996547, -40.569300000003345 ], [ -73.135762999996544, -40.569269000003331 ], [ -73.135382999996551, -40.569243000003333 ], [ -73.134933999996534, -40.569162000003317 ], [ -73.134497999996526, -40.569083000003332 ], [ -73.134153999996528, -40.56902000000332 ], [ -73.133714999996528, -40.568941000003321 ], [ -73.133681999996526, -40.569210000003338 ], [ -73.133607999996528, -40.56982100000333 ], [ -73.133546999996526, -40.570532000003318 ], [ -73.133506999996513, -40.570874000003322 ], [ -73.133469999996521, -40.571163000003338 ], [ -73.133391999996519, -40.571940000003323 ], [ -73.133357999996534, -40.572246000003332 ], [ -73.133218999996529, -40.573304000003333 ], [ -73.133134999996528, -40.573953000003335 ], [ -73.133043999996517, -40.57463900000333 ], [ -73.134819999996537, -40.574573000003333 ], [ -73.135214999996549, -40.574555000003329 ], [ -73.13561999999655, -40.574534000003347 ], [ -73.135963999996548, -40.574516000003335 ], [ -73.136596999996556, -40.57448600000334 ], [ -73.137107999996559, -40.574463000003327 ], [ -73.137661999996567, -40.574438000003333 ], [ -73.138368999996572, -40.574406000003336 ], [ -73.139168999996599, -40.574354000003346 ], [ -73.13954399999659, -40.574336000003335 ], [ -73.139903999996591, -40.574319000003328 ], [ -73.139938999996602, -40.574317000003347 ], [ -73.140180999996588, -40.574315000003338 ], [ -73.140181999996585, -40.574315000003331 ], [ -73.14021799999658, -40.574313000003315 ], [ -73.140576999996597, -40.574117000003334 ], [ -73.140852999996596, -40.573962000003327 ], [ -73.140965999996595, -40.573899000003337 ], [ -73.141336999996597, -40.573750000003329 ], [ -73.141337999996594, -40.573750000003322 ], [ -73.141341999996598, -40.573667000003347 ], [ -73.141380999996599, -40.572936000003338 ], [ -73.141393999996595, -40.572223000003333 ], [ -73.141404999996595, -40.571601000003334 ], [ -73.141406999996605, -40.571546000003345 ], [ -73.141430999996601, -40.570589000003331 ], [ -73.141512999996607, -40.569674000003346 ] ] ] } },
{ "type": "Feature", "properties": { "zona": "24" }, "geometry": { "type": "Polygon", "coordinates": [ [ [ -73.141337999996594, -40.573750000003322 ], [ -73.141336999996597, -40.573750000003329 ], [ -73.140965999996595, -40.573899000003337 ], [ -73.140852999996596, -40.573962000003327 ], [ -73.140576999996597, -40.574117000003334 ], [ -73.14021799999658, -40.574313000003315 ], [ -73.140181999996585, -40.574315000003331 ], [ -73.140180999996588, -40.574315000003338 ], [ -73.140169999996587, -40.574373000003341 ], [ -73.14013499999659, -40.574572000003315 ], [ -73.140119999996585, -40.574659000003322 ], [ -73.140056999996588, -40.574888000003341 ], [ -73.139957999996582, -40.575230000003344 ], [ -73.13983099999659, -40.575624000003337 ], [ -73.139791999996589, -40.575668000003347 ], [ -73.139624999996585, -40.575858000003329 ], [ -73.139466999996586, -40.576061000003328 ], [ -73.139245999996589, -40.576431000003332 ], [ -73.13909599999657, -40.57668400000334 ], [ -73.139033999996585, -40.576731000003335 ], [ -73.138962999996565, -40.576777000003332 ], [ -73.138818999996587, -40.57683300000334 ], [ -73.138770999996567, -40.576860000003336 ], [ -73.138706999996572, -40.576902000003336 ], [ -73.138637999996575, -40.576973000003328 ], [ -73.138596999996565, -40.577032000003328 ], [ -73.138557999996578, -40.577088000003343 ], [ -73.138526999996571, -40.577136000003357 ], [ -73.138524999996577, -40.577142000003334 ], [ -73.138500999996566, -40.577208000003331 ], [ -73.138461999996565, -40.577390000003334 ], [ -73.138424999996573, -40.577516000003342 ], [ -73.138403999996569, -40.577611000003337 ], [ -73.13839799999657, -40.577697000003347 ], [ -73.138390999996588, -40.578006000003334 ], [ -73.138399999996565, -40.578439000003343 ], [ -73.138419999996572, -40.578876000003348 ], [ -73.138430999996572, -40.579013000003336 ], [ -73.138446999996575, -40.579080000003337 ], [ -73.138490999996577, -40.579181000003331 ], [ -73.138540999996579, -40.57924500000334 ], [ -73.138547999996575, -40.579254000003338 ], [ -73.138604999996573, -40.579317000003336 ], [ -73.13873899999659, -40.579409000003345 ], [ -73.138816999996592, -40.579454000003331 ], [ -73.13888799999657, -40.579484000003333 ], [ -73.138993999996572, -40.579521000003339 ], [ -73.139051999996582, -40.579581000003351 ], [ -73.139111999996587, -40.579700000003328 ], [ -73.139310999996582, -40.580096000003323 ], [ -73.139520999996591, -40.580359000003334 ], [ -73.139693999996581, -40.580574000003331 ], [ -73.139763999996589, -40.580661000003346 ], [ -73.140234999996579, -40.580957000003337 ], [ -73.140733999996598, -40.581276000003328 ], [ -73.141224999996595, -40.581437000003341 ], [ -73.141737999996622, -40.581603000003341 ], [ -73.142162999996614, -40.581742000003352 ], [ -73.142920999996619, -40.581813000003336 ], [ -73.143001999996613, -40.581821000003337 ], [ -73.142876999996616, -40.58167200000333 ], [ -73.142724999996616, -40.581496000003341 ], [ -73.142600999996617, -40.581372000003334 ], [ -73.142502999996609, -40.581284000003329 ], [ -73.142420999996617, -40.581211000003336 ], [ -73.142332999996611, -40.581142000003354 ], [ -73.14229599999662, -40.581116000003341 ], [ -73.142249999996608, -40.581085000003348 ], [ -73.142127999996617, -40.581013000003345 ], [ -73.14206499999662, -40.580983000003343 ], [ -73.142266999996608, -40.580331000003348 ], [ -73.142347999996616, -40.580043000003336 ], [ -73.142997999996609, -40.580134000003341 ], [ -73.143967999996647, -40.580265000003344 ], [ -73.144476999996641, -40.580336000003328 ], [ -73.145121999996647, -40.580431000003337 ], [ -73.14560499999665, -40.580501000003338 ], [ -73.146051999996658, -40.580565000003332 ], [ -73.146156999996649, -40.580577000003338 ], [ -73.146293999996644, -40.580509000003339 ], [ -73.146378999996656, -40.58044000000335 ], [ -73.146468999996657, -40.580345000003341 ], [ -73.146494999996648, -40.580309000003332 ], [ -73.146674999996648, -40.580063000003342 ], [ -73.146898999996651, -40.579752000003324 ], [ -73.145625999996639, -40.57898600000334 ], [ -73.145218999996629, -40.578980000003334 ], [ -73.144312999996629, -40.577803000003335 ], [ -73.143581999996627, -40.576801000003321 ], [ -73.143102999996614, -40.576139000003344 ], [ -73.142683999996621, -40.575167000003354 ], [ -73.142742999996614, -40.575093000003321 ], [ -73.143113999996615, -40.574903000003339 ], [ -73.143660999996612, -40.574429000003335 ], [ -73.143657999996634, -40.574364000003342 ], [ -73.143605999996623, -40.57422800000333 ], [ -73.143659999996629, -40.574139000003342 ], [ -73.144374999996629, -40.573875000003333 ], [ -73.145088999996645, -40.573437000003338 ], [ -73.145078999996642, -40.573432000003329 ], [ -73.144697999996637, -40.573233000003334 ], [ -73.144160999996629, -40.572955000003333 ], [ -73.144130999996634, -40.572938000003333 ], [ -73.144113999996634, -40.572905000003338 ], [ -73.144140999996623, -40.572852000003337 ], [ -73.144104999996628, -40.572847000003335 ], [ -73.143969999996642, -40.572845000003348 ], [ -73.143661999996624, -40.572855000003329 ], [ -73.143448999996622, -40.572921000003326 ], [ -73.143202999996632, -40.573002000003328 ], [ -73.143055999996619, -40.573062000003347 ], [ -73.142801999996621, -40.573164000003338 ], [ -73.142267999996619, -40.573378000003331 ], [ -73.141783999996605, -40.573573000003329 ], [ -73.141337999996594, -40.573750000003322 ] ] ] } },
{ "type": "Feature", "properties": { "zona": "18" }, "geometry": { "type": "Polygon", "coordinates": [ [ [ -73.141512999996607, -40.569674000003346 ], [ -73.141430999996601, -40.570589000003331 ], [ -73.141406999996605, -40.571546000003345 ], [ -73.141404999996595, -40.571601000003334 ], [ -73.141393999996595, -40.572223000003333 ], [ -73.141380999996599, -40.572936000003338 ], [ -73.141341999996598, -40.573667000003347 ], [ -73.141337999996594, -40.573750000003322 ], [ -73.141783999996605, -40.573573000003329 ], [ -73.142267999996619, -40.573378000003331 ], [ -73.142801999996621, -40.573164000003338 ], [ -73.143055999996619, -40.573062000003347 ], [ -73.143202999996632, -40.573002000003328 ], [ -73.143448999996622, -40.572921000003326 ], [ -73.143661999996624, -40.572855000003329 ], [ -73.143969999996642, -40.572845000003348 ], [ -73.144104999996628, -40.572847000003335 ], [ -73.144140999996623, -40.572852000003337 ], [ -73.144113999996634, -40.572905000003338 ], [ -73.144130999996634, -40.572938000003333 ], [ -73.144160999996629, -40.572955000003333 ], [ -73.144697999996637, -40.573233000003334 ], [ -73.145078999996642, -40.573432000003329 ], [ -73.145088999996645, -40.573437000003338 ], [ -73.145266999996636, -40.573328000003329 ], [ -73.146557999996645, -40.57260600000334 ], [ -73.147082999996655, -40.572255000003338 ], [ -73.146335999996651, -40.572270000003329 ], [ -73.145996999996626, -40.57223300000333 ], [ -73.145511999996629, -40.571385000003325 ], [ -73.145266999996636, -40.570908000003342 ], [ -73.14509099999664, -40.57048800000333 ], [ -73.14479999999665, -40.570145000003329 ], [ -73.144373999996631, -40.569882000003339 ], [ -73.143958999996627, -40.569592000003325 ], [ -73.143603999996628, -40.569567000003339 ], [ -73.142842999996617, -40.569665000003333 ], [ -73.141856999996605, -40.569653000003328 ], [ -73.141512999996607, -40.569674000003346 ] ] ] } },
{ "type": "Feature", "properties": { "zona": "23" }, "geometry": { "type": "Polygon", "coordinates": [ [ [ -73.146898999996651, -40.579752000003324 ], [ -73.146674999996648, -40.580063000003342 ], [ -73.146494999996648, -40.580309000003332 ], [ -73.146468999996657, -40.580345000003341 ], [ -73.146378999996656, -40.58044000000335 ], [ -73.146293999996644, -40.580509000003339 ], [ -73.146156999996649, -40.580577000003338 ], [ -73.146051999996658, -40.580565000003332 ], [ -73.14560499999665, -40.580501000003338 ], [ -73.145121999996647, -40.580431000003337 ], [ -73.144476999996641, -40.580336000003328 ], [ -73.143967999996647, -40.580265000003344 ], [ -73.142997999996609, -40.580134000003341 ], [ -73.142347999996616, -40.580043000003336 ], [ -73.142266999996608, -40.580331000003348 ], [ -73.14206499999662, -40.580983000003343 ], [ -73.142127999996617, -40.581013000003345 ], [ -73.142249999996608, -40.581085000003348 ], [ -73.14229599999662, -40.581116000003341 ], [ -73.142332999996611, -40.581142000003354 ], [ -73.142420999996617, -40.581211000003336 ], [ -73.142502999996609, -40.581284000003329 ], [ -73.142600999996617, -40.581372000003334 ], [ -73.142724999996616, -40.581496000003341 ], [ -73.142876999996616, -40.58167200000333 ], [ -73.143001999996613, -40.581821000003337 ], [ -73.143156999996634, -40.582025000003341 ], [ -73.143369999996622, -40.58230800000333 ], [ -73.143446999996627, -40.58241100000334 ], [ -73.143604999996626, -40.582624000003335 ], [ -73.143713999996635, -40.582784000003336 ], [ -73.143856999996629, -40.583009000003322 ], [ -73.144020999996627, -40.58327200000334 ], [ -73.144099999996627, -40.583397000003337 ], [ -73.144179999996624, -40.583523000003332 ], [ -73.144210999996631, -40.583572000003336 ], [ -73.14422599999665, -40.583596000003347 ], [ -73.144237999996633, -40.583615000003334 ], [ -73.144238999996631, -40.583617000003343 ], [ -73.144881999996642, -40.583379000003347 ], [ -73.145444999996641, -40.583171000003347 ], [ -73.14590699999664, -40.583060000003336 ], [ -73.145990999996641, -40.583164000003336 ], [ -73.14605099999666, -40.58324700000334 ], [ -73.146081999996653, -40.583309000003325 ], [ -73.146140999996661, -40.583420000003336 ], [ -73.146200999996651, -40.583484000003338 ], [ -73.146243999996656, -40.583518000003359 ], [ -73.146313999996664, -40.583560000003324 ], [ -73.14670799999665, -40.58372700000335 ], [ -73.147427999996651, -40.584044000003338 ], [ -73.147839999996663, -40.58421500000334 ], [ -73.147994999996655, -40.58427400000334 ], [ -73.148052999996651, -40.58429000000335 ], [ -73.148140999996656, -40.584310000003342 ], [ -73.148182999996678, -40.584355000003342 ], [ -73.148241999996671, -40.584394000003336 ], [ -73.148299999996652, -40.584418000003346 ], [ -73.148608999996682, -40.584331000003331 ], [ -73.148840999996665, -40.584268000003341 ], [ -73.149116999996664, -40.584193000003332 ], [ -73.149367999996684, -40.58412500000334 ], [ -73.149514999996669, -40.584084000003344 ], [ -73.149539999996691, -40.584082000003342 ], [ -73.1495589999967, -40.584085000003334 ], [ -73.149591999996673, -40.584046000003333 ], [ -73.149611999996679, -40.584032000003347 ], [ -73.149630999996674, -40.584026000003341 ], [ -73.149905999996676, -40.58395900000334 ], [ -73.149825999996665, -40.58377700000333 ], [ -73.149788999996673, -40.583690000003344 ], [ -73.149788999996673, -40.583657000003356 ], [ -73.149798999996676, -40.583636000003338 ], [ -73.149821999996675, -40.583618000003355 ], [ -73.149838999996689, -40.583609000003328 ], [ -73.150291999996682, -40.583496000003329 ], [ -73.150679999996683, -40.583381000003335 ], [ -73.150720999996679, -40.583368000003347 ], [ -73.15073899999669, -40.583366000003345 ], [ -73.150778999996703, -40.583369000003344 ], [ -73.150809999996682, -40.583380000003345 ], [ -73.150823999996703, -40.583390000003348 ], [ -73.150839999996691, -40.583407000003348 ], [ -73.150922999996681, -40.583583000003337 ], [ -73.151045999996683, -40.58385200000334 ], [ -73.151181999996695, -40.584150000003348 ], [ -73.151246999996687, -40.584298000003336 ], [ -73.151330999996688, -40.584486000003352 ], [ -73.151312999996705, -40.58456400000334 ], [ -73.151374999996719, -40.584727000003355 ], [ -73.151388999996698, -40.584745000003338 ], [ -73.151406999996695, -40.584756000003338 ], [ -73.151415999996701, -40.584777000003335 ], [ -73.151446999996693, -40.584851000003347 ], [ -73.151536999996694, -40.585062000003354 ], [ -73.151611999996703, -40.585230000003349 ], [ -73.15167999999673, -40.585382000003342 ], [ -73.151742999996699, -40.585526000003334 ], [ -73.151768999996705, -40.585583000003354 ], [ -73.151797999996703, -40.585592000003331 ], [ -73.1518269999967, -40.585606000003331 ], [ -73.151865999996716, -40.58563900000334 ], [ -73.152026999996693, -40.58559300000335 ], [ -73.152038999996705, -40.585593000003342 ], [ -73.1520579999967, -40.58559500000333 ], [ -73.152071999996693, -40.585599000003342 ], [ -73.152115999996724, -40.585632000003343 ], [ -73.152133999996707, -40.585640000003345 ], [ -73.152149999996695, -40.585645000003332 ], [ -73.152176999996698, -40.585650000003341 ], [ -73.152194999996695, -40.585651000003352 ], [ -73.152232999996698, -40.585647000003341 ], [ -73.15233699999672, -40.585625000003347 ], [ -73.152465999996721, -40.585596000003335 ], [ -73.152670999996701, -40.585546000003347 ], [ -73.152746999996694, -40.585527000003346 ], [ -73.153013999996716, -40.585472000003335 ], [ -73.153481999996714, -40.585374000003341 ], [ -73.153835999996716, -40.585301000003341 ], [ -73.154191999996712, -40.585227000003343 ], [ -73.154501999996725, -40.585163000003348 ], [ -73.154699999996723, -40.58512700000334 ], [ -73.154856999996724, -40.58509600000334 ], [ -73.155350999996728, -40.584988000003342 ], [ -73.154497999996721, -40.584431000003349 ], [ -73.152522999996705, -40.583105000003336 ], [ -73.150396999996687, -40.581630000003329 ], [ -73.14926099999667, -40.580836000003345 ], [ -73.147929999996663, -40.580296000003337 ], [ -73.147438999996666, -40.580077000003335 ], [ -73.146898999996651, -40.579752000003324 ] ] ] } },
{ "type": "Feature", "properties": { "zona": "17" }, "geometry": { "type": "Polygon", "coordinates": [ [ [ -73.139103999996578, -40.568292000003332 ], [ -73.138965999996572, -40.568308000003327 ], [ -73.138375999996569, -40.568373000003341 ], [ -73.13820099999657, -40.568388000003345 ], [ -73.138006999996577, -40.568393000003347 ], [ -73.137888999996576, -40.568389000003336 ], [ -73.137571999996567, -40.568350000003328 ], [ -73.137129999996574, -40.56829900000335 ], [ -73.136484999996554, -40.568219000003332 ], [ -73.13593499999655, -40.568146000003324 ], [ -73.135374999996557, -40.568069000003334 ], [ -73.134678999996538, -40.567973000003327 ], [ -73.13410399999654, -40.567894000003335 ], [ -73.133564999996523, -40.567820000003337 ], [ -73.132926999996528, -40.567728000003328 ], [ -73.132468999996505, -40.567659000003346 ], [ -73.131828999996515, -40.56756400000333 ], [ -73.13130899999652, -40.567491000003322 ], [ -73.131106999996518, -40.567465000003324 ], [ -73.130993999996505, -40.567442000003339 ], [ -73.130953999996507, -40.567431000003339 ], [ -73.130788999996497, -40.567355000003339 ], [ -73.130686999996499, -40.567286000003321 ], [ -73.130485999996495, -40.56703300000332 ], [ -73.130197999996497, -40.566682000003318 ], [ -73.1300109999965, -40.566476000003341 ], [ -73.129926999996499, -40.566407000003323 ], [ -73.129769999996498, -40.566298000003322 ], [ -73.12959299999649, -40.566207000003345 ], [ -73.129319999996483, -40.566099000003327 ], [ -73.128905999996491, -40.565935000003329 ], [ -73.12833999999647, -40.565726000003323 ], [ -73.127931999996477, -40.56558700000334 ], [ -73.12744499999647, -40.565452000003347 ], [ -73.126755999996462, -40.565269000003326 ], [ -73.126381999996482, -40.565178000003307 ], [ -73.125855999996446, -40.565047000003339 ], [ -73.125479999996443, -40.564957000003332 ], [ -73.12481699999644, -40.564805000003325 ], [ -73.124098999996448, -40.564656000003346 ], [ -73.12384499999645, -40.564614000003345 ], [ -73.123528999996424, -40.564568000003341 ], [ -73.123453999996443, -40.564558000003338 ], [ -73.12290399999641, -40.564514000003335 ], [ -73.122388999996431, -40.564475000003313 ], [ -73.121737999996412, -40.564425000003325 ], [ -73.121298999996398, -40.564390000003328 ], [ -73.120964999996417, -40.564369000003325 ], [ -73.120638999996416, -40.564355000003339 ], [ -73.12026099999639, -40.56433800000331 ], [ -73.119447999996382, -40.564298000003333 ], [ -73.119070999996381, -40.564281000003326 ], [ -73.118563999996383, -40.564249000003329 ], [ -73.118476999996389, -40.564240000003323 ], [ -73.117913999996375, -40.564142000003329 ], [ -73.117856999996377, -40.564297000003322 ], [ -73.117785999996372, -40.564521000003346 ], [ -73.11770199999637, -40.564870000003332 ], [ -73.117620999996376, -40.565210000003319 ], [ -73.117563999996378, -40.56556400000332 ], [ -73.117537999996372, -40.565679000003321 ], [ -73.117469999996374, -40.56595700000333 ], [ -73.117453999996357, -40.566023000003334 ], [ -73.117452999996374, -40.566045000003328 ], [ -73.117457999996375, -40.56608800000334 ], [ -73.11748999999638, -40.566129000003322 ], [ -73.117509999996372, -40.56613800000332 ], [ -73.117571999996372, -40.566146000003322 ], [ -73.117554999996372, -40.566207000003345 ], [ -73.117537999996372, -40.566258000003316 ], [ -73.117508999996375, -40.566401000003331 ], [ -73.117400999996377, -40.566855000003322 ], [ -73.117115999996372, -40.568144000003322 ], [ -73.117501999996378, -40.568233000003325 ], [ -73.117237999996377, -40.568883000003325 ], [ -73.116661999996353, -40.570044000003328 ], [ -73.118039999996384, -40.569957000003328 ], [ -73.118583999996389, -40.569905000003324 ], [ -73.120716999996404, -40.569682000003347 ], [ -73.121536999996408, -40.569334000003316 ], [ -73.122002999996397, -40.569033000003344 ], [ -73.122299999996414, -40.568842000003329 ], [ -73.12271999999642, -40.568276000003323 ], [ -73.123158999996434, -40.568073000003317 ], [ -73.123540999996436, -40.56803000000334 ], [ -73.123883999996437, -40.568233000003318 ], [ -73.124327999996439, -40.568631000003329 ], [ -73.124808999996446, -40.568818000003326 ], [ -73.125610999996439, -40.569018000003325 ], [ -73.126835999996459, -40.568978000003334 ], [ -73.12812799999648, -40.569000000003328 ], [ -73.128477999996491, -40.568993000003331 ], [ -73.129295999996486, -40.569035000003332 ], [ -73.129985999996507, -40.56901900000333 ], [ -73.130026999996502, -40.569018000003332 ], [ -73.131802999996509, -40.569000000003328 ], [ -73.131998999996512, -40.568994000003329 ], [ -73.132486999996544, -40.568956000003332 ], [ -73.132948999996529, -40.568920000003324 ], [ -73.133714999996528, -40.568941000003321 ], [ -73.134153999996528, -40.56902000000332 ], [ -73.134497999996526, -40.569083000003332 ], [ -73.134933999996534, -40.569162000003317 ], [ -73.135382999996551, -40.569243000003333 ], [ -73.135762999996544, -40.569269000003331 ], [ -73.136194999996547, -40.569300000003345 ], [ -73.136697999996571, -40.569383000003334 ], [ -73.137031999996552, -40.569439000003321 ], [ -73.137529999996559, -40.569574000003342 ], [ -73.137609999996556, -40.569625000003334 ], [ -73.137831999996578, -40.569769000003348 ], [ -73.137998999996569, -40.569876000003333 ], [ -73.138123999996566, -40.569857000003346 ], [ -73.138355999996577, -40.569822000003334 ], [ -73.138439999996578, -40.569819000003335 ], [ -73.138848999996569, -40.569801000003324 ], [ -73.138871999996582, -40.569801000003331 ], [ -73.138871999996582, -40.569800000003333 ], [ -73.139036999996577, -40.56872800000334 ], [ -73.139103999996578, -40.568292000003332 ] ] ] } },
{ "type": "Feature", "properties": { "zona": "37" }, "geometry": { "type": "Polygon", "coordinates": [ [ [ -73.117913999996375, -40.564142000003329 ], [ -73.118476999996389, -40.564240000003323 ], [ -73.118563999996383, -40.564249000003329 ], [ -73.119070999996381, -40.564281000003326 ], [ -73.119447999996382, -40.564298000003333 ], [ -73.12026099999639, -40.56433800000331 ], [ -73.120638999996416, -40.564355000003339 ], [ -73.120964999996417, -40.564369000003325 ], [ -73.121298999996398, -40.564390000003328 ], [ -73.121737999996412, -40.564425000003325 ], [ -73.122388999996431, -40.564475000003313 ], [ -73.12290399999641, -40.564514000003335 ], [ -73.123453999996443, -40.564558000003338 ], [ -73.123528999996424, -40.564568000003341 ], [ -73.123916999996439, -40.563508000003331 ], [ -73.124348999996442, -40.562328000003326 ], [ -73.124852999996449, -40.560950000003324 ], [ -73.125066999996449, -40.560394000003321 ], [ -73.124965999996448, -40.560345000003323 ], [ -73.12471599999644, -40.560263000003317 ], [ -73.124535999996439, -40.560260000003325 ], [ -73.124374999996434, -40.560292000003322 ], [ -73.124097999996437, -40.560423000003318 ], [ -73.123858999996429, -40.560505000003332 ], [ -73.123098999996415, -40.560669000003315 ], [ -73.122541999996415, -40.560723000003328 ], [ -73.122335999996423, -40.560776000003322 ], [ -73.122103999996412, -40.560854000003324 ], [ -73.121838999996413, -40.560839000003327 ], [ -73.1214669999964, -40.560843000003324 ], [ -73.121318999996419, -40.560843000003324 ], [ -73.121078999996413, -40.560671000003339 ], [ -73.120905999996396, -40.560626000003317 ], [ -73.120752999996412, -40.560640000003325 ], [ -73.120656999996399, -40.560593000003323 ], [ -73.120578999996397, -40.560529000003321 ], [ -73.120349999996407, -40.560428000003334 ], [ -73.120238999996403, -40.560165000003323 ], [ -73.119999999996395, -40.559968000003316 ], [ -73.119769999996393, -40.559899000003334 ], [ -73.119623999996406, -40.559904000003328 ], [ -73.119461999996403, -40.559936000003326 ], [ -73.119228999996366, -40.560007000003324 ], [ -73.119143999996382, -40.560000000003313 ], [ -73.119116999996393, -40.559932000003322 ], [ -73.119105999996393, -40.559867000003322 ], [ -73.11905299999637, -40.559819000003323 ], [ -73.119105999996393, -40.559787000003318 ], [ -73.119355999996387, -40.559772000003314 ], [ -73.119490999996415, -40.55974700000332 ], [ -73.119596999996403, -40.559684000003323 ], [ -73.119618999996405, -40.559585000003331 ], [ -73.119572999996421, -40.559523000003317 ], [ -73.119412999996399, -40.559403000003307 ], [ -73.11932099999639, -40.559126000003324 ], [ -73.119207999996391, -40.558948000003333 ], [ -73.119064999996382, -40.558833000003311 ], [ -73.118932999996389, -40.558796000003333 ], [ -73.118862999996381, -40.558800000003309 ], [ -73.118796999996391, -40.55888700000331 ], [ -73.118716999996394, -40.55895500000333 ], [ -73.118606999996388, -40.559036000003317 ], [ -73.118490999996382, -40.559064000003318 ], [ -73.118361999996381, -40.559088000003307 ], [ -73.118274999996373, -40.559165000003325 ], [ -73.118292999996385, -40.559294000003334 ], [ -73.118253999996384, -40.559428000003322 ], [ -73.118225999996369, -40.559475000003317 ], [ -73.118156999996387, -40.559501000003316 ], [ -73.117942999996373, -40.559483000003326 ], [ -73.117863999996374, -40.559400000003322 ], [ -73.117874999996374, -40.559272000003325 ], [ -73.117902999996375, -40.559238000003319 ], [ -73.117864999996371, -40.559105000003314 ], [ -73.117890999996376, -40.559071000003328 ], [ -73.117985999996378, -40.559054000003307 ], [ -73.118064999996378, -40.558989000003329 ], [ -73.118044999996371, -40.558940000003339 ], [ -73.118029999996367, -40.558934000003326 ], [ -73.117940999996378, -40.558938000003316 ], [ -73.117757999996371, -40.558903000003326 ], [ -73.117747999996368, -40.55883800000332 ], [ -73.117806999996375, -40.558800000003316 ], [ -73.117773999996373, -40.558752000003317 ], [ -73.117660999996374, -40.558680000003335 ], [ -73.11756699999637, -40.558660000003314 ], [ -73.117423999996376, -40.558673000003317 ], [ -73.117311999996375, -40.558596000003334 ], [ -73.11705499999637, -40.558523000003326 ], [ -73.116903999996367, -40.558531000003306 ], [ -73.116396999996354, -40.558639000003318 ], [ -73.116245999996366, -40.558789000003323 ], [ -73.116214999996359, -40.558875000003326 ], [ -73.116131999996355, -40.558915000003317 ], [ -73.115719999996358, -40.558920000003319 ], [ -73.115520999996363, -40.558993000003326 ], [ -73.115396999996349, -40.559074000003335 ], [ -73.115353999996344, -40.559133000003321 ], [ -73.115361999996338, -40.559277000003334 ], [ -73.115367999996352, -40.559437000003321 ], [ -73.115357999996348, -40.559565000003317 ], [ -73.115302999996345, -40.55972200000334 ], [ -73.11528799999634, -40.559830000003309 ], [ -73.115215999996352, -40.559927000003327 ], [ -73.115101999996341, -40.559971000003323 ], [ -73.11504199999635, -40.559958000003313 ], [ -73.115002999996349, -40.559867000003322 ], [ -73.114948999996344, -40.559803000003328 ], [ -73.114834999996347, -40.559836000003315 ], [ -73.114769999996355, -40.559904000003328 ], [ -73.114712999996343, -40.559905000003326 ], [ -73.114579999996351, -40.559868000003334 ], [ -73.114294999996361, -40.559950000003333 ], [ -73.11420499999636, -40.560053000003322 ], [ -73.114206999996355, -40.560129000003315 ], [ -73.114259999996349, -40.560218000003324 ], [ -73.114348999996338, -40.560280000003324 ], [ -73.114434999996348, -40.560351000003315 ], [ -73.114506999996351, -40.56047600000332 ], [ -73.114524999996348, -40.560574000003328 ], [ -73.114498999996343, -40.560633000003335 ], [ -73.114200999996328, -40.560624000003322 ], [ -73.114104999996329, -40.560551000003322 ], [ -73.114028999996364, -40.56053500000332 ], [ -73.113783999996329, -40.560518000003327 ], [ -73.113712999996324, -40.56047600000332 ], [ -73.113528999996333, -40.560442000003313 ], [ -73.113484999996331, -40.560461000003322 ], [ -73.11351299999636, -40.560549000003327 ], [ -73.113577999996338, -40.560624000003337 ], [ -73.11365599999634, -40.560677000003324 ], [ -73.113814999996336, -40.560754000003321 ], [ -73.113803999996335, -40.560842000003326 ], [ -73.113654999996328, -40.56095700000332 ], [ -73.113457999996328, -40.560882000003318 ], [ -73.113416999996332, -40.560823000003317 ], [ -73.113428999996344, -40.560751000003314 ], [ -73.113379999996326, -40.560690000003326 ], [ -73.113316999996329, -40.560578000003318 ], [ -73.113109999996325, -40.560522000003317 ], [ -73.112909999996319, -40.560524000003326 ], [ -73.112776999996314, -40.560499000003333 ], [ -73.112286999996314, -40.559452000003319 ], [ -73.111956999996337, -40.558747000003315 ], [ -73.11063399999631, -40.557414000003305 ], [ -73.109309999996285, -40.55774200000333 ], [ -73.109661999996305, -40.558316000003323 ], [ -73.107365999996276, -40.559075000003325 ], [ -73.105016999996266, -40.558460000003315 ], [ -73.104611999996251, -40.557742000003323 ], [ -73.102504999996214, -40.557844000003314 ], [ -73.101491999996199, -40.556326000003331 ], [ -73.097372999996153, -40.557001000003318 ], [ -73.097712999996162, -40.557783000003326 ], [ -73.098008999996182, -40.558971000003332 ], [ -73.098083999996192, -40.560418000003317 ], [ -73.098354999996189, -40.560723000003328 ], [ -73.098416999996175, -40.560847000003328 ], [ -73.098457999996171, -40.560926000003313 ], [ -73.098527999996179, -40.561027000003321 ], [ -73.098569999996187, -40.561084000003326 ], [ -73.098602999996174, -40.561126000003341 ], [ -73.098672999996168, -40.561200000003332 ], [ -73.098741999996193, -40.561263000003322 ], [ -73.098807999996168, -40.561316000003316 ], [ -73.098911999996204, -40.561389000003331 ], [ -73.099050999996209, -40.561469000003321 ], [ -73.099167999996183, -40.561522000003315 ], [ -73.099303999996195, -40.561576000003321 ], [ -73.099442999996185, -40.561626000003322 ], [ -73.099646999996182, -40.561684000003318 ], [ -73.099729999996185, -40.561700000003327 ], [ -73.100045999996198, -40.56175800000333 ], [ -73.100181999996195, -40.56179000000332 ], [ -73.100536999996208, -40.56189300000333 ], [ -73.100648999996196, -40.561934000003326 ], [ -73.100713999996202, -40.561965000003333 ], [ -73.1008609999962, -40.562063000003313 ], [ -73.101014999996195, -40.562134000003326 ], [ -73.101179999996219, -40.562190000003334 ], [ -73.101304999996216, -40.562228000003323 ], [ -73.101553999996213, -40.562284000003331 ], [ -73.101731999996218, -40.562320000003325 ], [ -73.102562999996223, -40.562472000003332 ], [ -73.103132999996234, -40.562575000003314 ], [ -73.103423999996238, -40.562625000003337 ], [ -73.103538999996232, -40.562647000003324 ], [ -73.103645999996232, -40.56266700000333 ], [ -73.103765999996241, -40.562689000003317 ], [ -73.103907999996224, -40.56271700000331 ], [ -73.103963999996225, -40.56273000000332 ], [ -73.103993999996234, -40.562738000003328 ], [ -73.104112999996246, -40.562771000003316 ], [ -73.104270999996245, -40.562816000003316 ], [ -73.10444199999624, -40.562865000003313 ], [ -73.104588999996238, -40.562906000003331 ], [ -73.104738999996243, -40.562949000003314 ], [ -73.104900999996246, -40.562999000003316 ], [ -73.105085999996248, -40.563056000003336 ], [ -73.105340999996258, -40.563127000003327 ], [ -73.105509999996258, -40.563174000003315 ], [ -73.105697999996252, -40.563227000003316 ], [ -73.105794999996249, -40.563254000003319 ], [ -73.105957999996264, -40.563300000003331 ], [ -73.10604399999626, -40.563316000003333 ], [ -73.106208999996255, -40.563347000003318 ], [ -73.106365999996271, -40.563359000003338 ], [ -73.106488999996259, -40.563367000003325 ], [ -73.106554999996263, -40.563365000003316 ], [ -73.10672099999627, -40.563359000003338 ], [ -73.10676599999627, -40.563355000003341 ], [ -73.106947999996279, -40.563342000003338 ], [ -73.10705299999627, -40.563334000003316 ], [ -73.10714299999627, -40.563319000003339 ], [ -73.107296999996279, -40.563295000003315 ], [ -73.107457999996271, -40.563270000003321 ], [ -73.107546999996273, -40.563252000003324 ], [ -73.107630999996275, -40.563235000003331 ], [ -73.10776399999628, -40.563208000003314 ], [ -73.107876999996307, -40.563185000003337 ], [ -73.107960999996308, -40.563168000003316 ], [ -73.108008999996287, -40.563159000003317 ], [ -73.108084999996294, -40.563143000003336 ], [ -73.108119999996291, -40.563136000003318 ], [ -73.10820699999627, -40.563119000003326 ], [ -73.108245999996271, -40.563111000003325 ], [ -73.108303999996281, -40.563099000003334 ], [ -73.10835099999629, -40.563090000003321 ], [ -73.108402999996287, -40.563079000003313 ], [ -73.108454999996283, -40.563069000003324 ], [ -73.109651999996288, -40.562822000003329 ], [ -73.110914999996325, -40.56254300000333 ], [ -73.111357999996301, -40.562445000003322 ], [ -73.111647999996336, -40.562381000003313 ], [ -73.111794999996334, -40.562365000003332 ], [ -73.111969999996319, -40.562348000003311 ], [ -73.112113999996325, -40.562350000003306 ], [ -73.112207999996315, -40.562357000003317 ], [ -73.112331999996314, -40.562371000003331 ], [ -73.112477999996315, -40.562400000003329 ], [ -73.112549999996318, -40.562419000003317 ], [ -73.112736999996329, -40.562472000003325 ], [ -73.113405999996331, -40.562681000003323 ], [ -73.114125999996332, -40.562915000003336 ], [ -73.114459999996342, -40.563023000003327 ], [ -73.11486199999635, -40.563154000003323 ], [ -73.115070999996362, -40.563222000003321 ], [ -73.115119999996352, -40.563240000003333 ], [ -73.115253999996341, -40.563294000003324 ], [ -73.115402999996348, -40.563369000003327 ], [ -73.115575999996352, -40.56346500000334 ], [ -73.115781999996358, -40.563585000003322 ], [ -73.115929999996354, -40.563659000003348 ], [ -73.115961999996358, -40.563674000003331 ], [ -73.116220999996358, -40.563780000003327 ], [ -73.116323999996354, -40.563815000003316 ], [ -73.116499999996364, -40.563855000003315 ], [ -73.116826999996377, -40.563928000003315 ], [ -73.117164999996376, -40.564001000003323 ], [ -73.117280999996368, -40.564021000003336 ], [ -73.117691999996367, -40.564093000003332 ], [ -73.11788799999637, -40.564136000003316 ], [ -73.117913999996375, -40.564142000003329 ] ] ] } },
{ "type": "Feature", "properties": { "zona": "43" }, "geometry": { "type": "Polygon", "coordinates": [ [ [ -73.13252099999653, -40.579856000003339 ], [ -73.134314999996548, -40.579801000003329 ], [ -73.134995999996548, -40.579780000003339 ], [ -73.135616999996557, -40.579772000003338 ], [ -73.136095999996556, -40.579759000003328 ], [ -73.137290999996551, -40.579725000003343 ], [ -73.137968999996573, -40.579707000003324 ], [ -73.138448999996569, -40.579315000003326 ], [ -73.138540999996579, -40.57924500000334 ], [ -73.138490999996577, -40.579181000003331 ], [ -73.138446999996575, -40.579080000003337 ], [ -73.138430999996572, -40.579013000003336 ], [ -73.138419999996572, -40.578876000003348 ], [ -73.138399999996565, -40.578439000003343 ], [ -73.138390999996588, -40.578006000003334 ], [ -73.13839799999657, -40.577697000003347 ], [ -73.138403999996569, -40.577611000003337 ], [ -73.138424999996573, -40.577516000003342 ], [ -73.138461999996565, -40.577390000003334 ], [ -73.138500999996566, -40.577208000003331 ], [ -73.138524999996577, -40.577142000003334 ], [ -73.138520999996572, -40.577142000003334 ], [ -73.13809199999659, -40.577132000003331 ], [ -73.137757999996566, -40.577145000003341 ], [ -73.136704999996553, -40.577184000003328 ], [ -73.136280999996544, -40.57720000000333 ], [ -73.135097999996546, -40.577239000003331 ], [ -73.13453199999654, -40.577253000003324 ], [ -73.132767999996517, -40.577306000003347 ], [ -73.132744999996547, -40.57753000000335 ], [ -73.132705999996531, -40.577932000003329 ], [ -73.132641999996522, -40.57859600000333 ], [ -73.132573999996524, -40.579304000003347 ], [ -73.13252099999653, -40.579856000003339 ] ] ] } },
{ "type": "Feature", "properties": { "zona": "42" }, "geometry": { "type": "Polygon", "coordinates": [ [ [ -73.13252099999653, -40.579856000003339 ], [ -73.132573999996524, -40.579304000003347 ], [ -73.132641999996522, -40.57859600000333 ], [ -73.132705999996531, -40.577932000003329 ], [ -73.132744999996547, -40.57753000000335 ], [ -73.132767999996517, -40.577306000003347 ], [ -73.132766999996534, -40.57730600000334 ], [ -73.132079999996506, -40.577326000003339 ], [ -73.131047999996497, -40.577360000003331 ], [ -73.129555999996484, -40.577397000003344 ], [ -73.12925899999648, -40.577404000003348 ], [ -73.128350999996471, -40.577422000003331 ], [ -73.128387999996477, -40.577690000003329 ], [ -73.128414999996465, -40.57797300000334 ], [ -73.128447999996482, -40.578314000003338 ], [ -73.128446999996484, -40.578558000003341 ], [ -73.128463999996484, -40.578755000003355 ], [ -73.129110999996499, -40.578746000003335 ], [ -73.129075999996488, -40.579103000003329 ], [ -73.129009999996484, -40.579620000003331 ], [ -73.128990999996489, -40.579773000003328 ], [ -73.130102999996495, -40.579837000003337 ], [ -73.130889999996498, -40.579895000003333 ], [ -73.131371999996517, -40.579883000003342 ], [ -73.13252099999653, -40.579856000003339 ] ] ] } },
{ "type": "Feature", "properties": { "zona": "15" }, "geometry": { "type": "Polygon", "coordinates": [ [ [ -73.128990999996489, -40.579773000003328 ], [ -73.129009999996484, -40.579620000003331 ], [ -73.129075999996488, -40.579103000003329 ], [ -73.129110999996499, -40.578746000003335 ], [ -73.128463999996484, -40.578755000003355 ], [ -73.128446999996484, -40.578558000003341 ], [ -73.128447999996482, -40.578314000003338 ], [ -73.128414999996465, -40.57797300000334 ], [ -73.128387999996477, -40.577690000003329 ], [ -73.128350999996471, -40.577422000003331 ], [ -73.128327999996472, -40.577423000003336 ], [ -73.12799099999647, -40.577443000003335 ], [ -73.127172999996475, -40.577491000003327 ], [ -73.12648099999646, -40.57753000000335 ], [ -73.125760999996459, -40.577565000003332 ], [ -73.125494999996448, -40.577580000003351 ], [ -73.124762999996449, -40.577619000003345 ], [ -73.124157999996442, -40.577649000003326 ], [ -73.123516999996426, -40.577680000003333 ], [ -73.123060999996426, -40.577702000003327 ], [ -73.123091999996447, -40.577951000003317 ], [ -73.123134999996452, -40.578294000003318 ], [ -73.123185999996437, -40.578708000003338 ], [ -73.123226999996447, -40.579033000003342 ], [ -73.123253999996464, -40.579253000003348 ], [ -73.123288999996433, -40.579689000003334 ], [ -73.123319999996426, -40.580014000003338 ], [ -73.123366999996435, -40.580475000003339 ], [ -73.123424999996431, -40.581023000003334 ], [ -73.12343099999643, -40.581077000003354 ], [ -73.12343999999645, -40.581221000003339 ], [ -73.123437999996455, -40.581274000003333 ], [ -73.123428999996435, -40.581343000003336 ], [ -73.123412999996447, -40.581428000003335 ], [ -73.12339099999646, -40.581505000003339 ], [ -73.123371999996451, -40.58156400000334 ], [ -73.123314999996438, -40.581723000003329 ], [ -73.123654999996447, -40.581753000003339 ], [ -73.123895999996449, -40.581773000003338 ], [ -73.124371999996441, -40.58181700000334 ], [ -73.124469999996478, -40.581820000003333 ], [ -73.124533999996444, -40.581815000003346 ], [ -73.124555999996446, -40.581812000003339 ], [ -73.124590999996443, -40.581807000003344 ], [ -73.124652999996442, -40.581791000003342 ], [ -73.124734999996448, -40.58176500000333 ], [ -73.124761999996451, -40.581757000003343 ], [ -73.124808999996446, -40.581741000003348 ], [ -73.124948999996462, -40.581687000003342 ], [ -73.125241999996447, -40.581574000003343 ], [ -73.125643999996441, -40.581418000003339 ], [ -73.126011999996464, -40.581284000003336 ], [ -73.126066999996453, -40.581266000003332 ], [ -73.126147999996462, -40.581240000003326 ], [ -73.126230999996451, -40.581220000003341 ], [ -73.126490999996463, -40.581176000003325 ], [ -73.126727999996476, -40.581158000003335 ], [ -73.126950999996467, -40.581152000003335 ], [ -73.127330999996474, -40.581148000003331 ], [ -73.127810999996484, -40.581144000003334 ], [ -73.12823299999647, -40.581144000003349 ], [ -73.128820999996492, -40.581145000003346 ], [ -73.128847999996481, -40.580921000003336 ], [ -73.128941999996485, -40.580139000003335 ], [ -73.128990999996489, -40.579773000003328 ] ] ] } },
{ "type": "Feature", "properties": { "zona": "40" }, "geometry": { "type": "Polygon", "coordinates": [ [ [ -73.140180999996588, -40.574315000003338 ], [ -73.139938999996602, -40.574317000003347 ], [ -73.139903999996591, -40.574319000003328 ], [ -73.13954399999659, -40.574336000003335 ], [ -73.139168999996599, -40.574354000003346 ], [ -73.138368999996572, -40.574406000003336 ], [ -73.137661999996567, -40.574438000003333 ], [ -73.137107999996559, -40.574463000003327 ], [ -73.136596999996556, -40.57448600000334 ], [ -73.135963999996548, -40.574516000003335 ], [ -73.13561999999655, -40.574534000003347 ], [ -73.135214999996549, -40.574555000003329 ], [ -73.134819999996537, -40.574573000003333 ], [ -73.133043999996517, -40.57463900000333 ], [ -73.132996999996521, -40.575048000003306 ], [ -73.132956999996523, -40.575421000003331 ], [ -73.132892999996528, -40.575994000003341 ], [ -73.132845999996533, -40.576531000003342 ], [ -73.132782999996536, -40.577189000003337 ], [ -73.132776999996523, -40.577251000003322 ], [ -73.132767999996517, -40.577306000003347 ], [ -73.13453199999654, -40.577253000003324 ], [ -73.135097999996546, -40.577239000003331 ], [ -73.136280999996544, -40.57720000000333 ], [ -73.136704999996553, -40.577184000003328 ], [ -73.137757999996566, -40.577145000003341 ], [ -73.13809199999659, -40.577132000003331 ], [ -73.138520999996572, -40.577142000003334 ], [ -73.138524999996577, -40.577142000003334 ], [ -73.138526999996571, -40.577136000003357 ], [ -73.138557999996578, -40.577088000003343 ], [ -73.138596999996565, -40.577032000003328 ], [ -73.138637999996575, -40.576973000003328 ], [ -73.138706999996572, -40.576902000003336 ], [ -73.138770999996567, -40.576860000003336 ], [ -73.138818999996587, -40.57683300000334 ], [ -73.138962999996565, -40.576777000003332 ], [ -73.139033999996585, -40.576731000003335 ], [ -73.13909599999657, -40.57668400000334 ], [ -73.139245999996589, -40.576431000003332 ], [ -73.139466999996586, -40.576061000003328 ], [ -73.139624999996585, -40.575858000003329 ], [ -73.139791999996589, -40.575668000003347 ], [ -73.13983099999659, -40.575624000003337 ], [ -73.139957999996582, -40.575230000003344 ], [ -73.140056999996588, -40.574888000003341 ], [ -73.140119999996585, -40.574659000003322 ], [ -73.14013499999659, -40.574572000003315 ], [ -73.140169999996587, -40.574373000003341 ], [ -73.140180999996588, -40.574315000003338 ] ] ] } },
{ "type": "Feature", "properties": { "zona": "55" }, "geometry": { "type": "Polygon", "coordinates": [ [ [ -73.180845999996961, -40.574845000003336 ], [ -73.180769999996954, -40.574690000003336 ], [ -73.180738999996962, -40.574540000003338 ], [ -73.180732999996962, -40.574424000003347 ], [ -73.180886999996957, -40.574345000003341 ], [ -73.180925999996958, -40.574223000003336 ], [ -73.180882999996953, -40.574154000003354 ], [ -73.180946999996962, -40.574094000003335 ], [ -73.181029999996952, -40.574013000003347 ], [ -73.18111099999696, -40.573994000003339 ], [ -73.18121799999696, -40.573996000003348 ], [ -73.181331999996956, -40.574052000003341 ], [ -73.181456999996954, -40.574047000003333 ], [ -73.18152199999696, -40.573987000003349 ], [ -73.181551999996955, -40.573865000003345 ], [ -73.181679999996959, -40.573744000003337 ], [ -73.182031999996966, -40.573600000003339 ], [ -73.182120999996968, -40.573601000003336 ], [ -73.182166999996966, -40.573548000003328 ], [ -73.182053999996967, -40.573437000003324 ], [ -73.182064999996967, -40.573383000003332 ], [ -73.18215399999697, -40.573330000003331 ], [ -73.182480999996969, -40.573369000003339 ], [ -73.182737999996974, -40.573199000003328 ], [ -73.182819999996966, -40.573002000003328 ], [ -73.182869999996967, -40.57295200000334 ], [ -73.182945999996974, -40.572919000003324 ], [ -73.183041999996973, -40.572704000003334 ], [ -73.183057999996976, -40.57266900000333 ], [ -73.182977999996965, -40.572517000003337 ], [ -73.182728999996968, -40.572432000003346 ], [ -73.182541999996971, -40.572314000003331 ], [ -73.182400999996972, -40.571911000003333 ], [ -73.182617999996978, -40.571098000003339 ], [ -73.183151999996966, -40.570808000003346 ], [ -73.183266999996974, -40.570403000003338 ], [ -73.183165999996973, -40.570028000003354 ], [ -73.18336999999697, -40.56965100000334 ], [ -73.184447999996991, -40.56863600000333 ], [ -73.185525999996997, -40.568231000003337 ], [ -73.185736999997005, -40.566354000003336 ], [ -73.185961999997005, -40.564351000003342 ], [ -73.185958999996998, -40.564345000003335 ], [ -73.184737999996983, -40.564518000003346 ], [ -73.184131999996978, -40.564600000003324 ], [ -73.182990999996974, -40.564880000003335 ], [ -73.181047999996949, -40.56530400000333 ], [ -73.179446999996941, -40.56555600000334 ], [ -73.178945999996927, -40.565602000003331 ], [ -73.178526999996933, -40.56559500000332 ], [ -73.177807999996929, -40.565512000003324 ], [ -73.177657999996924, -40.565493000003336 ], [ -73.177335999996927, -40.565481000003331 ], [ -73.177207999996909, -40.565486000003339 ], [ -73.176962999996931, -40.565532000003323 ], [ -73.176759999996918, -40.565592000003342 ], [ -73.176748999996917, -40.565595000003327 ], [ -73.17639899999692, -40.565709000003331 ], [ -73.176122999996906, -40.565838000003332 ], [ -73.175922999996914, -40.565976000003332 ], [ -73.175763999996903, -40.566085000003348 ], [ -73.175503999996934, -40.566315000003335 ], [ -73.175320999996913, -40.566488000003325 ], [ -73.175169999996911, -40.566638000003323 ], [ -73.174889999996893, -40.566848000003354 ], [ -73.174600999996926, -40.567008000003334 ], [ -73.174090999996892, -40.567258000003328 ], [ -73.17343899999689, -40.567562000003342 ], [ -73.173150999996892, -40.567703000003327 ], [ -73.172864999996904, -40.567853000003339 ], [ -73.172594999996875, -40.568032000003328 ], [ -73.172141999996882, -40.568354000003325 ], [ -73.17187799999688, -40.568540000003331 ], [ -73.172804999996885, -40.569906000003336 ], [ -73.17506899999691, -40.568497000003326 ], [ -73.176619999996916, -40.56753000000333 ], [ -73.177034999996934, -40.56881900000333 ], [ -73.177618999996923, -40.570564000003323 ], [ -73.177603999996947, -40.571588000003345 ], [ -73.177289999996916, -40.572789000003326 ], [ -73.176941999996913, -40.574314000003341 ], [ -73.180845999996961, -40.574845000003336 ] ] ] } },
{ "type": "Feature", "properties": { "zona": "57" }, "geometry": { "type": "Polygon", "coordinates": [ [ [ -73.159225999996778, -40.56662400000333 ], [ -73.15938999999679, -40.566692000003336 ], [ -73.159704999996777, -40.566711000003338 ], [ -73.159749999996777, -40.566659000003341 ], [ -73.15985399999677, -40.566511000003331 ], [ -73.15994399999677, -40.566424000003323 ], [ -73.160077999996773, -40.566319000003332 ], [ -73.160198999996766, -40.566223000003347 ], [ -73.160329999996776, -40.566132000003343 ], [ -73.16045399999679, -40.566049000003339 ], [ -73.160514999996792, -40.565992000003334 ], [ -73.160537999996791, -40.565943000003337 ], [ -73.160546999996768, -40.56590900000333 ], [ -73.161332999996773, -40.565924000003321 ], [ -73.161460999996791, -40.56592500000334 ], [ -73.161567999996791, -40.565925000003332 ], [ -73.161698999996801, -40.565935000003321 ], [ -73.161960999996793, -40.565940000003323 ], [ -73.162104999996785, -40.565930000003341 ], [ -73.162255999996802, -40.565935000003321 ], [ -73.162471999996782, -40.565940000003337 ], [ -73.1625829999968, -40.56595000000334 ], [ -73.162487999996785, -40.566605000003321 ], [ -73.162499999996783, -40.566629000003331 ], [ -73.162533999996796, -40.566629000003331 ], [ -73.162972999996796, -40.56636400000334 ], [ -73.163058999996792, -40.566313000003341 ], [ -73.163120999996792, -40.566300000003338 ], [ -73.165530999996818, -40.566310000003334 ], [ -73.165530999996818, -40.566303000003323 ], [ -73.165615999996817, -40.565613000003331 ], [ -73.165680999996823, -40.565042000003345 ], [ -73.165700999996815, -40.564893000003323 ], [ -73.165873999996833, -40.564176000003336 ], [ -73.166025999996833, -40.563637000003325 ], [ -73.166247999996841, -40.562840000003341 ], [ -73.166258999996828, -40.562761000003334 ], [ -73.166290999996832, -40.562171000003325 ], [ -73.166270999996826, -40.561632000003321 ], [ -73.166378999996837, -40.560995000003331 ], [ -73.16649399999686, -40.560448000003326 ], [ -73.161714999996803, -40.559450000003331 ], [ -73.161533999996792, -40.55989100000334 ], [ -73.161587999996797, -40.559976000003331 ], [ -73.162371999996793, -40.560870000003341 ], [ -73.161535999996786, -40.561319000003323 ], [ -73.161755999996799, -40.56169200000334 ], [ -73.160233999996777, -40.562100000003348 ], [ -73.160232999996779, -40.562102000003328 ], [ -73.160190999996772, -40.562388000003317 ], [ -73.160152999996782, -40.562580000003344 ], [ -73.160058999996764, -40.56305600000335 ], [ -73.159937999996771, -40.563648000003333 ], [ -73.159849999996766, -40.564024000003322 ], [ -73.159770999996752, -40.564358000003338 ], [ -73.159756999996759, -40.564443000003344 ], [ -73.159725999996752, -40.564924000003323 ], [ -73.159620999996775, -40.565600000003329 ], [ -73.159529999996778, -40.565963000003329 ], [ -73.159447999996772, -40.566218000003332 ], [ -73.159225999996778, -40.56662400000333 ] ] ] } },
{ "type": "Feature", "properties": { "zona": "59" }, "geometry": { "type": "Polygon", "coordinates": [ [ [ -73.165530999996818, -40.566310000003334 ], [ -73.163120999996792, -40.566300000003338 ], [ -73.163058999996792, -40.566313000003341 ], [ -73.162972999996796, -40.56636400000334 ], [ -73.162533999996796, -40.566629000003331 ], [ -73.162499999996783, -40.566629000003331 ], [ -73.162487999996785, -40.566605000003321 ], [ -73.1625829999968, -40.56595000000334 ], [ -73.162471999996782, -40.565940000003337 ], [ -73.162255999996802, -40.565935000003321 ], [ -73.162104999996785, -40.565930000003341 ], [ -73.161960999996793, -40.565940000003323 ], [ -73.161698999996801, -40.565935000003321 ], [ -73.161567999996791, -40.565925000003332 ], [ -73.161460999996791, -40.56592500000334 ], [ -73.161332999996773, -40.565924000003321 ], [ -73.160546999996768, -40.56590900000333 ], [ -73.160537999996791, -40.565943000003337 ], [ -73.160514999996792, -40.565992000003334 ], [ -73.16045399999679, -40.566049000003339 ], [ -73.160329999996776, -40.566132000003343 ], [ -73.160198999996766, -40.566223000003347 ], [ -73.160077999996773, -40.566319000003332 ], [ -73.15994399999677, -40.566424000003323 ], [ -73.15985399999677, -40.566511000003331 ], [ -73.159749999996777, -40.566659000003341 ], [ -73.159704999996777, -40.566711000003338 ], [ -73.15938999999679, -40.566692000003336 ], [ -73.159225999996778, -40.56662400000333 ], [ -73.159224999996766, -40.566626000003325 ], [ -73.159145999996767, -40.566891000003331 ], [ -73.159004999996782, -40.56700500000332 ], [ -73.158669999996761, -40.567138000003347 ], [ -73.158431999996736, -40.567377000003333 ], [ -73.158342999996762, -40.567652000003335 ], [ -73.15831399999675, -40.567804000003321 ], [ -73.157917999996741, -40.568108000003335 ], [ -73.157565999996748, -40.568178000003336 ], [ -73.156951999996735, -40.56847300000333 ], [ -73.156067999996736, -40.568769000003336 ], [ -73.155681999996744, -40.568959000003332 ], [ -73.15626899999674, -40.569189000003334 ], [ -73.156750999996746, -40.569383000003342 ], [ -73.156953999996745, -40.569515000003342 ], [ -73.156988999996742, -40.569551000003329 ], [ -73.157132999996762, -40.569703000003337 ], [ -73.157181999996752, -40.569761000003325 ], [ -73.157241999996756, -40.569861000003328 ], [ -73.157310999996753, -40.570011000003326 ], [ -73.157385999996748, -40.570531000003342 ], [ -73.157437999996759, -40.571188000003339 ], [ -73.15750499999676, -40.571841000003339 ], [ -73.157562999996756, -40.572516000003333 ], [ -73.157614999996738, -40.57301800000333 ], [ -73.157664999996754, -40.573466000003336 ], [ -73.157712999996761, -40.573935000003338 ], [ -73.157953999996764, -40.573951000003333 ], [ -73.158548999996754, -40.573991000003332 ], [ -73.158799999996774, -40.573990000003342 ], [ -73.159103999996773, -40.574015000003328 ], [ -73.159634999996769, -40.574075000003354 ], [ -73.160456999996768, -40.573957000003332 ], [ -73.161161999996779, -40.573865000003345 ], [ -73.161682999996785, -40.573798000003322 ], [ -73.162035999996789, -40.573746000003339 ], [ -73.162736999996795, -40.573624000003335 ], [ -73.163129999996812, -40.573552000003332 ], [ -73.163180999996811, -40.573547000003344 ], [ -73.163258999996813, -40.573549000003339 ], [ -73.163523999996798, -40.573583000003346 ], [ -73.164083999996819, -40.573662000003331 ], [ -73.164801999996811, -40.573766000003339 ], [ -73.16541199999682, -40.573850000003333 ], [ -73.165980999996833, -40.57392600000334 ], [ -73.166875999996833, -40.574046000003349 ], [ -73.167549999996837, -40.574142000003327 ], [ -73.168169999996849, -40.574235000003348 ], [ -73.168851999996861, -40.574337000003339 ], [ -73.168982999996857, -40.574364000003342 ], [ -73.169298999996855, -40.574346000003345 ], [ -73.169790999996863, -40.574238000003341 ], [ -73.170388999996874, -40.574105000003343 ], [ -73.170712999996866, -40.574034000003337 ], [ -73.171026999996869, -40.573928000003328 ], [ -73.171114999996874, -40.573886000003341 ], [ -73.171667999996885, -40.57361900000334 ], [ -73.172289999996863, -40.573344000003331 ], [ -73.172462999996881, -40.573337000003335 ], [ -73.172643999996865, -40.573359000003343 ], [ -73.173494999996905, -40.57345600000334 ], [ -73.173508999996898, -40.573408000003354 ], [ -73.173609999996899, -40.572968000003328 ], [ -73.173722999996883, -40.572480000003345 ], [ -73.1737669999969, -40.572287000003335 ], [ -73.173859999996878, -40.571865000003335 ], [ -73.173951999996902, -40.571464000003338 ], [ -73.174006999996905, -40.571224000003347 ], [ -73.174019999996887, -40.57106500000333 ], [ -73.174017999996892, -40.571001000003335 ], [ -73.173976999996881, -40.570905000003343 ], [ -73.173920999996895, -40.570826000003329 ], [ -73.173765999996888, -40.570695000003333 ], [ -73.173581999996884, -40.570550000003344 ], [ -73.173283999996897, -40.570354000003313 ], [ -73.173036999996881, -40.570184000003344 ], [ -73.172899999996872, -40.570052000003329 ], [ -73.172844999996883, -40.569989000003339 ], [ -73.172804999996885, -40.569906000003336 ], [ -73.17187799999688, -40.568540000003331 ], [ -73.171816999996864, -40.568583000003322 ], [ -73.171571999996885, -40.568755000003321 ], [ -73.171472999996865, -40.56881500000334 ], [ -73.171007999996874, -40.569042000003328 ], [ -73.170720999996874, -40.569123000003337 ], [ -73.170292999996875, -40.569221000003338 ], [ -73.16957099999685, -40.569331000003338 ], [ -73.168695999996856, -40.569439000003328 ], [ -73.167548999996839, -40.569564000003346 ], [ -73.167115999996838, -40.569606000003347 ], [ -73.167320999996846, -40.56932300000333 ], [ -73.167408999996837, -40.569174000003343 ], [ -73.167495999996845, -40.568966000003343 ], [ -73.167537999996838, -40.568592000003328 ], [ -73.167535999996858, -40.568406000003321 ], [ -73.167483999996847, -40.56826200000333 ], [ -73.167356999996841, -40.568125000003342 ], [ -73.167219999996846, -40.567987000003328 ], [ -73.166612999996829, -40.567531000003335 ], [ -73.165948999996829, -40.567032000003323 ], [ -73.165850999996849, -40.566940000003335 ], [ -73.165562999996808, -40.566623000003347 ], [ -73.165538999996812, -40.566477000003346 ], [ -73.165530999996818, -40.566310000003334 ] ] ] } },
{ "type": "Feature", "properties": { "zona": "58" }, "geometry": { "type": "Polygon", "coordinates": [ [ [ -73.165530999996818, -40.566310000003334 ], [ -73.165538999996812, -40.566477000003346 ], [ -73.165562999996808, -40.566623000003347 ], [ -73.165850999996849, -40.566940000003335 ], [ -73.165948999996829, -40.567032000003323 ], [ -73.166612999996829, -40.567531000003335 ], [ -73.167219999996846, -40.567987000003328 ], [ -73.167356999996841, -40.568125000003342 ], [ -73.167483999996847, -40.56826200000333 ], [ -73.167535999996858, -40.568406000003321 ], [ -73.167537999996838, -40.568592000003328 ], [ -73.167495999996845, -40.568966000003343 ], [ -73.167408999996837, -40.569174000003343 ], [ -73.167320999996846, -40.56932300000333 ], [ -73.167115999996838, -40.569606000003347 ], [ -73.167548999996839, -40.569564000003346 ], [ -73.168695999996856, -40.569439000003328 ], [ -73.16957099999685, -40.569331000003338 ], [ -73.170292999996875, -40.569221000003338 ], [ -73.170720999996874, -40.569123000003337 ], [ -73.171007999996874, -40.569042000003328 ], [ -73.171472999996865, -40.56881500000334 ], [ -73.171571999996885, -40.568755000003321 ], [ -73.171816999996864, -40.568583000003322 ], [ -73.17187799999688, -40.568540000003331 ], [ -73.172141999996882, -40.568354000003325 ], [ -73.172594999996875, -40.568032000003328 ], [ -73.172864999996904, -40.567853000003339 ], [ -73.173150999996892, -40.567703000003327 ], [ -73.17343899999689, -40.567562000003342 ], [ -73.174090999996892, -40.567258000003328 ], [ -73.174600999996926, -40.567008000003334 ], [ -73.174889999996893, -40.566848000003354 ], [ -73.175169999996911, -40.566638000003323 ], [ -73.175320999996913, -40.566488000003325 ], [ -73.175503999996934, -40.566315000003335 ], [ -73.175763999996903, -40.566085000003348 ], [ -73.175922999996914, -40.565976000003332 ], [ -73.176122999996906, -40.565838000003332 ], [ -73.17639899999692, -40.565709000003331 ], [ -73.176748999996917, -40.565595000003327 ], [ -73.176759999996918, -40.565592000003342 ], [ -73.176757999996923, -40.565584000003334 ], [ -73.176688999996927, -40.565456000003344 ], [ -73.17664499999691, -40.565365000003339 ], [ -73.176486999996911, -40.56520000000333 ], [ -73.176446999996926, -40.565159000003334 ], [ -73.1753879999969, -40.565264000003339 ], [ -73.174831999996911, -40.564567000003336 ], [ -73.174431999996898, -40.564086000003343 ], [ -73.173906999996902, -40.56342700000333 ], [ -73.173533999996906, -40.56333300000334 ], [ -73.173328999996897, -40.563284000003335 ], [ -73.172905999996871, -40.56323000000333 ], [ -73.172833999996882, -40.563224000003331 ], [ -73.172599999996891, -40.563216000003337 ], [ -73.172420999996874, -40.56324100000333 ], [ -73.172178999996888, -40.56330200000334 ], [ -73.172007999996879, -40.56337800000334 ], [ -73.17189899999687, -40.563460000003325 ], [ -73.171760999996891, -40.563588000003335 ], [ -73.171628999996884, -40.563736000003331 ], [ -73.171565999996886, -40.563762000003329 ], [ -73.171367999996875, -40.563794000003348 ], [ -73.171404999996867, -40.563928000003337 ], [ -73.170375999996864, -40.564019000003327 ], [ -73.169976999996862, -40.564053000003334 ], [ -73.169950999996857, -40.564051000003346 ], [ -73.16991599999686, -40.564026000003324 ], [ -73.169897999996863, -40.563953000003323 ], [ -73.169878999996854, -40.563884000003334 ], [ -73.169776999996856, -40.563914000003329 ], [ -73.169011999996869, -40.563981000003331 ], [ -73.16885599999685, -40.563993000003322 ], [ -73.168770999996852, -40.563989000003325 ], [ -73.16873799999685, -40.563958000003339 ], [ -73.168732999996863, -40.563921000003333 ], [ -73.168816999996849, -40.563267000003314 ], [ -73.168877999996852, -40.562764000003334 ], [ -73.16896299999685, -40.562099000003329 ], [ -73.168685999996839, -40.561940000003325 ], [ -73.168808999996855, -40.561413000003334 ], [ -73.168935999996862, -40.560894000003337 ], [ -73.169075999996849, -40.560569000003333 ], [ -73.168423999996847, -40.560400000003334 ], [ -73.167109999996839, -40.560064000003337 ], [ -73.166671999996822, -40.559956000003325 ], [ -73.166611999996832, -40.560022000003329 ], [ -73.166574999996826, -40.560090000003321 ], [ -73.166539999996829, -40.560191000003336 ], [ -73.166512999996826, -40.560302000003333 ], [ -73.16649399999686, -40.560448000003326 ], [ -73.166378999996837, -40.560995000003331 ], [ -73.166270999996826, -40.561632000003321 ], [ -73.166290999996832, -40.562171000003325 ], [ -73.166258999996828, -40.562761000003334 ], [ -73.166247999996841, -40.562840000003341 ], [ -73.166025999996833, -40.563637000003325 ], [ -73.165873999996833, -40.564176000003336 ], [ -73.165700999996815, -40.564893000003323 ], [ -73.165680999996823, -40.565042000003345 ], [ -73.165615999996817, -40.565613000003331 ], [ -73.165530999996818, -40.566303000003323 ], [ -73.165530999996818, -40.566310000003334 ] ] ] } },
{ "type": "Feature", "properties": { "zona": "32" }, "geometry": { "type": "Polygon", "coordinates": [ [ [ -73.16649399999686, -40.560448000003326 ], [ -73.166512999996826, -40.560302000003333 ], [ -73.166539999996829, -40.560191000003336 ], [ -73.166574999996826, -40.560090000003321 ], [ -73.166611999996832, -40.560022000003329 ], [ -73.166671999996822, -40.559956000003325 ], [ -73.167109999996839, -40.560064000003337 ], [ -73.168423999996847, -40.560400000003334 ], [ -73.169075999996849, -40.560569000003333 ], [ -73.168935999996862, -40.560894000003337 ], [ -73.168808999996855, -40.561413000003334 ], [ -73.168685999996839, -40.561940000003325 ], [ -73.16896299999685, -40.562099000003329 ], [ -73.168877999996852, -40.562764000003334 ], [ -73.168816999996849, -40.563267000003314 ], [ -73.168732999996863, -40.563921000003333 ], [ -73.16873799999685, -40.563958000003339 ], [ -73.168770999996852, -40.563989000003325 ], [ -73.16885599999685, -40.563993000003322 ], [ -73.169011999996869, -40.563981000003331 ], [ -73.169776999996856, -40.563914000003329 ], [ -73.169878999996854, -40.563884000003334 ], [ -73.169897999996863, -40.563953000003323 ], [ -73.16991599999686, -40.564026000003324 ], [ -73.169950999996857, -40.564051000003346 ], [ -73.169976999996862, -40.564053000003334 ], [ -73.170375999996864, -40.564019000003327 ], [ -73.171404999996867, -40.563928000003337 ], [ -73.171367999996875, -40.563794000003348 ], [ -73.171565999996886, -40.563762000003329 ], [ -73.171628999996884, -40.563736000003331 ], [ -73.171760999996891, -40.563588000003335 ], [ -73.17189899999687, -40.563460000003325 ], [ -73.172007999996879, -40.56337800000334 ], [ -73.172178999996888, -40.56330200000334 ], [ -73.172420999996874, -40.56324100000333 ], [ -73.172599999996891, -40.563216000003337 ], [ -73.172833999996882, -40.563224000003331 ], [ -73.172905999996871, -40.56323000000333 ], [ -73.173328999996897, -40.563284000003335 ], [ -73.173533999996906, -40.56333300000334 ], [ -73.173906999996902, -40.56342700000333 ], [ -73.174431999996898, -40.564086000003343 ], [ -73.174831999996911, -40.564567000003336 ], [ -73.1753879999969, -40.565264000003339 ], [ -73.176446999996926, -40.565159000003334 ], [ -73.176486999996911, -40.56520000000333 ], [ -73.17664499999691, -40.565365000003339 ], [ -73.176688999996927, -40.565456000003344 ], [ -73.176757999996923, -40.565584000003334 ], [ -73.176759999996918, -40.565592000003342 ], [ -73.176962999996931, -40.565532000003323 ], [ -73.177207999996909, -40.565486000003339 ], [ -73.177335999996927, -40.565481000003331 ], [ -73.177657999996924, -40.565493000003336 ], [ -73.177807999996929, -40.565512000003324 ], [ -73.178526999996933, -40.56559500000332 ], [ -73.178945999996927, -40.565602000003331 ], [ -73.179446999996941, -40.56555600000334 ], [ -73.181047999996949, -40.56530400000333 ], [ -73.182990999996974, -40.564880000003335 ], [ -73.184131999996978, -40.564600000003324 ], [ -73.184737999996983, -40.564518000003346 ], [ -73.185958999996998, -40.564345000003335 ], [ -73.181253999996954, -40.554387000003331 ], [ -73.181047999996949, -40.553942000003332 ], [ -73.173861999996916, -40.553098000003331 ], [ -73.168098999996857, -40.54916800000332 ], [ -73.166436999996833, -40.550877000003325 ], [ -73.16509699999682, -40.55216500000332 ], [ -73.164245999996794, -40.55333600000332 ], [ -73.163337999996799, -40.554295000003322 ], [ -73.161897999996782, -40.555600000003324 ], [ -73.161280999996791, -40.557222000003321 ], [ -73.160575999996766, -40.55907600000333 ], [ -73.160452999996764, -40.559764000003341 ], [ -73.160302999996787, -40.560382000003337 ], [ -73.160252999996786, -40.560964000003331 ], [ -73.160331999996771, -40.561201000003322 ], [ -73.160272999996778, -40.561744000003316 ], [ -73.160233999996777, -40.562100000003348 ], [ -73.161755999996799, -40.56169200000334 ], [ -73.161535999996786, -40.561319000003323 ], [ -73.162371999996793, -40.560870000003341 ], [ -73.161587999996797, -40.559976000003331 ], [ -73.161533999996792, -40.55989100000334 ], [ -73.161714999996803, -40.559450000003331 ], [ -73.16649399999686, -40.560448000003326 ] ] ] } },
{ "type": "Feature", "properties": { "zona": "60" }, "geometry": { "type": "Polygon", "coordinates": [ [ [ -73.150906999996693, -40.553449000003319 ], [ -73.150908999996687, -40.553449000003326 ], [ -73.151167999996701, -40.553547000003313 ], [ -73.151335999996704, -40.553630000003324 ], [ -73.15177799999671, -40.553788000003337 ], [ -73.15225099999671, -40.553956000003332 ], [ -73.152510999996707, -40.554055000003324 ], [ -73.152545999996732, -40.554078000003322 ], [ -73.152572999996693, -40.554121000003313 ], [ -73.1526489999967, -40.55413700000333 ], [ -73.15460699999673, -40.554826000003331 ], [ -73.15507999999673, -40.554996000003321 ], [ -73.155866999996732, -40.555278000003312 ], [ -73.157470999996761, -40.555849000003327 ], [ -73.159662999996769, -40.556626000003334 ], [ -73.160149999996776, -40.556778000003327 ], [ -73.160191999996783, -40.556693000003328 ], [ -73.160883999996784, -40.555549000003325 ], [ -73.16187799999679, -40.55434500000333 ], [ -73.162748999996793, -40.552994000003324 ], [ -73.163725999996828, -40.551887000003326 ], [ -73.164772999996813, -40.550598000003312 ], [ -73.166158999996824, -40.549305000003315 ], [ -73.167348999996833, -40.548122000003325 ], [ -73.168559999996845, -40.546997000003323 ], [ -73.169597999996853, -40.545873000003319 ], [ -73.170297999996862, -40.544808000003314 ], [ -73.170292999996875, -40.544630000003316 ], [ -73.170200999996851, -40.544589000003306 ], [ -73.169948999996862, -40.544535000003314 ], [ -73.169833999996854, -40.544640000003326 ], [ -73.169635999996856, -40.54484800000332 ], [ -73.169247999996855, -40.545310000003319 ], [ -73.169143999996862, -40.545369000003319 ], [ -73.168991999996862, -40.545410000003322 ], [ -73.168668999996839, -40.545423000003332 ], [ -73.168101999996836, -40.54541700000334 ], [ -73.167916999996848, -40.545493000003319 ], [ -73.167735999996836, -40.545612000003317 ], [ -73.167534999996846, -40.545762000003322 ], [ -73.167348999996833, -40.545877000003323 ], [ -73.167191999996845, -40.545960000003319 ], [ -73.166974999996853, -40.546021000003314 ], [ -73.166815999996828, -40.546012000003316 ], [ -73.16647199999683, -40.545734000003321 ], [ -73.165797999996812, -40.545359000003323 ], [ -73.165188999996815, -40.545171000003315 ], [ -73.165005999996808, -40.544985000003315 ], [ -73.164908999996825, -40.544601000003333 ], [ -73.165035999996832, -40.544081000003338 ], [ -73.165073999996807, -40.543556000003299 ], [ -73.16490399999681, -40.54308500000333 ], [ -73.164780999996808, -40.542930000003317 ], [ -73.16459599999682, -40.542845000003325 ], [ -73.164296999996807, -40.542804000003315 ], [ -73.163996999996797, -40.542828000003311 ], [ -73.163665999996809, -40.542923000003327 ], [ -73.163133999996816, -40.543186000003331 ], [ -73.162654999996803, -40.543575000003322 ], [ -73.162313999996783, -40.543702000003321 ], [ -73.161690999996779, -40.544021000003326 ], [ -73.161460999996791, -40.544375000003321 ], [ -73.16047299999677, -40.545049000003317 ], [ -73.160007999996765, -40.545406000003318 ], [ -73.159708999996766, -40.545734000003328 ], [ -73.159573999996766, -40.545850000003313 ], [ -73.159408999996771, -40.545915000003333 ], [ -73.159214999996777, -40.545952000003325 ], [ -73.158901999996772, -40.545939000003322 ], [ -73.158591999996759, -40.545802000003327 ], [ -73.158344999996757, -40.54557700000332 ], [ -73.158100999996762, -40.545419000003307 ], [ -73.157921999996759, -40.54510200000334 ], [ -73.157934999996755, -40.54429400000334 ], [ -73.157925999996763, -40.543754000003318 ], [ -73.157803999996759, -40.54357300000332 ], [ -73.157395999996737, -40.543427000003327 ], [ -73.157006999996725, -40.543249000003321 ], [ -73.156657999996739, -40.543165000003299 ], [ -73.156511999996738, -40.543184000003322 ], [ -73.156425999996742, -40.543261000003319 ], [ -73.156417999996748, -40.54339000000332 ], [ -73.15643799999674, -40.543505000003314 ], [ -73.156453999996742, -40.543591000003318 ], [ -73.156460999996739, -40.54367000000331 ], [ -73.156467999996735, -40.54375600000332 ], [ -73.156461999996736, -40.543816000003325 ], [ -73.156385999996743, -40.543851000003315 ], [ -73.156270999996735, -40.543788000003325 ], [ -73.156182999996744, -40.543758000003322 ], [ -73.156000999996749, -40.543723000003311 ], [ -73.155818999996725, -40.543674000003307 ], [ -73.155573999996733, -40.543720000003319 ], [ -73.155393999996733, -40.543803000003322 ], [ -73.155330999996721, -40.543891000003313 ], [ -73.155251999996722, -40.544019000003331 ], [ -73.155157999996732, -40.544385000003331 ], [ -73.154762999996734, -40.544747000003319 ], [ -73.154380999996718, -40.544834000003334 ], [ -73.154144999996717, -40.544905000003325 ], [ -73.154029999996709, -40.544996000003323 ], [ -73.153947999996717, -40.545081000003329 ], [ -73.153842999996712, -40.545154000003301 ], [ -73.153752999996712, -40.545178000003325 ], [ -73.153635999996709, -40.545194000003306 ], [ -73.153545999996709, -40.545221000003309 ], [ -73.153426999996711, -40.545291000003324 ], [ -73.153382999996708, -40.545358000003326 ], [ -73.153371999996708, -40.545429000003331 ], [ -73.15330899999671, -40.545478000003328 ], [ -73.153125999996703, -40.545515000003313 ], [ -73.1529809999967, -40.545484000003313 ], [ -73.152752999996693, -40.545427000003329 ], [ -73.152575999996699, -40.54537700000332 ], [ -73.152469999996711, -40.54531800000332 ], [ -73.152378999996699, -40.545224000003323 ], [ -73.152347999996707, -40.545141000003319 ], [ -73.152288999996699, -40.545072000003302 ], [ -73.15219799999673, -40.54499900000333 ], [ -73.152138999996694, -40.54492300000333 ], [ -73.152173999996705, -40.544824000003324 ], [ -73.152288999996699, -40.544747000003319 ], [ -73.152595999996706, -40.54433400000331 ], [ -73.1526939999967, -40.544164000003306 ], [ -73.152727999996713, -40.543939000003313 ], [ -73.1527109999967, -40.543724000003316 ], [ -73.1528459999967, -40.543590000003313 ], [ -73.152923999996702, -40.543477000003328 ], [ -73.152920999996695, -40.543391000003332 ], [ -73.152797999996693, -40.543268000003323 ], [ -73.152578999996706, -40.543250000003319 ], [ -73.152376999996704, -40.543258000003327 ], [ -73.152283999996698, -40.543217000003324 ], [ -73.152243999996699, -40.54315200000331 ], [ -73.152045999996702, -40.543034000003317 ], [ -73.151807999996691, -40.542970000003315 ], [ -73.151434999996681, -40.54307800000332 ], [ -73.151175999996696, -40.543113000003309 ], [ -73.150955999996683, -40.543103000003306 ], [ -73.150835999996701, -40.543033000003327 ], [ -73.150762999996687, -40.542967000003323 ], [ -73.150703999996679, -40.542898000003319 ], [ -73.150663999996695, -40.542826000003316 ], [ -73.150605999996685, -40.542543000003313 ], [ -73.150696999996697, -40.542466000003309 ], [ -73.150812999996688, -40.542357000003321 ], [ -73.150960999996698, -40.542237000003311 ], [ -73.151047999996692, -40.542174000003314 ], [ -73.151145999996686, -40.542155000003305 ], [ -73.151291999996687, -40.542146000003314 ], [ -73.151403999996688, -40.542152000003334 ], [ -73.151582999996691, -40.542140000003315 ], [ -73.152178999996693, -40.54194200000331 ], [ -73.152345999996697, -40.541999000003322 ], [ -73.152439999996702, -40.542165000003322 ], [ -73.152741999996707, -40.542255000003308 ], [ -73.152901999996715, -40.542233000003321 ], [ -73.153208999996707, -40.54213800000332 ], [ -73.153737999996707, -40.541803000003313 ], [ -73.153729999996713, -40.541098000003316 ], [ -73.153725999996709, -40.540562000003312 ], [ -73.153853999996713, -40.540489000003319 ], [ -73.154855999996727, -40.540541000003323 ], [ -73.155088999996721, -40.540394000003317 ], [ -73.155183999996723, -40.540181000003322 ], [ -73.155266999996726, -40.539725000003315 ], [ -73.155370999996734, -40.53918300000332 ], [ -73.155427999996732, -40.538787000003317 ], [ -73.155250999996724, -40.538584000003311 ], [ -73.155075999996725, -40.538499000003306 ], [ -73.154906999996726, -40.538497000003318 ], [ -73.154670999996739, -40.538554000003309 ], [ -73.15450799999671, -40.538673000003307 ], [ -73.154380999996718, -40.538892000003329 ], [ -73.154317999996721, -40.539131000003323 ], [ -73.154243999996709, -40.539276000003333 ], [ -73.15415499999672, -40.539414000003312 ], [ -73.154080999996708, -40.539552000003312 ], [ -73.153931999996729, -40.539689000003314 ], [ -73.153534999996708, -40.539983000003318 ], [ -73.153291999996711, -40.540126000003305 ], [ -73.153130999996705, -40.540188000003312 ], [ -73.153021999996696, -40.540236000003318 ], [ -73.152946999996715, -40.540239000003318 ], [ -73.152826999996705, -40.540179000003306 ], [ -73.152795999996698, -40.540115000003325 ], [ -73.152769999996693, -40.540050000003319 ], [ -73.152747999996706, -40.539981000003316 ], [ -73.152749999996701, -40.53991000000331 ], [ -73.1527559999967, -40.539860000003308 ], [ -73.152790999996697, -40.539789000003324 ], [ -73.152838999996703, -40.539747000003338 ], [ -73.152914999996696, -40.539716000003324 ], [ -73.1530089999967, -40.53968200000331 ], [ -73.153061999996694, -40.539650000003313 ], [ -73.153095999996694, -40.539587000003316 ], [ -73.153116999996712, -40.539523000003307 ], [ -73.153103999996702, -40.539469000003308 ], [ -73.1530539999967, -40.539432000003316 ], [ -73.152992999996698, -40.539413000003314 ], [ -73.152914999996696, -40.539351000003322 ], [ -73.152878999996702, -40.539311000003316 ], [ -73.152762999996696, -40.539252000003309 ], [ -73.152651999996706, -40.539208000003313 ], [ -73.152525999996698, -40.539206000003311 ], [ -73.152440999996699, -40.539208000003306 ], [ -73.1523169999967, -40.539295000003307 ], [ -73.152259999996701, -40.539341000003311 ], [ -73.152131999996698, -40.539392000003318 ], [ -73.152064999996696, -40.539416000003314 ], [ -73.151923999996697, -40.539432000003316 ], [ -73.151784999996678, -40.539387000003309 ], [ -73.151672999996691, -40.539374000003313 ], [ -73.151521999996703, -40.539415000003309 ], [ -73.151384999996694, -40.539448000003318 ], [ -73.15117099999668, -40.539720000003321 ], [ -73.151006999996682, -40.540079000003317 ], [ -73.150914999996687, -40.540181000003308 ], [ -73.150823999996703, -40.540240000003315 ], [ -73.150753999996695, -40.540250000003311 ], [ -73.15059099999668, -40.540212000003308 ], [ -73.149935999996671, -40.540180000003318 ], [ -73.149862999996671, -40.540093000003317 ], [ -73.149693999996686, -40.539940000003327 ], [ -73.149469999996668, -40.539883000003321 ], [ -73.149235999996677, -40.539879000003317 ], [ -73.149152999996687, -40.539827000003321 ], [ -73.148947999996665, -40.539806000003317 ], [ -73.148792999996672, -40.539818000003308 ], [ -73.148668999996659, -40.539870000003305 ], [ -73.148596999996656, -40.539933000003323 ], [ -73.148537999996663, -40.540050000003326 ], [ -73.14853499999667, -40.540164000003301 ], [ -73.148531999996663, -40.540279000003316 ], [ -73.148556999996671, -40.540383000003317 ], [ -73.148619999996654, -40.540480000003313 ], [ -73.148710999996666, -40.540571000003325 ], [ -73.148751999996676, -40.540629000003314 ], [ -73.148725999996657, -40.540700000003326 ], [ -73.148690999996688, -40.540782000003318 ], [ -73.148725999996657, -40.540882000003315 ], [ -73.148727999996652, -40.540979000003318 ], [ -73.148674999996658, -40.541042000003301 ], [ -73.148527999996659, -40.541104000003322 ], [ -73.148282999996667, -40.541129000003316 ], [ -73.147957999996677, -40.541181000003327 ], [ -73.147733999996674, -40.541181000003327 ], [ -73.147532999996656, -40.541142000003319 ], [ -73.147432999996653, -40.541051000003321 ], [ -73.147316999996661, -40.540978000003321 ], [ -73.147338999996663, -40.540878000003325 ], [ -73.147361999996662, -40.54072800000332 ], [ -73.147444999996651, -40.54060800000331 ], [ -73.147465999996655, -40.540526000003318 ], [ -73.147420999996655, -40.540454000003322 ], [ -73.147324999996655, -40.540370000003314 ], [ -73.147294999996646, -40.540277000003321 ], [ -73.14713199999666, -40.540231000003324 ], [ -73.147009999996655, -40.540226000003329 ], [ -73.146899999996648, -40.540313000003323 ], [ -73.146807999996639, -40.540423000003308 ], [ -73.146693999996657, -40.540478000003311 ], [ -73.146532999996651, -40.540536000003314 ], [ -73.146371999996646, -40.540591000003317 ], [ -73.14617499999666, -40.540602000003304 ], [ -73.146015999996649, -40.540582000003312 ], [ -73.145800999996638, -40.540574000003311 ], [ -73.145666999996649, -40.540497000003313 ], [ -73.145388999996626, -40.540396000003327 ], [ -73.145131999996636, -40.540339000003307 ], [ -73.144599999996629, -40.540123000003312 ], [ -73.144343999996622, -40.539883000003329 ], [ -73.144281999996622, -40.539728000003315 ], [ -73.144313999996612, -40.539585000003314 ], [ -73.144706999996643, -40.538930000003319 ], [ -73.144791999996627, -40.538567000003304 ], [ -73.145132999996633, -40.538100000003325 ], [ -73.145087999996633, -40.537860000003313 ], [ -73.144982999996628, -40.537601000003306 ], [ -73.144298999996636, -40.537268000003323 ], [ -73.143687999996629, -40.537141000003324 ], [ -73.143560999996623, -40.537160000003311 ], [ -73.143558999996628, -40.537239000003304 ], [ -73.143602999996631, -40.537357000003311 ], [ -73.143774999996623, -40.537385000003319 ], [ -73.143809999996634, -40.537496000003308 ], [ -73.143857999996627, -40.537608000003317 ], [ -73.143963999996615, -40.537667000003317 ], [ -73.14405599999661, -40.537736000003314 ], [ -73.144089999996623, -40.537859000003316 ], [ -73.14407599999663, -40.5380230000033 ], [ -73.14406499999663, -40.538248000003314 ], [ -73.144086999996617, -40.538498000003322 ], [ -73.143979999996631, -40.538629000003326 ], [ -73.143902999996627, -40.538717000003317 ], [ -73.143806999996627, -40.538794000003321 ], [ -73.143707999996636, -40.53880000000332 ], [ -73.143657999996634, -40.538738000003306 ], [ -73.143589999996635, -40.538655000003303 ], [ -73.143537999996639, -40.538522000003312 ], [ -73.143493999996622, -40.538407000003325 ], [ -73.143403999996607, -40.538273000003301 ], [ -73.142791999996618, -40.537863000003327 ], [ -73.142486999996621, -40.537725000003313 ], [ -73.142359999996614, -40.537727000003322 ], [ -73.142156999996615, -40.537799000003318 ], [ -73.142102999996595, -40.537866000003312 ], [ -73.142104999996619, -40.537977000003316 ], [ -73.142111999996601, -40.538063000003334 ], [ -73.142014999996618, -40.538190000003311 ], [ -73.141907999996604, -40.538324000003307 ], [ -73.141820999996597, -40.538569000003321 ], [ -73.141978999996596, -40.538692000003316 ], [ -73.14315699999662, -40.539704000003319 ], [ -73.143450999996617, -40.53991900000333 ], [ -73.143686999996632, -40.54005800000332 ], [ -73.143981999996626, -40.540194000003325 ], [ -73.145022999996641, -40.540548000003326 ], [ -73.146267999996653, -40.540941000003308 ], [ -73.14725799999664, -40.541262000003321 ], [ -73.147566999996684, -40.541398000003312 ], [ -73.147898999996656, -40.541585000003316 ], [ -73.148221999996665, -40.541850000003322 ], [ -73.148633999996662, -40.54227700000331 ], [ -73.148886999996677, -40.542663000003309 ], [ -73.149061999996675, -40.543078000003312 ], [ -73.149197999996687, -40.54362100000332 ], [ -73.149368999996668, -40.544412000003319 ], [ -73.149593999996668, -40.545476000003319 ], [ -73.149749999996672, -40.546324000003324 ], [ -73.149860999996676, -40.547015000003313 ], [ -73.149976999996667, -40.54777200000332 ], [ -73.15013899999667, -40.548754000003328 ], [ -73.15034199999667, -40.549984000003334 ], [ -73.150501999996692, -40.550911000003325 ], [ -73.150724999996683, -40.552077000003322 ], [ -73.150794999996691, -40.552598000003321 ], [ -73.150906999996693, -40.553449000003319 ] ] ] } },
{ "type": "Feature", "properties": { "zona": "28" }, "geometry": { "type": "Polygon", "coordinates": [ [ [ -73.157395999996737, -40.586194000003339 ], [ -73.157819999996747, -40.586878000003345 ], [ -73.158045999996759, -40.587310000003328 ], [ -73.158070999996752, -40.587360000003365 ], [ -73.158226999996756, -40.587478000003337 ], [ -73.158271999996757, -40.587890000003348 ], [ -73.158347999996778, -40.588212000003338 ], [ -73.158328999996755, -40.588441000003336 ], [ -73.158220999996772, -40.588687000003361 ], [ -73.158355999996758, -40.589158000003351 ], [ -73.158301999996752, -40.58973100000334 ], [ -73.158544999996764, -40.590469000003345 ], [ -73.158652999996789, -40.590981000003346 ], [ -73.158706999996767, -40.591656000003354 ], [ -73.158436999996752, -40.592025000003346 ], [ -73.15811299999676, -40.592291000003343 ], [ -73.157354999996741, -40.592510000003351 ], [ -73.157094999996772, -40.592553000003328 ], [ -73.156658999996736, -40.59263700000335 ], [ -73.156440999996747, -40.592670000003345 ], [ -73.156356999996746, -40.592713000003343 ], [ -73.156326999996736, -40.592791000003338 ], [ -73.156323999996744, -40.592900000003347 ], [ -73.156353999996739, -40.592964000003342 ], [ -73.15640999999674, -40.593120000003346 ], [ -73.156714999996737, -40.593538000003349 ], [ -73.156920999996728, -40.593847000003336 ], [ -73.157256999996747, -40.59424100000335 ], [ -73.157537999996762, -40.594468000003346 ], [ -73.15770199999676, -40.594576000003343 ], [ -73.157728999996763, -40.594687000003354 ], [ -73.157821999996742, -40.594774000003362 ], [ -73.157832999996756, -40.594921000003346 ], [ -73.157942999996749, -40.595093000003352 ], [ -73.158025999996752, -40.595147000003344 ], [ -73.158160999996753, -40.595139000003343 ], [ -73.158239999996752, -40.595193000003349 ], [ -73.158287999996759, -40.595280000003342 ], [ -73.15835499999676, -40.595326000003354 ], [ -73.158426999996777, -40.595338000003345 ], [ -73.158544999996764, -40.595364000003336 ], [ -73.158610999996768, -40.595405000003339 ], [ -73.158760999996773, -40.59543600000336 ], [ -73.158833999996773, -40.595494000003342 ], [ -73.158897999996768, -40.595541000003351 ], [ -73.159005999996765, -40.595583000003352 ], [ -73.159058999996773, -40.595635000003355 ], [ -73.159223999996769, -40.595710000003344 ], [ -73.159291999996753, -40.595757000003339 ], [ -73.159400999996777, -40.595819000003338 ], [ -73.159725999996752, -40.595948000003347 ], [ -73.159860999996766, -40.595960000003345 ], [ -73.160131999996779, -40.596066000003361 ], [ -73.160300999996764, -40.59609300000335 ], [ -73.160483999996771, -40.596168000003352 ], [ -73.160606999996787, -40.596250000003344 ], [ -73.160724999996773, -40.596328000003346 ], [ -73.160832999996785, -40.596410000003353 ], [ -73.160960999996774, -40.596473000003357 ], [ -73.161153999996785, -40.596552000003342 ], [ -73.161444999996803, -40.596717000003352 ], [ -73.161586999996786, -40.596830000003358 ], [ -73.161840999996784, -40.597032000003352 ], [ -73.162069999996788, -40.597261000003343 ], [ -73.162249999996817, -40.597466000003358 ], [ -73.162319999996782, -40.597639000003348 ], [ -73.162320999996794, -40.597795000003337 ], [ -73.162325999996781, -40.597963000003347 ], [ -73.162358999996783, -40.598063000003364 ], [ -73.162338999996791, -40.598222000003354 ], [ -73.162350999996789, -40.598326000003347 ], [ -73.162432999996781, -40.598445000003352 ], [ -73.16248399999678, -40.598610000003362 ], [ -73.16248599999679, -40.598690000003359 ], [ -73.162531999996801, -40.598870000003352 ], [ -73.162551999996793, -40.599023000003335 ], [ -73.162596999996794, -40.599205000003352 ], [ -73.162690999996798, -40.599389000003356 ], [ -73.162840999996817, -40.599558000003341 ], [ -73.162899999996796, -40.599632000003361 ], [ -73.162905999996795, -40.599693000003349 ], [ -73.162914999996815, -40.599854000003369 ], [ -73.162904999996826, -40.599993000003344 ], [ -73.162865999996811, -40.600083000003337 ], [ -73.162793999996808, -40.600126000003364 ], [ -73.162696999996797, -40.600139000003374 ], [ -73.162649999996788, -40.600205000003356 ], [ -73.162647999996793, -40.600291000003345 ], [ -73.162670999996806, -40.600401000003366 ], [ -73.162698999996806, -40.600491000003338 ], [ -73.162772999996804, -40.600562000003357 ], [ -73.162897999996801, -40.600635000003351 ], [ -73.163066999996801, -40.600746000003362 ], [ -73.163159999996793, -40.600830000003342 ], [ -73.163215999996808, -40.60086900000335 ], [ -73.163313999996817, -40.600901000003347 ], [ -73.163435999996793, -40.600925000003343 ], [ -73.163553999996793, -40.60100100000335 ], [ -73.163685999996801, -40.601012000003358 ], [ -73.163941999996808, -40.600994000003354 ], [ -73.164298999996831, -40.600939000003343 ], [ -73.164589999996807, -40.600899000003345 ], [ -73.164932999996807, -40.600839000003369 ], [ -73.16535399999681, -40.600734000003335 ], [ -73.165574999996821, -40.600635000003358 ], [ -73.165677999996831, -40.600588000003356 ], [ -73.166049999996829, -40.60038200000335 ], [ -73.166387999996829, -40.600266000003352 ], [ -73.166742999996828, -40.600169000003355 ], [ -73.166958999996822, -40.600118000003349 ], [ -73.167128999996848, -40.600049000003352 ], [ -73.167400999996843, -40.599889000003358 ], [ -73.167584999996848, -40.599762000003359 ], [ -73.16782999999684, -40.599636000003358 ], [ -73.168059999996842, -40.59954900000335 ], [ -73.168194999996842, -40.599477000003354 ], [ -73.168305999996861, -40.599441000003353 ], [ -73.168441999996844, -40.599438000003353 ], [ -73.16853299999687, -40.599427000003352 ], [ -73.16870399999685, -40.599347000003362 ], [ -73.168875999996857, -40.59925800000336 ], [ -73.169036999996862, -40.59918600000335 ], [ -73.169070999996862, -40.59915500000335 ], [ -73.169120999996849, -40.599107000003357 ], [ -73.169211999996861, -40.599092000003353 ], [ -73.16930099999685, -40.599043000003341 ], [ -73.16970599999685, -40.598793000003354 ], [ -73.169875999996876, -40.598755000003344 ], [ -73.170120999996868, -40.598693000003358 ], [ -73.170305999996856, -40.598649000003356 ], [ -73.170415999996877, -40.598633000003346 ], [ -73.170533999996877, -40.598603000003358 ], [ -73.170645999996864, -40.598595000003364 ], [ -73.170737999996859, -40.598549000003352 ], [ -73.170784999996854, -40.598460000003357 ], [ -73.170790999996868, -40.598437000003358 ], [ -73.170859999996864, -40.598440000003343 ], [ -73.170904999996864, -40.598455000003355 ], [ -73.170923999996873, -40.598430000003354 ], [ -73.170905999996862, -40.598350000003364 ], [ -73.170960999996851, -40.598325000003349 ], [ -73.171069999996874, -40.598313000003337 ], [ -73.171206999996869, -40.598275000003348 ], [ -73.171428999996891, -40.598158000003352 ], [ -73.171602999996878, -40.598142000003349 ], [ -73.171751999996886, -40.598119000003358 ], [ -73.171845999996876, -40.598045000003353 ], [ -73.171966999996883, -40.597999000003355 ], [ -73.172260999996865, -40.597916000003345 ], [ -73.172418999996864, -40.597909000003348 ], [ -73.172659999996881, -40.597828000003354 ], [ -73.172789999996894, -40.59777600000335 ], [ -73.17296999999688, -40.597756000003344 ], [ -73.173198999996885, -40.597678000003349 ], [ -73.173267999996895, -40.59764100000335 ], [ -73.173353999996905, -40.597628000003354 ], [ -73.17352899999689, -40.597689000003363 ], [ -73.173653999996901, -40.597667000003355 ], [ -73.174138999996885, -40.597470000003348 ], [ -73.175178999996902, -40.597049000003352 ], [ -73.174819999996913, -40.59673200000335 ], [ -73.174711999996902, -40.596642000003364 ], [ -73.174591999996906, -40.596539000003354 ], [ -73.174504999996898, -40.596459000003364 ], [ -73.174318999996899, -40.596281000003351 ], [ -73.174207999996881, -40.596175000003363 ], [ -73.174064999996887, -40.596036000003345 ], [ -73.173983999996892, -40.595960000003366 ], [ -73.173770999996904, -40.595761000003343 ], [ -73.173652999996904, -40.595597000003352 ], [ -73.173579999996889, -40.595482000003344 ], [ -73.173500999996904, -40.595313000003351 ], [ -73.1734009999969, -40.595076000003338 ], [ -73.173296999996879, -40.594841000003349 ], [ -73.17312699999691, -40.594643000003359 ], [ -73.172990999996898, -40.594494000003351 ], [ -73.1728719999969, -40.59436200000335 ], [ -73.172742999996885, -40.594256000003355 ], [ -73.172470999996889, -40.594104000003348 ], [ -73.172148999996878, -40.593948000003351 ], [ -73.171994999996869, -40.593870000003349 ], [ -73.171777999996905, -40.593764000003347 ], [ -73.171654999996889, -40.593700000003352 ], [ -73.171429999996874, -40.593571000003351 ], [ -73.171309999996865, -40.593481000003358 ], [ -73.17112199999687, -40.593340000003352 ], [ -73.170993999996867, -40.59322400000336 ], [ -73.170883999996875, -40.59312000000336 ], [ -73.170779999996867, -40.593007000003333 ], [ -73.170729999996865, -40.59295800000335 ], [ -73.170535999996872, -40.592768000003353 ], [ -73.170410999996875, -40.59265100000335 ], [ -73.170184999996877, -40.592426000003336 ], [ -73.170065999996865, -40.592304000003338 ], [ -73.170003999996865, -40.59224300000335 ], [ -73.169931999996862, -40.592154000003362 ], [ -73.169679999996859, -40.591837000003352 ], [ -73.169599999996862, -40.591739000003344 ], [ -73.169438999996856, -40.591539000003344 ], [ -73.169272999996849, -40.591331000003343 ], [ -73.169199999996863, -40.591224000003344 ], [ -73.169108999996851, -40.591066000003352 ], [ -73.16899299999686, -40.590868000003354 ], [ -73.168861999996849, -40.590664000003351 ], [ -73.168777999996863, -40.590510000003334 ], [ -73.168700999996858, -40.590379000003345 ], [ -73.16858199999686, -40.590210000003339 ], [ -73.168405999996835, -40.589984000003348 ], [ -73.168217999996841, -40.589743000003359 ], [ -73.168162999996838, -40.589673000003359 ], [ -73.167973999996846, -40.58942700000334 ], [ -73.167888999996848, -40.589320000003354 ], [ -73.167840999996855, -40.589260000003328 ], [ -73.167771999996845, -40.589173000003349 ], [ -73.167657999996848, -40.589030000003348 ], [ -73.167544999996835, -40.588888000003337 ], [ -73.167458999996839, -40.588780000003354 ], [ -73.16739099999684, -40.588695000003348 ], [ -73.167280999996848, -40.588557000003348 ], [ -73.167189999996836, -40.588459000003347 ], [ -73.167113999996843, -40.588384000003352 ], [ -73.166951999996826, -40.588225000003362 ], [ -73.166818999996821, -40.588097000003359 ], [ -73.166667999996847, -40.58795400000335 ], [ -73.166547999996823, -40.587845000003341 ], [ -73.166445999996824, -40.587749000003342 ], [ -73.16633699999683, -40.587646000003353 ], [ -73.166277999996822, -40.587587000003346 ], [ -73.166081999996834, -40.587380000003328 ], [ -73.165982999996828, -40.587277000003347 ], [ -73.165834999996832, -40.587120000003345 ], [ -73.165675999996822, -40.586956000003347 ], [ -73.165577999996827, -40.58685200000334 ], [ -73.165437999996811, -40.586704000003337 ], [ -73.165339999996817, -40.586601000003348 ], [ -73.165311999996817, -40.586558000003343 ], [ -73.165210999996816, -40.586421000003341 ], [ -73.165168999996823, -40.586354000003347 ], [ -73.165098999996815, -40.58623100000333 ], [ -73.165043999996826, -40.586142000003349 ], [ -73.165019999996815, -40.586069000003342 ], [ -73.164974999996815, -40.585936000003336 ], [ -73.164942999996811, -40.585787000003336 ], [ -73.164937999996809, -40.585752000003339 ], [ -73.164915999996808, -40.585470000003355 ], [ -73.164900999996831, -40.585278000003335 ], [ -73.164896999996841, -40.585193000003343 ], [ -73.164890999996814, -40.585090000003341 ], [ -73.164885999996812, -40.584993000003351 ], [ -73.164877999996818, -40.584866000003331 ], [ -73.164871999996819, -40.584814000003348 ], [ -73.164496999996814, -40.584897000003338 ], [ -73.164271999996814, -40.584943000003349 ], [ -73.163969999996795, -40.585050000003349 ], [ -73.163582999996805, -40.585223000003339 ], [ -73.162939999996794, -40.58557200000336 ], [ -73.1626899999968, -40.585633000003362 ], [ -73.162341999996798, -40.585675000003334 ], [ -73.161252999996805, -40.585686000003349 ], [ -73.160857999996765, -40.585624000003335 ], [ -73.160733999996779, -40.585569000003353 ], [ -73.160807999996791, -40.585702000003344 ], [ -73.160806999996765, -40.586016000003347 ], [ -73.158933999996762, -40.586086000003348 ], [ -73.158584999996776, -40.58610500000335 ], [ -73.157395999996737, -40.586194000003339 ] ] ] } },
{ "type": "Feature", "properties": { "zona": "52" }, "geometry": { "type": "Polygon", "coordinates": [ [ [ -73.157395999996737, -40.586194000003339 ], [ -73.158584999996776, -40.58610500000335 ], [ -73.158933999996762, -40.586086000003348 ], [ -73.160806999996765, -40.586016000003347 ], [ -73.160807999996791, -40.585702000003344 ], [ -73.160733999996779, -40.585569000003353 ], [ -73.160709999996783, -40.585526000003341 ], [ -73.16038299999677, -40.585112000003342 ], [ -73.16027199999678, -40.58495500000334 ], [ -73.160169999996768, -40.584904000003348 ], [ -73.160149999996776, -40.584921000003355 ], [ -73.16001699999677, -40.584984000003352 ], [ -73.159968999996778, -40.58500200000335 ], [ -73.159891999996773, -40.58502900000336 ], [ -73.159591999996778, -40.585109000003349 ], [ -73.159300999996773, -40.585168000003335 ], [ -73.158995999996776, -40.585249000003344 ], [ -73.158735999996765, -40.585312000003334 ], [ -73.158649999996769, -40.585320000003342 ], [ -73.158563999996773, -40.585317000003336 ], [ -73.158521999996736, -40.585307000003347 ], [ -73.15848299999675, -40.585295000003335 ], [ -73.158351999996754, -40.585239000003348 ], [ -73.158163999996745, -40.585156000003344 ], [ -73.157964999996736, -40.585066000003337 ], [ -73.157875999996762, -40.585040000003346 ], [ -73.15775299999676, -40.585006000003347 ], [ -73.157216999996763, -40.584750000003332 ], [ -73.156988999996742, -40.584443000003354 ], [ -73.157555999996745, -40.58429500000333 ], [ -73.157880999996763, -40.584201000003347 ], [ -73.157639999996761, -40.583628000003344 ], [ -73.157483999996742, -40.583361000003336 ], [ -73.15741899999675, -40.583163000003353 ], [ -73.157126999996763, -40.583145000003334 ], [ -73.157010999996771, -40.583036000003339 ], [ -73.156821999996737, -40.582710000003345 ], [ -73.156782999996736, -40.582627000003342 ], [ -73.157214999996754, -40.582515000003347 ], [ -73.157072999996743, -40.582204000003351 ], [ -73.15698399999674, -40.582007000003344 ], [ -73.156931999996743, -40.581891000003353 ], [ -73.15736999999676, -40.58179200000334 ], [ -73.157285999996759, -40.581605000003336 ], [ -73.157188999996762, -40.581391000003329 ], [ -73.157168999996742, -40.581338000003328 ], [ -73.157156999996758, -40.581312000003336 ], [ -73.157158999996753, -40.581286000003331 ], [ -73.157188999996762, -40.581225000003343 ], [ -73.157209999996752, -40.581163000003343 ], [ -73.157218999996758, -40.581110000003342 ], [ -73.157221999996736, -40.58106000000334 ], [ -73.157217999996746, -40.581008000003344 ], [ -73.157194999996761, -40.580949000003351 ], [ -73.157164999996752, -40.580868000003342 ], [ -73.157160999996748, -40.580847000003352 ], [ -73.157169999996754, -40.580818000003347 ], [ -73.157194999996761, -40.580798000003334 ], [ -73.157243999996751, -40.58078700000334 ], [ -73.157576999996763, -40.580710000003336 ], [ -73.15745999999676, -40.580446000003342 ], [ -73.15739999999677, -40.580327000003344 ], [ -73.15725599999675, -40.580052000003334 ], [ -73.157245999996761, -40.580021000003335 ], [ -73.157246999996758, -40.579990000003328 ], [ -73.15724999999675, -40.579978000003329 ], [ -73.157648999996752, -40.579878000003347 ], [ -73.157717999996763, -40.579860000003336 ], [ -73.157714999996756, -40.57984700000334 ], [ -73.157557999996754, -40.579506000003342 ], [ -73.157560999996761, -40.579479000003353 ], [ -73.157575999996766, -40.579464000003341 ], [ -73.157957999996754, -40.579358000003339 ], [ -73.158048999996737, -40.579333000003338 ], [ -73.158035999996756, -40.57926900000335 ], [ -73.157987999996749, -40.579105000003345 ], [ -73.157950999996743, -40.578989000003332 ], [ -73.157952999996738, -40.578908000003338 ], [ -73.15799299999675, -40.578574000003336 ], [ -73.158014999996752, -40.578498000003343 ], [ -73.158068999996757, -40.578411000003342 ], [ -73.15812999999676, -40.578338000003328 ], [ -73.158634999996764, -40.578112000003344 ], [ -73.158852999996768, -40.578017000003335 ], [ -73.158940999996773, -40.57799200000332 ], [ -73.15903999999675, -40.577987000003347 ], [ -73.159142999996774, -40.57800600000332 ], [ -73.159593999996773, -40.578208000003336 ], [ -73.159916999996781, -40.57840900000334 ], [ -73.159923999996792, -40.578190000003332 ], [ -73.159911999996751, -40.578083000003353 ], [ -73.159883999996765, -40.578015000003333 ], [ -73.15985399999677, -40.577964000003341 ], [ -73.159795999996774, -40.57789500000333 ], [ -73.159713999996768, -40.577827000003346 ], [ -73.159164999996761, -40.577571000003338 ], [ -73.158711999996768, -40.577360000003331 ], [ -73.158024999996755, -40.577402000003339 ], [ -73.157905999996743, -40.576116000003346 ], [ -73.157781999996757, -40.57482200000333 ], [ -73.157720999996755, -40.574010000003341 ], [ -73.157712999996761, -40.573935000003338 ], [ -73.157608999996739, -40.573905000003329 ], [ -73.155971999996737, -40.573859000003331 ], [ -73.15423399999672, -40.57383300000334 ], [ -73.15323199999672, -40.573863000003328 ], [ -73.152888999996705, -40.573869000003334 ], [ -73.152567999996705, -40.573880000003342 ], [ -73.15136399999669, -40.573956000003328 ], [ -73.149995999996676, -40.574065000003337 ], [ -73.149670999996687, -40.57408300000332 ], [ -73.149520999996668, -40.57409200000334 ], [ -73.147872999996665, -40.574206000003329 ], [ -73.147024999996646, -40.574260000003328 ], [ -73.146848999996649, -40.574259000003345 ], [ -73.146774999996637, -40.574244000003333 ], [ -73.146667999996652, -40.574203000003337 ], [ -73.146135999996673, -40.573921000003324 ], [ -73.14595599999663, -40.573982000003333 ], [ -73.145551999996641, -40.574065000003337 ], [ -73.144950999996624, -40.574313000003315 ], [ -73.144765999996636, -40.574429000003327 ], [ -73.144667999996642, -40.574595000003335 ], [ -73.144601999996638, -40.574877000003326 ], [ -73.144547999996647, -40.575043000003348 ], [ -73.144560999996628, -40.575333000003347 ], [ -73.144645999996627, -40.575590000003345 ], [ -73.144888999996638, -40.575943000003335 ], [ -73.145141999996639, -40.57636700000333 ], [ -73.146184999996663, -40.577954000003345 ], [ -73.146372999996657, -40.578120000003331 ], [ -73.146840999996655, -40.578215000003347 ], [ -73.147214999996677, -40.578357000003329 ], [ -73.147900999996651, -40.578807000003323 ], [ -73.148618999996671, -40.579092000003335 ], [ -73.150781999996681, -40.580292000003354 ], [ -73.151051999996682, -40.580442000003352 ], [ -73.151917999996698, -40.581015000003333 ], [ -73.152507999996701, -40.581320000003331 ], [ -73.15323599999671, -40.581769000003362 ], [ -73.154315999996726, -40.582902000003337 ], [ -73.154513999996723, -40.583158000003351 ], [ -73.155094999996734, -40.583754000003324 ], [ -73.155761999996741, -40.584280000003339 ], [ -73.156598999996746, -40.585292000003349 ], [ -73.157040999996752, -40.585749000003332 ], [ -73.15739099999675, -40.586187000003335 ], [ -73.157395999996737, -40.586194000003339 ] ] ] } },
{ "type": "Feature", "properties": { "zona": "51" }, "geometry": { "type": "Polygon", "coordinates": [ [ [ -73.146135999996673, -40.573921000003324 ], [ -73.146667999996652, -40.574203000003337 ], [ -73.146774999996637, -40.574244000003333 ], [ -73.146848999996649, -40.574259000003345 ], [ -73.147024999996646, -40.574260000003328 ], [ -73.147872999996665, -40.574206000003329 ], [ -73.149520999996668, -40.57409200000334 ], [ -73.149670999996687, -40.57408300000332 ], [ -73.149995999996676, -40.574065000003337 ], [ -73.15136399999669, -40.573956000003328 ], [ -73.152567999996705, -40.573880000003342 ], [ -73.152888999996705, -40.573869000003334 ], [ -73.15323199999672, -40.573863000003328 ], [ -73.15423399999672, -40.57383300000334 ], [ -73.155971999996737, -40.573859000003331 ], [ -73.157608999996739, -40.573905000003329 ], [ -73.157712999996761, -40.573935000003338 ], [ -73.157664999996754, -40.573466000003336 ], [ -73.157614999996738, -40.57301800000333 ], [ -73.157562999996756, -40.572516000003333 ], [ -73.15750499999676, -40.571841000003339 ], [ -73.157437999996759, -40.571188000003339 ], [ -73.157385999996748, -40.570531000003342 ], [ -73.157310999996753, -40.570011000003326 ], [ -73.157241999996756, -40.569861000003328 ], [ -73.157181999996752, -40.569761000003325 ], [ -73.157132999996762, -40.569703000003337 ], [ -73.156988999996742, -40.569551000003329 ], [ -73.156953999996745, -40.569515000003342 ], [ -73.156750999996746, -40.569383000003342 ], [ -73.15626899999674, -40.569189000003334 ], [ -73.155681999996744, -40.568959000003332 ], [ -73.154838999996727, -40.569374000003322 ], [ -73.153577999996713, -40.570236000003348 ], [ -73.152778999996713, -40.570766000003346 ], [ -73.15228799999673, -40.571006000003344 ], [ -73.15124399999668, -40.571330000003343 ], [ -73.151127999996689, -40.571462000003329 ], [ -73.150069999996674, -40.572084000003315 ], [ -73.149567999996677, -40.572349000003321 ], [ -73.148432999996686, -40.57283800000333 ], [ -73.147124999996649, -40.573585000003341 ], [ -73.146135999996673, -40.573921000003324 ] ] ] } },
{ "type": "Feature", "properties": { "zona": "29" }, "geometry": { "type": "Polygon", "coordinates": [ [ [ -73.164871999996819, -40.584814000003348 ], [ -73.164877999996818, -40.584866000003331 ], [ -73.164885999996812, -40.584993000003351 ], [ -73.164890999996814, -40.585090000003341 ], [ -73.164896999996841, -40.585193000003343 ], [ -73.164900999996831, -40.585278000003335 ], [ -73.164915999996808, -40.585470000003355 ], [ -73.164937999996809, -40.585752000003339 ], [ -73.164942999996811, -40.585787000003336 ], [ -73.164974999996815, -40.585936000003336 ], [ -73.165019999996815, -40.586069000003342 ], [ -73.165043999996826, -40.586142000003349 ], [ -73.165098999996815, -40.58623100000333 ], [ -73.165168999996823, -40.586354000003347 ], [ -73.165210999996816, -40.586421000003341 ], [ -73.165311999996817, -40.586558000003343 ], [ -73.165339999996817, -40.586601000003348 ], [ -73.165437999996811, -40.586704000003337 ], [ -73.165577999996827, -40.58685200000334 ], [ -73.165675999996822, -40.586956000003347 ], [ -73.165834999996832, -40.587120000003345 ], [ -73.165982999996828, -40.587277000003347 ], [ -73.166081999996834, -40.587380000003328 ], [ -73.166277999996822, -40.587587000003346 ], [ -73.16633699999683, -40.587646000003353 ], [ -73.166445999996824, -40.587749000003342 ], [ -73.166547999996823, -40.587845000003341 ], [ -73.166667999996847, -40.58795400000335 ], [ -73.166818999996821, -40.588097000003359 ], [ -73.166951999996826, -40.588225000003362 ], [ -73.167113999996843, -40.588384000003352 ], [ -73.167189999996836, -40.588459000003347 ], [ -73.167280999996848, -40.588557000003348 ], [ -73.16739099999684, -40.588695000003348 ], [ -73.167458999996839, -40.588780000003354 ], [ -73.167544999996835, -40.588888000003337 ], [ -73.167657999996848, -40.589030000003348 ], [ -73.167771999996845, -40.589173000003349 ], [ -73.167840999996855, -40.589260000003328 ], [ -73.167888999996848, -40.589320000003354 ], [ -73.167973999996846, -40.58942700000334 ], [ -73.168162999996838, -40.589673000003359 ], [ -73.168217999996841, -40.589743000003359 ], [ -73.168405999996835, -40.589984000003348 ], [ -73.16858199999686, -40.590210000003339 ], [ -73.168700999996858, -40.590379000003345 ], [ -73.168777999996863, -40.590510000003334 ], [ -73.168861999996849, -40.590664000003351 ], [ -73.16899299999686, -40.590868000003354 ], [ -73.169108999996851, -40.591066000003352 ], [ -73.169199999996863, -40.591224000003344 ], [ -73.169272999996849, -40.591331000003343 ], [ -73.169438999996856, -40.591539000003344 ], [ -73.169599999996862, -40.591739000003344 ], [ -73.169679999996859, -40.591837000003352 ], [ -73.169931999996862, -40.592154000003362 ], [ -73.170003999996865, -40.59224300000335 ], [ -73.170065999996865, -40.592304000003338 ], [ -73.170184999996877, -40.592426000003336 ], [ -73.170410999996875, -40.59265100000335 ], [ -73.170535999996872, -40.592768000003353 ], [ -73.170729999996865, -40.59295800000335 ], [ -73.170779999996867, -40.593007000003333 ], [ -73.170883999996875, -40.59312000000336 ], [ -73.170993999996867, -40.59322400000336 ], [ -73.17112199999687, -40.593340000003352 ], [ -73.171309999996865, -40.593481000003358 ], [ -73.171429999996874, -40.593571000003351 ], [ -73.171654999996889, -40.593700000003352 ], [ -73.171777999996905, -40.593764000003347 ], [ -73.171994999996869, -40.593870000003349 ], [ -73.172148999996878, -40.593948000003351 ], [ -73.172470999996889, -40.594104000003348 ], [ -73.172742999996885, -40.594256000003355 ], [ -73.1728719999969, -40.59436200000335 ], [ -73.172990999996898, -40.594494000003351 ], [ -73.17312699999691, -40.594643000003359 ], [ -73.173296999996879, -40.594841000003349 ], [ -73.1734009999969, -40.595076000003338 ], [ -73.173500999996904, -40.595313000003351 ], [ -73.173579999996889, -40.595482000003344 ], [ -73.173652999996904, -40.595597000003352 ], [ -73.173770999996904, -40.595761000003343 ], [ -73.173983999996892, -40.595960000003366 ], [ -73.174064999996887, -40.596036000003345 ], [ -73.174207999996881, -40.596175000003363 ], [ -73.174318999996899, -40.596281000003351 ], [ -73.174504999996898, -40.596459000003364 ], [ -73.174591999996906, -40.596539000003354 ], [ -73.174711999996902, -40.596642000003364 ], [ -73.174819999996913, -40.59673200000335 ], [ -73.175178999996902, -40.597049000003352 ], [ -73.175179999996914, -40.597049000003352 ], [ -73.175403999996902, -40.596919000003354 ], [ -73.175497999996892, -40.596829000003353 ], [ -73.175646999996914, -40.596783000003356 ], [ -73.17571799999692, -40.596733000003354 ], [ -73.175809999996915, -40.596697000003353 ], [ -73.175842999996931, -40.596637000003348 ], [ -73.175848999996916, -40.596562000003338 ], [ -73.175888999996914, -40.596461000003352 ], [ -73.175989999996915, -40.596389000003342 ], [ -73.176107999996916, -40.596357000003344 ], [ -73.176213999996932, -40.596339000003361 ], [ -73.17630899999692, -40.596291000003347 ], [ -73.176325999996919, -40.596178000003349 ], [ -73.176368999996924, -40.596092000003345 ], [ -73.176451999996914, -40.596043000003348 ], [ -73.176632999996912, -40.596012000003341 ], [ -73.176724999996907, -40.595999000003353 ], [ -73.176798999996919, -40.595961000003342 ], [ -73.176797999996907, -40.595822000003352 ], [ -73.176844999996916, -40.595733000003349 ], [ -73.176958999996927, -40.595746000003359 ], [ -73.17700499999691, -40.595775000003364 ], [ -73.177041999996916, -40.595786000003358 ], [ -73.177083999996924, -40.595791000003338 ], [ -73.177215999996932, -40.595753000003356 ], [ -73.177314999996923, -40.595669000003355 ], [ -73.177374999996943, -40.595613000003354 ], [ -73.17743799999694, -40.595545000003362 ], [ -73.177455999996923, -40.595457000003357 ], [ -73.177476999996941, -40.595401000003356 ], [ -73.17757699999693, -40.595341000003344 ], [ -73.177635999996923, -40.595310000003359 ], [ -73.177736999996938, -40.59521000000337 ], [ -73.177806999996946, -40.595133000003351 ], [ -73.17781499999694, -40.595094000003336 ], [ -73.177795999996931, -40.59503100000336 ], [ -73.177740999996942, -40.59499100000334 ], [ -73.177641999996922, -40.594996000003349 ], [ -73.17757699999693, -40.594997000003339 ], [ -73.17752799999694, -40.594984000003343 ], [ -73.17743799999694, -40.594929000003361 ], [ -73.17744199999693, -40.594870000003354 ], [ -73.177537999996929, -40.59477300000335 ], [ -73.177575999996932, -40.594683000003357 ], [ -73.177704999996934, -40.594578000003345 ], [ -73.177758999996925, -40.594588000003355 ], [ -73.177827999996921, -40.59462100000335 ], [ -73.177883999996922, -40.59462500000334 ], [ -73.178081999996934, -40.594584000003351 ], [ -73.178294999996922, -40.594482000003346 ], [ -73.178418999996936, -40.594382000003343 ], [ -73.178479999996938, -40.594269000003344 ], [ -73.178605999996932, -40.594190000003351 ], [ -73.17874199999693, -40.594119000003346 ], [ -73.178851999996937, -40.594041000003365 ], [ -73.178930999996936, -40.593965000003358 ], [ -73.17902299999696, -40.593929000003342 ], [ -73.179072999996947, -40.593834000003355 ], [ -73.179132999996938, -40.593770000003353 ], [ -73.179226999996942, -40.593613000003351 ], [ -73.179354999996946, -40.593469000003367 ], [ -73.179428999996944, -40.593434000003363 ], [ -73.179498999996937, -40.593428000003357 ], [ -73.179561999996935, -40.593465000003349 ], [ -73.179656999996936, -40.593488000003354 ], [ -73.179770999996947, -40.593427000003345 ], [ -73.17987499999694, -40.593305000003362 ], [ -73.179965999996938, -40.593211000003343 ], [ -73.180011999996935, -40.593165000003353 ], [ -73.180020999996941, -40.593083000003354 ], [ -73.179990999996946, -40.592993000003347 ], [ -73.179987999996939, -40.592943000003338 ], [ -73.180056999996935, -40.592846000003362 ], [ -73.180186999996948, -40.592805000003345 ], [ -73.180269999996952, -40.592755000003351 ], [ -73.180346999996956, -40.592774000003374 ], [ -73.180380999996956, -40.592801000003348 ], [ -73.180503999996958, -40.592785000003346 ], [ -73.180607999996951, -40.592732000003345 ], [ -73.180646999996952, -40.592670000003352 ], [ -73.18064799999695, -40.592545000003355 ], [ -73.180618999996952, -40.59248500000335 ], [ -73.180597999996962, -40.592342000003342 ], [ -73.18056499999696, -40.592267000003353 ], [ -73.180555999996955, -40.592202000003354 ], [ -73.180561999996954, -40.592144000003344 ], [ -73.180638999996958, -40.592054000003344 ], [ -73.180659999996962, -40.591908000003343 ], [ -73.180732999996962, -40.59180400000335 ], [ -73.180843999996952, -40.591746000003347 ], [ -73.180883999996965, -40.591676000003361 ], [ -73.180897999996958, -40.591574000003355 ], [ -73.180969999996961, -40.591511000003337 ], [ -73.18105299999695, -40.591425000003355 ], [ -73.181124999996953, -40.59136500000335 ], [ -73.181199999996949, -40.59127600000334 ], [ -73.181271999996952, -40.59122300000336 ], [ -73.181375999996959, -40.591173000003351 ], [ -73.181443999996958, -40.591088000003367 ], [ -73.181526999996976, -40.591052000003344 ], [ -73.181597999996953, -40.591010000003358 ], [ -73.181650999996961, -40.590952000003348 ], [ -73.181647999996954, -40.590920000003358 ], [ -73.181602999996954, -40.59085000000335 ], [ -73.181641999996955, -40.590749000003349 ], [ -73.181633999996961, -40.590702000003347 ], [ -73.181627999996962, -40.590641000003345 ], [ -73.18159899999695, -40.590605000003329 ], [ -73.181605999996961, -40.590513000003355 ], [ -73.181683999996949, -40.59050000000336 ], [ -73.181836999996975, -40.590470000003336 ], [ -73.181915999996974, -40.59048700000335 ], [ -73.182039999996974, -40.590484000003343 ], [ -73.18212599999697, -40.590426000003347 ], [ -73.182126999996967, -40.59037600000336 ], [ -73.182162999996976, -40.590361000003355 ], [ -73.182241999996975, -40.59036600000335 ], [ -73.182309999996974, -40.590360000003351 ], [ -73.182304999996973, -40.590306000003345 ], [ -73.18237899999697, -40.590253000003344 ], [ -73.18244099999697, -40.590194000003358 ], [ -73.182413999996967, -40.590147000003334 ], [ -73.182500999996975, -40.590052000003354 ], [ -73.182607999996975, -40.590038000003339 ], [ -73.182708999996976, -40.590041000003332 ], [ -73.18282699999699, -40.589987000003347 ], [ -73.182977999996965, -40.589963000003344 ], [ -73.183043999996968, -40.589832000003348 ], [ -73.183129999996964, -40.589794000003359 ], [ -73.183151999996966, -40.589671000003342 ], [ -73.18313899999697, -40.589619000003331 ], [ -73.183213999996966, -40.589551000003354 ], [ -73.183272999996987, -40.589438000003355 ], [ -73.183334999996987, -40.589374000003346 ], [ -73.183294999996988, -40.589322000003349 ], [ -73.183295999996986, -40.589220000003344 ], [ -73.183311999996988, -40.589178000003344 ], [ -73.183384999996989, -40.589141000003352 ], [ -73.183434999997004, -40.589119000003336 ], [ -73.183395999996989, -40.589077000003343 ], [ -73.183414999996984, -40.588986000003352 ], [ -73.183457999996989, -40.588950000003358 ], [ -73.183563999996977, -40.588941000003345 ], [ -73.183637999996989, -40.588958000003352 ], [ -73.18373899999699, -40.588938000003338 ], [ -73.183753999996981, -40.588915000003347 ], [ -73.183774999996984, -40.588824000003335 ], [ -73.183745999996987, -40.588767000003351 ], [ -73.18374299999698, -40.588733000003359 ], [ -73.18382899999699, -40.588654000003345 ], [ -73.183912999996977, -40.588657000003344 ], [ -73.183990999996979, -40.588646000003351 ], [ -73.184040999996981, -40.58860400000335 ], [ -73.184068999996981, -40.588559000003343 ], [ -73.18413299999699, -40.588527000003346 ], [ -73.18416499999698, -40.588470000003362 ], [ -73.184141999996982, -40.588395000003338 ], [ -73.184031999996989, -40.588363000003362 ], [ -73.183982999996985, -40.588383000003354 ], [ -73.183938999996982, -40.588436000003355 ], [ -73.183910999996982, -40.588439000003348 ], [ -73.183844999996978, -40.588443000003352 ], [ -73.183735999996983, -40.588408000003355 ], [ -73.183674999996981, -40.588339000003337 ], [ -73.183678999996985, -40.58827300000334 ], [ -73.183786999996997, -40.588189000003354 ], [ -73.183931999996986, -40.588191000003341 ], [ -73.184047999996977, -40.588147000003353 ], [ -73.184017999996982, -40.58810900000335 ], [ -73.183934999996978, -40.588054000003353 ], [ -73.183906999996978, -40.587993000003344 ], [ -73.183952999997004, -40.587935000003355 ], [ -73.184022999996984, -40.58793000000334 ], [ -73.184166999996989, -40.587895000003343 ], [ -73.184216999996977, -40.587853000003342 ], [ -73.184200999996989, -40.587805000003335 ], [ -73.184251999996988, -40.587748000003337 ], [ -73.184275999996984, -40.587720000003344 ], [ -73.184286999996985, -40.587669000003345 ], [ -73.184270999996983, -40.587631000003348 ], [ -73.184207999996985, -40.587617000003362 ], [ -73.184202999996984, -40.587542000003353 ], [ -73.184225999996983, -40.587489000003359 ], [ -73.184080999996979, -40.58738000000335 ], [ -73.18401299999698, -40.587295000003351 ], [ -73.184045999996982, -40.587229000003362 ], [ -73.18407499999698, -40.587098000003344 ], [ -73.183949999996983, -40.586989000003342 ], [ -73.183928999996979, -40.586912000003359 ], [ -73.183969999996989, -40.586860000003355 ], [ -73.183936999996988, -40.586785000003346 ], [ -73.18393599999699, -40.586721000003351 ], [ -73.183895999996977, -40.586656000003352 ], [ -73.183772999996989, -40.586606000003343 ], [ -73.183685999996982, -40.586549000003338 ], [ -73.183687999996991, -40.586483000003355 ], [ -73.183722999996988, -40.586431000003337 ], [ -73.183746999996984, -40.586383000003352 ], [ -73.18381599999698, -40.586320000003347 ], [ -73.183785999996985, -40.586308000003349 ], [ -73.183520999997, -40.58625700000335 ], [ -73.183343999996978, -40.586234000003351 ], [ -73.183116999996969, -40.586232000003342 ], [ -73.182885999996969, -40.586250000003353 ], [ -73.182769999996964, -40.586285000003343 ], [ -73.182324999996965, -40.586391000003339 ], [ -73.182122999996963, -40.586441000003347 ], [ -73.181879999996966, -40.586461000003354 ], [ -73.181693999996952, -40.58645700000335 ], [ -73.18132499999696, -40.586393000003355 ], [ -73.180978999996952, -40.586341000003337 ], [ -73.180727999996961, -40.586318000003345 ], [ -73.180141999996948, -40.586326000003346 ], [ -73.178933999996943, -40.586407000003348 ], [ -73.178588999996947, -40.585926000003347 ], [ -73.178173999996929, -40.585267000003327 ], [ -73.177886999996929, -40.58478800000335 ], [ -73.177579999996922, -40.584333000003348 ], [ -73.177091999996932, -40.583618000003348 ], [ -73.17662799999691, -40.583004000003342 ], [ -73.176245999996908, -40.58251400000335 ], [ -73.175879999996923, -40.582018000003345 ], [ -73.175505999996901, -40.581520000003351 ], [ -73.17540099999691, -40.581399000003344 ], [ -73.175330999996916, -40.581315000003343 ], [ -73.175217999996903, -40.581253000003358 ], [ -73.175017999996911, -40.581143000003337 ], [ -73.174514999996916, -40.580904000003336 ], [ -73.173978999996891, -40.580661000003353 ], [ -73.173503999996882, -40.580453000003338 ], [ -73.173216999996896, -40.580348000003347 ], [ -73.172839999996881, -40.580220000003358 ], [ -73.172356999996879, -40.580068000003337 ], [ -73.171897999996887, -40.579957000003347 ], [ -73.171374999996871, -40.57983600000334 ], [ -73.17127399999687, -40.579813000003341 ], [ -73.171272999996873, -40.579813000003348 ], [ -73.171271999996875, -40.579813000003334 ], [ -73.170670999996872, -40.579749000003346 ], [ -73.169859999996859, -40.57965000000334 ], [ -73.16993299999686, -40.579976000003342 ], [ -73.170078999996875, -40.580633000003353 ], [ -73.170234999996865, -40.58142900000334 ], [ -73.170298999996874, -40.581717000003337 ], [ -73.16979799999686, -40.581908000003338 ], [ -73.169222999996876, -40.582132000003348 ], [ -73.16879999999685, -40.582306000003342 ], [ -73.168242999996835, -40.58251800000334 ], [ -73.167815999996847, -40.58268100000334 ], [ -73.167216999996839, -40.582909000003347 ], [ -73.16638199999683, -40.583233000003347 ], [ -73.166190999996829, -40.583307000003352 ], [ -73.165792999996825, -40.583462000003358 ], [ -73.165261999996815, -40.583674000003342 ], [ -73.165118999996807, -40.58347300000333 ], [ -73.164728999996825, -40.58362400000334 ], [ -73.164286999996833, -40.583790000003347 ], [ -73.164164999996814, -40.58392100000335 ], [ -73.164297999996819, -40.584042000003343 ], [ -73.164542999996812, -40.584265000003334 ], [ -73.164699999996813, -40.584438000003338 ], [ -73.164781999996819, -40.584582000003337 ], [ -73.164842999996807, -40.584713000003347 ], [ -73.164871999996819, -40.584814000003348 ] ] ] } },
{ "type": "Feature", "properties": { "zona": "56" }, "geometry": { "type": "Polygon", "coordinates": [ [ [ -73.172804999996885, -40.569906000003336 ], [ -73.172844999996883, -40.569989000003339 ], [ -73.172899999996872, -40.570052000003329 ], [ -73.173036999996881, -40.570184000003344 ], [ -73.173283999996897, -40.570354000003313 ], [ -73.173581999996884, -40.570550000003344 ], [ -73.173765999996888, -40.570695000003333 ], [ -73.173920999996895, -40.570826000003329 ], [ -73.173976999996881, -40.570905000003343 ], [ -73.174017999996892, -40.571001000003335 ], [ -73.174019999996887, -40.57106500000333 ], [ -73.174006999996905, -40.571224000003347 ], [ -73.173951999996902, -40.571464000003338 ], [ -73.173859999996878, -40.571865000003335 ], [ -73.1737669999969, -40.572287000003335 ], [ -73.173722999996883, -40.572480000003345 ], [ -73.173609999996899, -40.572968000003328 ], [ -73.173508999996898, -40.573408000003354 ], [ -73.173494999996905, -40.57345600000334 ], [ -73.172643999996865, -40.573359000003343 ], [ -73.172462999996881, -40.573337000003335 ], [ -73.172289999996863, -40.573344000003331 ], [ -73.171667999996885, -40.57361900000334 ], [ -73.171114999996874, -40.573886000003341 ], [ -73.171026999996869, -40.573928000003328 ], [ -73.170712999996866, -40.574034000003337 ], [ -73.170388999996874, -40.574105000003343 ], [ -73.169790999996863, -40.574238000003341 ], [ -73.169298999996855, -40.574346000003345 ], [ -73.168982999996857, -40.574364000003342 ], [ -73.168851999996861, -40.574337000003339 ], [ -73.168845999996861, -40.574359000003348 ], [ -73.168860999996852, -40.574421000003326 ], [ -73.168845999996861, -40.574507000003344 ], [ -73.170154999996868, -40.574690000003329 ], [ -73.171492999996886, -40.574882000003335 ], [ -73.172694999996864, -40.575046000003347 ], [ -73.173074999996899, -40.575095000003344 ], [ -73.173024999996869, -40.575321000003335 ], [ -73.172873999996895, -40.575952000003333 ], [ -73.172703999996884, -40.576686000003335 ], [ -73.172549999996875, -40.577282000003343 ], [ -73.1723879999969, -40.577944000003335 ], [ -73.172232999996879, -40.578573000003345 ], [ -73.172112999996884, -40.579091000003345 ], [ -73.171473999996891, -40.579002000003335 ], [ -73.171473999996877, -40.579004000003337 ], [ -73.171272999996873, -40.579813000003348 ], [ -73.17127399999687, -40.579813000003341 ], [ -73.171374999996871, -40.57983600000334 ], [ -73.171897999996887, -40.579957000003347 ], [ -73.172356999996879, -40.580068000003337 ], [ -73.172839999996881, -40.580220000003358 ], [ -73.173216999996896, -40.580348000003347 ], [ -73.173503999996882, -40.580453000003338 ], [ -73.173978999996891, -40.580661000003353 ], [ -73.174514999996916, -40.580904000003336 ], [ -73.175017999996911, -40.581143000003337 ], [ -73.175217999996903, -40.581253000003358 ], [ -73.175330999996916, -40.581315000003343 ], [ -73.17540099999691, -40.581399000003344 ], [ -73.175505999996901, -40.581520000003351 ], [ -73.175879999996923, -40.582018000003345 ], [ -73.176245999996908, -40.58251400000335 ], [ -73.17662799999691, -40.583004000003342 ], [ -73.177091999996932, -40.583618000003348 ], [ -73.177579999996922, -40.584333000003348 ], [ -73.177886999996929, -40.58478800000335 ], [ -73.178173999996929, -40.585267000003327 ], [ -73.178588999996947, -40.585926000003347 ], [ -73.178933999996943, -40.586407000003348 ], [ -73.180141999996948, -40.586326000003346 ], [ -73.180727999996961, -40.586318000003345 ], [ -73.180978999996952, -40.586341000003337 ], [ -73.18132499999696, -40.586393000003355 ], [ -73.181693999996952, -40.58645700000335 ], [ -73.181879999996966, -40.586461000003354 ], [ -73.182122999996963, -40.586441000003347 ], [ -73.182324999996965, -40.586391000003339 ], [ -73.182769999996964, -40.586285000003343 ], [ -73.182885999996969, -40.586250000003353 ], [ -73.183116999996969, -40.586232000003342 ], [ -73.183343999996978, -40.586234000003351 ], [ -73.183520999997, -40.58625700000335 ], [ -73.183785999996985, -40.586308000003349 ], [ -73.18381599999698, -40.586320000003347 ], [ -73.18381799999699, -40.586318000003345 ], [ -73.183889999996978, -40.586233000003361 ], [ -73.183971999996984, -40.586124000003345 ], [ -73.184055999996986, -40.586011000003339 ], [ -73.184023999996981, -40.585834000003359 ], [ -73.183805999996977, -40.585573000003329 ], [ -73.183753999996981, -40.585410000003343 ], [ -73.18365299999698, -40.585246000003345 ], [ -73.183530999996989, -40.585097000003344 ], [ -73.183306999996987, -40.58505100000334 ], [ -73.183107999996963, -40.585024000003351 ], [ -73.182976999996967, -40.58501700000334 ], [ -73.182813999996966, -40.585014000003348 ], [ -73.182657999996977, -40.585002000003357 ], [ -73.182464999996967, -40.584980000003348 ], [ -73.182265999996986, -40.584925000003345 ], [ -73.182060999996963, -40.584858000003344 ], [ -73.181815999996971, -40.584747000003354 ], [ -73.18164399999695, -40.584632000003339 ], [ -73.181669999996956, -40.584529000003343 ], [ -73.181641999996955, -40.584439000003357 ], [ -73.181595999996958, -40.584385000003344 ], [ -73.181591999996954, -40.584297000003346 ], [ -73.18159499999696, -40.584192000003348 ], [ -73.181572999996959, -40.584137000003338 ], [ -73.181696999996959, -40.584028000003336 ], [ -73.181711999996949, -40.584000000003343 ], [ -73.181778999996951, -40.583893000003343 ], [ -73.181758999996958, -40.583786000003343 ], [ -73.181661999996976, -40.583724000003336 ], [ -73.18153899999696, -40.583615000003341 ], [ -73.18141499999696, -40.58353100000334 ], [ -73.18135699999695, -40.583360000003353 ], [ -73.18134199999696, -40.583237000003351 ], [ -73.181335999996961, -40.583162000003348 ], [ -73.181229999996972, -40.583113000003337 ], [ -73.181224999996957, -40.582977000003346 ], [ -73.18130799999696, -40.582855000003342 ], [ -73.181327999996952, -40.582774000003347 ], [ -73.181170999996951, -40.58266300000335 ], [ -73.18108299999696, -40.582586000003332 ], [ -73.181067999996955, -40.582484000003348 ], [ -73.181096999996953, -40.582403000003339 ], [ -73.181180999996954, -40.582261000003328 ], [ -73.181218999996958, -40.582180000003348 ], [ -73.181248999996953, -40.582058000003343 ], [ -73.181242999996954, -40.581949000003348 ], [ -73.181209999996952, -40.58184600000336 ], [ -73.181212999996959, -40.581751000003337 ], [ -73.181250999996962, -40.581683000003345 ], [ -73.18125199999696, -40.581649000003345 ], [ -73.181174999996955, -40.58151900000334 ], [ -73.181047999996949, -40.581251000003334 ], [ -73.180969999996961, -40.581168000003345 ], [ -73.180829999996959, -40.581050000003337 ], [ -73.180722999996959, -40.581042000003357 ], [ -73.180534999996951, -40.581066000003339 ], [ -73.180467999996949, -40.580915000003344 ], [ -73.180471999996954, -40.58075900000334 ], [ -73.180365999996965, -40.580716000003328 ], [ -73.180204999996946, -40.580707000003336 ], [ -73.180100999996938, -40.580603000003357 ], [ -73.179931999996967, -40.580566000003337 ], [ -73.17989199999694, -40.58039600000334 ], [ -73.179896999996956, -40.580219000003346 ], [ -73.179810999996945, -40.580115000003346 ], [ -73.179877999996947, -40.579932000003346 ], [ -73.179791999996937, -40.579808000003347 ], [ -73.179749999996943, -40.579726000003355 ], [ -73.179967999996947, -40.579566000003346 ], [ -73.180132999996943, -40.579419000003348 ], [ -73.180283999996959, -40.579115000003348 ], [ -73.180366999996934, -40.579021000003358 ], [ -73.180342999996952, -40.578769000003334 ], [ -73.18055199999695, -40.578629000003332 ], [ -73.18064799999695, -40.57839900000333 ], [ -73.180666999996973, -40.578018000003354 ], [ -73.180673999996955, -40.577752000003329 ], [ -73.18059899999696, -40.577567000003334 ], [ -73.180386999996941, -40.577455000003347 ], [ -73.180236999996964, -40.577398000003356 ], [ -73.180241999996937, -40.577228000003338 ], [ -73.180209999996947, -40.57709200000334 ], [ -73.180118999996935, -40.57696100000333 ], [ -73.179976999996953, -40.576945000003334 ], [ -73.180079999996948, -40.576783000003346 ], [ -73.179966999996935, -40.576638000003335 ], [ -73.179934999996945, -40.576508000003344 ], [ -73.179922999996947, -40.576304000003354 ], [ -73.18004399999694, -40.57610800000333 ], [ -73.180250999996943, -40.576044000003343 ], [ -73.180503999996958, -40.57595200000334 ], [ -73.180470999996956, -40.575843000003331 ], [ -73.180391999996942, -40.575801000003331 ], [ -73.18036799999696, -40.575705000003346 ], [ -73.18050699999695, -40.575517000003323 ], [ -73.180511999996952, -40.575312000003322 ], [ -73.180928999996965, -40.57509400000334 ], [ -73.180977999996955, -40.574932000003344 ], [ -73.180846999996959, -40.574847000003345 ], [ -73.180845999996961, -40.574845000003336 ], [ -73.176941999996913, -40.574314000003341 ], [ -73.177289999996916, -40.572789000003326 ], [ -73.177603999996947, -40.571588000003345 ], [ -73.177618999996923, -40.570564000003323 ], [ -73.177034999996934, -40.56881900000333 ], [ -73.176619999996916, -40.56753000000333 ], [ -73.17506899999691, -40.568497000003326 ], [ -73.172804999996885, -40.569906000003336 ] ] ] } },
{ "type": "Feature", "properties": { "zona": "53" }, "geometry": { "type": "Polygon", "coordinates": [ [ [ -73.168851999996861, -40.574337000003339 ], [ -73.168169999996849, -40.574235000003348 ], [ -73.167549999996837, -40.574142000003327 ], [ -73.166875999996833, -40.574046000003349 ], [ -73.165980999996833, -40.57392600000334 ], [ -73.16541199999682, -40.573850000003333 ], [ -73.164801999996811, -40.573766000003339 ], [ -73.164083999996819, -40.573662000003331 ], [ -73.163523999996798, -40.573583000003346 ], [ -73.163258999996813, -40.573549000003339 ], [ -73.163180999996811, -40.573547000003344 ], [ -73.163129999996812, -40.573552000003332 ], [ -73.162736999996795, -40.573624000003335 ], [ -73.162035999996789, -40.573746000003339 ], [ -73.161682999996785, -40.573798000003322 ], [ -73.161161999996779, -40.573865000003345 ], [ -73.160456999996768, -40.573957000003332 ], [ -73.159634999996769, -40.574075000003354 ], [ -73.159103999996773, -40.574015000003328 ], [ -73.158799999996774, -40.573990000003342 ], [ -73.158548999996754, -40.573991000003332 ], [ -73.157953999996764, -40.573951000003333 ], [ -73.157712999996761, -40.573935000003338 ], [ -73.157720999996755, -40.574010000003341 ], [ -73.157781999996757, -40.57482200000333 ], [ -73.157905999996743, -40.576116000003346 ], [ -73.158024999996755, -40.577402000003339 ], [ -73.158711999996768, -40.577360000003331 ], [ -73.159164999996761, -40.577571000003338 ], [ -73.159713999996768, -40.577827000003346 ], [ -73.159795999996774, -40.57789500000333 ], [ -73.15985399999677, -40.577964000003341 ], [ -73.159883999996765, -40.578015000003333 ], [ -73.159911999996751, -40.578083000003353 ], [ -73.159923999996792, -40.578190000003332 ], [ -73.159916999996781, -40.57840900000334 ], [ -73.159921999996769, -40.578508000003332 ], [ -73.15992699999677, -40.578667000003335 ], [ -73.159956999996751, -40.578749000003327 ], [ -73.160088999996788, -40.578996000003329 ], [ -73.16017799999679, -40.579153000003345 ], [ -73.161763999996793, -40.578558000003341 ], [ -73.162699999996804, -40.57822600000334 ], [ -73.163461999996798, -40.577955000003342 ], [ -73.1635569999968, -40.57792800000334 ], [ -73.163650999996804, -40.577914000003346 ], [ -73.16370499999681, -40.577911000003333 ], [ -73.163822999996796, -40.577916000003341 ], [ -73.164718999996808, -40.578048000003342 ], [ -73.166960999996832, -40.578368000003344 ], [ -73.169162999996857, -40.578678000003329 ], [ -73.171473999996877, -40.579004000003337 ], [ -73.171473999996891, -40.579002000003335 ], [ -73.172112999996884, -40.579091000003345 ], [ -73.172232999996879, -40.578573000003345 ], [ -73.1723879999969, -40.577944000003335 ], [ -73.172549999996875, -40.577282000003343 ], [ -73.172703999996884, -40.576686000003335 ], [ -73.172873999996895, -40.575952000003333 ], [ -73.173024999996869, -40.575321000003335 ], [ -73.173074999996899, -40.575095000003344 ], [ -73.172694999996864, -40.575046000003347 ], [ -73.171492999996886, -40.574882000003335 ], [ -73.170154999996868, -40.574690000003329 ], [ -73.168845999996861, -40.574507000003344 ], [ -73.168860999996852, -40.574421000003326 ], [ -73.168845999996861, -40.574359000003348 ], [ -73.168851999996861, -40.574337000003339 ] ] ] } },
{ "type": "Feature", "properties": { "zona": "54" }, "geometry": { "type": "Polygon", "coordinates": [ [ [ -73.160733999996779, -40.585569000003353 ], [ -73.160857999996765, -40.585624000003335 ], [ -73.161252999996805, -40.585686000003349 ], [ -73.162341999996798, -40.585675000003334 ], [ -73.1626899999968, -40.585633000003362 ], [ -73.162939999996794, -40.58557200000336 ], [ -73.163582999996805, -40.585223000003339 ], [ -73.163969999996795, -40.585050000003349 ], [ -73.164271999996814, -40.584943000003349 ], [ -73.164496999996814, -40.584897000003338 ], [ -73.164871999996819, -40.584814000003348 ], [ -73.164842999996807, -40.584713000003347 ], [ -73.164781999996819, -40.584582000003337 ], [ -73.164699999996813, -40.584438000003338 ], [ -73.164542999996812, -40.584265000003334 ], [ -73.164297999996819, -40.584042000003343 ], [ -73.164164999996814, -40.58392100000335 ], [ -73.164286999996833, -40.583790000003347 ], [ -73.164728999996825, -40.58362400000334 ], [ -73.165118999996807, -40.58347300000333 ], [ -73.165261999996815, -40.583674000003342 ], [ -73.165792999996825, -40.583462000003358 ], [ -73.166190999996829, -40.583307000003352 ], [ -73.16638199999683, -40.583233000003347 ], [ -73.167216999996839, -40.582909000003347 ], [ -73.167815999996847, -40.58268100000334 ], [ -73.168242999996835, -40.58251800000334 ], [ -73.16879999999685, -40.582306000003342 ], [ -73.169222999996876, -40.582132000003348 ], [ -73.16979799999686, -40.581908000003338 ], [ -73.170298999996874, -40.581717000003337 ], [ -73.170234999996865, -40.58142900000334 ], [ -73.170078999996875, -40.580633000003353 ], [ -73.16993299999686, -40.579976000003342 ], [ -73.169859999996859, -40.57965000000334 ], [ -73.170670999996872, -40.579749000003346 ], [ -73.171271999996875, -40.579813000003334 ], [ -73.171272999996873, -40.579813000003348 ], [ -73.171473999996877, -40.579004000003337 ], [ -73.169162999996857, -40.578678000003329 ], [ -73.166960999996832, -40.578368000003344 ], [ -73.164718999996808, -40.578048000003342 ], [ -73.163822999996796, -40.577916000003341 ], [ -73.16370499999681, -40.577911000003333 ], [ -73.163650999996804, -40.577914000003346 ], [ -73.1635569999968, -40.57792800000334 ], [ -73.163461999996798, -40.577955000003342 ], [ -73.162699999996804, -40.57822600000334 ], [ -73.161763999996793, -40.578558000003341 ], [ -73.16017799999679, -40.579153000003345 ], [ -73.160088999996788, -40.578996000003329 ], [ -73.159956999996751, -40.578749000003327 ], [ -73.15992699999677, -40.578667000003335 ], [ -73.159921999996769, -40.578508000003332 ], [ -73.159916999996781, -40.57840900000334 ], [ -73.159593999996773, -40.578208000003336 ], [ -73.159142999996774, -40.57800600000332 ], [ -73.15903999999675, -40.577987000003347 ], [ -73.158940999996773, -40.57799200000332 ], [ -73.158852999996768, -40.578017000003335 ], [ -73.158634999996764, -40.578112000003344 ], [ -73.15812999999676, -40.578338000003328 ], [ -73.158068999996757, -40.578411000003342 ], [ -73.158014999996752, -40.578498000003343 ], [ -73.15799299999675, -40.578574000003336 ], [ -73.157952999996738, -40.578908000003338 ], [ -73.157950999996743, -40.578989000003332 ], [ -73.157987999996749, -40.579105000003345 ], [ -73.158035999996756, -40.57926900000335 ], [ -73.158048999996737, -40.579333000003338 ], [ -73.157957999996754, -40.579358000003339 ], [ -73.157575999996766, -40.579464000003341 ], [ -73.157560999996761, -40.579479000003353 ], [ -73.157557999996754, -40.579506000003342 ], [ -73.157714999996756, -40.57984700000334 ], [ -73.157717999996763, -40.579860000003336 ], [ -73.157648999996752, -40.579878000003347 ], [ -73.15724999999675, -40.579978000003329 ], [ -73.157246999996758, -40.579990000003328 ], [ -73.157245999996761, -40.580021000003335 ], [ -73.15725599999675, -40.580052000003334 ], [ -73.15739999999677, -40.580327000003344 ], [ -73.15745999999676, -40.580446000003342 ], [ -73.157576999996763, -40.580710000003336 ], [ -73.157243999996751, -40.58078700000334 ], [ -73.157194999996761, -40.580798000003334 ], [ -73.157169999996754, -40.580818000003347 ], [ -73.157160999996748, -40.580847000003352 ], [ -73.157164999996752, -40.580868000003342 ], [ -73.157194999996761, -40.580949000003351 ], [ -73.157217999996746, -40.581008000003344 ], [ -73.157221999996736, -40.58106000000334 ], [ -73.157218999996758, -40.581110000003342 ], [ -73.157209999996752, -40.581163000003343 ], [ -73.157188999996762, -40.581225000003343 ], [ -73.157158999996753, -40.581286000003331 ], [ -73.157156999996758, -40.581312000003336 ], [ -73.157168999996742, -40.581338000003328 ], [ -73.157188999996762, -40.581391000003329 ], [ -73.157285999996759, -40.581605000003336 ], [ -73.15736999999676, -40.58179200000334 ], [ -73.156931999996743, -40.581891000003353 ], [ -73.15698399999674, -40.582007000003344 ], [ -73.157072999996743, -40.582204000003351 ], [ -73.157214999996754, -40.582515000003347 ], [ -73.156782999996736, -40.582627000003342 ], [ -73.156821999996737, -40.582710000003345 ], [ -73.157010999996771, -40.583036000003339 ], [ -73.157126999996763, -40.583145000003334 ], [ -73.15741899999675, -40.583163000003353 ], [ -73.157483999996742, -40.583361000003336 ], [ -73.157639999996761, -40.583628000003344 ], [ -73.157880999996763, -40.584201000003347 ], [ -73.157555999996745, -40.58429500000333 ], [ -73.156988999996742, -40.584443000003354 ], [ -73.157216999996763, -40.584750000003332 ], [ -73.15775299999676, -40.585006000003347 ], [ -73.157875999996762, -40.585040000003346 ], [ -73.157964999996736, -40.585066000003337 ], [ -73.158163999996745, -40.585156000003344 ], [ -73.158351999996754, -40.585239000003348 ], [ -73.15848299999675, -40.585295000003335 ], [ -73.158521999996736, -40.585307000003347 ], [ -73.158563999996773, -40.585317000003336 ], [ -73.158649999996769, -40.585320000003342 ], [ -73.158735999996765, -40.585312000003334 ], [ -73.158995999996776, -40.585249000003344 ], [ -73.159300999996773, -40.585168000003335 ], [ -73.159591999996778, -40.585109000003349 ], [ -73.159891999996773, -40.58502900000336 ], [ -73.159968999996778, -40.58500200000335 ], [ -73.16001699999677, -40.584984000003352 ], [ -73.160149999996776, -40.584921000003355 ], [ -73.160169999996768, -40.584904000003348 ], [ -73.16027199999678, -40.58495500000334 ], [ -73.16038299999677, -40.585112000003342 ], [ -73.160709999996783, -40.585526000003341 ], [ -73.160733999996779, -40.585569000003353 ] ] ] } },
{ "type": "Feature", "properties": { "zona": "50" }, "geometry": { "type": "Polygon", "coordinates": [ [ [ -73.149777999996687, -40.592467000003353 ], [ -73.149790999996668, -40.592598000003342 ], [ -73.149803999996692, -40.592711000003341 ], [ -73.149798999996676, -40.592761000003335 ], [ -73.149813999996667, -40.592909000003353 ], [ -73.149829999996669, -40.593035000003347 ], [ -73.149883999996689, -40.593261000003345 ], [ -73.149904999996679, -40.593345000003346 ], [ -73.149916999996705, -40.59346000000334 ], [ -73.149840999996684, -40.593549000003343 ], [ -73.14973399999667, -40.593607000003345 ], [ -73.149720999996674, -40.593615000003346 ], [ -73.149684999996666, -40.593633000003351 ], [ -73.14949199999667, -40.593656000003342 ], [ -73.149225999996673, -40.59362600000334 ], [ -73.149087999996681, -40.593602000003344 ], [ -73.149005999996689, -40.593588000003336 ], [ -73.148852999996677, -40.593589000003348 ], [ -73.148732999996668, -40.593644000003344 ], [ -73.148577999996689, -40.593702000003354 ], [ -73.148401999996665, -40.593738000003341 ], [ -73.148237999996667, -40.593713000003341 ], [ -73.148081999996677, -40.593603000003355 ], [ -73.147935999996662, -40.59348700000335 ], [ -73.147703999996665, -40.593601000003353 ], [ -73.147162999996667, -40.593869000003345 ], [ -73.14635099999667, -40.594268000003353 ], [ -73.145537999996648, -40.594673000003354 ], [ -73.144795999996646, -40.595037000003352 ], [ -73.143802999996623, -40.595529000003353 ], [ -73.142932999996617, -40.595959000003354 ], [ -73.142920999996619, -40.595964000003342 ], [ -73.142930999996608, -40.59598200000336 ], [ -73.143816999996631, -40.59761700000336 ], [ -73.144872999996622, -40.599617000003349 ], [ -73.146335999996651, -40.602368000003359 ], [ -73.148164999996652, -40.601343000003354 ], [ -73.15001299999669, -40.600325000003359 ], [ -73.152232999996698, -40.599092000003353 ], [ -73.154870999996731, -40.597643000003337 ], [ -73.155345999996726, -40.59737900000335 ], [ -73.155244999996725, -40.597332000003348 ], [ -73.154089999996714, -40.596780000003342 ], [ -73.153846999996716, -40.596669000003352 ], [ -73.153495999996707, -40.596453000003351 ], [ -73.152801999996711, -40.595915000003345 ], [ -73.152666999996697, -40.595779000003347 ], [ -73.151699999996694, -40.594732000003347 ], [ -73.1511799999967, -40.594073000003362 ], [ -73.150964999996702, -40.593755000003341 ], [ -73.150898999996684, -40.593606000003355 ], [ -73.150862999996704, -40.593444000003352 ], [ -73.150794999996691, -40.593147000003356 ], [ -73.150770999996681, -40.59295800000335 ], [ -73.150771999996692, -40.592792000003342 ], [ -73.150812999996688, -40.59262000000335 ], [ -73.150889999996679, -40.592470000003345 ], [ -73.15102999999668, -40.592298000003353 ], [ -73.150323999996687, -40.592360000003339 ], [ -73.15024899999672, -40.592374000003339 ], [ -73.149777999996687, -40.592467000003353 ] ] ] } },
{ "type": "Feature", "properties": { "zona": "21" }, "geometry": { "type": "Polygon", "coordinates": [ [ [ -73.144238999996631, -40.583617000003343 ], [ -73.144407999996631, -40.583906000003346 ], [ -73.144666999996645, -40.584359000003346 ], [ -73.144946999996634, -40.584855000003344 ], [ -73.145312999996648, -40.585520000003335 ], [ -73.145631999996638, -40.586090000003352 ], [ -73.145894999996642, -40.586594000003338 ], [ -73.146265999996658, -40.587345000003332 ], [ -73.146560999996652, -40.587935000003348 ], [ -73.146884999996658, -40.588531000003357 ], [ -73.146972999996663, -40.588685000003359 ], [ -73.147049999996653, -40.588810000003335 ], [ -73.147240999996654, -40.589090000003331 ], [ -73.14758199999666, -40.589528000003362 ], [ -73.147686999996665, -40.589642000003337 ], [ -73.147740999996671, -40.589696000003336 ], [ -73.147953999996687, -40.589892000003346 ], [ -73.148246999996658, -40.590165000003346 ], [ -73.148529999996654, -40.590448000003342 ], [ -73.148718999996689, -40.590659000003349 ], [ -73.148930999996665, -40.590888000003346 ], [ -73.149075999996668, -40.591050000003342 ], [ -73.149198999996671, -40.59121600000335 ], [ -73.149323999996668, -40.591463000003358 ], [ -73.149537999996681, -40.591931000003356 ], [ -73.149612999996677, -40.592124000003345 ], [ -73.149718999996665, -40.592364000003343 ], [ -73.149777999996687, -40.592467000003353 ], [ -73.15024899999672, -40.592374000003339 ], [ -73.150323999996687, -40.592360000003339 ], [ -73.15102999999668, -40.592298000003353 ], [ -73.150889999996679, -40.592470000003345 ], [ -73.150812999996688, -40.59262000000335 ], [ -73.150771999996692, -40.592792000003342 ], [ -73.150770999996681, -40.59295800000335 ], [ -73.150794999996691, -40.593147000003356 ], [ -73.150862999996704, -40.593444000003352 ], [ -73.150898999996684, -40.593606000003355 ], [ -73.150964999996702, -40.593755000003341 ], [ -73.1511799999967, -40.594073000003362 ], [ -73.151699999996694, -40.594732000003347 ], [ -73.152666999996697, -40.595779000003347 ], [ -73.152801999996711, -40.595915000003345 ], [ -73.153495999996707, -40.596453000003351 ], [ -73.153846999996716, -40.596669000003352 ], [ -73.154089999996714, -40.596780000003342 ], [ -73.155244999996725, -40.597332000003348 ], [ -73.155345999996726, -40.59737900000335 ], [ -73.156509999996743, -40.59673200000335 ], [ -73.15771899999676, -40.59606200000335 ], [ -73.157536999996751, -40.595859000003351 ], [ -73.157409999996759, -40.595721000003358 ], [ -73.156784999996745, -40.595432000003356 ], [ -73.155982999996738, -40.594919000003344 ], [ -73.154876999996731, -40.593864000003343 ], [ -73.154816999996726, -40.593652000003338 ], [ -73.154528999996728, -40.593029000003348 ], [ -73.154280999996729, -40.592493000003344 ], [ -73.154272999996735, -40.592285000003343 ], [ -73.154279999996731, -40.592181000003343 ], [ -73.154486999996735, -40.592013000003355 ], [ -73.154768999996733, -40.591810000003349 ], [ -73.154957999996725, -40.591756000003329 ], [ -73.155078999996732, -40.59177600000335 ], [ -73.155523999996745, -40.591976000003328 ], [ -73.155947999996741, -40.592090000003353 ], [ -73.156238999996745, -40.591895000003355 ], [ -73.156529999996764, -40.59130200000336 ], [ -73.156673999996741, -40.590864000003343 ], [ -73.156932999996755, -40.590211000003336 ], [ -73.157334999996763, -40.589749000003359 ], [ -73.157151999996756, -40.58836600000334 ], [ -73.157149999996761, -40.588356000003351 ], [ -73.156918999996762, -40.588417000003339 ], [ -73.156882999996739, -40.588507000003354 ], [ -73.156774999996742, -40.588458000003335 ], [ -73.156475999996744, -40.58856200000335 ], [ -73.156269999996738, -40.588633000003348 ], [ -73.156179999996738, -40.588663000003343 ], [ -73.156125999996746, -40.588685000003345 ], [ -73.156038999996738, -40.588712000003341 ], [ -73.156021999996739, -40.588743000003362 ], [ -73.15598199999674, -40.588789000003352 ], [ -73.156080999996746, -40.588918000003346 ], [ -73.156117999996738, -40.588989000003338 ], [ -73.155988999996737, -40.589024000003327 ], [ -73.155832999996747, -40.589064000003354 ], [ -73.155582999996724, -40.589130000003351 ], [ -73.155043999996735, -40.589280000003342 ], [ -73.15464099999673, -40.589390000003341 ], [ -73.15400299999672, -40.589565000003347 ], [ -73.153838999996708, -40.589607000003348 ], [ -73.153448999996712, -40.589714000003347 ], [ -73.152933999996719, -40.589856000003337 ], [ -73.152737999996702, -40.590080000003347 ], [ -73.152582999996696, -40.590254000003355 ], [ -73.152501999996701, -40.59007600000335 ], [ -73.152317999996697, -40.589670000003338 ], [ -73.152194999996695, -40.589400000003337 ], [ -73.152011999996702, -40.588996000003348 ], [ -73.151837999996701, -40.588594000003333 ], [ -73.151660999996693, -40.588188000003349 ], [ -73.151466999996714, -40.587739000003339 ], [ -73.151122999996701, -40.586954000003338 ], [ -73.150886999996686, -40.586420000003343 ], [ -73.150630999996679, -40.585855000003349 ], [ -73.150524999996705, -40.58561200000333 ], [ -73.150475999996701, -40.585518000003347 ], [ -73.150430999996701, -40.585439000003355 ], [ -73.150371999996679, -40.585356000003337 ], [ -73.150304999996692, -40.585287000003341 ], [ -73.150236999996679, -40.585239000003341 ], [ -73.150195999996683, -40.58521700000334 ], [ -73.150007999996674, -40.58513800000334 ], [ -73.149812999996669, -40.585055000003344 ], [ -73.148959999996677, -40.584692000003336 ], [ -73.148299999996652, -40.584418000003346 ], [ -73.148241999996671, -40.584394000003336 ], [ -73.148182999996678, -40.584355000003342 ], [ -73.148140999996656, -40.584310000003342 ], [ -73.148052999996651, -40.58429000000335 ], [ -73.147994999996655, -40.58427400000334 ], [ -73.147839999996663, -40.58421500000334 ], [ -73.147427999996651, -40.584044000003338 ], [ -73.14670799999665, -40.58372700000335 ], [ -73.146313999996664, -40.583560000003324 ], [ -73.146243999996656, -40.583518000003359 ], [ -73.146200999996651, -40.583484000003338 ], [ -73.146140999996661, -40.583420000003336 ], [ -73.146081999996653, -40.583309000003325 ], [ -73.14605099999666, -40.58324700000334 ], [ -73.145990999996641, -40.583164000003336 ], [ -73.14590699999664, -40.583060000003336 ], [ -73.145444999996641, -40.583171000003347 ], [ -73.144881999996642, -40.583379000003347 ], [ -73.144238999996631, -40.583617000003343 ] ] ] } },
{ "type": "Feature", "properties": { "zona": "22" }, "geometry": { "type": "Polygon", "coordinates": [ [ [ -73.148299999996652, -40.584418000003346 ], [ -73.148959999996677, -40.584692000003336 ], [ -73.149812999996669, -40.585055000003344 ], [ -73.150007999996674, -40.58513800000334 ], [ -73.150195999996683, -40.58521700000334 ], [ -73.150236999996679, -40.585239000003341 ], [ -73.150304999996692, -40.585287000003341 ], [ -73.150371999996679, -40.585356000003337 ], [ -73.150430999996701, -40.585439000003355 ], [ -73.150475999996701, -40.585518000003347 ], [ -73.150524999996705, -40.58561200000333 ], [ -73.150630999996679, -40.585855000003349 ], [ -73.150886999996686, -40.586420000003343 ], [ -73.151122999996701, -40.586954000003338 ], [ -73.151466999996714, -40.587739000003339 ], [ -73.151660999996693, -40.588188000003349 ], [ -73.151837999996701, -40.588594000003333 ], [ -73.152011999996702, -40.588996000003348 ], [ -73.152194999996695, -40.589400000003337 ], [ -73.152317999996697, -40.589670000003338 ], [ -73.152501999996701, -40.59007600000335 ], [ -73.152582999996696, -40.590254000003355 ], [ -73.152737999996702, -40.590080000003347 ], [ -73.152933999996719, -40.589856000003337 ], [ -73.153448999996712, -40.589714000003347 ], [ -73.153838999996708, -40.589607000003348 ], [ -73.15400299999672, -40.589565000003347 ], [ -73.15464099999673, -40.589390000003341 ], [ -73.155043999996735, -40.589280000003342 ], [ -73.155582999996724, -40.589130000003351 ], [ -73.155832999996747, -40.589064000003354 ], [ -73.155988999996737, -40.589024000003327 ], [ -73.156117999996738, -40.588989000003338 ], [ -73.156080999996746, -40.588918000003346 ], [ -73.15598199999674, -40.588789000003352 ], [ -73.156021999996739, -40.588743000003362 ], [ -73.156038999996738, -40.588712000003341 ], [ -73.156125999996746, -40.588685000003345 ], [ -73.156179999996738, -40.588663000003343 ], [ -73.156269999996738, -40.588633000003348 ], [ -73.156475999996744, -40.58856200000335 ], [ -73.156774999996742, -40.588458000003335 ], [ -73.156882999996739, -40.588507000003354 ], [ -73.156918999996762, -40.588417000003339 ], [ -73.157149999996761, -40.588356000003351 ], [ -73.15704599999674, -40.587803000003348 ], [ -73.156578999996754, -40.586695000003338 ], [ -73.156024999996745, -40.585860000003336 ], [ -73.155350999996728, -40.584988000003342 ], [ -73.154856999996724, -40.58509600000334 ], [ -73.154699999996723, -40.58512700000334 ], [ -73.154501999996725, -40.585163000003348 ], [ -73.154191999996712, -40.585227000003343 ], [ -73.153835999996716, -40.585301000003341 ], [ -73.153481999996714, -40.585374000003341 ], [ -73.153013999996716, -40.585472000003335 ], [ -73.152746999996694, -40.585527000003346 ], [ -73.152670999996701, -40.585546000003347 ], [ -73.152465999996721, -40.585596000003335 ], [ -73.15233699999672, -40.585625000003347 ], [ -73.152232999996698, -40.585647000003341 ], [ -73.152194999996695, -40.585651000003352 ], [ -73.152176999996698, -40.585650000003341 ], [ -73.152149999996695, -40.585645000003332 ], [ -73.152133999996707, -40.585640000003345 ], [ -73.152115999996724, -40.585632000003343 ], [ -73.152071999996693, -40.585599000003342 ], [ -73.1520579999967, -40.58559500000333 ], [ -73.152038999996705, -40.585593000003342 ], [ -73.152026999996693, -40.58559300000335 ], [ -73.151865999996716, -40.58563900000334 ], [ -73.1518269999967, -40.585606000003331 ], [ -73.151797999996703, -40.585592000003331 ], [ -73.151768999996705, -40.585583000003354 ], [ -73.151742999996699, -40.585526000003334 ], [ -73.15167999999673, -40.585382000003342 ], [ -73.151611999996703, -40.585230000003349 ], [ -73.151536999996694, -40.585062000003354 ], [ -73.151446999996693, -40.584851000003347 ], [ -73.151415999996701, -40.584777000003335 ], [ -73.151406999996695, -40.584756000003338 ], [ -73.151388999996698, -40.584745000003338 ], [ -73.151374999996719, -40.584727000003355 ], [ -73.151312999996705, -40.58456400000334 ], [ -73.151330999996688, -40.584486000003352 ], [ -73.151246999996687, -40.584298000003336 ], [ -73.151181999996695, -40.584150000003348 ], [ -73.151045999996683, -40.58385200000334 ], [ -73.150922999996681, -40.583583000003337 ], [ -73.150839999996691, -40.583407000003348 ], [ -73.150823999996703, -40.583390000003348 ], [ -73.150809999996682, -40.583380000003345 ], [ -73.150778999996703, -40.583369000003344 ], [ -73.15073899999669, -40.583366000003345 ], [ -73.150720999996679, -40.583368000003347 ], [ -73.150679999996683, -40.583381000003335 ], [ -73.150291999996682, -40.583496000003329 ], [ -73.149838999996689, -40.583609000003328 ], [ -73.149821999996675, -40.583618000003355 ], [ -73.149798999996676, -40.583636000003338 ], [ -73.149788999996673, -40.583657000003356 ], [ -73.149788999996673, -40.583690000003344 ], [ -73.149825999996665, -40.58377700000333 ], [ -73.149905999996676, -40.58395900000334 ], [ -73.149630999996674, -40.584026000003341 ], [ -73.149611999996679, -40.584032000003347 ], [ -73.149591999996673, -40.584046000003333 ], [ -73.1495589999967, -40.584085000003334 ], [ -73.149539999996691, -40.584082000003342 ], [ -73.149514999996669, -40.584084000003344 ], [ -73.149367999996684, -40.58412500000334 ], [ -73.149116999996664, -40.584193000003332 ], [ -73.148840999996665, -40.584268000003341 ], [ -73.148608999996682, -40.584331000003331 ], [ -73.148299999996652, -40.584418000003346 ] ] ] } },
{ "type": "Feature", "properties": { "zona": "8" }, "geometry": { "type": "Polygon", "coordinates": [ [ [ -73.098083999996192, -40.560418000003317 ], [ -73.098147999996186, -40.561647000003319 ], [ -73.098174999996203, -40.563472000003316 ], [ -73.098147999996186, -40.566166000003321 ], [ -73.098080999996171, -40.569553000003346 ], [ -73.098059999996181, -40.571678000003331 ], [ -73.098088999996193, -40.571681000003338 ], [ -73.098610999996197, -40.571857000003327 ], [ -73.099624999996195, -40.571923000003324 ], [ -73.100436999996219, -40.571417000003336 ], [ -73.102366999996221, -40.572575000003333 ], [ -73.102847999996229, -40.572233000003322 ], [ -73.103810999996242, -40.57186800000332 ], [ -73.103924999996224, -40.571834000003321 ], [ -73.105607999996266, -40.571307000003323 ], [ -73.105992999996261, -40.57082000000333 ], [ -73.106281999996256, -40.570259000003333 ], [ -73.106484999996255, -40.569905000003324 ], [ -73.106620999996267, -40.569598000003332 ], [ -73.106794999996268, -40.569186000003313 ], [ -73.107404999996277, -40.568553000003334 ], [ -73.107618999996291, -40.568467000003338 ], [ -73.10733999999627, -40.568088000003335 ], [ -73.107165999996269, -40.567852000003313 ], [ -73.106453999996262, -40.568113000003322 ], [ -73.10518099999625, -40.568577000003323 ], [ -73.104202999996247, -40.568931000003332 ], [ -73.104028999996245, -40.569008000003329 ], [ -73.103360999996227, -40.569719000003317 ], [ -73.102962999996237, -40.570168000003321 ], [ -73.102847999996229, -40.570211000003333 ], [ -73.102470999996214, -40.570448000003324 ], [ -73.102386999996213, -40.570498000003326 ], [ -73.102352999996214, -40.570508000003336 ], [ -73.102285999996212, -40.57052000000332 ], [ -73.102183999996214, -40.570519000003323 ], [ -73.102143999996215, -40.570511000003329 ], [ -73.102061999996224, -40.570484000003326 ], [ -73.102022999996223, -40.570457000003323 ], [ -73.101987999996211, -40.570429000003337 ], [ -73.101952999996215, -40.570380000003333 ], [ -73.101934999996217, -40.570329000003333 ], [ -73.101930999996213, -40.570276000003339 ], [ -73.101936999996212, -40.570241000003321 ], [ -73.101959999996225, -40.570189000003317 ], [ -73.102090999996221, -40.569940000003328 ], [ -73.102420999996212, -40.569330000003319 ], [ -73.102683999996216, -40.568837000003327 ], [ -73.102730999996211, -40.568696000003314 ], [ -73.102903999996229, -40.568051000003315 ], [ -73.102949999996227, -40.567859000003331 ], [ -73.103126999996235, -40.567119000003316 ], [ -73.10440999999625, -40.567280000003322 ], [ -73.104604999996241, -40.567305000003337 ], [ -73.104595999996249, -40.567198000003323 ], [ -73.104747999996249, -40.566471000003332 ], [ -73.104916999996249, -40.565754000003324 ], [ -73.104912999996245, -40.565691000003319 ], [ -73.105265999996249, -40.565696000003321 ], [ -73.10566099999626, -40.56565300000333 ], [ -73.106831999996274, -40.565663000003326 ], [ -73.10797799999628, -40.565695000003331 ], [ -73.108014999996286, -40.565655000003332 ], [ -73.108038999996268, -40.564591000003318 ], [ -73.108289999996288, -40.564599000003327 ], [ -73.10838299999628, -40.564107000003325 ], [ -73.10852199999627, -40.563360000003328 ], [ -73.108513999996276, -40.563327000003326 ], [ -73.108454999996283, -40.563069000003324 ], [ -73.108402999996287, -40.563079000003313 ], [ -73.10835099999629, -40.563090000003321 ], [ -73.108303999996281, -40.563099000003334 ], [ -73.108245999996271, -40.563111000003325 ], [ -73.10820699999627, -40.563119000003326 ], [ -73.108119999996291, -40.563136000003318 ], [ -73.108084999996294, -40.563143000003336 ], [ -73.108008999996287, -40.563159000003317 ], [ -73.107960999996308, -40.563168000003316 ], [ -73.107876999996307, -40.563185000003337 ], [ -73.10776399999628, -40.563208000003314 ], [ -73.107630999996275, -40.563235000003331 ], [ -73.107546999996273, -40.563252000003324 ], [ -73.107457999996271, -40.563270000003321 ], [ -73.107296999996279, -40.563295000003315 ], [ -73.10714299999627, -40.563319000003339 ], [ -73.10705299999627, -40.563334000003316 ], [ -73.106947999996279, -40.563342000003338 ], [ -73.10676599999627, -40.563355000003341 ], [ -73.10672099999627, -40.563359000003338 ], [ -73.106554999996263, -40.563365000003316 ], [ -73.106488999996259, -40.563367000003325 ], [ -73.106365999996271, -40.563359000003338 ], [ -73.106208999996255, -40.563347000003318 ], [ -73.10604399999626, -40.563316000003333 ], [ -73.105957999996264, -40.563300000003331 ], [ -73.105794999996249, -40.563254000003319 ], [ -73.105697999996252, -40.563227000003316 ], [ -73.105509999996258, -40.563174000003315 ], [ -73.105340999996258, -40.563127000003327 ], [ -73.105085999996248, -40.563056000003336 ], [ -73.104900999996246, -40.562999000003316 ], [ -73.104738999996243, -40.562949000003314 ], [ -73.104588999996238, -40.562906000003331 ], [ -73.10444199999624, -40.562865000003313 ], [ -73.104270999996245, -40.562816000003316 ], [ -73.104112999996246, -40.562771000003316 ], [ -73.103993999996234, -40.562738000003328 ], [ -73.103963999996225, -40.56273000000332 ], [ -73.103907999996224, -40.56271700000331 ], [ -73.103765999996241, -40.562689000003317 ], [ -73.103645999996232, -40.56266700000333 ], [ -73.103538999996232, -40.562647000003324 ], [ -73.103423999996238, -40.562625000003337 ], [ -73.103132999996234, -40.562575000003314 ], [ -73.102562999996223, -40.562472000003332 ], [ -73.101731999996218, -40.562320000003325 ], [ -73.101553999996213, -40.562284000003331 ], [ -73.101304999996216, -40.562228000003323 ], [ -73.101179999996219, -40.562190000003334 ], [ -73.101014999996195, -40.562134000003326 ], [ -73.1008609999962, -40.562063000003313 ], [ -73.100713999996202, -40.561965000003333 ], [ -73.100648999996196, -40.561934000003326 ], [ -73.100536999996208, -40.56189300000333 ], [ -73.100181999996195, -40.56179000000332 ], [ -73.100045999996198, -40.56175800000333 ], [ -73.099729999996185, -40.561700000003327 ], [ -73.099646999996182, -40.561684000003318 ], [ -73.099442999996185, -40.561626000003322 ], [ -73.099303999996195, -40.561576000003321 ], [ -73.099167999996183, -40.561522000003315 ], [ -73.099050999996209, -40.561469000003321 ], [ -73.098911999996204, -40.561389000003331 ], [ -73.098807999996168, -40.561316000003316 ], [ -73.098741999996193, -40.561263000003322 ], [ -73.098672999996168, -40.561200000003332 ], [ -73.098602999996174, -40.561126000003341 ], [ -73.098569999996187, -40.561084000003326 ], [ -73.098527999996179, -40.561027000003321 ], [ -73.098457999996171, -40.560926000003313 ], [ -73.098416999996175, -40.560847000003328 ], [ -73.098354999996189, -40.560723000003328 ], [ -73.098083999996192, -40.560418000003317 ] ] ] } },
{ "type": "Feature", "properties": { "zona": "9" }, "geometry": { "type": "Polygon", "coordinates": [ [ [ -73.116661999996353, -40.570044000003328 ], [ -73.117237999996377, -40.568883000003325 ], [ -73.117501999996378, -40.568233000003325 ], [ -73.117115999996372, -40.568144000003322 ], [ -73.117400999996377, -40.566855000003322 ], [ -73.117508999996375, -40.566401000003331 ], [ -73.117537999996372, -40.566258000003316 ], [ -73.117554999996372, -40.566207000003345 ], [ -73.117571999996372, -40.566146000003322 ], [ -73.117509999996372, -40.56613800000332 ], [ -73.11748999999638, -40.566129000003322 ], [ -73.117457999996375, -40.56608800000334 ], [ -73.117452999996374, -40.566045000003328 ], [ -73.117453999996357, -40.566023000003334 ], [ -73.117469999996374, -40.56595700000333 ], [ -73.117537999996372, -40.565679000003321 ], [ -73.117563999996378, -40.56556400000332 ], [ -73.117620999996376, -40.565210000003319 ], [ -73.11770199999637, -40.564870000003332 ], [ -73.117785999996372, -40.564521000003346 ], [ -73.117856999996377, -40.564297000003322 ], [ -73.117913999996375, -40.564142000003329 ], [ -73.11788799999637, -40.564136000003316 ], [ -73.117691999996367, -40.564093000003332 ], [ -73.117280999996368, -40.564021000003336 ], [ -73.117164999996376, -40.564001000003323 ], [ -73.116826999996377, -40.563928000003315 ], [ -73.116499999996364, -40.563855000003315 ], [ -73.116323999996354, -40.563815000003316 ], [ -73.116220999996358, -40.563780000003327 ], [ -73.115961999996358, -40.563674000003331 ], [ -73.115929999996354, -40.563659000003348 ], [ -73.115781999996358, -40.563585000003322 ], [ -73.115575999996352, -40.56346500000334 ], [ -73.115402999996348, -40.563369000003327 ], [ -73.115253999996341, -40.563294000003324 ], [ -73.115119999996352, -40.563240000003333 ], [ -73.115070999996362, -40.563222000003321 ], [ -73.11486199999635, -40.563154000003323 ], [ -73.114459999996342, -40.563023000003327 ], [ -73.114125999996332, -40.562915000003336 ], [ -73.113405999996331, -40.562681000003323 ], [ -73.112736999996329, -40.562472000003325 ], [ -73.112549999996318, -40.562419000003317 ], [ -73.112477999996315, -40.562400000003329 ], [ -73.112331999996314, -40.562371000003331 ], [ -73.112207999996315, -40.562357000003317 ], [ -73.112113999996325, -40.562350000003306 ], [ -73.111969999996319, -40.562348000003311 ], [ -73.111794999996334, -40.562365000003332 ], [ -73.111647999996336, -40.562381000003313 ], [ -73.111357999996301, -40.562445000003322 ], [ -73.110914999996325, -40.56254300000333 ], [ -73.109651999996288, -40.562822000003329 ], [ -73.108454999996283, -40.563069000003324 ], [ -73.108513999996276, -40.563327000003326 ], [ -73.10852199999627, -40.563360000003328 ], [ -73.10838299999628, -40.564107000003325 ], [ -73.108289999996288, -40.564599000003327 ], [ -73.108038999996268, -40.564591000003318 ], [ -73.108014999996286, -40.565655000003332 ], [ -73.10797799999628, -40.565695000003331 ], [ -73.106831999996274, -40.565663000003326 ], [ -73.10566099999626, -40.56565300000333 ], [ -73.105265999996249, -40.565696000003321 ], [ -73.104912999996245, -40.565691000003319 ], [ -73.104916999996249, -40.565754000003324 ], [ -73.104747999996249, -40.566471000003332 ], [ -73.104595999996249, -40.567198000003323 ], [ -73.104604999996241, -40.567305000003337 ], [ -73.10440999999625, -40.567280000003322 ], [ -73.103126999996235, -40.567119000003316 ], [ -73.102949999996227, -40.567859000003331 ], [ -73.102903999996229, -40.568051000003315 ], [ -73.102730999996211, -40.568696000003314 ], [ -73.102683999996216, -40.568837000003327 ], [ -73.102420999996212, -40.569330000003319 ], [ -73.102090999996221, -40.569940000003328 ], [ -73.101959999996225, -40.570189000003317 ], [ -73.101936999996212, -40.570241000003321 ], [ -73.101930999996213, -40.570276000003339 ], [ -73.101934999996217, -40.570329000003333 ], [ -73.101952999996215, -40.570380000003333 ], [ -73.101987999996211, -40.570429000003337 ], [ -73.102022999996223, -40.570457000003323 ], [ -73.102061999996224, -40.570484000003326 ], [ -73.102143999996215, -40.570511000003329 ], [ -73.102183999996214, -40.570519000003323 ], [ -73.102285999996212, -40.57052000000332 ], [ -73.102352999996214, -40.570508000003336 ], [ -73.102386999996213, -40.570498000003326 ], [ -73.102470999996214, -40.570448000003324 ], [ -73.102847999996229, -40.570211000003333 ], [ -73.102962999996237, -40.570168000003321 ], [ -73.103360999996227, -40.569719000003317 ], [ -73.104028999996245, -40.569008000003329 ], [ -73.104202999996247, -40.568931000003332 ], [ -73.10518099999625, -40.568577000003323 ], [ -73.106453999996262, -40.568113000003322 ], [ -73.107165999996269, -40.567852000003313 ], [ -73.10733999999627, -40.568088000003335 ], [ -73.107618999996291, -40.568467000003338 ], [ -73.108014999996286, -40.568309000003325 ], [ -73.108598999996289, -40.568175000003329 ], [ -73.109502999996295, -40.568445000003337 ], [ -73.110421999996305, -40.568518000003337 ], [ -73.110594999996323, -40.568579000003311 ], [ -73.111201999996297, -40.568714000003325 ], [ -73.111799999996322, -40.56892600000333 ], [ -73.112763999996318, -40.569260000003332 ], [ -73.113437999996336, -40.569698000003314 ], [ -73.114081999996358, -40.569899000003325 ], [ -73.114785999996343, -40.57006400000332 ], [ -73.115683999996364, -40.570015000003323 ], [ -73.116661999996353, -40.570044000003328 ] ] ] } },
{ "type": "Feature", "properties": { "zona": "48" }, "geometry": { "type": "Polygon", "coordinates": [ [ [ -73.090898999996114, -40.589868000003335 ], [ -73.090670999996107, -40.590416000003337 ], [ -73.090539999996096, -40.590649000003346 ], [ -73.0903469999961, -40.591042000003334 ], [ -73.09009799999609, -40.591644000003342 ], [ -73.089924999996086, -40.592059000003353 ], [ -73.089768999996082, -40.592396000003326 ], [ -73.089462999996087, -40.593057000003334 ], [ -73.089389999996101, -40.593217000003335 ], [ -73.089343999996089, -40.593338000003335 ], [ -73.089222999996082, -40.593548000003331 ], [ -73.089084999996103, -40.593722000003332 ], [ -73.088488999996088, -40.594305000003338 ], [ -73.088415999996073, -40.596846000003346 ], [ -73.088773999996093, -40.596647000003344 ], [ -73.088798999996072, -40.596521000003328 ], [ -73.089025999996082, -40.59640500000333 ], [ -73.089267999996082, -40.596384000003347 ], [ -73.089479999996101, -40.596450000003337 ], [ -73.089572999996093, -40.596524000003342 ], [ -73.089637999996086, -40.596615000003347 ], [ -73.089641999996104, -40.596673000003335 ], [ -73.089631999996087, -40.596829000003346 ], [ -73.089671999996085, -40.596897000003338 ], [ -73.089684999996109, -40.597029000003339 ], [ -73.090091999996091, -40.597296000003347 ], [ -73.090222999996087, -40.597325000003352 ], [ -73.0904539999961, -40.597457000003345 ], [ -73.090701999996099, -40.597520000003342 ], [ -73.091573999996115, -40.597567000003352 ], [ -73.091930999996137, -40.597557000003341 ], [ -73.092285999996122, -40.597767000003344 ], [ -73.092680999996134, -40.597981000003337 ], [ -73.093064999996145, -40.598238000003334 ], [ -73.09350999999613, -40.598439000003346 ], [ -73.095549999996166, -40.600577000003355 ], [ -73.094540999996156, -40.602382000003352 ], [ -73.094459999996147, -40.602526000003337 ], [ -73.094684999996147, -40.602661000003344 ], [ -73.094875999996148, -40.602741000003341 ], [ -73.095327999996158, -40.602854000003354 ], [ -73.095640999996149, -40.602924000003341 ], [ -73.096360999996179, -40.603183000003355 ], [ -73.097763999996175, -40.603713000003353 ], [ -73.102152999996221, -40.605403000003342 ], [ -73.102598999996232, -40.605523000003352 ], [ -73.102758999996226, -40.605480000003354 ], [ -73.10270099999623, -40.605301000003351 ], [ -73.101457999996214, -40.601481000003346 ], [ -73.100671999996209, -40.599083000003347 ], [ -73.099596999996194, -40.595859000003344 ], [ -73.099349999996207, -40.59508200000333 ], [ -73.099098999996187, -40.594345000003344 ], [ -73.098901999996187, -40.593781000003339 ], [ -73.098775999996192, -40.593402000003344 ], [ -73.098690999996208, -40.593150000003334 ], [ -73.09864399999617, -40.593012000003348 ], [ -73.098498999996167, -40.592577000003345 ], [ -73.098397999996195, -40.592276000003338 ], [ -73.098391999996167, -40.592259000003338 ], [ -73.098273999996181, -40.591891000003343 ], [ -73.098123999996176, -40.591400000003333 ], [ -73.098022999996189, -40.591067000003335 ], [ -73.097927999996173, -40.590731000003338 ], [ -73.097824999996206, -40.590251000003342 ], [ -73.097770999996186, -40.589815000003334 ], [ -73.097758999996188, -40.589370000003335 ], [ -73.097757999996176, -40.58841100000334 ], [ -73.097763999996175, -40.587681000003336 ], [ -73.097764999996187, -40.586829000003355 ], [ -73.097764999996187, -40.586378000003336 ], [ -73.097763999996175, -40.586074000003322 ], [ -73.097764999996187, -40.585036000003335 ], [ -73.09776599999617, -40.583989000003328 ], [ -73.097762999996192, -40.583083000003334 ], [ -73.097443999996173, -40.583387000003334 ], [ -73.097330999996174, -40.58347700000332 ], [ -73.097030999996164, -40.583711000003341 ], [ -73.096605999996171, -40.584041000003339 ], [ -73.095926999996166, -40.584601000003325 ], [ -73.095840999996156, -40.584704000003327 ], [ -73.095578999996164, -40.584921000003341 ], [ -73.095112999996147, -40.58520100000333 ], [ -73.094868999996137, -40.585360000003327 ], [ -73.094213999996143, -40.585628000003339 ], [ -73.094001999996152, -40.585743000003333 ], [ -73.093651999996126, -40.58595200000331 ], [ -73.093507999996135, -40.586039000003339 ], [ -73.093287999996136, -40.586181000003343 ], [ -73.093150999996112, -40.586284000003339 ], [ -73.093038999996125, -40.586392000003343 ], [ -73.092904999996136, -40.586538000003344 ], [ -73.092682999996114, -40.586806000003342 ], [ -73.092559999996112, -40.587024000003332 ], [ -73.092285999996122, -40.587428000003328 ], [ -73.092020999996137, -40.587844000003344 ], [ -73.091889999996113, -40.588070000003341 ], [ -73.091737999996113, -40.588336000003331 ], [ -73.091604999996122, -40.588594000003347 ], [ -73.091398999996102, -40.589006000003344 ], [ -73.091247999996099, -40.589322000003335 ], [ -73.091150999996103, -40.589540000003332 ], [ -73.090898999996114, -40.589868000003335 ] ] ] } },
{ "type": "Feature", "properties": { "zona": "2" }, "geometry": { "type": "Polygon", "coordinates": [ [ [ -73.097762999996192, -40.583083000003334 ], [ -73.09776599999617, -40.583989000003328 ], [ -73.097764999996187, -40.585036000003335 ], [ -73.097763999996175, -40.586074000003322 ], [ -73.097828999996167, -40.58609500000334 ], [ -73.097922999996186, -40.586124000003338 ], [ -73.098322999996171, -40.586249000003328 ], [ -73.098590999996176, -40.586325000003328 ], [ -73.09866099999617, -40.586348000003333 ], [ -73.098982999996196, -40.586327000003337 ], [ -73.099472999996209, -40.586212000003343 ], [ -73.100005999996185, -40.586022000003346 ], [ -73.100366999996211, -40.585853000003326 ], [ -73.100655999996221, -40.585712000003348 ], [ -73.100811999996196, -40.585623000003324 ], [ -73.100926999996204, -40.585533000003338 ], [ -73.101060999996207, -40.585443000003337 ], [ -73.101059999996195, -40.585301000003327 ], [ -73.101052999996213, -40.585223000003346 ], [ -73.101032999996235, -40.585159000003337 ], [ -73.100977999996203, -40.585090000003341 ], [ -73.100879999996209, -40.58504500000334 ], [ -73.100793999996199, -40.585019000003328 ], [ -73.100662999996203, -40.585010000003351 ], [ -73.100543999996205, -40.585015000003338 ], [ -73.100412999996209, -40.585019000003335 ], [ -73.100263999996201, -40.585025000003334 ], [ -73.100146999996184, -40.585042000003355 ], [ -73.099675999996194, -40.58497600000333 ], [ -73.099535999996206, -40.584957000003328 ], [ -73.099389999996191, -40.584883000003337 ], [ -73.099309999996194, -40.584829000003346 ], [ -73.099281999996208, -40.584772000003348 ], [ -73.099294999996189, -40.584706000003337 ], [ -73.099332999996193, -40.584619000003336 ], [ -73.099345999996217, -40.584536000003339 ], [ -73.0994089999962, -40.584421000003346 ], [ -73.099458999996187, -40.584245000003335 ], [ -73.099492999996201, -40.584114000003339 ], [ -73.099497999996188, -40.583958000003328 ], [ -73.099553999996189, -40.583833000003338 ], [ -73.099594999996199, -40.583721000003344 ], [ -73.099634999996184, -40.583617000003329 ], [ -73.099658999996208, -40.583508000003334 ], [ -73.099710999996191, -40.583333000003343 ], [ -73.099723999996201, -40.583187000003328 ], [ -73.099766999996191, -40.583062000003324 ], [ -73.099807999996202, -40.582938000003324 ], [ -73.099829999996189, -40.582755000003345 ], [ -73.099922999996195, -40.582578000003338 ], [ -73.099949999996184, -40.582516000003338 ], [ -73.100037999996218, -40.582454000003331 ], [ -73.100171999996206, -40.582391000003334 ], [ -73.100295999996234, -40.582350000003331 ], [ -73.100522999996215, -40.582336000003338 ], [ -73.100664999996198, -40.582303000003343 ], [ -73.100856999996196, -40.582275000003335 ], [ -73.101024999996199, -40.58223200000333 ], [ -73.101598999996213, -40.582161000003346 ], [ -73.101775999996235, -40.582115000003348 ], [ -73.101962999996218, -40.582071000003346 ], [ -73.102131999996217, -40.582027000003329 ], [ -73.102257999996212, -40.58200700000333 ], [ -73.102364999996212, -40.581942000003338 ], [ -73.102513999996219, -40.58183400000334 ], [ -73.10259099999621, -40.58176300000332 ], [ -73.102602999996236, -40.581726000003322 ], [ -73.102612999996211, -40.581653000003335 ], [ -73.102608999996235, -40.581606000003333 ], [ -73.102570999996217, -40.581532000003321 ], [ -73.102521999996213, -40.581476000003335 ], [ -73.102460999996211, -40.581392000003348 ], [ -73.102413999996216, -40.581178000003327 ], [ -73.102384999996218, -40.581106000003331 ], [ -73.102365999996223, -40.581043000003341 ], [ -73.102342999996225, -40.580972000003328 ], [ -73.102352999996214, -40.580898000003323 ], [ -73.102382999996223, -40.580828000003336 ], [ -73.102433999996222, -40.580765000003332 ], [ -73.10250799999622, -40.580715000003323 ], [ -73.102599999996215, -40.580660000003327 ], [ -73.102753999996224, -40.580584000003341 ], [ -73.102998999996231, -40.580325000003334 ], [ -73.103221999996236, -40.580061000003333 ], [ -73.103498999996233, -40.579755000003345 ], [ -73.103631999996225, -40.579538000003339 ], [ -73.103631999996225, -40.579418000003336 ], [ -73.103631999996225, -40.579266000003329 ], [ -73.103556999996229, -40.579103000003343 ], [ -73.103493999996232, -40.578965000003329 ], [ -73.103463999996237, -40.578901000003327 ], [ -73.103439999996226, -40.578537000003337 ], [ -73.103232999996237, -40.578059000003329 ], [ -73.102879999996233, -40.577718000003337 ], [ -73.102622999996228, -40.577571000003324 ], [ -73.102173999996211, -40.57640100000333 ], [ -73.102334999996245, -40.575987000003323 ], [ -73.10249499999621, -40.575816000003321 ], [ -73.102719999996225, -40.57547500000333 ], [ -73.10268799999622, -40.575231000003342 ], [ -73.102366999996221, -40.575036000003323 ], [ -73.102173999996211, -40.574817000003335 ], [ -73.102013999996217, -40.574549000003323 ], [ -73.101981999996212, -40.573720000003327 ], [ -73.102045999996221, -40.573135000003326 ], [ -73.102366999996221, -40.572575000003333 ], [ -73.100436999996219, -40.571417000003336 ], [ -73.099624999996195, -40.571923000003324 ], [ -73.098610999996197, -40.571857000003327 ], [ -73.098088999996193, -40.571681000003338 ], [ -73.098059999996181, -40.571678000003331 ], [ -73.097943999996176, -40.572129000003329 ], [ -73.097892999996176, -40.572382000003337 ], [ -73.097861999996169, -40.573312000003327 ], [ -73.097838999996185, -40.573666000003335 ], [ -73.097768999996191, -40.575094000003318 ], [ -73.097760999996169, -40.576447000003348 ], [ -73.097763999996175, -40.57771800000333 ], [ -73.097767999996179, -40.578574000003336 ], [ -73.097772999996195, -40.579437000003331 ], [ -73.097773999996178, -40.580264000003332 ], [ -73.097768999996191, -40.58112200000334 ], [ -73.097766999996182, -40.581719000003332 ], [ -73.097768999996191, -40.582507000003346 ], [ -73.097762999996192, -40.583083000003334 ] ] ] } },
{ "type": "Feature", "properties": { "zona": "1" }, "geometry": { "type": "Polygon", "coordinates": [ [ [ -73.090898999996114, -40.589868000003335 ], [ -73.091150999996103, -40.589540000003332 ], [ -73.091247999996099, -40.589322000003335 ], [ -73.091398999996102, -40.589006000003344 ], [ -73.091604999996122, -40.588594000003347 ], [ -73.091737999996113, -40.588336000003331 ], [ -73.091889999996113, -40.588070000003341 ], [ -73.092020999996137, -40.587844000003344 ], [ -73.092285999996122, -40.587428000003328 ], [ -73.092559999996112, -40.587024000003332 ], [ -73.092682999996114, -40.586806000003342 ], [ -73.092904999996136, -40.586538000003344 ], [ -73.093038999996125, -40.586392000003343 ], [ -73.093150999996112, -40.586284000003339 ], [ -73.093287999996136, -40.586181000003343 ], [ -73.093507999996135, -40.586039000003339 ], [ -73.093651999996126, -40.58595200000331 ], [ -73.094001999996152, -40.585743000003333 ], [ -73.094213999996143, -40.585628000003339 ], [ -73.094868999996137, -40.585360000003327 ], [ -73.095112999996147, -40.58520100000333 ], [ -73.095578999996164, -40.584921000003341 ], [ -73.095840999996156, -40.584704000003327 ], [ -73.095926999996166, -40.584601000003325 ], [ -73.096605999996171, -40.584041000003339 ], [ -73.097030999996164, -40.583711000003341 ], [ -73.097330999996174, -40.58347700000332 ], [ -73.097443999996173, -40.583387000003334 ], [ -73.097762999996192, -40.583083000003334 ], [ -73.097768999996191, -40.582507000003346 ], [ -73.097766999996182, -40.581719000003332 ], [ -73.097768999996191, -40.58112200000334 ], [ -73.097773999996178, -40.580264000003332 ], [ -73.097772999996195, -40.579437000003331 ], [ -73.097767999996179, -40.578574000003336 ], [ -73.097763999996175, -40.57771800000333 ], [ -73.097760999996169, -40.576447000003348 ], [ -73.097768999996191, -40.575094000003318 ], [ -73.097838999996185, -40.573666000003335 ], [ -73.097861999996169, -40.573312000003327 ], [ -73.097892999996176, -40.572382000003337 ], [ -73.09764399999618, -40.572445000003334 ], [ -73.08507599999605, -40.575601000003331 ], [ -73.086535999996059, -40.578706000003329 ], [ -73.082338999996011, -40.586261000003333 ], [ -73.083795999996028, -40.588467000003334 ], [ -73.089514999996112, -40.58965800000334 ], [ -73.090898999996114, -40.589868000003335 ] ] ] } },
{ "type": "Feature", "properties": { "zona": "34" }, "geometry": { "type": "Polygon", "coordinates": [ [ [ -73.098397999996195, -40.592276000003338 ], [ -73.098498999996167, -40.592577000003345 ], [ -73.09864399999617, -40.593012000003348 ], [ -73.098690999996208, -40.593150000003334 ], [ -73.098775999996192, -40.593402000003344 ], [ -73.098901999996187, -40.593781000003339 ], [ -73.099098999996187, -40.594345000003344 ], [ -73.099349999996207, -40.59508200000333 ], [ -73.099596999996194, -40.595859000003344 ], [ -73.100671999996209, -40.599083000003347 ], [ -73.101457999996214, -40.601481000003346 ], [ -73.10270099999623, -40.605301000003351 ], [ -73.102758999996226, -40.605480000003354 ], [ -73.103153999996252, -40.606081000003343 ], [ -73.107367999996271, -40.604870000003352 ], [ -73.108219999996294, -40.604620000003351 ], [ -73.107921999996293, -40.600116000003347 ], [ -73.107893999996278, -40.598145000003335 ], [ -73.107907999996272, -40.59764300000333 ], [ -73.107904999996293, -40.597143000003342 ], [ -73.107906999996288, -40.596757000003336 ], [ -73.107925999996297, -40.596534000003338 ], [ -73.107989999996278, -40.596356000003354 ], [ -73.108176999996289, -40.596096000003335 ], [ -73.108220999996277, -40.596036000003345 ], [ -73.108570999996303, -40.595775000003336 ], [ -73.108789999996318, -40.595621000003341 ], [ -73.109112999996299, -40.595394000003346 ], [ -73.109417999996296, -40.595180000003339 ], [ -73.109693999996296, -40.594985000003355 ], [ -73.109949999996303, -40.59480500000334 ], [ -73.110162999996319, -40.594655000003335 ], [ -73.11026399999632, -40.594584000003344 ], [ -73.110515999996295, -40.594407000003343 ], [ -73.110722999996298, -40.594261000003335 ], [ -73.110763999996308, -40.594229000003338 ], [ -73.110703999996318, -40.594210000003343 ], [ -73.110216999996297, -40.594055000003337 ], [ -73.109619999996298, -40.59386800000334 ], [ -73.109099999996289, -40.593701000003335 ], [ -73.109074999996281, -40.593682000003355 ], [ -73.108649999996288, -40.593370000003347 ], [ -73.107951999996288, -40.592856000003344 ], [ -73.108023999996291, -40.592806000003343 ], [ -73.108249999996275, -40.592638000003348 ], [ -73.108316999996291, -40.592587000003341 ], [ -73.108397999996285, -40.592520000003354 ], [ -73.108463999996289, -40.592463000003342 ], [ -73.108612999996282, -40.592346000003339 ], [ -73.108790999996302, -40.592206000003344 ], [ -73.108872999996308, -40.592141000003338 ], [ -73.108948999996301, -40.592081000003347 ], [ -73.109020999996304, -40.592017000003331 ], [ -73.109099999996289, -40.592035000003349 ], [ -73.109176999996322, -40.592062000003338 ], [ -73.109187999996294, -40.592043000003343 ], [ -73.109258999996285, -40.591982000003334 ], [ -73.109308999996301, -40.591933000003337 ], [ -73.109351999996306, -40.591892000003334 ], [ -73.109358999996303, -40.59186600000335 ], [ -73.10936399999629, -40.59183600000334 ], [ -73.109380999996304, -40.591779000003342 ], [ -73.109392999996302, -40.591738000003353 ], [ -73.109409999996302, -40.591682000003352 ], [ -73.109428999996283, -40.591617000003346 ], [ -73.109435999996307, -40.591594000003347 ], [ -73.109375999996288, -40.59155600000333 ], [ -73.109280999996301, -40.591496000003332 ], [ -73.109144999996289, -40.591410000003329 ], [ -73.109024999996308, -40.59133500000334 ], [ -73.108907999996305, -40.591261000003342 ], [ -73.108784999996303, -40.591183000003326 ], [ -73.108680999996281, -40.591118000003327 ], [ -73.108538999996284, -40.591028000003341 ], [ -73.10811699999627, -40.590766000003335 ], [ -73.107587999996284, -40.59045300000335 ], [ -73.107448999996279, -40.590591000003336 ], [ -73.10723899999627, -40.590799000003337 ], [ -73.106972999996273, -40.590629000003339 ], [ -73.106686999996271, -40.590428000003335 ], [ -73.106326999996256, -40.590176000003346 ], [ -73.105890999996262, -40.589869000003347 ], [ -73.105500999996252, -40.58959600000334 ], [ -73.105144999996256, -40.589345000003341 ], [ -73.104948999996239, -40.589207000003334 ], [ -73.104841999996239, -40.589127000003359 ], [ -73.104547999996242, -40.588901000003347 ], [ -73.104188999996239, -40.588626000003337 ], [ -73.103815999996243, -40.58833900000333 ], [ -73.103384999996237, -40.588011000003348 ], [ -73.103035999996237, -40.58776100000334 ], [ -73.102793999996237, -40.58798900000334 ], [ -73.102601999996224, -40.588169000003347 ], [ -73.102470999996214, -40.58829300000334 ], [ -73.102161999996213, -40.588583000003339 ], [ -73.102074999996233, -40.588672000003328 ], [ -73.101831999996222, -40.588925000003336 ], [ -73.101414999996223, -40.589349000003331 ], [ -73.101252999996206, -40.58950600000334 ], [ -73.101118999996203, -40.589637000003329 ], [ -73.100998999996207, -40.589758000003329 ], [ -73.100734999996206, -40.590025000003322 ], [ -73.100482999996203, -40.59028200000332 ], [ -73.100133999996217, -40.590653000003357 ], [ -73.099969999996205, -40.590838000003338 ], [ -73.099821999996195, -40.590991000003335 ], [ -73.099523999996208, -40.591250000003328 ], [ -73.099176999996189, -40.59155000000333 ], [ -73.098872999996203, -40.591836000003333 ], [ -73.098766999996172, -40.591944000003345 ], [ -73.09861199999618, -40.592101000003332 ], [ -73.098397999996195, -40.592276000003338 ] ] ] } },
{ "type": "Feature", "properties": { "zona": "7" }, "geometry": { "type": "Polygon", "coordinates": [ [ [ -73.107618999996291, -40.568467000003338 ], [ -73.107404999996277, -40.568553000003334 ], [ -73.106794999996268, -40.569186000003313 ], [ -73.106620999996267, -40.569598000003332 ], [ -73.106484999996255, -40.569905000003324 ], [ -73.106281999996256, -40.570259000003333 ], [ -73.105992999996261, -40.57082000000333 ], [ -73.105607999996266, -40.571307000003323 ], [ -73.103924999996224, -40.571834000003321 ], [ -73.103810999996242, -40.57186800000332 ], [ -73.102847999996229, -40.572233000003322 ], [ -73.102366999996221, -40.572575000003333 ], [ -73.102045999996221, -40.573135000003326 ], [ -73.101981999996212, -40.573720000003327 ], [ -73.102013999996217, -40.574549000003323 ], [ -73.102173999996211, -40.574817000003335 ], [ -73.102366999996221, -40.575036000003323 ], [ -73.10268799999622, -40.575231000003342 ], [ -73.102719999996225, -40.57547500000333 ], [ -73.10249499999621, -40.575816000003321 ], [ -73.102334999996245, -40.575987000003323 ], [ -73.102173999996211, -40.57640100000333 ], [ -73.102622999996228, -40.577571000003324 ], [ -73.102879999996233, -40.577718000003337 ], [ -73.103232999996237, -40.578059000003329 ], [ -73.103439999996226, -40.578537000003337 ], [ -73.103463999996237, -40.578901000003327 ], [ -73.103493999996232, -40.578965000003329 ], [ -73.104034999996244, -40.578731000003344 ], [ -73.10421699999624, -40.578652000003345 ], [ -73.104781999996248, -40.578410000003331 ], [ -73.105091999996247, -40.578278000003323 ], [ -73.105612999996254, -40.578041000003331 ], [ -73.106048999996261, -40.577849000003333 ], [ -73.106292999996256, -40.577722000003327 ], [ -73.106497999996279, -40.577615000003341 ], [ -73.106621999996293, -40.577569000003344 ], [ -73.106800999996267, -40.577502000003335 ], [ -73.107021999996277, -40.577420000003322 ], [ -73.107149999996281, -40.577372000003329 ], [ -73.107338999996273, -40.577310000003344 ], [ -73.107572999996293, -40.577229000003335 ], [ -73.107802999996281, -40.577148000003348 ], [ -73.108017999996292, -40.577073000003331 ], [ -73.108169999996278, -40.577021000003327 ], [ -73.108234999996284, -40.577001000003321 ], [ -73.108421999996267, -40.576944000003323 ], [ -73.108673999996284, -40.576868000003337 ], [ -73.108914999996273, -40.576796000003334 ], [ -73.109165999996307, -40.576720000003334 ], [ -73.109371999996284, -40.576664000003341 ], [ -73.109530999996309, -40.576621000003335 ], [ -73.109802999996305, -40.576548000003328 ], [ -73.110022999996289, -40.576490000003339 ], [ -73.110195999996307, -40.576444000003335 ], [ -73.110314999996319, -40.576412000003323 ], [ -73.110484999996316, -40.57636700000333 ], [ -73.110585999996303, -40.576341000003332 ], [ -73.110681999996302, -40.576315000003341 ], [ -73.110744999996314, -40.576301000003333 ], [ -73.110868999996299, -40.576274000003338 ], [ -73.110959999996325, -40.576262000003332 ], [ -73.111136999996305, -40.576238000003343 ], [ -73.111175999996306, -40.576235000003329 ], [ -73.111393999996324, -40.57621800000333 ], [ -73.111455999996295, -40.576220000003332 ], [ -73.111603999996319, -40.576224000003329 ], [ -73.111581999996332, -40.576108000003323 ], [ -73.111433999996308, -40.575679000003326 ], [ -73.111193999996303, -40.57498800000333 ], [ -73.110987999996311, -40.57445600000333 ], [ -73.110775999996306, -40.573908000003343 ], [ -73.110591999996302, -40.573392000003338 ], [ -73.110415999996306, -40.572901000003327 ], [ -73.110244999996297, -40.57244500000332 ], [ -73.110180999996302, -40.572277000003318 ], [ -73.110031999996295, -40.571889000003331 ], [ -73.109907999996281, -40.571568000003332 ], [ -73.109801999996293, -40.571281000003324 ], [ -73.109687999996297, -40.570973000003335 ], [ -73.109602999996284, -40.570742000003328 ], [ -73.109451999996281, -40.570374000003348 ], [ -73.109424999996293, -40.570307000003332 ], [ -73.109329999996305, -40.570055000003329 ], [ -73.109204999996308, -40.569725000003338 ], [ -73.109185999996299, -40.569660000003346 ], [ -73.109110999996304, -40.569403000003319 ], [ -73.109025999996291, -40.569230000003323 ], [ -73.108927999996283, -40.569027000003331 ], [ -73.109604999996293, -40.568945000003346 ], [ -73.110497999996298, -40.568871000003334 ], [ -73.110550999996306, -40.568732000003344 ], [ -73.110594999996323, -40.568579000003311 ], [ -73.110421999996305, -40.568518000003337 ], [ -73.109502999996295, -40.568445000003337 ], [ -73.108598999996289, -40.568175000003329 ], [ -73.108014999996286, -40.568309000003325 ], [ -73.107618999996291, -40.568467000003338 ] ] ] } },
{ "type": "Feature", "properties": { "zona": "47" }, "geometry": { "type": "Polygon", "coordinates": [ [ [ -73.097763999996175, -40.586074000003322 ], [ -73.097764999996187, -40.586378000003336 ], [ -73.097764999996187, -40.586829000003355 ], [ -73.097763999996175, -40.587681000003336 ], [ -73.097757999996176, -40.58841100000334 ], [ -73.097758999996188, -40.589370000003335 ], [ -73.097770999996186, -40.589815000003334 ], [ -73.097824999996206, -40.590251000003342 ], [ -73.097927999996173, -40.590731000003338 ], [ -73.098022999996189, -40.591067000003335 ], [ -73.098123999996176, -40.591400000003333 ], [ -73.098273999996181, -40.591891000003343 ], [ -73.098391999996167, -40.592259000003338 ], [ -73.098397999996195, -40.592276000003338 ], [ -73.09861199999618, -40.592101000003332 ], [ -73.098766999996172, -40.591944000003345 ], [ -73.098872999996203, -40.591836000003333 ], [ -73.099176999996189, -40.59155000000333 ], [ -73.099523999996208, -40.591250000003328 ], [ -73.099821999996195, -40.590991000003335 ], [ -73.099969999996205, -40.590838000003338 ], [ -73.100133999996217, -40.590653000003357 ], [ -73.100482999996203, -40.59028200000332 ], [ -73.100734999996206, -40.590025000003322 ], [ -73.100998999996207, -40.589758000003329 ], [ -73.101118999996203, -40.589637000003329 ], [ -73.101252999996206, -40.58950600000334 ], [ -73.101414999996223, -40.589349000003331 ], [ -73.101831999996222, -40.588925000003336 ], [ -73.102074999996233, -40.588672000003328 ], [ -73.102161999996213, -40.588583000003339 ], [ -73.102470999996214, -40.58829300000334 ], [ -73.102601999996224, -40.588169000003347 ], [ -73.102793999996237, -40.58798900000334 ], [ -73.103035999996237, -40.58776100000334 ], [ -73.103043999996231, -40.587754000003343 ], [ -73.103185999996228, -40.587633000003336 ], [ -73.103527999996231, -40.587340000003344 ], [ -73.103651999996231, -40.587230000003345 ], [ -73.103949999996246, -40.586968000003331 ], [ -73.10401599999625, -40.586909000003345 ], [ -73.104218999996249, -40.586756000003341 ], [ -73.10465599999624, -40.586429000003335 ], [ -73.104951999996246, -40.586214000003345 ], [ -73.105085999996248, -40.586120000003334 ], [ -73.10519399999626, -40.586048000003338 ], [ -73.105461999996265, -40.585871000003337 ], [ -73.10584699999626, -40.585617000003332 ], [ -73.105870999996256, -40.585601000003336 ], [ -73.105754999996265, -40.585617000003332 ], [ -73.10557099999626, -40.585453000003341 ], [ -73.105564999996261, -40.585296000003339 ], [ -73.105863999996259, -40.584561000003326 ], [ -73.106029999996252, -40.584175000003334 ], [ -73.10620699999626, -40.583764000003342 ], [ -73.106371999996256, -40.583425000003331 ], [ -73.106419999996263, -40.583347000003329 ], [ -73.106452999996279, -40.583294000003335 ], [ -73.105841999996244, -40.583132000003339 ], [ -73.105448999996256, -40.583028000003353 ], [ -73.105014999996243, -40.582914000003335 ], [ -73.104603999996243, -40.582812000003344 ], [ -73.104355999996244, -40.582759000003328 ], [ -73.104151999996247, -40.582716000003323 ], [ -73.103735999996232, -40.582540000003341 ], [ -73.103402999996234, -40.582404000003336 ], [ -73.103360999996227, -40.582376000003329 ], [ -73.103343999996227, -40.582344000003332 ], [ -73.103337999996228, -40.582303000003328 ], [ -73.103329999996248, -40.582149000003341 ], [ -73.103327999996225, -40.582131000003344 ], [ -73.103313999996232, -40.582053000003327 ], [ -73.103302999996231, -40.582019000003335 ], [ -73.103292999996228, -40.581934000003329 ], [ -73.103288999996238, -40.581840000003339 ], [ -73.103299999996224, -40.581762000003337 ], [ -73.103338999996225, -40.581486000003331 ], [ -73.103356999996237, -40.581365000003331 ], [ -73.103365999996228, -40.581354000003337 ], [ -73.103849999996228, -40.581074000003341 ], [ -73.104248999996244, -40.580844000003331 ], [ -73.104630999996246, -40.580621000003326 ], [ -73.105020999996242, -40.580390000003348 ], [ -73.10528399999626, -40.58023400000333 ], [ -73.105483999996252, -40.580113000003323 ], [ -73.105227999996259, -40.579820000003345 ], [ -73.105027999996253, -40.579593000003328 ], [ -73.10486399999624, -40.579407000003336 ], [ -73.104723999996253, -40.579250000003334 ], [ -73.104627999996239, -40.579144000003325 ], [ -73.104535999996244, -40.579043000003338 ], [ -73.104462999996244, -40.578963000003341 ], [ -73.104451999996243, -40.578950000003331 ], [ -73.104435999996241, -40.578932000003341 ], [ -73.104346999996238, -40.578826000003339 ], [ -73.104310999996244, -40.57877900000333 ], [ -73.10421699999624, -40.578652000003345 ], [ -73.104034999996244, -40.578731000003344 ], [ -73.103493999996232, -40.578965000003329 ], [ -73.103556999996229, -40.579103000003343 ], [ -73.103631999996225, -40.579266000003329 ], [ -73.103631999996225, -40.579418000003336 ], [ -73.103631999996225, -40.579538000003339 ], [ -73.103498999996233, -40.579755000003345 ], [ -73.103221999996236, -40.580061000003333 ], [ -73.102998999996231, -40.580325000003334 ], [ -73.102753999996224, -40.580584000003341 ], [ -73.102599999996215, -40.580660000003327 ], [ -73.10250799999622, -40.580715000003323 ], [ -73.102433999996222, -40.580765000003332 ], [ -73.102382999996223, -40.580828000003336 ], [ -73.102352999996214, -40.580898000003323 ], [ -73.102342999996225, -40.580972000003328 ], [ -73.102365999996223, -40.581043000003341 ], [ -73.102384999996218, -40.581106000003331 ], [ -73.102413999996216, -40.581178000003327 ], [ -73.102460999996211, -40.581392000003348 ], [ -73.102521999996213, -40.581476000003335 ], [ -73.102570999996217, -40.581532000003321 ], [ -73.102608999996235, -40.581606000003333 ], [ -73.102612999996211, -40.581653000003335 ], [ -73.102602999996236, -40.581726000003322 ], [ -73.10259099999621, -40.58176300000332 ], [ -73.102513999996219, -40.58183400000334 ], [ -73.102364999996212, -40.581942000003338 ], [ -73.102257999996212, -40.58200700000333 ], [ -73.102131999996217, -40.582027000003329 ], [ -73.101962999996218, -40.582071000003346 ], [ -73.101775999996235, -40.582115000003348 ], [ -73.101598999996213, -40.582161000003346 ], [ -73.101024999996199, -40.58223200000333 ], [ -73.100856999996196, -40.582275000003335 ], [ -73.100664999996198, -40.582303000003343 ], [ -73.100522999996215, -40.582336000003338 ], [ -73.100295999996234, -40.582350000003331 ], [ -73.100171999996206, -40.582391000003334 ], [ -73.100037999996218, -40.582454000003331 ], [ -73.099949999996184, -40.582516000003338 ], [ -73.099922999996195, -40.582578000003338 ], [ -73.099829999996189, -40.582755000003345 ], [ -73.099807999996202, -40.582938000003324 ], [ -73.099766999996191, -40.583062000003324 ], [ -73.099723999996201, -40.583187000003328 ], [ -73.099710999996191, -40.583333000003343 ], [ -73.099658999996208, -40.583508000003334 ], [ -73.099634999996184, -40.583617000003329 ], [ -73.099594999996199, -40.583721000003344 ], [ -73.099553999996189, -40.583833000003338 ], [ -73.099497999996188, -40.583958000003328 ], [ -73.099492999996201, -40.584114000003339 ], [ -73.099458999996187, -40.584245000003335 ], [ -73.0994089999962, -40.584421000003346 ], [ -73.099345999996217, -40.584536000003339 ], [ -73.099332999996193, -40.584619000003336 ], [ -73.099294999996189, -40.584706000003337 ], [ -73.099281999996208, -40.584772000003348 ], [ -73.099309999996194, -40.584829000003346 ], [ -73.099389999996191, -40.584883000003337 ], [ -73.099535999996206, -40.584957000003328 ], [ -73.099675999996194, -40.58497600000333 ], [ -73.100146999996184, -40.585042000003355 ], [ -73.100263999996201, -40.585025000003334 ], [ -73.100412999996209, -40.585019000003335 ], [ -73.100543999996205, -40.585015000003338 ], [ -73.100662999996203, -40.585010000003351 ], [ -73.100793999996199, -40.585019000003328 ], [ -73.100879999996209, -40.58504500000334 ], [ -73.100977999996203, -40.585090000003341 ], [ -73.101032999996235, -40.585159000003337 ], [ -73.101052999996213, -40.585223000003346 ], [ -73.101059999996195, -40.585301000003327 ], [ -73.101060999996207, -40.585443000003337 ], [ -73.100926999996204, -40.585533000003338 ], [ -73.100811999996196, -40.585623000003324 ], [ -73.100655999996221, -40.585712000003348 ], [ -73.100366999996211, -40.585853000003326 ], [ -73.100005999996185, -40.586022000003346 ], [ -73.099472999996209, -40.586212000003343 ], [ -73.098982999996196, -40.586327000003337 ], [ -73.09866099999617, -40.586348000003333 ], [ -73.098590999996176, -40.586325000003328 ], [ -73.098322999996171, -40.586249000003328 ], [ -73.097922999996186, -40.586124000003338 ], [ -73.097828999996167, -40.58609500000334 ], [ -73.097763999996175, -40.586074000003322 ] ] ] } },
{ "type": "Feature", "properties": { "zona": "4" }, "geometry": { "type": "Polygon", "coordinates": [ [ [ -73.103035999996237, -40.58776100000334 ], [ -73.103384999996237, -40.588011000003348 ], [ -73.103815999996243, -40.58833900000333 ], [ -73.104188999996239, -40.588626000003337 ], [ -73.104547999996242, -40.588901000003347 ], [ -73.104841999996239, -40.589127000003359 ], [ -73.104948999996239, -40.589207000003334 ], [ -73.105144999996256, -40.589345000003341 ], [ -73.105500999996252, -40.58959600000334 ], [ -73.105890999996262, -40.589869000003347 ], [ -73.106326999996256, -40.590176000003346 ], [ -73.106686999996271, -40.590428000003335 ], [ -73.106972999996273, -40.590629000003339 ], [ -73.10723899999627, -40.590799000003337 ], [ -73.107448999996279, -40.590591000003336 ], [ -73.107587999996284, -40.59045300000335 ], [ -73.10811699999627, -40.590766000003335 ], [ -73.108538999996284, -40.591028000003341 ], [ -73.108680999996281, -40.591118000003327 ], [ -73.108784999996303, -40.591183000003326 ], [ -73.108907999996305, -40.591261000003342 ], [ -73.109024999996308, -40.59133500000334 ], [ -73.109144999996289, -40.591410000003329 ], [ -73.109280999996301, -40.591496000003332 ], [ -73.109375999996288, -40.59155600000333 ], [ -73.109435999996307, -40.591594000003347 ], [ -73.109428999996283, -40.591617000003346 ], [ -73.109409999996302, -40.591682000003352 ], [ -73.109392999996302, -40.591738000003353 ], [ -73.109380999996304, -40.591779000003342 ], [ -73.10936399999629, -40.59183600000334 ], [ -73.109358999996303, -40.59186600000335 ], [ -73.109351999996306, -40.591892000003334 ], [ -73.109308999996301, -40.591933000003337 ], [ -73.109258999996285, -40.591982000003334 ], [ -73.109187999996294, -40.592043000003343 ], [ -73.109176999996322, -40.592062000003338 ], [ -73.109099999996289, -40.592035000003349 ], [ -73.109020999996304, -40.592017000003331 ], [ -73.108948999996301, -40.592081000003347 ], [ -73.108872999996308, -40.592141000003338 ], [ -73.108790999996302, -40.592206000003344 ], [ -73.108612999996282, -40.592346000003339 ], [ -73.108463999996289, -40.592463000003342 ], [ -73.108397999996285, -40.592520000003354 ], [ -73.108316999996291, -40.592587000003341 ], [ -73.108249999996275, -40.592638000003348 ], [ -73.108023999996291, -40.592806000003343 ], [ -73.107951999996288, -40.592856000003344 ], [ -73.108649999996288, -40.593370000003347 ], [ -73.109074999996281, -40.593682000003355 ], [ -73.109099999996289, -40.593701000003335 ], [ -73.109619999996298, -40.59386800000334 ], [ -73.110216999996297, -40.594055000003337 ], [ -73.110703999996318, -40.594210000003343 ], [ -73.110763999996308, -40.594229000003338 ], [ -73.111004999996325, -40.594038000003337 ], [ -73.11128299999632, -40.593814000003341 ], [ -73.111650999996314, -40.593542000003353 ], [ -73.111935999996319, -40.593348000003346 ], [ -73.112042999996333, -40.593275000003345 ], [ -73.112195999996331, -40.593168000003345 ], [ -73.112401999996322, -40.593034000003342 ], [ -73.112447999996334, -40.593004000003333 ], [ -73.112481999996319, -40.592989000003342 ], [ -73.112521999996332, -40.592976000003354 ], [ -73.112560999996333, -40.592959000003354 ], [ -73.112642999996325, -40.592911000003333 ], [ -73.112728999996364, -40.592854000003328 ], [ -73.112985999996326, -40.592678000003346 ], [ -73.113239999996324, -40.592498000003346 ], [ -73.113357999996325, -40.592418000003349 ], [ -73.11362599999633, -40.592235000003335 ], [ -73.113820999996335, -40.592101000003346 ], [ -73.114008999996344, -40.591972000003345 ], [ -73.114205999996344, -40.591837000003352 ], [ -73.114440999996347, -40.59167000000334 ], [ -73.114738999996348, -40.591467000003334 ], [ -73.114977999996341, -40.591296000003339 ], [ -73.115187999996351, -40.591138000003355 ], [ -73.115154999996363, -40.591115000003342 ], [ -73.115120999996364, -40.591087000003348 ], [ -73.115113999996339, -40.591071000003339 ], [ -73.11512099999635, -40.591050000003349 ], [ -73.115288999996352, -40.590912000003343 ], [ -73.115460999996358, -40.590777000003335 ], [ -73.115174999996341, -40.590556000003346 ], [ -73.114834999996347, -40.590292000003345 ], [ -73.114464999996358, -40.590006000003335 ], [ -73.114074999996348, -40.589707000003337 ], [ -73.113631999996329, -40.589374000003339 ], [ -73.113315999996331, -40.589137000003348 ], [ -73.112962999996327, -40.588867000003347 ], [ -73.112594999996318, -40.588587000003336 ], [ -73.11216499999631, -40.58825900000334 ], [ -73.111803999996312, -40.587986000003326 ], [ -73.11146699999631, -40.587729000003343 ], [ -73.111052999996303, -40.58741300000333 ], [ -73.110613999996318, -40.587078000003345 ], [ -73.110239999996296, -40.586793000003347 ], [ -73.109809999996287, -40.586465000003336 ], [ -73.109329999996305, -40.586099000003337 ], [ -73.108987999996302, -40.585838000003328 ], [ -73.108863999996274, -40.585744000003338 ], [ -73.108849999996281, -40.585733000003337 ], [ -73.108567999996282, -40.58551800000334 ], [ -73.108145999996282, -40.58519700000334 ], [ -73.10772999999628, -40.584909000003336 ], [ -73.107377999996274, -40.58462400000333 ], [ -73.107176999996256, -40.584754000003329 ], [ -73.106846999996279, -40.584969000003326 ], [ -73.106481999996276, -40.585205000003327 ], [ -73.105901999996263, -40.585581000003337 ], [ -73.105870999996256, -40.585601000003336 ], [ -73.10584699999626, -40.585617000003332 ], [ -73.105461999996265, -40.585871000003337 ], [ -73.10519399999626, -40.586048000003338 ], [ -73.105085999996248, -40.586120000003334 ], [ -73.104951999996246, -40.586214000003345 ], [ -73.10465599999624, -40.586429000003335 ], [ -73.104218999996249, -40.586756000003341 ], [ -73.10401599999625, -40.586909000003345 ], [ -73.103949999996246, -40.586968000003331 ], [ -73.103651999996231, -40.587230000003345 ], [ -73.103527999996231, -40.587340000003344 ], [ -73.103185999996228, -40.587633000003336 ], [ -73.103043999996231, -40.587754000003343 ], [ -73.103035999996237, -40.58776100000334 ] ] ] } },
{ "type": "Feature", "properties": { "zona": "6" }, "geometry": { "type": "Polygon", "coordinates": [ [ [ -73.111603999996319, -40.576224000003329 ], [ -73.111455999996295, -40.576220000003332 ], [ -73.111393999996324, -40.57621800000333 ], [ -73.111175999996306, -40.576235000003329 ], [ -73.111136999996305, -40.576238000003343 ], [ -73.110959999996325, -40.576262000003332 ], [ -73.110868999996299, -40.576274000003338 ], [ -73.110744999996314, -40.576301000003333 ], [ -73.110681999996302, -40.576315000003341 ], [ -73.110585999996303, -40.576341000003332 ], [ -73.110484999996316, -40.57636700000333 ], [ -73.110314999996319, -40.576412000003323 ], [ -73.110195999996307, -40.576444000003335 ], [ -73.110022999996289, -40.576490000003339 ], [ -73.109802999996305, -40.576548000003328 ], [ -73.109530999996309, -40.576621000003335 ], [ -73.109371999996284, -40.576664000003341 ], [ -73.109165999996307, -40.576720000003334 ], [ -73.108914999996273, -40.576796000003334 ], [ -73.108673999996284, -40.576868000003337 ], [ -73.108421999996267, -40.576944000003323 ], [ -73.108234999996284, -40.577001000003321 ], [ -73.108169999996278, -40.577021000003327 ], [ -73.108017999996292, -40.577073000003331 ], [ -73.107802999996281, -40.577148000003348 ], [ -73.107572999996293, -40.577229000003335 ], [ -73.107338999996273, -40.577310000003344 ], [ -73.107149999996281, -40.577372000003329 ], [ -73.107021999996277, -40.577420000003322 ], [ -73.106800999996267, -40.577502000003335 ], [ -73.106621999996293, -40.577569000003344 ], [ -73.106497999996279, -40.577615000003341 ], [ -73.106292999996256, -40.577722000003327 ], [ -73.106048999996261, -40.577849000003333 ], [ -73.105612999996254, -40.578041000003331 ], [ -73.105091999996247, -40.578278000003323 ], [ -73.104781999996248, -40.578410000003331 ], [ -73.10421699999624, -40.578652000003345 ], [ -73.104310999996244, -40.57877900000333 ], [ -73.104346999996238, -40.578826000003339 ], [ -73.104435999996241, -40.578932000003341 ], [ -73.104451999996243, -40.578950000003331 ], [ -73.104462999996244, -40.578963000003341 ], [ -73.104535999996244, -40.579043000003338 ], [ -73.104627999996239, -40.579144000003325 ], [ -73.104723999996253, -40.579250000003334 ], [ -73.10486399999624, -40.579407000003336 ], [ -73.105027999996253, -40.579593000003328 ], [ -73.105227999996259, -40.579820000003345 ], [ -73.105483999996252, -40.580113000003323 ], [ -73.10528399999626, -40.58023400000333 ], [ -73.105020999996242, -40.580390000003348 ], [ -73.104630999996246, -40.580621000003326 ], [ -73.104248999996244, -40.580844000003331 ], [ -73.103849999996228, -40.581074000003341 ], [ -73.103365999996228, -40.581354000003337 ], [ -73.103356999996237, -40.581365000003331 ], [ -73.103338999996225, -40.581486000003331 ], [ -73.103299999996224, -40.581762000003337 ], [ -73.103288999996238, -40.581840000003339 ], [ -73.103292999996228, -40.581934000003329 ], [ -73.103302999996231, -40.582019000003335 ], [ -73.103313999996232, -40.582053000003327 ], [ -73.103327999996225, -40.582131000003344 ], [ -73.103329999996248, -40.582149000003341 ], [ -73.103337999996228, -40.582303000003328 ], [ -73.103343999996227, -40.582344000003332 ], [ -73.103360999996227, -40.582376000003329 ], [ -73.103402999996234, -40.582404000003336 ], [ -73.103735999996232, -40.582540000003341 ], [ -73.104151999996247, -40.582716000003323 ], [ -73.104355999996244, -40.582759000003328 ], [ -73.104603999996243, -40.582812000003344 ], [ -73.105014999996243, -40.582914000003335 ], [ -73.105448999996256, -40.583028000003353 ], [ -73.105841999996244, -40.583132000003339 ], [ -73.106452999996279, -40.583294000003335 ], [ -73.106419999996263, -40.583347000003329 ], [ -73.106371999996256, -40.583425000003331 ], [ -73.10620699999626, -40.583764000003342 ], [ -73.106029999996252, -40.584175000003334 ], [ -73.105863999996259, -40.584561000003326 ], [ -73.105564999996261, -40.585296000003339 ], [ -73.10557099999626, -40.585453000003341 ], [ -73.105754999996265, -40.585617000003332 ], [ -73.105870999996256, -40.585601000003336 ], [ -73.105901999996263, -40.585581000003337 ], [ -73.106481999996276, -40.585205000003327 ], [ -73.106846999996279, -40.584969000003326 ], [ -73.107176999996256, -40.584754000003329 ], [ -73.107377999996274, -40.58462400000333 ], [ -73.10772999999628, -40.584909000003336 ], [ -73.108145999996282, -40.58519700000334 ], [ -73.108567999996282, -40.58551800000334 ], [ -73.108849999996281, -40.585733000003337 ], [ -73.108885999996289, -40.585711000003343 ], [ -73.1091799999963, -40.585524000003332 ], [ -73.109350999996309, -40.585420000003332 ], [ -73.109732999996297, -40.585187000003337 ], [ -73.110023999996301, -40.585007000003351 ], [ -73.110311999996298, -40.584823000003333 ], [ -73.110407999996298, -40.584752000003334 ], [ -73.110797999996322, -40.584473000003335 ], [ -73.110992999996299, -40.584334000003338 ], [ -73.111185999996309, -40.584196000003345 ], [ -73.111349999996307, -40.584079000003328 ], [ -73.111472999996323, -40.583992000003342 ], [ -73.11164299999632, -40.583871000003334 ], [ -73.111773999996316, -40.583778000003342 ], [ -73.111968999996336, -40.583640000003335 ], [ -73.112111999996316, -40.583539000003327 ], [ -73.112261999996335, -40.583433000003325 ], [ -73.112364999996316, -40.583361000003336 ], [ -73.11216499999631, -40.583192000003336 ], [ -73.112094999996316, -40.583131000003341 ], [ -73.111939999996324, -40.582997000003331 ], [ -73.111832999996309, -40.582905000003329 ], [ -73.11173299999632, -40.582818000003329 ], [ -73.11162999999631, -40.582729000003347 ], [ -73.111446999996318, -40.582572000003331 ], [ -73.111401999996318, -40.582533000003338 ], [ -73.111306999996302, -40.582447000003341 ], [ -73.111161999996312, -40.58231800000334 ], [ -73.111105999996298, -40.582267000003348 ], [ -73.1110429999963, -40.582211000003333 ], [ -73.11100699999632, -40.582179000003336 ], [ -73.111119999996305, -40.582105000003352 ], [ -73.111214999996307, -40.582043000003331 ], [ -73.111375999996298, -40.581937000003322 ], [ -73.111468999996319, -40.581876000003334 ], [ -73.111659999996334, -40.581750000003332 ], [ -73.111837999996325, -40.581630000003344 ], [ -73.112082999996318, -40.581465000003348 ], [ -73.112227999996321, -40.581367000003326 ], [ -73.11238999999631, -40.581257000003347 ], [ -73.112507999996311, -40.581178000003327 ], [ -73.112619999996326, -40.581102000003334 ], [ -73.112739999996322, -40.581021000003325 ], [ -73.113190999996334, -40.580717000003318 ], [ -73.113485999996342, -40.58051700000334 ], [ -73.113600999996351, -40.580439000003331 ], [ -73.113694999996341, -40.580375000003343 ], [ -73.113920999996324, -40.580225000003338 ], [ -73.114258999996338, -40.580000000003338 ], [ -73.114660999996346, -40.579733000003344 ], [ -73.114648999996348, -40.579724000003345 ], [ -73.114404999996339, -40.579525000003336 ], [ -73.113631999996329, -40.578897000003337 ], [ -73.113164999996329, -40.578518000003335 ], [ -73.112700999996321, -40.57812200000334 ], [ -73.112575999996309, -40.578036000003323 ], [ -73.112456999996311, -40.577954000003324 ], [ -73.112387999996315, -40.577906000003317 ], [ -73.112345999996336, -40.577878000003338 ], [ -73.112222999996334, -40.57777600000334 ], [ -73.112129999996313, -40.577699000003321 ], [ -73.112044999996328, -40.57761100000333 ], [ -73.111956999996337, -40.577509000003339 ], [ -73.11186099999631, -40.577379000003326 ], [ -73.111755999996333, -40.577201000003335 ], [ -73.111695999996314, -40.577064000003318 ], [ -73.111614999996334, -40.576821000003328 ], [ -73.111577999996328, -40.576667000003333 ], [ -73.111537999996315, -40.576304000003333 ], [ -73.111603999996319, -40.576224000003329 ] ] ] } },
{ "type": "Feature", "properties": { "zona": "5" }, "geometry": { "type": "Polygon", "coordinates": [ [ [ -73.113600999996351, -40.580439000003331 ], [ -73.113485999996342, -40.58051700000334 ], [ -73.113190999996334, -40.580717000003318 ], [ -73.112739999996322, -40.581021000003325 ], [ -73.112619999996326, -40.581102000003334 ], [ -73.112507999996311, -40.581178000003327 ], [ -73.11238999999631, -40.581257000003347 ], [ -73.112227999996321, -40.581367000003326 ], [ -73.112082999996318, -40.581465000003348 ], [ -73.111837999996325, -40.581630000003344 ], [ -73.111659999996334, -40.581750000003332 ], [ -73.111468999996319, -40.581876000003334 ], [ -73.111375999996298, -40.581937000003322 ], [ -73.111214999996307, -40.582043000003331 ], [ -73.111119999996305, -40.582105000003352 ], [ -73.11100699999632, -40.582179000003336 ], [ -73.1110429999963, -40.582211000003333 ], [ -73.111105999996298, -40.582267000003348 ], [ -73.111161999996312, -40.58231800000334 ], [ -73.111306999996302, -40.582447000003341 ], [ -73.111401999996318, -40.582533000003338 ], [ -73.111446999996318, -40.582572000003331 ], [ -73.11162999999631, -40.582729000003347 ], [ -73.11173299999632, -40.582818000003329 ], [ -73.111832999996309, -40.582905000003329 ], [ -73.111939999996324, -40.582997000003331 ], [ -73.112094999996316, -40.583131000003341 ], [ -73.11216499999631, -40.583192000003336 ], [ -73.112364999996316, -40.583361000003336 ], [ -73.112261999996335, -40.583433000003325 ], [ -73.112111999996316, -40.583539000003327 ], [ -73.111968999996336, -40.583640000003335 ], [ -73.111773999996316, -40.583778000003342 ], [ -73.11164299999632, -40.583871000003334 ], [ -73.111472999996323, -40.583992000003342 ], [ -73.111349999996307, -40.584079000003328 ], [ -73.111185999996309, -40.584196000003345 ], [ -73.110992999996299, -40.584334000003338 ], [ -73.110797999996322, -40.584473000003335 ], [ -73.110407999996298, -40.584752000003334 ], [ -73.110311999996298, -40.584823000003333 ], [ -73.110023999996301, -40.585007000003351 ], [ -73.109732999996297, -40.585187000003337 ], [ -73.109350999996309, -40.585420000003332 ], [ -73.1091799999963, -40.585524000003332 ], [ -73.108885999996289, -40.585711000003343 ], [ -73.108849999996281, -40.585733000003337 ], [ -73.108863999996274, -40.585744000003338 ], [ -73.108987999996302, -40.585838000003328 ], [ -73.109329999996305, -40.586099000003337 ], [ -73.109809999996287, -40.586465000003336 ], [ -73.110239999996296, -40.586793000003347 ], [ -73.110613999996318, -40.587078000003345 ], [ -73.111052999996303, -40.58741300000333 ], [ -73.11146699999631, -40.587729000003343 ], [ -73.111803999996312, -40.587986000003326 ], [ -73.11216499999631, -40.58825900000334 ], [ -73.112594999996318, -40.588587000003336 ], [ -73.112962999996327, -40.588867000003347 ], [ -73.113315999996331, -40.589137000003348 ], [ -73.113631999996329, -40.589374000003339 ], [ -73.114074999996348, -40.589707000003337 ], [ -73.114464999996358, -40.590006000003335 ], [ -73.114834999996347, -40.590292000003345 ], [ -73.115174999996341, -40.590556000003346 ], [ -73.115460999996358, -40.590777000003335 ], [ -73.115288999996352, -40.590912000003343 ], [ -73.11512099999635, -40.591050000003349 ], [ -73.115113999996339, -40.591071000003339 ], [ -73.115120999996364, -40.591087000003348 ], [ -73.115154999996363, -40.591115000003342 ], [ -73.115187999996351, -40.591138000003355 ], [ -73.115499999996359, -40.590902000003354 ], [ -73.115654999996352, -40.590781000003346 ], [ -73.115700999996363, -40.590745000003345 ], [ -73.116104999996352, -40.591056000003334 ], [ -73.116458999996354, -40.591330000003346 ], [ -73.116824999996368, -40.591616000003327 ], [ -73.11705099999638, -40.591791000003347 ], [ -73.117192999996377, -40.591904000003346 ], [ -73.117348999996366, -40.592028000003346 ], [ -73.117528999996367, -40.592171000003347 ], [ -73.117754999996393, -40.592012000003329 ], [ -73.117940999996392, -40.59188000000335 ], [ -73.118036999996392, -40.591810000003335 ], [ -73.118153999996395, -40.591726000003341 ], [ -73.118270999996369, -40.591641000003342 ], [ -73.118418999996393, -40.591534000003321 ], [ -73.11850299999638, -40.591473000003361 ], [ -73.118686999996385, -40.591607000003343 ], [ -73.118812999996393, -40.59170100000334 ], [ -73.118947999996394, -40.59180700000335 ], [ -73.119110999996394, -40.591936000003344 ], [ -73.119264999996403, -40.592056000003339 ], [ -73.119364999996407, -40.592135000003353 ], [ -73.119486999996383, -40.592231000003352 ], [ -73.1195759999964, -40.592301000003346 ], [ -73.1196319999964, -40.592345000003355 ], [ -73.119739999996398, -40.59243000000334 ], [ -73.119902999996398, -40.592559000003362 ], [ -73.119965999996381, -40.592463000003335 ], [ -73.120001999996404, -40.592412000003343 ], [ -73.12035599999642, -40.591904000003346 ], [ -73.120518999996406, -40.591670000003347 ], [ -73.120724999996412, -40.591376000003343 ], [ -73.120969999996419, -40.591029000003346 ], [ -73.121214999996397, -40.590655000003338 ], [ -73.121326999996413, -40.590483000003353 ], [ -73.121491999996408, -40.590250000003344 ], [ -73.121283999996422, -40.590024000003353 ], [ -73.121052999996422, -40.589779000003347 ], [ -73.120799999996407, -40.589507000003351 ], [ -73.120700999996401, -40.589407000003348 ], [ -73.120200999996399, -40.588878000003348 ], [ -73.119871999996391, -40.588516000003345 ], [ -73.119654999996385, -40.588281000003327 ], [ -73.11951799999639, -40.588132000003355 ], [ -73.119400999996387, -40.588010000003351 ], [ -73.119158999996401, -40.587758000003355 ], [ -73.119059999996381, -40.587654000003347 ], [ -73.118972999996387, -40.587562000003338 ], [ -73.118652999996385, -40.587318000003343 ], [ -73.118417999996382, -40.587138000003343 ], [ -73.117972999996383, -40.586810000003339 ], [ -73.117582999996372, -40.586514000003341 ], [ -73.117205999996372, -40.586179000003327 ], [ -73.116954999996366, -40.585949000003346 ], [ -73.116575999996357, -40.585608000003326 ], [ -73.116479999996372, -40.585523000003327 ], [ -73.115824999996363, -40.58501800000333 ], [ -73.115681999996355, -40.584907000003334 ], [ -73.116214999996359, -40.584484000003329 ], [ -73.116242999996359, -40.584421000003346 ], [ -73.116351999996354, -40.583889000003346 ], [ -73.116771999996374, -40.583569000003351 ], [ -73.117174999996379, -40.583255000003341 ], [ -73.116680999996376, -40.582874000003343 ], [ -73.116035999996356, -40.582377000003341 ], [ -73.115507999996353, -40.581970000003352 ], [ -73.11474399999635, -40.581354000003323 ], [ -73.114357999996344, -40.581056000003329 ], [ -73.113602999996345, -40.580441000003326 ], [ -73.113600999996351, -40.580439000003331 ] ] ] } },
{ "type": "Feature", "properties": { "zona": "13" }, "geometry": { "type": "Polygon", "coordinates": [ [ [ -73.114660999996346, -40.579733000003344 ], [ -73.114258999996338, -40.580000000003338 ], [ -73.113920999996324, -40.580225000003338 ], [ -73.113694999996341, -40.580375000003343 ], [ -73.113600999996351, -40.580439000003331 ], [ -73.113602999996345, -40.580441000003326 ], [ -73.114357999996344, -40.581056000003329 ], [ -73.11474399999635, -40.581354000003323 ], [ -73.115507999996353, -40.581970000003352 ], [ -73.116035999996356, -40.582377000003341 ], [ -73.116680999996376, -40.582874000003343 ], [ -73.117174999996379, -40.583255000003341 ], [ -73.116771999996374, -40.583569000003351 ], [ -73.116351999996354, -40.583889000003346 ], [ -73.116242999996359, -40.584421000003346 ], [ -73.116214999996359, -40.584484000003329 ], [ -73.115681999996355, -40.584907000003334 ], [ -73.115824999996363, -40.58501800000333 ], [ -73.116479999996372, -40.585523000003327 ], [ -73.116575999996357, -40.585608000003326 ], [ -73.116954999996366, -40.585949000003346 ], [ -73.117205999996372, -40.586179000003327 ], [ -73.117582999996372, -40.586514000003341 ], [ -73.117972999996383, -40.586810000003339 ], [ -73.118417999996382, -40.587138000003343 ], [ -73.118652999996385, -40.587318000003343 ], [ -73.118972999996387, -40.587562000003338 ], [ -73.119059999996381, -40.587654000003347 ], [ -73.119087999996381, -40.587624000003338 ], [ -73.119365999996404, -40.587313000003341 ], [ -73.119716999996399, -40.586921000003329 ], [ -73.120018999996404, -40.586580000003345 ], [ -73.120324999996399, -40.586236000003339 ], [ -73.120469999996402, -40.586075000003341 ], [ -73.120830999996414, -40.585669000003328 ], [ -73.121059999996405, -40.585412000003338 ], [ -73.121146999996412, -40.585321000003354 ], [ -73.121513999996395, -40.584752000003348 ], [ -73.121708999996414, -40.584454000003348 ], [ -73.121823999996437, -40.584278000003337 ], [ -73.122038999996434, -40.583931000003346 ], [ -73.122217999996437, -40.583649000003341 ], [ -73.122336999996421, -40.583460000003328 ], [ -73.122439999996416, -40.583298000003346 ], [ -73.122532999996423, -40.583140000003333 ], [ -73.122655999996439, -40.58293000000333 ], [ -73.122840999996413, -40.582616000003341 ], [ -73.122891999996412, -40.582530000003352 ], [ -73.123026999996426, -40.582300000003329 ], [ -73.123103999996445, -40.58217000000333 ], [ -73.123207999996438, -40.581994000003334 ], [ -73.123241999996424, -40.581918000003348 ], [ -73.123265999996448, -40.581859000003341 ], [ -73.123291999996439, -40.581787000003345 ], [ -73.123314999996438, -40.581723000003329 ], [ -73.123371999996451, -40.58156400000334 ], [ -73.12339099999646, -40.581505000003339 ], [ -73.123412999996447, -40.581428000003335 ], [ -73.123428999996435, -40.581343000003336 ], [ -73.123437999996455, -40.581274000003333 ], [ -73.12343999999645, -40.581221000003339 ], [ -73.12343099999643, -40.581077000003354 ], [ -73.123424999996431, -40.581023000003334 ], [ -73.123366999996435, -40.580475000003339 ], [ -73.123319999996426, -40.580014000003338 ], [ -73.123288999996433, -40.579689000003334 ], [ -73.123253999996464, -40.579253000003348 ], [ -73.123226999996447, -40.579033000003342 ], [ -73.123185999996437, -40.578708000003338 ], [ -73.123134999996452, -40.578294000003318 ], [ -73.123091999996447, -40.577951000003317 ], [ -73.123060999996426, -40.577702000003327 ], [ -73.122911999996447, -40.577710000003336 ], [ -73.122130999996429, -40.577735000003329 ], [ -73.121920999996433, -40.57774500000334 ], [ -73.121170999996409, -40.57778000000333 ], [ -73.12026099999639, -40.577829000003341 ], [ -73.119608999996402, -40.577864000003331 ], [ -73.119623999996406, -40.578062000003335 ], [ -73.119637999996399, -40.57825700000334 ], [ -73.119639999996394, -40.57827500000333 ], [ -73.119625999996401, -40.578378000003333 ], [ -73.119603999996386, -40.578430000003337 ], [ -73.119600999996408, -40.578439000003335 ], [ -73.1194799999964, -40.578594000003321 ], [ -73.1194349999964, -40.578653000003349 ], [ -73.119327999996401, -40.578745000003337 ], [ -73.119324999996408, -40.578752000003341 ], [ -73.119262999996408, -40.578757000003328 ], [ -73.118775999996387, -40.578792000003332 ], [ -73.11847099999639, -40.578814000003327 ], [ -73.118234999996389, -40.578794000003334 ], [ -73.117800999996376, -40.578729000003328 ], [ -73.117637999996376, -40.578705000003339 ], [ -73.117245999996371, -40.578646000003346 ], [ -73.117075999996374, -40.578621000003338 ], [ -73.116909999996366, -40.578579000003344 ], [ -73.116903999996367, -40.578577000003349 ], [ -73.116848999996378, -40.57853700000333 ], [ -73.116758999996378, -40.578472000003337 ], [ -73.116707999996379, -40.578434000003348 ], [ -73.116697999996376, -40.578426000003333 ], [ -73.116587999996355, -40.578430000003344 ], [ -73.116525999996369, -40.578454000003333 ], [ -73.116384999996356, -40.57855200000332 ], [ -73.11622599999636, -40.578663000003345 ], [ -73.116062999996359, -40.578777000003328 ], [ -73.116017999996359, -40.578786000003326 ], [ -73.115828999996353, -40.578917000003337 ], [ -73.115682999996366, -40.579021000003337 ], [ -73.115591999996354, -40.579087000003334 ], [ -73.115454999996359, -40.579182000003335 ], [ -73.114760999996349, -40.579664000003348 ], [ -73.114660999996346, -40.579733000003344 ] ] ] } },
{ "type": "Feature", "properties": { "zona": "10" }, "geometry": { "type": "Polygon", "coordinates": [ [ [ -73.111603999996319, -40.576224000003329 ], [ -73.111537999996315, -40.576304000003333 ], [ -73.111577999996328, -40.576667000003333 ], [ -73.111614999996334, -40.576821000003328 ], [ -73.111695999996314, -40.577064000003318 ], [ -73.111755999996333, -40.577201000003335 ], [ -73.11186099999631, -40.577379000003326 ], [ -73.111956999996337, -40.577509000003339 ], [ -73.112044999996328, -40.57761100000333 ], [ -73.112129999996313, -40.577699000003321 ], [ -73.112222999996334, -40.57777600000334 ], [ -73.112345999996336, -40.577878000003338 ], [ -73.112387999996315, -40.577906000003317 ], [ -73.112456999996311, -40.577954000003324 ], [ -73.112575999996309, -40.578036000003323 ], [ -73.112700999996321, -40.57812200000334 ], [ -73.112749999996311, -40.578030000003338 ], [ -73.113151999996333, -40.577614000003337 ], [ -73.113672999996325, -40.577104000003345 ], [ -73.113784999996341, -40.577001000003328 ], [ -73.114337999996366, -40.576666000003335 ], [ -73.114731999996351, -40.576437000003338 ], [ -73.114625999996349, -40.576374000003341 ], [ -73.114534999996351, -40.576235000003322 ], [ -73.114524999996348, -40.576117000003329 ], [ -73.114370999996339, -40.575770000003317 ], [ -73.114217999996342, -40.575417000003334 ], [ -73.114153999996347, -40.575263000003325 ], [ -73.114013999996345, -40.574941000003314 ], [ -73.113886999996325, -40.574649000003326 ], [ -73.113788999996345, -40.574423000003328 ], [ -73.113829999996341, -40.574366000003337 ], [ -73.113873999996329, -40.574310000003337 ], [ -73.113939999996333, -40.57424900000332 ], [ -73.114162999996338, -40.574103000003333 ], [ -73.114391999996343, -40.574032000003335 ], [ -73.114558999996348, -40.574014000003338 ], [ -73.114418999996346, -40.573536000003322 ], [ -73.114314999996338, -40.573178000003338 ], [ -73.114302999996355, -40.573137000003321 ], [ -73.114933999996339, -40.57300400000333 ], [ -73.115398999996344, -40.572906000003329 ], [ -73.11531799999635, -40.572352000003328 ], [ -73.115261999996349, -40.571962000003325 ], [ -73.115235999996344, -40.571782000003324 ], [ -73.115209999996353, -40.571612000003327 ], [ -73.115142999996351, -40.571161000003329 ], [ -73.115111999996344, -40.570954000003326 ], [ -73.11507599999635, -40.57071600000333 ], [ -73.115072999996357, -40.570696000003338 ], [ -73.115786999996359, -40.570657000003322 ], [ -73.116651999996364, -40.570610000003327 ], [ -73.116715999996359, -40.570607000003328 ], [ -73.116712999996352, -40.57057400000334 ], [ -73.116675999996374, -40.57019400000334 ], [ -73.116661999996353, -40.570044000003328 ], [ -73.115683999996364, -40.570015000003323 ], [ -73.114785999996343, -40.57006400000332 ], [ -73.114081999996358, -40.569899000003325 ], [ -73.113437999996336, -40.569698000003314 ], [ -73.112763999996318, -40.569260000003332 ], [ -73.111799999996322, -40.56892600000333 ], [ -73.111201999996297, -40.568714000003325 ], [ -73.110594999996323, -40.568579000003311 ], [ -73.110550999996306, -40.568732000003344 ], [ -73.110497999996298, -40.568871000003334 ], [ -73.109604999996293, -40.568945000003346 ], [ -73.108927999996283, -40.569027000003331 ], [ -73.109025999996291, -40.569230000003323 ], [ -73.109110999996304, -40.569403000003319 ], [ -73.109185999996299, -40.569660000003346 ], [ -73.109204999996308, -40.569725000003338 ], [ -73.109329999996305, -40.570055000003329 ], [ -73.109424999996293, -40.570307000003332 ], [ -73.109451999996281, -40.570374000003348 ], [ -73.109602999996284, -40.570742000003328 ], [ -73.109687999996297, -40.570973000003335 ], [ -73.109801999996293, -40.571281000003324 ], [ -73.109907999996281, -40.571568000003332 ], [ -73.110031999996295, -40.571889000003331 ], [ -73.110180999996302, -40.572277000003318 ], [ -73.110244999996297, -40.57244500000332 ], [ -73.110415999996306, -40.572901000003327 ], [ -73.110591999996302, -40.573392000003338 ], [ -73.110775999996306, -40.573908000003343 ], [ -73.110987999996311, -40.57445600000333 ], [ -73.111193999996303, -40.57498800000333 ], [ -73.111433999996308, -40.575679000003326 ], [ -73.111581999996332, -40.576108000003323 ], [ -73.111603999996319, -40.576224000003329 ] ] ] } },
{ "type": "Feature", "properties": { "zona": "11" }, "geometry": { "type": "Polygon", "coordinates": [ [ [ -73.116661999996353, -40.570044000003328 ], [ -73.116675999996374, -40.57019400000334 ], [ -73.116712999996352, -40.57057400000334 ], [ -73.116715999996359, -40.570607000003328 ], [ -73.116651999996364, -40.570610000003327 ], [ -73.115786999996359, -40.570657000003322 ], [ -73.115072999996357, -40.570696000003338 ], [ -73.11507599999635, -40.57071600000333 ], [ -73.115111999996344, -40.570954000003326 ], [ -73.115142999996351, -40.571161000003329 ], [ -73.115209999996353, -40.571612000003327 ], [ -73.115235999996344, -40.571782000003324 ], [ -73.115261999996349, -40.571962000003325 ], [ -73.11531799999635, -40.572352000003328 ], [ -73.115398999996344, -40.572906000003329 ], [ -73.114933999996339, -40.57300400000333 ], [ -73.114302999996355, -40.573137000003321 ], [ -73.114314999996338, -40.573178000003338 ], [ -73.114418999996346, -40.573536000003322 ], [ -73.114558999996348, -40.574014000003338 ], [ -73.114391999996343, -40.574032000003335 ], [ -73.114162999996338, -40.574103000003333 ], [ -73.113939999996333, -40.57424900000332 ], [ -73.113873999996329, -40.574310000003337 ], [ -73.113829999996341, -40.574366000003337 ], [ -73.113788999996345, -40.574423000003328 ], [ -73.113886999996325, -40.574649000003326 ], [ -73.114013999996345, -40.574941000003314 ], [ -73.114153999996347, -40.575263000003325 ], [ -73.114217999996342, -40.575417000003334 ], [ -73.114370999996339, -40.575770000003317 ], [ -73.114524999996348, -40.576117000003329 ], [ -73.114534999996351, -40.576235000003322 ], [ -73.114625999996349, -40.576374000003341 ], [ -73.114731999996351, -40.576437000003338 ], [ -73.11492399999635, -40.576313000003331 ], [ -73.115371999996356, -40.576038000003329 ], [ -73.115657999996358, -40.575925000003338 ], [ -73.116237999996358, -40.575757000003328 ], [ -73.116642999996358, -40.575576000003345 ], [ -73.117017999996392, -40.575459000003328 ], [ -73.117430999996373, -40.575411000003328 ], [ -73.118266999996379, -40.575352000003321 ], [ -73.119250999996382, -40.575282000003341 ], [ -73.119572999996421, -40.57526400000333 ], [ -73.119947999996384, -40.575244000003323 ], [ -73.120157999996408, -40.575233000003337 ], [ -73.120411999996406, -40.575219000003337 ], [ -73.120586999996405, -40.575209000003333 ], [ -73.120741999996397, -40.575201000003325 ], [ -73.120896999996418, -40.575193000003324 ], [ -73.121070999996419, -40.575183000003328 ], [ -73.121255999996407, -40.575173000003332 ], [ -73.121405999996412, -40.575164000003355 ], [ -73.121558999996395, -40.575155000003328 ], [ -73.121778999996437, -40.575143000003344 ], [ -73.122006999996429, -40.575130000003334 ], [ -73.122216999996425, -40.575118000003336 ], [ -73.122407999996426, -40.575107000003321 ], [ -73.122606999996449, -40.575096000003334 ], [ -73.122773999996426, -40.575086000003324 ], [ -73.122760999996416, -40.574924000003328 ], [ -73.122737999996446, -40.574741000003321 ], [ -73.122710999996428, -40.574528000003333 ], [ -73.122692999996417, -40.57438000000333 ], [ -73.122739999996412, -40.574351000003333 ], [ -73.122818999996426, -40.574347000003321 ], [ -73.122812999996427, -40.574275000003347 ], [ -73.122803999996421, -40.574166000003324 ], [ -73.122793999996418, -40.574049000003328 ], [ -73.122785999996424, -40.573942000003328 ], [ -73.122774999996409, -40.573814000003338 ], [ -73.122766999996415, -40.573711000003328 ], [ -73.122759999996433, -40.573634000003331 ], [ -73.122753999996434, -40.573552000003346 ], [ -73.12274399999643, -40.573416000003341 ], [ -73.122735999996451, -40.573321000003347 ], [ -73.122725999996419, -40.573185000003328 ], [ -73.122715999996416, -40.573046000003323 ], [ -73.122707999996422, -40.572934000003329 ], [ -73.122696999996435, -40.572791000003321 ], [ -73.122688999996413, -40.572675000003343 ], [ -73.122679999996436, -40.572559000003331 ], [ -73.122679999996436, -40.572542000003345 ], [ -73.122666999996412, -40.572040000003334 ], [ -73.122651999996435, -40.571434000003322 ], [ -73.12264299999643, -40.571207000003334 ], [ -73.122621999996412, -40.570643000003336 ], [ -73.122609999996428, -40.570328000003322 ], [ -73.123230999996437, -40.570300000003328 ], [ -73.123710999996433, -40.570279000003332 ], [ -73.12402199999643, -40.570265000003339 ], [ -73.124018999996437, -40.570192000003331 ], [ -73.123999999996428, -40.569791000003327 ], [ -73.12397099999643, -40.569259000003328 ], [ -73.123955999996454, -40.569035000003325 ], [ -73.12395199999645, -40.568872000003331 ], [ -73.123926999996442, -40.568873000003343 ], [ -73.123902999996432, -40.568873000003322 ], [ -73.123876999996426, -40.568326000003339 ], [ -73.123883999996437, -40.568233000003318 ], [ -73.123540999996436, -40.56803000000334 ], [ -73.123158999996434, -40.568073000003317 ], [ -73.12271999999642, -40.568276000003323 ], [ -73.122299999996414, -40.568842000003329 ], [ -73.122002999996397, -40.569033000003344 ], [ -73.121536999996408, -40.569334000003316 ], [ -73.120716999996404, -40.569682000003347 ], [ -73.118583999996389, -40.569905000003324 ], [ -73.118039999996384, -40.569957000003328 ], [ -73.116661999996353, -40.570044000003328 ] ] ] } },
{ "type": "Feature", "properties": { "zona": "44" }, "geometry": { "type": "Polygon", "coordinates": [ [ [ -73.123883999996437, -40.568233000003318 ], [ -73.123876999996426, -40.568326000003339 ], [ -73.123902999996432, -40.568873000003322 ], [ -73.123926999996442, -40.568873000003343 ], [ -73.12395199999645, -40.568872000003331 ], [ -73.123955999996454, -40.569035000003325 ], [ -73.12397099999643, -40.569259000003328 ], [ -73.123999999996428, -40.569791000003327 ], [ -73.124018999996437, -40.570192000003331 ], [ -73.12402199999643, -40.570265000003339 ], [ -73.123710999996433, -40.570279000003332 ], [ -73.123230999996437, -40.570300000003328 ], [ -73.122609999996428, -40.570328000003322 ], [ -73.122621999996412, -40.570643000003336 ], [ -73.12264299999643, -40.571207000003334 ], [ -73.122651999996435, -40.571434000003322 ], [ -73.122666999996412, -40.572040000003334 ], [ -73.122679999996436, -40.572542000003345 ], [ -73.122679999996436, -40.572559000003331 ], [ -73.123246999996439, -40.572519000003325 ], [ -73.123771999996436, -40.572485000003319 ], [ -73.12420199999643, -40.572458000003337 ], [ -73.124794999996453, -40.572422000003328 ], [ -73.125148999996455, -40.572401000003318 ], [ -73.125560999996466, -40.572376000003317 ], [ -73.125885999996456, -40.572357000003336 ], [ -73.126263999996453, -40.57233400000333 ], [ -73.126769999996455, -40.57230300000333 ], [ -73.126932999996455, -40.572295000003329 ], [ -73.127452999996478, -40.572267000003322 ], [ -73.127542999996479, -40.572260000003332 ], [ -73.128173999996477, -40.572223000003341 ], [ -73.128486999996483, -40.572204000003339 ], [ -73.129193999996488, -40.572161000003334 ], [ -73.129870999996498, -40.572116000003341 ], [ -73.129888999996481, -40.571629000003348 ], [ -73.129913999996504, -40.57106500000333 ], [ -73.12992999999652, -40.57063600000334 ], [ -73.129941999996504, -40.570096000003353 ], [ -73.129976999996515, -40.569479000003334 ], [ -73.129985999996507, -40.56901900000333 ], [ -73.129295999996486, -40.569035000003332 ], [ -73.128477999996491, -40.568993000003331 ], [ -73.12812799999648, -40.569000000003328 ], [ -73.126835999996459, -40.568978000003334 ], [ -73.125610999996439, -40.569018000003325 ], [ -73.124808999996446, -40.568818000003326 ], [ -73.124327999996439, -40.568631000003329 ], [ -73.123883999996437, -40.568233000003318 ] ] ] } },
{ "type": "Feature", "properties": { "zona": "39" }, "geometry": { "type": "Polygon", "coordinates": [ [ [ -73.129985999996507, -40.56901900000333 ], [ -73.129976999996515, -40.569479000003334 ], [ -73.129941999996504, -40.570096000003353 ], [ -73.12992999999652, -40.57063600000334 ], [ -73.129913999996504, -40.57106500000333 ], [ -73.129888999996481, -40.571629000003348 ], [ -73.129870999996498, -40.572116000003341 ], [ -73.129863999996502, -40.572230000003323 ], [ -73.129798999996495, -40.572792000003339 ], [ -73.129767999996488, -40.57307700000333 ], [ -73.1296509999965, -40.573988000003332 ], [ -73.129597999996491, -40.574464000003339 ], [ -73.129576999996488, -40.574628000003337 ], [ -73.129555999996484, -40.574784000003334 ], [ -73.129555999996484, -40.574786000003328 ], [ -73.129828999996505, -40.574775000003342 ], [ -73.130013999996521, -40.574767000003327 ], [ -73.130396999996506, -40.574751000003346 ], [ -73.130731999996499, -40.574738000003329 ], [ -73.131056999996503, -40.57472500000334 ], [ -73.131311999996498, -40.57471500000333 ], [ -73.131391999996509, -40.574712000003338 ], [ -73.131711999996512, -40.574698000003309 ], [ -73.132054999996498, -40.574682000003342 ], [ -73.132314999996495, -40.574671000003342 ], [ -73.132536999996532, -40.574662000003329 ], [ -73.132808999996527, -40.574651000003328 ], [ -73.132927999996525, -40.574646000003355 ], [ -73.132995999996524, -40.57464300000332 ], [ -73.133043999996517, -40.57463900000333 ], [ -73.133134999996528, -40.573953000003335 ], [ -73.133218999996529, -40.573304000003333 ], [ -73.133357999996534, -40.572246000003332 ], [ -73.133391999996519, -40.571940000003323 ], [ -73.133469999996521, -40.571163000003338 ], [ -73.133506999996513, -40.570874000003322 ], [ -73.133546999996526, -40.570532000003318 ], [ -73.133607999996528, -40.56982100000333 ], [ -73.133681999996526, -40.569210000003338 ], [ -73.133714999996528, -40.568941000003321 ], [ -73.132948999996529, -40.568920000003324 ], [ -73.132486999996544, -40.568956000003332 ], [ -73.131998999996512, -40.568994000003329 ], [ -73.131802999996509, -40.569000000003328 ], [ -73.130026999996502, -40.569018000003332 ], [ -73.129985999996507, -40.56901900000333 ] ] ] } },
{ "type": "Feature", "properties": { "zona": "12" }, "geometry": { "type": "Polygon", "coordinates": [ [ [ -73.119608999996402, -40.577864000003331 ], [ -73.12026099999639, -40.577829000003341 ], [ -73.121170999996409, -40.57778000000333 ], [ -73.121920999996433, -40.57774500000334 ], [ -73.122130999996429, -40.577735000003329 ], [ -73.122911999996447, -40.577710000003336 ], [ -73.123060999996426, -40.577702000003327 ], [ -73.123052999996432, -40.577615000003341 ], [ -73.123015999996426, -40.577272000003333 ], [ -73.122988999996423, -40.577025000003331 ], [ -73.122968999996431, -40.576835000003321 ], [ -73.122950999996419, -40.576672000003335 ], [ -73.122938999996421, -40.576555000003331 ], [ -73.122925999996426, -40.576434000003339 ], [ -73.122917999996432, -40.576360000003326 ], [ -73.122907999996414, -40.576264000003327 ], [ -73.122895999996416, -40.576149000003333 ], [ -73.122881999996409, -40.576018000003337 ], [ -73.122868999996413, -40.575892000003321 ], [ -73.12285499999642, -40.575760000003342 ], [ -73.122844999996417, -40.575656000003328 ], [ -73.122837999996435, -40.57557800000334 ], [ -73.12282699999642, -40.575464000003322 ], [ -73.122818999996426, -40.575382000003337 ], [ -73.122806999996428, -40.575330000003341 ], [ -73.122804999996433, -40.575312000003329 ], [ -73.122797999996422, -40.575266000003332 ], [ -73.122791999996409, -40.575220000003334 ], [ -73.122784999996441, -40.575168000003352 ], [ -73.122779999996425, -40.575128000003332 ], [ -73.122773999996426, -40.575086000003324 ], [ -73.122606999996449, -40.575096000003334 ], [ -73.122407999996426, -40.575107000003321 ], [ -73.122216999996425, -40.575118000003336 ], [ -73.122006999996429, -40.575130000003334 ], [ -73.121778999996437, -40.575143000003344 ], [ -73.121558999996395, -40.575155000003328 ], [ -73.121405999996412, -40.575164000003355 ], [ -73.121255999996407, -40.575173000003332 ], [ -73.121070999996419, -40.575183000003328 ], [ -73.120896999996418, -40.575193000003324 ], [ -73.120741999996397, -40.575201000003325 ], [ -73.120586999996405, -40.575209000003333 ], [ -73.120411999996406, -40.575219000003337 ], [ -73.120157999996408, -40.575233000003337 ], [ -73.119947999996384, -40.575244000003323 ], [ -73.119572999996421, -40.57526400000333 ], [ -73.119250999996382, -40.575282000003341 ], [ -73.119268999996407, -40.575391000003329 ], [ -73.119289999996397, -40.575526000003329 ], [ -73.119317999996397, -40.57573100000333 ], [ -73.119351999996383, -40.575983000003333 ], [ -73.119383999996401, -40.576226000003331 ], [ -73.11942799999639, -40.57654900000334 ], [ -73.119460999996406, -40.576787000003328 ], [ -73.119533999996406, -40.577319000003335 ], [ -73.119608999996402, -40.577864000003331 ] ] ] } },
{ "type": "Feature", "properties": { "zona": "46" }, "geometry": { "type": "Polygon", "coordinates": [ [ [ -73.119608999996402, -40.577864000003331 ], [ -73.119533999996406, -40.577319000003335 ], [ -73.119460999996406, -40.576787000003328 ], [ -73.11942799999639, -40.57654900000334 ], [ -73.119383999996401, -40.576226000003331 ], [ -73.119351999996383, -40.575983000003333 ], [ -73.119317999996397, -40.57573100000333 ], [ -73.119289999996397, -40.575526000003329 ], [ -73.119268999996407, -40.575391000003329 ], [ -73.119250999996382, -40.575282000003341 ], [ -73.118266999996379, -40.575352000003321 ], [ -73.117430999996373, -40.575411000003328 ], [ -73.117017999996392, -40.575459000003328 ], [ -73.116642999996358, -40.575576000003345 ], [ -73.116237999996358, -40.575757000003328 ], [ -73.115657999996358, -40.575925000003338 ], [ -73.115371999996356, -40.576038000003329 ], [ -73.11492399999635, -40.576313000003331 ], [ -73.114731999996351, -40.576437000003338 ], [ -73.114337999996366, -40.576666000003335 ], [ -73.113784999996341, -40.577001000003328 ], [ -73.113672999996325, -40.577104000003345 ], [ -73.113151999996333, -40.577614000003337 ], [ -73.112749999996311, -40.578030000003338 ], [ -73.112700999996321, -40.57812200000334 ], [ -73.113164999996329, -40.578518000003335 ], [ -73.113631999996329, -40.578897000003337 ], [ -73.114404999996339, -40.579525000003336 ], [ -73.114648999996348, -40.579724000003345 ], [ -73.114660999996346, -40.579733000003344 ], [ -73.114760999996349, -40.579664000003348 ], [ -73.115454999996359, -40.579182000003335 ], [ -73.115591999996354, -40.579087000003334 ], [ -73.115682999996366, -40.579021000003337 ], [ -73.115828999996353, -40.578917000003337 ], [ -73.116017999996359, -40.578786000003326 ], [ -73.116062999996359, -40.578777000003328 ], [ -73.11622599999636, -40.578663000003345 ], [ -73.116384999996356, -40.57855200000332 ], [ -73.116525999996369, -40.578454000003333 ], [ -73.116587999996355, -40.578430000003344 ], [ -73.116697999996376, -40.578426000003333 ], [ -73.116707999996379, -40.578434000003348 ], [ -73.116758999996378, -40.578472000003337 ], [ -73.116848999996378, -40.57853700000333 ], [ -73.116903999996367, -40.578577000003349 ], [ -73.116909999996366, -40.578579000003344 ], [ -73.117075999996374, -40.578621000003338 ], [ -73.117245999996371, -40.578646000003346 ], [ -73.117637999996376, -40.578705000003339 ], [ -73.117800999996376, -40.578729000003328 ], [ -73.118234999996389, -40.578794000003334 ], [ -73.11847099999639, -40.578814000003327 ], [ -73.118775999996387, -40.578792000003332 ], [ -73.119262999996408, -40.578757000003328 ], [ -73.119324999996408, -40.578752000003341 ], [ -73.119327999996401, -40.578745000003337 ], [ -73.1194349999964, -40.578653000003349 ], [ -73.1194799999964, -40.578594000003321 ], [ -73.119600999996408, -40.578439000003335 ], [ -73.119603999996386, -40.578430000003337 ], [ -73.119625999996401, -40.578378000003333 ], [ -73.119639999996394, -40.57827500000333 ], [ -73.119637999996399, -40.57825700000334 ], [ -73.119623999996406, -40.578062000003335 ], [ -73.119608999996402, -40.577864000003331 ] ] ] } },
{ "type": "Feature", "properties": { "zona": "41" }, "geometry": { "type": "Polygon", "coordinates": [ [ [ -73.133043999996517, -40.57463900000333 ], [ -73.132995999996524, -40.57464300000332 ], [ -73.132927999996525, -40.574646000003355 ], [ -73.132808999996527, -40.574651000003328 ], [ -73.132536999996532, -40.574662000003329 ], [ -73.132314999996495, -40.574671000003342 ], [ -73.132054999996498, -40.574682000003342 ], [ -73.131711999996512, -40.574698000003309 ], [ -73.131391999996509, -40.574712000003338 ], [ -73.131311999996498, -40.57471500000333 ], [ -73.131056999996503, -40.57472500000334 ], [ -73.130731999996499, -40.574738000003329 ], [ -73.130396999996506, -40.574751000003346 ], [ -73.130013999996521, -40.574767000003327 ], [ -73.129828999996505, -40.574775000003342 ], [ -73.129555999996484, -40.574786000003328 ], [ -73.129553999996489, -40.574786000003336 ], [ -73.128687999996487, -40.574810000003339 ], [ -73.128547999996499, -40.574816000003345 ], [ -73.128256999996466, -40.574827000003332 ], [ -73.127868999996466, -40.574846000003333 ], [ -73.127880999996478, -40.574917000003339 ], [ -73.127896999996466, -40.575003000003328 ], [ -73.127919999996479, -40.575126000003337 ], [ -73.127946999996468, -40.575271000003347 ], [ -73.127971999996475, -40.575404000003338 ], [ -73.128008999996467, -40.575600000003334 ], [ -73.12803599999647, -40.575744000003333 ], [ -73.128064999996468, -40.575896000003318 ], [ -73.12809799999647, -40.576076000003333 ], [ -73.128104999996467, -40.576115000003327 ], [ -73.128130999996472, -40.576248000003339 ], [ -73.128168999996475, -40.576415000003337 ], [ -73.128203999996472, -40.576595000003344 ], [ -73.128228999996466, -40.576744000003337 ], [ -73.128256999996466, -40.576903000003348 ], [ -73.12832299999647, -40.57727500000334 ], [ -73.128348999996476, -40.57741400000333 ], [ -73.128350999996471, -40.577422000003331 ], [ -73.12925899999648, -40.577404000003348 ], [ -73.129555999996484, -40.577397000003344 ], [ -73.131047999996497, -40.577360000003331 ], [ -73.132079999996506, -40.577326000003339 ], [ -73.132766999996534, -40.57730600000334 ], [ -73.132767999996517, -40.577306000003347 ], [ -73.132776999996523, -40.577251000003322 ], [ -73.132782999996536, -40.577189000003337 ], [ -73.132845999996533, -40.576531000003342 ], [ -73.132892999996528, -40.575994000003341 ], [ -73.132956999996523, -40.575421000003331 ], [ -73.132996999996521, -40.575048000003306 ], [ -73.133043999996517, -40.57463900000333 ] ] ] } },
{ "type": "Feature", "properties": { "zona": "45" }, "geometry": { "type": "Polygon", "coordinates": [ [ [ -73.122773999996426, -40.575086000003324 ], [ -73.122779999996425, -40.575128000003332 ], [ -73.122784999996441, -40.575168000003352 ], [ -73.122791999996409, -40.575220000003334 ], [ -73.122797999996422, -40.575266000003332 ], [ -73.122804999996433, -40.575312000003329 ], [ -73.122806999996428, -40.575330000003341 ], [ -73.122818999996426, -40.575382000003337 ], [ -73.12282699999642, -40.575464000003322 ], [ -73.122837999996435, -40.57557800000334 ], [ -73.122844999996417, -40.575656000003328 ], [ -73.12285499999642, -40.575760000003342 ], [ -73.122868999996413, -40.575892000003321 ], [ -73.122881999996409, -40.576018000003337 ], [ -73.122895999996416, -40.576149000003333 ], [ -73.122907999996414, -40.576264000003327 ], [ -73.122917999996432, -40.576360000003326 ], [ -73.122925999996426, -40.576434000003339 ], [ -73.122938999996421, -40.576555000003331 ], [ -73.122950999996419, -40.576672000003335 ], [ -73.122968999996431, -40.576835000003321 ], [ -73.122988999996423, -40.577025000003331 ], [ -73.123015999996426, -40.577272000003333 ], [ -73.123052999996432, -40.577615000003341 ], [ -73.123060999996426, -40.577702000003327 ], [ -73.123516999996426, -40.577680000003333 ], [ -73.124157999996442, -40.577649000003326 ], [ -73.124762999996449, -40.577619000003345 ], [ -73.125494999996448, -40.577580000003351 ], [ -73.125760999996459, -40.577565000003332 ], [ -73.12648099999646, -40.57753000000335 ], [ -73.127172999996475, -40.577491000003327 ], [ -73.12799099999647, -40.577443000003335 ], [ -73.128327999996472, -40.577423000003336 ], [ -73.128350999996471, -40.577422000003331 ], [ -73.128348999996476, -40.57741400000333 ], [ -73.12832299999647, -40.57727500000334 ], [ -73.128256999996466, -40.576903000003348 ], [ -73.128228999996466, -40.576744000003337 ], [ -73.128203999996472, -40.576595000003344 ], [ -73.128168999996475, -40.576415000003337 ], [ -73.128130999996472, -40.576248000003339 ], [ -73.128104999996467, -40.576115000003327 ], [ -73.12809799999647, -40.576076000003333 ], [ -73.128064999996468, -40.575896000003318 ], [ -73.12803599999647, -40.575744000003333 ], [ -73.128008999996467, -40.575600000003334 ], [ -73.127971999996475, -40.575404000003338 ], [ -73.127946999996468, -40.575271000003347 ], [ -73.127919999996479, -40.575126000003337 ], [ -73.127896999996466, -40.575003000003328 ], [ -73.127880999996478, -40.574917000003339 ], [ -73.127868999996466, -40.574846000003333 ], [ -73.127859999996474, -40.574846000003333 ], [ -73.127618999996471, -40.574857000003327 ], [ -73.12741699999647, -40.57486700000333 ], [ -73.127231999996468, -40.574876000003329 ], [ -73.127020999996475, -40.574885000003341 ], [ -73.126834999996461, -40.574893000003328 ], [ -73.126630999996465, -40.574901000003329 ], [ -73.126383999996477, -40.574912000003337 ], [ -73.126188999996458, -40.574921000003336 ], [ -73.125970999996454, -40.574931000003339 ], [ -73.125740999996452, -40.574940000003338 ], [ -73.125493999996451, -40.574951000003338 ], [ -73.125191999996446, -40.574963000003322 ], [ -73.12489599999644, -40.574975000003327 ], [ -73.124590999996443, -40.574988000003351 ], [ -73.124376999996443, -40.574998000003333 ], [ -73.124137999996449, -40.575010000003338 ], [ -73.123827999996436, -40.57502900000334 ], [ -73.123596999996437, -40.575043000003333 ], [ -73.123434999996434, -40.575052000003339 ], [ -73.123255999996431, -40.575063000003333 ], [ -73.122985999996416, -40.575076000003335 ], [ -73.122773999996426, -40.575086000003324 ] ] ] } },
{ "type": "Feature", "properties": { "zona": "16" }, "geometry": { "type": "Polygon", "coordinates": [ [ [ -73.122679999996436, -40.572559000003331 ], [ -73.122688999996413, -40.572675000003343 ], [ -73.122696999996435, -40.572791000003321 ], [ -73.122707999996422, -40.572934000003329 ], [ -73.122715999996416, -40.573046000003323 ], [ -73.122725999996419, -40.573185000003328 ], [ -73.122735999996451, -40.573321000003347 ], [ -73.12274399999643, -40.573416000003341 ], [ -73.122753999996434, -40.573552000003346 ], [ -73.122759999996433, -40.573634000003331 ], [ -73.122766999996415, -40.573711000003328 ], [ -73.122774999996409, -40.573814000003338 ], [ -73.122785999996424, -40.573942000003328 ], [ -73.122793999996418, -40.574049000003328 ], [ -73.122803999996421, -40.574166000003324 ], [ -73.122812999996427, -40.574275000003347 ], [ -73.122818999996426, -40.574347000003321 ], [ -73.122739999996412, -40.574351000003333 ], [ -73.122692999996417, -40.57438000000333 ], [ -73.122710999996428, -40.574528000003333 ], [ -73.122737999996446, -40.574741000003321 ], [ -73.122760999996416, -40.574924000003328 ], [ -73.122773999996426, -40.575086000003324 ], [ -73.122985999996416, -40.575076000003335 ], [ -73.123255999996431, -40.575063000003333 ], [ -73.123434999996434, -40.575052000003339 ], [ -73.123596999996437, -40.575043000003333 ], [ -73.123827999996436, -40.57502900000334 ], [ -73.124137999996449, -40.575010000003338 ], [ -73.124376999996443, -40.574998000003333 ], [ -73.124590999996443, -40.574988000003351 ], [ -73.12489599999644, -40.574975000003327 ], [ -73.125191999996446, -40.574963000003322 ], [ -73.125493999996451, -40.574951000003338 ], [ -73.125740999996452, -40.574940000003338 ], [ -73.125970999996454, -40.574931000003339 ], [ -73.126188999996458, -40.574921000003336 ], [ -73.126383999996477, -40.574912000003337 ], [ -73.126630999996465, -40.574901000003329 ], [ -73.126834999996461, -40.574893000003328 ], [ -73.127020999996475, -40.574885000003341 ], [ -73.127231999996468, -40.574876000003329 ], [ -73.12741699999647, -40.57486700000333 ], [ -73.127618999996471, -40.574857000003327 ], [ -73.127859999996474, -40.574846000003333 ], [ -73.127868999996466, -40.574846000003333 ], [ -73.128256999996466, -40.574827000003332 ], [ -73.128547999996499, -40.574816000003345 ], [ -73.128687999996487, -40.574810000003339 ], [ -73.129553999996489, -40.574786000003336 ], [ -73.129555999996484, -40.574786000003328 ], [ -73.129555999996484, -40.574784000003334 ], [ -73.129576999996488, -40.574628000003337 ], [ -73.129597999996491, -40.574464000003339 ], [ -73.1296509999965, -40.573988000003332 ], [ -73.129767999996488, -40.57307700000333 ], [ -73.129798999996495, -40.572792000003339 ], [ -73.129863999996502, -40.572230000003323 ], [ -73.129870999996498, -40.572116000003341 ], [ -73.129193999996488, -40.572161000003334 ], [ -73.128486999996483, -40.572204000003339 ], [ -73.128173999996477, -40.572223000003341 ], [ -73.127542999996479, -40.572260000003332 ], [ -73.127452999996478, -40.572267000003322 ], [ -73.126932999996455, -40.572295000003329 ], [ -73.126769999996455, -40.57230300000333 ], [ -73.126263999996453, -40.57233400000333 ], [ -73.125885999996456, -40.572357000003336 ], [ -73.125560999996466, -40.572376000003317 ], [ -73.125148999996455, -40.572401000003318 ], [ -73.124794999996453, -40.572422000003328 ], [ -73.12420199999643, -40.572458000003337 ], [ -73.123771999996436, -40.572485000003319 ], [ -73.123246999996439, -40.572519000003325 ], [ -73.122679999996436, -40.572559000003331 ] ] ] } }
]
}
