{
"type": "FeatureCollection",
"name": "Puerto Montt",
"crs": { "type": "name", "properties": { "name": "urn:ogc:def:crs:OGC:1.3:CRS84" } },
"features": [
{ "type": "Feature", "properties": { "zona": "81" }, "geometry": { "type": "Polygon", "coordinates": [ [ [ -72.910541999993967, -41.437631000003819 ], [ -72.912560999993971, -41.435083000003829 ], [ -72.912841999993987, -41.433293000003822 ], [ -72.92197099999413, -41.433029000003842 ], [ -72.928290999994218, -41.431976000003829 ], [ -72.927658999994193, -41.429291000003822 ], [ -72.925271999994166, -41.425131000003823 ], [ -72.926956999994189, -41.425236000003828 ], [ -72.9275889999942, -41.423762000003819 ], [ -72.925692999994169, -41.423288000003836 ], [ -72.928782999994212, -41.413020000003797 ], [ -72.927658999994193, -41.411598000003814 ], [ -72.926886999994181, -41.411071000003815 ], [ -72.925308999994186, -41.411007000003814 ], [ -72.926900999994189, -41.405946000003816 ], [ -72.917838999994046, -41.40386300000381 ], [ -72.916497999994021, -41.408061000003805 ], [ -72.915748999994008, -41.410778000003823 ], [ -72.91485499999402, -41.413166000003812 ], [ -72.914183999993995, -41.41496700000382 ], [ -72.911949999993965, -41.421754000003808 ], [ -72.911369999993951, -41.422170000003831 ], [ -72.910816999993941, -41.423977000003823 ], [ -72.910720999993941, -41.424519000003826 ], [ -72.910302999993945, -41.425903000003821 ], [ -72.908485999993914, -41.431353000003824 ], [ -72.90823599999392, -41.432013000003828 ], [ -72.907576999993907, -41.43407900000382 ], [ -72.90681099999388, -41.436831000003821 ], [ -72.906978999993882, -41.437962000003829 ], [ -72.908319999993921, -41.441021000003829 ], [ -72.908766999993929, -41.440895000003827 ], [ -72.908598999993913, -41.439554000003838 ], [ -72.910541999993967, -41.437631000003819 ] ] ] } },
{ "type": "Feature", "properties": { "zona": "53" }, "geometry": { "type": "Polygon", "coordinates": [ [ [ -72.982763999994958, -41.450743000003854 ], [ -72.980742999994916, -41.451514000003847 ], [ -72.977858999994893, -41.453078000003856 ], [ -72.97353499999484, -41.455365000003866 ], [ -72.97211499999483, -41.456081000003849 ], [ -72.972592999994831, -41.456665000003852 ], [ -72.973991999994851, -41.458243000003854 ], [ -72.974394999994843, -41.458605000003843 ], [ -72.975795999994872, -41.460213000003854 ], [ -72.976352999994887, -41.460852000003854 ], [ -72.978081999994899, -41.462778000003858 ], [ -72.979949999994929, -41.464949000003863 ], [ -72.980524999994941, -41.464633000003857 ], [ -72.981447999994941, -41.464231000003856 ], [ -72.982415999994956, -41.463952000003864 ], [ -72.985239999994988, -41.462816000003862 ], [ -72.988259999995023, -41.461624000003859 ], [ -72.986961999995003, -41.459744000003866 ], [ -72.986524999994998, -41.459266000003865 ], [ -72.984686999994977, -41.456804000003856 ], [ -72.985317999995004, -41.455583000003848 ], [ -72.982763999994958, -41.450743000003854 ] ] ] } },
{ "type": "Feature", "properties": { "zona": "49" }, "geometry": { "type": "Polygon", "coordinates": [ [ [ -72.977858999994893, -41.453078000003856 ], [ -72.980742999994916, -41.451514000003847 ], [ -72.982763999994958, -41.450743000003854 ], [ -72.984191999994991, -41.45031300000386 ], [ -72.988169999995023, -41.449252000003845 ], [ -72.990499999995052, -41.449193000003852 ], [ -72.987294999995015, -41.445300000003833 ], [ -72.985925999995018, -41.443633000003842 ], [ -72.972015999994809, -41.444372000003852 ], [ -72.964601999994713, -41.444629000003836 ], [ -72.959115999994637, -41.438226000003851 ], [ -72.957417999994604, -41.436324000003836 ], [ -72.956342999994604, -41.436324000003843 ], [ -72.955721999994594, -41.43641800000384 ], [ -72.955656999994602, -41.438374000003833 ], [ -72.956036999994595, -41.439456000003844 ], [ -72.956372999994599, -41.440125000003839 ], [ -72.956747999994604, -41.440503000003829 ], [ -72.957029999994617, -41.440788000003842 ], [ -72.957332999994605, -41.441059000003833 ], [ -72.958001999994622, -41.441590000003842 ], [ -72.958940999994653, -41.442214000003844 ], [ -72.95970599999464, -41.442762000003839 ], [ -72.960401999994659, -41.443247000003844 ], [ -72.961255999994663, -41.44399400000384 ], [ -72.96436099999471, -41.447300000003843 ], [ -72.966811999994732, -41.450150000003845 ], [ -72.968797999994763, -41.452399000003851 ], [ -72.969642999994775, -41.453413000003863 ], [ -72.970603999994793, -41.45445000000386 ], [ -72.97211499999483, -41.456081000003849 ], [ -72.97353499999484, -41.455365000003866 ], [ -72.977858999994893, -41.453078000003856 ] ] ] } },
{ "type": "Feature", "properties": { "zona": "52" }, "geometry": { "type": "Polygon", "coordinates": [ [ [ -72.990499999995052, -41.449193000003852 ], [ -72.988169999995023, -41.449252000003845 ], [ -72.984191999994991, -41.45031300000386 ], [ -72.982763999994958, -41.450743000003854 ], [ -72.985317999995004, -41.455583000003848 ], [ -72.984686999994977, -41.456804000003856 ], [ -72.986524999994998, -41.459266000003865 ], [ -72.986961999995003, -41.459744000003866 ], [ -72.988259999995023, -41.461624000003859 ], [ -72.992679999995076, -41.459765000003848 ], [ -72.994925999995104, -41.458881000003849 ], [ -72.997567999995141, -41.457870000003851 ], [ -73.002803999995194, -41.455698000003849 ], [ -73.000330999995171, -41.451990000003853 ], [ -72.996987999995142, -41.447030000003849 ], [ -72.990499999995052, -41.449193000003852 ] ] ] } },
{ "type": "Feature", "properties": { "zona": "10" }, "geometry": { "type": "Polygon", "coordinates": [ [ [ -72.955656999994602, -41.438374000003833 ], [ -72.955721999994594, -41.43641800000384 ], [ -72.954140999994564, -41.436658000003838 ], [ -72.954064999994557, -41.44029500000385 ], [ -72.935382999994317, -41.442847000003837 ], [ -72.935289999994311, -41.44285600000385 ], [ -72.935247999994317, -41.444370000003858 ], [ -72.935581999994312, -41.445443000003841 ], [ -72.935247999994317, -41.445497000003847 ], [ -72.935032999994306, -41.445604000003833 ], [ -72.934889999994311, -41.44581800000384 ], [ -72.934889999994297, -41.446015000003833 ], [ -72.934913999994308, -41.446194000003842 ], [ -72.935223999994307, -41.446355000003841 ], [ -72.935557999994316, -41.446426000003846 ], [ -72.935771999994316, -41.447785000003833 ], [ -72.936010999994323, -41.449340000003843 ], [ -72.936391999994328, -41.450967000003857 ], [ -72.936725999994337, -41.452021000003839 ], [ -72.936821999994336, -41.452540000003836 ], [ -72.93677799999432, -41.452841000003836 ], [ -72.936795999994345, -41.453127000003846 ], [ -72.936755999994347, -41.45355600000385 ], [ -72.93673599999434, -41.453751000003848 ], [ -72.936684999994341, -41.45390900000384 ], [ -72.936437999994311, -41.45413400000384 ], [ -72.936043999994325, -41.454345000003855 ], [ -72.935417999994314, -41.454626000003834 ], [ -72.935900999994331, -41.454514000003847 ], [ -72.936384999994317, -41.454315000003852 ], [ -72.936935999994347, -41.454029000003857 ], [ -72.937206999994345, -41.453999000003833 ], [ -72.937623999994344, -41.453939000003849 ], [ -72.938569999994357, -41.453570000003843 ], [ -72.939593999994386, -41.453260000003858 ], [ -72.941680999994404, -41.452685000003846 ], [ -72.942045999994392, -41.452585000003843 ], [ -72.943774999994432, -41.452418000003853 ], [ -72.945327999994461, -41.452330000003855 ], [ -72.947788999994486, -41.451847000003845 ], [ -72.949956999994512, -41.450968000003854 ], [ -72.951332999994534, -41.450156000003837 ], [ -72.952153999994536, -41.449497000003852 ], [ -72.952739999994563, -41.448992000003855 ], [ -72.95367699999457, -41.448663000003855 ], [ -72.954350999994588, -41.448202000003846 ], [ -72.955155999994588, -41.447760000003846 ], [ -72.955182999994577, -41.447106000003856 ], [ -72.955656999994602, -41.438374000003833 ] ] ] } },
{ "type": "Feature", "properties": { "zona": "14" }, "geometry": { "type": "Polygon", "coordinates": [ [ [ -72.935417999994314, -41.454626000003834 ], [ -72.936043999994325, -41.454345000003855 ], [ -72.935601999994319, -41.454185000003847 ], [ -72.934663999994299, -41.454031000003837 ], [ -72.933257999994282, -41.453482000003845 ], [ -72.93223299999427, -41.452933000003846 ], [ -72.930855999994236, -41.452538000003834 ], [ -72.926988999994194, -41.451330000003857 ], [ -72.925318999994175, -41.450781000003843 ], [ -72.923703999994146, -41.449838000003837 ], [ -72.923183999994123, -41.449594000003835 ], [ -72.922117999994114, -41.449695000003835 ], [ -72.921939999994109, -41.449614000003841 ], [ -72.921708999994124, -41.449676000003826 ], [ -72.921443999994096, -41.449934000003843 ], [ -72.921390999994102, -41.450251000003831 ], [ -72.921469999994116, -41.450493000003839 ], [ -72.921764999994124, -41.450822000003853 ], [ -72.92197099999413, -41.451040000003857 ], [ -72.922290999994132, -41.451535000003844 ], [ -72.925104999994176, -41.45640400000385 ], [ -72.925257999994173, -41.456399000003834 ], [ -72.925594999994175, -41.45666200000386 ], [ -72.926144999994179, -41.456925000003842 ], [ -72.926534999994189, -41.456975000003851 ], [ -72.927301999994199, -41.456999000003847 ], [ -72.928003999994218, -41.45704400000384 ], [ -72.930517999994237, -41.456355000003839 ], [ -72.931079999994253, -41.456211000003847 ], [ -72.932153999994256, -41.45605900000384 ], [ -72.93294199999427, -41.455804000003845 ], [ -72.933675999994293, -41.455455000003845 ], [ -72.934821999994313, -41.454945000003832 ], [ -72.935417999994314, -41.454626000003834 ] ] ] } },
{ "type": "Feature", "properties": { "zona": "13" }, "geometry": { "type": "Polygon", "coordinates": [ [ [ -72.921939999994109, -41.449614000003841 ], [ -72.922117999994114, -41.449695000003835 ], [ -72.923183999994123, -41.449594000003835 ], [ -72.923703999994146, -41.449838000003837 ], [ -72.925318999994175, -41.450781000003843 ], [ -72.926988999994194, -41.451330000003857 ], [ -72.930855999994236, -41.452538000003834 ], [ -72.93223299999427, -41.452933000003846 ], [ -72.933257999994282, -41.453482000003845 ], [ -72.934663999994299, -41.454031000003837 ], [ -72.935601999994319, -41.454185000003847 ], [ -72.936043999994325, -41.454345000003855 ], [ -72.936437999994311, -41.45413400000384 ], [ -72.936684999994341, -41.45390900000384 ], [ -72.93673599999434, -41.453751000003848 ], [ -72.936755999994347, -41.45355600000385 ], [ -72.936795999994345, -41.453127000003846 ], [ -72.93677799999432, -41.452841000003836 ], [ -72.936821999994336, -41.452540000003836 ], [ -72.936725999994337, -41.452021000003839 ], [ -72.936391999994328, -41.450967000003857 ], [ -72.936010999994323, -41.449340000003843 ], [ -72.935771999994316, -41.447785000003833 ], [ -72.935557999994316, -41.446426000003846 ], [ -72.935223999994307, -41.446355000003841 ], [ -72.934913999994308, -41.446194000003842 ], [ -72.934889999994297, -41.446015000003833 ], [ -72.934889999994311, -41.44581800000384 ], [ -72.935032999994306, -41.445604000003833 ], [ -72.935247999994317, -41.445497000003847 ], [ -72.935581999994312, -41.445443000003841 ], [ -72.935247999994317, -41.444370000003858 ], [ -72.935289999994311, -41.44285600000385 ], [ -72.933861999994278, -41.44299400000385 ], [ -72.927453999994199, -41.44393800000384 ], [ -72.923534999994146, -41.444552000003839 ], [ -72.917223999994036, -41.44546600000384 ], [ -72.916275999994028, -41.445655000003832 ], [ -72.915232999994018, -41.445869000003817 ], [ -72.913794999993996, -41.446304000003828 ], [ -72.912140999993952, -41.446824000003836 ], [ -72.913073999993983, -41.448457000003842 ], [ -72.913397999994004, -41.449006000003841 ], [ -72.914266999993998, -41.448605000003838 ], [ -72.915070999994015, -41.448397000003837 ], [ -72.915859999994026, -41.448223000003843 ], [ -72.917018999994042, -41.448130000003843 ], [ -72.917590999994061, -41.448200000003844 ], [ -72.918534999994066, -41.448455000003833 ], [ -72.919353999994087, -41.448721000003829 ], [ -72.920791999994094, -41.449034000003842 ], [ -72.92145699999412, -41.449220000003827 ], [ -72.921939999994109, -41.449614000003841 ] ] ] } },
{ "type": "Feature", "properties": { "zona": "30" }, "geometry": { "type": "Polygon", "coordinates": [ [ [ -72.925104999994176, -41.45640400000385 ], [ -72.922290999994132, -41.451535000003844 ], [ -72.92197099999413, -41.451040000003857 ], [ -72.921764999994124, -41.450822000003853 ], [ -72.921469999994116, -41.450493000003839 ], [ -72.921390999994102, -41.450251000003831 ], [ -72.921443999994096, -41.449934000003843 ], [ -72.921708999994124, -41.449676000003826 ], [ -72.921939999994109, -41.449614000003841 ], [ -72.92145699999412, -41.449220000003827 ], [ -72.920791999994094, -41.449034000003842 ], [ -72.919353999994087, -41.448721000003829 ], [ -72.918534999994066, -41.448455000003833 ], [ -72.917590999994061, -41.448200000003844 ], [ -72.917018999994042, -41.448130000003843 ], [ -72.915859999994026, -41.448223000003843 ], [ -72.915070999994015, -41.448397000003837 ], [ -72.914266999993998, -41.448605000003838 ], [ -72.913397999994004, -41.449006000003841 ], [ -72.914878999994016, -41.451513000003835 ], [ -72.914965999994024, -41.451775000003849 ], [ -72.915730999994025, -41.453119000003845 ], [ -72.916190999994029, -41.453902000003843 ], [ -72.91683399999404, -41.455021000003832 ], [ -72.917148999994041, -41.455564000003825 ], [ -72.917395999994056, -41.455841000003851 ], [ -72.918066999994053, -41.456562000003842 ], [ -72.918084999994051, -41.456808000003839 ], [ -72.918224999994067, -41.45732000000384 ], [ -72.918272999994073, -41.457687000003844 ], [ -72.918477999994067, -41.458314000003853 ], [ -72.918762999994073, -41.458705000003846 ], [ -72.918999999994085, -41.459025000003855 ], [ -72.919070999994105, -41.459406000003845 ], [ -72.919086999994079, -41.459901000003846 ], [ -72.919212999994087, -41.460090000003852 ], [ -72.919686999994084, -41.46046900000384 ], [ -72.921108999994118, -41.461097000003846 ], [ -72.922467999994126, -41.461621000003845 ], [ -72.922877999994128, -41.461286000003845 ], [ -72.923430999994139, -41.460907000003843 ], [ -72.923762999994153, -41.460552000003851 ], [ -72.924426999994154, -41.459261000003849 ], [ -72.924802999994156, -41.45843600000385 ], [ -72.924852999994158, -41.458326000003858 ], [ -72.925049999994158, -41.45772700000385 ], [ -72.924954999994156, -41.457542000003855 ], [ -72.925173999994172, -41.456917000003834 ], [ -72.925104999994176, -41.45640400000385 ] ] ] } },
{ "type": "Feature", "properties": { "zona": "15" }, "geometry": { "type": "Polygon", "coordinates": [ [ [ -72.935417999994314, -41.454626000003834 ], [ -72.934821999994313, -41.454945000003832 ], [ -72.933675999994293, -41.455455000003845 ], [ -72.93294199999427, -41.455804000003845 ], [ -72.932153999994256, -41.45605900000384 ], [ -72.931079999994253, -41.456211000003847 ], [ -72.930517999994237, -41.456355000003839 ], [ -72.928003999994218, -41.45704400000384 ], [ -72.927301999994199, -41.456999000003847 ], [ -72.926534999994189, -41.456975000003851 ], [ -72.926144999994179, -41.456925000003842 ], [ -72.925594999994175, -41.45666200000386 ], [ -72.925257999994173, -41.456399000003834 ], [ -72.925104999994176, -41.45640400000385 ], [ -72.925173999994172, -41.456917000003834 ], [ -72.924954999994156, -41.457542000003855 ], [ -72.925049999994158, -41.45772700000385 ], [ -72.924852999994158, -41.458326000003858 ], [ -72.924802999994156, -41.45843600000385 ], [ -72.925457999994165, -41.458484000003843 ], [ -72.9259169999942, -41.458435000003846 ], [ -72.926621999994182, -41.458337000003851 ], [ -72.926784999994197, -41.458374000003857 ], [ -72.927063999994203, -41.458398000003854 ], [ -72.927620999994204, -41.458214000003835 ], [ -72.928095999994213, -41.458104000003857 ], [ -72.929930999994241, -41.457956000003854 ], [ -72.931323999994262, -41.457920000003845 ], [ -72.931699999994265, -41.457953000003847 ], [ -72.931880999994249, -41.457969000003835 ], [ -72.933666999994287, -41.458091000003847 ], [ -72.935223999994307, -41.458448000003848 ], [ -72.936468999994332, -41.459086000003865 ], [ -72.937500999994342, -41.459504000003854 ], [ -72.937828999994352, -41.459504000003854 ], [ -72.93809199999437, -41.459416000003856 ], [ -72.937960999994374, -41.459313000003839 ], [ -72.937858999994347, -41.459202000003849 ], [ -72.937447999994347, -41.45858700000386 ], [ -72.936892999994342, -41.457517000003854 ], [ -72.936164999994332, -41.456140000003863 ], [ -72.93562799999431, -41.455187000003839 ], [ -72.935417999994314, -41.454626000003834 ] ] ] } },
{ "type": "Feature", "properties": { "zona": "12" }, "geometry": { "type": "Polygon", "coordinates": [ [ [ -72.935417999994314, -41.454626000003834 ], [ -72.93562799999431, -41.455187000003839 ], [ -72.936164999994332, -41.456140000003863 ], [ -72.936892999994342, -41.457517000003854 ], [ -72.937447999994347, -41.45858700000386 ], [ -72.937858999994347, -41.459202000003849 ], [ -72.938802999994351, -41.45863600000385 ], [ -72.939976999994386, -41.457960000003851 ], [ -72.9414459999944, -41.457032000003849 ], [ -72.941906999994401, -41.456702000003858 ], [ -72.942284999994413, -41.456387000003851 ], [ -72.942661999994414, -41.456152000003847 ], [ -72.942745999994415, -41.455837000003854 ], [ -72.943060999994429, -41.455743000003849 ], [ -72.94229199999441, -41.453187000003851 ], [ -72.94240999999441, -41.45306900000385 ], [ -72.942172999994412, -41.452980000003848 ], [ -72.942045999994392, -41.452585000003843 ], [ -72.941680999994404, -41.452685000003846 ], [ -72.939593999994386, -41.453260000003858 ], [ -72.938569999994357, -41.453570000003843 ], [ -72.937623999994344, -41.453939000003849 ], [ -72.937206999994345, -41.453999000003833 ], [ -72.936935999994347, -41.454029000003857 ], [ -72.936384999994317, -41.454315000003852 ], [ -72.935900999994331, -41.454514000003847 ], [ -72.935417999994314, -41.454626000003834 ] ] ] } },
{ "type": "Feature", "properties": { "zona": "9" }, "geometry": { "type": "Polygon", "coordinates": [ [ [ -72.942045999994392, -41.452585000003843 ], [ -72.942172999994412, -41.452980000003848 ], [ -72.94240999999441, -41.45306900000385 ], [ -72.94229199999441, -41.453187000003851 ], [ -72.943060999994429, -41.455743000003849 ], [ -72.943689999994433, -41.455428000003856 ], [ -72.944172999994436, -41.455098000003829 ], [ -72.944612999994433, -41.45475200000385 ], [ -72.944990999994459, -41.45451700000384 ], [ -72.945409999994453, -41.454186000003851 ], [ -72.945473999994448, -41.453933000003858 ], [ -72.946436999994461, -41.453174000003834 ], [ -72.947411999994472, -41.453128000003851 ], [ -72.948178999994482, -41.453180000003847 ], [ -72.949714999994512, -41.453159000003851 ], [ -72.951249999994531, -41.453159000003865 ], [ -72.953033999994574, -41.453174000003841 ], [ -72.954774999994584, -41.453969000003845 ], [ -72.954834999994574, -41.452885000003839 ], [ -72.9550669999946, -41.449909000003856 ], [ -72.95511899999461, -41.448642000003844 ], [ -72.955155999994588, -41.447760000003846 ], [ -72.954350999994588, -41.448202000003846 ], [ -72.95367699999457, -41.448663000003855 ], [ -72.952739999994563, -41.448992000003855 ], [ -72.952153999994536, -41.449497000003852 ], [ -72.951332999994534, -41.450156000003837 ], [ -72.949956999994512, -41.450968000003854 ], [ -72.947788999994486, -41.451847000003845 ], [ -72.945327999994461, -41.452330000003855 ], [ -72.943774999994432, -41.452418000003853 ], [ -72.942045999994392, -41.452585000003843 ] ] ] } },
{ "type": "Feature", "properties": { "zona": "77" }, "geometry": { "type": "Polygon", "coordinates": [ [ [ -72.886863999993579, -41.390823000003792 ], [ -72.879149999993459, -41.404754000003798 ], [ -72.892665999993653, -41.40901200000382 ], [ -72.892299999993654, -41.409945000003823 ], [ -72.892152999993655, -41.411592000003793 ], [ -72.896513999993729, -41.411142000003821 ], [ -72.896900999993747, -41.411258000003826 ], [ -72.897553999993761, -41.411640000003793 ], [ -72.898175999993754, -41.412364000003798 ], [ -72.899172999993766, -41.412924000003819 ], [ -72.900013999993774, -41.413485000003817 ], [ -72.90088599999379, -41.413672000003807 ], [ -72.901819999993819, -41.41411600000383 ], [ -72.902754999993832, -41.414957000003817 ], [ -72.903782999993837, -41.415797000003835 ], [ -72.904552999993854, -41.415826000003811 ], [ -72.905650999993867, -41.415868000003819 ], [ -72.906585999993879, -41.415611000003821 ], [ -72.908858999993924, -41.412247000003809 ], [ -72.909606999993926, -41.410939000003815 ], [ -72.910104999993933, -41.410075000003815 ], [ -72.910820999993945, -41.40972400000382 ], [ -72.911474999993956, -41.409491000003811 ], [ -72.913032999993987, -41.408813000003811 ], [ -72.914059999993981, -41.408416000003804 ], [ -72.915149999994014, -41.408206000003801 ], [ -72.915959999994016, -41.408019000003812 ], [ -72.916497999994021, -41.408061000003805 ], [ -72.917838999994046, -41.40386300000381 ], [ -72.918626999994061, -41.401394000003805 ], [ -72.918107999994064, -41.401283000003794 ], [ -72.918811999994062, -41.399255000003805 ], [ -72.918255999994059, -41.399033000003804 ], [ -72.915838999994008, -41.39872900000379 ], [ -72.910652999993943, -41.398115000003799 ], [ -72.909955999993926, -41.398015000003802 ], [ -72.909003999993914, -41.397733000003804 ], [ -72.898630999993756, -41.394495000003801 ], [ -72.886863999993579, -41.390823000003792 ] ] ] } },
{ "type": "Feature", "properties": { "zona": "76" }, "geometry": { "type": "Polygon", "coordinates": [ [ [ -72.904552999993854, -41.415826000003811 ], [ -72.903782999993837, -41.415797000003835 ], [ -72.902754999993832, -41.414957000003817 ], [ -72.901819999993819, -41.41411600000383 ], [ -72.90088599999379, -41.413672000003807 ], [ -72.900013999993774, -41.413485000003817 ], [ -72.899172999993766, -41.412924000003819 ], [ -72.898175999993754, -41.412364000003798 ], [ -72.897553999993761, -41.411640000003793 ], [ -72.896900999993747, -41.411258000003826 ], [ -72.896513999993729, -41.411142000003821 ], [ -72.892152999993655, -41.411592000003793 ], [ -72.892299999993654, -41.409945000003823 ], [ -72.892665999993653, -41.40901200000382 ], [ -72.879149999993459, -41.404754000003798 ], [ -72.875146999993405, -41.411983000003801 ], [ -72.893098999993668, -41.417696000003801 ], [ -72.898403999993789, -41.424080000003812 ], [ -72.899763999993766, -41.425789000003824 ], [ -72.898301999993762, -41.426916000003821 ], [ -72.898134999993758, -41.428419000003821 ], [ -72.89959699999379, -41.429046000003829 ], [ -72.900707999993799, -41.429793000003819 ], [ -72.903251999993827, -41.430335000003822 ], [ -72.902653999993845, -41.431904000003819 ], [ -72.907576999993907, -41.43407900000382 ], [ -72.90823599999392, -41.432013000003828 ], [ -72.908485999993914, -41.431353000003824 ], [ -72.910302999993945, -41.425903000003821 ], [ -72.910720999993941, -41.424519000003826 ], [ -72.910816999993941, -41.423977000003823 ], [ -72.911369999993951, -41.422170000003831 ], [ -72.911949999993965, -41.421754000003808 ], [ -72.914183999993995, -41.41496700000382 ], [ -72.91485499999402, -41.413166000003812 ], [ -72.915748999994008, -41.410778000003823 ], [ -72.916497999994021, -41.408061000003805 ], [ -72.915959999994016, -41.408019000003812 ], [ -72.915149999994014, -41.408206000003801 ], [ -72.914059999993981, -41.408416000003804 ], [ -72.913032999993987, -41.408813000003811 ], [ -72.911474999993956, -41.409491000003811 ], [ -72.910820999993945, -41.40972400000382 ], [ -72.910104999993933, -41.410075000003815 ], [ -72.909606999993926, -41.410939000003815 ], [ -72.908858999993924, -41.412247000003809 ], [ -72.906585999993879, -41.415611000003821 ], [ -72.905650999993867, -41.415868000003819 ], [ -72.904552999993854, -41.415826000003811 ] ] ] } },
{ "type": "Feature", "properties": { "zona": "79" }, "geometry": { "type": "Polygon", "coordinates": [ [ [ -72.918255999994059, -41.399033000003804 ], [ -72.918811999994062, -41.399255000003805 ], [ -72.918107999994064, -41.401283000003794 ], [ -72.918626999994061, -41.401394000003805 ], [ -72.917838999994046, -41.40386300000381 ], [ -72.926900999994189, -41.405946000003816 ], [ -72.92865999999421, -41.400356000003804 ], [ -72.927343999994179, -41.398419000003791 ], [ -72.926772999994185, -41.3984380000038 ], [ -72.926499999994164, -41.398159000003801 ], [ -72.925606999994159, -41.397544000003798 ], [ -72.92540799999415, -41.396911000003797 ], [ -72.926003999994165, -41.396055000003805 ], [ -72.925953999994164, -41.395533000003809 ], [ -72.92515999999415, -41.395347000003802 ], [ -72.923545999994147, -41.395477000003808 ], [ -72.921709999994093, -41.395217000003811 ], [ -72.9211609999941, -41.394979000003801 ], [ -72.920765999994103, -41.394807000003809 ], [ -72.920368999994068, -41.394379000003802 ], [ -72.919946999994082, -41.394137000003802 ], [ -72.919710999994066, -41.394490000003806 ], [ -72.918842999994055, -41.394435000003803 ], [ -72.919561999994073, -41.394937000003807 ], [ -72.919344999994067, -41.39555800000381 ], [ -72.918255999994059, -41.399033000003804 ] ] ] } },
{ "type": "Feature", "properties": { "zona": "78" }, "geometry": { "type": "Polygon", "coordinates": [ [ [ -72.898630999993756, -41.394495000003801 ], [ -72.909003999993914, -41.397733000003804 ], [ -72.909955999993926, -41.398015000003802 ], [ -72.910652999993943, -41.398115000003799 ], [ -72.915838999994008, -41.39872900000379 ], [ -72.918255999994059, -41.399033000003804 ], [ -72.919344999994067, -41.39555800000381 ], [ -72.919561999994073, -41.394937000003807 ], [ -72.918842999994055, -41.394435000003803 ], [ -72.919710999994066, -41.394490000003806 ], [ -72.919946999994082, -41.394137000003802 ], [ -72.920207999994091, -41.392722000003815 ], [ -72.919139999994073, -41.392442000003804 ], [ -72.918547999994061, -41.392348000003807 ], [ -72.917957999994044, -41.392126000003799 ], [ -72.917573999994048, -41.391395000003797 ], [ -72.916983999994031, -41.391351000003802 ], [ -72.916186999994011, -41.391351000003809 ], [ -72.915684999994014, -41.390554000003803 ], [ -72.915538999994027, -41.390156000003799 ], [ -72.915331999994009, -41.389625000003782 ], [ -72.915331999994009, -41.38911600000381 ], [ -72.914829999993998, -41.388363000003793 ], [ -72.914652999994019, -41.387433000003803 ], [ -72.913944999993987, -41.387366000003794 ], [ -72.913147999993981, -41.387123000003783 ], [ -72.912498999993971, -41.3861930000038 ], [ -72.912351999993959, -41.385130000003791 ], [ -72.911406999993957, -41.384067000003803 ], [ -72.910904999993946, -41.383381000003801 ], [ -72.910226999993924, -41.383071000003802 ], [ -72.909753999993924, -41.381631000003786 ], [ -72.90816099999391, -41.381033000003796 ], [ -72.905887999993865, -41.380524000003788 ], [ -72.904467999993827, -41.379573000003795 ], [ -72.903474999993847, -41.379052000003789 ], [ -72.902283999993813, -41.378419000003788 ], [ -72.901836999993805, -41.377525000003779 ], [ -72.899801999993784, -41.377339000003794 ], [ -72.894392999993684, -41.377116000003809 ], [ -72.894243999993705, -41.377488000003787 ], [ -72.892357999993663, -41.38080200000379 ], [ -72.889402999993621, -41.386686000003792 ], [ -72.886863999993579, -41.390823000003792 ], [ -72.898630999993756, -41.394495000003801 ] ] ] } },
{ "type": "Feature", "properties": { "zona": "75" }, "geometry": { "type": "Polygon", "coordinates": [ [ [ -72.907576999993907, -41.43407900000382 ], [ -72.902653999993845, -41.431904000003819 ], [ -72.903251999993827, -41.430335000003822 ], [ -72.900707999993799, -41.429793000003819 ], [ -72.900807999993802, -41.429860000003821 ], [ -72.900662999993799, -41.430393000003825 ], [ -72.890052999993642, -41.443420000003826 ], [ -72.889265999993626, -41.448782000003831 ], [ -72.887788999993589, -41.455957000003842 ], [ -72.891579999993667, -41.455372000003855 ], [ -72.898960999993776, -41.454066000003856 ], [ -72.901135999993798, -41.453594000003847 ], [ -72.901791999993819, -41.453378000003845 ], [ -72.902603999993829, -41.453457000003851 ], [ -72.903389999993848, -41.453339000003844 ], [ -72.903808999993842, -41.453339000003837 ], [ -72.904804999993871, -41.453398000003837 ], [ -72.905931999993868, -41.453516000003852 ], [ -72.907619999993898, -41.454155000003851 ], [ -72.908619999993917, -41.453679000003845 ], [ -72.909115999993929, -41.453456000003847 ], [ -72.909590999993938, -41.45351500000384 ], [ -72.909941999993947, -41.453535000003839 ], [ -72.910502999993952, -41.453510000003845 ], [ -72.91073999999395, -41.453443000003844 ], [ -72.91128599999395, -41.453165000003843 ], [ -72.911733999993956, -41.452873000003841 ], [ -72.911967999993976, -41.452639000003835 ], [ -72.912299999993991, -41.452449000003838 ], [ -72.912708999993981, -41.452347000003847 ], [ -72.913281999993984, -41.452261000003837 ], [ -72.913846999993979, -41.452259000003842 ], [ -72.913951999994012, -41.45222900000384 ], [ -72.914103999994012, -41.452318000003842 ], [ -72.915226999994019, -41.453041000003857 ], [ -72.915458999994016, -41.453152000003861 ], [ -72.915730999994025, -41.453119000003845 ], [ -72.914965999994024, -41.451775000003849 ], [ -72.914878999994016, -41.451513000003835 ], [ -72.913397999994004, -41.449006000003841 ], [ -72.913073999993983, -41.448457000003842 ], [ -72.912140999993952, -41.446824000003836 ], [ -72.913794999993996, -41.446304000003828 ], [ -72.910028999993941, -41.439912000003829 ], [ -72.910541999993967, -41.437631000003819 ], [ -72.908598999993913, -41.439554000003838 ], [ -72.908766999993929, -41.440895000003827 ], [ -72.908319999993921, -41.441021000003829 ], [ -72.906978999993882, -41.437962000003829 ], [ -72.90681099999388, -41.436831000003821 ], [ -72.907576999993907, -41.43407900000382 ] ] ] } },
{ "type": "Feature", "properties": { "zona": "80" }, "geometry": { "type": "Polygon", "coordinates": [ [ [ -72.901836999993805, -41.377525000003779 ], [ -72.902283999993813, -41.378419000003788 ], [ -72.903474999993847, -41.379052000003789 ], [ -72.904467999993827, -41.379573000003795 ], [ -72.905887999993865, -41.380524000003788 ], [ -72.90816099999391, -41.381033000003796 ], [ -72.909753999993924, -41.381631000003786 ], [ -72.910226999993924, -41.383071000003802 ], [ -72.910904999993946, -41.383381000003801 ], [ -72.911406999993957, -41.384067000003803 ], [ -72.912351999993959, -41.385130000003791 ], [ -72.912498999993971, -41.3861930000038 ], [ -72.913147999993981, -41.387123000003783 ], [ -72.913944999993987, -41.387366000003794 ], [ -72.914652999994019, -41.387433000003803 ], [ -72.914829999993998, -41.388363000003793 ], [ -72.915331999994009, -41.38911600000381 ], [ -72.915331999994009, -41.389625000003782 ], [ -72.915538999994027, -41.390156000003799 ], [ -72.915684999994014, -41.390554000003803 ], [ -72.916186999994011, -41.391351000003809 ], [ -72.916983999994031, -41.391351000003802 ], [ -72.917573999994048, -41.391395000003797 ], [ -72.917957999994044, -41.392126000003799 ], [ -72.918547999994061, -41.392348000003807 ], [ -72.919139999994073, -41.392442000003804 ], [ -72.920207999994091, -41.392722000003815 ], [ -72.919946999994082, -41.394137000003802 ], [ -72.920368999994068, -41.394379000003802 ], [ -72.920765999994103, -41.394807000003809 ], [ -72.9211609999941, -41.394979000003801 ], [ -72.921217999994099, -41.393184000003806 ], [ -72.921217999994099, -41.391958000003797 ], [ -72.92051799999409, -41.389740000003805 ], [ -72.920439999994088, -41.387873000003815 ], [ -72.920362999994069, -41.386414000003796 ], [ -72.920906999994102, -41.384663000003798 ], [ -72.922151999994114, -41.382271000003783 ], [ -72.924329999994157, -41.378477000003798 ], [ -72.901836999993805, -41.377525000003779 ] ] ] } },
{ "type": "Feature", "properties": { "zona": "31" }, "geometry": { "type": "Polygon", "coordinates": [ [ [ -72.915730999994025, -41.453119000003845 ], [ -72.915458999994016, -41.453152000003861 ], [ -72.915226999994019, -41.453041000003857 ], [ -72.914103999994012, -41.452318000003842 ], [ -72.913951999994012, -41.45222900000384 ], [ -72.913846999993979, -41.452259000003842 ], [ -72.913281999993984, -41.452261000003837 ], [ -72.912708999993981, -41.452347000003847 ], [ -72.912299999993991, -41.452449000003838 ], [ -72.911967999993976, -41.452639000003835 ], [ -72.911733999993956, -41.452873000003841 ], [ -72.91128599999395, -41.453165000003843 ], [ -72.91073999999395, -41.453443000003844 ], [ -72.910502999993952, -41.453510000003845 ], [ -72.909941999993947, -41.453535000003839 ], [ -72.909590999993938, -41.45351500000384 ], [ -72.909115999993929, -41.453456000003847 ], [ -72.908619999993917, -41.453679000003845 ], [ -72.907619999993898, -41.454155000003851 ], [ -72.907059999993905, -41.454422000003838 ], [ -72.907631999993896, -41.458152000003857 ], [ -72.907431999993918, -41.458285000003848 ], [ -72.907353999993902, -41.458385000003844 ], [ -72.907253999993912, -41.458443000003847 ], [ -72.907672999993906, -41.458625000003835 ], [ -72.907957999993911, -41.460254000003843 ], [ -72.908045999993917, -41.460748000003846 ], [ -72.909187999993932, -41.463003000003845 ], [ -72.910483999993957, -41.463793000003832 ], [ -72.911004999993949, -41.464251000003856 ], [ -72.911233999993982, -41.464190000003846 ], [ -72.911654999993971, -41.464271000003848 ], [ -72.911924999993971, -41.464293000003849 ], [ -72.912089999993967, -41.464292000003844 ], [ -72.912304999993978, -41.46426000000384 ], [ -72.913574999993983, -41.463913000003842 ], [ -72.914555999994008, -41.463523000003846 ], [ -72.914887999994022, -41.463288000003864 ], [ -72.915312999994015, -41.462845000003846 ], [ -72.915644999994029, -41.462236000003848 ], [ -72.915810999994022, -41.461780000003849 ], [ -72.915718999994027, -41.460977000003837 ], [ -72.915552999994034, -41.460562000003854 ], [ -72.916272999994035, -41.46039600000384 ], [ -72.916567999994044, -41.460064000003854 ], [ -72.919070999994105, -41.459406000003845 ], [ -72.918999999994085, -41.459025000003855 ], [ -72.918762999994073, -41.458705000003846 ], [ -72.918477999994067, -41.458314000003853 ], [ -72.918272999994073, -41.457687000003844 ], [ -72.918224999994067, -41.45732000000384 ], [ -72.918084999994051, -41.456808000003839 ], [ -72.918066999994053, -41.456562000003842 ], [ -72.917395999994056, -41.455841000003851 ], [ -72.917148999994041, -41.455564000003825 ], [ -72.91683399999404, -41.455021000003832 ], [ -72.916190999994029, -41.453902000003843 ], [ -72.915730999994025, -41.453119000003845 ] ] ] } },
{ "type": "Feature", "properties": { "zona": "36" }, "geometry": { "type": "Polygon", "coordinates": [ [ [ -72.896371999993747, -41.469986000003843 ], [ -72.898104999993777, -41.467891000003853 ], [ -72.899177999993768, -41.46687600000385 ], [ -72.900304999993807, -41.466018000003857 ], [ -72.901726999993812, -41.465218000003851 ], [ -72.902912999993845, -41.464419000003844 ], [ -72.903789999993862, -41.463952000003864 ], [ -72.905152999993874, -41.463967000003841 ], [ -72.907975999993909, -41.464269000003853 ], [ -72.908909999993924, -41.464121000003836 ], [ -72.909078999993923, -41.464290000003857 ], [ -72.909542999993946, -41.464425000003843 ], [ -72.909947999993946, -41.464445000003849 ], [ -72.910796999993963, -41.464300000003853 ], [ -72.911004999993949, -41.464251000003856 ], [ -72.910483999993957, -41.463793000003832 ], [ -72.909187999993932, -41.463003000003845 ], [ -72.908045999993917, -41.460748000003846 ], [ -72.907957999993911, -41.460254000003843 ], [ -72.907672999993906, -41.458625000003835 ], [ -72.907253999993912, -41.458443000003847 ], [ -72.907353999993902, -41.458385000003844 ], [ -72.907431999993918, -41.458285000003848 ], [ -72.907631999993896, -41.458152000003857 ], [ -72.907059999993905, -41.454422000003838 ], [ -72.907619999993898, -41.454155000003851 ], [ -72.905931999993868, -41.453516000003852 ], [ -72.904804999993871, -41.453398000003837 ], [ -72.903808999993842, -41.453339000003837 ], [ -72.903389999993848, -41.453339000003844 ], [ -72.902603999993829, -41.453457000003851 ], [ -72.901791999993819, -41.453378000003845 ], [ -72.901135999993798, -41.453594000003847 ], [ -72.898960999993776, -41.454066000003856 ], [ -72.891579999993667, -41.455372000003855 ], [ -72.887788999993589, -41.455957000003842 ], [ -72.886192999993568, -41.456975000003837 ], [ -72.88483399999356, -41.458614000003848 ], [ -72.87715199999343, -41.457861000003831 ], [ -72.876028999993423, -41.45910100000382 ], [ -72.873665999993392, -41.468711000003843 ], [ -72.880032999993489, -41.47681500000386 ], [ -72.882728999993518, -41.477195000003846 ], [ -72.883368999993564, -41.476320000003852 ], [ -72.88400899999354, -41.475643000003856 ], [ -72.884836999993553, -41.475390000003856 ], [ -72.886191999993599, -41.475023000003844 ], [ -72.886568999993585, -41.475446000003849 ], [ -72.887208999993604, -41.476405000003851 ], [ -72.887584999993607, -41.477392000003853 ], [ -72.888187999993619, -41.478182000003848 ], [ -72.889354999993657, -41.478831000003851 ], [ -72.890144999993652, -41.478972000003871 ], [ -72.89136299999366, -41.479235000003861 ], [ -72.891337999993652, -41.479004000003847 ], [ -72.891242999993665, -41.478227000003848 ], [ -72.890802999993639, -41.477554000003863 ], [ -72.890720999993647, -41.476395000003841 ], [ -72.890910999993665, -41.475825000003859 ], [ -72.892268999993675, -41.473710000003848 ], [ -72.893245999993681, -41.472591000003852 ], [ -72.894751999993716, -41.470963000003863 ], [ -72.896371999993747, -41.469986000003843 ] ] ] } },
{ "type": "Feature", "properties": { "zona": "35" }, "geometry": { "type": "Polygon", "coordinates": [ [ [ -72.903789999993862, -41.463952000003864 ], [ -72.902912999993845, -41.464419000003844 ], [ -72.901726999993812, -41.465218000003851 ], [ -72.900304999993807, -41.466018000003857 ], [ -72.899177999993768, -41.46687600000385 ], [ -72.898104999993777, -41.467891000003853 ], [ -72.896371999993747, -41.469986000003843 ], [ -72.897136999993748, -41.470213000003852 ], [ -72.899361999993815, -41.469254000003851 ], [ -72.902699999993843, -41.468629000003844 ], [ -72.904256999993862, -41.468712000003855 ], [ -72.906426999993897, -41.469004000003856 ], [ -72.907372999993896, -41.469254000003851 ], [ -72.907094999993902, -41.471255000003836 ], [ -72.906259999993893, -41.471630000003834 ], [ -72.906482999993884, -41.472255000003841 ], [ -72.9074839999939, -41.474006000003854 ], [ -72.908317999993912, -41.474631000003839 ], [ -72.908540999993932, -41.475006000003845 ], [ -72.91051099999396, -41.476005000003859 ], [ -72.910798999993958, -41.476026000003863 ], [ -72.911787999993976, -41.476612000003854 ], [ -72.912638999993973, -41.477199000003857 ], [ -72.913146999993984, -41.477394000003855 ], [ -72.913064999993992, -41.477580000003854 ], [ -72.911540999993974, -41.478135000003846 ], [ -72.912336999993983, -41.478712000003867 ], [ -72.913764999994001, -41.479730000003862 ], [ -72.914130999994001, -41.479554000003866 ], [ -72.914853999994008, -41.479167000003862 ], [ -72.915376999994024, -41.478779000003861 ], [ -72.915697999994023, -41.478504000003866 ], [ -72.916069999994022, -41.478505000003857 ], [ -72.917287999994059, -41.478125000003864 ], [ -72.918790999994087, -41.477282000003846 ], [ -72.91959299999408, -41.476816000003865 ], [ -72.920109999994096, -41.476585000003865 ], [ -72.920269999994105, -41.476428000003857 ], [ -72.920072999994105, -41.476226000003862 ], [ -72.91969599999409, -41.47629600000387 ], [ -72.92030399999409, -41.475912000003859 ], [ -72.920497999994097, -41.475765000003854 ], [ -72.92044299999408, -41.475071000003872 ], [ -72.92124899999412, -41.474683000003864 ], [ -72.9212229999941, -41.474586000003846 ], [ -72.921108999994118, -41.474165000003858 ], [ -72.921058999994102, -41.473889000003858 ], [ -72.92101999999413, -41.47374700000384 ], [ -72.920963999994115, -41.473543000003843 ], [ -72.920751999994096, -41.473379000003852 ], [ -72.920608999994101, -41.473328000003846 ], [ -72.920334999994097, -41.473260000003862 ], [ -72.919638999994106, -41.473345000003846 ], [ -72.918292999994051, -41.473952000003855 ], [ -72.917763999994051, -41.473955000003855 ], [ -72.917320999994061, -41.473795000003861 ], [ -72.91687899999404, -41.473388000003858 ], [ -72.916507999994039, -41.472908000003862 ], [ -72.915951999994022, -41.472223000003858 ], [ -72.915523999994022, -41.471838000003864 ], [ -72.915223999994026, -41.471550000003866 ], [ -72.914838999994032, -41.471176000003851 ], [ -72.914585999994017, -41.470883000003838 ], [ -72.913098999994006, -41.469692000003846 ], [ -72.912783999993977, -41.469208000003846 ], [ -72.912619999993964, -41.468874000003851 ], [ -72.91254799999399, -41.468584000003851 ], [ -72.912495999993979, -41.468475000003849 ], [ -72.912281999993979, -41.468291000003859 ], [ -72.911882999993978, -41.468125000003852 ], [ -72.911810999993975, -41.468110000003854 ], [ -72.911685999993978, -41.468011000003848 ], [ -72.911617999993965, -41.46780500000385 ], [ -72.911588999993967, -41.467706000003865 ], [ -72.911104999993981, -41.467656000003842 ], [ -72.911055999993991, -41.46743800000386 ], [ -72.91117499999396, -41.467317000003852 ], [ -72.911927999993978, -41.467132000003843 ], [ -72.912433999993965, -41.466978000003856 ], [ -72.912638999993973, -41.466833000003845 ], [ -72.912659999993991, -41.466623000003828 ], [ -72.912648999993976, -41.466527000003857 ], [ -72.912616999993986, -41.466438000003848 ], [ -72.912153999993976, -41.466067000003846 ], [ -72.911744999993971, -41.465833000003848 ], [ -72.911238999993969, -41.465526000003855 ], [ -72.910958999993952, -41.465325000003851 ], [ -72.910969999993938, -41.465179000003843 ], [ -72.911098999993953, -41.464639000003864 ], [ -72.911120999993969, -41.46452600000385 ], [ -72.911004999993949, -41.464251000003856 ], [ -72.910796999993963, -41.464300000003853 ], [ -72.909947999993946, -41.464445000003849 ], [ -72.909542999993946, -41.464425000003843 ], [ -72.909078999993923, -41.464290000003857 ], [ -72.908909999993924, -41.464121000003836 ], [ -72.907975999993909, -41.464269000003853 ], [ -72.905152999993874, -41.463967000003841 ], [ -72.903789999993862, -41.463952000003864 ] ] ] } },
{ "type": "Feature", "properties": { "zona": "37" }, "geometry": { "type": "Polygon", "coordinates": [ [ [ -72.913764999994001, -41.479730000003862 ], [ -72.912336999993983, -41.478712000003867 ], [ -72.911540999993974, -41.478135000003846 ], [ -72.913064999993992, -41.477580000003854 ], [ -72.913146999993984, -41.477394000003855 ], [ -72.912638999993973, -41.477199000003857 ], [ -72.911787999993976, -41.476612000003854 ], [ -72.910798999993958, -41.476026000003863 ], [ -72.91051099999396, -41.476005000003859 ], [ -72.908540999993932, -41.475006000003845 ], [ -72.908317999993912, -41.474631000003839 ], [ -72.9074839999939, -41.474006000003854 ], [ -72.906482999993884, -41.472255000003841 ], [ -72.906259999993893, -41.471630000003834 ], [ -72.907094999993902, -41.471255000003836 ], [ -72.907372999993896, -41.469254000003851 ], [ -72.906426999993897, -41.469004000003856 ], [ -72.904256999993862, -41.468712000003855 ], [ -72.902699999993843, -41.468629000003844 ], [ -72.899361999993815, -41.469254000003851 ], [ -72.897136999993748, -41.470213000003852 ], [ -72.896371999993747, -41.469986000003843 ], [ -72.894751999993716, -41.470963000003863 ], [ -72.893245999993681, -41.472591000003852 ], [ -72.892268999993675, -41.473710000003848 ], [ -72.890910999993665, -41.475825000003859 ], [ -72.890720999993647, -41.476395000003841 ], [ -72.890802999993639, -41.477554000003863 ], [ -72.891242999993665, -41.478227000003848 ], [ -72.891337999993652, -41.479004000003847 ], [ -72.89136299999366, -41.479235000003861 ], [ -72.892201999993674, -41.48148800000385 ], [ -72.894443999993712, -41.483109000003857 ], [ -72.895860999993744, -41.48408200000388 ], [ -72.896804999993762, -41.484406000003858 ], [ -72.89707999999375, -41.484848000003858 ], [ -72.897355999993749, -41.486027000003858 ], [ -72.898810999993785, -41.486793000003857 ], [ -72.901182999993821, -41.489281000003864 ], [ -72.901273999993819, -41.489212000003853 ], [ -72.901292999993814, -41.489192000003861 ], [ -72.901591999993826, -41.488868000003862 ], [ -72.90179299999383, -41.488823000003862 ], [ -72.902632999993841, -41.488600000003863 ], [ -72.902776999993833, -41.488460000003862 ], [ -72.902954999993824, -41.488370000003862 ], [ -72.903213999993852, -41.48816700000387 ], [ -72.904196999993871, -41.487963000003866 ], [ -72.905208999993903, -41.487786000003858 ], [ -72.905466999993905, -41.487674000003864 ], [ -72.905496999993886, -41.487488000003857 ], [ -72.905934999993889, -41.487031000003846 ], [ -72.90645799999389, -41.486643000003852 ], [ -72.907378999993924, -41.486488000003867 ], [ -72.907872999993913, -41.486122000003867 ], [ -72.907959999993921, -41.485941000003855 ], [ -72.908081999993911, -41.485710000003856 ], [ -72.908197999993931, -41.485505000003855 ], [ -72.908573999993934, -41.485048000003871 ], [ -72.908894999993933, -41.484811000003866 ], [ -72.909708999993939, -41.483870000003868 ], [ -72.910233999993963, -41.483185000003857 ], [ -72.911309999993961, -41.482295000003852 ], [ -72.911803999993978, -41.481861000003846 ], [ -72.911807999993968, -41.481516000003857 ], [ -72.912391999993986, -41.480669000003864 ], [ -72.913057999993995, -41.480236000003863 ], [ -72.913764999994001, -41.479730000003862 ] ] ] } },
{ "type": "Feature", "properties": { "zona": "32" }, "geometry": { "type": "Polygon", "coordinates": [ [ [ -72.919070999994105, -41.459406000003845 ], [ -72.916567999994044, -41.460064000003854 ], [ -72.916272999994035, -41.46039600000384 ], [ -72.915552999994034, -41.460562000003854 ], [ -72.915718999994027, -41.460977000003837 ], [ -72.915810999994022, -41.461780000003849 ], [ -72.915644999994029, -41.462236000003848 ], [ -72.915312999994015, -41.462845000003846 ], [ -72.914887999994022, -41.463288000003864 ], [ -72.914555999994008, -41.463523000003846 ], [ -72.913574999993983, -41.463913000003842 ], [ -72.912304999993978, -41.46426000000384 ], [ -72.912089999993967, -41.464292000003844 ], [ -72.911924999993971, -41.464293000003849 ], [ -72.911654999993971, -41.464271000003848 ], [ -72.911233999993982, -41.464190000003846 ], [ -72.911004999993949, -41.464251000003856 ], [ -72.911120999993969, -41.46452600000385 ], [ -72.911098999993953, -41.464639000003864 ], [ -72.910969999993938, -41.465179000003843 ], [ -72.910958999993952, -41.465325000003851 ], [ -72.911238999993969, -41.465526000003855 ], [ -72.911744999993971, -41.465833000003848 ], [ -72.912153999993976, -41.466067000003846 ], [ -72.912616999993986, -41.466438000003848 ], [ -72.912648999993976, -41.466527000003857 ], [ -72.912659999993991, -41.466623000003828 ], [ -72.912638999993973, -41.466833000003845 ], [ -72.912433999993965, -41.466978000003856 ], [ -72.911927999993978, -41.467132000003843 ], [ -72.91117499999396, -41.467317000003852 ], [ -72.911055999993991, -41.46743800000386 ], [ -72.911104999993981, -41.467656000003842 ], [ -72.911588999993967, -41.467706000003865 ], [ -72.912799999993979, -41.467583000003849 ], [ -72.915108999994018, -41.467677000003853 ], [ -72.917565999994054, -41.468245000003861 ], [ -72.917812999994055, -41.467912000003857 ], [ -72.916542999994036, -41.467356000003853 ], [ -72.916641999994042, -41.466750000003842 ], [ -72.918158999994077, -41.46686100000386 ], [ -72.918488999994068, -41.466886000003846 ], [ -72.918999999994085, -41.466849000003847 ], [ -72.920120999994097, -41.466750000003834 ], [ -72.9210429999941, -41.466597000003866 ], [ -72.92101999999413, -41.46569400000385 ], [ -72.922175999994124, -41.465694000003857 ], [ -72.922338999994111, -41.465247000003849 ], [ -72.922368999994134, -41.46504300000386 ], [ -72.922061999994142, -41.464977000003849 ], [ -72.921830999994114, -41.464927000003847 ], [ -72.921578999994111, -41.464755000003841 ], [ -72.92105199999412, -41.464121000003843 ], [ -72.91992099999409, -41.462361000003852 ], [ -72.921633999994128, -41.461703000003858 ], [ -72.922094999994115, -41.461612000003846 ], [ -72.922467999994126, -41.461621000003845 ], [ -72.921108999994118, -41.461097000003846 ], [ -72.919686999994084, -41.46046900000384 ], [ -72.919212999994087, -41.460090000003852 ], [ -72.919086999994079, -41.459901000003846 ], [ -72.919070999994105, -41.459406000003845 ] ] ] } },
{ "type": "Feature", "properties": { "zona": "38" }, "geometry": { "type": "Polygon", "coordinates": [ [ [ -72.89136299999366, -41.479235000003861 ], [ -72.890144999993652, -41.478972000003871 ], [ -72.889354999993657, -41.478831000003851 ], [ -72.888187999993619, -41.478182000003848 ], [ -72.887584999993607, -41.477392000003853 ], [ -72.887208999993604, -41.476405000003851 ], [ -72.886568999993585, -41.475446000003849 ], [ -72.886191999993599, -41.475023000003844 ], [ -72.884836999993553, -41.475390000003856 ], [ -72.88400899999354, -41.475643000003856 ], [ -72.883368999993564, -41.476320000003852 ], [ -72.882728999993518, -41.477195000003846 ], [ -72.880032999993489, -41.47681500000386 ], [ -72.879293999993479, -41.478963000003851 ], [ -72.878525999993457, -41.480491000003859 ], [ -72.878643999993457, -41.482173000003868 ], [ -72.879175999993478, -41.483679000003853 ], [ -72.880564999993496, -41.48538400000384 ], [ -72.880535999993484, -41.486226000003853 ], [ -72.879441999993475, -41.487001000003858 ], [ -72.878075999993456, -41.487624000003862 ], [ -72.876758999993427, -41.488344000003856 ], [ -72.874719999993403, -41.48984600000388 ], [ -72.874379999993394, -41.49021100000386 ], [ -72.875871999993421, -41.491141000003871 ], [ -72.875280999993407, -41.492293000003848 ], [ -72.8746309999934, -41.492337000003857 ], [ -72.873861999993395, -41.493887000003866 ], [ -72.873832999993368, -41.494374000003852 ], [ -72.874024999993409, -41.494806000003855 ], [ -72.874334999993394, -41.495503000003858 ], [ -72.874220999993398, -41.495901000003848 ], [ -72.874179999993402, -41.496323000003862 ], [ -72.874356999993424, -41.496865000003879 ], [ -72.875169999993403, -41.497452000003868 ], [ -72.877002999993451, -41.49776200000386 ], [ -72.877416999993443, -41.497850000003872 ], [ -72.877741999993447, -41.498194000003863 ], [ -72.878288999993458, -41.498648000003861 ], [ -72.879160999993474, -41.499135000003868 ], [ -72.88196999999353, -41.499135000003861 ], [ -72.882777999993536, -41.499258000003863 ], [ -72.88513599999358, -41.499903000003862 ], [ -72.885905999993582, -41.499768000003868 ], [ -72.886132999993592, -41.499224000003871 ], [ -72.887310999993602, -41.497934000003866 ], [ -72.888126999993602, -41.496983000003866 ], [ -72.889124999993641, -41.496440000003879 ], [ -72.891163999993665, -41.495863000003865 ], [ -72.892206999993675, -41.495965000003864 ], [ -72.893929999993702, -41.495252000003866 ], [ -72.896059999993724, -41.494709000003873 ], [ -72.897918999993763, -41.493588000003868 ], [ -72.89940399999378, -41.49152100000385 ], [ -72.89966999999379, -41.491132000003866 ], [ -72.899872999993804, -41.490768000003854 ], [ -72.900367999993804, -41.490403000003859 ], [ -72.9003979999938, -41.490171000003862 ], [ -72.900865999993812, -41.489600000003868 ], [ -72.901096999993811, -41.48934700000386 ], [ -72.901182999993821, -41.489281000003864 ], [ -72.898810999993785, -41.486793000003857 ], [ -72.897355999993749, -41.486027000003858 ], [ -72.89707999999375, -41.484848000003858 ], [ -72.896804999993762, -41.484406000003858 ], [ -72.895860999993744, -41.48408200000388 ], [ -72.894443999993712, -41.483109000003857 ], [ -72.892201999993674, -41.48148800000385 ], [ -72.89136299999366, -41.479235000003861 ] ] ] } },
{ "type": "Feature", "properties": { "zona": "61" }, "geometry": { "type": "Polygon", "coordinates": [ [ [ -72.988074999995021, -41.48355800000386 ], [ -72.985993999994989, -41.48382500000389 ], [ -72.984622999994983, -41.484160000003868 ], [ -72.983937999994978, -41.48474000000386 ], [ -72.982566999994958, -41.485834000003869 ], [ -72.98116699999494, -41.485611000003878 ], [ -72.980361999994926, -41.48529800000388 ], [ -72.979646999994927, -41.484562000003883 ], [ -72.978693999994903, -41.484294000003871 ], [ -72.977262999994878, -41.484048000003874 ], [ -72.9767869999949, -41.48322200000387 ], [ -72.976220999994865, -41.483021000003866 ], [ -72.975594999994868, -41.483624000003864 ], [ -72.97517799999487, -41.484249000003871 ], [ -72.974521999994849, -41.484919000003877 ], [ -72.973657999994856, -41.485521000003878 ], [ -72.972793999994835, -41.486124000003869 ], [ -72.972257999994824, -41.486035000003874 ], [ -72.971214999994814, -41.485053000003887 ], [ -72.971045999994814, -41.484239000003853 ], [ -72.969521999994782, -41.484553000003856 ], [ -72.969634999994781, -41.484146000003868 ], [ -72.968775999994776, -41.484273000003867 ], [ -72.96794699999478, -41.483636000003855 ], [ -72.967956999994769, -41.483156000003866 ], [ -72.968127999994763, -41.482725000003867 ], [ -72.968191999994772, -41.482277000003869 ], [ -72.967552999994751, -41.482549000003864 ], [ -72.967125999994764, -41.483076000003869 ], [ -72.966592999994745, -41.48294800000388 ], [ -72.965058999994724, -41.483267000003877 ], [ -72.965356999994739, -41.483028000003863 ], [ -72.964120999994705, -41.482820000003862 ], [ -72.963331999994708, -41.482597000003871 ], [ -72.962324999994692, -41.482256000003851 ], [ -72.962320999994702, -41.482267000003873 ], [ -72.961899999994685, -41.48370600000387 ], [ -72.962327999994699, -41.483846000003872 ], [ -72.962806999994697, -41.484138000003874 ], [ -72.962015999994676, -41.48449400000387 ], [ -72.96202199999469, -41.484643000003871 ], [ -72.962310999994699, -41.485046000003862 ], [ -72.962360999994701, -41.48581400000387 ], [ -72.962061999994702, -41.486500000003872 ], [ -72.96259999999468, -41.486777000003848 ], [ -72.962949999994677, -41.487232000003864 ], [ -72.963157999994706, -41.487400000003866 ], [ -72.964475999994718, -41.488105000003877 ], [ -72.964850999994724, -41.488276000003872 ], [ -72.965755999994741, -41.488623000003869 ], [ -72.965024999994739, -41.489401000003888 ], [ -72.96598699999474, -41.490324000003874 ], [ -72.96719899999475, -41.490443000003864 ], [ -72.96813099999477, -41.490709000003861 ], [ -72.969065999994783, -41.490524000003866 ], [ -72.969797999994796, -41.490353000003893 ], [ -72.970952999994807, -41.489603000003882 ], [ -72.972054999994825, -41.488929000003871 ], [ -72.972787999994836, -41.488810000003888 ], [ -72.973352999994844, -41.488719000003869 ], [ -72.973353999994856, -41.488601000003875 ], [ -72.973962999994853, -41.488050000003859 ], [ -72.97441299999484, -41.487696000003872 ], [ -72.974868999994854, -41.487571000003868 ], [ -72.975413999994871, -41.487690000003873 ], [ -72.976435999994877, -41.487418000003863 ], [ -72.977026999994877, -41.487588000003861 ], [ -72.977617999994891, -41.487894000003877 ], [ -72.977935999994898, -41.488490000003871 ], [ -72.978139999994895, -41.488592000003884 ], [ -72.979366999994923, -41.488882000003862 ], [ -72.97959499999493, -41.489341000003876 ], [ -72.980639999994949, -41.489562000003879 ], [ -72.981366999994933, -41.489290000003876 ], [ -72.981865999994952, -41.489460000003881 ], [ -72.98202599999496, -41.489852000003879 ], [ -72.982297999994969, -41.490158000003888 ], [ -72.982842999994986, -41.490669000003869 ], [ -72.983241999994974, -41.491196000003882 ], [ -72.983752999994977, -41.49190300000388 ], [ -72.984619999994976, -41.493109000003869 ], [ -72.984780999994982, -41.493601000003871 ], [ -72.984333999994973, -41.496805000003874 ], [ -72.985869999994989, -41.497504000003886 ], [ -72.986530999995011, -41.497922000003875 ], [ -72.986634999995005, -41.498417000003876 ], [ -72.986882999995004, -41.499424000003891 ], [ -72.987668999995023, -41.499920000003868 ], [ -72.988516999995042, -41.499920000003875 ], [ -72.98917799999505, -41.499920000003883 ], [ -72.989478999995058, -41.500116000003885 ], [ -72.989343999995057, -41.500276000003893 ], [ -72.988702999995041, -41.500601000003876 ], [ -72.988845999995036, -41.501454000003882 ], [ -72.989810999995058, -41.502155000003881 ], [ -72.991811999995065, -41.503294000003876 ], [ -72.994414999995115, -41.504565000003893 ], [ -72.99494199999512, -41.507040000003876 ], [ -72.99573199999513, -41.508004000003893 ], [ -72.997632999995147, -41.508354000003884 ], [ -72.998951999995171, -41.50998400000389 ], [ -72.998755999995169, -41.510426000003896 ], [ -72.998329999995164, -41.511407000003878 ], [ -72.998853999995163, -41.512119000003885 ], [ -72.999869999995198, -41.512732000003894 ], [ -73.001278999995193, -41.512904000003893 ], [ -73.002228999995197, -41.512831000003892 ], [ -73.002982999995226, -41.512610000003882 ], [ -73.003768999995216, -41.511972000003894 ], [ -73.00704599999527, -41.510867000003891 ], [ -73.008777999995289, -41.511043000003887 ], [ -73.011763999995338, -41.512235000003876 ], [ -73.013885999995352, -41.513280000003896 ], [ -73.015029999995363, -41.513113000003891 ], [ -73.015420999995399, -41.5124650000039 ], [ -73.016062999995384, -41.511984000003899 ], [ -73.016174999995371, -41.511273000003882 ], [ -73.016928999995372, -41.510813000003893 ], [ -73.018128999995412, -41.510876000003897 ], [ -73.018602999995409, -41.511399000003898 ], [ -73.020054999995423, -41.511127000003881 ], [ -73.021812999995433, -41.511273000003889 ], [ -73.023320999995462, -41.511817000003902 ], [ -73.024548999995474, -41.512109000003889 ], [ -73.025036999995478, -41.5128110000039 ], [ -73.026197999995489, -41.5116600000039 ], [ -73.020038999995421, -41.505107000003896 ], [ -73.019099999995404, -41.503097000003891 ], [ -73.018683999995403, -41.502500000003884 ], [ -73.018570999995404, -41.502035000003872 ], [ -73.018119999995406, -41.501909000003891 ], [ -73.014735999995352, -41.502077000003894 ], [ -73.010956999995315, -41.502289000003884 ], [ -73.010618999995316, -41.502753000003885 ], [ -73.010843999995316, -41.504063000003889 ], [ -73.010166999995306, -41.504443000003889 ], [ -73.008362999995285, -41.504950000003888 ], [ -73.007572999995261, -41.505710000003887 ], [ -73.006444999995267, -41.50554100000388 ], [ -73.005598999995257, -41.505921000003887 ], [ -73.004921999995233, -41.505414000003896 ], [ -73.003850999995223, -41.506048000003894 ], [ -73.003117999995212, -41.505372000003888 ], [ -73.002609999995201, -41.505541000003895 ], [ -73.002778999995229, -41.506597000003886 ], [ -73.001481999995207, -41.507526000003885 ], [ -73.001172999995191, -41.507423000003882 ], [ -73.000466999995197, -41.5071880000039 ], [ -73.000748999995196, -41.506343000003902 ], [ -73.000522999995198, -41.505499000003894 ], [ -72.999056999995162, -41.505076000003889 ], [ -72.998605999995164, -41.504485000003889 ], [ -72.997984999995154, -41.505287000003896 ], [ -72.997308999995155, -41.50495000000388 ], [ -72.997308999995155, -41.504105000003868 ], [ -72.997759999995154, -41.503598000003883 ], [ -72.998605999995164, -41.502795000003879 ], [ -72.998774999995163, -41.501824000003886 ], [ -72.997590999995154, -41.500937000003901 ], [ -72.996067999995134, -41.500557000003887 ], [ -72.995559999995123, -41.499754000003875 ], [ -72.994318999995102, -41.49798100000389 ], [ -72.99375499999509, -41.496714000003884 ], [ -72.993980999995088, -41.496333000003887 ], [ -72.995785999995121, -41.496502000003879 ], [ -72.998266999995167, -41.4962490000039 ], [ -72.996236999995133, -41.495784000003887 ], [ -72.995020999995106, -41.49510400000387 ], [ -72.994273999995102, -41.495253000003878 ], [ -72.992981999995095, -41.495465000003875 ], [ -72.992223999995062, -41.494112000003867 ], [ -72.992018999995068, -41.493650000003868 ], [ -72.992189999995077, -41.492034000003876 ], [ -72.992223999995062, -41.489288000003874 ], [ -72.992360999995086, -41.488210000003868 ], [ -72.9923269999951, -41.486979000003871 ], [ -72.991778999995077, -41.486517000003886 ], [ -72.991162999995083, -41.485208000003865 ], [ -72.989963999995055, -41.484233000003869 ], [ -72.988074999995021, -41.48355800000386 ] ] ] } },
{ "type": "Feature", "properties": { "zona": "63" }, "geometry": { "type": "Polygon", "coordinates": [ [ [ -72.971045999994814, -41.484239000003853 ], [ -72.971214999994814, -41.485053000003887 ], [ -72.972257999994824, -41.486035000003874 ], [ -72.972793999994835, -41.486124000003869 ], [ -72.973657999994856, -41.485521000003878 ], [ -72.974521999994849, -41.484919000003877 ], [ -72.97517799999487, -41.484249000003871 ], [ -72.975594999994868, -41.483624000003864 ], [ -72.976220999994865, -41.483021000003866 ], [ -72.9767869999949, -41.48322200000387 ], [ -72.977262999994878, -41.484048000003874 ], [ -72.978693999994903, -41.484294000003871 ], [ -72.979646999994927, -41.484562000003883 ], [ -72.980361999994926, -41.48529800000388 ], [ -72.98116699999494, -41.485611000003878 ], [ -72.982566999994958, -41.485834000003869 ], [ -72.983937999994978, -41.48474000000386 ], [ -72.984622999994983, -41.484160000003868 ], [ -72.985993999994989, -41.48382500000389 ], [ -72.988074999995021, -41.48355800000386 ], [ -72.988335999995016, -41.482920000003872 ], [ -72.988368999995018, -41.482840000003876 ], [ -72.988928999995039, -41.481786000003886 ], [ -72.989124999995042, -41.481402000003875 ], [ -72.988916999995041, -41.481348000003869 ], [ -72.988406999995036, -41.48127900000388 ], [ -72.987477999995022, -41.481192000003873 ], [ -72.985679999995, -41.481139000003878 ], [ -72.984206999994967, -41.481105000003879 ], [ -72.983649999994967, -41.48104400000387 ], [ -72.983180999994957, -41.480972000003874 ], [ -72.982890999994964, -41.480917000003878 ], [ -72.982431999994944, -41.480792000003881 ], [ -72.982058999994933, -41.48079500000388 ], [ -72.981596999994949, -41.480844000003877 ], [ -72.981262999994939, -41.480775000003867 ], [ -72.980421999994931, -41.480368000003878 ], [ -72.980231999994928, -41.480314000003879 ], [ -72.979173999994913, -41.480199000003871 ], [ -72.978431999994896, -41.480199000003871 ], [ -72.976242999994867, -41.480172000003861 ], [ -72.97490999999485, -41.480181000003867 ], [ -72.974850999994857, -41.480409000003874 ], [ -72.974664999994857, -41.480709000003884 ], [ -72.974294999994854, -41.481125000003857 ], [ -72.973737999994853, -41.481717000003862 ], [ -72.973454999994829, -41.48205400000387 ], [ -72.973318999994845, -41.482266000003889 ], [ -72.973211999994845, -41.482492000003873 ], [ -72.973045999994838, -41.482909000003872 ], [ -72.972908999994843, -41.483216000003864 ], [ -72.972762999994828, -41.483457000003874 ], [ -72.972410999994821, -41.483764000003859 ], [ -72.972186999994804, -41.483866000003879 ], [ -72.971737999994829, -41.484086000003884 ], [ -72.97146999999481, -41.484151000003862 ], [ -72.971045999994814, -41.484239000003853 ] ] ] } },
{ "type": "Feature", "properties": { "zona": "68" }, "geometry": { "type": "Polygon", "coordinates": [ [ [ -72.989124999995042, -41.481402000003875 ], [ -72.988928999995039, -41.481786000003886 ], [ -72.988368999995018, -41.482840000003876 ], [ -72.988335999995016, -41.482920000003872 ], [ -72.988074999995021, -41.48355800000386 ], [ -72.989963999995055, -41.484233000003869 ], [ -72.991162999995083, -41.485208000003865 ], [ -72.991778999995077, -41.486517000003886 ], [ -72.9923269999951, -41.486979000003871 ], [ -72.992360999995086, -41.488210000003868 ], [ -72.992223999995062, -41.489288000003874 ], [ -72.992189999995077, -41.492034000003876 ], [ -72.992018999995068, -41.493650000003868 ], [ -72.992223999995062, -41.494112000003867 ], [ -72.992981999995095, -41.495465000003875 ], [ -72.994273999995102, -41.495253000003878 ], [ -72.995020999995106, -41.49510400000387 ], [ -72.995515999995121, -41.495005000003886 ], [ -72.998413999995165, -41.493330000003887 ], [ -73.007273999995263, -41.487035000003871 ], [ -73.006587999995247, -41.486595000003895 ], [ -73.003231999995208, -41.483292000003878 ], [ -73.002929999995217, -41.482995000003868 ], [ -72.999598999995172, -41.479968000003886 ], [ -72.998069999995153, -41.477636000003876 ], [ -72.995285999995119, -41.47635800000387 ], [ -72.995144999995105, -41.476468000003862 ], [ -72.994862999995107, -41.476387000003875 ], [ -72.994361999995107, -41.476680000003867 ], [ -72.993730999995094, -41.477039000003863 ], [ -72.993295999995098, -41.477414000003883 ], [ -72.992881999995092, -41.477805000003876 ], [ -72.992086999995067, -41.478408000003853 ], [ -72.99137099999507, -41.478635000003877 ], [ -72.990654999995058, -41.478635000003869 ], [ -72.990476999995067, -41.478863000003862 ], [ -72.99020799999505, -41.479292000003866 ], [ -72.989688999995067, -41.48029800000387 ], [ -72.989124999995042, -41.481402000003875 ] ] ] } },
{ "type": "Feature", "properties": { "zona": "65" }, "geometry": { "type": "Polygon", "coordinates": [ [ [ -72.97490999999485, -41.480181000003867 ], [ -72.976242999994867, -41.480172000003861 ], [ -72.978431999994896, -41.480199000003871 ], [ -72.979173999994913, -41.480199000003871 ], [ -72.980231999994928, -41.480314000003879 ], [ -72.980421999994931, -41.480368000003878 ], [ -72.981262999994939, -41.480775000003867 ], [ -72.981481999994941, -41.480608000003869 ], [ -72.983636999994985, -41.47865900000388 ], [ -72.983984999994973, -41.47841800000387 ], [ -72.984063999994973, -41.478366000003874 ], [ -72.984846999995, -41.47796100000388 ], [ -72.985411999994994, -41.477309000003871 ], [ -72.985612999994999, -41.477062000003862 ], [ -72.985881999995001, -41.476944000003861 ], [ -72.986033999995001, -41.476385000003873 ], [ -72.986683999995009, -41.47555100000389 ], [ -72.982554999994946, -41.473364000003855 ], [ -72.981329999994941, -41.474049000003866 ], [ -72.977276999994885, -41.476281000003873 ], [ -72.977005999994887, -41.476426000003876 ], [ -72.976640999994885, -41.476508000003861 ], [ -72.976213999994869, -41.476537000003866 ], [ -72.975765999994863, -41.476483000003867 ], [ -72.975618999994865, -41.477099000003861 ], [ -72.97507499999486, -41.479426000003862 ], [ -72.97490999999485, -41.480181000003867 ] ] ] } },
{ "type": "Feature", "properties": { "zona": "70" }, "geometry": { "type": "Polygon", "coordinates": [ [ [ -72.986683999995009, -41.47555100000389 ], [ -72.986033999995001, -41.476385000003873 ], [ -72.985881999995001, -41.476944000003861 ], [ -72.985612999994999, -41.477062000003862 ], [ -72.985411999994994, -41.477309000003871 ], [ -72.984846999995, -41.47796100000388 ], [ -72.984063999994973, -41.478366000003874 ], [ -72.983984999994973, -41.47841800000387 ], [ -72.983636999994985, -41.47865900000388 ], [ -72.981481999994941, -41.480608000003869 ], [ -72.981262999994939, -41.480775000003867 ], [ -72.981596999994949, -41.480844000003877 ], [ -72.982058999994933, -41.48079500000388 ], [ -72.982431999994944, -41.480792000003881 ], [ -72.982890999994964, -41.480917000003878 ], [ -72.983180999994957, -41.480972000003874 ], [ -72.983649999994967, -41.48104400000387 ], [ -72.984206999994967, -41.481105000003879 ], [ -72.985679999995, -41.481139000003878 ], [ -72.987477999995022, -41.481192000003873 ], [ -72.988406999995036, -41.48127900000388 ], [ -72.988916999995041, -41.481348000003869 ], [ -72.989124999995042, -41.481402000003875 ], [ -72.989688999995067, -41.48029800000387 ], [ -72.99020799999505, -41.479292000003866 ], [ -72.990476999995067, -41.478863000003862 ], [ -72.990654999995058, -41.478635000003869 ], [ -72.99137099999507, -41.478635000003877 ], [ -72.992086999995067, -41.478408000003853 ], [ -72.986683999995009, -41.47555100000389 ] ] ] } },
{ "type": "Feature", "properties": { "zona": "69" }, "geometry": { "type": "Polygon", "coordinates": [ [ [ -72.986683999995009, -41.47555100000389 ], [ -72.992086999995067, -41.478408000003853 ], [ -72.992881999995092, -41.477805000003876 ], [ -72.993295999995098, -41.477414000003883 ], [ -72.993730999995094, -41.477039000003863 ], [ -72.994361999995107, -41.476680000003867 ], [ -72.994862999995107, -41.476387000003875 ], [ -72.995144999995105, -41.476468000003862 ], [ -72.995285999995119, -41.47635800000387 ], [ -72.997036999995132, -41.474345000003872 ], [ -72.990905999995064, -41.471060000003881 ], [ -72.989491999995053, -41.470286000003853 ], [ -72.987972999995023, -41.469495000003874 ], [ -72.986022999995001, -41.471337000003871 ], [ -72.985108999994992, -41.471867000003847 ], [ -72.984079999994961, -41.472493000003873 ], [ -72.982554999994946, -41.473364000003855 ], [ -72.986683999995009, -41.47555100000389 ] ] ] } },
{ "type": "Feature", "properties": { "zona": "71" }, "geometry": { "type": "Polygon", "coordinates": [ [ [ -72.997036999995132, -41.474345000003872 ], [ -72.995285999995119, -41.47635800000387 ], [ -72.998069999995153, -41.477636000003876 ], [ -72.999598999995172, -41.479968000003886 ], [ -73.002929999995217, -41.482995000003868 ], [ -73.003231999995208, -41.483292000003878 ], [ -73.006587999995247, -41.486595000003895 ], [ -73.007273999995263, -41.487035000003871 ], [ -73.011206999995323, -41.484461000003883 ], [ -73.013028999995342, -41.483934000003877 ], [ -73.013028999995342, -41.483438000003886 ], [ -73.013253999995342, -41.483124000003876 ], [ -73.007736999995259, -41.480101000003877 ], [ -73.004002999995237, -41.478077000003871 ], [ -72.997036999995132, -41.474345000003872 ] ] ] } },
{ "type": "Feature", "properties": { "zona": "72" }, "geometry": { "type": "Polygon", "coordinates": [ [ [ -73.007273999995263, -41.487035000003871 ], [ -72.998413999995165, -41.493330000003887 ], [ -72.995515999995121, -41.495005000003886 ], [ -72.995020999995106, -41.49510400000387 ], [ -72.996236999995133, -41.495784000003887 ], [ -72.998266999995167, -41.4962490000039 ], [ -72.995785999995121, -41.496502000003879 ], [ -72.993980999995088, -41.496333000003887 ], [ -72.99375499999509, -41.496714000003884 ], [ -72.994318999995102, -41.49798100000389 ], [ -72.995559999995123, -41.499754000003875 ], [ -72.996067999995134, -41.500557000003887 ], [ -72.997590999995154, -41.500937000003901 ], [ -72.998774999995163, -41.501824000003886 ], [ -72.998605999995164, -41.502795000003879 ], [ -72.997759999995154, -41.503598000003883 ], [ -72.997308999995155, -41.504105000003868 ], [ -72.997308999995155, -41.50495000000388 ], [ -72.997984999995154, -41.505287000003896 ], [ -72.998605999995164, -41.504485000003889 ], [ -72.999056999995162, -41.505076000003889 ], [ -73.000522999995198, -41.505499000003894 ], [ -73.000748999995196, -41.506343000003902 ], [ -73.000466999995197, -41.5071880000039 ], [ -73.001172999995191, -41.507423000003882 ], [ -73.001481999995207, -41.507526000003885 ], [ -73.002778999995229, -41.506597000003886 ], [ -73.002609999995201, -41.505541000003895 ], [ -73.003117999995212, -41.505372000003888 ], [ -73.003850999995223, -41.506048000003894 ], [ -73.004921999995233, -41.505414000003896 ], [ -73.005598999995257, -41.505921000003887 ], [ -73.006444999995267, -41.50554100000388 ], [ -73.007572999995261, -41.505710000003887 ], [ -73.008362999995285, -41.504950000003888 ], [ -73.010166999995306, -41.504443000003889 ], [ -73.010843999995316, -41.504063000003889 ], [ -73.010618999995316, -41.502753000003885 ], [ -73.010956999995315, -41.502289000003884 ], [ -73.014735999995352, -41.502077000003894 ], [ -73.018119999995406, -41.501909000003891 ], [ -73.02059999999544, -41.499085000003873 ], [ -73.017518999995389, -41.497721000003899 ], [ -73.018261999995403, -41.495795000003874 ], [ -73.019685999995417, -41.494926000003886 ], [ -73.020739999995428, -41.493623000003879 ], [ -73.010254999995311, -41.489074000003882 ], [ -73.007273999995263, -41.487035000003871 ] ] ] } },
{ "type": "Feature", "properties": { "zona": "73" }, "geometry": { "type": "Polygon", "coordinates": [ [ [ -73.013253999995342, -41.483124000003876 ], [ -73.013028999995342, -41.483438000003886 ], [ -73.013028999995342, -41.483934000003877 ], [ -73.011206999995323, -41.484461000003883 ], [ -73.007273999995263, -41.487035000003871 ], [ -73.010254999995311, -41.489074000003882 ], [ -73.020739999995428, -41.493623000003879 ], [ -73.019685999995417, -41.494926000003886 ], [ -73.018261999995403, -41.495795000003874 ], [ -73.017518999995389, -41.497721000003899 ], [ -73.02059999999544, -41.499085000003873 ], [ -73.018119999995406, -41.501909000003891 ], [ -73.018570999995404, -41.502035000003872 ], [ -73.018683999995403, -41.502500000003884 ], [ -73.019099999995404, -41.503097000003891 ], [ -73.020306999995441, -41.501942000003893 ], [ -73.022653999995455, -41.502696000003887 ], [ -73.022892999995463, -41.504483000003894 ], [ -73.023592999995472, -41.505609000003901 ], [ -73.028676999995525, -41.50838100000388 ], [ -73.030949999995542, -41.509308000003884 ], [ -73.032106999995577, -41.509927000003891 ], [ -73.035330999995594, -41.510793000003908 ], [ -73.038718999995638, -41.512155000003894 ], [ -73.039544999995641, -41.513516000003904 ], [ -73.041115999995682, -41.513701000003898 ], [ -73.043098999995692, -41.514630000003898 ], [ -73.044503999995726, -41.515186000003901 ], [ -73.045743999995722, -41.515867000003901 ], [ -73.046569999995725, -41.516919000003902 ], [ -73.046735999995732, -41.517909000003904 ], [ -73.047561999995736, -41.519023000003912 ], [ -73.047396999995755, -41.519951000003907 ], [ -73.048884999995764, -41.520136000003909 ], [ -73.049627999995764, -41.521497000003905 ], [ -73.055061999995814, -41.518876000003907 ], [ -73.056239999995839, -41.522054000003905 ], [ -73.056834999995829, -41.521772000003907 ], [ -73.059487999995881, -41.521078000003897 ], [ -73.062236999995903, -41.520862000003902 ], [ -73.063259999995921, -41.520767000003907 ], [ -73.065688999995942, -41.526893000003916 ], [ -73.071345999995998, -41.525672000003908 ], [ -73.073424999996021, -41.531335000003921 ], [ -73.074768999996039, -41.535118000003898 ], [ -73.095253999996245, -41.53239000000395 ], [ -73.098359999996291, -41.531453000003921 ], [ -73.097014999996262, -41.530064000003911 ], [ -73.096875999996257, -41.529162000003922 ], [ -73.096504999996256, -41.528052000003896 ], [ -73.095902999996255, -41.527045000003916 ], [ -73.096863999996259, -41.525272000003916 ], [ -73.095248999996244, -41.524776000003904 ], [ -73.088745999996178, -41.521644000003896 ], [ -73.074678999996024, -41.515090000003909 ], [ -73.07125099999601, -41.513511000003895 ], [ -73.063094999995911, -41.509755000003899 ], [ -73.057815999995853, -41.507177000003892 ], [ -73.048418999995747, -41.502234000003895 ], [ -73.046965999995734, -41.501441000003908 ], [ -73.045143999995702, -41.50055600000389 ], [ -73.042473999995678, -41.499037000003895 ], [ -73.037477999995616, -41.496325000003885 ], [ -73.02854399999552, -41.491519000003883 ], [ -73.017394999995389, -41.485393000003874 ], [ -73.013253999995342, -41.483124000003876 ] ] ] } },
{ "type": "Feature", "properties": { "zona": "82" }, "geometry": { "type": "Polygon", "coordinates": [ [ [ -73.007736999995259, -41.480101000003877 ], [ -73.013253999995342, -41.483124000003876 ], [ -73.017394999995389, -41.485393000003874 ], [ -73.02854399999552, -41.491519000003883 ], [ -73.037477999995616, -41.496325000003885 ], [ -73.042473999995678, -41.499037000003895 ], [ -73.045143999995702, -41.50055600000389 ], [ -73.046965999995734, -41.501441000003908 ], [ -73.048418999995747, -41.502234000003895 ], [ -73.057815999995853, -41.507177000003892 ], [ -73.063094999995911, -41.509755000003899 ], [ -73.07125099999601, -41.513511000003895 ], [ -73.074766999996015, -41.511670000003896 ], [ -73.072416999996008, -41.510317000003894 ], [ -73.076845999996067, -41.505985000003889 ], [ -73.045842999995727, -41.489064000003886 ], [ -73.0105069999953, -41.471473000003854 ], [ -73.009047999995289, -41.473797000003863 ], [ -73.008887999995295, -41.474357000003884 ], [ -73.008407999995285, -41.474677000003872 ], [ -73.007766999995269, -41.474797000003861 ], [ -73.00725999999527, -41.475017000003866 ], [ -73.006418999995262, -41.475234000003887 ], [ -73.005284999995268, -41.476017000003857 ], [ -73.005043999995237, -41.476617000003863 ], [ -73.004937999995235, -41.47717700000387 ], [ -73.004509999995221, -41.477777000003876 ], [ -73.004002999995237, -41.478077000003871 ], [ -73.007736999995259, -41.480101000003877 ] ] ] } },
{ "type": "Feature", "properties": { "zona": "59" }, "geometry": { "type": "Polygon", "coordinates": [ [ [ -72.962310999994699, -41.485046000003862 ], [ -72.96202199999469, -41.484643000003871 ], [ -72.962015999994676, -41.48449400000387 ], [ -72.962806999994697, -41.484138000003874 ], [ -72.962327999994699, -41.483846000003872 ], [ -72.961899999994685, -41.48370600000387 ], [ -72.96132799999468, -41.48352600000387 ], [ -72.960396999994671, -41.483387000003873 ], [ -72.959754999994658, -41.483340000003857 ], [ -72.958761999994636, -41.483309000003871 ], [ -72.958264999994626, -41.483216000003857 ], [ -72.957777999994633, -41.483061000003879 ], [ -72.957322999994616, -41.48265800000388 ], [ -72.956950999994632, -41.482177000003887 ], [ -72.956577999994622, -41.481557000003868 ], [ -72.956184999994605, -41.481263000003857 ], [ -72.955459999994602, -41.480844000003877 ], [ -72.954714999994593, -41.480549000003869 ], [ -72.952821999994583, -41.481138000003867 ], [ -72.952896999994564, -41.481570000003863 ], [ -72.953949999994563, -41.482771000003865 ], [ -72.954500999994579, -41.483672000003864 ], [ -72.958734999994633, -41.48524800000385 ], [ -72.959537999994652, -41.48546500000387 ], [ -72.960675999994663, -41.48549600000387 ], [ -72.961193999994677, -41.485403000003878 ], [ -72.961606999994672, -41.485186000003864 ], [ -72.962310999994699, -41.485046000003862 ] ] ] } },
{ "type": "Feature", "properties": { "zona": "74" }, "geometry": { "type": "Polygon", "coordinates": [ [ [ -73.019099999995404, -41.503097000003891 ], [ -73.020038999995421, -41.505107000003896 ], [ -73.026197999995489, -41.5116600000039 ], [ -73.025036999995478, -41.5128110000039 ], [ -73.025637999995482, -41.513677000003909 ], [ -73.026809999995507, -41.514408000003883 ], [ -73.027870999995514, -41.514576000003899 ], [ -73.028875999995535, -41.514994000003895 ], [ -73.030767999995547, -41.515747000003898 ], [ -73.032004999995564, -41.516047000003901 ], [ -73.032927999995579, -41.516268000003897 ], [ -73.034093999995576, -41.516594000003906 ], [ -73.035399999995619, -41.51686800000391 ], [ -73.036525999995632, -41.517338000003903 ], [ -73.037384999995624, -41.517455000003906 ], [ -73.038546999995631, -41.518018000003899 ], [ -73.04027499999566, -41.518698000003916 ], [ -73.041446999995671, -41.519509000003907 ], [ -73.041768999995682, -41.520277000003908 ], [ -73.042793999995695, -41.521329000003902 ], [ -73.043057999995696, -41.522250000003893 ], [ -73.042295999995687, -41.523018000003908 ], [ -73.042441999995688, -41.523610000003906 ], [ -73.042164999995691, -41.52411500000391 ], [ -73.042289999995688, -41.525520000003901 ], [ -73.04166499999566, -41.527721000003915 ], [ -73.040444999995657, -41.530039000003903 ], [ -73.040788999995669, -41.530250000003896 ], [ -73.042008999995673, -41.530601000003905 ], [ -73.042227999995674, -41.530156000003899 ], [ -73.042977999995685, -41.527862000003921 ], [ -73.043228999995691, -41.527674000003913 ], [ -73.043478999995685, -41.526246000003916 ], [ -73.04366599999571, -41.525942000003909 ], [ -73.043916999995687, -41.524724000003907 ], [ -73.04422899999571, -41.524537000003903 ], [ -73.044405999995703, -41.528021000003911 ], [ -73.04472999999571, -41.529758000003923 ], [ -73.044184999995693, -41.530536000003913 ], [ -73.043468999995696, -41.531196000003909 ], [ -73.042475999995673, -41.531650000003907 ], [ -73.042806999995705, -41.532104000003912 ], [ -73.042751999995673, -41.532599000003913 ], [ -73.041730999995679, -41.533838000003918 ], [ -73.040074999995667, -41.536699000003921 ], [ -73.039947999995661, -41.53889300000391 ], [ -73.040297999995659, -41.539657000003906 ], [ -73.042889999995694, -41.53973900000392 ], [ -73.052868999995809, -41.539203000003923 ], [ -73.052537999995792, -41.538295000003906 ], [ -73.0524279999958, -41.537181000003912 ], [ -73.061690999995889, -41.536273000003916 ], [ -73.068692999995974, -41.535860000003922 ], [ -73.074768999996039, -41.535118000003898 ], [ -73.073424999996021, -41.531335000003921 ], [ -73.071345999995998, -41.525672000003908 ], [ -73.065688999995942, -41.526893000003916 ], [ -73.063259999995921, -41.520767000003907 ], [ -73.062236999995903, -41.520862000003902 ], [ -73.059487999995881, -41.521078000003897 ], [ -73.056834999995829, -41.521772000003907 ], [ -73.056239999995839, -41.522054000003905 ], [ -73.055061999995814, -41.518876000003907 ], [ -73.049627999995764, -41.521497000003905 ], [ -73.048884999995764, -41.520136000003909 ], [ -73.047396999995755, -41.519951000003907 ], [ -73.047561999995736, -41.519023000003912 ], [ -73.046735999995732, -41.517909000003904 ], [ -73.046569999995725, -41.516919000003902 ], [ -73.045743999995722, -41.515867000003901 ], [ -73.044503999995726, -41.515186000003901 ], [ -73.043098999995692, -41.514630000003898 ], [ -73.041115999995682, -41.513701000003898 ], [ -73.039544999995641, -41.513516000003904 ], [ -73.038718999995638, -41.512155000003894 ], [ -73.035330999995594, -41.510793000003908 ], [ -73.032106999995577, -41.509927000003891 ], [ -73.030949999995542, -41.509308000003884 ], [ -73.028676999995525, -41.50838100000388 ], [ -73.023592999995472, -41.505609000003901 ], [ -73.022892999995463, -41.504483000003894 ], [ -73.022653999995455, -41.502696000003887 ], [ -73.020306999995441, -41.501942000003893 ], [ -73.019099999995404, -41.503097000003891 ] ] ] } },
{ "type": "Feature", "properties": { "zona": "84" }, "geometry": { "type": "Polygon", "coordinates": [ [ [ -73.0105069999953, -41.471473000003854 ], [ -73.011525999995328, -41.470485000003869 ], [ -73.013504999995334, -41.468643000003873 ], [ -73.018359999995397, -41.466262000003859 ], [ -73.023034999995446, -41.465543000003876 ], [ -73.027170999995491, -41.464465000003855 ], [ -73.030048999995529, -41.462084000003863 ], [ -73.031187999995552, -41.460287000003873 ], [ -73.034903999995592, -41.459029000003845 ], [ -73.038334999995627, -41.457793000003868 ], [ -73.030196999995539, -41.444706000003855 ], [ -73.01531099999535, -41.450648000003859 ], [ -73.008355999995274, -41.453466000003857 ], [ -73.002803999995194, -41.455698000003849 ], [ -72.997567999995141, -41.457870000003851 ], [ -73.004368999995222, -41.46569000000386 ], [ -73.0105069999953, -41.471473000003854 ] ] ] } },
{ "type": "Feature", "properties": { "zona": "83" }, "geometry": { "type": "Polygon", "coordinates": [ [ [ -73.002803999995194, -41.455698000003849 ], [ -73.008355999995274, -41.453466000003857 ], [ -73.01531099999535, -41.450648000003859 ], [ -73.030196999995539, -41.444706000003855 ], [ -73.023957999995446, -41.432894000003841 ], [ -73.008918999995274, -41.437966000003854 ], [ -73.008918999995274, -41.438530000003837 ], [ -73.005535999995232, -41.437403000003854 ], [ -72.999332999995161, -41.438107000003846 ], [ -73.002527999995195, -41.445153000003856 ], [ -72.996987999995142, -41.447030000003849 ], [ -73.000330999995171, -41.451990000003853 ], [ -73.002803999995194, -41.455698000003849 ] ] ] } },
{ "type": "Feature", "properties": { "zona": "54" }, "geometry": { "type": "Polygon", "coordinates": [ [ [ -73.0105069999953, -41.471473000003854 ], [ -73.004368999995222, -41.46569000000386 ], [ -72.997567999995141, -41.457870000003851 ], [ -72.994925999995104, -41.458881000003849 ], [ -72.992679999995076, -41.459765000003848 ], [ -72.988259999995023, -41.461624000003859 ], [ -72.988773999995033, -41.462172000003868 ], [ -72.989035999995039, -41.462612000003865 ], [ -72.989518999995056, -41.463035000003856 ], [ -72.990260999995044, -41.464002000003859 ], [ -72.991363999995045, -41.46576200000387 ], [ -72.987972999995023, -41.469495000003874 ], [ -72.989491999995053, -41.470286000003853 ], [ -72.990905999995064, -41.471060000003881 ], [ -72.997036999995132, -41.474345000003872 ], [ -73.004002999995237, -41.478077000003871 ], [ -73.004509999995221, -41.477777000003876 ], [ -73.004937999995235, -41.47717700000387 ], [ -73.005043999995237, -41.476617000003863 ], [ -73.005284999995268, -41.476017000003857 ], [ -73.006418999995262, -41.475234000003887 ], [ -73.00725999999527, -41.475017000003866 ], [ -73.007766999995269, -41.474797000003861 ], [ -73.008407999995285, -41.474677000003872 ], [ -73.008887999995295, -41.474357000003884 ], [ -73.009047999995289, -41.473797000003863 ], [ -73.0105069999953, -41.471473000003854 ] ] ] } },
{ "type": "Feature", "properties": { "zona": "55" }, "geometry": { "type": "Polygon", "coordinates": [ [ [ -72.990260999995044, -41.464002000003859 ], [ -72.989518999995056, -41.463035000003856 ], [ -72.989035999995039, -41.462612000003865 ], [ -72.988773999995033, -41.462172000003868 ], [ -72.988259999995023, -41.461624000003859 ], [ -72.985239999994988, -41.462816000003862 ], [ -72.982415999994956, -41.463952000003864 ], [ -72.981447999994941, -41.464231000003856 ], [ -72.980524999994941, -41.464633000003857 ], [ -72.979949999994929, -41.464949000003863 ], [ -72.980814999994934, -41.465615000003858 ], [ -72.981840999994958, -41.466357000003853 ], [ -72.987972999995023, -41.469495000003874 ], [ -72.991363999995045, -41.46576200000387 ], [ -72.990260999995044, -41.464002000003859 ] ] ] } },
{ "type": "Feature", "properties": { "zona": "56" }, "geometry": { "type": "Polygon", "coordinates": [ [ [ -72.981840999994958, -41.466357000003853 ], [ -72.980814999994934, -41.465615000003858 ], [ -72.979949999994929, -41.464949000003863 ], [ -72.979059999994902, -41.465366000003861 ], [ -72.974857999994867, -41.466977000003858 ], [ -72.971530999994812, -41.468274000003866 ], [ -72.971786999994805, -41.468681000003862 ], [ -72.971659999994813, -41.468752000003853 ], [ -72.971939999994831, -41.469145000003863 ], [ -72.972828999994832, -41.468825000003854 ], [ -72.973826999994841, -41.470332000003857 ], [ -72.973749999994837, -41.470582000003866 ], [ -72.974705999994839, -41.47076700000386 ], [ -72.974975999994854, -41.470982000003865 ], [ -72.975290999994854, -41.471054000003861 ], [ -72.975633999994869, -41.47107400000386 ], [ -72.975989999994866, -41.471033000003871 ], [ -72.976126999994861, -41.471003000003869 ], [ -72.976524999994879, -41.470951000003865 ], [ -72.976853999994887, -41.470736000003853 ], [ -72.977168999994888, -41.470469000003874 ], [ -72.977245999994878, -41.470513000003862 ], [ -72.978146999994891, -41.470231000003849 ], [ -72.9780589999949, -41.469539000003877 ], [ -72.977897999994894, -41.46843700000386 ], [ -72.980048999994921, -41.467644000003865 ], [ -72.980839999994942, -41.467375000003855 ], [ -72.981840999994958, -41.466357000003853 ] ] ] } },
{ "type": "Feature", "properties": { "zona": "67" }, "geometry": { "type": "Polygon", "coordinates": [ [ [ -72.987972999995023, -41.469495000003874 ], [ -72.981840999994958, -41.466357000003853 ], [ -72.980839999994942, -41.467375000003855 ], [ -72.980048999994921, -41.467644000003865 ], [ -72.977897999994894, -41.46843700000386 ], [ -72.9780589999949, -41.469539000003877 ], [ -72.978146999994891, -41.470231000003849 ], [ -72.977245999994878, -41.470513000003862 ], [ -72.977346999994879, -41.470571000003872 ], [ -72.980128999994918, -41.472071000003865 ], [ -72.982554999994946, -41.473364000003855 ], [ -72.984079999994961, -41.472493000003873 ], [ -72.985108999994992, -41.471867000003847 ], [ -72.986022999995001, -41.471337000003871 ], [ -72.987972999995023, -41.469495000003874 ] ] ] } },
{ "type": "Feature", "properties": { "zona": "66" }, "geometry": { "type": "Polygon", "coordinates": [ [ [ -72.974705999994839, -41.47076700000386 ], [ -72.973749999994837, -41.470582000003866 ], [ -72.973826999994841, -41.470332000003857 ], [ -72.972828999994832, -41.468825000003854 ], [ -72.971939999994831, -41.469145000003863 ], [ -72.971659999994813, -41.468752000003853 ], [ -72.971786999994805, -41.468681000003862 ], [ -72.971530999994812, -41.468274000003866 ], [ -72.969506999994792, -41.469015000003871 ], [ -72.965946999994756, -41.470348000003888 ], [ -72.965538999994735, -41.470506000003866 ], [ -72.967604999994762, -41.471188000003863 ], [ -72.969198999994788, -41.471879000003874 ], [ -72.970417999994794, -41.472438000003862 ], [ -72.970510999994801, -41.472492000003861 ], [ -72.972721999994832, -41.473540000003858 ], [ -72.973174999994839, -41.473769000003863 ], [ -72.973540999994839, -41.473961000003861 ], [ -72.974103999994838, -41.474280000003859 ], [ -72.974285999994834, -41.474402000003856 ], [ -72.974542999994853, -41.474651000003874 ], [ -72.974958999994882, -41.474950000003872 ], [ -72.975512999994862, -41.475414000003859 ], [ -72.975700999994871, -41.475701000003873 ], [ -72.975740999994898, -41.475811000003873 ], [ -72.975830999994884, -41.476074000003855 ], [ -72.975798999994865, -41.47626900000386 ], [ -72.975765999994863, -41.476483000003867 ], [ -72.976213999994869, -41.476537000003866 ], [ -72.976640999994885, -41.476508000003861 ], [ -72.977005999994887, -41.476426000003876 ], [ -72.977276999994885, -41.476281000003873 ], [ -72.981329999994941, -41.474049000003866 ], [ -72.982554999994946, -41.473364000003855 ], [ -72.980128999994918, -41.472071000003865 ], [ -72.977346999994879, -41.470571000003872 ], [ -72.977245999994878, -41.470513000003862 ], [ -72.977168999994888, -41.470469000003874 ], [ -72.976853999994887, -41.470736000003853 ], [ -72.976524999994879, -41.470951000003865 ], [ -72.976126999994861, -41.471003000003869 ], [ -72.975989999994866, -41.471033000003871 ], [ -72.975633999994869, -41.47107400000386 ], [ -72.975290999994854, -41.471054000003861 ], [ -72.974975999994854, -41.470982000003865 ], [ -72.974705999994839, -41.47076700000386 ] ] ] } },
{ "type": "Feature", "properties": { "zona": "40" }, "geometry": { "type": "Polygon", "coordinates": [ [ [ -72.952821999994583, -41.481138000003867 ], [ -72.954714999994593, -41.480549000003869 ], [ -72.954073999994577, -41.480503000003864 ], [ -72.953638999994567, -41.480456000003869 ], [ -72.953183999994565, -41.480162000003858 ], [ -72.952479999994551, -41.479479000003863 ], [ -72.951627999994543, -41.478267000003861 ], [ -72.95034399999453, -41.478880000003862 ], [ -72.951734999994542, -41.480386000003868 ], [ -72.95210499999456, -41.480642000003854 ], [ -72.952821999994583, -41.481138000003867 ] ] ] } },
{ "type": "Feature", "properties": { "zona": "23" }, "geometry": { "type": "Polygon", "coordinates": [ [ [ -72.93877299999437, -41.473339000003847 ], [ -72.942193999994416, -41.474161000003853 ], [ -72.944315999994444, -41.474743000003869 ], [ -72.944646999994461, -41.474796000003849 ], [ -72.945151999994451, -41.47501800000385 ], [ -72.945850999994477, -41.473998000003853 ], [ -72.945330999994454, -41.473848000003862 ], [ -72.945661999994471, -41.473467000003865 ], [ -72.946174999994454, -41.472915000003859 ], [ -72.946279999994474, -41.472511000003855 ], [ -72.946001999994465, -41.47246300000387 ], [ -72.946153999994479, -41.471852000003857 ], [ -72.941864999994422, -41.471205000003856 ], [ -72.942075999994429, -41.470614000003863 ], [ -72.939565999994386, -41.470231000003864 ], [ -72.939412999994374, -41.470831000003876 ], [ -72.93877299999437, -41.473339000003847 ] ] ] } },
{ "type": "Feature", "properties": { "zona": "24" }, "geometry": { "type": "Polygon", "coordinates": [ [ [ -72.93877299999437, -41.473339000003847 ], [ -72.939412999994374, -41.470831000003876 ], [ -72.938565999994367, -41.470712000003864 ], [ -72.937672999994348, -41.470745000003873 ], [ -72.93598599999433, -41.470943000003857 ], [ -72.935175999994314, -41.470798000003867 ], [ -72.934681999994311, -41.472636000003853 ], [ -72.934714999994313, -41.472886000003868 ], [ -72.935766999994328, -41.47245000000386 ], [ -72.936923999994335, -41.472232000003864 ], [ -72.937547999994337, -41.472114000003849 ], [ -72.938177999994338, -41.472232000003849 ], [ -72.938311999994355, -41.472400000003859 ], [ -72.938420999994364, -41.472777000003852 ], [ -72.938335999994351, -41.473295000003858 ], [ -72.93877299999437, -41.473339000003847 ] ] ] } },
{ "type": "Feature", "properties": { "zona": "26" }, "geometry": { "type": "Polygon", "coordinates": [ [ [ -72.934714999994313, -41.472886000003868 ], [ -72.934681999994311, -41.472636000003853 ], [ -72.935175999994314, -41.470798000003867 ], [ -72.935365999994318, -41.47019600000386 ], [ -72.934980999994309, -41.470272000003867 ], [ -72.934714999994313, -41.470390000003853 ], [ -72.934532999994303, -41.470508000003854 ], [ -72.934508999994293, -41.47061700000387 ], [ -72.9345569999943, -41.470744000003855 ], [ -72.934725999994313, -41.470844000003865 ], [ -72.933296999994283, -41.471815000003851 ], [ -72.931890999994252, -41.471652000003871 ], [ -72.93132999999429, -41.47154400000386 ], [ -72.930835999994258, -41.471498000003855 ], [ -72.928109999994206, -41.471080000003852 ], [ -72.924150999994154, -41.470577000003864 ], [ -72.92345299999414, -41.473481000003865 ], [ -72.923081999994139, -41.473424000003867 ], [ -72.922003999994132, -41.473295000003858 ], [ -72.921979999994136, -41.473450000003858 ], [ -72.921723999994128, -41.473432000003854 ], [ -72.921650999994114, -41.473724000003848 ], [ -72.92101999999413, -41.47374700000384 ], [ -72.921058999994102, -41.473889000003858 ], [ -72.921108999994118, -41.474165000003858 ], [ -72.9212229999941, -41.474586000003846 ], [ -72.922814999994145, -41.474598000003859 ], [ -72.924687999994163, -41.474883000003857 ], [ -72.925416999994169, -41.474974000003847 ], [ -72.926526999994195, -41.474987000003864 ], [ -72.927116999994197, -41.474987000003864 ], [ -72.927185999994194, -41.475052000003856 ], [ -72.928330999994202, -41.475065000003866 ], [ -72.929058999994226, -41.474948000003849 ], [ -72.929631999994243, -41.474780000003861 ], [ -72.930637999994275, -41.474494000003858 ], [ -72.931886999994276, -41.474065000003854 ], [ -72.932354999994274, -41.47394800000388 ], [ -72.933221999994288, -41.473753000003853 ], [ -72.934036999994305, -41.473441000003859 ], [ -72.934714999994313, -41.472886000003868 ] ] ] } },
{ "type": "Feature", "properties": { "zona": "25" }, "geometry": { "type": "Polygon", "coordinates": [ [ [ -72.938335999994351, -41.473295000003858 ], [ -72.938420999994364, -41.472777000003852 ], [ -72.938311999994355, -41.472400000003859 ], [ -72.938177999994338, -41.472232000003849 ], [ -72.937547999994337, -41.472114000003849 ], [ -72.936923999994335, -41.472232000003864 ], [ -72.935766999994328, -41.47245000000386 ], [ -72.934714999994313, -41.472886000003868 ], [ -72.934036999994305, -41.473441000003859 ], [ -72.933221999994288, -41.473753000003853 ], [ -72.932354999994274, -41.47394800000388 ], [ -72.931886999994276, -41.474065000003854 ], [ -72.930637999994275, -41.474494000003858 ], [ -72.929631999994243, -41.474780000003861 ], [ -72.929058999994226, -41.474948000003849 ], [ -72.928330999994202, -41.475065000003866 ], [ -72.927185999994194, -41.475052000003856 ], [ -72.927116999994197, -41.474987000003864 ], [ -72.926526999994195, -41.474987000003864 ], [ -72.925416999994169, -41.474974000003847 ], [ -72.924687999994163, -41.474883000003857 ], [ -72.922814999994145, -41.474598000003859 ], [ -72.9212229999941, -41.474586000003846 ], [ -72.92124899999412, -41.474683000003864 ], [ -72.92044299999408, -41.475071000003872 ], [ -72.920497999994097, -41.475765000003854 ], [ -72.922020999994132, -41.475985000003853 ], [ -72.923327999994143, -41.476007000003854 ], [ -72.923365999994161, -41.476006000003864 ], [ -72.92405299999416, -41.47592400000385 ], [ -72.924957999994177, -41.475891000003848 ], [ -72.925546999994168, -41.47587500000386 ], [ -72.926113999994186, -41.475801000003855 ], [ -72.927007999994203, -41.475711000003848 ], [ -72.927655999994215, -41.475624000003847 ], [ -72.928146999994212, -41.475581000003842 ], [ -72.928894999994228, -41.475471000003857 ], [ -72.929876999994221, -41.475453000003853 ], [ -72.930334999994272, -41.475296000003858 ], [ -72.932441999994268, -41.475075000003869 ], [ -72.934262999994303, -41.474420000003853 ], [ -72.93623199999432, -41.473671000003854 ], [ -72.937358999994359, -41.473241000003867 ], [ -72.938335999994351, -41.473295000003858 ] ] ] } },
{ "type": "Feature", "properties": { "zona": "39" }, "geometry": { "type": "Polygon", "coordinates": [ [ [ -72.95034399999453, -41.478880000003862 ], [ -72.951627999994543, -41.478267000003861 ], [ -72.951306999994543, -41.477808000003868 ], [ -72.948929999994519, -41.475920000003853 ], [ -72.947893999994491, -41.475018000003857 ], [ -72.94759999999448, -41.474878000003862 ], [ -72.946280999994485, -41.474053000003863 ], [ -72.945850999994477, -41.473998000003853 ], [ -72.945151999994451, -41.47501800000385 ], [ -72.945338999994448, -41.475101000003853 ], [ -72.946191999994468, -41.475517000003848 ], [ -72.946819999994474, -41.475964000003863 ], [ -72.948054999994483, -41.476931000003859 ], [ -72.95034399999453, -41.478880000003862 ] ] ] } },
{ "type": "Feature", "properties": { "zona": "47" }, "geometry": { "type": "Polygon", "coordinates": [ [ [ -72.95511899999461, -41.448642000003844 ], [ -72.9550669999946, -41.449909000003856 ], [ -72.954834999994574, -41.452885000003839 ], [ -72.954774999994584, -41.453969000003845 ], [ -72.954740999994584, -41.454583000003865 ], [ -72.956302999994591, -41.454713000003856 ], [ -72.957107999994605, -41.455048000003856 ], [ -72.95729899999462, -41.455034000003856 ], [ -72.957477999994609, -41.455125000003854 ], [ -72.958355999994623, -41.455651000003847 ], [ -72.959747999994647, -41.454443000003842 ], [ -72.960757999994669, -41.453743000003847 ], [ -72.962438999994703, -41.452593000003844 ], [ -72.963149999994698, -41.452128000003846 ], [ -72.964808999994716, -41.451003000003844 ], [ -72.965710999994741, -41.450411000003847 ], [ -72.966811999994732, -41.450150000003845 ], [ -72.96436099999471, -41.447300000003843 ], [ -72.961255999994663, -41.44399400000384 ], [ -72.960401999994659, -41.443247000003844 ], [ -72.95970599999464, -41.442762000003839 ], [ -72.957973999994621, -41.449068000003834 ], [ -72.95511899999461, -41.448642000003844 ] ] ] } },
{ "type": "Feature", "properties": { "zona": "48" }, "geometry": { "type": "Polygon", "coordinates": [ [ [ -72.955155999994588, -41.447760000003846 ], [ -72.95511899999461, -41.448642000003844 ], [ -72.957973999994621, -41.449068000003834 ], [ -72.95970599999464, -41.442762000003839 ], [ -72.958940999994653, -41.442214000003844 ], [ -72.958001999994622, -41.441590000003842 ], [ -72.957332999994605, -41.441059000003833 ], [ -72.957029999994617, -41.440788000003842 ], [ -72.956747999994604, -41.440503000003829 ], [ -72.956372999994599, -41.440125000003839 ], [ -72.956036999994595, -41.439456000003844 ], [ -72.955656999994602, -41.438374000003833 ], [ -72.955182999994577, -41.447106000003856 ], [ -72.955155999994588, -41.447760000003846 ] ] ] } },
{ "type": "Feature", "properties": { "zona": "46" }, "geometry": { "type": "Polygon", "coordinates": [ [ [ -72.966811999994732, -41.450150000003845 ], [ -72.965710999994741, -41.450411000003847 ], [ -72.964808999994716, -41.451003000003844 ], [ -72.963149999994698, -41.452128000003846 ], [ -72.962438999994703, -41.452593000003844 ], [ -72.960757999994669, -41.453743000003847 ], [ -72.959747999994647, -41.454443000003842 ], [ -72.958355999994623, -41.455651000003847 ], [ -72.957477999994609, -41.455125000003854 ], [ -72.95729899999462, -41.455034000003856 ], [ -72.957107999994605, -41.455048000003856 ], [ -72.956302999994591, -41.454713000003856 ], [ -72.954740999994584, -41.454583000003865 ], [ -72.954697999994579, -41.455372000003841 ], [ -72.95454399999457, -41.458692000003843 ], [ -72.954833999994591, -41.459699000003852 ], [ -72.955476999994602, -41.459883000003842 ], [ -72.955662999994601, -41.459956000003849 ], [ -72.955926999994617, -41.459963000003853 ], [ -72.957469999994615, -41.459692000003841 ], [ -72.960692999994663, -41.458999000003864 ], [ -72.962982999994694, -41.458402000003865 ], [ -72.966288999994745, -41.457663000003848 ], [ -72.967099999994758, -41.457478000003846 ], [ -72.968171999994766, -41.457401000003848 ], [ -72.968595999994776, -41.457323000003846 ], [ -72.969654999994788, -41.457102000003857 ], [ -72.970291999994799, -41.456917000003848 ], [ -72.970734999994789, -41.456704000003846 ], [ -72.97211499999483, -41.456081000003849 ], [ -72.970603999994793, -41.45445000000386 ], [ -72.969642999994775, -41.453413000003863 ], [ -72.968797999994763, -41.452399000003851 ], [ -72.966811999994732, -41.450150000003845 ] ] ] } },
{ "type": "Feature", "properties": { "zona": "18" }, "geometry": { "type": "Polygon", "coordinates": [ [ [ -72.939412999994374, -41.470831000003876 ], [ -72.939565999994386, -41.470231000003864 ], [ -72.939612999994381, -41.469982000003853 ], [ -72.940231999994381, -41.469764000003863 ], [ -72.940428999994381, -41.469677000003863 ], [ -72.940573999994385, -41.469542000003848 ], [ -72.941185999994403, -41.469127000003844 ], [ -72.941577999994394, -41.469163000003853 ], [ -72.941853999994393, -41.468092000003857 ], [ -72.9417779999944, -41.467949000003856 ], [ -72.941733999994412, -41.467839000003863 ], [ -72.942150999994411, -41.467499000003862 ], [ -72.94216799999441, -41.466893000003864 ], [ -72.942317999994415, -41.466752000003858 ], [ -72.942323999994414, -41.466439000003852 ], [ -72.942513999994418, -41.465701000003847 ], [ -72.941474999994398, -41.465547000003859 ], [ -72.941258999994417, -41.465509000003848 ], [ -72.941180999994401, -41.46540700000385 ], [ -72.941004999994405, -41.465165000003857 ], [ -72.94081799999438, -41.464232000003854 ], [ -72.940847999994389, -41.463931000003853 ], [ -72.940955999994401, -41.463813000003846 ], [ -72.9411249999944, -41.46374100000385 ], [ -72.940974999994381, -41.463673000003858 ], [ -72.940641999994384, -41.463725000003848 ], [ -72.94025999999441, -41.463776000003847 ], [ -72.940013999994378, -41.463769000003857 ], [ -72.939876999994382, -41.463725000003841 ], [ -72.938984999994361, -41.463776000003861 ], [ -72.936915999994341, -41.46387200000386 ], [ -72.936710999994347, -41.463410000003847 ], [ -72.93636699999432, -41.463496000003857 ], [ -72.935532999994308, -41.46342200000386 ], [ -72.935356999994312, -41.463409000003843 ], [ -72.935132999994309, -41.463413000003847 ], [ -72.934933999994314, -41.463419000003846 ], [ -72.934711999994306, -41.463417000003858 ], [ -72.934569999994295, -41.463436000003846 ], [ -72.9345229999943, -41.463436000003846 ], [ -72.933943999994298, -41.463514000003848 ], [ -72.933670999994277, -41.463555000003851 ], [ -72.933412999994289, -41.463722000003862 ], [ -72.933312999994286, -41.463842000003844 ], [ -72.93341099999428, -41.464488000003847 ], [ -72.933292999994279, -41.464856000003849 ], [ -72.93120499999425, -41.46494400000384 ], [ -72.93067599999425, -41.464790000003852 ], [ -72.93067599999425, -41.464929000003835 ], [ -72.930596999994236, -41.465084000003849 ], [ -72.930332999994235, -41.465377000003855 ], [ -72.930175999994233, -41.465613000003842 ], [ -72.930047999994244, -41.465679000003838 ], [ -72.929733999994227, -41.465767000003858 ], [ -72.929218999994234, -41.466024000003863 ], [ -72.929140999994232, -41.465965000003855 ], [ -72.929042999994223, -41.465914000003856 ], [ -72.928669999994227, -41.466083000003856 ], [ -72.929371999994245, -41.466553000003856 ], [ -72.929733999994227, -41.466516000003857 ], [ -72.930067999994236, -41.46633200000386 ], [ -72.930469999994259, -41.466075000003862 ], [ -72.930851999994246, -41.465914000003849 ], [ -72.931341999994274, -41.465862000003867 ], [ -72.931518999994253, -41.46586200000386 ], [ -72.931665999994252, -41.46594300000384 ], [ -72.931714999994256, -41.46611900000385 ], [ -72.931635999994256, -41.466670000003859 ], [ -72.931615999994264, -41.46705900000385 ], [ -72.931634999994287, -41.467174000003851 ], [ -72.931682999994251, -41.467404000003846 ], [ -72.931903999994262, -41.467626000003847 ], [ -72.932248999994286, -41.467842000003856 ], [ -72.932718999994265, -41.468094000003852 ], [ -72.933284999994299, -41.468496000003853 ], [ -72.933792999994296, -41.468870000003847 ], [ -72.934142999994293, -41.46906000000385 ], [ -72.935297999994319, -41.469294000003856 ], [ -72.935509999994309, -41.469532000003852 ], [ -72.935570999994326, -41.469774000003852 ], [ -72.935493999994293, -41.470038000003861 ], [ -72.935381999994306, -41.470144000003863 ], [ -72.935365999994318, -41.47019600000386 ], [ -72.935175999994314, -41.470798000003867 ], [ -72.93598599999433, -41.470943000003857 ], [ -72.937672999994348, -41.470745000003873 ], [ -72.938565999994367, -41.470712000003864 ], [ -72.939412999994374, -41.470831000003876 ] ] ] } },
{ "type": "Feature", "properties": { "zona": "29" }, "geometry": { "type": "Polygon", "coordinates": [ [ [ -72.929371999994245, -41.466553000003856 ], [ -72.928669999994227, -41.466083000003856 ], [ -72.928076999994204, -41.466268000003843 ], [ -72.927275999994194, -41.466145000003834 ], [ -72.927022999994193, -41.466120000003855 ], [ -72.926517999994189, -41.466022000003854 ], [ -72.926386999994179, -41.46583200000385 ], [ -72.92652899999419, -41.465553000003844 ], [ -72.926660999994183, -41.465446000003851 ], [ -72.926869999994196, -41.465257000003845 ], [ -72.927154999994201, -41.465010000003844 ], [ -72.9272679999942, -41.464753000003839 ], [ -72.927275999994194, -41.464640000003847 ], [ -72.927209999994204, -41.464343000003858 ], [ -72.92704499999418, -41.463299000003857 ], [ -72.926375999994178, -41.463307000003859 ], [ -72.925859999994188, -41.463159000003863 ], [ -72.925475999994177, -41.463044000003848 ], [ -72.924783999994162, -41.462764000003837 ], [ -72.922467999994126, -41.461621000003845 ], [ -72.922094999994115, -41.461612000003846 ], [ -72.921633999994128, -41.461703000003858 ], [ -72.91992099999409, -41.462361000003852 ], [ -72.92105199999412, -41.464121000003843 ], [ -72.921578999994111, -41.464755000003841 ], [ -72.921830999994114, -41.464927000003847 ], [ -72.922061999994142, -41.464977000003849 ], [ -72.922368999994134, -41.46504300000386 ], [ -72.922338999994111, -41.465247000003849 ], [ -72.922175999994124, -41.465694000003857 ], [ -72.92101999999413, -41.46569400000385 ], [ -72.9210429999941, -41.466597000003866 ], [ -72.922365999994128, -41.466464000003846 ], [ -72.923238999994155, -41.466398000003849 ], [ -72.924522999994153, -41.466626000003863 ], [ -72.92476799999416, -41.466670000003866 ], [ -72.92660199999419, -41.466692000003846 ], [ -72.927718999994198, -41.466935000003836 ], [ -72.9282979999942, -41.467001000003847 ], [ -72.92906299999423, -41.467170000003854 ], [ -72.929228999994223, -41.467148000003874 ], [ -72.929371999994245, -41.466553000003856 ] ] ] } },
{ "type": "Feature", "properties": { "zona": "27" }, "geometry": { "type": "Polygon", "coordinates": [ [ [ -72.935365999994318, -41.47019600000386 ], [ -72.935381999994306, -41.470144000003863 ], [ -72.935493999994293, -41.470038000003861 ], [ -72.935570999994326, -41.469774000003852 ], [ -72.935509999994309, -41.469532000003852 ], [ -72.935297999994319, -41.469294000003856 ], [ -72.934142999994293, -41.46906000000385 ], [ -72.933792999994296, -41.468870000003847 ], [ -72.933284999994299, -41.468496000003853 ], [ -72.932718999994265, -41.468094000003852 ], [ -72.932248999994286, -41.467842000003856 ], [ -72.931903999994262, -41.467626000003847 ], [ -72.931682999994251, -41.467404000003846 ], [ -72.931634999994287, -41.467174000003851 ], [ -72.931615999994264, -41.46705900000385 ], [ -72.931635999994256, -41.466670000003859 ], [ -72.931714999994256, -41.46611900000385 ], [ -72.931665999994252, -41.46594300000384 ], [ -72.931518999994253, -41.46586200000386 ], [ -72.931341999994274, -41.465862000003867 ], [ -72.930851999994246, -41.465914000003849 ], [ -72.930469999994259, -41.466075000003862 ], [ -72.930067999994236, -41.46633200000386 ], [ -72.929733999994227, -41.466516000003857 ], [ -72.929371999994245, -41.466553000003856 ], [ -72.929228999994223, -41.467148000003874 ], [ -72.92906299999423, -41.467170000003854 ], [ -72.92832799999421, -41.470043000003848 ], [ -72.929760999994244, -41.470237000003841 ], [ -72.93114099999427, -41.470411000003864 ], [ -72.931573999994256, -41.470490000003856 ], [ -72.931977999994274, -41.470648000003855 ], [ -72.93132999999429, -41.47154400000386 ], [ -72.931890999994252, -41.471652000003871 ], [ -72.933296999994283, -41.471815000003851 ], [ -72.934725999994313, -41.470844000003865 ], [ -72.9345569999943, -41.470744000003855 ], [ -72.934508999994293, -41.47061700000387 ], [ -72.934532999994303, -41.470508000003854 ], [ -72.934714999994313, -41.470390000003853 ], [ -72.934980999994309, -41.470272000003867 ], [ -72.935365999994318, -41.47019600000386 ] ] ] } },
{ "type": "Feature", "properties": { "zona": "16" }, "geometry": { "type": "Polygon", "coordinates": [ [ [ -72.922467999994126, -41.461621000003845 ], [ -72.924783999994162, -41.462764000003837 ], [ -72.925475999994177, -41.463044000003848 ], [ -72.925859999994188, -41.463159000003863 ], [ -72.926375999994178, -41.463307000003859 ], [ -72.92704499999418, -41.463299000003857 ], [ -72.932352999994265, -41.462718000003839 ], [ -72.934999999994318, -41.462468000003852 ], [ -72.938616999994352, -41.462101000003855 ], [ -72.938910999994349, -41.462138000003861 ], [ -72.940116999994373, -41.462020000003847 ], [ -72.939902999994374, -41.461421000003838 ], [ -72.939385999994371, -41.460569000003858 ], [ -72.938767999994354, -41.45995000000385 ], [ -72.93809199999437, -41.459416000003856 ], [ -72.937828999994352, -41.459504000003854 ], [ -72.937500999994342, -41.459504000003854 ], [ -72.936468999994332, -41.459086000003865 ], [ -72.935223999994307, -41.458448000003848 ], [ -72.933666999994287, -41.458091000003847 ], [ -72.931880999994249, -41.457969000003835 ], [ -72.931699999994265, -41.457953000003847 ], [ -72.931323999994262, -41.457920000003845 ], [ -72.929930999994241, -41.457956000003854 ], [ -72.928095999994213, -41.458104000003857 ], [ -72.927620999994204, -41.458214000003835 ], [ -72.927063999994203, -41.458398000003854 ], [ -72.926784999994197, -41.458374000003857 ], [ -72.926621999994182, -41.458337000003851 ], [ -72.9259169999942, -41.458435000003846 ], [ -72.925457999994165, -41.458484000003843 ], [ -72.924802999994156, -41.45843600000385 ], [ -72.924426999994154, -41.459261000003849 ], [ -72.923762999994153, -41.460552000003851 ], [ -72.923430999994139, -41.460907000003843 ], [ -72.922877999994128, -41.461286000003845 ], [ -72.922467999994126, -41.461621000003845 ] ] ] } },
{ "type": "Feature", "properties": { "zona": "28" }, "geometry": { "type": "Polygon", "coordinates": [ [ [ -72.93132999999429, -41.47154400000386 ], [ -72.931977999994274, -41.470648000003855 ], [ -72.931573999994256, -41.470490000003856 ], [ -72.93114099999427, -41.470411000003864 ], [ -72.929760999994244, -41.470237000003841 ], [ -72.92832799999421, -41.470043000003848 ], [ -72.92906299999423, -41.467170000003854 ], [ -72.9282979999942, -41.467001000003847 ], [ -72.927718999994198, -41.466935000003836 ], [ -72.92660199999419, -41.466692000003846 ], [ -72.92476799999416, -41.466670000003866 ], [ -72.924522999994153, -41.466626000003863 ], [ -72.923238999994155, -41.466398000003849 ], [ -72.922365999994128, -41.466464000003846 ], [ -72.9210429999941, -41.466597000003866 ], [ -72.921234999994098, -41.470241000003853 ], [ -72.922838999994127, -41.470268000003855 ], [ -72.924150999994154, -41.470577000003864 ], [ -72.928109999994206, -41.471080000003852 ], [ -72.930835999994258, -41.471498000003855 ], [ -72.93132999999429, -41.47154400000386 ] ] ] } },
{ "type": "Feature", "properties": { "zona": "33" }, "geometry": { "type": "Polygon", "coordinates": [ [ [ -72.921234999994098, -41.470241000003853 ], [ -72.9210429999941, -41.466597000003866 ], [ -72.920120999994097, -41.466750000003834 ], [ -72.918999999994085, -41.466849000003847 ], [ -72.918488999994068, -41.466886000003846 ], [ -72.918158999994077, -41.46686100000386 ], [ -72.916641999994042, -41.466750000003842 ], [ -72.916542999994036, -41.467356000003853 ], [ -72.917812999994055, -41.467912000003857 ], [ -72.917565999994054, -41.468245000003861 ], [ -72.915108999994018, -41.467677000003853 ], [ -72.912799999993979, -41.467583000003849 ], [ -72.911588999993967, -41.467706000003865 ], [ -72.911617999993965, -41.46780500000385 ], [ -72.911685999993978, -41.468011000003848 ], [ -72.911810999993975, -41.468110000003854 ], [ -72.911882999993978, -41.468125000003852 ], [ -72.912281999993979, -41.468291000003859 ], [ -72.912495999993979, -41.468475000003849 ], [ -72.91254799999399, -41.468584000003851 ], [ -72.912619999993964, -41.468874000003851 ], [ -72.912783999993977, -41.469208000003846 ], [ -72.913098999994006, -41.469692000003846 ], [ -72.914585999994017, -41.470883000003838 ], [ -72.915520999994058, -41.470383000003842 ], [ -72.916031999994033, -41.470333000003855 ], [ -72.921234999994098, -41.470241000003853 ] ] ] } },
{ "type": "Feature", "properties": { "zona": "34" }, "geometry": { "type": "Polygon", "coordinates": [ [ [ -72.924150999994154, -41.470577000003864 ], [ -72.922838999994127, -41.470268000003855 ], [ -72.921234999994098, -41.470241000003853 ], [ -72.916031999994033, -41.470333000003855 ], [ -72.915520999994058, -41.470383000003842 ], [ -72.914585999994017, -41.470883000003838 ], [ -72.914838999994032, -41.471176000003851 ], [ -72.915223999994026, -41.471550000003866 ], [ -72.915523999994022, -41.471838000003864 ], [ -72.915951999994022, -41.472223000003858 ], [ -72.916507999994039, -41.472908000003862 ], [ -72.91687899999404, -41.473388000003858 ], [ -72.917320999994061, -41.473795000003861 ], [ -72.917763999994051, -41.473955000003855 ], [ -72.918292999994051, -41.473952000003855 ], [ -72.919638999994106, -41.473345000003846 ], [ -72.920334999994097, -41.473260000003862 ], [ -72.920608999994101, -41.473328000003846 ], [ -72.920751999994096, -41.473379000003852 ], [ -72.920963999994115, -41.473543000003843 ], [ -72.92101999999413, -41.47374700000384 ], [ -72.921650999994114, -41.473724000003848 ], [ -72.921723999994128, -41.473432000003854 ], [ -72.921979999994136, -41.473450000003858 ], [ -72.922003999994132, -41.473295000003858 ], [ -72.923081999994139, -41.473424000003867 ], [ -72.92345299999414, -41.473481000003865 ], [ -72.924150999994154, -41.470577000003864 ] ] ] } },
{ "type": "Feature", "properties": { "zona": "20" }, "geometry": { "type": "Polygon", "coordinates": [ [ [ -72.939565999994386, -41.470231000003864 ], [ -72.942075999994429, -41.470614000003863 ], [ -72.942562999994408, -41.468717000003863 ], [ -72.943339999994421, -41.468860000003865 ], [ -72.943705999994421, -41.467662000003862 ], [ -72.943858999994447, -41.467024000003853 ], [ -72.942317999994415, -41.466752000003858 ], [ -72.94216799999441, -41.466893000003864 ], [ -72.942150999994411, -41.467499000003862 ], [ -72.941733999994412, -41.467839000003863 ], [ -72.9417779999944, -41.467949000003856 ], [ -72.941853999994393, -41.468092000003857 ], [ -72.941577999994394, -41.469163000003853 ], [ -72.941185999994403, -41.469127000003844 ], [ -72.940573999994385, -41.469542000003848 ], [ -72.940428999994381, -41.469677000003863 ], [ -72.940231999994381, -41.469764000003863 ], [ -72.939612999994381, -41.469982000003853 ], [ -72.939565999994386, -41.470231000003864 ] ] ] } },
{ "type": "Feature", "properties": { "zona": "62" }, "geometry": { "type": "Polygon", "coordinates": [ [ [ -72.968191999994772, -41.482277000003869 ], [ -72.968127999994763, -41.482725000003867 ], [ -72.967956999994769, -41.483156000003866 ], [ -72.96794699999478, -41.483636000003855 ], [ -72.968775999994776, -41.484273000003867 ], [ -72.969634999994781, -41.484146000003868 ], [ -72.969521999994782, -41.484553000003856 ], [ -72.971045999994814, -41.484239000003853 ], [ -72.97146999999481, -41.484151000003862 ], [ -72.971737999994829, -41.484086000003884 ], [ -72.972186999994804, -41.483866000003879 ], [ -72.972410999994821, -41.483764000003859 ], [ -72.972762999994828, -41.483457000003874 ], [ -72.972908999994843, -41.483216000003864 ], [ -72.973045999994838, -41.482909000003872 ], [ -72.973211999994845, -41.482492000003873 ], [ -72.973318999994845, -41.482266000003889 ], [ -72.973454999994829, -41.48205400000387 ], [ -72.973737999994853, -41.481717000003862 ], [ -72.974294999994854, -41.481125000003857 ], [ -72.974664999994857, -41.480709000003884 ], [ -72.974850999994857, -41.480409000003874 ], [ -72.97490999999485, -41.480181000003867 ], [ -72.97027899999479, -41.480102000003868 ], [ -72.968374999994765, -41.480094000003866 ], [ -72.967546999994752, -41.479954000003865 ], [ -72.967174999994768, -41.479900000003866 ], [ -72.967008999994761, -41.480350000003867 ], [ -72.966358999994739, -41.482006000003864 ], [ -72.966294999994759, -41.482341000003856 ], [ -72.968191999994772, -41.482277000003869 ] ] ] } },
{ "type": "Feature", "properties": { "zona": "58" }, "geometry": { "type": "Polygon", "coordinates": [ [ [ -72.968191999994772, -41.482277000003869 ], [ -72.966294999994759, -41.482341000003856 ], [ -72.966358999994739, -41.482006000003864 ], [ -72.967008999994761, -41.480350000003867 ], [ -72.967174999994768, -41.479900000003866 ], [ -72.967546999994752, -41.479954000003865 ], [ -72.968374999994765, -41.480094000003866 ], [ -72.97027899999479, -41.480102000003868 ], [ -72.970280999994813, -41.479266000003861 ], [ -72.970125999994792, -41.478858000003861 ], [ -72.969904999994796, -41.478498000003874 ], [ -72.969346999994784, -41.477992000003866 ], [ -72.967881999994773, -41.476897000003881 ], [ -72.967359999994756, -41.476582000003873 ], [ -72.967086999994763, -41.476451000003877 ], [ -72.966330999994739, -41.476161000003877 ], [ -72.964110999994716, -41.475531000003855 ], [ -72.961382999994683, -41.474673000003854 ], [ -72.961199999994662, -41.475168000003862 ], [ -72.961250999994661, -41.475380000003881 ], [ -72.961274999994686, -41.47569200000386 ], [ -72.961308999994685, -41.475865000003871 ], [ -72.961493999994687, -41.476176000003861 ], [ -72.961533999994685, -41.476803000003855 ], [ -72.961611999994687, -41.477220000003861 ], [ -72.9618319999947, -41.477635000003865 ], [ -72.962050999994688, -41.477972000003867 ], [ -72.961969999994679, -41.478085000003865 ], [ -72.962073999994686, -41.478638000003869 ], [ -72.96361799999471, -41.478572000003858 ], [ -72.963656999994711, -41.478937000003874 ], [ -72.963386999994711, -41.479486000003867 ], [ -72.963360999994705, -41.479563000003864 ], [ -72.963463999994701, -41.480390000003858 ], [ -72.963399999994706, -41.480448000003882 ], [ -72.96343799999471, -41.480496000003861 ], [ -72.96343799999471, -41.480573000003879 ], [ -72.963309999994721, -41.480689000003871 ], [ -72.963214999994705, -41.480791000003862 ], [ -72.963193999994701, -41.480814000003861 ], [ -72.963078999994678, -41.481016000003876 ], [ -72.96302699999471, -41.481093000003888 ], [ -72.963005999994706, -41.481313000003858 ], [ -72.962886999994694, -41.481375000003858 ], [ -72.962744999994698, -41.481179000003856 ], [ -72.962324999994692, -41.482256000003851 ], [ -72.963331999994708, -41.482597000003871 ], [ -72.964120999994705, -41.482820000003862 ], [ -72.965356999994739, -41.483028000003863 ], [ -72.965058999994724, -41.483267000003877 ], [ -72.966592999994745, -41.48294800000388 ], [ -72.967125999994764, -41.483076000003869 ], [ -72.967552999994751, -41.482549000003864 ], [ -72.968191999994772, -41.482277000003869 ] ] ] } },
{ "type": "Feature", "properties": { "zona": "41" }, "geometry": { "type": "Polygon", "coordinates": [ [ [ -72.962324999994692, -41.482256000003851 ], [ -72.962744999994698, -41.481179000003856 ], [ -72.962886999994694, -41.481375000003858 ], [ -72.963005999994706, -41.481313000003858 ], [ -72.96302699999471, -41.481093000003888 ], [ -72.963078999994678, -41.481016000003876 ], [ -72.963193999994701, -41.480814000003861 ], [ -72.963214999994705, -41.480791000003862 ], [ -72.963309999994721, -41.480689000003871 ], [ -72.96343799999471, -41.480573000003879 ], [ -72.96343799999471, -41.480496000003861 ], [ -72.963399999994706, -41.480448000003882 ], [ -72.963463999994701, -41.480390000003858 ], [ -72.963360999994705, -41.479563000003864 ], [ -72.963386999994711, -41.479486000003867 ], [ -72.963656999994711, -41.478937000003874 ], [ -72.96361799999471, -41.478572000003858 ], [ -72.962073999994686, -41.478638000003869 ], [ -72.962061999994688, -41.479053000003866 ], [ -72.961877999994684, -41.479416000003866 ], [ -72.961531999994676, -41.479797000003856 ], [ -72.961311999994663, -41.480566000003847 ], [ -72.960561999994667, -41.480990000003857 ], [ -72.960180999994662, -41.481180000003853 ], [ -72.959799999994658, -41.481388000003854 ], [ -72.959582999994652, -41.48151200000386 ], [ -72.959339999994654, -41.481317000003877 ], [ -72.958940999994653, -41.481330000003865 ], [ -72.958862999994636, -41.481291000003857 ], [ -72.959001999994641, -41.481207000003877 ], [ -72.959053999994637, -41.481155000003866 ], [ -72.958879999994636, -41.481070000003868 ], [ -72.959079999994643, -41.480895000003869 ], [ -72.958914999994633, -41.480823000003873 ], [ -72.958845999994637, -41.480687000003854 ], [ -72.958697999994641, -41.480492000003863 ], [ -72.957517999994636, -41.481083000003849 ], [ -72.957239999994641, -41.480823000003873 ], [ -72.956380999994607, -41.480017000003862 ], [ -72.955973999994612, -41.480134000003851 ], [ -72.955730999994614, -41.479445000003864 ], [ -72.954879999994589, -41.479640000003862 ], [ -72.954489999994578, -41.478652000003855 ], [ -72.953986999994569, -41.478762000003861 ], [ -72.953752999994578, -41.478827000003861 ], [ -72.953187999994569, -41.478073000003867 ], [ -72.95266799999456, -41.477468000003867 ], [ -72.951808999994554, -41.476890000003856 ], [ -72.950397999994536, -41.475981000003848 ], [ -72.950394999994529, -41.475979000003854 ], [ -72.949302999994515, -41.475476000003866 ], [ -72.948929999994519, -41.475920000003853 ], [ -72.951306999994543, -41.477808000003868 ], [ -72.951627999994543, -41.478267000003861 ], [ -72.952479999994551, -41.479479000003863 ], [ -72.953183999994565, -41.480162000003858 ], [ -72.953638999994567, -41.480456000003869 ], [ -72.954073999994577, -41.480503000003864 ], [ -72.954714999994593, -41.480549000003869 ], [ -72.955459999994602, -41.480844000003877 ], [ -72.956184999994605, -41.481263000003857 ], [ -72.956577999994622, -41.481557000003868 ], [ -72.956950999994632, -41.482177000003887 ], [ -72.957322999994616, -41.48265800000388 ], [ -72.957777999994633, -41.483061000003879 ], [ -72.958264999994626, -41.483216000003857 ], [ -72.958761999994636, -41.483309000003871 ], [ -72.959754999994658, -41.483340000003857 ], [ -72.960396999994671, -41.483387000003873 ], [ -72.96132799999468, -41.48352600000387 ], [ -72.961899999994685, -41.48370600000387 ], [ -72.962320999994702, -41.482267000003873 ], [ -72.962324999994692, -41.482256000003851 ] ] ] } },
{ "type": "Feature", "properties": { "zona": "42" }, "geometry": { "type": "Polygon", "coordinates": [ [ [ -72.950397999994536, -41.475981000003848 ], [ -72.951808999994554, -41.476890000003856 ], [ -72.95266799999456, -41.477468000003867 ], [ -72.953187999994569, -41.478073000003867 ], [ -72.953752999994578, -41.478827000003861 ], [ -72.953986999994569, -41.478762000003861 ], [ -72.954489999994578, -41.478652000003855 ], [ -72.954879999994589, -41.479640000003862 ], [ -72.955730999994614, -41.479445000003864 ], [ -72.955973999994612, -41.480134000003851 ], [ -72.956380999994607, -41.480017000003862 ], [ -72.957239999994641, -41.480823000003873 ], [ -72.957517999994636, -41.481083000003849 ], [ -72.958697999994641, -41.480492000003863 ], [ -72.958845999994637, -41.480687000003854 ], [ -72.958914999994633, -41.480823000003873 ], [ -72.959079999994643, -41.480895000003869 ], [ -72.958879999994636, -41.481070000003868 ], [ -72.959053999994637, -41.481155000003866 ], [ -72.959001999994641, -41.481207000003877 ], [ -72.958862999994636, -41.481291000003857 ], [ -72.958940999994653, -41.481330000003865 ], [ -72.959339999994654, -41.481317000003877 ], [ -72.959582999994652, -41.48151200000386 ], [ -72.959799999994658, -41.481388000003854 ], [ -72.960180999994662, -41.481180000003853 ], [ -72.960561999994667, -41.480990000003857 ], [ -72.961311999994663, -41.480566000003847 ], [ -72.961531999994676, -41.479797000003856 ], [ -72.961877999994684, -41.479416000003866 ], [ -72.962061999994688, -41.479053000003866 ], [ -72.962073999994686, -41.478638000003869 ], [ -72.961541999994679, -41.478420000003858 ], [ -72.96119299999468, -41.478314000003863 ], [ -72.961063999994664, -41.478672000003876 ], [ -72.960869999994671, -41.478769000003851 ], [ -72.960869999994671, -41.479107000003872 ], [ -72.960042999994656, -41.479272000003846 ], [ -72.959616999994651, -41.479369000003864 ], [ -72.958996999994639, -41.479485000003855 ], [ -72.958634999994644, -41.479553000003861 ], [ -72.958001999994622, -41.479669000003867 ], [ -72.957761999994645, -41.47902500000388 ], [ -72.957281999994606, -41.477703000003856 ], [ -72.957175999994618, -41.477424000003872 ], [ -72.956970999994624, -41.476815000003853 ], [ -72.956922999994617, -41.476596000003866 ], [ -72.957126999994628, -41.476489000003845 ], [ -72.956701999994607, -41.475104000003853 ], [ -72.956594999994635, -41.474799000003848 ], [ -72.956421999994603, -41.474475000003871 ], [ -72.956007999994597, -41.473904000003877 ], [ -72.955604999994591, -41.473434000003863 ], [ -72.956338999994614, -41.472833000003874 ], [ -72.955928999994612, -41.472411000003866 ], [ -72.955693999994608, -41.472257000003879 ], [ -72.95487199999458, -41.471715000003854 ], [ -72.953976999994566, -41.471145000003865 ], [ -72.953520999994566, -41.470914000003866 ], [ -72.953201999994562, -41.472214000003859 ], [ -72.953039999994573, -41.472769000003858 ], [ -72.952875999994575, -41.47345300000385 ], [ -72.952793999994569, -41.473845000003848 ], [ -72.952710999994551, -41.474244000003864 ], [ -72.952526999994561, -41.474438000003865 ], [ -72.952337999994555, -41.474536000003852 ], [ -72.951617999994539, -41.474367000003866 ], [ -72.951442999994541, -41.474795000003859 ], [ -72.951187999994545, -41.47517900000387 ], [ -72.950710999994527, -41.475641000003861 ], [ -72.950397999994536, -41.475981000003848 ] ] ] } },
{ "type": "Feature", "properties": { "zona": "1" }, "geometry": { "type": "Polygon", "coordinates": [ [ [ -72.949302999994515, -41.475476000003866 ], [ -72.950394999994529, -41.475979000003854 ], [ -72.950397999994536, -41.475981000003848 ], [ -72.950710999994527, -41.475641000003861 ], [ -72.951187999994545, -41.47517900000387 ], [ -72.951442999994541, -41.474795000003859 ], [ -72.951617999994539, -41.474367000003866 ], [ -72.952337999994555, -41.474536000003852 ], [ -72.952526999994561, -41.474438000003865 ], [ -72.952710999994551, -41.474244000003864 ], [ -72.952793999994569, -41.473845000003848 ], [ -72.952875999994575, -41.47345300000385 ], [ -72.953039999994573, -41.472769000003858 ], [ -72.953201999994562, -41.472214000003859 ], [ -72.952178999994558, -41.472051000003852 ], [ -72.946321999994453, -41.471250000003856 ], [ -72.946153999994479, -41.471852000003857 ], [ -72.946001999994465, -41.47246300000387 ], [ -72.946279999994474, -41.472511000003855 ], [ -72.946174999994454, -41.472915000003859 ], [ -72.945661999994471, -41.473467000003865 ], [ -72.945330999994454, -41.473848000003862 ], [ -72.945850999994477, -41.473998000003853 ], [ -72.946280999994485, -41.474053000003863 ], [ -72.94759999999448, -41.474878000003862 ], [ -72.947893999994491, -41.475018000003857 ], [ -72.948929999994519, -41.475920000003853 ], [ -72.949302999994515, -41.475476000003866 ] ] ] } },
{ "type": "Feature", "properties": { "zona": "11" }, "geometry": { "type": "Polygon", "coordinates": [ [ [ -72.943060999994429, -41.455743000003849 ], [ -72.942745999994415, -41.455837000003854 ], [ -72.942661999994414, -41.456152000003847 ], [ -72.942284999994413, -41.456387000003851 ], [ -72.941906999994401, -41.456702000003858 ], [ -72.9414459999944, -41.457032000003849 ], [ -72.939976999994386, -41.457960000003851 ], [ -72.938802999994351, -41.45863600000385 ], [ -72.937858999994347, -41.459202000003849 ], [ -72.937960999994374, -41.459313000003839 ], [ -72.93809199999437, -41.459416000003856 ], [ -72.938767999994354, -41.45995000000385 ], [ -72.939385999994371, -41.460569000003858 ], [ -72.939902999994374, -41.461421000003838 ], [ -72.940116999994373, -41.462020000003847 ], [ -72.941738999994399, -41.461837000003847 ], [ -72.942338999994405, -41.461795000003846 ], [ -72.942513999994418, -41.461629000003846 ], [ -72.942724999994411, -41.461506000003851 ], [ -72.942965999994428, -41.461349000003857 ], [ -72.944572999994435, -41.460349000003859 ], [ -72.945601999994466, -41.459494000003858 ], [ -72.945842999994454, -41.45919300000385 ], [ -72.947272999994482, -41.458133000003862 ], [ -72.948044999994494, -41.457579000003847 ], [ -72.948510999994497, -41.457109000003832 ], [ -72.948783999994504, -41.45689200000384 ], [ -72.947015999994463, -41.455495000003864 ], [ -72.946423999994465, -41.455109000003844 ], [ -72.946223999994459, -41.454926000003859 ], [ -72.946074999994465, -41.45483500000384 ], [ -72.945648999994461, -41.454431000003858 ], [ -72.945409999994453, -41.454186000003851 ], [ -72.944990999994459, -41.45451700000384 ], [ -72.944612999994433, -41.45475200000385 ], [ -72.944172999994436, -41.455098000003829 ], [ -72.943689999994433, -41.455428000003856 ], [ -72.943060999994429, -41.455743000003849 ] ] ] } },
{ "type": "Feature", "properties": { "zona": "5" }, "geometry": { "type": "Polygon", "coordinates": [ [ [ -72.948783999994504, -41.45689200000384 ], [ -72.948510999994497, -41.457109000003832 ], [ -72.948044999994494, -41.457579000003847 ], [ -72.947272999994482, -41.458133000003862 ], [ -72.945842999994454, -41.45919300000385 ], [ -72.945601999994466, -41.459494000003858 ], [ -72.944572999994435, -41.460349000003859 ], [ -72.942965999994428, -41.461349000003857 ], [ -72.942724999994411, -41.461506000003851 ], [ -72.942513999994418, -41.461629000003846 ], [ -72.942338999994405, -41.461795000003846 ], [ -72.945124999994448, -41.46149800000385 ], [ -72.94584799999447, -41.46143500000386 ], [ -72.948002999994486, -41.461154000003852 ], [ -72.94853599999449, -41.461086000003853 ], [ -72.94827499999451, -41.459683000003849 ], [ -72.954033999994564, -41.459028000003848 ], [ -72.95454399999457, -41.458692000003843 ], [ -72.954697999994579, -41.455372000003841 ], [ -72.954414999994569, -41.455351000003844 ], [ -72.954402999994571, -41.455236000003843 ], [ -72.954383999994562, -41.455078000003844 ], [ -72.954339999994588, -41.454995000003848 ], [ -72.954191999994563, -41.45496700000384 ], [ -72.953687999994585, -41.454990000003853 ], [ -72.952641999994555, -41.455121000003849 ], [ -72.952063999994536, -41.455194000003843 ], [ -72.950905999994532, -41.455579000003851 ], [ -72.950359999994532, -41.455808000003856 ], [ -72.950085999994513, -41.45595200000384 ], [ -72.949507999994509, -41.456193000003843 ], [ -72.948783999994504, -41.45689200000384 ] ] ] } },
{ "type": "Feature", "properties": { "zona": "8" }, "geometry": { "type": "Polygon", "coordinates": [ [ [ -72.946423999994465, -41.455109000003844 ], [ -72.947015999994463, -41.455495000003864 ], [ -72.948783999994504, -41.45689200000384 ], [ -72.949507999994509, -41.456193000003843 ], [ -72.950085999994513, -41.45595200000384 ], [ -72.950359999994532, -41.455808000003856 ], [ -72.950905999994532, -41.455579000003851 ], [ -72.952063999994536, -41.455194000003843 ], [ -72.952641999994555, -41.455121000003849 ], [ -72.953687999994585, -41.454990000003853 ], [ -72.954191999994563, -41.45496700000384 ], [ -72.954339999994588, -41.454995000003848 ], [ -72.954383999994562, -41.455078000003844 ], [ -72.954402999994571, -41.455236000003843 ], [ -72.954414999994569, -41.455351000003844 ], [ -72.954697999994579, -41.455372000003841 ], [ -72.954740999994584, -41.454583000003865 ], [ -72.954774999994584, -41.453969000003845 ], [ -72.953033999994574, -41.453174000003841 ], [ -72.951249999994531, -41.453159000003865 ], [ -72.949714999994512, -41.453159000003851 ], [ -72.948178999994482, -41.453180000003847 ], [ -72.947411999994472, -41.453128000003851 ], [ -72.946436999994461, -41.453174000003834 ], [ -72.945473999994448, -41.453933000003858 ], [ -72.945409999994453, -41.454186000003851 ], [ -72.945648999994461, -41.454431000003858 ], [ -72.946074999994465, -41.45483500000384 ], [ -72.946223999994459, -41.454926000003859 ], [ -72.946423999994465, -41.455109000003844 ] ] ] } },
{ "type": "Feature", "properties": { "zona": "17" }, "geometry": { "type": "Polygon", "coordinates": [ [ [ -72.928669999994227, -41.466083000003856 ], [ -72.929042999994223, -41.465914000003856 ], [ -72.929140999994232, -41.465965000003855 ], [ -72.929218999994234, -41.466024000003863 ], [ -72.929733999994227, -41.465767000003858 ], [ -72.930047999994244, -41.465679000003838 ], [ -72.930175999994233, -41.465613000003842 ], [ -72.930332999994235, -41.465377000003855 ], [ -72.930596999994236, -41.465084000003849 ], [ -72.93067599999425, -41.464929000003835 ], [ -72.93067599999425, -41.464790000003852 ], [ -72.93120499999425, -41.46494400000384 ], [ -72.933292999994279, -41.464856000003849 ], [ -72.93341099999428, -41.464488000003847 ], [ -72.933312999994286, -41.463842000003844 ], [ -72.933412999994289, -41.463722000003862 ], [ -72.933670999994277, -41.463555000003851 ], [ -72.933943999994298, -41.463514000003848 ], [ -72.9345229999943, -41.463436000003846 ], [ -72.934569999994295, -41.463436000003846 ], [ -72.934711999994306, -41.463417000003858 ], [ -72.934933999994314, -41.463419000003846 ], [ -72.935132999994309, -41.463413000003847 ], [ -72.935356999994312, -41.463409000003843 ], [ -72.935532999994308, -41.46342200000386 ], [ -72.93636699999432, -41.463496000003857 ], [ -72.936710999994347, -41.463410000003847 ], [ -72.936915999994341, -41.46387200000386 ], [ -72.938984999994361, -41.463776000003861 ], [ -72.939876999994382, -41.463725000003841 ], [ -72.940013999994378, -41.463769000003857 ], [ -72.94025999999441, -41.463776000003847 ], [ -72.940641999994384, -41.463725000003848 ], [ -72.940974999994381, -41.463673000003858 ], [ -72.9411249999944, -41.46374100000385 ], [ -72.941796999994395, -41.463698000003845 ], [ -72.941994999994407, -41.463645000003851 ], [ -72.942067999994407, -41.463536000003842 ], [ -72.942056999994406, -41.463303000003862 ], [ -72.941528999994404, -41.463313000003851 ], [ -72.940969999994394, -41.463342000003841 ], [ -72.940593999994377, -41.46322500000386 ], [ -72.940283999994378, -41.462674000003844 ], [ -72.940116999994373, -41.462020000003847 ], [ -72.938910999994349, -41.462138000003861 ], [ -72.938616999994352, -41.462101000003855 ], [ -72.934999999994318, -41.462468000003852 ], [ -72.932352999994265, -41.462718000003839 ], [ -72.92704499999418, -41.463299000003857 ], [ -72.927209999994204, -41.464343000003858 ], [ -72.927275999994194, -41.464640000003847 ], [ -72.9272679999942, -41.464753000003839 ], [ -72.927154999994201, -41.465010000003844 ], [ -72.926869999994196, -41.465257000003845 ], [ -72.926660999994183, -41.465446000003851 ], [ -72.92652899999419, -41.465553000003844 ], [ -72.926386999994179, -41.46583200000385 ], [ -72.926517999994189, -41.466022000003854 ], [ -72.927022999994193, -41.466120000003855 ], [ -72.927275999994194, -41.466145000003834 ], [ -72.928076999994204, -41.466268000003843 ], [ -72.928669999994227, -41.466083000003856 ] ] ] } },
{ "type": "Feature", "properties": { "zona": "4" }, "geometry": { "type": "Polygon", "coordinates": [ [ [ -72.940116999994373, -41.462020000003847 ], [ -72.940283999994378, -41.462674000003844 ], [ -72.940593999994377, -41.46322500000386 ], [ -72.940969999994394, -41.463342000003841 ], [ -72.941528999994404, -41.463313000003851 ], [ -72.942056999994406, -41.463303000003862 ], [ -72.942624999994408, -41.463238000003848 ], [ -72.943190999994428, -41.463173000003856 ], [ -72.943629999994428, -41.463251000003858 ], [ -72.944781999994461, -41.463470000003852 ], [ -72.9477609999945, -41.464012000003855 ], [ -72.950187999994526, -41.464450000003865 ], [ -72.951649999994544, -41.464676000003863 ], [ -72.951748999994535, -41.464711000003867 ], [ -72.952506999994554, -41.464846000003853 ], [ -72.952947999994564, -41.464894000003873 ], [ -72.953079999994586, -41.464859000003869 ], [ -72.953235999994561, -41.464791000003849 ], [ -72.949921999994515, -41.462881000003861 ], [ -72.94865999999449, -41.462176000003872 ], [ -72.94742399999447, -41.461755000003848 ], [ -72.946455999994484, -41.461535000003856 ], [ -72.94584799999447, -41.46143500000386 ], [ -72.945124999994448, -41.46149800000385 ], [ -72.942338999994405, -41.461795000003846 ], [ -72.941738999994399, -41.461837000003847 ], [ -72.940116999994373, -41.462020000003847 ] ] ] } },
{ "type": "Feature", "properties": { "zona": "6" }, "geometry": { "type": "Polygon", "coordinates": [ [ [ -72.94584799999447, -41.46143500000386 ], [ -72.946455999994484, -41.461535000003856 ], [ -72.94742399999447, -41.461755000003848 ], [ -72.94865999999449, -41.462176000003872 ], [ -72.949921999994515, -41.462881000003861 ], [ -72.953235999994561, -41.464791000003849 ], [ -72.954032999994581, -41.465228000003847 ], [ -72.954141999994576, -41.463566000003865 ], [ -72.954263999994581, -41.46210200000386 ], [ -72.954283999994573, -41.461979000003858 ], [ -72.954921999994596, -41.460962000003832 ], [ -72.954921999994596, -41.46073800000385 ], [ -72.954664999994577, -41.460653000003866 ], [ -72.954499999994582, -41.46049900000385 ], [ -72.954458999994586, -41.460361000003857 ], [ -72.951873999994547, -41.46066100000386 ], [ -72.94853599999449, -41.461086000003853 ], [ -72.948002999994486, -41.461154000003852 ], [ -72.94584799999447, -41.46143500000386 ] ] ] } },
{ "type": "Feature", "properties": { "zona": "45" }, "geometry": { "type": "Polygon", "coordinates": [ [ [ -72.954458999994586, -41.460361000003857 ], [ -72.954499999994582, -41.46049900000385 ], [ -72.954664999994577, -41.460653000003866 ], [ -72.954921999994596, -41.46073800000385 ], [ -72.954921999994596, -41.460962000003832 ], [ -72.954283999994573, -41.461979000003858 ], [ -72.954263999994581, -41.46210200000386 ], [ -72.954141999994576, -41.463566000003865 ], [ -72.954032999994581, -41.465228000003847 ], [ -72.954138999994584, -41.46528100000387 ], [ -72.956187999994597, -41.466439000003859 ], [ -72.957657999994623, -41.467283000003867 ], [ -72.959184999994633, -41.468154000003857 ], [ -72.960172999994654, -41.468593000003857 ], [ -72.960707999994682, -41.467796000003858 ], [ -72.961660999994677, -41.46630100000386 ], [ -72.963015999994695, -41.464314000003867 ], [ -72.963215999994731, -41.463954000003866 ], [ -72.963517999994707, -41.463519000003856 ], [ -72.964306999994733, -41.462283000003858 ], [ -72.964353999994728, -41.462057000003867 ], [ -72.964341999994744, -41.461926000003864 ], [ -72.964271999994722, -41.461657000003846 ], [ -72.964086999994706, -41.461195000003841 ], [ -72.962982999994694, -41.458402000003865 ], [ -72.960692999994663, -41.458999000003864 ], [ -72.957469999994615, -41.459692000003841 ], [ -72.955926999994617, -41.459963000003853 ], [ -72.955662999994601, -41.459956000003849 ], [ -72.955476999994602, -41.459883000003842 ], [ -72.954833999994591, -41.459699000003852 ], [ -72.954705999994573, -41.459798000003843 ], [ -72.954571999994585, -41.459929000003861 ], [ -72.954448999994582, -41.46009100000385 ], [ -72.954458999994586, -41.460361000003857 ] ] ] } },
{ "type": "Feature", "properties": { "zona": "7" }, "geometry": { "type": "Polygon", "coordinates": [ [ [ -72.94853599999449, -41.461086000003853 ], [ -72.951873999994547, -41.46066100000386 ], [ -72.954458999994586, -41.460361000003857 ], [ -72.954448999994582, -41.46009100000385 ], [ -72.954571999994585, -41.459929000003861 ], [ -72.954705999994573, -41.459798000003843 ], [ -72.954833999994591, -41.459699000003852 ], [ -72.95454399999457, -41.458692000003843 ], [ -72.954033999994564, -41.459028000003848 ], [ -72.94827499999451, -41.459683000003849 ], [ -72.94853599999449, -41.461086000003853 ] ] ] } },
{ "type": "Feature", "properties": { "zona": "3" }, "geometry": { "type": "Polygon", "coordinates": [ [ [ -72.9411249999944, -41.46374100000385 ], [ -72.940955999994401, -41.463813000003846 ], [ -72.940847999994389, -41.463931000003853 ], [ -72.94081799999438, -41.464232000003854 ], [ -72.941004999994405, -41.465165000003857 ], [ -72.941180999994401, -41.46540700000385 ], [ -72.941258999994417, -41.465509000003848 ], [ -72.941474999994398, -41.465547000003859 ], [ -72.942513999994418, -41.465701000003847 ], [ -72.944994999994449, -41.466090000003859 ], [ -72.94486699999446, -41.466539000003863 ], [ -72.944651999994448, -41.466972000003864 ], [ -72.943906999994439, -41.466891000003862 ], [ -72.943858999994447, -41.467024000003853 ], [ -72.943705999994421, -41.467662000003862 ], [ -72.944616999994437, -41.467751000003865 ], [ -72.944990999994459, -41.467796000003844 ], [ -72.945092999994458, -41.467101000003865 ], [ -72.945245999994455, -41.467088000003848 ], [ -72.945799999994449, -41.467598000003861 ], [ -72.945833999994463, -41.467974000003863 ], [ -72.946147999994452, -41.468012000003881 ], [ -72.945833999994463, -41.46923600000386 ], [ -72.945707999994454, -41.469783000003844 ], [ -72.946596999994469, -41.469923000003867 ], [ -72.947656999994479, -41.470018000003854 ], [ -72.947855999994488, -41.470084000003844 ], [ -72.948053999994514, -41.470203000003856 ], [ -72.948260999994503, -41.470253000003844 ], [ -72.948788999994491, -41.470316000003862 ], [ -72.94905899999452, -41.470280000003847 ], [ -72.949638999994505, -41.469962000003868 ], [ -72.950011999994516, -41.469718000003851 ], [ -72.95040199999454, -41.469599000003853 ], [ -72.950750999994526, -41.469703000003861 ], [ -72.952030999994548, -41.470209000003862 ], [ -72.953520999994566, -41.470914000003866 ], [ -72.953660999994568, -41.470148000003853 ], [ -72.954032999994581, -41.468065000003861 ], [ -72.954138999994584, -41.46528100000387 ], [ -72.954032999994581, -41.465228000003847 ], [ -72.953235999994561, -41.464791000003849 ], [ -72.953079999994586, -41.464859000003869 ], [ -72.952947999994564, -41.464894000003873 ], [ -72.952506999994554, -41.464846000003853 ], [ -72.951748999994535, -41.464711000003867 ], [ -72.951649999994544, -41.464676000003863 ], [ -72.950187999994526, -41.464450000003865 ], [ -72.9477609999945, -41.464012000003855 ], [ -72.944781999994461, -41.463470000003852 ], [ -72.943629999994428, -41.463251000003858 ], [ -72.943190999994428, -41.463173000003856 ], [ -72.942624999994408, -41.463238000003848 ], [ -72.942056999994406, -41.463303000003862 ], [ -72.942067999994407, -41.463536000003842 ], [ -72.941994999994407, -41.463645000003851 ], [ -72.941796999994395, -41.463698000003845 ], [ -72.9411249999944, -41.46374100000385 ] ] ] } },
{ "type": "Feature", "properties": { "zona": "22" }, "geometry": { "type": "Polygon", "coordinates": [ [ [ -72.946596999994469, -41.469923000003867 ], [ -72.945707999994454, -41.469783000003844 ], [ -72.945833999994463, -41.46923600000386 ], [ -72.943339999994421, -41.468860000003865 ], [ -72.942562999994408, -41.468717000003863 ], [ -72.942075999994429, -41.470614000003863 ], [ -72.941864999994422, -41.471205000003856 ], [ -72.946153999994479, -41.471852000003857 ], [ -72.946321999994453, -41.471250000003856 ], [ -72.946467999994468, -41.470549000003857 ], [ -72.946596999994469, -41.469923000003867 ] ] ] } },
{ "type": "Feature", "properties": { "zona": "2" }, "geometry": { "type": "Polygon", "coordinates": [ [ [ -72.953520999994566, -41.470914000003866 ], [ -72.952030999994548, -41.470209000003862 ], [ -72.950750999994526, -41.469703000003861 ], [ -72.95040199999454, -41.469599000003853 ], [ -72.950011999994516, -41.469718000003851 ], [ -72.949638999994505, -41.469962000003868 ], [ -72.94905899999452, -41.470280000003847 ], [ -72.948788999994491, -41.470316000003862 ], [ -72.948260999994503, -41.470253000003844 ], [ -72.948053999994514, -41.470203000003856 ], [ -72.947855999994488, -41.470084000003844 ], [ -72.947656999994479, -41.470018000003854 ], [ -72.946596999994469, -41.469923000003867 ], [ -72.946467999994468, -41.470549000003857 ], [ -72.946321999994453, -41.471250000003856 ], [ -72.952178999994558, -41.472051000003852 ], [ -72.953201999994562, -41.472214000003859 ], [ -72.953520999994566, -41.470914000003866 ] ] ] } },
{ "type": "Feature", "properties": { "zona": "44" }, "geometry": { "type": "Polygon", "coordinates": [ [ [ -72.954138999994584, -41.46528100000387 ], [ -72.954032999994581, -41.468065000003861 ], [ -72.953660999994568, -41.470148000003853 ], [ -72.953520999994566, -41.470914000003866 ], [ -72.953976999994566, -41.471145000003865 ], [ -72.95487199999458, -41.471715000003854 ], [ -72.955693999994608, -41.472257000003879 ], [ -72.955928999994612, -41.472411000003866 ], [ -72.956338999994614, -41.472833000003874 ], [ -72.957568999994635, -41.473547000003869 ], [ -72.95888399999464, -41.473960000003871 ], [ -72.959966999994649, -41.474246000003866 ], [ -72.96024399999466, -41.473678000003872 ], [ -72.960694999994672, -41.473770000003846 ], [ -72.961739999994677, -41.473271000003862 ], [ -72.961596999994683, -41.473056000003858 ], [ -72.961862999994679, -41.473048000003857 ], [ -72.962105999994677, -41.472957000003873 ], [ -72.962344999994698, -41.472649000003877 ], [ -72.962621999994695, -41.472319000003864 ], [ -72.962897999994695, -41.472106000003855 ], [ -72.963123999994693, -41.471965000003856 ], [ -72.963370999994709, -41.471837000003866 ], [ -72.964093999994731, -41.471397000003861 ], [ -72.964933999994713, -41.470830000003865 ], [ -72.965538999994735, -41.470506000003866 ], [ -72.963709999994705, -41.469830000003846 ], [ -72.961557999994682, -41.46904600000385 ], [ -72.960172999994654, -41.468593000003857 ], [ -72.959184999994633, -41.468154000003857 ], [ -72.957657999994623, -41.467283000003867 ], [ -72.956187999994597, -41.466439000003859 ], [ -72.954138999994584, -41.46528100000387 ] ] ] } },
{ "type": "Feature", "properties": { "zona": "57" }, "geometry": { "type": "Polygon", "coordinates": [ [ [ -72.961596999994683, -41.473056000003858 ], [ -72.961739999994677, -41.473271000003862 ], [ -72.960694999994672, -41.473770000003846 ], [ -72.96024399999466, -41.473678000003872 ], [ -72.959966999994649, -41.474246000003866 ], [ -72.961382999994683, -41.474673000003854 ], [ -72.964110999994716, -41.475531000003855 ], [ -72.966330999994739, -41.476161000003877 ], [ -72.967086999994763, -41.476451000003877 ], [ -72.967359999994756, -41.476582000003873 ], [ -72.967881999994773, -41.476897000003881 ], [ -72.968379999994767, -41.476628000003863 ], [ -72.969037999994782, -41.476201000003869 ], [ -72.969645999994782, -41.475800000003858 ], [ -72.969797999994796, -41.475612000003863 ], [ -72.970768999994803, -41.474542000003865 ], [ -72.971005999994802, -41.474278000003864 ], [ -72.971468999994812, -41.473698000003871 ], [ -72.970089999994798, -41.473009000003856 ], [ -72.970510999994801, -41.472492000003861 ], [ -72.970417999994794, -41.472438000003862 ], [ -72.969198999994788, -41.471879000003874 ], [ -72.967604999994762, -41.471188000003863 ], [ -72.965538999994735, -41.470506000003866 ], [ -72.964933999994713, -41.470830000003865 ], [ -72.964093999994731, -41.471397000003861 ], [ -72.963370999994709, -41.471837000003866 ], [ -72.963123999994693, -41.471965000003856 ], [ -72.962897999994695, -41.472106000003855 ], [ -72.962621999994695, -41.472319000003864 ], [ -72.962344999994698, -41.472649000003877 ], [ -72.962105999994677, -41.472957000003873 ], [ -72.961862999994679, -41.473048000003857 ], [ -72.961596999994683, -41.473056000003858 ] ] ] } },
{ "type": "Feature", "properties": { "zona": "51" }, "geometry": { "type": "Polygon", "coordinates": [ [ [ -72.962982999994694, -41.458402000003865 ], [ -72.964086999994706, -41.461195000003841 ], [ -72.964271999994722, -41.461657000003846 ], [ -72.964341999994744, -41.461926000003864 ], [ -72.964353999994728, -41.462057000003867 ], [ -72.964306999994733, -41.462283000003858 ], [ -72.963517999994707, -41.463519000003856 ], [ -72.963215999994731, -41.463954000003866 ], [ -72.963015999994695, -41.464314000003867 ], [ -72.961660999994677, -41.46630100000386 ], [ -72.960707999994682, -41.467796000003858 ], [ -72.960172999994654, -41.468593000003857 ], [ -72.961557999994682, -41.46904600000385 ], [ -72.963709999994705, -41.469830000003846 ], [ -72.965538999994735, -41.470506000003866 ], [ -72.965946999994756, -41.470348000003888 ], [ -72.969506999994792, -41.469015000003871 ], [ -72.971530999994812, -41.468274000003866 ], [ -72.970908999994805, -41.467582000003858 ], [ -72.970661999994789, -41.467262000003849 ], [ -72.970356999994792, -41.466913000003856 ], [ -72.970080999994792, -41.46660200000386 ], [ -72.970139999994799, -41.466395000003857 ], [ -72.970427999994797, -41.465819000003862 ], [ -72.970293999994794, -41.465268000003867 ], [ -72.970041999994791, -41.465041000003865 ], [ -72.969925999994786, -41.46434100000387 ], [ -72.969395999994788, -41.463823000003856 ], [ -72.96858699999477, -41.462927000003852 ], [ -72.966288999994745, -41.457663000003848 ], [ -72.962982999994694, -41.458402000003865 ] ] ] } },
{ "type": "Feature", "properties": { "zona": "64" }, "geometry": { "type": "Polygon", "coordinates": [ [ [ -72.970510999994801, -41.472492000003861 ], [ -72.970089999994798, -41.473009000003856 ], [ -72.971468999994812, -41.473698000003871 ], [ -72.971005999994802, -41.474278000003864 ], [ -72.970768999994803, -41.474542000003865 ], [ -72.969797999994796, -41.475612000003863 ], [ -72.969645999994782, -41.475800000003858 ], [ -72.969037999994782, -41.476201000003869 ], [ -72.968379999994767, -41.476628000003863 ], [ -72.967881999994773, -41.476897000003881 ], [ -72.969346999994784, -41.477992000003866 ], [ -72.969904999994796, -41.478498000003874 ], [ -72.970125999994792, -41.478858000003861 ], [ -72.970280999994813, -41.479266000003861 ], [ -72.97027899999479, -41.480102000003868 ], [ -72.97490999999485, -41.480181000003867 ], [ -72.97507499999486, -41.479426000003862 ], [ -72.975618999994865, -41.477099000003861 ], [ -72.975765999994863, -41.476483000003867 ], [ -72.975798999994865, -41.47626900000386 ], [ -72.975830999994884, -41.476074000003855 ], [ -72.975740999994898, -41.475811000003873 ], [ -72.975700999994871, -41.475701000003873 ], [ -72.975512999994862, -41.475414000003859 ], [ -72.974958999994882, -41.474950000003872 ], [ -72.974542999994853, -41.474651000003874 ], [ -72.974285999994834, -41.474402000003856 ], [ -72.974103999994838, -41.474280000003859 ], [ -72.973540999994839, -41.473961000003861 ], [ -72.973174999994839, -41.473769000003863 ], [ -72.972721999994832, -41.473540000003858 ], [ -72.970510999994801, -41.472492000003861 ] ] ] } },
{ "type": "Feature", "properties": { "zona": "50" }, "geometry": { "type": "Polygon", "coordinates": [ [ [ -72.970293999994794, -41.465268000003867 ], [ -72.970427999994797, -41.465819000003862 ], [ -72.970139999994799, -41.466395000003857 ], [ -72.970080999994792, -41.46660200000386 ], [ -72.970356999994792, -41.466913000003856 ], [ -72.970661999994789, -41.467262000003849 ], [ -72.970908999994805, -41.467582000003858 ], [ -72.971530999994812, -41.468274000003866 ], [ -72.974857999994867, -41.466977000003858 ], [ -72.979059999994902, -41.465366000003861 ], [ -72.979949999994929, -41.464949000003863 ], [ -72.978081999994899, -41.462778000003858 ], [ -72.976352999994887, -41.460852000003854 ], [ -72.975795999994872, -41.460213000003854 ], [ -72.974394999994843, -41.458605000003843 ], [ -72.973991999994851, -41.458243000003854 ], [ -72.972592999994831, -41.456665000003852 ], [ -72.97211499999483, -41.456081000003849 ], [ -72.970734999994789, -41.456704000003846 ], [ -72.970291999994799, -41.456917000003848 ], [ -72.969654999994788, -41.457102000003857 ], [ -72.968595999994776, -41.457323000003846 ], [ -72.968171999994766, -41.457401000003848 ], [ -72.967099999994758, -41.457478000003846 ], [ -72.966288999994745, -41.457663000003848 ], [ -72.96858699999477, -41.462927000003852 ], [ -72.969395999994788, -41.463823000003856 ], [ -72.969925999994786, -41.46434100000387 ], [ -72.970041999994791, -41.465041000003865 ], [ -72.970293999994794, -41.465268000003867 ] ] ] } },
{ "type": "Feature", "properties": { "zona": "60" }, "geometry": { "type": "Polygon", "coordinates": [ [ [ -72.994522999995112, -41.512274000003892 ], [ -72.99479399999511, -41.510498000003885 ], [ -72.993293999995103, -41.510104000003885 ], [ -72.991888999995084, -41.509118000003888 ], [ -72.990747999995065, -41.508131000003893 ], [ -72.99039699999507, -41.506947000003898 ], [ -72.99022099999506, -41.506158000003893 ], [ -72.98881599999504, -41.505829000003892 ], [ -72.986708999995003, -41.505369000003888 ], [ -72.984074999994974, -41.501555000003876 ], [ -72.981176999994943, -41.501160000003878 ], [ -72.979069999994906, -41.496820000003893 ], [ -72.978367999994916, -41.496820000003893 ], [ -72.98012399999493, -41.493794000003881 ], [ -72.978806999994916, -41.492150000003875 ], [ -72.974503999994866, -41.489388000003878 ], [ -72.973011999994853, -41.489783000003875 ], [ -72.971342999994803, -41.490638000003862 ], [ -72.97081699999481, -41.491493000003878 ], [ -72.96923599999478, -41.492282000003875 ], [ -72.96651399999476, -41.492413000003879 ], [ -72.964670999994723, -41.491032000003862 ], [ -72.963704999994704, -41.488665000003877 ], [ -72.961772999994679, -41.486955000003867 ], [ -72.959226999994655, -41.486955000003874 ], [ -72.956328999994597, -41.485640000003869 ], [ -72.953694999994582, -41.485048000003871 ], [ -72.953343999994573, -41.484324000003873 ], [ -72.952816999994567, -41.483535000003862 ], [ -72.950500999994532, -41.482378000003855 ], [ -72.94930499999451, -41.482549000003857 ], [ -72.947372999994485, -41.48412700000388 ], [ -72.947197999994501, -41.486495000003856 ], [ -72.95088599999454, -41.489125000003867 ], [ -72.951675999994535, -41.491230000003881 ], [ -72.950972999994534, -41.49333400000387 ], [ -72.970991999994808, -41.501883000003872 ], [ -72.972308999994837, -41.503528000003875 ], [ -72.971606999994819, -41.506684000003872 ], [ -72.978454999994909, -41.51141900000389 ], [ -72.981066999994951, -41.513466000003881 ], [ -72.982354999994968, -41.515136000003892 ], [ -72.984188999994984, -41.516286000003888 ], [ -72.985080999994992, -41.51662000000389 ], [ -72.986071999995005, -41.516843000003895 ], [ -72.988351999995047, -41.516880000003901 ], [ -72.992761999995082, -41.516101000003893 ], [ -72.993950999995107, -41.515396000003889 ], [ -72.993901999995103, -41.5142830000039 ], [ -72.993851999995087, -41.513021000003896 ], [ -72.994522999995112, -41.512274000003892 ] ] ] } },
{ "type": "Feature", "properties": { "zona": "21" }, "geometry": { "type": "Polygon", "coordinates": [ [ [ -72.943705999994421, -41.467662000003862 ], [ -72.943339999994421, -41.468860000003865 ], [ -72.945833999994463, -41.46923600000386 ], [ -72.946147999994452, -41.468012000003881 ], [ -72.945833999994463, -41.467974000003863 ], [ -72.945799999994449, -41.467598000003861 ], [ -72.945245999994455, -41.467088000003848 ], [ -72.945092999994458, -41.467101000003865 ], [ -72.944990999994459, -41.467796000003844 ], [ -72.944616999994437, -41.467751000003865 ], [ -72.943705999994421, -41.467662000003862 ] ] ] } },
{ "type": "Feature", "properties": { "zona": "19" }, "geometry": { "type": "Polygon", "coordinates": [ [ [ -72.942513999994418, -41.465701000003847 ], [ -72.942323999994414, -41.466439000003852 ], [ -72.942317999994415, -41.466752000003858 ], [ -72.943858999994447, -41.467024000003853 ], [ -72.943906999994439, -41.466891000003862 ], [ -72.944651999994448, -41.466972000003864 ], [ -72.94486699999446, -41.466539000003863 ], [ -72.944994999994449, -41.466090000003859 ], [ -72.942513999994418, -41.465701000003847 ] ] ] } },
{ "type": "Feature", "properties": { "zona": "43" }, "geometry": { "type": "Polygon", "coordinates": [ [ [ -72.962073999994686, -41.478638000003869 ], [ -72.961969999994679, -41.478085000003865 ], [ -72.962050999994688, -41.477972000003867 ], [ -72.9618319999947, -41.477635000003865 ], [ -72.961611999994687, -41.477220000003861 ], [ -72.961533999994685, -41.476803000003855 ], [ -72.961493999994687, -41.476176000003861 ], [ -72.961308999994685, -41.475865000003871 ], [ -72.961274999994686, -41.47569200000386 ], [ -72.961250999994661, -41.475380000003881 ], [ -72.961199999994662, -41.475168000003862 ], [ -72.961382999994683, -41.474673000003854 ], [ -72.959966999994649, -41.474246000003866 ], [ -72.95888399999464, -41.473960000003871 ], [ -72.957568999994635, -41.473547000003869 ], [ -72.956338999994614, -41.472833000003874 ], [ -72.955604999994591, -41.473434000003863 ], [ -72.956007999994597, -41.473904000003877 ], [ -72.956421999994603, -41.474475000003871 ], [ -72.956594999994635, -41.474799000003848 ], [ -72.956701999994607, -41.475104000003853 ], [ -72.957126999994628, -41.476489000003845 ], [ -72.956922999994617, -41.476596000003866 ], [ -72.956970999994624, -41.476815000003853 ], [ -72.957175999994618, -41.477424000003872 ], [ -72.957281999994606, -41.477703000003856 ], [ -72.957761999994645, -41.47902500000388 ], [ -72.958001999994622, -41.479669000003867 ], [ -72.958634999994644, -41.479553000003861 ], [ -72.958996999994639, -41.479485000003855 ], [ -72.959616999994651, -41.479369000003864 ], [ -72.960042999994656, -41.479272000003846 ], [ -72.960869999994671, -41.479107000003872 ], [ -72.960869999994671, -41.478769000003851 ], [ -72.961063999994664, -41.478672000003876 ], [ -72.96119299999468, -41.478314000003863 ], [ -72.961541999994679, -41.478420000003858 ], [ -72.962073999994686, -41.478638000003869 ] ] ] } }
]
}
