{
"type": "FeatureCollection",
"name": "Punta Arenas",
"crs": { "type": "name", "properties": { "name": "urn:ogc:def:crs:OGC:1.3:CRS84" } },
"features": [
{ "type": "Feature", "properties": { "zona": "1" }, "geometry": { "type": "Polygon", "coordinates": [ [ [ -70.909513624934348, -53.166913663089204 ], [ -70.909289199209397, -53.166830667811453 ], [ -70.909296667494715, -53.16682714654614 ], [ -70.909315247263507, -53.166823470463136 ], [ -70.90950597585946, -53.166785733041351 ], [ -70.909817186790562, -53.166663552120262 ], [ -70.91010048731475, -53.166552327024341 ], [ -70.913246546667068, -53.165317086156975 ], [ -70.913761240906581, -53.165114985766891 ], [ -70.913799466490957, -53.165099975808261 ], [ -70.913606768491732, -53.164914104769295 ], [ -70.913395770347762, -53.164710580286695 ], [ -70.912730025685192, -53.164068398853708 ], [ -70.912451917502437, -53.163802612735608 ], [ -70.911531887767012, -53.162923321847281 ], [ -70.910616857420578, -53.162048766699911 ], [ -70.90983785576914, -53.161304191174224 ], [ -70.909091713622601, -53.160559301244511 ], [ -70.908005028676854, -53.159524376052438 ], [ -70.907939144686694, -53.159461628386182 ], [ -70.907780132749394, -53.159310185659216 ], [ -70.905891262654023, -53.160047210378828 ], [ -70.904784739025715, -53.160478942415054 ], [ -70.904735811595543, -53.160498031943298 ], [ -70.904711264788887, -53.160507584633237 ], [ -70.90209920771666, -53.161524018322247 ], [ -70.901731993264946, -53.161666904275201 ], [ -70.901555575326299, -53.161735549143785 ], [ -70.90026945206553, -53.162235970547741 ], [ -70.89929927122418, -53.162613442789393 ], [ -70.89870022857788, -53.162842612097279 ], [ -70.898671940027, -53.162853434251417 ], [ -70.898512325765623, -53.162913283503464 ], [ -70.898454705979404, -53.162934888156023 ], [ -70.898346111928802, -53.162975606310646 ], [ -70.897314612692313, -53.163362366879305 ], [ -70.896680197571968, -53.163528086394315 ], [ -70.896334814542513, -53.163750392883294 ], [ -70.895944775832774, -53.164001442095632 ], [ -70.895903730119443, -53.164027861724591 ], [ -70.895891882871979, -53.164035487781575 ], [ -70.895627919767293, -53.164396634122404 ], [ -70.896240416592008, -53.164507780117155 ], [ -70.904043047503137, -53.16592335195633 ], [ -70.905096605880871, -53.166503533225502 ], [ -70.9071055663929, -53.167416878044904 ], [ -70.904770039441658, -53.170635759586787 ], [ -70.906563442121026, -53.171268727306966 ], [ -70.907554721699526, -53.169906587319161 ], [ -70.907037574570424, -53.169722183389005 ], [ -70.908420291768735, -53.167895407400927 ], [ -70.908578581791033, -53.167686271501616 ], [ -70.908601216384781, -53.167656365220019 ], [ -70.908557025364246, -53.16764348964859 ], [ -70.908478381704029, -53.167620576096269 ], [ -70.908435331127919, -53.167607028161108 ], [ -70.908434030327001, -53.167606619082527 ], [ -70.908371957963951, -53.167587084945374 ], [ -70.908300602822138, -53.167564630742994 ], [ -70.908287935098627, -53.16756064520419 ], [ -70.908237665701009, -53.167544825696794 ], [ -70.908200269305311, -53.167532581382972 ], [ -70.90819977145317, -53.167532417624003 ], [ -70.908143809793657, -53.167514093935843 ], [ -70.908074953026528, -53.167491548345083 ], [ -70.908074530712113, -53.167491408774289 ], [ -70.907999336023835, -53.167466788356805 ], [ -70.909029491811239, -53.167090505453572 ], [ -70.909387917320856, -53.166959580565532 ], [ -70.909457177155048, -53.166934281588048 ], [ -70.909478371601267, -53.166926540334032 ], [ -70.909513624934348, -53.166913663089204 ] ] ] } },
{ "type": "Feature", "properties": { "zona": "2" }, "geometry": { "type": "Polygon", "coordinates": [ [ [ -70.860812990391395, -53.135377052922507 ], [ -70.865199978272798, -53.137664649665702 ], [ -70.871052276947466, -53.133911522992285 ], [ -70.871301750059629, -53.133751512412381 ], [ -70.868976799644614, -53.132438557925973 ], [ -70.869145318407277, -53.132305613569791 ], [ -70.870663889247353, -53.131332523045685 ], [ -70.870613475895482, -53.131302358607705 ], [ -70.870416508841316, -53.131184508193904 ], [ -70.870238556908035, -53.131078034727587 ], [ -70.870225657697347, -53.131066341858578 ], [ -70.870221574388594, -53.13105045737305 ], [ -70.870228671538356, -53.131034961313077 ], [ -70.870236770996868, -53.131028495860235 ], [ -70.873381877109622, -53.129037204632574 ], [ -70.87339320080973, -53.129026353918306 ], [ -70.873396569794807, -53.1290107282638 ], [ -70.873797872028263, -53.128772370619401 ], [ -70.873572744266625, -53.128635249545447 ], [ -70.873209134872226, -53.128413779736931 ], [ -70.873099685290455, -53.128306020184326 ], [ -70.873036263717822, -53.128243577152055 ], [ -70.872987223189185, -53.128195293472338 ], [ -70.872702331842206, -53.127914794475693 ], [ -70.872196807112203, -53.127417053976167 ], [ -70.87218809301686, -53.127407231132672 ], [ -70.869761857775941, -53.12467222732554 ], [ -70.869655208446289, -53.12478739366292 ], [ -70.869421688861991, -53.12503955875011 ], [ -70.86694778544728, -53.1279289074334 ], [ -70.865964662450907, -53.129074398727617 ], [ -70.865744351027899, -53.129331086227232 ], [ -70.865153686086302, -53.1300192578395 ], [ -70.864995900857792, -53.130203085911639 ], [ -70.864117767800622, -53.1311864784413 ], [ -70.862783865799031, -53.132710956358153 ], [ -70.862253016435091, -53.13329227708055 ], [ -70.862016843630229, -53.133707004070651 ], [ -70.86197546489079, -53.133779666664992 ], [ -70.861910116982074, -53.133894418376023 ], [ -70.86187642699953, -53.134041812310848 ], [ -70.861865517297872, -53.134089547525804 ], [ -70.861787059803206, -53.13443280778769 ], [ -70.861780587636531, -53.134746762056828 ], [ -70.861516071361578, -53.134919070146431 ], [ -70.861301676111879, -53.135058727182525 ], [ -70.86123603419351, -53.135101486545302 ], [ -70.860882241531243, -53.135331943803045 ], [ -70.860812990391395, -53.135377052922507 ] ] ] } },
{ "type": "Feature", "properties": { "zona": "3" }, "geometry": { "type": "Polygon", "coordinates": [ [ [ -70.932935810445144, -53.175823353162357 ], [ -70.932910158548339, -53.175800197571739 ], [ -70.932890294276817, -53.175782154163862 ], [ -70.932486360452216, -53.17597407220233 ], [ -70.931918761116449, -53.176206941094144 ], [ -70.931205738975365, -53.176499464622147 ], [ -70.930913868357791, -53.176619204133047 ], [ -70.930491594202266, -53.176788230427491 ], [ -70.929969976898164, -53.176996772620228 ], [ -70.92936321387576, -53.177239349506685 ], [ -70.928909111712798, -53.177420891290332 ], [ -70.928838705041386, -53.177449038304111 ], [ -70.928515149191782, -53.177578386832671 ], [ -70.927701660653355, -53.177903590370612 ], [ -70.926868532838753, -53.178236633839063 ], [ -70.926156972857868, -53.178521072181866 ], [ -70.926118583397283, -53.178536417939483 ], [ -70.925938545201248, -53.17860838473063 ], [ -70.925364724933104, -53.178837754701064 ], [ -70.924138732766153, -53.179327796746655 ], [ -70.924036886289102, -53.17936850447456 ], [ -70.923958325200772, -53.179401783671459 ], [ -70.923913279915681, -53.179420865889369 ], [ -70.9238123324577, -53.17946362824663 ], [ -70.923681117100003, -53.179526320947673 ], [ -70.923626408236061, -53.179552459929319 ], [ -70.9232082623504, -53.179783752202212 ], [ -70.922943272326066, -53.179904145859062 ], [ -70.922690609404569, -53.180011243271345 ], [ -70.922498032663455, -53.180080489400581 ], [ -70.922387787282148, -53.180062744179139 ], [ -70.922273949311801, -53.180039171583175 ], [ -70.922271720367618, -53.180037257366529 ], [ -70.922251945037118, -53.180045778256151 ], [ -70.921917568070441, -53.180189855447793 ], [ -70.921870625910884, -53.180210081782228 ], [ -70.921666998546016, -53.18029782042904 ], [ -70.921453696468461, -53.180389726570148 ], [ -70.924188306707094, -53.182382776216237 ], [ -70.924328257240958, -53.182532081351191 ], [ -70.924549026418688, -53.182441524211441 ], [ -70.924630882485488, -53.182407947256031 ], [ -70.92469341887498, -53.18238229546278 ], [ -70.924905749246392, -53.182295197893204 ], [ -70.925009688286195, -53.182252562213975 ], [ -70.925047203651644, -53.18223717332318 ], [ -70.925051588396144, -53.18224072027553 ], [ -70.925061417072428, -53.182248723938187 ], [ -70.925114381663093, -53.182291853386317 ], [ -70.925162262809579, -53.182270940083967 ], [ -70.925392328835883, -53.182170452170965 ], [ -70.925572030700948, -53.182091961674729 ], [ -70.925618535058035, -53.182071649611842 ], [ -70.925900480333596, -53.181948498734251 ], [ -70.925993218169879, -53.18190799190171 ], [ -70.926128412066447, -53.18184894024273 ], [ -70.926176362550294, -53.181827995636816 ], [ -70.926590183704207, -53.181647240205479 ], [ -70.926640286424359, -53.181625355327292 ], [ -70.926713503322603, -53.181593373780217 ], [ -70.92676609047156, -53.18157288998605 ], [ -70.926788388136899, -53.181564281114213 ], [ -70.926852248480941, -53.181539625291371 ], [ -70.926872000007435, -53.181531999682825 ], [ -70.926890722457145, -53.181524724739951 ], [ -70.927479894500024, -53.18129577732406 ], [ -70.92752310558221, -53.181278985986054 ], [ -70.927596711971262, -53.181250382489651 ], [ -70.928012000121583, -53.181089000367507 ], [ -70.928360000524819, -53.180952999934817 ], [ -70.928827063238401, -53.180770397479613 ], [ -70.929155099722053, -53.180642146576588 ], [ -70.929635921177294, -53.180454157639176 ], [ -70.929645621553561, -53.180450365145617 ], [ -70.929776999573221, -53.180398999620351 ], [ -70.929774127068256, -53.180396351977699 ], [ -70.929834069191003, -53.180372885559429 ], [ -70.930001645534844, -53.180307281665591 ], [ -70.930384980206526, -53.180157208338002 ], [ -70.931131015820625, -53.17987321257511 ], [ -70.9319941358861, -53.17954463556751 ], [ -70.932492402198307, -53.179354948110095 ], [ -70.932881848505133, -53.179206684382329 ], [ -70.93355338810494, -53.178951021620662 ], [ -70.935542118631872, -53.178193850129496 ], [ -70.935556109261725, -53.178188523413141 ], [ -70.932935810445144, -53.175823353162357 ] ] ] } },
{ "type": "Feature", "properties": { "zona": "4" }, "geometry": { "type": "Polygon", "coordinates": [ [ [ -70.860812990391395, -53.135377052922507 ], [ -70.860882241531243, -53.135331943803045 ], [ -70.86123603419351, -53.135101486545302 ], [ -70.861301676111879, -53.135058727182525 ], [ -70.861516071361578, -53.134919070146431 ], [ -70.861780587636531, -53.134746762056828 ], [ -70.861787059803206, -53.13443280778769 ], [ -70.861865517297872, -53.134089547525804 ], [ -70.86187642699953, -53.134041812310848 ], [ -70.861910116982074, -53.133894418376023 ], [ -70.86197546489079, -53.133779666664992 ], [ -70.862016843630229, -53.133707004070651 ], [ -70.862253016435091, -53.13329227708055 ], [ -70.862783865799031, -53.132710956358153 ], [ -70.864117767800622, -53.1311864784413 ], [ -70.864995900857792, -53.130203085911639 ], [ -70.865153686086302, -53.1300192578395 ], [ -70.865744351027899, -53.129331086227232 ], [ -70.865964662450907, -53.129074398727617 ], [ -70.86694778544728, -53.1279289074334 ], [ -70.869421688861991, -53.12503955875011 ], [ -70.869655208446289, -53.12478739366292 ], [ -70.869761857775941, -53.12467222732554 ], [ -70.869126879400213, -53.12355426963078 ], [ -70.869222722467697, -53.123230447699619 ], [ -70.869273310482313, -53.123059528780722 ], [ -70.871143035287417, -53.121483821280975 ], [ -70.876091601734089, -53.117312702740904 ], [ -70.876779728490703, -53.116764202369041 ], [ -70.877126555176417, -53.116514624887223 ], [ -70.878912347049322, -53.115229502356478 ], [ -70.879134562490549, -53.115069580031175 ], [ -70.879315217658856, -53.11493956665948 ], [ -70.879403035004032, -53.114876365556512 ], [ -70.879446613604017, -53.114845002271586 ], [ -70.879491047305493, -53.114803444926316 ], [ -70.879527327237824, -53.114769513964369 ], [ -70.879908918079082, -53.114437234097316 ], [ -70.879934061914028, -53.114415339234036 ], [ -70.880257444836957, -53.114088742682974 ], [ -70.880472794805883, -53.113861585856299 ], [ -70.880511833177437, -53.113820407880837 ], [ -70.880733439951726, -53.113586648692667 ], [ -70.880879789154207, -53.113395668115146 ], [ -70.881091108180073, -53.113119898673553 ], [ -70.881226072291213, -53.112943770066003 ], [ -70.881304308755247, -53.112841670782565 ], [ -70.881660980232695, -53.112504151081623 ], [ -70.881774418862818, -53.112403939702581 ], [ -70.882140606485024, -53.112080445346528 ], [ -70.882503022177943, -53.111724080984409 ], [ -70.883044408264126, -53.111233487904848 ], [ -70.883119272442499, -53.111167056736576 ], [ -70.8838228324921, -53.110542734480511 ], [ -70.884345440349776, -53.11007896933463 ], [ -70.877836725478161, -53.107443691563176 ], [ -70.875392148510613, -53.112670005834374 ], [ -70.873219687128696, -53.114657139249026 ], [ -70.865961670110536, -53.121754158224405 ], [ -70.853361322064814, -53.130158454592589 ], [ -70.860279420568105, -53.13500343623506 ], [ -70.860376717225847, -53.135071565532336 ], [ -70.860741573080233, -53.135327045812524 ], [ -70.860812990391395, -53.135377052922507 ] ] ] } },
{ "type": "Feature", "properties": { "zona": "5" }, "geometry": { "type": "Polygon", "coordinates": [ [ [ -70.890742893046891, -53.143181681646446 ], [ -70.890631914092054, -53.14325352574874 ], [ -70.890052995772322, -53.143588859185023 ], [ -70.889478892939877, -53.143921395027746 ], [ -70.888969691186517, -53.144216331291567 ], [ -70.888228707786851, -53.144645507892278 ], [ -70.888125745623086, -53.144705142762021 ], [ -70.88808207390592, -53.144731040502585 ], [ -70.888031643518431, -53.14476094595237 ], [ -70.887957515807571, -53.144804903490694 ], [ -70.887679715371448, -53.144969639167208 ], [ -70.887564956942029, -53.145037689450909 ], [ -70.887401397435767, -53.145134678369217 ], [ -70.887386337469337, -53.145143740563555 ], [ -70.88722105234892, -53.145243196451126 ], [ -70.886869442419695, -53.145454764419505 ], [ -70.886355329281642, -53.14576410842713 ], [ -70.886293770045981, -53.145801147638821 ], [ -70.886103077467084, -53.145915791988763 ], [ -70.885694430462664, -53.14616146577135 ], [ -70.885680250021935, -53.146169991465044 ], [ -70.88567737007854, -53.146171723332515 ], [ -70.885625285832006, -53.146203035978061 ], [ -70.885569645326569, -53.14623648615801 ], [ -70.88556621135406, -53.14623855058278 ], [ -70.885633200593446, -53.146279541454248 ], [ -70.885731852008945, -53.146339908176614 ], [ -70.885851603576356, -53.146413184277399 ], [ -70.88597725235573, -53.146490069193639 ], [ -70.886177825553901, -53.146612798811553 ], [ -70.886617127383786, -53.146881603986095 ], [ -70.88692433386899, -53.147069577387903 ], [ -70.887331229488112, -53.1473185448843 ], [ -70.887576953344862, -53.147468894415248 ], [ -70.887894958961866, -53.147663468232864 ], [ -70.887967052753154, -53.147687858149339 ], [ -70.888068000740276, -53.14770976190276 ], [ -70.888188896053478, -53.147735993293942 ], [ -70.888373268472293, -53.147778546633617 ], [ -70.888439618729819, -53.147802668363958 ], [ -70.888519415191524, -53.147831679133425 ], [ -70.888581357707011, -53.147855111313305 ], [ -70.888593280924496, -53.147859622071529 ], [ -70.888879533158601, -53.148067949705322 ], [ -70.888969373181908, -53.148132077676671 ], [ -70.889012328207016, -53.148162738728431 ], [ -70.889100813937389, -53.148233269692952 ], [ -70.889145347591139, -53.148268765597813 ], [ -70.889468572765566, -53.148511115365018 ], [ -70.889685909551105, -53.148674069594044 ], [ -70.890024997333924, -53.14892830701811 ], [ -70.890194025403105, -53.149055037788088 ], [ -70.890617685561253, -53.14937267669044 ], [ -70.890795525440566, -53.149447149191296 ], [ -70.890859603199786, -53.149473982332594 ], [ -70.890876244857324, -53.149480951627197 ], [ -70.890912506886323, -53.14950541108184 ], [ -70.891281549283875, -53.149870469800383 ], [ -70.891399662469894, -53.149987307138751 ], [ -70.891722354179009, -53.150306506489052 ], [ -70.891843325521791, -53.150426168700761 ], [ -70.89206026898654, -53.150640759800261 ], [ -70.89210421431423, -53.150684228665824 ], [ -70.892146530121053, -53.150726085857833 ], [ -70.892753781340716, -53.150511228709846 ], [ -70.892957907353292, -53.150439004438169 ], [ -70.893835495761223, -53.15012848467758 ], [ -70.894066838414673, -53.15004662674361 ], [ -70.895157176179012, -53.149660810706017 ], [ -70.895270056724726, -53.149620867276127 ], [ -70.895422637540989, -53.149566874772361 ], [ -70.895877645832996, -53.149405863230257 ], [ -70.89612012209929, -53.149320777549391 ], [ -70.896076494004149, -53.149268240007409 ], [ -70.896003905916629, -53.14918374325962 ], [ -70.895949187711707, -53.14912004692566 ], [ -70.895805463261141, -53.148952739636258 ], [ -70.89564480795741, -53.148765721051873 ], [ -70.895641993591127, -53.148762444820775 ], [ -70.895606884064179, -53.148721573506066 ], [ -70.895524582224624, -53.14862576636019 ], [ -70.895381097966961, -53.148458734863262 ], [ -70.895018198299866, -53.148036273064548 ], [ -70.894979878451295, -53.147991662740161 ], [ -70.894469880304811, -53.147397942720566 ], [ -70.892227100784808, -53.144786770166569 ], [ -70.891186619226261, -53.1435752639592 ], [ -70.890939133336715, -53.143287086999784 ], [ -70.890810838603187, -53.143137696782318 ], [ -70.890742893046891, -53.143181681646446 ] ] ] } },
{ "type": "Feature", "properties": { "zona": "6" }, "geometry": { "type": "Polygon", "coordinates": [ [ [ -70.88905560230333, -53.151816766602707 ], [ -70.889165809561163, -53.151777656646381 ], [ -70.889258703442238, -53.151744690293853 ], [ -70.889403589312508, -53.151693273816832 ], [ -70.889788208002415, -53.151556779172708 ], [ -70.889952082442107, -53.151497660547172 ], [ -70.890059269414195, -53.151458992319633 ], [ -70.89063363833354, -53.151251781689226 ], [ -70.890705017839934, -53.151226825276517 ], [ -70.890730362727837, -53.151217964276704 ], [ -70.890762527368054, -53.151206717620099 ], [ -70.890965459643496, -53.151135766096488 ], [ -70.89098621112133, -53.1511285103565 ], [ -70.891358226561906, -53.15099843983441 ], [ -70.892022454314699, -53.150766194635061 ], [ -70.892146530121053, -53.150726085857833 ], [ -70.89210421431423, -53.150684228665824 ], [ -70.89206026898654, -53.150640759800261 ], [ -70.891843325521791, -53.150426168700761 ], [ -70.891722354179009, -53.150306506489052 ], [ -70.891399662469894, -53.149987307138751 ], [ -70.891281549283875, -53.149870469800383 ], [ -70.890912506886323, -53.14950541108184 ], [ -70.890876244857324, -53.149480951627197 ], [ -70.890859603199786, -53.149473982332594 ], [ -70.890795525440566, -53.149447149191296 ], [ -70.890617685561253, -53.14937267669044 ], [ -70.890194025403105, -53.149055037788088 ], [ -70.890024997333924, -53.14892830701811 ], [ -70.889685909551105, -53.148674069594044 ], [ -70.889468572765566, -53.148511115365018 ], [ -70.889145347591139, -53.148268765597813 ], [ -70.889100813937389, -53.148233269692952 ], [ -70.889012328207016, -53.148162738728431 ], [ -70.888969373181908, -53.148132077676671 ], [ -70.888879533158601, -53.148067949705322 ], [ -70.888593280924496, -53.147859622071529 ], [ -70.888581357707011, -53.147855111313305 ], [ -70.888519415191524, -53.147831679133425 ], [ -70.888439618729819, -53.147802668363958 ], [ -70.888373268472293, -53.147778546633617 ], [ -70.888188896053478, -53.147735993293942 ], [ -70.888068000740276, -53.14770976190276 ], [ -70.887967052753154, -53.147687858149339 ], [ -70.887894958961866, -53.147663468232864 ], [ -70.887576953344862, -53.147468894415248 ], [ -70.887331229488112, -53.1473185448843 ], [ -70.88692433386899, -53.147069577387903 ], [ -70.886617127383786, -53.146881603986095 ], [ -70.886177825553901, -53.146612798811553 ], [ -70.88597725235573, -53.146490069193639 ], [ -70.885851603576356, -53.146413184277399 ], [ -70.885731852008945, -53.146339908176614 ], [ -70.885633200593446, -53.146279541454248 ], [ -70.88556621135406, -53.14623855058278 ], [ -70.885415298811381, -53.146329822381396 ], [ -70.88525781211797, -53.14642506927548 ], [ -70.88512898422897, -53.146502010225475 ], [ -70.884708593010927, -53.146753081944134 ], [ -70.884492891368197, -53.14688259619799 ], [ -70.884279747487966, -53.147010573991849 ], [ -70.88415392417275, -53.147093756628358 ], [ -70.883994270737034, -53.147199302591105 ], [ -70.883874453634888, -53.147296546303224 ], [ -70.883827764723904, -53.147334440051168 ], [ -70.883772507446892, -53.147350298951181 ], [ -70.883620376173496, -53.147393961453659 ], [ -70.883397055055141, -53.147458056615264 ], [ -70.883266764387315, -53.147495451923426 ], [ -70.883266492006172, -53.147495530650268 ], [ -70.882962621832775, -53.147593743625883 ], [ -70.883013391278737, -53.147667359575664 ], [ -70.883249845218629, -53.148010213585785 ], [ -70.883599275347834, -53.149321860632483 ], [ -70.884000299646686, -53.151335048326992 ], [ -70.884149810372108, -53.152254191567131 ], [ -70.884442758685481, -53.153164018710662 ], [ -70.88453804539644, -53.153301822746897 ], [ -70.884571753088636, -53.153350570537832 ], [ -70.885411177887093, -53.153076468063638 ], [ -70.885458812390027, -53.153060913048684 ], [ -70.885567875950755, -53.153025299381376 ], [ -70.885773930609204, -53.152973387929798 ], [ -70.88590882512807, -53.152939403616401 ], [ -70.886126333454158, -53.152862650386098 ], [ -70.887160129323931, -53.152497842607787 ], [ -70.887545917165099, -53.152361701318888 ], [ -70.887644381632171, -53.152326141994614 ], [ -70.889009378278871, -53.1518331706094 ], [ -70.88904682252091, -53.151819882310079 ], [ -70.88904859457223, -53.151819253608053 ], [ -70.889051055896431, -53.151818380665539 ], [ -70.88905560230333, -53.151816766602707 ] ] ] } },
{ "type": "Feature", "properties": { "zona": "7" }, "geometry": { "type": "Polygon", "coordinates": [ [ [ -70.891905727548306, -53.152474347689768 ], [ -70.891905860994839, -53.152474470144149 ], [ -70.891918985749072, -53.152486573946682 ], [ -70.892572988308473, -53.153089677909939 ], [ -70.892654162401811, -53.153164533982078 ], [ -70.892699619245761, -53.153206452650082 ], [ -70.892759953512254, -53.153262090000489 ], [ -70.893181599202279, -53.15365090494155 ], [ -70.893311805056797, -53.153770971632341 ], [ -70.893340505465758, -53.15379743780754 ], [ -70.893473242687435, -53.153919837960103 ], [ -70.893739112880368, -53.154164998682468 ], [ -70.893824868049322, -53.154244073647078 ], [ -70.893825918751801, -53.154245042785433 ], [ -70.893866686739401, -53.1542826349365 ], [ -70.893877012920584, -53.154292151851052 ], [ -70.89390101144528, -53.154314270709733 ], [ -70.894035413958733, -53.154438147207976 ], [ -70.894076212688447, -53.154475750237751 ], [ -70.894223236683587, -53.154611257486032 ], [ -70.894330445819165, -53.154710067271665 ], [ -70.894423920724861, -53.154796219862739 ], [ -70.894626490693142, -53.154982919285167 ], [ -70.894748290446785, -53.155095175429132 ], [ -70.894778792752149, -53.155123287579713 ], [ -70.89485297809675, -53.155191658618413 ], [ -70.894867121373352, -53.15520469410162 ], [ -70.895394009737188, -53.154995920665549 ], [ -70.895549991808437, -53.15493411364973 ], [ -70.895757598573667, -53.154851850161961 ], [ -70.895867336127921, -53.154808869398217 ], [ -70.896059650483309, -53.154733543976377 ], [ -70.896354869564533, -53.154617912231984 ], [ -70.896419152468653, -53.154607207577492 ], [ -70.896507759563178, -53.154634703226613 ], [ -70.896520379749859, -53.154638619194245 ], [ -70.896551723500579, -53.154668976453372 ], [ -70.89665244807027, -53.154766528464549 ], [ -70.896919444296444, -53.155025116020077 ], [ -70.896977319398843, -53.155081168195309 ], [ -70.897051740863873, -53.155153244980156 ], [ -70.897130076940229, -53.155228743813083 ], [ -70.897156202360293, -53.155253921934928 ], [ -70.897315323178503, -53.155407277091911 ], [ -70.897328524444504, -53.15541999910058 ], [ -70.897382746234655, -53.155472256567343 ], [ -70.897394404448562, -53.155483491415673 ], [ -70.897413771186066, -53.1555021563927 ], [ -70.897428312736878, -53.155516170535307 ], [ -70.897462746448667, -53.155503180508092 ], [ -70.897494416653913, -53.155491233976363 ], [ -70.897504838333987, -53.155487302610915 ], [ -70.898293127245779, -53.15518992663845 ], [ -70.898293313515822, -53.155189856600742 ], [ -70.898567393387253, -53.155086460148823 ], [ -70.898786376307029, -53.155003847998529 ], [ -70.898831538058161, -53.154986809838512 ], [ -70.8989179228425, -53.154954220439315 ], [ -70.89892848241125, -53.154950237035742 ], [ -70.899355705049189, -53.154784751196104 ], [ -70.899622737887469, -53.154681314450343 ], [ -70.900091440912462, -53.154499756298492 ], [ -70.900216618892813, -53.15445126609599 ], [ -70.900288204414196, -53.154426138315699 ], [ -70.900437354927902, -53.154373784099121 ], [ -70.900441894677769, -53.15437219096286 ], [ -70.900390689209701, -53.154298162346699 ], [ -70.900364317285749, -53.154267570956009 ], [ -70.900209836407726, -53.154088369869982 ], [ -70.898725252955984, -53.152366148986431 ], [ -70.898679019668464, -53.152312512433269 ], [ -70.898663380922713, -53.15229436934839 ], [ -70.89863051775545, -53.152256243732346 ], [ -70.898556706722673, -53.152170614459877 ], [ -70.898420667744176, -53.152012790973551 ], [ -70.897233146276733, -53.150635047102682 ], [ -70.897220635407493, -53.150620531750405 ], [ -70.897159126277813, -53.150565845671501 ], [ -70.897139738811205, -53.150545446425866 ], [ -70.896921178892924, -53.150613181107943 ], [ -70.896878831801402, -53.15062889700156 ], [ -70.896678814694113, -53.150703128242718 ], [ -70.896614355936123, -53.15072705054299 ], [ -70.896556696780195, -53.150748448501226 ], [ -70.896201114234302, -53.150880410209453 ], [ -70.896000409133876, -53.150954894561742 ], [ -70.895998109978208, -53.150955748055161 ], [ -70.895783918079559, -53.151035236808575 ], [ -70.895312148998812, -53.151210311899789 ], [ -70.895234953421181, -53.15123895909111 ], [ -70.895178509167451, -53.151259905378005 ], [ -70.895088584283428, -53.15129327564177 ], [ -70.894559342316029, -53.151489674136066 ], [ -70.894372118132921, -53.151559150114444 ], [ -70.894312266074124, -53.151581360967008 ], [ -70.893770304799133, -53.151782472270384 ], [ -70.893715497390318, -53.1518028105287 ], [ -70.893630998676286, -53.151834165870973 ], [ -70.893478663317893, -53.151890693385155 ], [ -70.893066975714291, -53.152043458342298 ], [ -70.89289514960366, -53.152107216414272 ], [ -70.892828254095008, -53.152132038475948 ], [ -70.892669425345062, -53.152190973720735 ], [ -70.892285722099103, -53.15233335017804 ], [ -70.892143447667848, -53.152386141361717 ], [ -70.89191540876385, -53.152470755559825 ], [ -70.891913570257927, -53.152471437781685 ], [ -70.891905727548306, -53.152474347689768 ] ] ] } },
{ "type": "Feature", "properties": { "zona": "8" }, "geometry": { "type": "Polygon", "coordinates": [ [ [ -70.90047393305629, -53.121492075837594 ], [ -70.900511645040964, -53.121512309742599 ], [ -70.900538998667216, -53.121527899937107 ], [ -70.900789388608771, -53.121670612606565 ], [ -70.903225731191753, -53.123059157449845 ], [ -70.903342116590281, -53.123125485419607 ], [ -70.903085446683846, -53.123266892250172 ], [ -70.903575987288704, -53.12357077268301 ], [ -70.905136506132891, -53.124537442429123 ], [ -70.910659668885273, -53.12785649625291 ], [ -70.910687868866361, -53.127873440857606 ], [ -70.910916446266071, -53.128010784752739 ], [ -70.91097528997652, -53.128046141420157 ], [ -70.911320796314456, -53.127837958758874 ], [ -70.911421917978316, -53.127777027958473 ], [ -70.911957238783145, -53.127454466793658 ], [ -70.911965131273661, -53.127449710547637 ], [ -70.913428495713248, -53.12656791124386 ], [ -70.91403221120791, -53.126204105797605 ], [ -70.914286942835901, -53.126050598883367 ], [ -70.915278034222766, -53.125453330037473 ], [ -70.915545418477407, -53.125292189832983 ], [ -70.919107763142918, -53.123127842963491 ], [ -70.921484962046875, -53.121683362286994 ], [ -70.922386641032588, -53.121135426885814 ], [ -70.922314562570449, -53.121107985071383 ], [ -70.922162243975194, -53.121057475646317 ], [ -70.921881499203749, -53.120951450350006 ], [ -70.921580807352797, -53.120805467728509 ], [ -70.921423613802958, -53.120710820310784 ], [ -70.921233965244937, -53.120582927500244 ], [ -70.920938339595509, -53.120383565115361 ], [ -70.920611115588969, -53.120204537902609 ], [ -70.920273928930058, -53.120068010410428 ], [ -70.919837200304968, -53.119917353924912 ], [ -70.919344536241198, -53.119793336639617 ], [ -70.919004363422232, -53.119734592553641 ], [ -70.918975107549286, -53.119729540049548 ], [ -70.918752329898908, -53.119691067439526 ], [ -70.918544627767176, -53.11965519815255 ], [ -70.918075468733505, -53.119596245670941 ], [ -70.917969996143285, -53.119582742712318 ], [ -70.917919828913568, -53.11957632050995 ], [ -70.917882583966744, -53.119571551993843 ], [ -70.917389478461402, -53.119508422591757 ], [ -70.916705476787627, -53.119351612330256 ], [ -70.915875667771658, -53.119164481589372 ], [ -70.915158293321269, -53.119006917636334 ], [ -70.91465669882497, -53.118914705181304 ], [ -70.913526767039855, -53.118690214454908 ], [ -70.913243711038305, -53.118627389284285 ], [ -70.91268753736901, -53.118503941634302 ], [ -70.912479956965356, -53.118457866467892 ], [ -70.911912330769937, -53.118331872206831 ], [ -70.911242776800108, -53.118183248643462 ], [ -70.909812079004112, -53.117876973036289 ], [ -70.90934845630089, -53.117744288326577 ], [ -70.909188166392042, -53.117698414408608 ], [ -70.908848950825302, -53.117587189321583 ], [ -70.908726944984537, -53.117547184313501 ], [ -70.908652690662677, -53.117522836344072 ], [ -70.908603640777599, -53.117504702952907 ], [ -70.90855174597786, -53.117592565694139 ], [ -70.908471705191985, -53.117635508473207 ], [ -70.90827368201397, -53.117687718604607 ], [ -70.908081150841483, -53.117782006746879 ], [ -70.90777676552915, -53.117887676877451 ], [ -70.907508701307222, -53.117954611053577 ], [ -70.907268440259003, -53.117985015207481 ], [ -70.90047393305629, -53.121492075837594 ] ] ] } },
{ "type": "Feature", "properties": { "zona": "9" }, "geometry": { "type": "Polygon", "coordinates": [ [ [ -70.890882402915494, -53.155472869308426 ], [ -70.891042744875037, -53.155622982075847 ], [ -70.891074421937205, -53.155652638086671 ], [ -70.891138360051173, -53.155712495610139 ], [ -70.891358859624617, -53.155918924491566 ], [ -70.891373728706753, -53.155932843672211 ], [ -70.891473685638346, -53.156026421866699 ], [ -70.891537707230015, -53.156086356704947 ], [ -70.891708635932432, -53.156246375132326 ], [ -70.891739661444788, -53.156275420119599 ], [ -70.891820169731105, -53.156350788912953 ], [ -70.892028561791619, -53.156545876446884 ], [ -70.892376981402748, -53.156872045663654 ], [ -70.892519145255022, -53.157005129138767 ], [ -70.892680778742758, -53.157156438262142 ], [ -70.892786377568854, -53.157255290009033 ], [ -70.892830860887614, -53.157296932033887 ], [ -70.893304660282283, -53.157734262764919 ], [ -70.893716844852008, -53.158114713208029 ], [ -70.893810442077097, -53.158201103376662 ], [ -70.893900990485108, -53.158286293408231 ], [ -70.893982403626353, -53.158362888280301 ], [ -70.894393693265854, -53.158749833437938 ], [ -70.89479000982287, -53.159122684722853 ], [ -70.894991004825044, -53.159309295463778 ], [ -70.895151908003839, -53.159458681225104 ], [ -70.895249279409114, -53.159549082087103 ], [ -70.895335877414709, -53.159629481091912 ], [ -70.895782305006207, -53.160043945427958 ], [ -70.896333167612781, -53.160578281276912 ], [ -70.896417116427557, -53.160545622040871 ], [ -70.896423250440577, -53.160543235772124 ], [ -70.89662175092046, -53.160466010396242 ], [ -70.897085318445349, -53.160285661275516 ], [ -70.897664960030795, -53.160062889164173 ], [ -70.898167433515226, -53.159901714800952 ], [ -70.8985142211435, -53.159877974812474 ], [ -70.898649096407183, -53.159865410087761 ], [ -70.898849847623353, -53.159846709007553 ], [ -70.899134711013048, -53.159849393620149 ], [ -70.899617782437076, -53.159886732554362 ], [ -70.899896688455087, -53.159908288821015 ], [ -70.899917062264549, -53.159909863903103 ], [ -70.900820460443697, -53.159979684300588 ], [ -70.901810370802394, -53.16005618292423 ], [ -70.902201259857193, -53.160086387817714 ], [ -70.902903476255318, -53.160161847638278 ], [ -70.903141670052264, -53.160187443039547 ], [ -70.903449541645983, -53.160198049815762 ], [ -70.903760126637309, -53.160180188049509 ], [ -70.903824126593221, -53.160163634060503 ], [ -70.904003737737952, -53.160117176696133 ], [ -70.90405751009483, -53.160096107093757 ], [ -70.904182205629027, -53.160047246002172 ], [ -70.904238880631851, -53.160025038498098 ], [ -70.904240452964288, -53.160024386496566 ], [ -70.904150000526627, -53.159936999605335 ], [ -70.904140999958514, -53.15992799977775 ], [ -70.904091252533831, -53.159880302223847 ], [ -70.904078576078803, -53.159868147835802 ], [ -70.90385899884653, -53.15965761607228 ], [ -70.903818497378481, -53.15961878276719 ], [ -70.903703999368489, -53.159509000097664 ], [ -70.903611694664576, -53.159420090754807 ], [ -70.903520410177421, -53.159332163723413 ], [ -70.90342671486529, -53.159241914540154 ], [ -70.902801571043895, -53.15863974917378 ], [ -70.902770624395686, -53.158609939912523 ], [ -70.902636367873299, -53.158482086686575 ], [ -70.902139262286383, -53.158008680939929 ], [ -70.901885513086242, -53.157767024574099 ], [ -70.901840973333577, -53.15772460781475 ], [ -70.901825771904882, -53.157710130718158 ], [ -70.901805855073874, -53.157691162386982 ], [ -70.901756756598786, -53.157644966819909 ], [ -70.901709493161107, -53.157600495977128 ], [ -70.9015927101579, -53.157490615241791 ], [ -70.90151315451547, -53.157415761185227 ], [ -70.901244795557531, -53.157163258340212 ], [ -70.901171577543067, -53.157094366228463 ], [ -70.901168000091104, -53.157090999971793 ], [ -70.901160999820263, -53.157084999638471 ], [ -70.901156455822544, -53.157080658217126 ], [ -70.901076867693803, -53.157004607198303 ], [ -70.900924343969038, -53.156858863969084 ], [ -70.900836493157612, -53.156774916698161 ], [ -70.900587830792432, -53.156534867483941 ], [ -70.900549870902537, -53.156498222875626 ], [ -70.900227163480508, -53.156186688878527 ], [ -70.900161501810558, -53.156123301101935 ], [ -70.899873975457879, -53.155845725135229 ], [ -70.899533684107652, -53.155523435627053 ], [ -70.899305059528004, -53.155306903714738 ], [ -70.89892848241125, -53.154950237035742 ], [ -70.8989179228425, -53.154954220439315 ], [ -70.898831538058161, -53.154986809838512 ], [ -70.898786376307029, -53.155003847998529 ], [ -70.898567393387253, -53.155086460148823 ], [ -70.898293313515822, -53.155189856600742 ], [ -70.898293127245779, -53.15518992663845 ], [ -70.897504838333987, -53.155487302610915 ], [ -70.897494416653913, -53.155491233976363 ], [ -70.897462746448667, -53.155503180508092 ], [ -70.897428312736878, -53.155516170535307 ], [ -70.897413771186066, -53.1555021563927 ], [ -70.897394404448562, -53.155483491415673 ], [ -70.897382746234655, -53.155472256567343 ], [ -70.897328524444504, -53.15541999910058 ], [ -70.897315323178503, -53.155407277091911 ], [ -70.897156202360293, -53.155253921934928 ], [ -70.897130076940229, -53.155228743813083 ], [ -70.897051740863873, -53.155153244980156 ], [ -70.896977319398843, -53.155081168195309 ], [ -70.896919444296444, -53.155025116020077 ], [ -70.89665244807027, -53.154766528464549 ], [ -70.896551723500579, -53.154668976453372 ], [ -70.896520379749859, -53.154638619194245 ], [ -70.896507759563178, -53.154634703226613 ], [ -70.896419152468653, -53.154607207577492 ], [ -70.896354869564533, -53.154617912231984 ], [ -70.896059650483309, -53.154733543976377 ], [ -70.895867336127921, -53.154808869398217 ], [ -70.895757598573667, -53.154851850161961 ], [ -70.895549991808437, -53.15493411364973 ], [ -70.895394009737188, -53.154995920665549 ], [ -70.894867121373352, -53.15520469410162 ], [ -70.89485297809675, -53.155191658618413 ], [ -70.894778792752149, -53.155123287579713 ], [ -70.894748290446785, -53.155095175429132 ], [ -70.894626490693142, -53.154982919285167 ], [ -70.894423920724861, -53.154796219862739 ], [ -70.894330445819165, -53.154710067271665 ], [ -70.894223236683587, -53.154611257486032 ], [ -70.894076212688447, -53.154475750237751 ], [ -70.894035413958733, -53.154438147207976 ], [ -70.89390101144528, -53.154314270709733 ], [ -70.893877012920584, -53.154292151851052 ], [ -70.893866686739401, -53.1542826349365 ], [ -70.893280644469741, -53.154518631402667 ], [ -70.893143744967048, -53.154573759480421 ], [ -70.892370346130164, -53.154885193231983 ], [ -70.892078163344337, -53.155000596306273 ], [ -70.891861586758935, -53.155086136446897 ], [ -70.891324525967889, -53.155298252797124 ], [ -70.890944050065684, -53.155448521769451 ], [ -70.890882402915494, -53.155472869308426 ] ] ] } },
{ "type": "Feature", "properties": { "zona": "10" }, "geometry": { "type": "Polygon", "coordinates": [ [ [ -70.900441894677769, -53.15437219096286 ], [ -70.900437354927902, -53.154373784099121 ], [ -70.900288204414196, -53.154426138315699 ], [ -70.900216618892813, -53.15445126609599 ], [ -70.900091440912462, -53.154499756298492 ], [ -70.899622737887469, -53.154681314450343 ], [ -70.899355705049189, -53.154784751196104 ], [ -70.89892848241125, -53.154950237035742 ], [ -70.899305059528004, -53.155306903714738 ], [ -70.899533684107652, -53.155523435627053 ], [ -70.899873975457879, -53.155845725135229 ], [ -70.900161501810558, -53.156123301101935 ], [ -70.900227163480508, -53.156186688878527 ], [ -70.900549870902537, -53.156498222875626 ], [ -70.900587830792432, -53.156534867483941 ], [ -70.900836493157612, -53.156774916698161 ], [ -70.900924343969038, -53.156858863969084 ], [ -70.901076867693803, -53.157004607198303 ], [ -70.901156455822544, -53.157080658217126 ], [ -70.901160999820263, -53.157084999638471 ], [ -70.901168000091104, -53.157090999971793 ], [ -70.901171577543067, -53.157094366228463 ], [ -70.901244795557531, -53.157163258340212 ], [ -70.90151315451547, -53.157415761185227 ], [ -70.9015927101579, -53.157490615241791 ], [ -70.901709493161107, -53.157600495977128 ], [ -70.901756756598786, -53.157644966819909 ], [ -70.901805855073874, -53.157691162386982 ], [ -70.901825771904882, -53.157710130718158 ], [ -70.901840973333577, -53.15772460781475 ], [ -70.901885513086242, -53.157767024574099 ], [ -70.902139262286383, -53.158008680939929 ], [ -70.902636367873299, -53.158482086686575 ], [ -70.902770624395686, -53.158609939912523 ], [ -70.902801571043895, -53.15863974917378 ], [ -70.90342671486529, -53.159241914540154 ], [ -70.903520410177421, -53.159332163723413 ], [ -70.903611694664576, -53.159420090754807 ], [ -70.903703999368489, -53.159509000097664 ], [ -70.903818497378481, -53.15961878276719 ], [ -70.90385899884653, -53.15965761607228 ], [ -70.904078576078803, -53.159868147835802 ], [ -70.904091252533831, -53.159880302223847 ], [ -70.904140999958514, -53.15992799977775 ], [ -70.904150000526627, -53.159936999605335 ], [ -70.904240452964288, -53.160024386496566 ], [ -70.904285262651698, -53.160005799435524 ], [ -70.904411145543207, -53.159953584047422 ], [ -70.905330367625353, -53.159572290051869 ], [ -70.906172184891886, -53.159215698965916 ], [ -70.906962922356982, -53.158771658528522 ], [ -70.907521209632662, -53.158398157645848 ], [ -70.907708779414847, -53.158261543614081 ], [ -70.907942461691633, -53.158091341428054 ], [ -70.908141398678254, -53.157938966253525 ], [ -70.908257281692983, -53.157790575816421 ], [ -70.908399463941763, -53.157594053171763 ], [ -70.908554295059275, -53.157380046279698 ], [ -70.908990752570034, -53.156776763107786 ], [ -70.90916585341553, -53.156534729785889 ], [ -70.909278896612221, -53.156378472107129 ], [ -70.909381445038477, -53.15623672218819 ], [ -70.909286878492438, -53.156139656909566 ], [ -70.909016039856994, -53.155861660686782 ], [ -70.907969715000235, -53.154787646525371 ], [ -70.907885434749389, -53.154701133284853 ], [ -70.907436639539526, -53.154240441068971 ], [ -70.906841249278784, -53.153608031896482 ], [ -70.906714843662968, -53.153473764273087 ], [ -70.906616840755134, -53.153369664303113 ], [ -70.905885844347821, -53.152524984130324 ], [ -70.905715060856892, -53.152579605540907 ], [ -70.905669788701573, -53.15259481272583 ], [ -70.905159994671422, -53.152766050754607 ], [ -70.905096979530967, -53.152787531055054 ], [ -70.904210523358742, -53.153089693379151 ], [ -70.903899298455258, -53.153195776459931 ], [ -70.903637661551201, -53.153284956011476 ], [ -70.90351456962577, -53.153326352043443 ], [ -70.902844415032973, -53.153551722795839 ], [ -70.902021522311173, -53.153828449978 ], [ -70.90162895598101, -53.153962875808027 ], [ -70.900772169660058, -53.154256257521133 ], [ -70.900441894677769, -53.15437219096286 ] ] ] } },
{ "type": "Feature", "properties": { "zona": "11" }, "geometry": { "type": "Polygon", "coordinates": [ [ [ -70.903424518374322, -53.149653702719057 ], [ -70.903680779987894, -53.149952750897228 ], [ -70.903831315491217, -53.150128418445355 ], [ -70.904525026928255, -53.150937922853203 ], [ -70.904734922958795, -53.151182848463712 ], [ -70.90564160665474, -53.152240809509671 ], [ -70.905770368311082, -53.1523910494519 ], [ -70.905814338047819, -53.152442354451182 ], [ -70.905817735069789, -53.152446279283836 ], [ -70.905868585875879, -53.152505040213917 ], [ -70.905885844347821, -53.152524984130324 ], [ -70.906616840755134, -53.153369664303113 ], [ -70.906714843662968, -53.153473764273087 ], [ -70.906841249278784, -53.153608031896482 ], [ -70.907436639539526, -53.154240441068971 ], [ -70.907885434749389, -53.154701133284853 ], [ -70.907969715000235, -53.154787646525371 ], [ -70.909016039856994, -53.155861660686782 ], [ -70.909286878492438, -53.156139656909566 ], [ -70.909381445038477, -53.15623672218819 ], [ -70.91195543025087, -53.152833592013714 ], [ -70.912149607529855, -53.152665330714377 ], [ -70.912292027069, -53.152541701847625 ], [ -70.912464042631015, -53.152419089357778 ], [ -70.912726041709249, -53.152224597544169 ], [ -70.913001552539086, -53.152032967860393 ], [ -70.912702219965382, -53.151847788995859 ], [ -70.912653795496297, -53.151821243340443 ], [ -70.912572551535447, -53.151776706225711 ], [ -70.912491000586257, -53.151732000176011 ], [ -70.91242317826061, -53.151692763106233 ], [ -70.912359257931541, -53.151655783110783 ], [ -70.912251526683946, -53.15159345755557 ], [ -70.912167391857409, -53.151544019791743 ], [ -70.912115417074062, -53.151513479223382 ], [ -70.911871396557643, -53.151370091853714 ], [ -70.911825348740891, -53.151343033846906 ], [ -70.911559917106004, -53.151187062364123 ], [ -70.911514654853121, -53.151160464832152 ], [ -70.911207139249967, -53.150979762905386 ], [ -70.91119491355019, -53.15097257955896 ], [ -70.910993000666167, -53.150853929814673 ], [ -70.909385773870881, -53.149887374227447 ], [ -70.908688122220099, -53.149467799805329 ], [ -70.907864320679181, -53.148959527144854 ], [ -70.907602229474008, -53.148806265548878 ], [ -70.90715741670067, -53.148539889267504 ], [ -70.906308342334157, -53.148035839372106 ], [ -70.906295540825198, -53.148042995438288 ], [ -70.904221912811821, -53.149202208806614 ], [ -70.903663172282762, -53.149523174257752 ], [ -70.903424518374322, -53.149653702719057 ] ] ] } },
{ "type": "Feature", "properties": { "zona": "12" }, "geometry": { "type": "Polygon", "coordinates": [ [ [ -70.920080920132989, -53.145635811191895 ], [ -70.920013973254427, -53.145671652576915 ], [ -70.919910498526619, -53.145727050870562 ], [ -70.919334414041558, -53.146058806350155 ], [ -70.919265887580352, -53.146098269626869 ], [ -70.918846784424019, -53.146339616340448 ], [ -70.918363547028662, -53.146617890906377 ], [ -70.917643220905759, -53.14703268546679 ], [ -70.916937372077427, -53.147439128522045 ], [ -70.916632304851916, -53.147614791003917 ], [ -70.916601711489093, -53.147632406230052 ], [ -70.915800731922758, -53.148093607293255 ], [ -70.915541349135026, -53.148242956229453 ], [ -70.914915316074342, -53.148603409341199 ], [ -70.914678553552321, -53.148739729865525 ], [ -70.914489627702991, -53.148848507360192 ], [ -70.913714289303229, -53.149294910143816 ], [ -70.913313180788791, -53.149525843269778 ], [ -70.913126575203322, -53.149633277131372 ], [ -70.912643637043104, -53.149911315740582 ], [ -70.911552424826027, -53.150539529772992 ], [ -70.911373956981492, -53.150642270732554 ], [ -70.911316872693391, -53.150675133475033 ], [ -70.911155382206104, -53.150768101249589 ], [ -70.910998312090854, -53.150851122324845 ], [ -70.910993000666167, -53.150853929814673 ], [ -70.91119491355019, -53.15097257955896 ], [ -70.911207139249967, -53.150979762905386 ], [ -70.911514654853121, -53.151160464832152 ], [ -70.911559917106004, -53.151187062364123 ], [ -70.911825348740891, -53.151343033846906 ], [ -70.911871396557643, -53.151370091853714 ], [ -70.912115417074062, -53.151513479223382 ], [ -70.912167391857409, -53.151544019791743 ], [ -70.912251526683946, -53.15159345755557 ], [ -70.912359257931541, -53.151655783110783 ], [ -70.91242317826061, -53.151692763106233 ], [ -70.912491000586257, -53.151732000176011 ], [ -70.912572551535447, -53.151776706225711 ], [ -70.912653795496297, -53.151821243340443 ], [ -70.912702219965382, -53.151847788995859 ], [ -70.913001552539086, -53.152032967860393 ], [ -70.91302078647162, -53.152028666993822 ], [ -70.913079641177589, -53.152015505348771 ], [ -70.913209263830609, -53.151986518537285 ], [ -70.913861594827239, -53.152058920570326 ], [ -70.914306980033373, -53.152115110834693 ], [ -70.914556294577437, -53.152159617730632 ], [ -70.91491493649275, -53.152223639717633 ], [ -70.915285162793637, -53.152264920018347 ], [ -70.915793234202951, -53.152293083195474 ], [ -70.916116010314241, -53.152281163576824 ], [ -70.916656439510234, -53.152261204077398 ], [ -70.917342979363525, -53.152171368764108 ], [ -70.917808929887116, -53.15208026230421 ], [ -70.918319523470814, -53.151894293123014 ], [ -70.918727809781529, -53.151731215915511 ], [ -70.918935331657579, -53.151648326933987 ], [ -70.91985770733389, -53.151279899453051 ], [ -70.920316699326435, -53.151096558152943 ], [ -70.921562069401588, -53.150581074096387 ], [ -70.92210899918615, -53.150449887220063 ], [ -70.92254262470594, -53.15038621499729 ], [ -70.922627044299702, -53.150381498787596 ], [ -70.923568134025359, -53.150328920655411 ], [ -70.924482965459219, -53.150277802692237 ], [ -70.927326569942366, -53.150100337980689 ], [ -70.927185306597622, -53.149717818446867 ], [ -70.927150068130686, -53.149614725513288 ], [ -70.926954242110298, -53.149041812380318 ], [ -70.926827461603935, -53.148670896171502 ], [ -70.92658918345677, -53.148052240832527 ], [ -70.926035319441354, -53.147074960731707 ], [ -70.925999050290542, -53.147010962890356 ], [ -70.925031935669509, -53.145273798460217 ], [ -70.924872972081786, -53.144988248607795 ], [ -70.92478130203402, -53.144823577921692 ], [ -70.924107383425508, -53.143687998322889 ], [ -70.924098836035029, -53.14367359479256 ], [ -70.924065276953769, -53.14361704756795 ], [ -70.924037936517294, -53.143622716637694 ], [ -70.923944941450969, -53.143644264589135 ], [ -70.92383584133141, -53.143669544024633 ], [ -70.923779386725641, -53.143682624860894 ], [ -70.923683304396533, -53.143704888063326 ], [ -70.923605906135464, -53.143722821727252 ], [ -70.923524276583279, -53.143741735613581 ], [ -70.92329605853908, -53.143794614626316 ], [ -70.923184936412824, -53.143839358105488 ], [ -70.923171067388509, -53.14384615638609 ], [ -70.923067862679744, -53.14389674942435 ], [ -70.922884918737267, -53.144002593650235 ], [ -70.922701381793431, -53.144108780693017 ], [ -70.922522379391282, -53.144212342435409 ], [ -70.921984703455252, -53.144523412478044 ], [ -70.921894579274834, -53.144575552460786 ], [ -70.921594947304385, -53.144748899288629 ], [ -70.921532975373552, -53.144784751127439 ], [ -70.920928182938965, -53.145134635892617 ], [ -70.920770220778024, -53.145226018155938 ], [ -70.920569618682009, -53.145342067651683 ], [ -70.920541026301763, -53.145358608262299 ], [ -70.92052449847921, -53.145368566033994 ], [ -70.920308644349475, -53.145498613405003 ], [ -70.920176089089352, -53.145578474351915 ], [ -70.920080920132989, -53.145635811191895 ] ] ] } },
{ "type": "Feature", "properties": { "zona": "13" }, "geometry": { "type": "Polygon", "coordinates": [ [ [ -70.934553317334718, -53.163034122342239 ], [ -70.934495048780505, -53.162977133246514 ], [ -70.934494769288889, -53.162976860121482 ], [ -70.934426581089809, -53.163000714974501 ], [ -70.932547414906011, -53.163674736752853 ], [ -70.931346093060299, -53.164102113740547 ], [ -70.930595048586184, -53.164369291172711 ], [ -70.930550188054497, -53.164331223224586 ], [ -70.930422029842617, -53.164222469113803 ], [ -70.930385977074124, -53.164236893913007 ], [ -70.930273834083039, -53.164281763527093 ], [ -70.929765480399297, -53.164485156939108 ], [ -70.929375031425337, -53.164641373316492 ], [ -70.929216422676873, -53.164704831186114 ], [ -70.928905724353982, -53.164829137681785 ], [ -70.927455971797315, -53.165351828785127 ], [ -70.927465892159304, -53.165361435764943 ], [ -70.927482744197391, -53.165377755143759 ], [ -70.927505773886708, -53.165400056742378 ], [ -70.927512993331121, -53.165407002085566 ], [ -70.927613815951759, -53.165495695087088 ], [ -70.927655085235997, -53.165531998589302 ], [ -70.927796554058972, -53.165656439235484 ], [ -70.927825524265032, -53.165681923524495 ], [ -70.927879000651572, -53.165728965575575 ], [ -70.927939385342128, -53.165782084983064 ], [ -70.928256819002087, -53.166061320933792 ], [ -70.928278120124631, -53.166080058508676 ], [ -70.928703554748608, -53.166454292458255 ], [ -70.929273925284264, -53.166967878102199 ], [ -70.929411882450324, -53.167096488247765 ], [ -70.929803826294275, -53.167461873151794 ], [ -70.929854360542819, -53.167508982659669 ], [ -70.929998371772513, -53.167598404972068 ], [ -70.930081964240159, -53.167635776410812 ], [ -70.930502937445937, -53.168041706709559 ], [ -70.930572564539929, -53.168123973530022 ], [ -70.930623114818587, -53.168170109012202 ], [ -70.930733825909726, -53.1682711510947 ], [ -70.931236319158018, -53.168729753760942 ], [ -70.931328378845564, -53.168823214340293 ], [ -70.931375502659222, -53.168871055648005 ], [ -70.931535029783632, -53.169033008181643 ], [ -70.931714308090108, -53.169215011691058 ], [ -70.931775418513254, -53.16927705042324 ], [ -70.932864200553411, -53.168903812788891 ], [ -70.933022582033473, -53.168898170089271 ], [ -70.93316224539798, -53.16886830792339 ], [ -70.934532571320972, -53.168239117081143 ], [ -70.935117240076025, -53.167983591565402 ], [ -70.936305440266096, -53.167464279249103 ], [ -70.936402416284864, -53.167422974139775 ], [ -70.937143033981542, -53.167107515756918 ], [ -70.937723257253126, -53.166860369039135 ], [ -70.938040243231939, -53.16672534641323 ], [ -70.938141146559659, -53.166682365070045 ], [ -70.938173838318917, -53.166661671077613 ], [ -70.938157471759851, -53.166644808547161 ], [ -70.938123961341915, -53.166614665042232 ], [ -70.938064290632852, -53.166560991603568 ], [ -70.93804729747653, -53.166545706162516 ], [ -70.938043281629859, -53.166542094016556 ], [ -70.937842911390561, -53.166361859871586 ], [ -70.937703707924982, -53.166236643692834 ], [ -70.937637411122097, -53.16617700811782 ], [ -70.937591720233158, -53.166135908282868 ], [ -70.937501303435539, -53.166050013766352 ], [ -70.937374194965116, -53.165929262841566 ], [ -70.937055714205314, -53.165626706212429 ], [ -70.936811073883305, -53.165370282928343 ], [ -70.936713980367131, -53.165268511874586 ], [ -70.936542264509868, -53.165088521269922 ], [ -70.936206320942063, -53.164728131260368 ], [ -70.936020921996999, -53.164529238554252 ], [ -70.935766851862937, -53.164266154181028 ], [ -70.93550398916183, -53.163993962044401 ], [ -70.934981134852706, -53.163452539983474 ], [ -70.934765331056354, -53.163241479173493 ], [ -70.934740652343692, -53.163217342425277 ], [ -70.934595217742881, -53.16307510196264 ], [ -70.934563897580219, -53.163044470019422 ], [ -70.934553317334718, -53.163034122342239 ] ] ] } },
{ "type": "Feature", "properties": { "zona": "14" }, "geometry": { "type": "Polygon", "coordinates": [ [ [ -70.926494664680632, -53.160195697570721 ], [ -70.926536032434612, -53.160176165745774 ], [ -70.927694299054139, -53.159737102506696 ], [ -70.928372435531799, -53.159480031801458 ], [ -70.929104549631276, -53.159202490817002 ], [ -70.931650225662892, -53.158237374577887 ], [ -70.931772574721236, -53.158223129465128 ], [ -70.931848710488538, -53.158214264872299 ], [ -70.932249332674246, -53.158167618893209 ], [ -70.933403951064975, -53.158033173496676 ], [ -70.933509477383993, -53.158020189088269 ], [ -70.93434057400853, -53.157917923885151 ], [ -70.934916744290646, -53.157847022510346 ], [ -70.935040870572294, -53.157831748153207 ], [ -70.935765570838498, -53.157742564917953 ], [ -70.936340086221918, -53.157671860111833 ], [ -70.936512848392411, -53.157650598281862 ], [ -70.93728583283945, -53.157555462692279 ], [ -70.93763463364003, -53.157512531647157 ], [ -70.937827539740411, -53.157488787867237 ], [ -70.938021448031179, -53.157464920589526 ], [ -70.938170496245263, -53.157446574058767 ], [ -70.938183141364306, -53.157445017981424 ], [ -70.938170776563211, -53.157422366711728 ], [ -70.938160002588049, -53.157402628567191 ], [ -70.938139322503702, -53.157334456427137 ], [ -70.93811533704384, -53.157261672698155 ], [ -70.937878628314991, -53.156787901351834 ], [ -70.937870477582422, -53.156771587440225 ], [ -70.937742882988616, -53.156527882089343 ], [ -70.93766588708263, -53.156392128294478 ], [ -70.937600520864891, -53.156276875019415 ], [ -70.937590306656674, -53.156258866891072 ], [ -70.937473218903293, -53.156043367685307 ], [ -70.937371761065322, -53.15585663490225 ], [ -70.937310158153792, -53.15574325425299 ], [ -70.937203048803354, -53.155543692150232 ], [ -70.937137861350834, -53.155422237748624 ], [ -70.937045104201943, -53.15524941309431 ], [ -70.936963108866379, -53.155095327706618 ], [ -70.936822500268562, -53.154831093912492 ], [ -70.936776142441701, -53.154743975557381 ], [ -70.93668027842466, -53.15456545365889 ], [ -70.936679723626412, -53.154564420900854 ], [ -70.936563841950971, -53.154348619112611 ], [ -70.936467240427959, -53.154168719774034 ], [ -70.936379068258546, -53.154028134748543 ], [ -70.936118323449918, -53.153612388521189 ], [ -70.936109232612964, -53.153597894520736 ], [ -70.936023646534551, -53.153461428485784 ], [ -70.935868058864358, -53.153213345674807 ], [ -70.935842254995137, -53.153169735690177 ], [ -70.93561855724478, -53.152837354237761 ], [ -70.935541105983674, -53.152722273050905 ], [ -70.935437537109792, -53.152568381822014 ], [ -70.9354260715496, -53.152551344499351 ], [ -70.935269067142073, -53.152318053234517 ], [ -70.935104079503432, -53.152073247057054 ], [ -70.93477849234101, -53.151590137508954 ], [ -70.93470201210215, -53.151476653222296 ], [ -70.934639212806161, -53.151383470064474 ], [ -70.934596813550101, -53.151313429205949 ], [ -70.934594727377643, -53.151309983640623 ], [ -70.934551170853695, -53.151315440769167 ], [ -70.934312684417407, -53.151345317817771 ], [ -70.934310108278964, -53.15134031365325 ], [ -70.934271946813723, -53.151266166268748 ], [ -70.934210548027323, -53.151146870741044 ], [ -70.934176014341574, -53.151079773956162 ], [ -70.934108866162134, -53.150949290981806 ], [ -70.9340775589407, -53.150907781741573 ], [ -70.934035740159302, -53.150852336928295 ], [ -70.93399489590135, -53.150819455725497 ], [ -70.933989316060419, -53.150814758135859 ], [ -70.933955916118293, -53.150786638266219 ], [ -70.933896692986139, -53.150691743666059 ], [ -70.933888512307732, -53.150678635328852 ], [ -70.933867713433571, -53.150621701755199 ], [ -70.933844374742534, -53.150542192397133 ], [ -70.933779176463432, -53.150420771454428 ], [ -70.933728279710834, -53.150384101968228 ], [ -70.933664482767, -53.150338137843292 ], [ -70.933653571985971, -53.150332898099535 ], [ -70.933651690412773, -53.150331608554403 ], [ -70.933610960859525, -53.150310695237827 ], [ -70.933604843352597, -53.150307553465161 ], [ -70.933599565075227, -53.15030256391757 ], [ -70.933569533060748, -53.150274169602135 ], [ -70.933554988833322, -53.15025740639765 ], [ -70.933517252238758, -53.150213911275351 ], [ -70.933509880171542, -53.150203297148863 ], [ -70.93350871444575, -53.150201621885621 ], [ -70.933507065653586, -53.150199248236952 ], [ -70.933504775263359, -53.150195953987698 ], [ -70.933503346619247, -53.150193894617132 ], [ -70.933501796623702, -53.150191662879074 ], [ -70.933501140740304, -53.150190719301008 ], [ -70.933498925609015, -53.150187531074579 ], [ -70.933498155407463, -53.150186419867346 ], [ -70.933497262362906, -53.150185136241603 ], [ -70.933495994216074, -53.150183309947998 ], [ -70.93349425818613, -53.150180814574007 ], [ -70.93349350350708, -53.15017972908521 ], [ -70.933491430622723, -53.150176745425256 ], [ -70.933490977534021, -53.150176093942434 ], [ -70.933488421414424, -53.150172413690271 ], [ -70.933488214654759, -53.150172116061988 ], [ -70.933486110132648, -53.150169087241601 ], [ -70.933484723278895, -53.150167092269029 ], [ -70.9334838384205, -53.150165817019165 ], [ -70.933482400186307, -53.150163748324751 ], [ -70.933480934279189, -53.150161640002928 ], [ -70.933479825562856, -53.15016004225194 ], [ -70.933478188585184, -53.15015768609846 ], [ -70.933475725806659, -53.150154142172767 ], [ -70.93347477106289, -53.150152767380533 ], [ -70.933472698265888, -53.150149782823632 ], [ -70.933471561622582, -53.150148148135131 ], [ -70.933469878552387, -53.150145725637017 ], [ -70.933468295684818, -53.15014344599723 ], [ -70.933466972024647, -53.150141542241869 ], [ -70.933465273178172, -53.150139096715179 ], [ -70.933464356512772, -53.150137778098134 ], [ -70.933462836922601, -53.150135588779008 ], [ -70.933447914400617, -53.150114111536325 ], [ -70.933443784506011, -53.150108166346847 ], [ -70.933435907836667, -53.150096828804806 ], [ -70.933426741796552, -53.150083636355568 ], [ -70.933422831799575, -53.15007800813369 ], [ -70.933411428432521, -53.150061593412268 ], [ -70.933407411628352, -53.150055813109923 ], [ -70.933341344744179, -53.150065657050483 ], [ -70.933023888080669, -53.150112955350473 ], [ -70.932979715891435, -53.150119536864864 ], [ -70.932526504464732, -53.150223038136737 ], [ -70.932347333962582, -53.150281690421004 ], [ -70.931780910358597, -53.150467111127192 ], [ -70.931489274220112, -53.15049435433037 ], [ -70.930983980236022, -53.150541553571991 ], [ -70.930116709562355, -53.150511359051606 ], [ -70.929698382245704, -53.150488031189496 ], [ -70.929394616779788, -53.150434789754677 ], [ -70.928923058864342, -53.150313921944196 ], [ -70.928381818324524, -53.150176384647033 ], [ -70.927770247781467, -53.150112599069587 ], [ -70.927403021939625, -53.15009251006731 ], [ -70.927326569942366, -53.150100337980689 ], [ -70.927541617030712, -53.150664974218387 ], [ -70.927595576461371, -53.150769521399567 ], [ -70.927957689903309, -53.1514711049794 ], [ -70.928249294606587, -53.152036063091977 ], [ -70.9282611070672, -53.152058125373586 ], [ -70.928743874901699, -53.152959753490485 ], [ -70.928769964858205, -53.153008479918967 ], [ -70.928921368286353, -53.153291237816426 ], [ -70.928975853436427, -53.153386433346746 ], [ -70.929127125739342, -53.153666732448002 ], [ -70.929270929971779, -53.153933190523965 ], [ -70.929553586492744, -53.154456920267727 ], [ -70.929748352016986, -53.154817789240774 ], [ -70.929790743164574, -53.154896333322064 ], [ -70.929783042630262, -53.154898397786482 ], [ -70.929729728318691, -53.154912692886974 ], [ -70.929696968524354, -53.154922816863646 ], [ -70.929620769118358, -53.154947195193749 ], [ -70.92852502078739, -53.155269906251291 ], [ -70.928437650544197, -53.155295637489026 ], [ -70.928151257022051, -53.15537998017205 ], [ -70.927937929732749, -53.155442805295564 ], [ -70.927880079553347, -53.155461064227701 ], [ -70.927842063359137, -53.155472258978897 ], [ -70.926477353592773, -53.155874113820033 ], [ -70.926249130274897, -53.15594131477522 ], [ -70.925957616202822, -53.156027150940055 ], [ -70.925794767886444, -53.156075256073976 ], [ -70.925761202893057, -53.156085171489721 ], [ -70.925190899763578, -53.156253634533428 ], [ -70.924376900292643, -53.156494077525153 ], [ -70.924197556750556, -53.156547051176389 ], [ -70.924166233863332, -53.156561719814292 ], [ -70.924147243787218, -53.156574562281115 ], [ -70.924141518941255, -53.156585609643898 ], [ -70.924133929280146, -53.156596594884576 ], [ -70.924132653367096, -53.15661004364361 ], [ -70.924144805766133, -53.156639696780893 ], [ -70.924224187217987, -53.156745208603034 ], [ -70.924276181204533, -53.15681431739911 ], [ -70.924379571627412, -53.156951739912309 ], [ -70.924459988195238, -53.157058625579751 ], [ -70.92464526842015, -53.157304889197754 ], [ -70.924651525410908, -53.157313205973388 ], [ -70.924832566777113, -53.157553833073685 ], [ -70.924867472453457, -53.157600007289368 ], [ -70.92492156621762, -53.1576723235911 ], [ -70.924961027509255, -53.157725079449826 ], [ -70.925096667823951, -53.157906414681307 ], [ -70.925149187104864, -53.157976625015756 ], [ -70.925192046434546, -53.158033923063769 ], [ -70.925204644584227, -53.158053318381668 ], [ -70.925280196149728, -53.158169628706936 ], [ -70.925324273946444, -53.158248986961446 ], [ -70.925373144198517, -53.158336975166669 ], [ -70.925382910699028, -53.158354557973311 ], [ -70.925442151239778, -53.158461213818427 ], [ -70.92544318280558, -53.158463071672301 ], [ -70.925500030503869, -53.158567124026931 ], [ -70.925633044367885, -53.158810585656461 ], [ -70.925724215506094, -53.15897745890873 ], [ -70.92583133981779, -53.159173529618215 ], [ -70.926000042736874, -53.159435796318192 ], [ -70.926066731979134, -53.159539470380622 ], [ -70.926430985885702, -53.160105727339804 ], [ -70.926431841664822, -53.160107056518171 ], [ -70.926494664680632, -53.160195697570721 ] ] ] } },
{ "type": "Feature", "properties": { "zona": "15" }, "geometry": { "type": "Polygon", "coordinates": [ [ [ -70.913001552539086, -53.152032967860393 ], [ -70.91315466254359, -53.152122580861977 ], [ -70.91320171232104, -53.152150118947951 ], [ -70.913384178405636, -53.152256912988285 ], [ -70.91339018442541, -53.152260428006642 ], [ -70.913446672572505, -53.152295123465585 ], [ -70.91359689795496, -53.152387393885952 ], [ -70.913658583710486, -53.152425281405471 ], [ -70.913779479929815, -53.152499535573853 ], [ -70.913826504608778, -53.152528148413907 ], [ -70.913831673443809, -53.152531293703738 ], [ -70.914055553608918, -53.152667512375992 ], [ -70.914280262570202, -53.152804235850219 ], [ -70.91435981665461, -53.152852639362358 ], [ -70.914434270036338, -53.152903130855755 ], [ -70.914464996351299, -53.152923968912475 ], [ -70.914593362316637, -53.153045755394331 ], [ -70.914794946323667, -53.153241494308595 ], [ -70.914850069956401, -53.153295020402851 ], [ -70.915176873629164, -53.153612343889378 ], [ -70.915227838987477, -53.153661830033457 ], [ -70.915359275941142, -53.153789451326027 ], [ -70.915531939449423, -53.153955851065597 ], [ -70.915590189759001, -53.154011987671588 ], [ -70.915885165499134, -53.154296257868772 ], [ -70.915906578636452, -53.154317166046681 ], [ -70.915943538609085, -53.154353253087891 ], [ -70.916027849460264, -53.154435575760502 ], [ -70.916142805243311, -53.154547818741094 ], [ -70.916305837303398, -53.154705368500721 ], [ -70.916335420032993, -53.154698631163143 ], [ -70.916343035984752, -53.154696896595624 ], [ -70.916406320560469, -53.154682484783976 ], [ -70.916437307433824, -53.154675427723419 ], [ -70.917000743601477, -53.154547523578941 ], [ -70.917114133995284, -53.154521782889077 ], [ -70.917881222698725, -53.154347642077859 ], [ -70.919548650986073, -53.153969089487838 ], [ -70.919879781638457, -53.153893909260525 ], [ -70.920168968810813, -53.15383032001747 ], [ -70.921288455575478, -53.153584145830337 ], [ -70.921813551472056, -53.153467383687961 ], [ -70.922561890151115, -53.153300974677457 ], [ -70.924211251179827, -53.152934183624339 ], [ -70.924334209411882, -53.152906838170544 ], [ -70.924838260913617, -53.152794738904049 ], [ -70.926657429692312, -53.152390138772219 ], [ -70.927225755021553, -53.152263729884261 ], [ -70.928249294606587, -53.152036063091977 ], [ -70.927957689903309, -53.1514711049794 ], [ -70.927595576461371, -53.150769521399567 ], [ -70.927541617030712, -53.150664974218387 ], [ -70.927326569942366, -53.150100337980689 ], [ -70.924482965459219, -53.150277802692237 ], [ -70.923568134025359, -53.150328920655411 ], [ -70.922627044299702, -53.150381498787596 ], [ -70.92254262470594, -53.15038621499729 ], [ -70.92210899918615, -53.150449887220063 ], [ -70.921562069401588, -53.150581074096387 ], [ -70.920316699326435, -53.151096558152943 ], [ -70.91985770733389, -53.151279899453051 ], [ -70.918935331657579, -53.151648326933987 ], [ -70.918727809781529, -53.151731215915511 ], [ -70.918319523470814, -53.151894293123014 ], [ -70.917808929887116, -53.15208026230421 ], [ -70.917342979363525, -53.152171368764108 ], [ -70.916656439510234, -53.152261204077398 ], [ -70.916116010314241, -53.152281163576824 ], [ -70.915793234202951, -53.152293083195474 ], [ -70.915285162793637, -53.152264920018347 ], [ -70.91491493649275, -53.152223639717633 ], [ -70.914556294577437, -53.152159617730632 ], [ -70.914306980033373, -53.152115110834693 ], [ -70.913861594827239, -53.152058920570326 ], [ -70.913209263830609, -53.151986518537285 ], [ -70.913079641177589, -53.152015505348771 ], [ -70.91302078647162, -53.152028666993822 ], [ -70.913001552539086, -53.152032967860393 ] ] ] } },
{ "type": "Feature", "properties": { "zona": "16" }, "geometry": { "type": "Polygon", "coordinates": [ [ [ -70.922358937377751, -53.160583185499966 ], [ -70.922798606870145, -53.161007809297445 ], [ -70.923187665307054, -53.161383545787089 ], [ -70.923262828364201, -53.161455550629569 ], [ -70.923264537852702, -53.161454885990146 ], [ -70.923283359059084, -53.161447571034252 ], [ -70.923302153875994, -53.161440265965481 ], [ -70.923671880363273, -53.16129656660388 ], [ -70.923740730847769, -53.161269807116653 ], [ -70.923777370598856, -53.161255566378081 ], [ -70.924846133530423, -53.160840163601307 ], [ -70.925923791232577, -53.160421286190193 ], [ -70.925946779365148, -53.160412350452596 ], [ -70.926081624747553, -53.160359935559349 ], [ -70.926289349725579, -53.16027919206563 ], [ -70.926374798121913, -53.160245977751352 ], [ -70.926444284113089, -53.160218966848156 ], [ -70.926450489074625, -53.160216555396588 ], [ -70.926474809683043, -53.160205071778535 ], [ -70.926494664680632, -53.160195697570721 ], [ -70.926460187296499, -53.16014705129426 ], [ -70.926431841664822, -53.160107056518171 ], [ -70.926430985885702, -53.160105727339804 ], [ -70.926000042736874, -53.159435796318192 ], [ -70.92583133981779, -53.159173529618215 ], [ -70.925724215506094, -53.15897745890873 ], [ -70.925500030503869, -53.158567124026931 ], [ -70.92544318280558, -53.158463071672301 ], [ -70.925442151239778, -53.158461213818427 ], [ -70.925382910699028, -53.158354557973311 ], [ -70.925324273946444, -53.158248986961446 ], [ -70.925280196149728, -53.158169628706936 ], [ -70.925192046434546, -53.158033923063769 ], [ -70.925149187104864, -53.157976625015756 ], [ -70.925096667823951, -53.157906414681307 ], [ -70.92492156621762, -53.1576723235911 ], [ -70.924867472453457, -53.157600007289368 ], [ -70.924832566777113, -53.157553833073685 ], [ -70.924651525410908, -53.157313205973388 ], [ -70.924459988195238, -53.157058625579751 ], [ -70.924224187217987, -53.156745208603034 ], [ -70.924144805766133, -53.156639696780893 ], [ -70.924132653367096, -53.15661004364361 ], [ -70.924133929280146, -53.156596594884576 ], [ -70.924141518941255, -53.156585609643898 ], [ -70.924147243787218, -53.156574562281115 ], [ -70.924166233863332, -53.156561719814292 ], [ -70.924197556750556, -53.156547051176389 ], [ -70.924376900292643, -53.156494077525153 ], [ -70.925761202893057, -53.156085171489721 ], [ -70.925957616202822, -53.156027150940055 ], [ -70.926249130274897, -53.15594131477522 ], [ -70.927880079553347, -53.155461064227701 ], [ -70.927937929732749, -53.155442805295564 ], [ -70.928151257022051, -53.15537998017205 ], [ -70.928437650544197, -53.155295637489026 ], [ -70.929620769118358, -53.154947195193749 ], [ -70.929696968524354, -53.154922816863646 ], [ -70.929729728318691, -53.154912692886974 ], [ -70.929783042630262, -53.154898397786482 ], [ -70.929790743164574, -53.154896333322064 ], [ -70.928975853436427, -53.153386433346746 ], [ -70.928921368286353, -53.153291237816426 ], [ -70.928769964858205, -53.153008479918967 ], [ -70.9282611070672, -53.152058125373586 ], [ -70.928249294606587, -53.152036063091977 ], [ -70.927225755021553, -53.152263729884261 ], [ -70.926657429692312, -53.152390138772219 ], [ -70.924838260913617, -53.152794738904049 ], [ -70.924334209411882, -53.152906838170544 ], [ -70.924211251179827, -53.152934183624339 ], [ -70.922561890151115, -53.153300974677457 ], [ -70.921813551472056, -53.153467383687961 ], [ -70.921288455575478, -53.153584145830337 ], [ -70.920168968810813, -53.15383032001747 ], [ -70.919879781638457, -53.153893909260525 ], [ -70.919548650986073, -53.153969089487838 ], [ -70.917881222698725, -53.154347642077859 ], [ -70.917114133995284, -53.154521782889077 ], [ -70.917000743601477, -53.154547523578941 ], [ -70.916437307433824, -53.154675427723419 ], [ -70.916406320560469, -53.154682484783976 ], [ -70.916343035984752, -53.154696896595624 ], [ -70.916335420032993, -53.154698631163143 ], [ -70.916305837303398, -53.154705368500721 ], [ -70.916324180676654, -53.154723215206708 ], [ -70.91639524770369, -53.154792355742885 ], [ -70.916410487133746, -53.154807182152744 ], [ -70.9167294832246, -53.155117531101745 ], [ -70.916977156009125, -53.155358485525014 ], [ -70.9171504549671, -53.155527082357281 ], [ -70.917231595982372, -53.155606020850179 ], [ -70.917296889504129, -53.155672622797958 ], [ -70.917298285046272, -53.155672094994898 ], [ -70.917474723638449, -53.15584690803513 ], [ -70.917753636278107, -53.156118777130253 ], [ -70.917942279175762, -53.156302654088528 ], [ -70.918897638494471, -53.157233849140688 ], [ -70.918964054197218, -53.157298583329933 ], [ -70.91987768028801, -53.158189053616709 ], [ -70.919952228832727, -53.158261710730116 ], [ -70.920074098423356, -53.158380488206497 ], [ -70.920135384029805, -53.158440070191475 ], [ -70.920175321793408, -53.158478898174955 ], [ -70.920228497844363, -53.158530596081825 ], [ -70.920266384729501, -53.158567429506675 ], [ -70.920266945135893, -53.158567974077258 ], [ -70.920268000133916, -53.158568999790219 ], [ -70.920268841234005, -53.158569819361567 ], [ -70.920297218648827, -53.158594422626081 ], [ -70.920375908477041, -53.158662649066308 ], [ -70.920552898427374, -53.158834020815739 ], [ -70.920642665824204, -53.158920938553692 ], [ -70.920782668274896, -53.159056498805832 ], [ -70.920784336402363, -53.159058113169706 ], [ -70.920784510363845, -53.159058282857416 ], [ -70.920838868252446, -53.159110915172086 ], [ -70.921213736485953, -53.159473883933515 ], [ -70.921216276301763, -53.159476343192175 ], [ -70.921722583856976, -53.159967027792504 ], [ -70.922195381887718, -53.160425224752771 ], [ -70.922200457305749, -53.160430126887626 ], [ -70.922358937377751, -53.160583185499966 ] ] ] } },
{ "type": "Feature", "properties": { "zona": "17" }, "geometry": { "type": "Polygon", "coordinates": [ [ [ -70.952729549243088, -53.147071157123577 ], [ -70.952273957698864, -53.147027700902143 ], [ -70.951881953830295, -53.147028635529516 ], [ -70.951479453432029, -53.147014931072682 ], [ -70.951003910824994, -53.14702015891617 ], [ -70.95016852670382, -53.147063109729849 ], [ -70.949424059238936, -53.147023469649334 ], [ -70.949127457433008, -53.147013364840483 ], [ -70.949889436245826, -53.148631500480143 ], [ -70.949902147032788, -53.148874700955815 ], [ -70.949505193809841, -53.149053964729035 ], [ -70.948839731986851, -53.149309761394925 ], [ -70.94866459459422, -53.149403756836129 ], [ -70.948633297753844, -53.149609756624244 ], [ -70.948695740510459, -53.149788453761751 ], [ -70.948715565600722, -53.149845191152281 ], [ -70.948802364754854, -53.149880783428792 ], [ -70.948906599301282, -53.149950976351171 ], [ -70.949030040796913, -53.150069425156865 ], [ -70.949191670038644, -53.15028675823546 ], [ -70.949361076655222, -53.150480572757033 ], [ -70.949371510851847, -53.150485205585042 ], [ -70.949428040546152, -53.1505006246257 ], [ -70.949488721669681, -53.150511688198996 ], [ -70.949551602987583, -53.150509331610934 ], [ -70.94958126075403, -53.150507073827931 ], [ -70.949793147855218, -53.150438764247475 ], [ -70.950080284957693, -53.150346193647621 ], [ -70.950110336546402, -53.150390816700146 ], [ -70.950181224597287, -53.150496076914187 ], [ -70.950233335511598, -53.150592317321134 ], [ -70.950315094374062, -53.15074331389004 ], [ -70.950555286312664, -53.15084444760403 ], [ -70.950676774398957, -53.150895600962372 ], [ -70.951409647979077, -53.151009814997252 ], [ -70.951835083481754, -53.151072579784206 ], [ -70.95188745352462, -53.15108030967447 ], [ -70.95199023721338, -53.151095475194275 ], [ -70.95235191508921, -53.151200171596734 ], [ -70.952980093442477, -53.151790278710514 ], [ -70.953091394987453, -53.151981967753557 ], [ -70.953322733304731, -53.152380383692488 ], [ -70.953389359302776, -53.153037115611887 ], [ -70.953437164881734, -53.153249584580571 ], [ -70.953475019817219, -53.153417829415666 ], [ -70.95384621641135, -53.153779507257958 ], [ -70.954341143334901, -53.154131668282318 ], [ -70.954855109631623, -53.154369614860599 ], [ -70.955045465396779, -53.154864542457368 ], [ -70.955100923917385, -53.154958437653661 ], [ -70.955119184153304, -53.154989354747023 ], [ -70.955269732352605, -53.155244243894749 ], [ -70.955292904306404, -53.155283475252702 ], [ -70.955281590124912, -53.155298837921144 ], [ -70.955300046415573, -53.15550908691371 ], [ -70.955428627039822, -53.155496109969377 ], [ -70.95586870678396, -53.155451692322593 ], [ -70.960667623341436, -53.154860636702011 ], [ -70.961325947860374, -53.154779538256037 ], [ -70.962770721443491, -53.154467222963241 ], [ -70.962924425608946, -53.154444078710846 ], [ -70.963968402661848, -53.154286871855696 ], [ -70.964114224563033, -53.154264912208852 ], [ -70.964733493338073, -53.154247848573831 ], [ -70.965921178486681, -53.154249273550462 ], [ -70.967048029517585, -53.154120039557242 ], [ -70.96773603180533, -53.15387680585745 ], [ -70.968444476998457, -53.153688270123766 ], [ -70.969563819118775, -53.153553264459312 ], [ -70.965515512368682, -53.147004899218658 ], [ -70.961623598335606, -53.147444204771681 ], [ -70.96109457234823, -53.147434757939564 ], [ -70.960639357980043, -53.147476415361901 ], [ -70.960397322519626, -53.147518293826458 ], [ -70.960156450088448, -53.147559971140481 ], [ -70.959634215790203, -53.14755650658698 ], [ -70.959134321694094, -53.147568080216878 ], [ -70.958588410621616, -53.147563806398523 ], [ -70.95804383856462, -53.147545295236469 ], [ -70.957355952846697, -53.147535268170607 ], [ -70.95730851259222, -53.147534576320304 ], [ -70.956452124074971, -53.147548296540869 ], [ -70.955836522964432, -53.147527359664743 ], [ -70.955392020785609, -53.147455118498272 ], [ -70.954785800815003, -53.147334531796851 ], [ -70.954436007921615, -53.147265509155766 ], [ -70.953969174507861, -53.147178222389492 ], [ -70.953321534512085, -53.147127621367112 ], [ -70.952729549243088, -53.147071157123577 ] ] ] } },
{ "type": "Feature", "properties": { "zona": "18" }, "geometry": { "type": "Polygon", "coordinates": [ [ [ -70.942610010424744, -53.153260326234552 ], [ -70.942664229839963, -53.153215425612281 ], [ -70.942709819147652, -53.153186420664383 ], [ -70.942683987446685, -53.153094523263576 ], [ -70.942676545023076, -53.153068049112491 ], [ -70.942638659356007, -53.152931497625246 ], [ -70.942590754718978, -53.152758837075673 ], [ -70.942571624594081, -53.15268988475588 ], [ -70.942560458001822, -53.152649636379273 ], [ -70.942538410540081, -53.152570171264813 ], [ -70.942526876715704, -53.152528598802597 ], [ -70.94251634183955, -53.15249063075678 ], [ -70.942479824542389, -53.15235901046961 ], [ -70.942472449613405, -53.152332426159198 ], [ -70.9424693057978, -53.152321094242886 ], [ -70.942397716398276, -53.152328603959212 ], [ -70.942344393483253, -53.152334197540597 ], [ -70.942338914422379, -53.152334506220654 ], [ -70.942305824363302, -53.152329007874293 ], [ -70.942299076858973, -53.152325111928569 ], [ -70.942293407847657, -53.152321838396503 ], [ -70.942284535800042, -53.152317051354153 ], [ -70.942275609698626, -53.152312234580307 ], [ -70.942270294164317, -53.152303633356141 ], [ -70.942264251721824, -53.152293855895948 ], [ -70.942263100408596, -53.152289678657084 ], [ -70.942253032208654, -53.152253157699221 ], [ -70.942214151255314, -53.152112128273018 ], [ -70.942184139772408, -53.152003264625108 ], [ -70.942176785574361, -53.151976954463827 ], [ -70.942168559879292, -53.151947529089412 ], [ -70.942160583834863, -53.151918993797175 ], [ -70.942139944752711, -53.151845161983111 ], [ -70.942100425575205, -53.151703783285114 ], [ -70.942087668021202, -53.15165814169989 ], [ -70.942082654068315, -53.15164037440401 ], [ -70.942072901903487, -53.151605818041752 ], [ -70.94205087869085, -53.151527774031941 ], [ -70.942049284202369, -53.15152212618657 ], [ -70.942011074131457, -53.151386729181837 ], [ -70.942009522614143, -53.151381228530049 ], [ -70.941997979020812, -53.15134032223613 ], [ -70.941990265450158, -53.151312986895348 ], [ -70.941984787729027, -53.151293460429528 ], [ -70.941943198366346, -53.15114519058335 ], [ -70.941941026461294, -53.151137449556408 ], [ -70.941904977465526, -53.151008932286913 ], [ -70.941848232952935, -53.150806637861379 ], [ -70.941849926544194, -53.150788704574992 ], [ -70.941852435602726, -53.150785285544949 ], [ -70.941843618143437, -53.150750231219519 ], [ -70.941833481803073, -53.150709938751788 ], [ -70.941822169648063, -53.15066496894881 ], [ -70.94179971935236, -53.150575722536836 ], [ -70.941777778087783, -53.150488502197234 ], [ -70.941773808906859, -53.150474932779886 ], [ -70.941771794851078, -53.150475186079262 ], [ -70.941543886427425, -53.150503901212282 ], [ -70.941294099142965, -53.150524605181772 ], [ -70.940887709946125, -53.150561310867047 ], [ -70.940715879072499, -53.150576829872435 ], [ -70.940651428601981, -53.150582879359966 ], [ -70.94063096273932, -53.150564936185042 ], [ -70.940645072554986, -53.150554172562735 ], [ -70.940652571644065, -53.150534188599288 ], [ -70.94064824894788, -53.150520547699386 ], [ -70.940628734882878, -53.150492149108246 ], [ -70.940332846722328, -53.150061550054602 ], [ -70.940265511833587, -53.149963557260733 ], [ -70.940223407671922, -53.149902283965346 ], [ -70.940092046260403, -53.149711110432506 ], [ -70.940017306524012, -53.149602338944106 ], [ -70.939978457496508, -53.14954580131139 ], [ -70.939948885064638, -53.149493213730359 ], [ -70.939926919939978, -53.149459155869664 ], [ -70.939770030519256, -53.149174963396312 ], [ -70.93974019943883, -53.149124469182169 ], [ -70.939682868575517, -53.149048298107907 ], [ -70.939658588880974, -53.149018233436379 ], [ -70.93956351996934, -53.14891333983612 ], [ -70.939414949924725, -53.148749415412716 ], [ -70.939388877140559, -53.148721102047759 ], [ -70.939346673064648, -53.148686976265509 ], [ -70.939342622698774, -53.148663048296619 ], [ -70.938986857265704, -53.148379977685678 ], [ -70.938919959319136, -53.148356619782959 ], [ -70.938547378927865, -53.148510988679199 ], [ -70.93718374537076, -53.149014176370073 ], [ -70.935981811737534, -53.149488651326458 ], [ -70.935150659254376, -53.149670218691753 ], [ -70.934318702364266, -53.149851955233096 ], [ -70.933934706212042, -53.149938305421593 ], [ -70.933704209327615, -53.149990137284142 ], [ -70.933502359726006, -53.150035527119933 ], [ -70.933459788527045, -53.150045099720117 ], [ -70.933421440025, -53.150053722865721 ], [ -70.933407411628352, -53.150055813109923 ], [ -70.933411428432521, -53.150061593412268 ], [ -70.933422831799575, -53.15007800813369 ], [ -70.933426741796552, -53.150083636355568 ], [ -70.933435907836667, -53.150096828804806 ], [ -70.933443784506011, -53.150108166346847 ], [ -70.933447914400617, -53.150114111536325 ], [ -70.933462836922601, -53.150135588779008 ], [ -70.933464356512772, -53.150137778098134 ], [ -70.933465273178172, -53.150139096715179 ], [ -70.933466972024647, -53.150141542241869 ], [ -70.933468295684818, -53.15014344599723 ], [ -70.933469878552387, -53.150145725637017 ], [ -70.933471561622582, -53.150148148135131 ], [ -70.933472698265888, -53.150149782823632 ], [ -70.93347477106289, -53.150152767380533 ], [ -70.933475725806659, -53.150154142172767 ], [ -70.933478188585184, -53.15015768609846 ], [ -70.933479825562856, -53.15016004225194 ], [ -70.933480934279189, -53.150161640002928 ], [ -70.933482400186307, -53.150163748324751 ], [ -70.9334838384205, -53.150165817019165 ], [ -70.933484723278895, -53.150167092269029 ], [ -70.933486110132648, -53.150169087241601 ], [ -70.933488214654759, -53.150172116061988 ], [ -70.933488421414424, -53.150172413690271 ], [ -70.933490977534021, -53.150176093942434 ], [ -70.933491430622723, -53.150176745425256 ], [ -70.93349350350708, -53.15017972908521 ], [ -70.93349425818613, -53.150180814574007 ], [ -70.933495994216074, -53.150183309947998 ], [ -70.933497262362906, -53.150185136241603 ], [ -70.933498155407463, -53.150186419867346 ], [ -70.933498925609015, -53.150187531074579 ], [ -70.933501140740304, -53.150190719301008 ], [ -70.933501796623702, -53.150191662879074 ], [ -70.933503346619247, -53.150193894617132 ], [ -70.933504775263359, -53.150195953987698 ], [ -70.933507065653586, -53.150199248236952 ], [ -70.93350871444575, -53.150201621885621 ], [ -70.933509880171542, -53.150203297148863 ], [ -70.933517252238758, -53.150213911275351 ], [ -70.933554988833322, -53.15025740639765 ], [ -70.933569533060748, -53.150274169602135 ], [ -70.933599565075227, -53.15030256391757 ], [ -70.933604843352597, -53.150307553465161 ], [ -70.933610960859525, -53.150310695237827 ], [ -70.933651690412773, -53.150331608554403 ], [ -70.933653571985971, -53.150332898099535 ], [ -70.933664482767, -53.150338137843292 ], [ -70.933728279710834, -53.150384101968228 ], [ -70.933779176463432, -53.150420771454428 ], [ -70.933779848253977, -53.150422021424184 ], [ -70.933844374742534, -53.150542192397133 ], [ -70.933851172198217, -53.150565348263562 ], [ -70.933867713433571, -53.150621701755199 ], [ -70.933888512307732, -53.150678635328852 ], [ -70.933896692986139, -53.150691743666059 ], [ -70.933900872964315, -53.15069844168044 ], [ -70.933955916118293, -53.150786638266219 ], [ -70.933989316060419, -53.150814758135859 ], [ -70.93399489590135, -53.150819455725497 ], [ -70.934035740159302, -53.150852336928295 ], [ -70.934067535305914, -53.150894492555658 ], [ -70.9340775589407, -53.150907781741573 ], [ -70.934108866162134, -53.150949290981806 ], [ -70.934150249526311, -53.151029708766728 ], [ -70.934176014341574, -53.151079773956162 ], [ -70.934206357702564, -53.151138731295383 ], [ -70.934210548027323, -53.151146870741044 ], [ -70.934271946813723, -53.151266166268748 ], [ -70.934310108278964, -53.15134031365325 ], [ -70.934312684417407, -53.151345317817771 ], [ -70.934551170853695, -53.151315440769167 ], [ -70.934594727377643, -53.151309983640623 ], [ -70.934596813550101, -53.151313429205949 ], [ -70.934616093370138, -53.15134527782854 ], [ -70.934639212806161, -53.151383470064474 ], [ -70.93470201210215, -53.151476653222296 ], [ -70.935104079503432, -53.152073247057054 ], [ -70.935269067142073, -53.152318053234517 ], [ -70.935437537109792, -53.152568381822014 ], [ -70.935579823717063, -53.152779801687416 ], [ -70.935842254995137, -53.153169735690177 ], [ -70.935868058864358, -53.153213345674807 ], [ -70.936118323449918, -53.153612388521189 ], [ -70.936379068258546, -53.154028134748543 ], [ -70.936467240427959, -53.154168719774034 ], [ -70.936679723626412, -53.154564420900854 ], [ -70.936776142441701, -53.154743975557381 ], [ -70.936822500268562, -53.154831093912492 ], [ -70.937045104201943, -53.15524941309431 ], [ -70.937137861350834, -53.155422237748624 ], [ -70.937310158153792, -53.15574325425299 ], [ -70.937371761065322, -53.15585663490225 ], [ -70.937590306656674, -53.156258866891072 ], [ -70.93766588708263, -53.156392128294478 ], [ -70.937742882988616, -53.156527882089343 ], [ -70.937870477582422, -53.156771587440225 ], [ -70.937878628314991, -53.156787901351834 ], [ -70.93811533704384, -53.157261672698155 ], [ -70.938139322503702, -53.157334456427137 ], [ -70.938160002588049, -53.157402628567191 ], [ -70.938183141364306, -53.157445017981424 ], [ -70.938195262615793, -53.15744352586777 ], [ -70.938246622746107, -53.157437539566864 ], [ -70.938526987515061, -53.157404862938129 ], [ -70.938759440721896, -53.15737776913376 ], [ -70.944174524020511, -53.156746477886159 ], [ -70.944540244013567, -53.156703832162151 ], [ -70.944468999558651, -53.15659899990473 ], [ -70.944411000385358, -53.156523000250004 ], [ -70.944267328831884, -53.156274991295376 ], [ -70.944203713834, -53.156165178279387 ], [ -70.944190211091836, -53.156141869071206 ], [ -70.944025117459688, -53.155856878901254 ], [ -70.943921108225823, -53.155677330800536 ], [ -70.943885000352367, -53.155614999661459 ], [ -70.94385436313415, -53.155561933414319 ], [ -70.943828999459683, -53.155518000302344 ], [ -70.943714999609995, -53.155320999887927 ], [ -70.943705641748764, -53.155304691103062 ], [ -70.943680007336283, -53.155260014682455 ], [ -70.943612333357208, -53.15514315156112 ], [ -70.94349342754505, -53.154937822787396 ], [ -70.94347499923353, -53.154906000291035 ], [ -70.94346099978462, -53.154882000274831 ], [ -70.943435999273674, -53.154838999696914 ], [ -70.943311727991201, -53.15461150437357 ], [ -70.94322799945536, -53.154458227166998 ], [ -70.943054925172945, -53.154141383401274 ], [ -70.942970461094518, -53.153986754041782 ], [ -70.942932093210004, -53.153916514835366 ], [ -70.942828445593662, -53.153726764411793 ], [ -70.942744835216075, -53.15357369683057 ], [ -70.942601536282496, -53.153311352132057 ], [ -70.942584984401705, -53.153281049879574 ], [ -70.942610010424744, -53.153260326234552 ] ] ] } },
{ "type": "Feature", "properties": { "zona": "19" }, "geometry": { "type": "Polygon", "coordinates": [ [ [ -70.921087722817745, -53.167696299498878 ], [ -70.921203409802047, -53.167807010056045 ], [ -70.92124200382537, -53.167843943720655 ], [ -70.921295896907466, -53.16789551887851 ], [ -70.921735495684118, -53.168316199288022 ], [ -70.921841238462434, -53.168417389041814 ], [ -70.921995561624058, -53.168565067825661 ], [ -70.922249541571432, -53.16880811021263 ], [ -70.922258019565589, -53.168816223481066 ], [ -70.922957752202166, -53.169485804562456 ], [ -70.923105339180438, -53.169627029490044 ], [ -70.92312898191102, -53.169649653398473 ], [ -70.923403964843288, -53.169912777905985 ], [ -70.924413767933942, -53.170879004461987 ], [ -70.924456954034198, -53.170920325881063 ], [ -70.924809988809528, -53.171258113274888 ], [ -70.925096992879517, -53.171532716295737 ], [ -70.925948844455732, -53.172347738575873 ], [ -70.926122866516792, -53.172514232209117 ], [ -70.92613499414287, -53.172525835439401 ], [ -70.926193525660594, -53.172581834566181 ], [ -70.926295838530663, -53.172679719873628 ], [ -70.926451679683282, -53.17282881706933 ], [ -70.926708855727256, -53.172778595738379 ], [ -70.926777729073677, -53.172754124422802 ], [ -70.926796951909083, -53.172747293974638 ], [ -70.927209911422949, -53.172600563539504 ], [ -70.927372877116184, -53.172542658051974 ], [ -70.928806001356563, -53.172033424864026 ], [ -70.928810186986922, -53.17203709081344 ], [ -70.928824620739775, -53.172049736130262 ], [ -70.928904293154574, -53.172119530839574 ], [ -70.928951911735012, -53.172161246045611 ], [ -70.929060948778087, -53.172256763848019 ], [ -70.929206039011234, -53.172386887369747 ], [ -70.929291466295027, -53.172463501318198 ], [ -70.929334870401689, -53.172446259984731 ], [ -70.930852401350606, -53.171843415918111 ], [ -70.93243598308797, -53.171250206508184 ], [ -70.932561811624012, -53.171207680971328 ], [ -70.932670035068099, -53.171171106472087 ], [ -70.933233771619811, -53.170980582578771 ], [ -70.933290389810324, -53.170961447462986 ], [ -70.933242530732016, -53.170906813591564 ], [ -70.933048080471494, -53.170684832974224 ], [ -70.932952360995742, -53.170575561350141 ], [ -70.932755649344841, -53.170350996704542 ], [ -70.932308476877509, -53.16983999605285 ], [ -70.931914226944428, -53.169423643470608 ], [ -70.931775418513254, -53.16927705042324 ], [ -70.931714308090108, -53.169215011691058 ], [ -70.931535029783632, -53.169033008181643 ], [ -70.931375502659222, -53.168871055648005 ], [ -70.931328378845564, -53.168823214340293 ], [ -70.931236319158018, -53.168729753760942 ], [ -70.930733825909726, -53.1682711510947 ], [ -70.930668796036244, -53.168211800469223 ], [ -70.930623114818587, -53.168170109012202 ], [ -70.930572564539929, -53.168123973530022 ], [ -70.930502937445937, -53.168041706709559 ], [ -70.930256564314192, -53.167804138763337 ], [ -70.930210003531826, -53.167759242497091 ], [ -70.930081964240159, -53.167635776410812 ], [ -70.929998371772513, -53.167598404972068 ], [ -70.929854360542819, -53.167508982659669 ], [ -70.929803826294275, -53.167461873151794 ], [ -70.929699513529869, -53.167364629360542 ], [ -70.929556278621988, -53.167231100965459 ], [ -70.929411882450324, -53.167096488247765 ], [ -70.929273925284264, -53.166967878102199 ], [ -70.929138988042027, -53.166846376011087 ], [ -70.929074806972409, -53.166788585441218 ], [ -70.928703554748608, -53.166454292458255 ], [ -70.928701685249351, -53.166452648832554 ], [ -70.928655267612641, -53.166411816507868 ], [ -70.928278120124631, -53.166080058508676 ], [ -70.928256819002087, -53.166061320933792 ], [ -70.927939385342128, -53.165782084983064 ], [ -70.927879000651572, -53.165728965575575 ], [ -70.927825524265032, -53.165681923524495 ], [ -70.927655085235997, -53.165531998589302 ], [ -70.927613815951759, -53.165495695087088 ], [ -70.927512993331121, -53.165407002085566 ], [ -70.927512514925752, -53.165406585398976 ], [ -70.926506507205502, -53.16577468099868 ], [ -70.926324176340046, -53.165842649725825 ], [ -70.925990204488485, -53.165970640372954 ], [ -70.925084618314102, -53.166322009017868 ], [ -70.924887759483056, -53.166398388817079 ], [ -70.924873606770774, -53.166403383948442 ], [ -70.924791905522085, -53.166432221685703 ], [ -70.924769392453911, -53.166440167820589 ], [ -70.924705650837467, -53.166462665561795 ], [ -70.924662072627171, -53.166478047889726 ], [ -70.92459828887506, -53.166502581631363 ], [ -70.924193961242125, -53.166658102576847 ], [ -70.92404846054373, -53.166714067104657 ], [ -70.923896414188278, -53.166765828353299 ], [ -70.923538229691019, -53.166887763158492 ], [ -70.923510470016495, -53.166892548975177 ], [ -70.923118462626121, -53.166960135794731 ], [ -70.922728007929351, -53.166994531361482 ], [ -70.922680610749495, -53.167010896598399 ], [ -70.922627041248745, -53.167028748558288 ], [ -70.922588826492216, -53.167041484024097 ], [ -70.922422173271457, -53.167105555927613 ], [ -70.922386024510871, -53.16711945423409 ], [ -70.922095932601422, -53.16723098539314 ], [ -70.921480882936521, -53.167467448850751 ], [ -70.921273069313386, -53.167547344010856 ], [ -70.921247038724999, -53.167555446816777 ], [ -70.92103077557158, -53.167641802060331 ], [ -70.921065399470749, -53.16767493660636 ], [ -70.921087722817745, -53.167696299498878 ] ] ] } },
{ "type": "Feature", "properties": { "zona": "20" }, "geometry": { "type": "Polygon", "coordinates": [ [ [ -70.887225538876592, -53.156826130661337 ], [ -70.887066878105173, -53.156875789095821 ], [ -70.887012596903574, -53.156892778201659 ], [ -70.886951815681826, -53.156911802164224 ], [ -70.8867647075935, -53.156970363368025 ], [ -70.886371531428921, -53.157093419238137 ], [ -70.886879253223839, -53.158190480500956 ], [ -70.886891948002045, -53.158271524811816 ], [ -70.887082526369085, -53.159488119338256 ], [ -70.887141833887426, -53.160290480408236 ], [ -70.887364176832591, -53.1606980308351 ], [ -70.887891342692527, -53.161644508676325 ], [ -70.888238601982096, -53.162484798273773 ], [ -70.888353127433135, -53.163274196656964 ], [ -70.88849808995424, -53.163788480899477 ], [ -70.891804680680593, -53.162361635841712 ], [ -70.896069518884516, -53.160682100611147 ], [ -70.896318021342111, -53.160584229162893 ], [ -70.896329553388085, -53.16057968761281 ], [ -70.896333167612781, -53.160578281276912 ], [ -70.895782305006207, -53.160043945427958 ], [ -70.895335877414709, -53.159629481091912 ], [ -70.895249279409114, -53.159549082087103 ], [ -70.895151908003839, -53.159458681225104 ], [ -70.894991004825044, -53.159309295463778 ], [ -70.89479000982287, -53.159122684722853 ], [ -70.894393693265854, -53.158749833437938 ], [ -70.893982403626353, -53.158362888280301 ], [ -70.893900990485108, -53.158286293408231 ], [ -70.893810442077097, -53.158201103376662 ], [ -70.893716844852008, -53.158114713208029 ], [ -70.893304660282283, -53.157734262764919 ], [ -70.892830860887614, -53.157296932033887 ], [ -70.892786377568854, -53.157255290009033 ], [ -70.892680778742758, -53.157156438262142 ], [ -70.892519145255022, -53.157005129138767 ], [ -70.892376981402748, -53.156872045663654 ], [ -70.892028561791619, -53.156545876446884 ], [ -70.891820169731105, -53.156350788912953 ], [ -70.891739661444788, -53.156275420119599 ], [ -70.891708635932432, -53.156246375132326 ], [ -70.891537707230015, -53.156086356704947 ], [ -70.891473685638346, -53.156026421866699 ], [ -70.891373728706753, -53.155932843672211 ], [ -70.891358859624617, -53.155918924491566 ], [ -70.891138360051173, -53.155712495610139 ], [ -70.891074421937205, -53.155652638086671 ], [ -70.891042744875037, -53.155622982075847 ], [ -70.890882402915494, -53.155472869308426 ], [ -70.890876385406571, -53.155475168455048 ], [ -70.89068537605624, -53.155548153197593 ], [ -70.890111262366162, -53.155765132236681 ], [ -70.889730193992008, -53.15591081973578 ], [ -70.88938369994456, -53.156043286596855 ], [ -70.889033478066864, -53.156176526761335 ], [ -70.888446185605815, -53.156399954651988 ], [ -70.887607133314987, -53.156719152516402 ], [ -70.887501717988982, -53.156759254565245 ], [ -70.887230360402455, -53.156824963367654 ], [ -70.887225538876592, -53.156826130661337 ] ] ] } },
{ "type": "Feature", "properties": { "zona": "21" }, "geometry": { "type": "Polygon", "coordinates": [ [ [ -70.905115301756368, -53.096656023445057 ], [ -70.905134563517677, -53.096928771147503 ], [ -70.905152853731977, -53.097187772313326 ], [ -70.904711938635074, -53.097458192592129 ], [ -70.904605430110053, -53.097954346591209 ], [ -70.904384060492163, -53.098410839777237 ], [ -70.904343436892304, -53.098837860885858 ], [ -70.903902499414883, -53.099108277678639 ], [ -70.903402433378105, -53.099376654607966 ], [ -70.903403991105094, -53.099983637654674 ], [ -70.90323833516149, -53.100477752585626 ], [ -70.903799100650858, -53.100818398549002 ], [ -70.903427421918707, -53.100984095588956 ], [ -70.902501451347334, -53.101987522872705 ], [ -70.901785165256882, -53.102034227982898 ], [ -70.901475983256205, -53.102166372200777 ], [ -70.901215761157673, -53.102407309887383 ], [ -70.900969088956884, -53.102505907519067 ], [ -70.900810171592468, -53.102928847604943 ], [ -70.902216897040702, -53.104976660685104 ], [ -70.902292221901689, -53.107531085931534 ], [ -70.902338624628541, -53.109104689061958 ], [ -70.902441367413985, -53.112588874987544 ], [ -70.903869758252497, -53.113424120175303 ], [ -70.905989442576185, -53.114663506885329 ], [ -70.912017278590668, -53.118187417631098 ], [ -70.912479956965356, -53.118457866467892 ], [ -70.91268753736901, -53.118503941634302 ], [ -70.913243711038305, -53.118627389284285 ], [ -70.913526767039855, -53.118690214454908 ], [ -70.91465669882497, -53.118914705181304 ], [ -70.915158293321269, -53.119006917636334 ], [ -70.915875667771658, -53.119164481589372 ], [ -70.916705476787627, -53.119351612330256 ], [ -70.917389478461402, -53.119508422591757 ], [ -70.917882583966744, -53.119571551993843 ], [ -70.917919828913568, -53.11957632050995 ], [ -70.917969996143285, -53.119582742712318 ], [ -70.918075468733505, -53.119596245670941 ], [ -70.918544627767176, -53.11965519815255 ], [ -70.918752329898908, -53.119691067439526 ], [ -70.918975107549286, -53.119729540049548 ], [ -70.919004363422232, -53.119734592553641 ], [ -70.919344536241198, -53.119793336639617 ], [ -70.919837200304968, -53.119917353924912 ], [ -70.920273928930058, -53.120068010410428 ], [ -70.920611115588969, -53.120204537902609 ], [ -70.920938339595509, -53.120383565115361 ], [ -70.921233965244937, -53.120582927500244 ], [ -70.921423613802958, -53.120710820310784 ], [ -70.921580807352797, -53.120805467728509 ], [ -70.921881499203749, -53.120951450350006 ], [ -70.922162243975194, -53.121057475646317 ], [ -70.922314562570449, -53.121107985071383 ], [ -70.922386641032588, -53.121135426885814 ], [ -70.922875985662372, -53.12083672255897 ], [ -70.923383611901357, -53.120526851838534 ], [ -70.923515939225368, -53.120446074717023 ], [ -70.923518658707138, -53.120446111310187 ], [ -70.923664604138651, -53.120358854645914 ], [ -70.928313395708201, -53.117631158069351 ], [ -70.937120840481057, -53.11233933227237 ], [ -70.932555764384517, -53.106232964244903 ], [ -70.926050647274153, -53.092457011998924 ], [ -70.923711886739255, -53.093288310763789 ], [ -70.921532650864151, -53.094062834992734 ], [ -70.916006315881376, -53.096026646623216 ], [ -70.915356010904063, -53.09600429555794 ], [ -70.913927034139775, -53.096062273169508 ], [ -70.912445693258249, -53.096047030147119 ], [ -70.911427163158322, -53.096154797377565 ], [ -70.910329228557515, -53.096474033877278 ], [ -70.908689062172385, -53.096881698625062 ], [ -70.907665581792685, -53.096927025951665 ], [ -70.907227341716307, -53.096927094594484 ], [ -70.906790213652172, -53.096783512578874 ], [ -70.906355795288235, -53.096611460914339 ], [ -70.905973038091162, -53.096469934995852 ], [ -70.905115301756368, -53.096656023445057 ] ] ] } },
{ "type": "Feature", "properties": { "zona": "22" }, "geometry": { "type": "Polygon", "coordinates": [ [ [ -70.878344264257493, -53.139428603511732 ], [ -70.878359642614328, -53.13941845062142 ], [ -70.878360865087785, -53.139417995539148 ], [ -70.878384302455899, -53.139402770475904 ], [ -70.878754393964513, -53.139162355093994 ], [ -70.878947805788314, -53.139036709856256 ], [ -70.879290043358807, -53.138814382130938 ], [ -70.879409908360387, -53.138736514493949 ], [ -70.879544146713556, -53.138650493711033 ], [ -70.879731048745199, -53.138530723448334 ], [ -70.879907775790713, -53.138415463373036 ], [ -70.880091438235567, -53.138295680149255 ], [ -70.880264702197437, -53.138182678030063 ], [ -70.880464394303743, -53.138053031775215 ], [ -70.880875843703166, -53.137785904558484 ], [ -70.881493648847623, -53.137385550154924 ], [ -70.88181972150322, -53.137172638059745 ], [ -70.882093175782288, -53.136994080650972 ], [ -70.88226088598671, -53.13688475515454 ], [ -70.882706131982431, -53.136594504938408 ], [ -70.883322234634264, -53.136195034278451 ], [ -70.883341107868731, -53.136182835625327 ], [ -70.883818186149753, -53.135874473356289 ], [ -70.884105538359321, -53.135688738284351 ], [ -70.884312313463255, -53.135542886902584 ], [ -70.884275659255394, -53.135500039593232 ], [ -70.884167128324762, -53.135361109402886 ], [ -70.883511055926533, -53.134521254886501 ], [ -70.882189656085956, -53.133844366462412 ], [ -70.880195544159363, -53.132666650726463 ], [ -70.880092771587371, -53.13260595059505 ], [ -70.88006428379569, -53.132588604495197 ], [ -70.880048216160077, -53.132578819780356 ], [ -70.879912633388841, -53.132727976852671 ], [ -70.879866305265622, -53.132778943238613 ], [ -70.879481532941071, -53.133020002965722 ], [ -70.879236413280594, -53.133186042772486 ], [ -70.878944564762463, -53.133383734761729 ], [ -70.878883492876071, -53.133352250018213 ], [ -70.878746575585723, -53.133281665204542 ], [ -70.877475088049266, -53.134122233224893 ], [ -70.874819229307874, -53.135877841164401 ], [ -70.873694708095925, -53.136621122987776 ], [ -70.873482583695846, -53.136761328353273 ], [ -70.873561063852478, -53.136788796292507 ], [ -70.87398585375864, -53.137105756097696 ], [ -70.877574945758866, -53.139783535961975 ], [ -70.877605709198036, -53.139806486695747 ], [ -70.877667386156858, -53.139848234603974 ], [ -70.877679380619597, -53.13985635178377 ], [ -70.877687749043545, -53.139862016925861 ], [ -70.877694653720994, -53.139865723311765 ], [ -70.878307895358617, -53.139452614370391 ], [ -70.878320678438158, -53.139444175154644 ], [ -70.878344264257493, -53.139428603511732 ] ] ] } },
{ "type": "Feature", "properties": { "zona": "23" }, "geometry": { "type": "Polygon", "coordinates": [ [ [ -70.939552361796686, -53.130462450920064 ], [ -70.939541273017909, -53.130463132743209 ], [ -70.939498768893259, -53.130452070076274 ], [ -70.939441826359015, -53.130437247925272 ], [ -70.939356393226902, -53.130406524419158 ], [ -70.939345090141771, -53.130402459138899 ], [ -70.939291356500064, -53.130398765195054 ], [ -70.939280077815511, -53.130397989521576 ], [ -70.939241536785033, -53.130400014853315 ], [ -70.9391504349732, -53.130404805466533 ], [ -70.939120803398609, -53.130414671592177 ], [ -70.938936811984448, -53.130475934902897 ], [ -70.938850280950462, -53.130504747578392 ], [ -70.938766464547541, -53.130531119780315 ], [ -70.938641693072739, -53.130585328338654 ], [ -70.938623885713127, -53.130591822866357 ], [ -70.938545848225559, -53.130620285017045 ], [ -70.938418492529308, -53.130672157065561 ], [ -70.93833668154754, -53.130705508786413 ], [ -70.938331965166995, -53.130707431017512 ], [ -70.938329241371434, -53.130707829112538 ], [ -70.938206853199802, -53.130725646115764 ], [ -70.938201128019685, -53.130726451706188 ], [ -70.938116852286441, -53.130738312303315 ], [ -70.937845624118424, -53.130825332236434 ], [ -70.937806444059447, -53.130837901471672 ], [ -70.937426132821443, -53.131229237337656 ], [ -70.93715270643591, -53.131510585772531 ], [ -70.937117686302514, -53.13161946864227 ], [ -70.937084626011838, -53.131707591032708 ], [ -70.937006348886413, -53.131803094333456 ], [ -70.936855397832389, -53.131934790177795 ], [ -70.936750950250641, -53.132097826383628 ], [ -70.936612548158877, -53.132253751351591 ], [ -70.936612391203781, -53.132253940291179 ], [ -70.936528064605213, -53.132355048568698 ], [ -70.936523285719034, -53.132360779120624 ], [ -70.936484448731235, -53.132372009435294 ], [ -70.936439008646985, -53.132385149579719 ], [ -70.936213290128876, -53.132450422139456 ], [ -70.936076382111025, -53.132475718859929 ], [ -70.935547576334613, -53.132573426075766 ], [ -70.935271564997706, -53.132624423150276 ], [ -70.934948011323939, -53.132670943213043 ], [ -70.934920517100124, -53.13267489665219 ], [ -70.934723166194033, -53.13272169970314 ], [ -70.934588747174288, -53.132752813630653 ], [ -70.934566384292211, -53.132757989553909 ], [ -70.934389598461692, -53.132796570822293 ], [ -70.934359896266145, -53.132849106622309 ], [ -70.934346950985457, -53.132881390724911 ], [ -70.934346390245963, -53.132887321225461 ], [ -70.934346109876159, -53.132890286475714 ], [ -70.934345268681625, -53.132899183123165 ], [ -70.934343866661493, -53.132914011167749 ], [ -70.934343586291234, -53.132916976417995 ], [ -70.934343025465779, -53.132922907815122 ], [ -70.934342745095378, -53.132925873065375 ], [ -70.93434218426961, -53.132931804462501 ], [ -70.934341623528454, -53.132937734962944 ], [ -70.934340782331546, -53.132946631610274 ], [ -70.934340501960733, -53.132949596860506 ], [ -70.934334728820943, -53.132958324837233 ], [ -70.934334167993427, -53.13296425623426 ], [ -70.934333326794174, -53.132973152881469 ], [ -70.934332485594481, -53.13298204952865 ], [ -70.934331644394334, -53.132990946175795 ], [ -70.934331364022455, -53.132993911425963 ], [ -70.934325592365298, -53.133002639453039 ], [ -70.934325031620403, -53.133008569953297 ], [ -70.934324751163103, -53.133011536100092 ], [ -70.934318418755922, -53.133026194626964 ], [ -70.934312927465072, -53.133031957403169 ], [ -70.934312366717833, -53.133037887903313 ], [ -70.934306873933707, -53.13304365062821 ], [ -70.934301382639006, -53.133049413403803 ], [ -70.93429039863895, -53.133060938006466 ], [ -70.934284626963873, -53.133069666031169 ], [ -70.934284346587958, -53.133072631281109 ], [ -70.934283785751163, -53.133078562677653 ], [ -70.934278855286365, -53.133078394055502 ], [ -70.934278574909968, -53.133081359305436 ], [ -70.934278014156988, -53.133087289805268 ], [ -70.934277733695652, -53.133090255951842 ], [ -70.934271680145756, -53.133101949174652 ], [ -70.934266469300866, -53.133104745801823 ], [ -70.934265908460972, -53.133110677198211 ], [ -70.934260136773773, -53.133119405221422 ], [ -70.934254365084144, -53.133128133244313 ], [ -70.9342538043269, -53.133134063743931 ], [ -70.934248031142943, -53.133142791715429 ], [ -70.934242820291487, -53.133145588341428 ], [ -70.934242539827125, -53.133148554487832 ], [ -70.934237048594596, -53.133154316363296 ], [ -70.934232116630497, -53.13315414768806 ], [ -70.934221414456104, -53.133162707084644 ], [ -70.934210991168513, -53.133168301179545 ], [ -70.934210710786516, -53.13317126642918 ], [ -70.934205499929163, -53.133174063053403 ], [ -70.934195076636726, -53.133179657146812 ], [ -70.934189865777356, -53.133182453770324 ], [ -70.934174231619465, -53.133190844485057 ], [ -70.934164088789188, -53.13319347242944 ], [ -70.934158597455493, -53.133199235197594 ], [ -70.934148456113263, -53.133201863191594 ], [ -70.934143243672466, -53.133204660658606 ], [ -70.934138032806729, -53.13320745727971 ], [ -70.934124483204883, -53.13320966825259 ], [ -70.934122959491532, -53.133209916592008 ], [ -70.934122679018259, -53.133212882737958 ], [ -70.934112816569026, -53.133212545428542 ], [ -70.934102675220998, -53.133215173418492 ], [ -70.934097744741663, -53.133215004788546 ], [ -70.934082391030458, -53.133220429344767 ], [ -70.934077459059722, -53.133220260662974 ], [ -70.93405717477907, -53.133225517481513 ], [ -70.934037170972999, -53.133227808150863 ], [ -70.934007024231619, -53.133232727644078 ], [ -70.934002093750863, -53.133232559010132 ], [ -70.933977157967263, -53.133234680984124 ], [ -70.933942361134982, -53.13323646657684 ], [ -70.933938416153978, -53.13323633164714 ], [ -70.933937430654183, -53.133236297940208 ], [ -70.933932500173455, -53.13323612930337 ], [ -70.93392263772121, -53.133235791978109 ], [ -70.933918692740363, -53.13323565704777 ], [ -70.93390291430822, -53.133235117376124 ], [ -70.933883471386025, -53.133231476625831 ], [ -70.933854165932985, -53.133227499438156 ], [ -70.933850220953232, -53.133227364505579 ], [ -70.933844303483667, -53.133227162106451 ], [ -70.93383444252548, -53.133226824824916 ], [ -70.933800487097926, -53.133219712838276 ], [ -70.933795835540096, -53.133216578896743 ], [ -70.93379090506248, -53.1332164102541 ], [ -70.933781042616488, -53.133216072917186 ], [ -70.933761599629392, -53.133212433043951 ], [ -70.933751738675596, -53.133212095755646 ], [ -70.933747087206982, -53.133208960915617 ], [ -70.933732576193123, -53.1332054897332 ], [ -70.933722994166288, -53.133202187143688 ], [ -70.933708481665846, -53.133198715907426 ], [ -70.933703831692796, -53.133195581116787 ], [ -70.933698899727247, -53.133195412419376 ], [ -70.933698928048813, -53.133195112935631 ], [ -70.933699180144714, -53.133192447171645 ], [ -70.933679737175851, -53.133188807285364 ], [ -70.933674806702143, -53.133188638637961 ], [ -70.933660294295223, -53.133185166499295 ], [ -70.933655363822041, -53.133184997851103 ], [ -70.933655074583513, -53.133184987957605 ], [ -70.933645501384888, -53.133184660503098 ], [ -70.933631269319079, -53.133178224010102 ], [ -70.933626338846864, -53.133178055360723 ], [ -70.933617037342358, -53.133171786618817 ], [ -70.933607456823182, -53.133168484071291 ], [ -70.933602524861314, -53.133168315369957 ], [ -70.933597874814595, -53.13316518147203 ], [ -70.933593929841805, -53.133165046531062 ], [ -70.933592944344056, -53.133165012821294 ], [ -70.933578151441893, -53.133164506816868 ], [ -70.933557198851986, -53.133155936967036 ], [ -70.933482898622174, -53.133125546891044 ], [ -70.933473036200752, -53.133125209529027 ], [ -70.933439361352413, -53.133115132194938 ], [ -70.933424568470187, -53.133114626171754 ], [ -70.933420623502883, -53.133114491225136 ], [ -70.933404845124912, -53.133113951488326 ], [ -70.933400195098656, -53.133110817583038 ], [ -70.933356938305351, -53.133097437610765 ], [ -70.933308190193529, -53.133089819453623 ], [ -70.933298890246064, -53.133083550739009 ], [ -70.933293958295806, -53.13308338202507 ], [ -70.933260563970805, -53.133070339395452 ], [ -70.933231539140934, -53.133063396811274 ], [ -70.93321209635829, -53.133059755953653 ], [ -70.933197583949905, -53.133056284656639 ], [ -70.933178141088817, -53.133052644690252 ], [ -70.933168560716084, -53.133049341211795 ], [ -70.933144185915822, -53.133045532520704 ], [ -70.93314024095622, -53.133045397564899 ], [ -70.93312446260903, -53.133044857791432 ], [ -70.933124743064525, -53.133041892545755 ], [ -70.933120093066819, -53.133038758630008 ], [ -70.933116146617024, -53.133038623622433 ], [ -70.933111216163951, -53.133038454952022 ], [ -70.933100368272804, -53.133038083845804 ], [ -70.933095437819873, -53.133037915174747 ], [ -70.933080925513764, -53.133034442967173 ], [ -70.93307698055547, -53.1330343080093 ], [ -70.933061202213608, -53.133033768227527 ], [ -70.933057257255484, -53.133033633268994 ], [ -70.933052326803335, -53.133033464596174 ], [ -70.933041478914234, -53.13303309348462 ], [ -70.933036548462255, -53.13303292481114 ], [ -70.933012878715203, -53.133032115053155 ], [ -70.933007948263509, -53.133031946378487 ], [ -70.932997100375374, -53.133031575262898 ], [ -70.932992169923835, -53.133031406587577 ], [ -70.932977657544058, -53.133027935264231 ], [ -70.932972727093073, -53.133027766588121 ], [ -70.932953282774818, -53.133024126534536 ], [ -70.932935960184878, -53.133022217851099 ], [ -70.932914116745593, -53.133019810868298 ], [ -70.932909186295902, -53.133019642189574 ], [ -70.932895378949766, -53.133019169816627 ], [ -70.93289044850026, -53.133019001137122 ], [ -70.932879600616971, -53.133018630010895 ], [ -70.932874670167649, -53.133018461330742 ], [ -70.932870725211856, -53.13301832636607 ], [ -70.932865793271674, -53.133018157634538 ], [ -70.93286086282248, -53.13301798895381 ], [ -70.932854946879857, -53.133017786557069 ], [ -70.932850014939859, -53.133017617824891 ], [ -70.932845084490822, -53.133017449143509 ], [ -70.932810287805381, -53.133019234407335 ], [ -70.932805076879163, -53.133022030968839 ], [ -70.932784791058367, -53.133027287518146 ], [ -70.9327590153123, -53.133038305918689 ], [ -70.932738450487349, -53.133046527755155 ], [ -70.932733238062298, -53.133049324262323 ], [ -70.932727746559749, -53.133055086961171 ], [ -70.932712112259154, -53.133063476582478 ], [ -70.932711831690227, -53.133066442723283 ], [ -70.93270140981295, -53.133072035836911 ], [ -70.932690705871536, -53.133080595039289 ], [ -70.93268285400525, -53.133084808900193 ], [ -70.932664648006394, -53.133094579507876 ], [ -70.932633941731851, -53.133105429190572 ], [ -70.932633661241923, -53.13310839443443 ], [ -70.932628729292887, -53.133108225692872 ], [ -70.93261830730998, -53.133113819695453 ], [ -70.932607883918237, -53.133119412749373 ], [ -70.932602672881998, -53.133122210198145 ], [ -70.93259224948622, -53.133127803250609 ], [ -70.932591968908369, -53.133130769390952 ], [ -70.932587038447963, -53.133130600698635 ], [ -70.932586757954539, -53.133133565942309 ], [ -70.932571404092656, -53.133138990300303 ], [ -70.93256098209487, -53.13314458429754 ], [ -70.932525061731781, -53.133158231295354 ], [ -70.932494355377628, -53.133169080940334 ], [ -70.93249407487744, -53.133172046183653 ], [ -70.932478720905664, -53.13317747142581 ], [ -70.932468016893594, -53.133186030606666 ], [ -70.932467736391416, -53.133188995849892 ], [ -70.932462525422551, -53.133191792395472 ], [ -70.932457594955949, -53.133191623697662 ], [ -70.932447171439819, -53.133197217633352 ], [ -70.932446890936092, -53.133200182876465 ], [ -70.932436467416522, -53.133205776811117 ], [ -70.932426045469967, -53.133211369899165 ], [ -70.932417733437788, -53.133215830669492 ], [ -70.932415621944983, -53.133216963831892 ], [ -70.932410410969339, -53.13321976037507 ], [ -70.932399706933026, -53.133228319549268 ], [ -70.93239477646263, -53.13322815084878 ], [ -70.932394495954995, -53.133231116091693 ], [ -70.932389284891443, -53.133233913530546 ], [ -70.932384072421101, -53.133236710021457 ], [ -70.932378580932166, -53.133242471806007 ], [ -70.932188906076561, -53.133259508789962 ], [ -70.932179961819827, -53.133260311894183 ], [ -70.932023928221327, -53.133229643798337 ], [ -70.932020812166314, -53.13322903161778 ], [ -70.931964347794533, -53.133217932940738 ], [ -70.931905899048573, -53.133211113899094 ], [ -70.931873860572153, -53.133205323638052 ], [ -70.931863797264853, -53.133203504890922 ], [ -70.931845067767185, -53.133200119404087 ], [ -70.93175240541116, -53.133183372265584 ], [ -70.931699892274821, -53.13317081016104 ], [ -70.931684720368594, -53.133167180275116 ], [ -70.931669256139628, -53.133246047032102 ], [ -70.930126611523519, -53.134173883934707 ], [ -70.929844590803427, -53.134343501000139 ], [ -70.929458803573908, -53.134575523785728 ], [ -70.929257889871138, -53.134696356562259 ], [ -70.928269412477306, -53.13527610031533 ], [ -70.928203726542222, -53.135309806861322 ], [ -70.928213190167, -53.135324642695586 ], [ -70.928257303976295, -53.135354931426306 ], [ -70.928309144075342, -53.135390524096856 ], [ -70.928393613610311, -53.135448520554831 ], [ -70.928732373298857, -53.135681108957314 ], [ -70.928780994980855, -53.135714491618792 ], [ -70.928911730481289, -53.135806689213233 ], [ -70.929607549096374, -53.136297389090259 ], [ -70.930021871435954, -53.136589567573431 ], [ -70.93017871797511, -53.13670017470217 ], [ -70.930213660985785, -53.136724815225854 ], [ -70.930217753346639, -53.136727378732331 ], [ -70.930337103175859, -53.136802136444878 ], [ -70.93041263724821, -53.136752719493828 ], [ -70.930499602770183, -53.136696188782771 ], [ -70.930535679186448, -53.136710279296508 ], [ -70.93057413881904, -53.136752592282058 ], [ -70.930751097547002, -53.136947281575125 ], [ -70.930787315320742, -53.13698712852036 ], [ -70.931119729608838, -53.137389078238165 ], [ -70.931142195062165, -53.137403112015285 ], [ -70.931263642638939, -53.137478975027179 ], [ -70.931385889129487, -53.13761492248797 ], [ -70.931628160199978, -53.13790056717275 ], [ -70.931788148449812, -53.138008385659326 ], [ -70.931971813676583, -53.138263396547543 ], [ -70.931972724629958, -53.13826466191253 ], [ -70.932046451756761, -53.138258852952347 ], [ -70.932057417865082, -53.138257988588578 ], [ -70.932170523046892, -53.138423055024681 ], [ -70.932442468197053, -53.138819924385793 ], [ -70.932611841598572, -53.139067099389337 ], [ -70.932870732468345, -53.139444908255626 ], [ -70.933029247558835, -53.139676231522202 ], [ -70.933152014825225, -53.139728867818 ], [ -70.933258802271737, -53.139740817296619 ], [ -70.933260734052197, -53.139741033601908 ], [ -70.933353631030187, -53.139742803420717 ], [ -70.933365371220518, -53.139743026887118 ], [ -70.933404658349261, -53.139817100871305 ], [ -70.933421965983342, -53.139843502994538 ], [ -70.933489391138707, -53.139946359129112 ], [ -70.933875139012059, -53.14053479382774 ], [ -70.934294080235105, -53.141173843267495 ], [ -70.934352460902744, -53.141262026307437 ], [ -70.934515952646251, -53.141508975510867 ], [ -70.935042395325524, -53.142276665308323 ], [ -70.935178487191735, -53.142324745285578 ], [ -70.935744542654334, -53.142260932882877 ], [ -70.935912655251784, -53.142247081855309 ], [ -70.93630046664515, -53.142215127870166 ], [ -70.936612237694362, -53.142189438038663 ], [ -70.936721776070002, -53.142173467014985 ], [ -70.937194415166744, -53.142104555236521 ], [ -70.937723008644724, -53.142027482918081 ], [ -70.93790161447086, -53.142001440614507 ], [ -70.938393292311389, -53.141941067305879 ], [ -70.938592034939404, -53.14191666272162 ], [ -70.939588616158247, -53.141794283030656 ], [ -70.939984157119923, -53.141752309062404 ], [ -70.940200965220072, -53.141729301337172 ], [ -70.940758216596549, -53.141670162540088 ], [ -70.94134868069689, -53.141607496152638 ], [ -70.941519331675536, -53.141589384445801 ], [ -70.943833179318446, -53.141313718572746 ], [ -70.944953848472849, -53.141180186641293 ], [ -70.946277568130228, -53.141022446650247 ], [ -70.947178804256865, -53.140915041736214 ], [ -70.946054764673931, -53.137714263840344 ], [ -70.943927210022053, -53.135618631525318 ], [ -70.943124582580097, -53.134163198320131 ], [ -70.942919313838217, -53.132668644424093 ], [ -70.942353176233212, -53.130804760829001 ], [ -70.941467795716051, -53.129703501271322 ], [ -70.941402703907897, -53.129636810488584 ], [ -70.941383196896084, -53.12961682382727 ], [ -70.941383046869859, -53.129616670278402 ], [ -70.941364968145663, -53.129617206276407 ], [ -70.941038991953747, -53.129739690312114 ], [ -70.940526022966765, -53.129932432114629 ], [ -70.940436630050101, -53.129969720960219 ], [ -70.94040788113395, -53.129987465271405 ], [ -70.940357221885719, -53.130018732806988 ], [ -70.940295546581481, -53.130067894112671 ], [ -70.940265236193767, -53.130092053777012 ], [ -70.94023845597853, -53.130113879102687 ], [ -70.940233152833329, -53.130118200276179 ], [ -70.94023080487311, -53.130120115307633 ], [ -70.940034378473584, -53.130230348465197 ], [ -70.939949125874278, -53.130296247527113 ], [ -70.939939726296615, -53.130303513361426 ], [ -70.939928500426049, -53.13031219029471 ], [ -70.939867132630127, -53.13034832641776 ], [ -70.939855184239732, -53.130355119284104 ], [ -70.939815135026421, -53.130377887441661 ], [ -70.939803439545287, -53.130384536016336 ], [ -70.939799962537123, -53.130386512328556 ], [ -70.939758408392976, -53.130399794517764 ], [ -70.939642670361536, -53.130436789275549 ], [ -70.939630738437998, -53.130440603350877 ], [ -70.939564779006517, -53.13046168673322 ], [ -70.939563042917769, -53.130461793852696 ], [ -70.939561066093844, -53.130461916137961 ], [ -70.939552361796686, -53.130462450920064 ] ] ] } },
{ "type": "Feature", "properties": { "zona": "24" }, "geometry": { "type": "Polygon", "coordinates": [ [ [ -70.921087722817745, -53.167696299498878 ], [ -70.921065399470749, -53.16767493660636 ], [ -70.92103077557158, -53.167641802060331 ], [ -70.920858047694082, -53.167710772075999 ], [ -70.920764476590691, -53.167750290639383 ], [ -70.919475734166099, -53.168223759853966 ], [ -70.919420832224517, -53.16824392963219 ], [ -70.919342605696457, -53.168279476726497 ], [ -70.919256705389841, -53.168317010250519 ], [ -70.918734871289786, -53.16851021511593 ], [ -70.917677966310222, -53.168901514369701 ], [ -70.917071873038935, -53.169125836591995 ], [ -70.916839442453124, -53.169217144572301 ], [ -70.916755994292856, -53.169249926297482 ], [ -70.916483092944347, -53.169384484740007 ], [ -70.916085008487897, -53.169595706069792 ], [ -70.915988364396597, -53.169657605390299 ], [ -70.915900220545282, -53.169679316299813 ], [ -70.915728354892806, -53.169774613667535 ], [ -70.915758424931511, -53.169792328741053 ], [ -70.915722999273569, -53.169810176500462 ], [ -70.915692004484768, -53.169825792585897 ], [ -70.915577619798, -53.169883422889335 ], [ -70.915513386220624, -53.169915785119755 ], [ -70.914892230088313, -53.170228733878488 ], [ -70.914781799482569, -53.170284370008083 ], [ -70.915939529209467, -53.170775263925044 ], [ -70.9167541671507, -53.171116396618622 ], [ -70.917638564530691, -53.171813184563177 ], [ -70.91798208115884, -53.172574704559224 ], [ -70.917727794075461, -53.173575764215698 ], [ -70.917475610708408, -53.17456849644293 ], [ -70.91761664560758, -53.175584876987848 ], [ -70.918308824457725, -53.177262797395549 ], [ -70.919418893821586, -53.178397103735207 ], [ -70.9195264759651, -53.178507031831828 ], [ -70.919672024024436, -53.178650114828599 ], [ -70.920731960081213, -53.178296234941257 ], [ -70.920841932336174, -53.178280117512578 ], [ -70.921777865400784, -53.177923151214628 ], [ -70.922323358125951, -53.177715093122636 ], [ -70.922702668840685, -53.177570416348395 ], [ -70.923646423038434, -53.177210440291908 ], [ -70.924753912865455, -53.176787280080639 ], [ -70.925168630488955, -53.176628815948085 ], [ -70.925764708030755, -53.176402004391342 ], [ -70.925814918463743, -53.176382898762917 ], [ -70.926588043836645, -53.176088711773026 ], [ -70.927236721832941, -53.175841871330043 ], [ -70.927652411112689, -53.175682324702542 ], [ -70.928017832232712, -53.175542070146875 ], [ -70.928191911709575, -53.17547758043974 ], [ -70.928055740295619, -53.175349926416693 ], [ -70.927659000045935, -53.174978000148201 ], [ -70.927496587279336, -53.174825013122131 ], [ -70.92731523116737, -53.17465418032242 ], [ -70.927241006357079, -53.17458426169793 ], [ -70.927169442489003, -53.17451685035887 ], [ -70.927208959198325, -53.174502236477529 ], [ -70.927801770483455, -53.1742830009157 ], [ -70.927918031776343, -53.174238935423951 ], [ -70.927878010376375, -53.174193366279965 ], [ -70.927766156181107, -53.174086360788202 ], [ -70.927702876812816, -53.174025824488545 ], [ -70.92752019256541, -53.173851056789729 ], [ -70.927376947311913, -53.173714018333818 ], [ -70.927168518539759, -53.173514619237196 ], [ -70.927119112210463, -53.173467352994365 ], [ -70.927048356800398, -53.173399662482552 ], [ -70.92681734685533, -53.173178655629371 ], [ -70.926451679683282, -53.17282881706933 ], [ -70.926295838530663, -53.172679719873628 ], [ -70.926193525660594, -53.172581834566181 ], [ -70.92613499414287, -53.172525835439401 ], [ -70.926122866516792, -53.172514232209117 ], [ -70.925948844455732, -53.172347738575873 ], [ -70.925096992879517, -53.171532716295737 ], [ -70.924809988809528, -53.171258113274888 ], [ -70.924456954034198, -53.170920325881063 ], [ -70.924413767933942, -53.170879004461987 ], [ -70.923403964843288, -53.169912777905985 ], [ -70.92312898191102, -53.169649653398473 ], [ -70.923105339180438, -53.169627029490044 ], [ -70.922957752202166, -53.169485804562456 ], [ -70.922258019565589, -53.168816223481066 ], [ -70.922249541571432, -53.16880811021263 ], [ -70.921995561624058, -53.168565067825661 ], [ -70.921841238462434, -53.168417389041814 ], [ -70.921735495684118, -53.168316199288022 ], [ -70.92124200382537, -53.167843943720655 ], [ -70.921203409802047, -53.167807010056045 ], [ -70.921087722817745, -53.167696299498878 ] ] ] } },
{ "type": "Feature", "properties": { "zona": "25" }, "geometry": { "type": "Polygon", "coordinates": [ [ [ -70.879731048745199, -53.138530723448334 ], [ -70.879544146713556, -53.138650493711033 ], [ -70.879409908360387, -53.138736514493949 ], [ -70.879290043358807, -53.138814382130938 ], [ -70.878947805788314, -53.139036709856256 ], [ -70.878754393964513, -53.139162355093994 ], [ -70.878384302455899, -53.139402770475904 ], [ -70.878360865087785, -53.139417995539148 ], [ -70.878399374500304, -53.139439156387979 ], [ -70.878431902531361, -53.139457029708225 ], [ -70.878602145867745, -53.139550576505094 ], [ -70.878944645664347, -53.139738774525441 ], [ -70.879314131952071, -53.139941797243885 ], [ -70.879652923083555, -53.140127952074387 ], [ -70.879742254711488, -53.140177036220621 ], [ -70.880133180007348, -53.140391831677668 ], [ -70.880157436679667, -53.140405160174289 ], [ -70.88022967831732, -53.140444852952378 ], [ -70.88034126270864, -53.140506163846815 ], [ -70.880767957075562, -53.140740608193319 ], [ -70.880881262172011, -53.140803446281254 ], [ -70.881141173929109, -53.140947589988201 ], [ -70.881386640320272, -53.141083721212688 ], [ -70.881689808972368, -53.141251851584535 ], [ -70.881749063888222, -53.141284712837837 ], [ -70.882040461671252, -53.141446312017692 ], [ -70.882288854436396, -53.141584062027349 ], [ -70.883254401332465, -53.142119505014897 ], [ -70.883550830973434, -53.142283885104625 ], [ -70.883878954789949, -53.142465838327801 ], [ -70.883989127906133, -53.142526932138964 ], [ -70.884858731215886, -53.14300913766921 ], [ -70.884885218598342, -53.143023824256233 ], [ -70.885067832948025, -53.143125084158797 ], [ -70.885386953796996, -53.143302034619801 ], [ -70.885399778497046, -53.143309146104485 ], [ -70.885523253821887, -53.143377612013154 ], [ -70.885579511249347, -53.143408805863309 ], [ -70.885627947807976, -53.143435662060263 ], [ -70.885633076509336, -53.143438506782509 ], [ -70.88563940437966, -53.143442015508441 ], [ -70.885643395202834, -53.143444228033282 ], [ -70.885644570136833, -53.143444879503981 ], [ -70.885655714016124, -53.143437322830501 ], [ -70.885657713948575, -53.143435967118464 ], [ -70.885689713537147, -53.143414268548341 ], [ -70.885716876444391, -53.143395848853721 ], [ -70.886009664630663, -53.143197309633685 ], [ -70.886051626787008, -53.143168855387231 ], [ -70.886309104286781, -53.14299425733298 ], [ -70.886396686663531, -53.14293541607541 ], [ -70.886456674748146, -53.142895113727967 ], [ -70.886759224524852, -53.142691846814039 ], [ -70.886892989243762, -53.142602559334726 ], [ -70.88691550600636, -53.142587529251308 ], [ -70.887237892391056, -53.142372332750909 ], [ -70.887256559708931, -53.142360442982813 ], [ -70.887426096237348, -53.142252458782835 ], [ -70.887826585945191, -53.14199737046156 ], [ -70.887902451954687, -53.141949047296386 ], [ -70.888057337731098, -53.141850393213851 ], [ -70.888307584266613, -53.141691392308203 ], [ -70.888412599227365, -53.141624667780512 ], [ -70.888722548179814, -53.141427730417753 ], [ -70.888842104579538, -53.141351765130793 ], [ -70.888908907111315, -53.141309318786519 ], [ -70.889122408214106, -53.141164778194536 ], [ -70.888340415363643, -53.140250917620179 ], [ -70.887699313505635, -53.139501675527832 ], [ -70.884517372171317, -53.135782585223858 ], [ -70.884312313463255, -53.135542886902584 ], [ -70.884105538359321, -53.135688738284351 ], [ -70.883818186149753, -53.135874473356289 ], [ -70.883341107868731, -53.136182835625327 ], [ -70.883322234634264, -53.136195034278451 ], [ -70.882706131982431, -53.136594504938408 ], [ -70.88226088598671, -53.13688475515454 ], [ -70.882093175782288, -53.136994080650972 ], [ -70.88181972150322, -53.137172638059745 ], [ -70.881493648847623, -53.137385550154924 ], [ -70.880875843703166, -53.137785904558484 ], [ -70.880464394303743, -53.138053031775215 ], [ -70.880264702197437, -53.138182678030063 ], [ -70.880091438235567, -53.138295680149255 ], [ -70.879907775790713, -53.138415463373036 ], [ -70.879731048745199, -53.138530723448334 ] ] ] } },
{ "type": "Feature", "properties": { "zona": "26" }, "geometry": { "type": "Polygon", "coordinates": [ [ [ -70.884312313463255, -53.135542886902584 ], [ -70.884517372171317, -53.135782585223858 ], [ -70.887699313505635, -53.139501675527832 ], [ -70.888340415363643, -53.140250917620179 ], [ -70.889122408214106, -53.141164778194536 ], [ -70.889394654919059, -53.140980854861873 ], [ -70.889850186165518, -53.140669190999454 ], [ -70.88990071030436, -53.140634640913071 ], [ -70.890242783247572, -53.140400718905553 ], [ -70.890598630236411, -53.140168819344467 ], [ -70.89098635379932, -53.139921777865986 ], [ -70.891272386415565, -53.139739526957953 ], [ -70.891310199756148, -53.13971543261453 ], [ -70.891569717353335, -53.139550074364195 ], [ -70.89174806401796, -53.139436434498435 ], [ -70.891759402890699, -53.139429209664371 ], [ -70.891853942391691, -53.139386074024607 ], [ -70.892019631229161, -53.139341552998857 ], [ -70.891989353069704, -53.139323342032029 ], [ -70.89195565710969, -53.13930307527864 ], [ -70.890316714788383, -53.138317325568494 ], [ -70.889601844284385, -53.137887342018196 ], [ -70.887770744496933, -53.136785905515978 ], [ -70.88737279289785, -53.136546520944947 ], [ -70.88712423560689, -53.136397001126127 ], [ -70.886559557585684, -53.136103872030091 ], [ -70.88447735527626, -53.135022925781762 ], [ -70.883511055926533, -53.134521254886501 ], [ -70.884167128324762, -53.135361109402886 ], [ -70.884275659255394, -53.135500039593232 ], [ -70.884312313463255, -53.135542886902584 ] ] ] } },
{ "type": "Feature", "properties": { "zona": "27" }, "geometry": { "type": "Polygon", "coordinates": [ [ [ -70.890810838603187, -53.143137696782318 ], [ -70.890939133336715, -53.143287086999784 ], [ -70.891186619226261, -53.1435752639592 ], [ -70.892227100784808, -53.144786770166569 ], [ -70.894469880304811, -53.147397942720566 ], [ -70.894979878451295, -53.147991662740161 ], [ -70.895018198299866, -53.148036273064548 ], [ -70.895381097966961, -53.148458734863262 ], [ -70.895524582224624, -53.14862576636019 ], [ -70.895606884064179, -53.148721573506066 ], [ -70.895641993591127, -53.148762444820775 ], [ -70.895917260806868, -53.148588449187926 ], [ -70.896289643930061, -53.148368342167082 ], [ -70.896400199542441, -53.148302994612827 ], [ -70.89650798283192, -53.148239285646753 ], [ -70.897272333243407, -53.147787479828764 ], [ -70.897374730320564, -53.14772695223386 ], [ -70.897455297627616, -53.147679328557174 ], [ -70.898184258728293, -53.147248423588813 ], [ -70.898250915918695, -53.147209021027322 ], [ -70.898507585467996, -53.147057294573372 ], [ -70.899266458125325, -53.146608688803958 ], [ -70.899412853456965, -53.146522145773268 ], [ -70.89954158390853, -53.146446045429883 ], [ -70.90015362463501, -53.146084224146399 ], [ -70.900409023626906, -53.145946409450161 ], [ -70.900416943787675, -53.14594213523231 ], [ -70.900515206153173, -53.14588911150696 ], [ -70.900525030739288, -53.145883239646778 ], [ -70.901197840218472, -53.145481069627628 ], [ -70.901475921457831, -53.145314843731683 ], [ -70.9015965921445, -53.145242711177907 ], [ -70.901613799098826, -53.145232424958024 ], [ -70.901582071138634, -53.145214004673683 ], [ -70.901571496620718, -53.145207864927414 ], [ -70.901434596152271, -53.145128383473661 ], [ -70.900611422193876, -53.14463407842716 ], [ -70.900403168266067, -53.144509022728847 ], [ -70.900330572735299, -53.144466819736266 ], [ -70.899976574591548, -53.144261021780629 ], [ -70.89984123007639, -53.144182338691508 ], [ -70.899327820324118, -53.143883860239242 ], [ -70.899250917711782, -53.143839151125938 ], [ -70.899184604410493, -53.143878920458555 ], [ -70.898940045336957, -53.144025586566016 ], [ -70.898863531304727, -53.14406972479383 ], [ -70.898752309672361, -53.14413388472866 ], [ -70.89870687961151, -53.144091751520129 ], [ -70.898519907446044, -53.14388220229764 ], [ -70.898497525216555, -53.143857117510365 ], [ -70.89839847875146, -53.143746111225042 ], [ -70.897948759404841, -53.143242076486068 ], [ -70.89735311115399, -53.142849934679063 ], [ -70.896697362873084, -53.14241821508395 ], [ -70.896683755065354, -53.142409119453554 ], [ -70.896493837212191, -53.142282173290475 ], [ -70.896465446121027, -53.142263195662807 ], [ -70.896361094808853, -53.142193443990692 ], [ -70.895919690105515, -53.141898390733964 ], [ -70.895890042280456, -53.141878572558284 ], [ -70.895553180723923, -53.141653397131606 ], [ -70.895016668107289, -53.141294756818063 ], [ -70.89494841192176, -53.141249129796755 ], [ -70.894729903812106, -53.141103061706971 ], [ -70.894695113059484, -53.141079803782958 ], [ -70.89449160705864, -53.140943763524319 ], [ -70.894475930201708, -53.140933283701877 ], [ -70.89443122638626, -53.140960170840643 ], [ -70.894380013166099, -53.1409909747886 ], [ -70.894323851085289, -53.141024753606132 ], [ -70.894316846058885, -53.141028957366764 ], [ -70.89426224026748, -53.14106172840944 ], [ -70.894174302417113, -53.14111450257932 ], [ -70.894169680991183, -53.141117276473452 ], [ -70.894070056141203, -53.141177063906262 ], [ -70.893813344098206, -53.14133112245274 ], [ -70.893668522610227, -53.141418033122164 ], [ -70.893626394792875, -53.141443314155964 ], [ -70.893400815788823, -53.141578687227181 ], [ -70.893306714938873, -53.141635157434251 ], [ -70.893135833482333, -53.141737704998739 ], [ -70.892900706053325, -53.141877966627966 ], [ -70.892875850331507, -53.141892794666425 ], [ -70.892699282293279, -53.14199812275907 ], [ -70.892564312322278, -53.142078175927061 ], [ -70.892421042452597, -53.14216315160013 ], [ -70.892157970428059, -53.142319181946235 ], [ -70.892058985902779, -53.142378549104286 ], [ -70.89201578309769, -53.142404459930262 ], [ -70.891846216774525, -53.142506157892662 ], [ -70.891080535690037, -53.142965368634876 ], [ -70.890810838603187, -53.143137696782318 ] ] ] } },
{ "type": "Feature", "properties": { "zona": "28" }, "geometry": { "type": "Polygon", "coordinates": [ [ [ -70.89863051775545, -53.152256243732346 ], [ -70.898663380922713, -53.15229436934839 ], [ -70.898761278640492, -53.152268172881421 ], [ -70.898828085476651, -53.1522502963265 ], [ -70.899007633366026, -53.152202249797689 ], [ -70.899876160860302, -53.151708362269765 ], [ -70.900462538796603, -53.151351334268206 ], [ -70.900900493405871, -53.151097481055359 ], [ -70.90145710704968, -53.150778330313585 ], [ -70.901873124893399, -53.15053979005954 ], [ -70.902174370659381, -53.150367056075659 ], [ -70.902970623987542, -53.149910473505898 ], [ -70.90306930071651, -53.149853889691904 ], [ -70.903292270463851, -53.149726032959315 ], [ -70.903409139267325, -53.149662113629866 ], [ -70.903424518374322, -53.149653702719057 ], [ -70.903663172282762, -53.149523174257752 ], [ -70.904221912811821, -53.149202208806614 ], [ -70.906295540825198, -53.148042995438288 ], [ -70.906308342334157, -53.148035839372106 ], [ -70.906094972504761, -53.14791080876239 ], [ -70.905796781229924, -53.147730958267843 ], [ -70.903954136090107, -53.146632168959279 ], [ -70.903881566780754, -53.146589885497512 ], [ -70.903797651978564, -53.146540990604088 ], [ -70.903773390482911, -53.146526582067345 ], [ -70.903625795833648, -53.146438138570147 ], [ -70.903554465109949, -53.146395393814664 ], [ -70.903532563529055, -53.146382270156565 ], [ -70.903285030841843, -53.146233937695484 ], [ -70.903036922350609, -53.14608525920535 ], [ -70.902853748925722, -53.1459754914491 ], [ -70.902297350006549, -53.145642062286306 ], [ -70.901969108968018, -53.145445356074674 ], [ -70.901613799098826, -53.145232424958024 ], [ -70.9015965921445, -53.145242711177907 ], [ -70.901475921457831, -53.145314843731683 ], [ -70.901197840218472, -53.145481069627628 ], [ -70.900525030739288, -53.145883239646778 ], [ -70.900515206153173, -53.14588911150696 ], [ -70.900416943787675, -53.14594213523231 ], [ -70.900409023626906, -53.145946409450161 ], [ -70.90015362463501, -53.146084224146399 ], [ -70.89954158390853, -53.146446045429883 ], [ -70.899412853456965, -53.146522145773268 ], [ -70.899266458125325, -53.146608688803958 ], [ -70.898507585467996, -53.147057294573372 ], [ -70.898250915918695, -53.147209021027322 ], [ -70.898184258728293, -53.147248423588813 ], [ -70.897455297627616, -53.147679328557174 ], [ -70.897374730320564, -53.14772695223386 ], [ -70.897272333243407, -53.147787479828764 ], [ -70.89650798283192, -53.148239285646753 ], [ -70.896400199542441, -53.148302994612827 ], [ -70.896289643930061, -53.148368342167082 ], [ -70.895917260806868, -53.148588449187926 ], [ -70.895641993591127, -53.148762444820775 ], [ -70.89564480795741, -53.148765721051873 ], [ -70.895805463261141, -53.148952739636258 ], [ -70.895949187711707, -53.14912004692566 ], [ -70.896003905916629, -53.14918374325962 ], [ -70.896076494004149, -53.149268240007409 ], [ -70.89612012209929, -53.149320777549391 ], [ -70.896690954233804, -53.150008179660652 ], [ -70.897079997363264, -53.150476653094934 ], [ -70.897119039242313, -53.15052366604003 ], [ -70.897139738811205, -53.150545446425866 ], [ -70.897159126277813, -53.150565845671501 ], [ -70.897220635407493, -53.150620531750405 ], [ -70.897233146276733, -53.150635047102682 ], [ -70.898420667744176, -53.152012790973551 ], [ -70.898556706722673, -53.152170614459877 ], [ -70.89863051775545, -53.152256243732346 ] ] ] } },
{ "type": "Feature", "properties": { "zona": "29" }, "geometry": { "type": "Polygon", "coordinates": [ [ [ -70.89839847875146, -53.143746111225042 ], [ -70.898497525216555, -53.143857117510365 ], [ -70.898519907446044, -53.14388220229764 ], [ -70.89870687961151, -53.144091751520129 ], [ -70.898752309672361, -53.14413388472866 ], [ -70.898863531304727, -53.14406972479383 ], [ -70.898940045336957, -53.144025586566016 ], [ -70.899184604410493, -53.143878920458555 ], [ -70.899250917711782, -53.143839151125938 ], [ -70.899327820324118, -53.143883860239242 ], [ -70.89984123007639, -53.144182338691508 ], [ -70.899976574591548, -53.144261021780629 ], [ -70.900330572735299, -53.144466819736266 ], [ -70.900403168266067, -53.144509022728847 ], [ -70.900611422193876, -53.14463407842716 ], [ -70.901434596152271, -53.145128383473661 ], [ -70.901571496620718, -53.145207864927414 ], [ -70.901582071138634, -53.145214004673683 ], [ -70.901613799098826, -53.145232424958024 ], [ -70.902368573384052, -53.144790295991697 ], [ -70.902965350397452, -53.144440706858013 ], [ -70.903452986619527, -53.144155046737723 ], [ -70.90487722206565, -53.143320684580722 ], [ -70.905321662322194, -53.143060306656558 ], [ -70.906996195326172, -53.142079230293298 ], [ -70.907290001615479, -53.141907087375671 ], [ -70.908739752130529, -53.141057638796774 ], [ -70.908816094715931, -53.141011801838687 ], [ -70.909392641296421, -53.14066563357585 ], [ -70.910699208920192, -53.139881116460323 ], [ -70.910860337369797, -53.139784365497292 ], [ -70.91115096810725, -53.139609851722454 ], [ -70.911266183414838, -53.139540667940331 ], [ -70.910958195727588, -53.13935149177297 ], [ -70.910800470145702, -53.139254610662398 ], [ -70.910184320494011, -53.138876141889916 ], [ -70.910056701448809, -53.138797750604155 ], [ -70.909336950985079, -53.138355631045272 ], [ -70.909214440000483, -53.138280374136379 ], [ -70.908981423757808, -53.138137236595995 ], [ -70.908672423154087, -53.137943410836904 ], [ -70.908542904366385, -53.137862167398502 ], [ -70.90821021917543, -53.137653480323692 ], [ -70.907889329713313, -53.13745219151528 ], [ -70.907596129250734, -53.13726826754047 ], [ -70.907486151098652, -53.137199278359944 ], [ -70.907339541050831, -53.137107936754639 ], [ -70.907108796898072, -53.136964175487641 ], [ -70.906968475193196, -53.13687675070954 ], [ -70.906503342967085, -53.136586953440208 ], [ -70.906496874494053, -53.136590805746316 ], [ -70.906458412223841, -53.136613714782776 ], [ -70.906361417391992, -53.136671487821019 ], [ -70.906168306956332, -53.136786510714224 ], [ -70.905635135396722, -53.137104078069967 ], [ -70.905250921551939, -53.137332918443192 ], [ -70.904704313476216, -53.137658475836474 ], [ -70.90376192976855, -53.138219738571628 ], [ -70.903528665358778, -53.13835866156159 ], [ -70.90245369584855, -53.138998854354824 ], [ -70.9023499561346, -53.139060634153687 ], [ -70.901111501590648, -53.13979815025651 ], [ -70.900850824003115, -53.139953382194953 ], [ -70.899648730541486, -53.140669198464785 ], [ -70.899345583392687, -53.140849709351684 ], [ -70.8981135782537, -53.141583290845603 ], [ -70.897822144979656, -53.141756814915624 ], [ -70.896910941528745, -53.142299347083316 ], [ -70.896697362873084, -53.14241821508395 ], [ -70.89735311115399, -53.142849934679063 ], [ -70.897948759404841, -53.143242076486068 ], [ -70.89839847875146, -53.143746111225042 ] ] ] } },
{ "type": "Feature", "properties": { "zona": "30" }, "geometry": { "type": "Polygon", "coordinates": [ [ [ -70.901613799098826, -53.145232424958024 ], [ -70.901969108968018, -53.145445356074674 ], [ -70.902297350006549, -53.145642062286306 ], [ -70.902853748925722, -53.1459754914491 ], [ -70.903036922350609, -53.14608525920535 ], [ -70.903285030841843, -53.146233937695484 ], [ -70.903532563529055, -53.146382270156565 ], [ -70.903554465109949, -53.146395393814664 ], [ -70.903625795833648, -53.146438138570147 ], [ -70.903773390482911, -53.146526582067345 ], [ -70.903797651978564, -53.146540990604088 ], [ -70.903881566780754, -53.146589885497512 ], [ -70.903954136090107, -53.146632168959279 ], [ -70.903991445917384, -53.146610050295564 ], [ -70.904150432930948, -53.146515796079541 ], [ -70.904267089344927, -53.146448172403716 ], [ -70.90468921724019, -53.146203471811546 ], [ -70.90530883364265, -53.145844282030119 ], [ -70.905716340520982, -53.145608046674049 ], [ -70.905913404597101, -53.145493805115663 ], [ -70.906615623980471, -53.145086708703921 ], [ -70.906666651056611, -53.145057126440491 ], [ -70.907202700345778, -53.144746355011399 ], [ -70.907366658151176, -53.144651299866609 ], [ -70.907832191078541, -53.144381401606232 ], [ -70.907959569221617, -53.144307551480829 ], [ -70.908718509654292, -53.143867533645597 ], [ -70.908789628752416, -53.143826298978261 ], [ -70.909041901249566, -53.143680034132636 ], [ -70.909392551666585, -53.143470421200774 ], [ -70.910055008898595, -53.143074405250239 ], [ -70.910183184676114, -53.142997780839274 ], [ -70.911086352429379, -53.142457849384208 ], [ -70.911189897704929, -53.142395126092957 ], [ -70.91132068492503, -53.142315901523084 ], [ -70.911752701888602, -53.142054202212037 ], [ -70.912142895203402, -53.141790982391555 ], [ -70.912297654913843, -53.141686581847928 ], [ -70.912517528426434, -53.141560400522764 ], [ -70.91313619573917, -53.141205352658993 ], [ -70.913473947086061, -53.141011516548943 ], [ -70.913589717059267, -53.140945075263076 ], [ -70.913588381930779, -53.140943524401429 ], [ -70.913550380555506, -53.140919660745773 ], [ -70.913525755527957, -53.140904794619011 ], [ -70.913466946853291, -53.14086929322773 ], [ -70.912798629751322, -53.140465835057583 ], [ -70.912626278067521, -53.14036178610737 ], [ -70.912218094810996, -53.140115362049066 ], [ -70.912047691259062, -53.14001248656119 ], [ -70.911537982243601, -53.139704762978276 ], [ -70.91137212899568, -53.139604630999131 ], [ -70.911266183414838, -53.139540667940331 ], [ -70.91115096810725, -53.139609851722454 ], [ -70.910860337369797, -53.139784365497292 ], [ -70.910699208920192, -53.139881116460323 ], [ -70.909392641296421, -53.14066563357585 ], [ -70.908816094715931, -53.141011801838687 ], [ -70.908739752130529, -53.141057638796774 ], [ -70.907290001615479, -53.141907087375671 ], [ -70.906996195326172, -53.142079230293298 ], [ -70.905321662322194, -53.143060306656558 ], [ -70.90487722206565, -53.143320684580722 ], [ -70.903452986619527, -53.144155046737723 ], [ -70.902965350397452, -53.144440706858013 ], [ -70.902368573384052, -53.144790295991697 ], [ -70.901613799098826, -53.145232424958024 ] ] ] } },
{ "type": "Feature", "properties": { "zona": "31" }, "geometry": { "type": "Polygon", "coordinates": [ [ [ -70.892019631229161, -53.139341552998857 ], [ -70.8920382596378, -53.139352756757752 ], [ -70.892053753094956, -53.139362075534976 ], [ -70.892079063067897, -53.139377297357335 ], [ -70.892102255549759, -53.139392354250369 ], [ -70.892486560308754, -53.139641845743078 ], [ -70.893101666752344, -53.140041166128526 ], [ -70.893425809777298, -53.140251591140917 ], [ -70.893789281573433, -53.140487545063209 ], [ -70.894065620613517, -53.140666933536906 ], [ -70.89432779209389, -53.140837121522125 ], [ -70.89443582748045, -53.140907251495662 ], [ -70.894461384078724, -53.140923840548609 ], [ -70.894475930201708, -53.140933283701877 ], [ -70.89449160705864, -53.140943763524319 ], [ -70.894695113059484, -53.141079803782958 ], [ -70.894729903812106, -53.141103061706971 ], [ -70.89494841192176, -53.141249129796755 ], [ -70.895016668107289, -53.141294756818063 ], [ -70.895553180723923, -53.141653397131606 ], [ -70.895890042280456, -53.141878572558284 ], [ -70.895919690105515, -53.141898390733964 ], [ -70.896361094808853, -53.142193443990692 ], [ -70.896465446121027, -53.142263195662807 ], [ -70.896493837212191, -53.142282173290475 ], [ -70.896683755065354, -53.142409119453554 ], [ -70.896697362873084, -53.14241821508395 ], [ -70.896910941528745, -53.142299347083316 ], [ -70.897822144979656, -53.141756814915624 ], [ -70.8981135782537, -53.141583290845603 ], [ -70.899345583392687, -53.140849709351684 ], [ -70.899648730541486, -53.140669198464785 ], [ -70.900850824003115, -53.139953382194953 ], [ -70.901111501590648, -53.13979815025651 ], [ -70.9023499561346, -53.139060634153687 ], [ -70.90245369584855, -53.138998854354824 ], [ -70.903528665358778, -53.13835866156159 ], [ -70.90376192976855, -53.138219738571628 ], [ -70.904704313476216, -53.137658475836474 ], [ -70.905250921551939, -53.137332918443192 ], [ -70.905635135396722, -53.137104078069967 ], [ -70.906168306956332, -53.136786510714224 ], [ -70.906361417391992, -53.136671487821019 ], [ -70.906458412223841, -53.136613714782776 ], [ -70.906496874494053, -53.136590805746316 ], [ -70.906503342967085, -53.136586953440208 ], [ -70.90645304827548, -53.136563909985121 ], [ -70.906401070227261, -53.136532483053237 ], [ -70.906305619380603, -53.136474771560053 ], [ -70.906303987149627, -53.136473784302645 ], [ -70.906174324403636, -53.136429128452484 ], [ -70.905982417986138, -53.13638598927912 ], [ -70.905728409403096, -53.136335122903994 ], [ -70.905721975718578, -53.136333834442034 ], [ -70.905544235773533, -53.136299289335867 ], [ -70.905267546937523, -53.136245511539123 ], [ -70.904933101821442, -53.136180506833774 ], [ -70.904821971837521, -53.136158906874506 ], [ -70.904668402324901, -53.136091363918759 ], [ -70.904539347896488, -53.136034603724468 ], [ -70.904508045435975, -53.136015934310315 ], [ -70.904269044592695, -53.135873393202978 ], [ -70.904167362877558, -53.135812749458289 ], [ -70.904047864133176, -53.13574147866435 ], [ -70.903954971292009, -53.135685967319873 ], [ -70.903943797672724, -53.135679290755938 ], [ -70.903870107852526, -53.13563473203611 ], [ -70.903823347045915, -53.13560694972513 ], [ -70.903718909057275, -53.135544899934793 ], [ -70.903691074669155, -53.135527784603738 ], [ -70.903638387402935, -53.135495388325069 ], [ -70.903632875096818, -53.135491998620701 ], [ -70.903602221109011, -53.135473282033097 ], [ -70.90359980243376, -53.135471805259698 ], [ -70.903568427476827, -53.135452649118903 ], [ -70.903555854996611, -53.135444971671731 ], [ -70.903549738316698, -53.135441237293101 ], [ -70.903540886337851, -53.135435832616807 ], [ -70.903228293239394, -53.135247584031532 ], [ -70.903174717513735, -53.135215319739942 ], [ -70.902824161615086, -53.135004205414518 ], [ -70.902755718692006, -53.134962986980852 ], [ -70.902438494037639, -53.134771941739125 ], [ -70.902332172616411, -53.134707910563705 ], [ -70.902075467039452, -53.134553311126453 ], [ -70.901980153756099, -53.13449590838384 ], [ -70.901799636602902, -53.134387191311724 ], [ -70.901598997844673, -53.134266354831873 ], [ -70.901442483838224, -53.134172092265949 ], [ -70.90135304699335, -53.134118227193028 ], [ -70.901155568055529, -53.133999291705834 ], [ -70.901142443444897, -53.134007080124839 ], [ -70.900886457067415, -53.134159002896723 ], [ -70.900097637812351, -53.134627135555924 ], [ -70.899631095617963, -53.13490400264147 ], [ -70.898355202954889, -53.135661146083201 ], [ -70.897985263423664, -53.13588066942706 ], [ -70.897770594816635, -53.136008452900604 ], [ -70.896278128949319, -53.136896826824731 ], [ -70.896107633294264, -53.136998308551547 ], [ -70.894187125296483, -53.13814137882305 ], [ -70.89395700928705, -53.138278334875679 ], [ -70.893257060917662, -53.138694910359817 ], [ -70.892811884006093, -53.138959850950286 ], [ -70.892686982066749, -53.13903418345442 ], [ -70.892562434936622, -53.139108304998267 ], [ -70.892303386041064, -53.139265305616988 ], [ -70.892235952755783, -53.139283425578505 ], [ -70.892220136573258, -53.139287675597608 ], [ -70.892143802537035, -53.139308186674057 ], [ -70.892019631229161, -53.139341552998857 ] ] ] } },
{ "type": "Feature", "properties": { "zona": "32" }, "geometry": { "type": "Polygon", "coordinates": [ [ [ -70.909278192673597, -53.132123754835789 ], [ -70.910163836023898, -53.132735557778815 ], [ -70.910268282051504, -53.132807707871088 ], [ -70.911336285589343, -53.133545451501 ], [ -70.911408955734444, -53.133595648515261 ], [ -70.911416507681778, -53.133600259445998 ], [ -70.911431878866054, -53.133609643424855 ], [ -70.911448897138996, -53.133598874415036 ], [ -70.911455037191715, -53.133594989866289 ], [ -70.911568815146936, -53.13352299760561 ], [ -70.911835395075698, -53.133364688863736 ], [ -70.912115962905062, -53.133198071803179 ], [ -70.912256949019806, -53.133114345944662 ], [ -70.912277807781834, -53.133101958326662 ], [ -70.912546869723158, -53.132942170861057 ], [ -70.913190088722018, -53.132560176456607 ], [ -70.913205665196031, -53.132550892297829 ], [ -70.913513214924507, -53.132367566399409 ], [ -70.913563349832188, -53.13233768179991 ], [ -70.913907501622631, -53.132132534790379 ], [ -70.914157335548254, -53.131983609948435 ], [ -70.914490259425307, -53.131785151394247 ], [ -70.914785959400007, -53.131608878787702 ], [ -70.914817580444549, -53.13159002839874 ], [ -70.914937135536491, -53.131518759635696 ], [ -70.915062551724318, -53.131443996751528 ], [ -70.915150069982545, -53.131391824820902 ], [ -70.915164220354924, -53.131383389178133 ], [ -70.915109742946754, -53.131350575798145 ], [ -70.91456098129882, -53.131020033905806 ], [ -70.914286999808397, -53.130855000122942 ], [ -70.914156374103953, -53.130775456219759 ], [ -70.914038600938838, -53.130703737557035 ], [ -70.91387683751104, -53.130605230724996 ], [ -70.913722743464021, -53.130511394259727 ], [ -70.913616999250948, -53.130447000000615 ], [ -70.913296527745345, -53.130251232376658 ], [ -70.913191848958519, -53.130187286346128 ], [ -70.912924499135102, -53.130023966017013 ], [ -70.912855374135873, -53.1299817539402 ], [ -70.912812164808528, -53.12995536654708 ], [ -70.912814598866078, -53.1299539119793 ], [ -70.912343421272439, -53.129682048091929 ], [ -70.912225208127012, -53.129613839598122 ], [ -70.91210827562287, -53.1295463703838 ], [ -70.911548471781003, -53.129225661247311 ], [ -70.910259402749062, -53.130005819701779 ], [ -70.911505311284913, -53.130782344902734 ], [ -70.909278192673597, -53.132123754835789 ] ] ] } },
{ "type": "Feature", "properties": { "zona": "33" }, "geometry": { "type": "Polygon", "coordinates": [ [ [ -70.880048216160077, -53.132578819780356 ], [ -70.88006428379569, -53.132588604495197 ], [ -70.880092771587371, -53.13260595059505 ], [ -70.880195544159363, -53.132666650726463 ], [ -70.882189656085956, -53.133844366462412 ], [ -70.883511055926533, -53.134521254886501 ], [ -70.88447735527626, -53.135022925781762 ], [ -70.886559557585684, -53.136103872030091 ], [ -70.88712423560689, -53.136397001126127 ], [ -70.88737279289785, -53.136546520944947 ], [ -70.887770744496933, -53.136785905515978 ], [ -70.889601844284385, -53.137887342018196 ], [ -70.890316714788383, -53.138317325568494 ], [ -70.89195565710969, -53.13930307527864 ], [ -70.891989353069704, -53.139323342032029 ], [ -70.892019631229161, -53.139341552998857 ], [ -70.892143802537035, -53.139308186674057 ], [ -70.892220136573258, -53.139287675597608 ], [ -70.892235952755783, -53.139283425578505 ], [ -70.892303386041064, -53.139265305616988 ], [ -70.892562434936622, -53.139108304998267 ], [ -70.892686982066749, -53.13903418345442 ], [ -70.892811884006093, -53.138959850950286 ], [ -70.893257060917662, -53.138694910359817 ], [ -70.89395700928705, -53.138278334875679 ], [ -70.894187125296483, -53.13814137882305 ], [ -70.896107633294264, -53.136998308551547 ], [ -70.896278128949319, -53.136896826824731 ], [ -70.897770594816635, -53.136008452900604 ], [ -70.897985263423664, -53.13588066942706 ], [ -70.898355202954889, -53.135661146083201 ], [ -70.899631095617963, -53.13490400264147 ], [ -70.900097637812351, -53.134627135555924 ], [ -70.900886457067415, -53.134159002896723 ], [ -70.901142443444897, -53.134007080124839 ], [ -70.901155568055529, -53.133999291705834 ], [ -70.901171196858556, -53.133989900238326 ], [ -70.901294168786251, -53.133915035692105 ], [ -70.901383247432307, -53.133860804416656 ], [ -70.902090526701286, -53.133430204750013 ], [ -70.902200192037782, -53.133363438201492 ], [ -70.902777562250606, -53.133011917399685 ], [ -70.90289576336265, -53.132939952568925 ], [ -70.903547936463141, -53.132542877564298 ], [ -70.903616480307392, -53.132501143623749 ], [ -70.904339802358081, -53.132060735370864 ], [ -70.904362339583969, -53.132047013514672 ], [ -70.905120143854759, -53.131585594604609 ], [ -70.905177735375943, -53.131550527045377 ], [ -70.905810988231195, -53.131164932615384 ], [ -70.905880645495714, -53.131122516121955 ], [ -70.906036355859101, -53.131027701152355 ], [ -70.90628340334213, -53.130879032138239 ], [ -70.906535816527125, -53.130727131745921 ], [ -70.906740401293064, -53.130604013610046 ], [ -70.906754720720031, -53.130593722666127 ], [ -70.906841999931814, -53.130531000180568 ], [ -70.906911651451281, -53.130490256107251 ], [ -70.906897507105057, -53.130480889462852 ], [ -70.906830569996742, -53.130436564984045 ], [ -70.90286436322863, -53.127809999877563 ], [ -70.902491929162792, -53.127565762045563 ], [ -70.902328059416604, -53.127458297409902 ], [ -70.896275796668291, -53.123876975827997 ], [ -70.89618121640973, -53.123821002834582 ], [ -70.89616955460626, -53.123813561968532 ], [ -70.896151552511895, -53.123802073628092 ], [ -70.896094000380657, -53.123828000301174 ], [ -70.896083008852017, -53.12383394119604 ], [ -70.895777951991477, -53.123998823929377 ], [ -70.895659282960025, -53.124062964293131 ], [ -70.895203431946229, -53.124309345663036 ], [ -70.894975262424694, -53.12443266672544 ], [ -70.894811470935849, -53.124521191603307 ], [ -70.893382128183035, -53.125293690017322 ], [ -70.893123352306347, -53.125433542298609 ], [ -70.892724990796623, -53.125648828951867 ], [ -70.891365571047515, -53.126384314415752 ], [ -70.890399727174412, -53.12690683971293 ], [ -70.889184667449371, -53.127564427949565 ], [ -70.888499911899856, -53.127935002065882 ], [ -70.887368218824989, -53.128547424170499 ], [ -70.886538901405046, -53.128996182002972 ], [ -70.886041571141973, -53.129265288316063 ], [ -70.884178184066911, -53.13027352043499 ], [ -70.883923238670903, -53.130411070769128 ], [ -70.883418730639718, -53.130683261733836 ], [ -70.883275510441337, -53.130760482524479 ], [ -70.882859583302178, -53.130984738387006 ], [ -70.882243422482262, -53.131319464034775 ], [ -70.88188180636557, -53.131516864615818 ], [ -70.881451394840781, -53.131746630325701 ], [ -70.881346917757583, -53.131803465557439 ], [ -70.881095249160069, -53.13194037156002 ], [ -70.880950394314326, -53.132019171149693 ], [ -70.880460700154813, -53.132280558417435 ], [ -70.880184139195606, -53.132428177464767 ], [ -70.880134765801728, -53.1324828966859 ], [ -70.880048216160077, -53.132578819780356 ] ] ] } },
{ "type": "Feature", "properties": { "zona": "34" }, "geometry": { "type": "Polygon", "coordinates": [ [ [ -70.896151552511895, -53.123802073628092 ], [ -70.89616955460626, -53.123813561968532 ], [ -70.89618121640973, -53.123821002834582 ], [ -70.896275796668291, -53.123876975827997 ], [ -70.902328059416604, -53.127458297409902 ], [ -70.902491929162792, -53.127565762045563 ], [ -70.90286436322863, -53.127809999877563 ], [ -70.906830569996742, -53.130436564984045 ], [ -70.906897507105057, -53.130480889462852 ], [ -70.906911651451281, -53.130490256107251 ], [ -70.907002000279576, -53.130440000152596 ], [ -70.908433327510267, -53.129577690020511 ], [ -70.908466650317166, -53.129557614394699 ], [ -70.908879746152607, -53.129308732302775 ], [ -70.908906901707766, -53.129292370915621 ], [ -70.910002547567544, -53.128632244594868 ], [ -70.910503853257012, -53.128330197979388 ], [ -70.910586745393644, -53.128280253213944 ], [ -70.91097528997652, -53.128046141420157 ], [ -70.910916446266071, -53.128010784752739 ], [ -70.910687868866361, -53.127873440857606 ], [ -70.910659668885273, -53.12785649625291 ], [ -70.905136506132891, -53.124537442429123 ], [ -70.903575987288704, -53.12357077268301 ], [ -70.903085446683846, -53.123266892250172 ], [ -70.903342116590281, -53.123125485419607 ], [ -70.903225731191753, -53.123059157449845 ], [ -70.900789388608771, -53.121670612606565 ], [ -70.900538998667216, -53.121527899937107 ], [ -70.900511645040964, -53.121512309742599 ], [ -70.90047393305629, -53.121492075837594 ], [ -70.899248543702612, -53.122152821300098 ], [ -70.89855788403662, -53.122525220086011 ], [ -70.897787551233336, -53.12293842529116 ], [ -70.89684595838645, -53.123443475764269 ], [ -70.896833795324071, -53.123449958307347 ], [ -70.896626319149021, -53.123560529262868 ], [ -70.896222000246084, -53.12377600022667 ], [ -70.896151552511895, -53.123802073628092 ] ] ] } },
{ "type": "Feature", "properties": { "zona": "35" }, "geometry": { "type": "Polygon", "coordinates": [ [ [ -70.913591606130311, -53.140943977957228 ], [ -70.913591911652006, -53.140943801349259 ], [ -70.913697426589366, -53.140882531700619 ], [ -70.913826855581377, -53.140807376018024 ], [ -70.91402470014242, -53.140692493544307 ], [ -70.914450437441516, -53.140445276017772 ], [ -70.914656828946207, -53.140325427401194 ], [ -70.915933621124822, -53.139583986114474 ], [ -70.916201598645273, -53.139428365442626 ], [ -70.917283269624818, -53.138800192303734 ], [ -70.917641054173174, -53.138592405036718 ], [ -70.917965716903709, -53.138403851877911 ], [ -70.918161614273544, -53.138290078883621 ], [ -70.918240810767898, -53.138244083085823 ], [ -70.918252110243742, -53.138237521014808 ], [ -70.918669363962636, -53.138008087967314 ], [ -70.918687429286067, -53.137998154480378 ], [ -70.918735968938933, -53.137969537955243 ], [ -70.918720013893378, -53.137960079157011 ], [ -70.918690351300327, -53.137942494499747 ], [ -70.918092612666172, -53.137589031845245 ], [ -70.917832098813307, -53.137434978283345 ], [ -70.917806912103572, -53.137419983100038 ], [ -70.917575476409311, -53.137282197496475 ], [ -70.917543599975019, -53.137263219554619 ], [ -70.91706658365915, -53.136979222352281 ], [ -70.916918118612472, -53.136890830112527 ], [ -70.916574999317348, -53.136686545713623 ], [ -70.916395122413633, -53.136579449591579 ], [ -70.916363279611701, -53.136560490462337 ], [ -70.916099343691116, -53.136403346786665 ], [ -70.915578170160884, -53.136093040693666 ], [ -70.915248772492916, -53.135896914057831 ], [ -70.915235696509299, -53.135889128826349 ], [ -70.915235646965812, -53.135889099237552 ], [ -70.914454171884742, -53.135436482482845 ], [ -70.914336127591113, -53.135368111300124 ], [ -70.91409531026153, -53.135228630586226 ], [ -70.914063005998116, -53.135209920318268 ], [ -70.913711313562615, -53.135006217714 ], [ -70.913458060836589, -53.134859530878678 ], [ -70.912786282111412, -53.13447042063018 ], [ -70.912772220966687, -53.134462276499278 ], [ -70.912705546401682, -53.134423656108282 ], [ -70.912140772814311, -53.134097682219149 ], [ -70.912038183915286, -53.134038469616684 ], [ -70.911579718510467, -53.133773848441031 ], [ -70.911380598753709, -53.133658916590036 ], [ -70.91136039722295, -53.13364725699244 ], [ -70.911305038836218, -53.133683465805994 ], [ -70.911247914069463, -53.133719058809909 ], [ -70.910740260809305, -53.134035366765509 ], [ -70.910699922289382, -53.134060501067758 ], [ -70.910690739192177, -53.134066246452861 ], [ -70.910553273301176, -53.134152257786226 ], [ -70.910534775007989, -53.134163831247797 ], [ -70.910333768760282, -53.134289596973382 ], [ -70.910125523103403, -53.13441989180717 ], [ -70.909955493040016, -53.134521624724613 ], [ -70.909725855636964, -53.134659019924705 ], [ -70.909719836499704, -53.134662620687521 ], [ -70.909513318102881, -53.134786182205517 ], [ -70.908994743895491, -53.135096445406624 ], [ -70.908772248946576, -53.135229562519847 ], [ -70.908324127199478, -53.135497665006199 ], [ -70.908014235560515, -53.135683064522816 ], [ -70.90740669275749, -53.136046533764677 ], [ -70.907293825894442, -53.136114055758902 ], [ -70.906794627060165, -53.136412697737953 ], [ -70.906503342967085, -53.136586953440208 ], [ -70.906968475193196, -53.13687675070954 ], [ -70.907108796898072, -53.136964175487641 ], [ -70.907339541050831, -53.137107936754639 ], [ -70.907486151098652, -53.137199278359944 ], [ -70.907596129250734, -53.13726826754047 ], [ -70.907889329713313, -53.13745219151528 ], [ -70.90821021917543, -53.137653480323692 ], [ -70.908542904366385, -53.137862167398502 ], [ -70.908672423154087, -53.137943410836904 ], [ -70.908981423757808, -53.138137236595995 ], [ -70.909214440000483, -53.138280374136379 ], [ -70.909336950985079, -53.138355631045272 ], [ -70.910056701448809, -53.138797750604155 ], [ -70.910184320494011, -53.138876141889916 ], [ -70.910800470145702, -53.139254610662398 ], [ -70.910958195727588, -53.13935149177297 ], [ -70.911266183414838, -53.139540667940331 ], [ -70.91137212899568, -53.139604630999131 ], [ -70.911537982243601, -53.139704762978276 ], [ -70.912047691259062, -53.14001248656119 ], [ -70.912218094810996, -53.140115362049066 ], [ -70.912626278067521, -53.14036178610737 ], [ -70.912798629751322, -53.140465835057583 ], [ -70.913466946853291, -53.14086929322773 ], [ -70.913525755527957, -53.140904794619011 ], [ -70.913550380555506, -53.140919660745773 ], [ -70.913588157452864, -53.140943383550209 ], [ -70.913588381930779, -53.140943524401429 ], [ -70.913589717059267, -53.140945075263076 ], [ -70.913590306118493, -53.14094473298583 ], [ -70.913591606130311, -53.140943977957228 ] ] ] } },
{ "type": "Feature", "properties": { "zona": "36" }, "geometry": { "type": "Polygon", "coordinates": [ [ [ -70.920417636285862, -53.128224414687466 ], [ -70.920421358628445, -53.128226670799435 ], [ -70.920260123703869, -53.128323656897706 ], [ -70.920166095555842, -53.128380216560323 ], [ -70.920013008837799, -53.128472300508825 ], [ -70.919636703363352, -53.128698651906539 ], [ -70.919449390600889, -53.128811320772115 ], [ -70.919330594498462, -53.128882776450396 ], [ -70.918816483640057, -53.129192008601073 ], [ -70.918813256283798, -53.129193945205678 ], [ -70.918626413381077, -53.129306060439426 ], [ -70.918620047477589, -53.129309880015363 ], [ -70.918244928226187, -53.129534967162101 ], [ -70.918101371015311, -53.12962110691165 ], [ -70.917954076702955, -53.129709488517015 ], [ -70.917336605802703, -53.130079985074381 ], [ -70.917302376944377, -53.13010052317825 ], [ -70.917193181332635, -53.130166041976686 ], [ -70.916995310406918, -53.130284766509263 ], [ -70.916675039284257, -53.130476929551506 ], [ -70.916453281443737, -53.130609984069018 ], [ -70.916110727944201, -53.130815511475859 ], [ -70.916048202912719, -53.130853025240405 ], [ -70.915943338186921, -53.13091594176084 ], [ -70.915935160385999, -53.130920849493044 ], [ -70.915883580472197, -53.13095179546589 ], [ -70.915789276777033, -53.131008375637819 ], [ -70.915751515923901, -53.131031030981816 ], [ -70.915645194298307, -53.131094821048364 ], [ -70.915639823882287, -53.131098043180742 ], [ -70.91561254993924, -53.131114406515287 ], [ -70.9154912046981, -53.131187209346571 ], [ -70.915477997490171, -53.131195133196755 ], [ -70.915450682107604, -53.131211522058905 ], [ -70.915375989086186, -53.1312563356582 ], [ -70.915325510581013, -53.131286621182525 ], [ -70.915322390759158, -53.131288493024641 ], [ -70.915283485797545, -53.131311834862565 ], [ -70.915246596745234, -53.131333966777248 ], [ -70.915180825101345, -53.131373426751004 ], [ -70.915164285396756, -53.13138335003314 ], [ -70.915164220354924, -53.131383389178133 ], [ -70.915150069982545, -53.131391824820902 ], [ -70.915062551724318, -53.131443996751528 ], [ -70.914937135536491, -53.131518759635696 ], [ -70.914817580444549, -53.13159002839874 ], [ -70.914785959400007, -53.131608878787702 ], [ -70.914490259425307, -53.131785151394247 ], [ -70.914157335548254, -53.131983609948435 ], [ -70.913907501622631, -53.132132534790379 ], [ -70.913563349832188, -53.13233768179991 ], [ -70.913513214924507, -53.132367566399409 ], [ -70.913205665196031, -53.132550892297829 ], [ -70.913190088722018, -53.132560176456607 ], [ -70.912546869723158, -53.132942170861057 ], [ -70.912277807781834, -53.133101958326662 ], [ -70.912256949019806, -53.133114345944662 ], [ -70.912115962905062, -53.133198071803179 ], [ -70.911835395075698, -53.133364688863736 ], [ -70.911568815146936, -53.13352299760561 ], [ -70.911455037191715, -53.133594989866289 ], [ -70.911448897138996, -53.133598874415036 ], [ -70.911431878866054, -53.133609643424855 ], [ -70.911408744422673, -53.133624281608334 ], [ -70.91136039722295, -53.13364725699244 ], [ -70.911380598753709, -53.133658916590036 ], [ -70.911579718510467, -53.133773848441031 ], [ -70.912038183915286, -53.134038469616684 ], [ -70.912140772814311, -53.134097682219149 ], [ -70.912705546401682, -53.134423656108282 ], [ -70.912772220966687, -53.134462276499278 ], [ -70.912786282111412, -53.13447042063018 ], [ -70.913458060836589, -53.134859530878678 ], [ -70.913711313562615, -53.135006217714 ], [ -70.914063005998116, -53.135209920318268 ], [ -70.91409531026153, -53.135228630586226 ], [ -70.914336127591113, -53.135368111300124 ], [ -70.914454171884742, -53.135436482482845 ], [ -70.915235646965812, -53.135889099237552 ], [ -70.915235696509299, -53.135889128826349 ], [ -70.915248772492916, -53.135896914057831 ], [ -70.915578170160884, -53.136093040693666 ], [ -70.916099343691116, -53.136403346786665 ], [ -70.916363279611701, -53.136560490462337 ], [ -70.916395122413633, -53.136579449591579 ], [ -70.916574999317348, -53.136686545713623 ], [ -70.916918118612472, -53.136890830112527 ], [ -70.91706658365915, -53.136979222352281 ], [ -70.917543599975019, -53.137263219554619 ], [ -70.917575476409311, -53.137282197496475 ], [ -70.917806912103572, -53.137419983100038 ], [ -70.917832098813307, -53.137434978283345 ], [ -70.918092612666172, -53.137589031845245 ], [ -70.918690351300327, -53.137942494499747 ], [ -70.918720013893378, -53.137960079157011 ], [ -70.918735968938933, -53.137969537955243 ], [ -70.918759451294591, -53.137955692913891 ], [ -70.918775230721735, -53.137946390695809 ], [ -70.918799250099951, -53.137932230344738 ], [ -70.918897430395305, -53.137877892893698 ], [ -70.919011839544822, -53.137814573496165 ], [ -70.919044100366662, -53.137796719037311 ], [ -70.92016579119867, -53.137175905418431 ], [ -70.920172142745372, -53.137172390205521 ], [ -70.920419548409953, -53.137035456210739 ], [ -70.921503085188348, -53.136435725702889 ], [ -70.921786642022312, -53.13627877435367 ], [ -70.921903140829556, -53.136214290673209 ], [ -70.922015569345703, -53.136152059196981 ], [ -70.922181713832728, -53.136060095531548 ], [ -70.922680547352016, -53.135783977636819 ], [ -70.922773613919745, -53.135732461768541 ], [ -70.923058423019498, -53.135567330265566 ], [ -70.923612065274909, -53.135246326314054 ], [ -70.923692229256403, -53.135199846563232 ], [ -70.924439472022939, -53.134766576660788 ], [ -70.924689260173722, -53.134621741217636 ], [ -70.924975846258292, -53.134455566071118 ], [ -70.925498271909333, -53.13415263621561 ], [ -70.925826385904145, -53.133962375371766 ], [ -70.926026095220294, -53.133846569758916 ], [ -70.926305923892059, -53.133684303347202 ], [ -70.926514338589172, -53.133563448269364 ], [ -70.926733199622831, -53.133436533307112 ], [ -70.92690249612582, -53.133343124975298 ], [ -70.926936090406159, -53.133322948307139 ], [ -70.927530494772043, -53.132965953035935 ], [ -70.928345230802037, -53.132476614572106 ], [ -70.928466494572845, -53.132403780792337 ], [ -70.928633273402752, -53.132303609136663 ], [ -70.928746865197439, -53.132235382551315 ], [ -70.928948180296942, -53.132114465560861 ], [ -70.929005955800406, -53.132079763638259 ], [ -70.929006016103841, -53.132079727022266 ], [ -70.929051734814038, -53.132052495936662 ], [ -70.929225585704145, -53.131921892474907 ], [ -70.929368120221099, -53.131814814005622 ], [ -70.929689311977825, -53.131622167682494 ], [ -70.92982289568792, -53.13154204608081 ], [ -70.929828163437023, -53.131538886374003 ], [ -70.930346473231822, -53.131228005038601 ], [ -70.930348826428585, -53.131226593228448 ], [ -70.930422907320647, -53.131175576706042 ], [ -70.930867115900227, -53.13092213548012 ], [ -70.931596061949776, -53.130506227925615 ], [ -70.932247980597651, -53.130125828869602 ], [ -70.932294087306957, -53.130098925614043 ], [ -70.932667954355821, -53.129880767007123 ], [ -70.93335955792557, -53.129477193449524 ], [ -70.933447825511806, -53.1294256853216 ], [ -70.933646903786538, -53.129298891050254 ], [ -70.934344557466176, -53.128892785206595 ], [ -70.934573130549595, -53.128749699693536 ], [ -70.934655091659053, -53.128698392427438 ], [ -70.934910740666481, -53.128538355323045 ], [ -70.935519336448138, -53.128157367073499 ], [ -70.935707276201327, -53.128039711391224 ], [ -70.935746115583655, -53.12802558308826 ], [ -70.935826535674508, -53.127996329004041 ], [ -70.935928563068785, -53.127959213803479 ], [ -70.935964712835599, -53.127944567987612 ], [ -70.935976790893648, -53.127951342581667 ], [ -70.936047553880698, -53.128001301613793 ], [ -70.936457548462286, -53.12829075567462 ], [ -70.936496602516158, -53.128318817429673 ], [ -70.936557588497365, -53.128362636183994 ], [ -70.936769499682654, -53.128514896449126 ], [ -70.936854037095941, -53.128575637417789 ], [ -70.937124378657373, -53.128771714575109 ], [ -70.937261690842845, -53.128868040021672 ], [ -70.937383869015378, -53.128969724000193 ], [ -70.937439061445971, -53.128936012017803 ], [ -70.937470801835445, -53.128916623708392 ], [ -70.938497523756283, -53.128289464766127 ], [ -70.938774398367428, -53.128111517649053 ], [ -70.938932799259106, -53.128009712722758 ], [ -70.93924275729772, -53.12781049850436 ], [ -70.939304586192478, -53.127770759576116 ], [ -70.939330771036836, -53.127753930063918 ], [ -70.939461675791804, -53.127669795248821 ], [ -70.939465385496959, -53.127667411302333 ], [ -70.939465636427471, -53.127667668151368 ], [ -70.939478762668386, -53.12766081121751 ], [ -70.939468055562983, -53.12762894569746 ], [ -70.939244794487124, -53.126964495129336 ], [ -70.938937512815528, -53.126049962706055 ], [ -70.938877890047621, -53.125989766710376 ], [ -70.938504687820341, -53.125612973358685 ], [ -70.937588182031106, -53.124687617494509 ], [ -70.937212773944225, -53.124308570980865 ], [ -70.936712351484161, -53.123803286013597 ], [ -70.936042175352028, -53.123140119477149 ], [ -70.935750986049499, -53.12285196898911 ], [ -70.935496605593968, -53.122600239194526 ], [ -70.933658567492984, -53.121922892521901 ], [ -70.933009364099306, -53.121683638094488 ], [ -70.932193293464948, -53.121382879833369 ], [ -70.931770924469021, -53.121308379236325 ], [ -70.931753027806948, -53.121305222759595 ], [ -70.931710327489853, -53.12133916618734 ], [ -70.93118487589561, -53.121756857673773 ], [ -70.930742546938475, -53.122021595988443 ], [ -70.930624575777472, -53.122092201028032 ], [ -70.930457362614774, -53.122192278174325 ], [ -70.929487580719481, -53.122775064609392 ], [ -70.929454839221705, -53.122794739438852 ], [ -70.929303373097653, -53.122885759568923 ], [ -70.92886361996058, -53.123150016286651 ], [ -70.928408209939661, -53.123423677100199 ], [ -70.928315688857495, -53.123479272643202 ], [ -70.927376908651311, -53.124043375376679 ], [ -70.927052957794274, -53.124238028000484 ], [ -70.926531690660156, -53.124551237885605 ], [ -70.92617172097799, -53.124767526143188 ], [ -70.926051883629569, -53.124839529173478 ], [ -70.926005425836365, -53.124867442556763 ], [ -70.925109268529283, -53.12540587979305 ], [ -70.925088108335487, -53.125418593866733 ], [ -70.925070000757387, -53.125429473127163 ], [ -70.924731838063934, -53.125632645224371 ], [ -70.924244888227307, -53.125925206760023 ], [ -70.923131038858131, -53.126594386761106 ], [ -70.922472186249252, -53.126990197555585 ], [ -70.921288703144043, -53.127701157176077 ], [ -70.921209129965291, -53.127748958898799 ], [ -70.921101944321094, -53.127813346479634 ], [ -70.920965507575517, -53.127895305312236 ], [ -70.920433633755579, -53.128214804936448 ], [ -70.920417636285862, -53.128224414687466 ] ] ] } },
{ "type": "Feature", "properties": { "zona": "37" }, "geometry": { "type": "Polygon", "coordinates": [ [ [ -70.913697426589366, -53.140882531700619 ], [ -70.913590306118493, -53.14094473298583 ], [ -70.913589717059267, -53.140945075263076 ], [ -70.913595951882144, -53.140948653935332 ], [ -70.913602913012269, -53.140952649781681 ], [ -70.913607638391355, -53.140955362465512 ], [ -70.913662885004427, -53.140987073828065 ], [ -70.913688908189087, -53.141002010470068 ], [ -70.913769109958551, -53.141048045087096 ], [ -70.913773335090369, -53.141050984352155 ], [ -70.9139017262371, -53.141140292577902 ], [ -70.913969250884492, -53.14121157389922 ], [ -70.914019144380546, -53.141264242658259 ], [ -70.914049341296234, -53.141296119317218 ], [ -70.91408780182347, -53.141346573499618 ], [ -70.914150760221787, -53.14142916541622 ], [ -70.914189807678312, -53.141480388169533 ], [ -70.91426254859887, -53.14157581295246 ], [ -70.914283185072563, -53.141602884761006 ], [ -70.914309111771942, -53.14163689589067 ], [ -70.914390361212213, -53.141743480615624 ], [ -70.914401313946186, -53.141757849718736 ], [ -70.914481841640622, -53.141863485718495 ], [ -70.914542022701767, -53.141942432282157 ], [ -70.914584997784104, -53.141998806722711 ], [ -70.914665365181591, -53.142104233772478 ], [ -70.914724827338944, -53.142182235274795 ], [ -70.91479352284459, -53.142272348191995 ], [ -70.914856650447106, -53.142341160588515 ], [ -70.914904256134378, -53.142370921199486 ], [ -70.914976275606989, -53.142415943345043 ], [ -70.915167736103456, -53.142535631923643 ], [ -70.915249340593121, -53.142586645968066 ], [ -70.915407851907887, -53.14268573553435 ], [ -70.915433847499685, -53.142701986880077 ], [ -70.915558949405266, -53.142781360536326 ], [ -70.915776310312026, -53.142919267061771 ], [ -70.915864199038126, -53.142975028539801 ], [ -70.916206243018223, -53.143192037546385 ], [ -70.916254363840849, -53.143222568213865 ], [ -70.916547334967248, -53.143408441589855 ], [ -70.916675086718826, -53.143489492742795 ], [ -70.916911435080237, -53.143639439458155 ], [ -70.916962853166567, -53.143672061198259 ], [ -70.917239049756446, -53.143847286982762 ], [ -70.917294948603413, -53.143882750333766 ], [ -70.917517483692492, -53.144023931060495 ], [ -70.917689577409888, -53.144133110013378 ], [ -70.917805944446513, -53.144206934095131 ], [ -70.917879990537855, -53.144253443472863 ], [ -70.91796246729902, -53.144305248324173 ], [ -70.918252773342246, -53.144487591218279 ], [ -70.918383995049098, -53.144570011745692 ], [ -70.918678472731401, -53.144754971448542 ], [ -70.918767764030548, -53.144811054966404 ], [ -70.919093754259649, -53.145015804396074 ], [ -70.919112995025785, -53.145027889252653 ], [ -70.919165570784884, -53.145060911343869 ], [ -70.919587608953975, -53.145325981925197 ], [ -70.919632505676432, -53.145354180376053 ], [ -70.919891128070773, -53.145516611036854 ], [ -70.91997885104081, -53.145571706026466 ], [ -70.92005739195578, -53.145621034515791 ], [ -70.920080920132989, -53.145635811191895 ], [ -70.920176089089352, -53.145578474351915 ], [ -70.920308644349475, -53.145498613405003 ], [ -70.92052449847921, -53.145368566033994 ], [ -70.920541026301763, -53.145358608262299 ], [ -70.920569618682009, -53.145342067651683 ], [ -70.920770220778024, -53.145226018155938 ], [ -70.920928182938965, -53.145134635892617 ], [ -70.921532975373552, -53.144784751127439 ], [ -70.921594947304385, -53.144748899288629 ], [ -70.921894579274834, -53.144575552460786 ], [ -70.921984703455252, -53.144523412478044 ], [ -70.922522379391282, -53.144212342435409 ], [ -70.922701381793431, -53.144108780693017 ], [ -70.922884918737267, -53.144002593650235 ], [ -70.923067862679744, -53.14389674942435 ], [ -70.923171067388509, -53.14384615638609 ], [ -70.923184936412824, -53.143839358105488 ], [ -70.92329605853908, -53.143794614626316 ], [ -70.923524276583279, -53.143741735613581 ], [ -70.923605906135464, -53.143722821727252 ], [ -70.923683304396533, -53.143704888063326 ], [ -70.923779386725641, -53.143682624860894 ], [ -70.92383584133141, -53.143669544024633 ], [ -70.923944941450969, -53.143644264589135 ], [ -70.924037936517294, -53.143622716637694 ], [ -70.924065276953769, -53.14361704756795 ], [ -70.924064316036535, -53.14361542690083 ], [ -70.924062864879318, -53.143612980722075 ], [ -70.924053165483926, -53.143596636922709 ], [ -70.924027575006548, -53.143553513546358 ], [ -70.924019671662833, -53.143539876025763 ], [ -70.924004185126208, -53.143513153493977 ], [ -70.923945444307037, -53.143411795784836 ], [ -70.923880060655321, -53.143298972985718 ], [ -70.923656640520676, -53.14291345069973 ], [ -70.923510259153346, -53.142660858212956 ], [ -70.923351539522372, -53.142386973535089 ], [ -70.923226454422135, -53.142171124783502 ], [ -70.922981165409539, -53.141747844977786 ], [ -70.922826167727408, -53.141480370543754 ], [ -70.92274518373091, -53.141340617092652 ], [ -70.922679227166924, -53.141269242740691 ], [ -70.922654118851398, -53.141242072180013 ], [ -70.922542509148101, -53.141121292482417 ], [ -70.922468753375426, -53.141041476204379 ], [ -70.922099845760201, -53.140642248409236 ], [ -70.921992688489993, -53.140531211085595 ], [ -70.921897576871288, -53.140432654463559 ], [ -70.921816794989283, -53.140348945409734 ], [ -70.921762519591638, -53.14029270421026 ], [ -70.921300922127585, -53.139851307999848 ], [ -70.920954888195425, -53.13951272146587 ], [ -70.920893169497262, -53.139548708407162 ], [ -70.920604296685639, -53.139717426225268 ], [ -70.92058912254177, -53.139706458938647 ], [ -70.920562412813695, -53.139687153591552 ], [ -70.920375625322521, -53.139569950451538 ], [ -70.920316572824305, -53.139532895995856 ], [ -70.919754808190646, -53.139180402400854 ], [ -70.919736875977421, -53.139169150532602 ], [ -70.91966936743745, -53.139126789560272 ], [ -70.919485304059535, -53.139011291350087 ], [ -70.919396985177869, -53.13895587214742 ], [ -70.91905510145105, -53.138741339599754 ], [ -70.918977144612555, -53.138692427867952 ], [ -70.918852496752237, -53.138614221132627 ], [ -70.918686015030431, -53.138509767282798 ], [ -70.918558311668193, -53.138429641808067 ], [ -70.918483525497976, -53.138382718671515 ], [ -70.918473855837547, -53.138376651984629 ], [ -70.918367293816317, -53.13830979201127 ], [ -70.918322180413384, -53.138281485650779 ], [ -70.918252110243742, -53.138237521014808 ], [ -70.918240810767898, -53.138244083085823 ], [ -70.918161614273544, -53.138290078883621 ], [ -70.917965716903709, -53.138403851877911 ], [ -70.917641054173174, -53.138592405036718 ], [ -70.917283269624818, -53.138800192303734 ], [ -70.916201598645273, -53.139428365442626 ], [ -70.915933621124822, -53.139583986114474 ], [ -70.914656828946207, -53.140325427401194 ], [ -70.914450437441516, -53.140445276017772 ], [ -70.91402470014242, -53.140692493544307 ], [ -70.913826855581377, -53.140807376018024 ], [ -70.913697426589366, -53.140882531700619 ] ] ] } },
{ "type": "Feature", "properties": { "zona": "38" }, "geometry": { "type": "Polygon", "coordinates": [ [ [ -70.907339555238991, -53.148648964016161 ], [ -70.907602229474008, -53.148806265548878 ], [ -70.907864320679181, -53.148959527144854 ], [ -70.908688122220099, -53.149467799805329 ], [ -70.909385773870881, -53.149887374227447 ], [ -70.910993000666167, -53.150853929814673 ], [ -70.910998312090854, -53.150851122324845 ], [ -70.911155382206104, -53.150768101249589 ], [ -70.911316872693391, -53.150675133475033 ], [ -70.911373956981492, -53.150642270732554 ], [ -70.911552424826027, -53.150539529772992 ], [ -70.912643637043104, -53.149911315740582 ], [ -70.913126575203322, -53.149633277131372 ], [ -70.913313180788791, -53.149525843269778 ], [ -70.913714289303229, -53.149294910143816 ], [ -70.914489627702991, -53.148848507360192 ], [ -70.914678553552321, -53.148739729865525 ], [ -70.914915316074342, -53.148603409341199 ], [ -70.915541349135026, -53.148242956229453 ], [ -70.915800731922758, -53.148093607293255 ], [ -70.916601711489093, -53.147632406230052 ], [ -70.916632304851916, -53.147614791003917 ], [ -70.916937372077427, -53.147439128522045 ], [ -70.917643220905759, -53.14703268546679 ], [ -70.918363547028662, -53.146617890906377 ], [ -70.918846784424019, -53.146339616340448 ], [ -70.919265887580352, -53.146098269626869 ], [ -70.919334414041558, -53.146058806350155 ], [ -70.919910498526619, -53.145727050870562 ], [ -70.920013973254427, -53.145671652576915 ], [ -70.920080920132989, -53.145635811191895 ], [ -70.92005739195578, -53.145621034515791 ], [ -70.91997885104081, -53.145571706026466 ], [ -70.919891128070773, -53.145516611036854 ], [ -70.919632505676432, -53.145354180376053 ], [ -70.919587608953975, -53.145325981925197 ], [ -70.919165570784884, -53.145060911343869 ], [ -70.919112995025785, -53.145027889252653 ], [ -70.919093754259649, -53.145015804396074 ], [ -70.918767764030548, -53.144811054966404 ], [ -70.918678472731401, -53.144754971448542 ], [ -70.918383995049098, -53.144570011745692 ], [ -70.918252773342246, -53.144487591218279 ], [ -70.91796246729902, -53.144305248324173 ], [ -70.917879990537855, -53.144253443472863 ], [ -70.917805944446513, -53.144206934095131 ], [ -70.917689577409888, -53.144133110013378 ], [ -70.917517483692492, -53.144023931060495 ], [ -70.917294948603413, -53.143882750333766 ], [ -70.917239049756446, -53.143847286982762 ], [ -70.916962853166567, -53.143672061198259 ], [ -70.916911435080237, -53.143639439458155 ], [ -70.916675086718826, -53.143489492742795 ], [ -70.916547334967248, -53.143408441589855 ], [ -70.916254363840849, -53.143222568213865 ], [ -70.916206243018223, -53.143192037546385 ], [ -70.915864199038126, -53.142975028539801 ], [ -70.915776310312026, -53.142919267061771 ], [ -70.915558949405266, -53.142781360536326 ], [ -70.915433847499685, -53.142701986880077 ], [ -70.915407851907887, -53.14268573553435 ], [ -70.915249340593121, -53.142586645968066 ], [ -70.915167736103456, -53.142535631923643 ], [ -70.914976275606989, -53.142415943345043 ], [ -70.914904256134378, -53.142370921199486 ], [ -70.914856650447106, -53.142341160588515 ], [ -70.91479352284459, -53.142272348191995 ], [ -70.914724827338944, -53.142182235274795 ], [ -70.914665365181591, -53.142104233772478 ], [ -70.914584997784104, -53.141998806722711 ], [ -70.914542022701767, -53.141942432282157 ], [ -70.914481841640622, -53.141863485718495 ], [ -70.914401313946186, -53.141757849718736 ], [ -70.914390361212213, -53.141743480615624 ], [ -70.914309111771942, -53.14163689589067 ], [ -70.914283185072563, -53.141602884761006 ], [ -70.91426254859887, -53.14157581295246 ], [ -70.914189807678312, -53.141480388169533 ], [ -70.914150760221787, -53.14142916541622 ], [ -70.91408780182347, -53.141346573499618 ], [ -70.914049341296234, -53.141296119317218 ], [ -70.914019144380546, -53.141264242658259 ], [ -70.913969250884492, -53.14121157389922 ], [ -70.9139017262371, -53.141140292577902 ], [ -70.913773335090369, -53.141050984352155 ], [ -70.913769109958551, -53.141048045087096 ], [ -70.913688908189087, -53.141002010470068 ], [ -70.913662885004427, -53.140987073828065 ], [ -70.913602913012269, -53.140952649781681 ], [ -70.913589717059267, -53.140945075263076 ], [ -70.913473947086061, -53.141011516548943 ], [ -70.91313619573917, -53.141205352658993 ], [ -70.912517528426434, -53.141560400522764 ], [ -70.912297654913843, -53.141686581847928 ], [ -70.912142895203402, -53.141790982391555 ], [ -70.911752701888602, -53.142054202212037 ], [ -70.91132068492503, -53.142315901523084 ], [ -70.911189897704929, -53.142395126092957 ], [ -70.911086352429379, -53.142457849384208 ], [ -70.910183184676114, -53.142997780839274 ], [ -70.910055008898595, -53.143074405250239 ], [ -70.909392551666585, -53.143470421200774 ], [ -70.909041901249566, -53.143680034132636 ], [ -70.908789628752416, -53.143826298978261 ], [ -70.908718509654292, -53.143867533645597 ], [ -70.907959569221617, -53.144307551480829 ], [ -70.907832191078541, -53.144381401606232 ], [ -70.907366658151176, -53.144651299866609 ], [ -70.907202700345778, -53.144746355011399 ], [ -70.906666651056611, -53.145057126440491 ], [ -70.906615623980471, -53.145086708703921 ], [ -70.905913404597101, -53.145493805115663 ], [ -70.905716340520982, -53.145608046674049 ], [ -70.90530883364265, -53.145844282030119 ], [ -70.90468921724019, -53.146203471811546 ], [ -70.904267089344927, -53.146448172403716 ], [ -70.904150432930948, -53.146515796079541 ], [ -70.903991445917384, -53.146610050295564 ], [ -70.903954136090107, -53.146632168959279 ], [ -70.905796781229924, -53.147730958267843 ], [ -70.906094972504761, -53.14791080876239 ], [ -70.906196556167714, -53.147970335080153 ], [ -70.906308342334157, -53.148035839372106 ], [ -70.90715741670067, -53.148539889267504 ], [ -70.907339555238991, -53.148648964016161 ] ] ] } },
{ "type": "Feature", "properties": { "zona": "39" }, "geometry": { "type": "Polygon", "coordinates": [ [ [ -70.947178804256865, -53.140915041736214 ], [ -70.946277568130228, -53.141022446650247 ], [ -70.946332079384788, -53.141287130573588 ], [ -70.94586510455818, -53.142461244808985 ], [ -70.945940959979012, -53.142916046049073 ], [ -70.946371933262867, -53.14338295435747 ], [ -70.947487118053147, -53.143730380064042 ], [ -70.948306784507679, -53.143853517820297 ], [ -70.95160408456789, -53.144989266947469 ], [ -70.951869835063036, -53.145950343302367 ], [ -70.952236862835193, -53.146676858870443 ], [ -70.952729549243088, -53.147071157123577 ], [ -70.953321534512085, -53.147127621367112 ], [ -70.953969174507861, -53.147178222389492 ], [ -70.954436007921615, -53.147265509155766 ], [ -70.954785800815003, -53.147334531796851 ], [ -70.955392020785609, -53.147455118498272 ], [ -70.955836522964432, -53.147527359664743 ], [ -70.956452124074971, -53.147548296540869 ], [ -70.95730851259222, -53.147534576320304 ], [ -70.957355952846697, -53.147535268170607 ], [ -70.95804383856462, -53.147545295236469 ], [ -70.958588410621616, -53.147563806398523 ], [ -70.959134321694094, -53.147568080216878 ], [ -70.959634215790203, -53.14755650658698 ], [ -70.960156450088448, -53.147559971140481 ], [ -70.960397322519626, -53.147518293826458 ], [ -70.960639357980043, -53.147476415361901 ], [ -70.96109457234823, -53.147434757939564 ], [ -70.961623598335606, -53.147444204771681 ], [ -70.965515512368682, -53.147004899218658 ], [ -70.965583808024192, -53.145035477132581 ], [ -70.966766795084084, -53.144873307420809 ], [ -70.967953112243947, -53.144675537766489 ], [ -70.968514448175569, -53.14459937064435 ], [ -70.969312538670238, -53.144531226305965 ], [ -70.969965022949779, -53.144327239466271 ], [ -70.970022277219471, -53.14413877495705 ], [ -70.967789864048882, -53.140719108750261 ], [ -70.966363620739912, -53.138623880205486 ], [ -70.963821552002855, -53.138930316841638 ], [ -70.959339817840245, -53.139465033203891 ], [ -70.947178804256865, -53.140915041736214 ] ] ] } },
{ "type": "Feature", "properties": { "zona": "40" }, "geometry": { "type": "Polygon", "coordinates": [ [ [ -70.924065276953769, -53.14361704756795 ], [ -70.924098836035029, -53.14367359479256 ], [ -70.924107383425508, -53.143687998322889 ], [ -70.92478130203402, -53.144823577921692 ], [ -70.924872972081786, -53.144988248607795 ], [ -70.925031935669509, -53.145273798460217 ], [ -70.925999050290542, -53.147010962890356 ], [ -70.926035319441354, -53.147074960731707 ], [ -70.92658918345677, -53.148052240832527 ], [ -70.926827461603935, -53.148670896171502 ], [ -70.926954242110298, -53.149041812380318 ], [ -70.927150068130686, -53.149614725513288 ], [ -70.927185306597622, -53.149717818446867 ], [ -70.927326569942366, -53.150100337980689 ], [ -70.927403021939625, -53.15009251006731 ], [ -70.927770247781467, -53.150112599069587 ], [ -70.928381818324524, -53.150176384647033 ], [ -70.928923058864342, -53.150313921944196 ], [ -70.929394616779788, -53.150434789754677 ], [ -70.929698382245704, -53.150488031189496 ], [ -70.930116709562355, -53.150511359051606 ], [ -70.930983980236022, -53.150541553571991 ], [ -70.931489274220112, -53.15049435433037 ], [ -70.931780910358597, -53.150467111127192 ], [ -70.932347333962582, -53.150281690421004 ], [ -70.932526504464732, -53.150223038136737 ], [ -70.932979715891435, -53.150119536864864 ], [ -70.933023888080669, -53.150112955350473 ], [ -70.933421440025, -53.150053722865721 ], [ -70.933459788527045, -53.150045099720117 ], [ -70.933934706212042, -53.149938305421593 ], [ -70.934318702364266, -53.149851955233096 ], [ -70.935150659254376, -53.149670218691753 ], [ -70.935981811737534, -53.149488651326458 ], [ -70.93718374537076, -53.149014176370073 ], [ -70.938547378927865, -53.148510988679199 ], [ -70.938919959319136, -53.148356619782959 ], [ -70.939306380831667, -53.148196513730717 ], [ -70.939472812787244, -53.14813578707529 ], [ -70.939221646105011, -53.147872273413768 ], [ -70.939149147259329, -53.147833345539929 ], [ -70.938928937293653, -53.147715105234866 ], [ -70.938760107476, -53.147624452051041 ], [ -70.938618724082829, -53.147450801300181 ], [ -70.938464056321422, -53.147260832005841 ], [ -70.938430755276698, -53.147212537932894 ], [ -70.938015000331831, -53.146628000341011 ], [ -70.937949391656119, -53.146531972076914 ], [ -70.937922169679041, -53.146492127260451 ], [ -70.937765247203941, -53.146262443671354 ], [ -70.937482404502688, -53.145848446325459 ], [ -70.936636867489995, -53.14461078610119 ], [ -70.936543229111038, -53.144473717457977 ], [ -70.936114702266025, -53.143846426028681 ], [ -70.935878579649057, -53.143500774640664 ], [ -70.935042395325524, -53.142276665308323 ], [ -70.935018857399143, -53.142279485750798 ], [ -70.934925628718247, -53.142290656903867 ], [ -70.934519253338465, -53.142339351079535 ], [ -70.934349526979943, -53.142359688341294 ], [ -70.933930707179144, -53.142409871925381 ], [ -70.933866834345295, -53.142417525036656 ], [ -70.93308191552903, -53.142511569582666 ], [ -70.932806926576859, -53.142544515742649 ], [ -70.932700244462396, -53.142556061521823 ], [ -70.931988796178757, -53.142633056824096 ], [ -70.931817153038949, -53.142651631945391 ], [ -70.930934951404652, -53.14274709857073 ], [ -70.930861258173479, -53.14275507335352 ], [ -70.930318070051499, -53.142813849561534 ], [ -70.928752189119706, -53.142983274786367 ], [ -70.928471965910958, -53.143005292818337 ], [ -70.92832060366959, -53.143017185567537 ], [ -70.927537563999621, -53.143078708474214 ], [ -70.927259969966741, -53.143100516866141 ], [ -70.927033333366111, -53.143118322120898 ], [ -70.926939724652399, -53.143125676097291 ], [ -70.926579441712704, -53.143153979417221 ], [ -70.926525622193495, -53.143158010492819 ], [ -70.926458999525607, -53.143162999893235 ], [ -70.926387922154305, -53.143170839355427 ], [ -70.926379189455318, -53.143171802228188 ], [ -70.926322999693568, -53.143178000000603 ], [ -70.926213552272728, -53.143193144238012 ], [ -70.926176448781817, -53.143198277763666 ], [ -70.9261639995877, -53.143200000241499 ], [ -70.925718035872407, -53.143288417946032 ], [ -70.925674667323321, -53.143297015821929 ], [ -70.925483565127294, -53.143334903242462 ], [ -70.925280288908638, -53.143375204043956 ], [ -70.925219803193983, -53.143387195662903 ], [ -70.925185512823731, -53.143393994129724 ], [ -70.9247059821394, -53.143489061325468 ], [ -70.924539003217646, -53.14352216446644 ], [ -70.924538908719015, -53.143522182816604 ], [ -70.92435908024396, -53.143557833582932 ], [ -70.924205451730543, -53.143588289531365 ], [ -70.924171615482649, -53.143594997129703 ], [ -70.924065276953769, -53.14361704756795 ] ] ] } },
{ "type": "Feature", "properties": { "zona": "41" }, "geometry": { "type": "Polygon", "coordinates": [ [ [ -70.939213785828542, -53.15910531021462 ], [ -70.939271549842715, -53.159190227130054 ], [ -70.939421185806793, -53.159415667507211 ], [ -70.93948804357828, -53.159516394154238 ], [ -70.939645744106556, -53.159753981005892 ], [ -70.939764173393286, -53.159930764390666 ], [ -70.939864339183714, -53.160080284660992 ], [ -70.939943317526769, -53.160198177251331 ], [ -70.940014988862515, -53.160310818783564 ], [ -70.940102310403745, -53.160442126000333 ], [ -70.940226820646231, -53.16062935339415 ], [ -70.940422050257069, -53.160922920395187 ], [ -70.94050466235656, -53.161046120737879 ], [ -70.940588852998729, -53.161171675060913 ], [ -70.940631942977973, -53.161235933983122 ], [ -70.940759397650908, -53.161431439993386 ], [ -70.940803620332375, -53.161497829871792 ], [ -70.940913373210236, -53.161662591885019 ], [ -70.940947684209831, -53.161714101187663 ], [ -70.941098878354126, -53.161941081084969 ], [ -70.941151813610901, -53.16202054905537 ], [ -70.941276573402888, -53.162208712941947 ], [ -70.941455152894889, -53.162478047848666 ], [ -70.941542375034729, -53.162609593336448 ], [ -70.94161219635572, -53.162715284536986 ], [ -70.941796504575905, -53.162994272268783 ], [ -70.941894061151217, -53.163141943803957 ], [ -70.941914761850242, -53.163173278214273 ], [ -70.941915046101883, -53.163173232142057 ], [ -70.941928221886528, -53.163193625765039 ], [ -70.94218777856436, -53.163585982215729 ], [ -70.942226035176873, -53.163643811956973 ], [ -70.942304411105809, -53.163762287588369 ], [ -70.942477432869467, -53.16402189852429 ], [ -70.942642602384765, -53.164269725184781 ], [ -70.942663293857237, -53.164300772172929 ], [ -70.942752790238657, -53.164434715979375 ], [ -70.942875176452901, -53.164617883597138 ], [ -70.943008882707048, -53.164817991730125 ], [ -70.943034691830789, -53.164856619253463 ], [ -70.943293072608853, -53.164794066697972 ], [ -70.94349464644084, -53.164745266754835 ], [ -70.943725833790751, -53.164689296939969 ], [ -70.943964720287525, -53.164633865442973 ], [ -70.944330378501377, -53.164549017464076 ], [ -70.944701248800996, -53.164463454660982 ], [ -70.944749379994121, -53.164452350216905 ], [ -70.944890108603204, -53.164419883312803 ], [ -70.945242671523417, -53.164338542263948 ], [ -70.945917359012654, -53.164179088690403 ], [ -70.946050303219891, -53.164390006835895 ], [ -70.94618494517151, -53.164603614771856 ], [ -70.946206357413516, -53.164637584027076 ], [ -70.946240175571617, -53.164617789858063 ], [ -70.946275524201198, -53.164597099722343 ], [ -70.946767257948153, -53.164485337320166 ], [ -70.946875118983002, -53.164459249195545 ], [ -70.946882747286779, -53.164457404237417 ], [ -70.947642674463495, -53.164273595074299 ], [ -70.947681392731596, -53.164265091340546 ], [ -70.947804658036489, -53.164238017854686 ], [ -70.948032459651841, -53.164187983784004 ], [ -70.948095589325973, -53.164174117374777 ], [ -70.948255345183398, -53.16413902856538 ], [ -70.948263903194544, -53.164137148629614 ], [ -70.948322575587909, -53.16412426187285 ], [ -70.948908678929229, -53.163995525420489 ], [ -70.948967415137105, -53.163982624332561 ], [ -70.949313681343313, -53.163906565709226 ], [ -70.94939799478594, -53.163888045368708 ], [ -70.949468574836203, -53.163872542057156 ], [ -70.94969708192454, -53.163822348967166 ], [ -70.950212268165089, -53.163843049368374 ], [ -70.950821096636702, -53.163867509960099 ], [ -70.951367614977102, -53.1638894637764 ], [ -70.951495927761641, -53.163894617425271 ], [ -70.951732781429698, -53.163908314502251 ], [ -70.952306367243168, -53.163941482557121 ], [ -70.952756844831057, -53.163967530080321 ], [ -70.953863790437666, -53.164031528598507 ], [ -70.954539558760189, -53.164070592996296 ], [ -70.955077968470917, -53.16410171437898 ], [ -70.955425947876009, -53.164121827564095 ], [ -70.956089436161506, -53.164160173088476 ], [ -70.956938482208386, -53.16420923769185 ], [ -70.957513717886499, -53.164242476132593 ], [ -70.958174511425085, -53.164280654474673 ], [ -70.958739789735702, -53.164313311937583 ], [ -70.95895914435998, -53.164325983368343 ], [ -70.959021469835676, -53.1643295836774 ], [ -70.959274514515073, -53.164344200812714 ], [ -70.959441521372938, -53.164353847681717 ], [ -70.959565931318934, -53.164361034172316 ], [ -70.959567062745066, -53.164361099599716 ], [ -70.95961852059412, -53.164364072188121 ], [ -70.959680107744916, -53.164367629973484 ], [ -70.959807827270907, -53.164375006911982 ], [ -70.959867062040473, -53.164382711655691 ], [ -70.960052085087128, -53.164360258574561 ], [ -70.960290199370462, -53.164331605431663 ], [ -70.960450491855568, -53.164312316432138 ], [ -70.960805667805289, -53.164277668899864 ], [ -70.960890306277278, -53.164269411737223 ], [ -70.96103546519862, -53.16425525081025 ], [ -70.961150360745435, -53.164244042392511 ], [ -70.961216491867759, -53.164237590619642 ], [ -70.962531934482314, -53.164109251848195 ], [ -70.962615969610184, -53.164101052140985 ], [ -70.963179794600592, -53.16404603854523 ], [ -70.963144984755289, -53.16398803883893 ], [ -70.962905833729877, -53.163620137719413 ], [ -70.957973083284315, -53.156107748812296 ], [ -70.956936411285511, -53.155703689582715 ], [ -70.956464974748329, -53.15555497672549 ], [ -70.956199749543487, -53.15550097998333 ], [ -70.95580554890067, -53.155505564662278 ], [ -70.955538713815983, -53.155532255260368 ], [ -70.955313073281999, -53.155554824152631 ], [ -70.955300046415573, -53.15550908691371 ], [ -70.954232091366492, -53.155620844282794 ], [ -70.953795461923065, -53.15566653283674 ], [ -70.950878253716226, -53.15596708321516 ], [ -70.950534986560399, -53.156003198661978 ], [ -70.949452923974462, -53.156117036262771 ], [ -70.949085631433874, -53.156157362144292 ], [ -70.948347982989546, -53.156244400914581 ], [ -70.948189701583757, -53.156263076970376 ], [ -70.948131663436826, -53.156269924839464 ], [ -70.947883585274397, -53.15629919583251 ], [ -70.947691141771642, -53.156323045324491 ], [ -70.947494959460982, -53.156347357194029 ], [ -70.947165572620278, -53.156374174085421 ], [ -70.946897884404109, -53.156395967750335 ], [ -70.946592363041333, -53.156420840294096 ], [ -70.946125334635681, -53.15646061334094 ], [ -70.945789896506028, -53.156490589864653 ], [ -70.945701965203128, -53.156502500130252 ], [ -70.945688822132425, -53.156504280203244 ], [ -70.945502935197666, -53.156539045411364 ], [ -70.945303480207471, -53.156576347688606 ], [ -70.944947416648276, -53.15665702890383 ], [ -70.944787650430612, -53.156675388062119 ], [ -70.944548283720252, -53.156702894659247 ], [ -70.944540244013567, -53.156703832162151 ], [ -70.944174524020511, -53.156746477886159 ], [ -70.938759440721896, -53.15737776913376 ], [ -70.938313366646042, -53.157429760561783 ], [ -70.938246622746107, -53.157437539566864 ], [ -70.938195262615793, -53.15744352586777 ], [ -70.938183141364306, -53.157445017981424 ], [ -70.938232554365072, -53.15753554320542 ], [ -70.938255669454335, -53.157572375242268 ], [ -70.938277263994152, -53.157606785907525 ], [ -70.938568960733221, -53.158073273356031 ], [ -70.938652447684873, -53.158207706317782 ], [ -70.93882665689361, -53.158488217401484 ], [ -70.938939958042212, -53.158670653906661 ], [ -70.939163841554006, -53.15902698417824 ], [ -70.939204205230226, -53.159091225255501 ], [ -70.939205198295141, -53.159090979406514 ], [ -70.939213785828542, -53.15910531021462 ] ] ] } },
{ "type": "Feature", "properties": { "zona": "42" }, "geometry": { "type": "Polygon", "coordinates": [ [ [ -70.943034691830789, -53.164856619253463 ], [ -70.943008882707048, -53.164817991730125 ], [ -70.942993881139586, -53.16479553984982 ], [ -70.942956789782329, -53.164740026914828 ], [ -70.942937498448529, -53.164711156094768 ], [ -70.942875176452901, -53.164617883597138 ], [ -70.942833934615408, -53.164556159734111 ], [ -70.942787254413844, -53.164486296464602 ], [ -70.942752790238657, -53.164434715979375 ], [ -70.942663293857237, -53.164300772172929 ], [ -70.942642602384765, -53.164269725184781 ], [ -70.942477432869467, -53.16402189852429 ], [ -70.94239384058821, -53.163896473201504 ], [ -70.942304411105809, -53.163762287588369 ], [ -70.942226035176873, -53.163643811956973 ], [ -70.94218777856436, -53.163585982215729 ], [ -70.942150770254798, -53.163530039140447 ], [ -70.941928229737073, -53.163193637727126 ], [ -70.941915046101883, -53.163173232142057 ], [ -70.941910675551966, -53.163166466781121 ], [ -70.941894061151217, -53.163141943803957 ], [ -70.941796504575905, -53.162994272268783 ], [ -70.94161219635572, -53.162715284536986 ], [ -70.941574114129466, -53.162657637732011 ], [ -70.941542375034729, -53.162609593336448 ], [ -70.941455152894889, -53.162478047848666 ], [ -70.941276573402888, -53.162208712941947 ], [ -70.941151813610901, -53.16202054905537 ], [ -70.941098878354126, -53.161941081084969 ], [ -70.940947684209831, -53.161714101187663 ], [ -70.940913373210236, -53.161662591885019 ], [ -70.940803620332375, -53.161497829871792 ], [ -70.940759397650908, -53.161431439993386 ], [ -70.940631942977973, -53.161235933983122 ], [ -70.940588852998729, -53.161171675060913 ], [ -70.94053202053442, -53.161086920216547 ], [ -70.94050466235656, -53.161046120737879 ], [ -70.940422050257069, -53.160922920395187 ], [ -70.94037470271725, -53.160851725303438 ], [ -70.940226820646231, -53.16062935339415 ], [ -70.940102310403745, -53.160442126000333 ], [ -70.940014988862515, -53.160310818783564 ], [ -70.939943317526769, -53.160198177251331 ], [ -70.939864339183714, -53.160080284660992 ], [ -70.939764173393286, -53.159930764390666 ], [ -70.939645744106556, -53.159753981005892 ], [ -70.93948804357828, -53.159516394154238 ], [ -70.93947169890221, -53.159491769353423 ], [ -70.939421185806793, -53.159415667507211 ], [ -70.939329067426655, -53.159276882533156 ], [ -70.939271549842715, -53.159190227130054 ], [ -70.939213785828542, -53.15910531021462 ], [ -70.939205198295141, -53.159090979406514 ], [ -70.939201603090766, -53.159084981641364 ], [ -70.939171269973841, -53.159038393233445 ], [ -70.939163841554006, -53.15902698417824 ], [ -70.938941663499719, -53.158673368536107 ], [ -70.938939958042212, -53.158670653906661 ], [ -70.93882665689361, -53.158488217401484 ], [ -70.938652447684873, -53.158207706317782 ], [ -70.938568960733221, -53.158073273356031 ], [ -70.938421604151841, -53.157837619587418 ], [ -70.938277263994152, -53.157606785907525 ], [ -70.938255669454335, -53.157572375242268 ], [ -70.938232554365072, -53.15753554320542 ], [ -70.938183141364306, -53.157445017981424 ], [ -70.938170496245263, -53.157446574058767 ], [ -70.938021448031179, -53.157464920589526 ], [ -70.937827539740411, -53.157488787867237 ], [ -70.937779298455894, -53.157494725810899 ], [ -70.93763463364003, -53.157512531647157 ], [ -70.93728583283945, -53.157555462692279 ], [ -70.936512848392411, -53.157650598281862 ], [ -70.936340086221918, -53.157671860111833 ], [ -70.935765570838498, -53.157742564917953 ], [ -70.935040870572294, -53.157831748153207 ], [ -70.934916744290646, -53.157847022510346 ], [ -70.93434057400853, -53.157917923885151 ], [ -70.933509477383993, -53.158020189088269 ], [ -70.933403951064975, -53.158033173496676 ], [ -70.932249332674246, -53.158167618893209 ], [ -70.931848710488538, -53.158214264872299 ], [ -70.931772574721236, -53.158223129465128 ], [ -70.931650225662892, -53.158237374577887 ], [ -70.93168000207227, -53.158319524377021 ], [ -70.931716499660695, -53.158420214600234 ], [ -70.931813134608262, -53.158589939653389 ], [ -70.93191706813441, -53.158772479316866 ], [ -70.932045990648632, -53.158998906746383 ], [ -70.932131004578281, -53.159148217001935 ], [ -70.932285922776558, -53.159420295356682 ], [ -70.932471127978829, -53.159745561272437 ], [ -70.932616728402266, -53.16000126960526 ], [ -70.93272376107636, -53.160189241616699 ], [ -70.932983096899278, -53.160644682883976 ], [ -70.933323711252527, -53.161242849771121 ], [ -70.933381832063887, -53.161344914820695 ], [ -70.933629652702891, -53.161771855795806 ], [ -70.933676579652683, -53.161852698777786 ], [ -70.933928764761589, -53.162287146632593 ], [ -70.934037267145754, -53.162474064648627 ], [ -70.934264533575003, -53.162751680250658 ], [ -70.934425117880707, -53.162908738438993 ], [ -70.934485034331402, -53.162967339242115 ], [ -70.934495048780505, -53.162977133246514 ], [ -70.934553317334718, -53.163034122342239 ], [ -70.934563897580219, -53.163044470019422 ], [ -70.934740652343692, -53.163217342425277 ], [ -70.934765331056354, -53.163241479173493 ], [ -70.934981134852706, -53.163452539983474 ], [ -70.93550398916183, -53.163993962044401 ], [ -70.935766851862937, -53.164266154181028 ], [ -70.936020921996999, -53.164529238554252 ], [ -70.936206320942063, -53.164728131260368 ], [ -70.936542264509868, -53.165088521269922 ], [ -70.936713980367131, -53.165268511874586 ], [ -70.936811073883305, -53.165370282928343 ], [ -70.937055714205314, -53.165626706212429 ], [ -70.937374194965116, -53.165929262841566 ], [ -70.937501303435539, -53.166050013766352 ], [ -70.937591720233158, -53.166135908282868 ], [ -70.937637411122097, -53.16617700811782 ], [ -70.937703707924982, -53.166236643692834 ], [ -70.937842911390561, -53.166361859871586 ], [ -70.938043281629859, -53.166542094016556 ], [ -70.938123961341915, -53.166614665042232 ], [ -70.938157471759851, -53.166644808547161 ], [ -70.938173838318917, -53.166661671077613 ], [ -70.938231254318296, -53.166625325504789 ], [ -70.93849924110485, -53.166523296049036 ], [ -70.938799453714566, -53.166408994654837 ], [ -70.940296031678898, -53.165839178406976 ], [ -70.94043290269272, -53.165789538439753 ], [ -70.940470904243313, -53.165775757358112 ], [ -70.940530671099381, -53.165754081727904 ], [ -70.940612541093174, -53.165724389015629 ], [ -70.940641278195955, -53.165713967214039 ], [ -70.940806519424413, -53.16565404002322 ], [ -70.941212643333628, -53.165506750345607 ], [ -70.941462778845676, -53.165416032311306 ], [ -70.941633808514624, -53.165354004090482 ], [ -70.94188384314289, -53.165263320432317 ], [ -70.942036746304808, -53.165207865016143 ], [ -70.942108599611956, -53.165181806424073 ], [ -70.942132791552538, -53.165173031883263 ], [ -70.942179347833786, -53.165156147264781 ], [ -70.942568697659439, -53.165014938306292 ], [ -70.942935888592061, -53.164881287608914 ], [ -70.943020267410532, -53.164861286999681 ], [ -70.943035411776521, -53.164857697190946 ], [ -70.943034691830789, -53.164856619253463 ] ] ] } },
{ "type": "Feature", "properties": { "zona": "43" }, "geometry": { "type": "Polygon", "coordinates": [ [ [ -70.935159854343866, -53.172795304499878 ], [ -70.935109797971222, -53.172748321733224 ], [ -70.934698543651407, -53.172384962120169 ], [ -70.934550589628898, -53.1722542367202 ], [ -70.934445228894361, -53.172161143684484 ], [ -70.934273714604032, -53.172009600100921 ], [ -70.934270375493639, -53.172006649651259 ], [ -70.93420966901212, -53.171953011794095 ], [ -70.934016227912991, -53.171782091105605 ], [ -70.933963580900709, -53.171735314298566 ], [ -70.933875301295757, -53.171650411342149 ], [ -70.933840404234914, -53.171616848611045 ], [ -70.933600234221871, -53.171385862006645 ], [ -70.933526743195245, -53.171315179944052 ], [ -70.933498209135138, -53.171287735756742 ], [ -70.933459143142045, -53.171226400506804 ], [ -70.933383220672241, -53.171107196839444 ], [ -70.933376350781884, -53.17109903864349 ], [ -70.933357447495069, -53.171071405591164 ], [ -70.933290199642443, -53.170961511125519 ], [ -70.933238694369834, -53.170978918519843 ], [ -70.933233771619811, -53.170980582578771 ], [ -70.93317952427698, -53.170998916277647 ], [ -70.932670035068099, -53.171171106472087 ], [ -70.932561811624012, -53.171207680971328 ], [ -70.93243598308797, -53.171250206508184 ], [ -70.930852401350606, -53.171843415918111 ], [ -70.929334870401689, -53.172446259984731 ], [ -70.929291466295027, -53.172463501318198 ], [ -70.929206039011234, -53.172386887369747 ], [ -70.929060948778087, -53.172256763848019 ], [ -70.928951911735012, -53.172161246045611 ], [ -70.928904293154574, -53.172119530839574 ], [ -70.928824620739775, -53.172049736130262 ], [ -70.928810186986922, -53.17203709081344 ], [ -70.928806001356563, -53.172033424864026 ], [ -70.927372877116184, -53.172542658051974 ], [ -70.927209911422949, -53.172600563539504 ], [ -70.926796951909083, -53.172747293974638 ], [ -70.926777729073677, -53.172754124422802 ], [ -70.926708855727256, -53.172778595738379 ], [ -70.926451679683282, -53.17282881706933 ], [ -70.92681734685533, -53.173178655629371 ], [ -70.927048356800398, -53.173399662482552 ], [ -70.927119112210463, -53.173467352994365 ], [ -70.927168518539759, -53.173514619237196 ], [ -70.927376947311913, -53.173714018333818 ], [ -70.92752019256541, -53.173851056789729 ], [ -70.927702876812816, -53.174025824488545 ], [ -70.927766156181107, -53.174086360788202 ], [ -70.927878010376375, -53.174193366279965 ], [ -70.927918031776343, -53.174238935423951 ], [ -70.927801770483455, -53.1742830009157 ], [ -70.927208959198325, -53.174502236477529 ], [ -70.927169442489003, -53.17451685035887 ], [ -70.927241006357079, -53.17458426169793 ], [ -70.92731523116737, -53.17465418032242 ], [ -70.927496587279336, -53.174825013122131 ], [ -70.927659000045935, -53.174978000148201 ], [ -70.928055740295619, -53.175349926416693 ], [ -70.928191911709575, -53.17547758043974 ], [ -70.928017832232712, -53.175542070146875 ], [ -70.927652411112689, -53.175682324702542 ], [ -70.927236721832941, -53.175841871330043 ], [ -70.926588043836645, -53.176088711773026 ], [ -70.925814918463743, -53.176382898762917 ], [ -70.925764708030755, -53.176402004391342 ], [ -70.925168630488955, -53.176628815948085 ], [ -70.924753912865455, -53.176787280080639 ], [ -70.923646423038434, -53.177210440291908 ], [ -70.922702668840685, -53.177570416348395 ], [ -70.922323358125951, -53.177715093122636 ], [ -70.921777865400784, -53.177923151214628 ], [ -70.920841932336174, -53.178280117512578 ], [ -70.920731960081213, -53.178296234941257 ], [ -70.919672024024436, -53.178650114828599 ], [ -70.921325849815261, -53.180275858054259 ], [ -70.921453696468461, -53.180389726570148 ], [ -70.921666998546016, -53.18029782042904 ], [ -70.921870625910884, -53.180210081782228 ], [ -70.921917568070441, -53.180189855447793 ], [ -70.922251945037118, -53.180045778256151 ], [ -70.922271720367618, -53.180037257366529 ], [ -70.922273949311801, -53.180039171583175 ], [ -70.922387787282148, -53.180062744179139 ], [ -70.922498032663455, -53.180080489400581 ], [ -70.922690609404569, -53.180011243271345 ], [ -70.922943272326066, -53.179904145859062 ], [ -70.9232082623504, -53.179783752202212 ], [ -70.923626408236061, -53.179552459929319 ], [ -70.923681117100003, -53.179526320947673 ], [ -70.9238123324577, -53.17946362824663 ], [ -70.923913279915681, -53.179420865889369 ], [ -70.923958325200772, -53.179401783671459 ], [ -70.924036886289102, -53.17936850447456 ], [ -70.924138732766153, -53.179327796746655 ], [ -70.925364724933104, -53.178837754701064 ], [ -70.925938545201248, -53.17860838473063 ], [ -70.926118583397283, -53.178536417939483 ], [ -70.926156972857868, -53.178521072181866 ], [ -70.926868532838753, -53.178236633839063 ], [ -70.927701660653355, -53.177903590370612 ], [ -70.928515149191782, -53.177578386832671 ], [ -70.928838705041386, -53.177449038304111 ], [ -70.928909111712798, -53.177420891290332 ], [ -70.92936321387576, -53.177239349506685 ], [ -70.929969976898164, -53.176996772620228 ], [ -70.930491594202266, -53.176788230427491 ], [ -70.930913868357791, -53.176619204133047 ], [ -70.931205738975365, -53.176499464622147 ], [ -70.931918761116449, -53.176206941094144 ], [ -70.9322406154661, -53.176074894189135 ], [ -70.932486360452216, -53.17597407220233 ], [ -70.932888627759226, -53.175782945455133 ], [ -70.932890291122135, -53.175782155855103 ], [ -70.932902391090678, -53.175776678445594 ], [ -70.932906874366239, -53.175774649437052 ], [ -70.933011262449739, -53.175731472814 ], [ -70.933100371376227, -53.175694615650379 ], [ -70.933159159072162, -53.175670300393989 ], [ -70.933219386655693, -53.175645388464268 ], [ -70.933566021550618, -53.17550201264654 ], [ -70.935501220707408, -53.174701528050555 ], [ -70.935503295881389, -53.174700673328061 ], [ -70.935858082266463, -53.174553912024486 ], [ -70.936505574779105, -53.174286062404249 ], [ -70.936594084074059, -53.174249448484431 ], [ -70.936675461493095, -53.174215784255772 ], [ -70.936654209087692, -53.174197845187237 ], [ -70.936248797572972, -53.17381735390618 ], [ -70.936212523378018, -53.173783308593777 ], [ -70.935975399603493, -53.173560755778361 ], [ -70.935836714962164, -53.173430591742274 ], [ -70.935833949859941, -53.173427996489501 ], [ -70.935340865849014, -53.172965200162722 ], [ -70.935184895025145, -53.172818806646546 ], [ -70.935159854343866, -53.172795304499878 ] ] ] } },
{ "type": "Feature", "properties": { "zona": "44" }, "geometry": { "type": "Polygon", "coordinates": [ [ [ -70.932946326059735, -53.175832845942374 ], [ -70.933079401097174, -53.175952970493825 ], [ -70.933226366305263, -53.176085633776836 ], [ -70.933375728274598, -53.176220459484995 ], [ -70.933913477956992, -53.176705865404799 ], [ -70.934343814644606, -53.177094304106504 ], [ -70.935556109261725, -53.178188523413141 ], [ -70.935542118631872, -53.178193850129496 ], [ -70.935470829513193, -53.178220993056804 ], [ -70.93355338810494, -53.178951021620662 ], [ -70.932881848505133, -53.179206684382329 ], [ -70.932492402198307, -53.179354948110095 ], [ -70.9319941358861, -53.17954463556751 ], [ -70.931131015820625, -53.17987321257511 ], [ -70.930384980206526, -53.180157208338002 ], [ -70.930001645534844, -53.180307281665591 ], [ -70.929834069191003, -53.180372885559429 ], [ -70.929774127068256, -53.180396351977699 ], [ -70.929776999573221, -53.180398999620351 ], [ -70.929645621553561, -53.180450365145617 ], [ -70.929635921177294, -53.180454157639176 ], [ -70.929155099722053, -53.180642146576588 ], [ -70.928827063238401, -53.180770397479613 ], [ -70.928360000524819, -53.180952999934817 ], [ -70.928012000121583, -53.181089000367507 ], [ -70.927596711971262, -53.181250382489651 ], [ -70.927479894500024, -53.18129577732406 ], [ -70.926890722457145, -53.181524724739951 ], [ -70.926872000007435, -53.181531999682825 ], [ -70.926788388136899, -53.181564281114213 ], [ -70.92676609047156, -53.18157288998605 ], [ -70.926713503322603, -53.181593373780217 ], [ -70.926640286424359, -53.181625355327292 ], [ -70.926176362550294, -53.181827995636816 ], [ -70.925993218169879, -53.18190799190171 ], [ -70.925618535058035, -53.182071649611842 ], [ -70.925392328835883, -53.182170452170965 ], [ -70.925114381663093, -53.182291853386317 ], [ -70.92515072051637, -53.182321444300158 ], [ -70.925164918044786, -53.182333005152046 ], [ -70.925314908297608, -53.182455142771303 ], [ -70.92537737137323, -53.182506006247863 ], [ -70.925415131177104, -53.182536785492204 ], [ -70.92542183466567, -53.182542250558868 ], [ -70.92564232469357, -53.182721979883922 ], [ -70.925693878737789, -53.182763874219503 ], [ -70.925845542563721, -53.182887121827733 ], [ -70.926048920653372, -53.183052390325741 ], [ -70.926070255451378, -53.183069727801062 ], [ -70.926070579888858, -53.183070474751155 ], [ -70.926228835048619, -53.183198594708358 ], [ -70.926429360390202, -53.183353890363144 ], [ -70.926437493551788, -53.183360482900994 ], [ -70.926602324145662, -53.18349408543169 ], [ -70.926659057969559, -53.183540070680408 ], [ -70.926692846617286, -53.183567457993917 ], [ -70.926820448246033, -53.183670884282797 ], [ -70.927120010301664, -53.183901843249046 ], [ -70.927260217153133, -53.184009939375315 ], [ -70.927327160180766, -53.184061550655812 ], [ -70.927568112977269, -53.184259017095705 ], [ -70.927702318996907, -53.184369001369078 ], [ -70.927753662908501, -53.184417223124854 ], [ -70.929780367472347, -53.183601276478022 ], [ -70.930105380080917, -53.183470421152194 ], [ -70.930109999892153, -53.183468999610668 ], [ -70.930151277482679, -53.183441057717388 ], [ -70.930184638779394, -53.183418474359421 ], [ -70.930239999673191, -53.183380999569238 ], [ -70.930251838808985, -53.183372266975056 ], [ -70.930460999702774, -53.183218000052939 ], [ -70.93055100048241, -53.183163999859403 ], [ -70.930659081706409, -53.183112937241354 ], [ -70.930677999262969, -53.183103999701139 ], [ -70.930953252385294, -53.182989639529069 ], [ -70.931944000397863, -53.18257800040282 ], [ -70.932125999380432, -53.182502999717734 ], [ -70.932220999314808, -53.182470000280496 ], [ -70.93231899967833, -53.182444999675589 ], [ -70.932374999469587, -53.182432999592137 ], [ -70.932420999986959, -53.182425999981938 ], [ -70.932449743626364, -53.182423236315934 ], [ -70.932524999979123, -53.182416000267324 ], [ -70.932613999734158, -53.182409999672302 ], [ -70.932724553810587, -53.18240870941333 ], [ -70.932870999800627, -53.182407000178451 ], [ -70.932989999861974, -53.182403999667812 ], [ -70.933092133805374, -53.182396291586301 ], [ -70.93314899918532, -53.182392000237726 ], [ -70.933359999508269, -53.182372000383225 ], [ -70.933519000464216, -53.182348000457601 ], [ -70.933556469245076, -53.182342317122725 ], [ -70.933682605451935, -53.182323183505403 ], [ -70.933696999200308, -53.18232100031841 ], [ -70.933732379646642, -53.182312859914795 ], [ -70.933772952684038, -53.182303524299513 ], [ -70.933810000191642, -53.182295000083165 ], [ -70.933893227404823, -53.182272221501783 ], [ -70.933905000138452, -53.182268999658035 ], [ -70.93396417263051, -53.182246263166554 ], [ -70.933983324347849, -53.182238904641714 ], [ -70.934108000096828, -53.182190999678156 ], [ -70.934352999485796, -53.182098000139987 ], [ -70.934786673102408, -53.181930547450186 ], [ -70.934786724396758, -53.18193052761405 ], [ -70.934891283460445, -53.181890224584855 ], [ -70.934891384471399, -53.181890185758128 ], [ -70.935179713546205, -53.181779046187145 ], [ -70.93537699969859, -53.181702999666626 ], [ -70.935831999952242, -53.18152600007376 ], [ -70.936014473527365, -53.181454847304011 ], [ -70.936273753283729, -53.181353743816885 ], [ -70.936308999520179, -53.181340000154997 ], [ -70.936369419914044, -53.181316945315466 ], [ -70.936664935540222, -53.181204183003963 ], [ -70.936688999809419, -53.181195000271103 ], [ -70.936720154717179, -53.181179043248463 ], [ -70.936749408603447, -53.181164059359823 ], [ -70.936771000028941, -53.181153000222004 ], [ -70.936856000032989, -53.18110900033831 ], [ -70.937098999288324, -53.180965999954331 ], [ -70.937155999380053, -53.180909999583037 ], [ -70.937211999309326, -53.180852999801331 ], [ -70.937255905775032, -53.180799167129301 ], [ -70.937297896242825, -53.18074768339806 ], [ -70.937441999280978, -53.180571000080654 ], [ -70.937554131337976, -53.180446802923264 ], [ -70.937576534262135, -53.180421989304662 ], [ -70.937599999243474, -53.180396000258511 ], [ -70.937643000482083, -53.180364000185143 ], [ -70.937647704485926, -53.180361223808099 ], [ -70.937686636852277, -53.180338246699954 ], [ -70.937703999949335, -53.180328000109363 ], [ -70.93772296291398, -53.180318648341725 ], [ -70.93777699939038, -53.180291999653633 ], [ -70.937889000078329, -53.180243999787074 ], [ -70.938219637210764, -53.180111296461064 ], [ -70.938303684594374, -53.18007756294363 ], [ -70.938443675107791, -53.180021375346868 ], [ -70.93847699946582, -53.18000799992187 ], [ -70.938681714022778, -53.179926246731938 ], [ -70.939264783101351, -53.179693391388838 ], [ -70.93929887692623, -53.17967977484399 ], [ -70.939416000586405, -53.179633000066083 ], [ -70.939476480746308, -53.179609063282101 ], [ -70.939655472509529, -53.17953821983388 ], [ -70.939890999948489, -53.17944500014066 ], [ -70.940097199511285, -53.179361941452512 ], [ -70.940159309985432, -53.17933692294703 ], [ -70.940317999700923, -53.179273000251314 ], [ -70.940418999330362, -53.179233000113086 ], [ -70.940476799505888, -53.179209982459568 ], [ -70.940630440720184, -53.179148798898524 ], [ -70.94078754345793, -53.179086236427452 ], [ -70.941155767738209, -53.178939597450658 ], [ -70.94121156926623, -53.178917375715038 ], [ -70.941322999530087, -53.178873000034429 ], [ -70.941360999479684, -53.178849000442355 ], [ -70.941392999684496, -53.178831999720067 ], [ -70.941468999681845, -53.178796999916912 ], [ -70.941604232594287, -53.178734630160733 ], [ -70.941879157592751, -53.178607833049043 ], [ -70.941932999568337, -53.178583000192219 ], [ -70.941953398052377, -53.178575154926243 ], [ -70.941969674244348, -53.178568895248738 ], [ -70.942022497771532, -53.178548578439049 ], [ -70.942024000359794, -53.178548000018814 ], [ -70.942208340254169, -53.178476907129088 ], [ -70.94230073292232, -53.178441275074952 ], [ -70.94244647150866, -53.178385068517244 ], [ -70.942526761596028, -53.178354103181299 ], [ -70.942685249725159, -53.178292979847527 ], [ -70.942764621134927, -53.178262368024882 ], [ -70.942795252622659, -53.178250554741595 ], [ -70.942903000458116, -53.178208999841829 ], [ -70.943013273031923, -53.178159771431943 ], [ -70.942994721574763, -53.178140186870429 ], [ -70.942378000536792, -53.177568000083198 ], [ -70.942067079362729, -53.177278955642997 ], [ -70.941657427174604, -53.176898119016045 ], [ -70.94132600060243, -53.176590000313169 ], [ -70.94111673393347, -53.176395480222652 ], [ -70.940957000361394, -53.176246999983221 ], [ -70.940921098504106, -53.176214040278495 ], [ -70.940602999406281, -53.175922000365219 ], [ -70.940593479462265, -53.175913423835155 ], [ -70.940476430579011, -53.175807967225886 ], [ -70.940203429474991, -53.175557468578212 ], [ -70.940085833809846, -53.175449564993279 ], [ -70.940079214161955, -53.17544349012968 ], [ -70.939725814840898, -53.175114022139439 ], [ -70.939541977039681, -53.174942631097878 ], [ -70.939506056881982, -53.174909143165728 ], [ -70.939463000219362, -53.174869000453761 ], [ -70.939411047862919, -53.17488900669278 ], [ -70.939270653192509, -53.174942523204173 ], [ -70.939143865862675, -53.174990851373671 ], [ -70.939135272938003, -53.174995684529613 ], [ -70.939109000028751, -53.17500800009762 ], [ -70.939065999838022, -53.175033000330039 ], [ -70.939061666881045, -53.175037084780733 ], [ -70.939031000077719, -53.175065999988547 ], [ -70.939009999578431, -53.17509700027729 ], [ -70.938942124073748, -53.175259808263242 ], [ -70.938866999570379, -53.175439999937261 ], [ -70.938852101772568, -53.175465171683236 ], [ -70.938843529874418, -53.175479657746791 ], [ -70.938842052642869, -53.175482153040754 ], [ -70.938838000320729, -53.175488999700562 ], [ -70.938833657875264, -53.175493341991647 ], [ -70.938832690505407, -53.175494309262675 ], [ -70.938820999301072, -53.175506000045374 ], [ -70.938801000606148, -53.175523999979568 ], [ -70.93877925545803, -53.175539126470937 ], [ -70.938757515026182, -53.175554250420923 ], [ -70.938755000420173, -53.175555999643102 ], [ -70.938742725400985, -53.175562006893898 ], [ -70.93872100277791, -53.175572637276247 ], [ -70.938707999396755, -53.175579000162955 ], [ -70.938645018294906, -53.175605041494705 ], [ -70.938607432091928, -53.175620583236551 ], [ -70.938366999513505, -53.175719999666754 ], [ -70.938363754150984, -53.175717033652639 ], [ -70.938330561699757, -53.175686700596188 ], [ -70.938310116429221, -53.175668017595051 ], [ -70.938058517290727, -53.175438096958437 ], [ -70.937983999810214, -53.175369999639905 ], [ -70.937798355519277, -53.175202856575844 ], [ -70.937703860413876, -53.17511777770288 ], [ -70.937692999573017, -53.17510800010087 ], [ -70.937683724410945, -53.175099850878375 ], [ -70.937340327762954, -53.174798149913805 ], [ -70.93711108276274, -53.174596737449946 ], [ -70.9367271944283, -53.174259451155436 ], [ -70.936675461493095, -53.174215784255772 ], [ -70.936594084074059, -53.174249448484431 ], [ -70.936505574779105, -53.174286062404249 ], [ -70.935858082266463, -53.174553912024486 ], [ -70.935503295881389, -53.174700673328061 ], [ -70.935501220707408, -53.174701528050555 ], [ -70.933566021550618, -53.17550201264654 ], [ -70.933159159072162, -53.175670300393989 ], [ -70.933100371376227, -53.175694615650379 ], [ -70.933011262449739, -53.175731472814 ], [ -70.932906874366239, -53.175774649437052 ], [ -70.932902391090678, -53.175776678445594 ], [ -70.932890294276817, -53.175782154163862 ], [ -70.932888598542505, -53.175782921967148 ], [ -70.932910158548339, -53.175800197571739 ], [ -70.932946326059735, -53.175832845942374 ] ] ] } },
{ "type": "Feature", "properties": { "zona": "45" }, "geometry": { "type": "Polygon", "coordinates": [ [ [ -70.9352442243149, -53.170186162150266 ], [ -70.935371892491972, -53.170263834864137 ], [ -70.935447633314638, -53.170302316631414 ], [ -70.935565714684202, -53.170362311760471 ], [ -70.935663138202074, -53.170411810026785 ], [ -70.935693128005056, -53.170404443883079 ], [ -70.936124851695212, -53.170499989846469 ], [ -70.936630969953214, -53.17054275976227 ], [ -70.93698050455113, -53.170594543062727 ], [ -70.937141339892889, -53.170618369757022 ], [ -70.937303970627141, -53.170642462661959 ], [ -70.937927982229297, -53.170596109097097 ], [ -70.938257110452312, -53.170625043685376 ], [ -70.938743697201701, -53.170807512856342 ], [ -70.939024607448061, -53.170867963423539 ], [ -70.939580581402495, -53.17101052026819 ], [ -70.939945226770192, -53.171057269385742 ], [ -70.940227579799938, -53.171062084854086 ], [ -70.94068144207948, -53.170957379836111 ], [ -70.940989273572129, -53.170855936259592 ], [ -70.941123279639569, -53.170696779462503 ], [ -70.941268598189282, -53.170561740608527 ], [ -70.9413790173802, -53.170339899217467 ], [ -70.941450414273177, -53.17031122741475 ], [ -70.941644845842745, -53.170237527028284 ], [ -70.940867885195047, -53.169437155735118 ], [ -70.939457827835, -53.167984525688098 ], [ -70.938725496549438, -53.167230037831146 ], [ -70.938616603621654, -53.167117848088886 ], [ -70.938417420361972, -53.166912633534459 ], [ -70.938307084572116, -53.166798954915635 ], [ -70.938201346042575, -53.16669001193614 ], [ -70.938201217743583, -53.166689880716909 ], [ -70.938178529050163, -53.166666504476112 ], [ -70.938173838318917, -53.166661671077613 ], [ -70.938141146559659, -53.166682365070045 ], [ -70.938040243231939, -53.16672534641323 ], [ -70.937723257253126, -53.166860369039135 ], [ -70.937703927155297, -53.16686860263448 ], [ -70.937143033981542, -53.167107515756918 ], [ -70.936402416284864, -53.167422974139775 ], [ -70.936305440266096, -53.167464279249103 ], [ -70.935117240076025, -53.167983591565402 ], [ -70.934532571320972, -53.168239117081143 ], [ -70.93316224539798, -53.16886830792339 ], [ -70.933022582033473, -53.168898170089271 ], [ -70.932864200553411, -53.168903812788891 ], [ -70.931775418513254, -53.16927705042324 ], [ -70.931914226944428, -53.169423643470608 ], [ -70.932308476877509, -53.16983999605285 ], [ -70.932755649344841, -53.170350996704542 ], [ -70.932952360995742, -53.170575561350141 ], [ -70.933048080471494, -53.170684832974224 ], [ -70.933242530732016, -53.170906813591564 ], [ -70.933290389810324, -53.170961447462986 ], [ -70.934472764413769, -53.170459419506642 ], [ -70.934539800731045, -53.170430955346809 ], [ -70.934596297711579, -53.170406966880748 ], [ -70.935184474830606, -53.170156034059886 ], [ -70.935225761843881, -53.170174928967484 ], [ -70.9352442243149, -53.170186162150266 ] ] ] } },
{ "type": "Feature", "properties": { "zona": "46" }, "geometry": { "type": "Polygon", "coordinates": [ [ [ -70.938838000320729, -53.175488999700562 ], [ -70.938842052642869, -53.175482153040754 ], [ -70.938843529874418, -53.175479657746791 ], [ -70.93884982792423, -53.175469013393787 ], [ -70.938852101772568, -53.175465171683236 ], [ -70.938866999570379, -53.175439999937261 ], [ -70.938942124073748, -53.175259808263242 ], [ -70.939009999578431, -53.17509700027729 ], [ -70.939031000077719, -53.175065999988547 ], [ -70.939061666881045, -53.175037084780733 ], [ -70.939065999838022, -53.175033000330039 ], [ -70.939109000028751, -53.17500800009762 ], [ -70.939135272938003, -53.174995684529613 ], [ -70.939143865862675, -53.174990851373671 ], [ -70.939270653192509, -53.174942523204173 ], [ -70.939411047862919, -53.17488900669278 ], [ -70.939463000219362, -53.174869000453761 ], [ -70.939506056881982, -53.174909143165728 ], [ -70.939541977039681, -53.174942631097878 ], [ -70.939725814840898, -53.175114022139439 ], [ -70.940079214161955, -53.17544349012968 ], [ -70.940085833809846, -53.175449564993279 ], [ -70.940203429474991, -53.175557468578212 ], [ -70.940476430579011, -53.175807967225886 ], [ -70.940593479462265, -53.175913423835155 ], [ -70.940602999406281, -53.175922000365219 ], [ -70.940707271794849, -53.176017731087171 ], [ -70.940921098504106, -53.176214040278495 ], [ -70.940957000361394, -53.176246999983221 ], [ -70.94111673393347, -53.176395480222652 ], [ -70.94132600060243, -53.176590000313169 ], [ -70.941657427174604, -53.176898119016045 ], [ -70.942067079362729, -53.177278955642997 ], [ -70.942378000536792, -53.177568000083198 ], [ -70.942994721574763, -53.178140186870429 ], [ -70.943013273031923, -53.178159771431943 ], [ -70.94301500045502, -53.178159000068675 ], [ -70.943135000669344, -53.17810699990914 ], [ -70.943475999751385, -53.177972000164011 ], [ -70.94355141512311, -53.177936005818857 ], [ -70.943563223719039, -53.177924539875569 ], [ -70.943615991430065, -53.177904004582878 ], [ -70.943624435387775, -53.177899782215007 ], [ -70.943648000647897, -53.177888000286167 ], [ -70.944739839203152, -53.177464727947651 ], [ -70.944831999970745, -53.177428999720803 ], [ -70.944895999276213, -53.177398000030301 ], [ -70.944901006561437, -53.177395348859989 ], [ -70.944960748366782, -53.177363721817649 ], [ -70.944963999863887, -53.17736200028893 ], [ -70.946268999501953, -53.176855999584987 ], [ -70.946378979002304, -53.176812601647626 ], [ -70.946650434576, -53.17670548462641 ], [ -70.946765397681929, -53.176660119751382 ], [ -70.947516507277541, -53.176363724121259 ], [ -70.947711973427232, -53.176286589158856 ], [ -70.94771398581041, -53.176285795054682 ], [ -70.94771599977058, -53.176285000104635 ], [ -70.947705000467508, -53.176270000447502 ], [ -70.947691936670381, -53.176257853988076 ], [ -70.947514274465348, -53.176092669186701 ], [ -70.947489205363723, -53.176068426680033 ], [ -70.944302356172557, -53.172986373178404 ], [ -70.944032181748113, -53.172725060073901 ], [ -70.943009176906884, -53.171713056366997 ], [ -70.942857482400072, -53.171773007351682 ], [ -70.938196321492384, -53.173614974839467 ], [ -70.937106409625144, -53.174045337333268 ], [ -70.936875440811946, -53.174136535404521 ], [ -70.936690779901014, -53.174209447612363 ], [ -70.936675461493095, -53.174215784255772 ], [ -70.9367271944283, -53.174259451155436 ], [ -70.93711108276274, -53.174596737449946 ], [ -70.937340327762954, -53.174798149913805 ], [ -70.937683724410945, -53.175099850878375 ], [ -70.937692999573017, -53.17510800010087 ], [ -70.937703860413876, -53.17511777770288 ], [ -70.937798355519277, -53.175202856575844 ], [ -70.937983999810214, -53.175369999639905 ], [ -70.938058517290727, -53.175438096958437 ], [ -70.938310116429221, -53.175668017595051 ], [ -70.938330561699757, -53.175686700596188 ], [ -70.938363754150984, -53.175717033652639 ], [ -70.938366999513505, -53.175719999666754 ], [ -70.938607432091928, -53.175620583236551 ], [ -70.938645018294906, -53.175605041494705 ], [ -70.938707999396755, -53.175579000162955 ], [ -70.93872100277791, -53.175572637276247 ], [ -70.938740367444751, -53.175563160563215 ], [ -70.938742725400985, -53.175562006893898 ], [ -70.938755000420173, -53.175555999643102 ], [ -70.938757515026182, -53.175554250420923 ], [ -70.938759665835661, -53.175552754144334 ], [ -70.93877925545803, -53.175539126470937 ], [ -70.938801000606148, -53.175523999979568 ], [ -70.938820999301072, -53.175506000045374 ], [ -70.938832690505407, -53.175494309262675 ], [ -70.938833657875264, -53.175493341991647 ], [ -70.938838000320729, -53.175488999700562 ] ] ] } },
{ "type": "Feature", "properties": { "zona": "47" }, "geometry": { "type": "Polygon", "coordinates": [ [ [ -70.94349464644084, -53.164745266754835 ], [ -70.943034691830789, -53.164856619253463 ], [ -70.943035411776521, -53.164857697190946 ], [ -70.943020267410532, -53.164861286999681 ], [ -70.942935888592061, -53.164881287608914 ], [ -70.942568697659439, -53.165014938306292 ], [ -70.942179347833786, -53.165156147264781 ], [ -70.942132791552538, -53.165173031883263 ], [ -70.942108599611956, -53.165181806424073 ], [ -70.942036746304808, -53.165207865016143 ], [ -70.941462778845676, -53.165416032311306 ], [ -70.941212643333628, -53.165506750345607 ], [ -70.940806519424413, -53.16565404002322 ], [ -70.940641278195955, -53.165713967214039 ], [ -70.940612541093174, -53.165724389015629 ], [ -70.940530671099381, -53.165754081727904 ], [ -70.940470904243313, -53.165775757358112 ], [ -70.94043290269272, -53.165789538439753 ], [ -70.940296031678898, -53.165839178406976 ], [ -70.940276064686728, -53.165846780767993 ], [ -70.939823537164926, -53.166019082854405 ], [ -70.939064489162348, -53.166308085666799 ], [ -70.938799453714566, -53.166408994654837 ], [ -70.938687418636121, -53.166451650351355 ], [ -70.93849924110485, -53.166523296049036 ], [ -70.938231254318296, -53.166625325504789 ], [ -70.938173838318917, -53.166661671077613 ], [ -70.938178529050163, -53.166666504476112 ], [ -70.938201217743583, -53.166689880716909 ], [ -70.938201346042575, -53.16669001193614 ], [ -70.938417420361972, -53.166912633534459 ], [ -70.938616603621654, -53.167117848088886 ], [ -70.938725496549438, -53.167230037831146 ], [ -70.939457827835, -53.167984525688098 ], [ -70.940867885195047, -53.169437155735118 ], [ -70.941644845842745, -53.170237527028284 ], [ -70.941659320190197, -53.170252437198236 ], [ -70.941889352791634, -53.170170459207064 ], [ -70.94200640391638, -53.170105431463 ], [ -70.942106627198001, -53.170008888406194 ], [ -70.94226315852751, -53.169945206618209 ], [ -70.94240672331722, -53.169892983315641 ], [ -70.942585459877861, -53.169803879039051 ], [ -70.942667511399918, -53.169690054951815 ], [ -70.942743009263253, -53.169561725931366 ], [ -70.942879659759356, -53.16945690503389 ], [ -70.942910296736073, -53.169384167990223 ], [ -70.942929536910896, -53.169306281713631 ], [ -70.942999293249187, -53.169196798410248 ], [ -70.943182646380848, -53.169100710131126 ], [ -70.943275244633412, -53.169084827998873 ], [ -70.943413202554325, -53.169091914080774 ], [ -70.943533972700607, -53.169029391076599 ], [ -70.943665550787244, -53.168936296487168 ], [ -70.943799869400877, -53.168898036595237 ], [ -70.943922569971832, -53.168857000093816 ], [ -70.944062907081545, -53.168880827184047 ], [ -70.944187761698146, -53.168858903800754 ], [ -70.944257118875967, -53.168837468772061 ], [ -70.944329836895292, -53.168780446886828 ], [ -70.9443711954858, -53.16871997531851 ], [ -70.945615247944886, -53.168235307749484 ], [ -70.945952870684295, -53.168099253230224 ], [ -70.946435981499235, -53.168100250624697 ], [ -70.946793977768664, -53.168146963732177 ], [ -70.947365215437642, -53.16834731672202 ], [ -70.947634737883348, -53.1684921650143 ], [ -70.9479123519274, -53.168593256236903 ], [ -70.948587989206231, -53.16863174544514 ], [ -70.948780132575521, -53.168694223273576 ], [ -70.948945695452309, -53.168660591392197 ], [ -70.949218311674485, -53.168562774203437 ], [ -70.949615329961674, -53.168447773280889 ], [ -70.94991631647666, -53.168427083015267 ], [ -70.950178709775784, -53.168458629802799 ], [ -70.950546214085321, -53.168467573702451 ], [ -70.950789289128849, -53.168388977971105 ], [ -70.951050664807852, -53.16813726029801 ], [ -70.951875131223517, -53.168172467099261 ], [ -70.952063034015069, -53.168216943661434 ], [ -70.952395701887113, -53.16838535119804 ], [ -70.952886076415538, -53.168498432100037 ], [ -70.953317833799815, -53.16845600287666 ], [ -70.953611482741522, -53.168366032066345 ], [ -70.953906471632422, -53.168261825789877 ], [ -70.954223807852586, -53.168172658490299 ], [ -70.954654218488898, -53.168144458999635 ], [ -70.95742125514704, -53.167781578199538 ], [ -70.957290278678769, -53.167405837340837 ], [ -70.967171266699935, -53.166073793429021 ], [ -70.967186715283091, -53.164234010267791 ], [ -70.967041678404399, -53.16366977955304 ], [ -70.966712210899516, -53.163701582604425 ], [ -70.96670327487486, -53.16370244534442 ], [ -70.966481419791677, -53.163723860052173 ], [ -70.966457934764691, -53.163726127347751 ], [ -70.965731392567278, -53.163797038503105 ], [ -70.964730356098698, -53.1638947319368 ], [ -70.964713285757767, -53.163896397967555 ], [ -70.964400110008654, -53.163926960070967 ], [ -70.963984550904385, -53.163967511968018 ], [ -70.963276485754349, -53.164036603824613 ], [ -70.963179794600592, -53.16404603854523 ], [ -70.962615969610184, -53.164101052140985 ], [ -70.962531934482314, -53.164109251848195 ], [ -70.961216491867759, -53.164237590619642 ], [ -70.961150360745435, -53.164244042392511 ], [ -70.96103546519862, -53.16425525081025 ], [ -70.960890306277278, -53.164269411737223 ], [ -70.960805667805289, -53.164277668899864 ], [ -70.960450491855568, -53.164312316432138 ], [ -70.960290199370462, -53.164331605431663 ], [ -70.960052085087128, -53.164360258574561 ], [ -70.959867062040473, -53.164382711655691 ], [ -70.959807827270907, -53.164375006911982 ], [ -70.959680107744916, -53.164367629973484 ], [ -70.95961852059412, -53.164364072188121 ], [ -70.959567062745066, -53.164361099599716 ], [ -70.959565931318934, -53.164361034172316 ], [ -70.959441521372938, -53.164353847681717 ], [ -70.959274514515073, -53.164344200812714 ], [ -70.959021469835676, -53.1643295836774 ], [ -70.95895914435998, -53.164325983368343 ], [ -70.958739789735702, -53.164313311937583 ], [ -70.958174511425085, -53.164280654474673 ], [ -70.957513717886499, -53.164242476132593 ], [ -70.956938482208386, -53.16420923769185 ], [ -70.956089436161506, -53.164160173088476 ], [ -70.955425947876009, -53.164121827564095 ], [ -70.955077968470917, -53.16410171437898 ], [ -70.954539558760189, -53.164070592996296 ], [ -70.953863790437666, -53.164031528598507 ], [ -70.952756844831057, -53.163967530080321 ], [ -70.952306367243168, -53.163941482557121 ], [ -70.951732781429698, -53.163908314502251 ], [ -70.951495927761641, -53.163894617425271 ], [ -70.951367614977102, -53.1638894637764 ], [ -70.950821096636702, -53.163867509960099 ], [ -70.950212268165089, -53.163843049368374 ], [ -70.94969708192454, -53.163822348967166 ], [ -70.949468574836203, -53.163872542057156 ], [ -70.94939799478594, -53.163888045368708 ], [ -70.949313681343313, -53.163906565709226 ], [ -70.948967415137105, -53.163982624332561 ], [ -70.948908678929229, -53.163995525420489 ], [ -70.948322575587909, -53.16412426187285 ], [ -70.948263903194544, -53.164137148629614 ], [ -70.948255345183398, -53.16413902856538 ], [ -70.948095589325973, -53.164174117374777 ], [ -70.948032459651841, -53.164187983784004 ], [ -70.947804658036489, -53.164238017854686 ], [ -70.947681392731596, -53.164265091340546 ], [ -70.947642674463495, -53.164273595074299 ], [ -70.946882747286779, -53.164457404237417 ], [ -70.946875118983002, -53.164459249195545 ], [ -70.946767257948153, -53.164485337320166 ], [ -70.946275524201198, -53.164597099722343 ], [ -70.946240175571617, -53.164617789858063 ], [ -70.946206357413516, -53.164637584027076 ], [ -70.94618494517151, -53.164603614771856 ], [ -70.946050303219891, -53.164390006835895 ], [ -70.945917359012654, -53.164179088690403 ], [ -70.945242671523417, -53.164338542263948 ], [ -70.944890108603204, -53.164419883312803 ], [ -70.944749379994121, -53.164452350216905 ], [ -70.944701248800996, -53.164463454660982 ], [ -70.944330378501377, -53.164549017464076 ], [ -70.943964720287525, -53.164633865442973 ], [ -70.943725833790751, -53.164689296939969 ], [ -70.94349464644084, -53.164745266754835 ] ] ] } },
{ "type": "Feature", "properties": { "zona": "48" }, "geometry": { "type": "Polygon", "coordinates": [ [ [ -70.958460611417422, -53.178931624593162 ], [ -70.958575258476557, -53.178866545664121 ], [ -70.958578718199547, -53.178850281570888 ], [ -70.958586235627948, -53.178814948225728 ], [ -70.958589033307632, -53.178801803754531 ], [ -70.958600434745591, -53.178748212043295 ], [ -70.958602809066392, -53.178712908137854 ], [ -70.958604115184968, -53.178693483621778 ], [ -70.958619140885091, -53.178469988073253 ], [ -70.958616615357755, -53.178464862096988 ], [ -70.958612492549264, -53.178456503747292 ], [ -70.958603791645402, -53.178438865733384 ], [ -70.958571196445362, -53.178372784796686 ], [ -70.95855176811402, -53.178333397336367 ], [ -70.958542658750616, -53.178314929548662 ], [ -70.958505196840505, -53.178238978908112 ], [ -70.958408898460618, -53.178034414112027 ], [ -70.958357805723665, -53.177925875602234 ], [ -70.95834304524773, -53.17790375520682 ], [ -70.958285803530401, -53.177817974049169 ], [ -70.958281992930765, -53.177812264667004 ], [ -70.958236294368177, -53.177743782727944 ], [ -70.958213468092893, -53.177709576265663 ], [ -70.958166310836631, -53.177621157535228 ], [ -70.958070192207813, -53.177440937568271 ], [ -70.95805896517831, -53.177419887133432 ], [ -70.958011249568486, -53.177330423870728 ], [ -70.957906500999599, -53.177134025357475 ], [ -70.95778492992666, -53.176906079984882 ], [ -70.957752942124245, -53.176846103061088 ], [ -70.957701609288279, -53.176769292985696 ], [ -70.957636857517144, -53.176672407677209 ], [ -70.957584380437908, -53.176593888193885 ], [ -70.957433056732768, -53.176367465185891 ], [ -70.957426678201315, -53.176355415734051 ], [ -70.957165656325188, -53.175862300731374 ], [ -70.95715182431347, -53.175836169156987 ], [ -70.957136615063135, -53.175810957779184 ], [ -70.957036154734766, -53.175644429679359 ], [ -70.95692533178817, -53.175460727669595 ], [ -70.9567330753585, -53.175142037129469 ], [ -70.95648740235896, -53.174734796665085 ], [ -70.956448903156982, -53.174670977271667 ], [ -70.956396825792467, -53.17458465189884 ], [ -70.956356933255776, -53.174518524534712 ], [ -70.95631874133835, -53.174455213889154 ], [ -70.956257127034291, -53.174353076673825 ], [ -70.956251685586025, -53.17434405540299 ], [ -70.95624624264758, -53.17433503408121 ], [ -70.956240450478006, -53.174325428772597 ], [ -70.956228063260085, -53.174285668565531 ], [ -70.956210327862593, -53.174228743946905 ], [ -70.956186426323228, -53.174152022010709 ], [ -70.95618183481146, -53.174137283320867 ], [ -70.956179479483481, -53.174129719896818 ], [ -70.956164616407577, -53.174082008051407 ], [ -70.956093873968797, -53.173854922570136 ], [ -70.956084582125072, -53.173834374893445 ], [ -70.956080351165653, -53.173827714706334 ], [ -70.956074723385981, -53.173818860702639 ], [ -70.956070813018371, -53.17381270706688 ], [ -70.956064612941674, -53.173802951146691 ], [ -70.956051081008184, -53.173781658397502 ], [ -70.95604982013991, -53.173779674300384 ], [ -70.956007162946591, -53.173712552343126 ], [ -70.955989172917796, -53.173686741592569 ], [ -70.955882094523702, -53.173533111722264 ], [ -70.955542634270174, -53.173046066199056 ], [ -70.955474305972288, -53.172948030613071 ], [ -70.955424377638764, -53.172876392786861 ], [ -70.955341502938282, -53.172737379143662 ], [ -70.955339534363915, -53.172734072021875 ], [ -70.955313976486934, -53.172691040997506 ], [ -70.95516727035394, -53.172444006498075 ], [ -70.95514727979976, -53.172410343769769 ], [ -70.954837978029289, -53.171889516282569 ], [ -70.954824297591998, -53.171866474995376 ], [ -70.954789472595863, -53.171809074985724 ], [ -70.954785698240443, -53.171803006886698 ], [ -70.954756538486379, -53.171756124580433 ], [ -70.954691173173572, -53.171651037844249 ], [ -70.954636348483092, -53.171562896384174 ], [ -70.954457935869129, -53.171276058592312 ], [ -70.954433036713397, -53.171225513333148 ], [ -70.954429154866446, -53.171217631672036 ], [ -70.954379854328423, -53.17111755206718 ], [ -70.95432434601743, -53.171004869077862 ], [ -70.954114187617591, -53.17057823400615 ], [ -70.953993749117743, -53.170333733088199 ], [ -70.953960040853417, -53.170274196574063 ], [ -70.953897428360918, -53.170163609581294 ], [ -70.953883992158865, -53.170139877526069 ], [ -70.953813525299964, -53.170015419380768 ], [ -70.95365292701689, -53.169731768851953 ], [ -70.953643211981571, -53.169714605044682 ], [ -70.953585686607454, -53.169719401616852 ], [ -70.953492088562072, -53.169729703019904 ], [ -70.953403834370562, -53.169738880932606 ], [ -70.95340301319311, -53.169738969033276 ], [ -70.95339665110977, -53.169739634116588 ], [ -70.953370609515133, -53.169742330931719 ], [ -70.953362991423035, -53.169743123291028 ], [ -70.953362545471251, -53.169743169286384 ], [ -70.953361694364688, -53.169743257267939 ], [ -70.953052496148814, -53.16977771261805 ], [ -70.95257771748804, -53.169833451154126 ], [ -70.952562416365893, -53.169835247654198 ], [ -70.951998408732678, -53.169912754028168 ], [ -70.951991918569973, -53.169913617975638 ], [ -70.951931134651574, -53.169921707635453 ], [ -70.951653110078766, -53.169965204869442 ], [ -70.951411680492456, -53.170002975738463 ], [ -70.950985525877741, -53.17006717913825 ], [ -70.95079447099819, -53.170098905198294 ], [ -70.950450002090165, -53.170150143952661 ], [ -70.95029638186864, -53.170175209853241 ], [ -70.950187729505771, -53.170192938178708 ], [ -70.949956146985542, -53.17022777967447 ], [ -70.949894467836259, -53.170236923574095 ], [ -70.949529776856608, -53.170294218550183 ], [ -70.94879013300492, -53.17040845561845 ], [ -70.948712386768648, -53.170419301370003 ], [ -70.94794464892459, -53.170511333308923 ], [ -70.947834311687373, -53.170524559218087 ], [ -70.947675184843504, -53.170543633838662 ], [ -70.94765562254527, -53.170541021545695 ], [ -70.947431580838355, -53.170522677282243 ], [ -70.947354849511939, -53.170495892528251 ], [ -70.947271966106243, -53.170466959544491 ], [ -70.947121478247851, -53.170424702257044 ], [ -70.946591764646925, -53.170472338949985 ], [ -70.946014133921295, -53.170524052067201 ], [ -70.945783709430685, -53.170573318700306 ], [ -70.945156864665591, -53.170818991712032 ], [ -70.944979100769828, -53.170886980937127 ], [ -70.944680836342073, -53.171001056026029 ], [ -70.944515799117013, -53.171064176583961 ], [ -70.943879465773946, -53.171309519493242 ], [ -70.943061049971476, -53.171648654811364 ], [ -70.943032616549004, -53.171660436932463 ], [ -70.943009176906884, -53.171713056366997 ], [ -70.944032181748113, -53.172725060073901 ], [ -70.944302356172557, -53.172986373178404 ], [ -70.947489205363723, -53.176068426680033 ], [ -70.947514274465348, -53.176092669186701 ], [ -70.947691936670381, -53.176257853988076 ], [ -70.947705000467508, -53.176270000447502 ], [ -70.94771599977058, -53.176285000104635 ], [ -70.94771732830246, -53.176286771607309 ], [ -70.947722000208785, -53.176293000053953 ], [ -70.947722339996105, -53.176293873400503 ], [ -70.947731493945838, -53.176302726521293 ], [ -70.947747096417444, -53.176317814645287 ], [ -70.947785507227678, -53.176354958738536 ], [ -70.950700335952803, -53.179173442380907 ], [ -70.951173080999894, -53.17961445177658 ], [ -70.951283965224505, -53.179717891008004 ], [ -70.951326928193197, -53.179757969315638 ], [ -70.951385946157458, -53.179728714425721 ], [ -70.951388279323865, -53.179728457413603 ], [ -70.951390381983686, -53.179728231235771 ], [ -70.951391070488611, -53.179728154822001 ], [ -70.951400961606723, -53.179727063923124 ], [ -70.951402125881273, -53.179726928141932 ], [ -70.95142730798355, -53.179724154735922 ], [ -70.951436826939116, -53.17972310423945 ], [ -70.951439320515789, -53.179722829298242 ], [ -70.9514801564913, -53.17971832005658 ], [ -70.951574680649301, -53.17970788412137 ], [ -70.952349341356992, -53.179622339070626 ], [ -70.952656134772653, -53.179588458448016 ], [ -70.954595769463054, -53.179374238168336 ], [ -70.954638160391738, -53.17936955495113 ], [ -70.954701047615572, -53.179362608416149 ], [ -70.954797734102655, -53.179351930438891 ], [ -70.955306864338283, -53.179295699039656 ], [ -70.955559649629734, -53.179267778827928 ], [ -70.956094292547235, -53.179211211621208 ], [ -70.95649260860317, -53.179169067098201 ], [ -70.956788319188092, -53.179137778417392 ], [ -70.957239746651851, -53.179090011097038 ], [ -70.957346579862829, -53.179078706238172 ], [ -70.957375176691684, -53.179075677032088 ], [ -70.957431589624917, -53.179069704507206 ], [ -70.957524165736857, -53.179059903810696 ], [ -70.957540375723184, -53.179058187891044 ], [ -70.957586280459111, -53.179053327105201 ], [ -70.95791316815631, -53.17901429499485 ], [ -70.958092670785121, -53.178992860921561 ], [ -70.958143957397127, -53.178986737241743 ], [ -70.958422013924007, -53.178953533956602 ], [ -70.958451319583062, -53.178936898642782 ], [ -70.958460611417422, -53.178931624593162 ] ] ] } },
{ "type": "Feature", "properties": { "zona": "49" }, "geometry": { "type": "Polygon", "coordinates": [ [ [ -70.950681513569137, -53.205239279862894 ], [ -70.950534406907053, -53.204986854063989 ], [ -70.950167970746193, -53.20500613764171 ], [ -70.949934290481778, -53.204979619721144 ], [ -70.949765876070643, -53.205016790268004 ], [ -70.948937878107074, -53.205197984100018 ], [ -70.948492703739291, -53.205295400416844 ], [ -70.946828420324437, -53.20565957227825 ], [ -70.946253122017183, -53.20577275550113 ], [ -70.946212728087417, -53.205780702061261 ], [ -70.945986526843029, -53.205825203250079 ], [ -70.945644809704675, -53.205892429200205 ], [ -70.945112521095197, -53.205997144359415 ], [ -70.945024704145268, -53.20601374794925 ], [ -70.944475899962583, -53.206117510581244 ], [ -70.943943583136942, -53.20621815275819 ], [ -70.943217007202321, -53.2063313219588 ], [ -70.94314438163147, -53.206342633792389 ], [ -70.943105381765221, -53.206348708108791 ], [ -70.942420411273659, -53.206455391377467 ], [ -70.941902189950099, -53.206502453997366 ], [ -70.941763159948309, -53.206507344012856 ], [ -70.941599901099295, -53.206513086825865 ], [ -70.941065045422931, -53.206520763676679 ], [ -70.940968684667325, -53.206522146576965 ], [ -70.940814467873409, -53.206524359323595 ], [ -70.94053920822536, -53.206528308662101 ], [ -70.940049402068141, -53.206509691380219 ], [ -70.939354498563233, -53.20650474369139 ], [ -70.939349561764928, -53.206684100378091 ], [ -70.939346151388889, -53.206808062639581 ], [ -70.939327066740688, -53.207501487664324 ], [ -70.939323921836049, -53.207615713244948 ], [ -70.939316281687184, -53.207893312953487 ], [ -70.939303711316001, -53.208082831276279 ], [ -70.939255410868356, -53.208810965838843 ], [ -70.939235158442727, -53.209116278397865 ], [ -70.939213980458263, -53.209345002188826 ], [ -70.939195885677321, -53.209540422792628 ], [ -70.939185031609853, -53.20971306922646 ], [ -70.939177365880582, -53.209835007958318 ], [ -70.939124432940361, -53.210676990670123 ], [ -70.939119732929029, -53.210751741236919 ], [ -70.939063289634305, -53.211649485064463 ], [ -70.939042336919002, -53.211982734389203 ], [ -70.93902713838132, -53.212224455627307 ], [ -70.939009606270403, -53.212632850508896 ], [ -70.939004329622918, -53.212755765811821 ], [ -70.938984703524994, -53.213212886227176 ], [ -70.938979751986267, -53.213328206022091 ], [ -70.938957062743, -53.213856683962121 ], [ -70.938971056967219, -53.213983571850733 ], [ -70.938992898436538, -53.214181596862446 ], [ -70.939035320682606, -53.214427677548507 ], [ -70.939054312732495, -53.214537846036791 ], [ -70.939130156709226, -53.21478869346717 ], [ -70.939276524088498, -53.215272778653421 ], [ -70.939371041367465, -53.215514010095902 ], [ -70.939480184933956, -53.215734797265128 ], [ -70.939575534187341, -53.215924087182486 ], [ -70.939604011342666, -53.215980618810043 ], [ -70.939632493440712, -53.216037162292174 ], [ -70.939813944064056, -53.216397372196184 ], [ -70.939858795894168, -53.216484365360273 ], [ -70.940020582029419, -53.216798159941902 ], [ -70.940144341811674, -53.217038195328243 ], [ -70.940326520428144, -53.217391531381139 ], [ -70.940487923377873, -53.217704566397906 ], [ -70.940560804100414, -53.21784591369638 ], [ -70.940698327677737, -53.218112632647831 ], [ -70.941055385592122, -53.218805167034546 ], [ -70.941201124485943, -53.219087831187146 ], [ -70.941249883543648, -53.219182398973565 ], [ -70.94140369581558, -53.219480716014118 ], [ -70.941444373726682, -53.219559588886042 ], [ -70.941575134405824, -53.21981312603085 ], [ -70.941609637155821, -53.21988002480758 ], [ -70.94164700945781, -53.219952487105758 ], [ -70.941669569854142, -53.219996230739987 ], [ -70.941686604492631, -53.220050958304292 ], [ -70.941691732008792, -53.220067434818105 ], [ -70.941711360563218, -53.220130494316479 ], [ -70.941830082793231, -53.220484889070846 ], [ -70.941873646643572, -53.220630448411882 ], [ -70.941903796698568, -53.220731189894096 ], [ -70.94193371486557, -53.220831152543688 ], [ -70.941997248612807, -53.221164266998713 ], [ -70.941997316586367, -53.221164625538279 ], [ -70.941992826681442, -53.221185785430364 ], [ -70.941995780091503, -53.22132541969853 ], [ -70.942000145600673, -53.221531746109356 ], [ -70.942005026046218, -53.221762442666801 ], [ -70.941988850435905, -53.222125247633187 ], [ -70.941963920566067, -53.222420779022414 ], [ -70.941950542399454, -53.222579359431116 ], [ -70.941935797304779, -53.222754148069292 ], [ -70.941877589267406, -53.223444131948163 ], [ -70.941874750422556, -53.223483879750525 ], [ -70.941843394032887, -53.223922891267918 ], [ -70.941816707274725, -53.224296497507865 ], [ -70.941776800149029, -53.224581815519926 ], [ -70.941751163928132, -53.22494072115849 ], [ -70.941736747503441, -53.225142534421245 ], [ -70.941734432404601, -53.225174943570259 ], [ -70.941730790847231, -53.225225934437809 ], [ -70.941662824265592, -53.226177390928022 ], [ -70.941628244349474, -53.2266614443623 ], [ -70.941606356811462, -53.227010029534021 ], [ -70.941599406132198, -53.227120742817313 ], [ -70.941560062041432, -53.227747336334936 ], [ -70.941535398941866, -53.228140103501254 ], [ -70.941535624583594, -53.228424086104631 ], [ -70.941535873196031, -53.228735333003335 ], [ -70.941536376496586, -53.228741604729763 ], [ -70.941579526747901, -53.229279475366766 ], [ -70.941618873295184, -53.22947290594302 ], [ -70.941654104751365, -53.229646096646725 ], [ -70.941657058616556, -53.229660619845205 ], [ -70.941778441239592, -53.230257323403499 ], [ -70.941858855457738, -53.230590198144789 ], [ -70.941875014645234, -53.230657089089199 ], [ -70.941885604769766, -53.230700931695225 ], [ -70.941932205796434, -53.230893832280934 ], [ -70.942029918050864, -53.231298299869458 ], [ -70.942099956726395, -53.231588217052654 ], [ -70.942107621506878, -53.231619943711756 ], [ -70.942180209476462, -53.231920405899068 ], [ -70.94218258532284, -53.231929685691028 ], [ -70.942611870454314, -53.232122557496659 ], [ -70.942734552093881, -53.232199282475392 ], [ -70.942970903636237, -53.232347094086336 ], [ -70.943247487456361, -53.232466792217757 ], [ -70.943428530070875, -53.232545141594009 ], [ -70.94432273970763, -53.232640917905897 ], [ -70.944406316071579, -53.232649869597644 ], [ -70.945442744868885, -53.23276372809493 ], [ -70.946783647936329, -53.232552360467572 ], [ -70.949196213621235, -53.231956190360549 ], [ -70.950894514275248, -53.231614139172834 ], [ -70.953554916999906, -53.231290500957279 ], [ -70.955493957437326, -53.231170773517881 ], [ -70.956593949885189, -53.231115332040233 ], [ -70.958198300223103, -53.231111061750269 ], [ -70.959871167822428, -53.230710643541315 ], [ -70.961525473743976, -53.230328866601681 ], [ -70.963275874603553, -53.230274013308261 ], [ -70.965109194086395, -53.230012501994835 ], [ -70.967430794145201, -53.229264449005122 ], [ -70.960721177923929, -53.219050759575623 ], [ -70.960052808602782, -53.216886026179246 ], [ -70.959773102487674, -53.216067312892996 ], [ -70.959816303852492, -53.215188161507399 ], [ -70.959628350679324, -53.214658169156635 ], [ -70.958887080489959, -53.214109384015558 ], [ -70.957973559305273, -53.212864529029353 ], [ -70.956879646602943, -53.209328686175091 ], [ -70.957730231177322, -53.209113445308326 ], [ -70.958869711280272, -53.208825085090758 ], [ -70.95842403726229, -53.207287502886494 ], [ -70.957755192177117, -53.206960408315517 ], [ -70.957009006404931, -53.206801770655026 ], [ -70.956025429609952, -53.206806422837033 ], [ -70.954908242101553, -53.206882686048637 ], [ -70.953661016390853, -53.206992597616555 ], [ -70.952107248004495, -53.206654135988174 ], [ -70.95137561043245, -53.206430265381535 ], [ -70.950798188969344, -53.205439485470542 ], [ -70.950681513569137, -53.205239279862894 ] ] ] } },
{ "type": "Feature", "properties": { "zona": "50" }, "geometry": { "type": "Polygon", "coordinates": [ [ [ -70.907780132749394, -53.159310185659216 ], [ -70.907939144686694, -53.159461628386182 ], [ -70.908005028676854, -53.159524376052438 ], [ -70.909091713622601, -53.160559301244511 ], [ -70.90983785576914, -53.161304191174224 ], [ -70.910616857420578, -53.162048766699911 ], [ -70.911531887767012, -53.162923321847281 ], [ -70.912451917502437, -53.163802612735608 ], [ -70.912730025685192, -53.164068398853708 ], [ -70.913395770347762, -53.164710580286695 ], [ -70.913606768491732, -53.164914104769295 ], [ -70.913799466490957, -53.165099975808261 ], [ -70.913799798291635, -53.165100295759295 ], [ -70.91707170730605, -53.163853661859434 ], [ -70.916947880525555, -53.163741075209209 ], [ -70.915910251662481, -53.16279760463123 ], [ -70.915574234076942, -53.1624625723449 ], [ -70.914899726410596, -53.161790022380416 ], [ -70.914776569589208, -53.161667221066551 ], [ -70.912878047561662, -53.159774067722267 ], [ -70.912089083304835, -53.158987278909258 ], [ -70.911674003749027, -53.158573329809492 ], [ -70.911305975836612, -53.158206298125009 ], [ -70.911109933037878, -53.158010782702938 ], [ -70.910683415516587, -53.158177234426653 ], [ -70.907819609543949, -53.159294781738133 ], [ -70.907780132749394, -53.159310185659216 ] ] ] } },
{ "type": "Feature", "properties": { "zona": "51" }, "geometry": { "type": "Polygon", "coordinates": [ [ [ -70.922358937377751, -53.160583185499966 ], [ -70.922200457305749, -53.160430126887626 ], [ -70.922195381887718, -53.160425224752771 ], [ -70.922070166464195, -53.160303876413707 ], [ -70.921722583856976, -53.159967027792504 ], [ -70.921216276301763, -53.159476343192175 ], [ -70.921213736485953, -53.159473883933515 ], [ -70.921140118654975, -53.1594026044516 ], [ -70.921077197712734, -53.159341680565184 ], [ -70.920838868252446, -53.159110915172086 ], [ -70.920784510363845, -53.159058282857416 ], [ -70.920784336402363, -53.159058113169706 ], [ -70.920782668274896, -53.159056498805832 ], [ -70.920642665824204, -53.158920938553692 ], [ -70.920582658658461, -53.158862836411558 ], [ -70.920552898427374, -53.158834020815739 ], [ -70.920375908477041, -53.158662649066308 ], [ -70.920297218648827, -53.158594422626081 ], [ -70.920268841234005, -53.158569819361567 ], [ -70.920267878830231, -53.158568984833643 ], [ -70.920266384729501, -53.158567429506675 ], [ -70.920228497844363, -53.158530596081825 ], [ -70.920175321793408, -53.158478898174955 ], [ -70.920135384029805, -53.158440070191475 ], [ -70.920074098423356, -53.158380488206497 ], [ -70.919952228832727, -53.158261710730116 ], [ -70.91987768028801, -53.158189053616709 ], [ -70.918964054197218, -53.157298583329933 ], [ -70.918897638494471, -53.157233849140688 ], [ -70.917942279175762, -53.156302654088528 ], [ -70.917753636278107, -53.156118777130253 ], [ -70.917474723638449, -53.15584690803513 ], [ -70.917298285046272, -53.155672094994898 ], [ -70.917296889504129, -53.155672622797958 ], [ -70.917221157905033, -53.155701246289595 ], [ -70.916986736467067, -53.15578984858378 ], [ -70.916614970598502, -53.155930360479829 ], [ -70.91619038929214, -53.156090832133714 ], [ -70.914962706934546, -53.156554820141245 ], [ -70.913212875809421, -53.157216109271772 ], [ -70.911956313786405, -53.157690955066748 ], [ -70.911347543818081, -53.157920996065563 ], [ -70.911109933037878, -53.158010782702938 ], [ -70.911305975836612, -53.158206298125009 ], [ -70.911674003749027, -53.158573329809492 ], [ -70.912089083304835, -53.158987278909258 ], [ -70.912878047561662, -53.159774067722267 ], [ -70.914776569589208, -53.161667221066551 ], [ -70.914899726410596, -53.161790022380416 ], [ -70.915574234076942, -53.1624625723449 ], [ -70.915910251662481, -53.16279760463123 ], [ -70.916947880525555, -53.163741075209209 ], [ -70.91707170730605, -53.163853661859434 ], [ -70.917108950189871, -53.163839281003533 ], [ -70.917292511540182, -53.163768403622072 ], [ -70.918858656978543, -53.163163650425751 ], [ -70.919150915140065, -53.163050793056954 ], [ -70.919784094476015, -53.162806282754445 ], [ -70.920282813023775, -53.16261369177284 ], [ -70.920750415238729, -53.162431973914707 ], [ -70.921913877364474, -53.161979818408319 ], [ -70.922437599498593, -53.161776277499783 ], [ -70.922547494766633, -53.161733567292643 ], [ -70.922982778374731, -53.161564393449204 ], [ -70.923142677716413, -53.161502247559476 ], [ -70.923214773762069, -53.161474226910926 ], [ -70.923252111624038, -53.161459715207613 ], [ -70.923262828364201, -53.161455550629569 ], [ -70.923187665307054, -53.161383545787089 ], [ -70.92280065106587, -53.161009783754736 ], [ -70.922798606870145, -53.161007809297445 ], [ -70.922425425933824, -53.160647400129612 ], [ -70.922387910984796, -53.160611167622612 ], [ -70.922358937377751, -53.160583185499966 ] ] ] } },
{ "type": "Feature", "properties": { "zona": "52" }, "geometry": { "type": "Polygon", "coordinates": [ [ [ -70.869761857775941, -53.12467222732554 ], [ -70.87218809301686, -53.127407231132672 ], [ -70.872196807112203, -53.127417053976167 ], [ -70.872702331842206, -53.127914794475693 ], [ -70.872987223189185, -53.128195293472338 ], [ -70.873036263717822, -53.128243577152055 ], [ -70.873099685290455, -53.128306020184326 ], [ -70.873309471616409, -53.128206481231132 ], [ -70.87345990767669, -53.128135101095062 ], [ -70.873791747328596, -53.127969616008031 ], [ -70.874192327873871, -53.127769846505963 ], [ -70.87420613781245, -53.127762959195685 ], [ -70.875681193965434, -53.127027322749221 ], [ -70.875814742563847, -53.126960717977958 ], [ -70.876222537243237, -53.12675733480404 ], [ -70.87657057592358, -53.126583751201373 ], [ -70.876851658691464, -53.126443559123707 ], [ -70.878536746913298, -53.125603081143232 ], [ -70.878927051317461, -53.125408399505616 ], [ -70.878964895673846, -53.125389522374995 ], [ -70.879310057022465, -53.12521735517808 ], [ -70.880212836532763, -53.124767034237948 ], [ -70.881024571786867, -53.124362113595893 ], [ -70.881536325197686, -53.12410682675705 ], [ -70.883131107175586, -53.123311239393253 ], [ -70.883365167082246, -53.123194470490716 ], [ -70.883408613129191, -53.123172803012842 ], [ -70.883575174921518, -53.123089733006204 ], [ -70.884018585835307, -53.12286858729555 ], [ -70.885226740718011, -53.122266014089966 ], [ -70.885709253916986, -53.122025350313912 ], [ -70.887189958876249, -53.12128535322335 ], [ -70.88749980100927, -53.121130501033704 ], [ -70.888033207778307, -53.120863910954455 ], [ -70.888403317032683, -53.120678932174492 ], [ -70.889187887759476, -53.120286796970269 ], [ -70.889307999285379, -53.120193000052645 ], [ -70.889379642795276, -53.120144113931012 ], [ -70.889303380612915, -53.120104647049949 ], [ -70.889099852497964, -53.11999832207924 ], [ -70.889018664348271, -53.11995590765364 ], [ -70.888082334063455, -53.119466746346205 ], [ -70.887495535890167, -53.119160178673297 ], [ -70.886182514584007, -53.118474178313186 ], [ -70.885830690995022, -53.118290359215052 ], [ -70.885796875941367, -53.118272691428501 ], [ -70.885280599186871, -53.118002943173074 ], [ -70.885261138834153, -53.11799274837378 ], [ -70.883773765859715, -53.117213540457691 ], [ -70.883772514327603, -53.1172128845038 ], [ -70.882119385552926, -53.116346785197607 ], [ -70.881772984884563, -53.116169412332916 ], [ -70.881451485822097, -53.116004787404648 ], [ -70.879622403536771, -53.114883177379888 ], [ -70.879533154027925, -53.114828446643912 ], [ -70.879498848936905, -53.114807409963191 ], [ -70.879491047305493, -53.114803444926316 ], [ -70.879446613604017, -53.114845002271586 ], [ -70.879403035004032, -53.114876365556512 ], [ -70.879315217658856, -53.11493956665948 ], [ -70.879134562490549, -53.115069580031175 ], [ -70.878912347049322, -53.115229502356478 ], [ -70.877126555176417, -53.116514624887223 ], [ -70.876779728490703, -53.116764202369041 ], [ -70.876091601734089, -53.117312702740904 ], [ -70.871143035287417, -53.121483821280975 ], [ -70.869273310482313, -53.123059528780722 ], [ -70.869222722467697, -53.123230447699619 ], [ -70.869126879400213, -53.12355426963078 ], [ -70.869761857775941, -53.12467222732554 ] ] ] } },
{ "type": "Feature", "properties": { "zona": "53" }, "geometry": { "type": "Polygon", "coordinates": [ [ [ -70.879908918079082, -53.114437234097316 ], [ -70.879527327237824, -53.114769513964369 ], [ -70.879491047305493, -53.114803444926316 ], [ -70.879498848936905, -53.114807409963191 ], [ -70.879533154027925, -53.114828446643912 ], [ -70.879622403536771, -53.114883177379888 ], [ -70.881451485822097, -53.116004787404648 ], [ -70.881772984884563, -53.116169412332916 ], [ -70.882119385552926, -53.116346785197607 ], [ -70.883772514327603, -53.1172128845038 ], [ -70.883773765859715, -53.117213540457691 ], [ -70.885261138834153, -53.11799274837378 ], [ -70.885280599186871, -53.118002943173074 ], [ -70.885796875941367, -53.118272691428501 ], [ -70.885830690995022, -53.118290359215052 ], [ -70.886182514584007, -53.118474178313186 ], [ -70.887495535890167, -53.119160178673297 ], [ -70.888082334063455, -53.119466746346205 ], [ -70.889018664348271, -53.11995590765364 ], [ -70.889099852497964, -53.11999832207924 ], [ -70.889303380612915, -53.120104647049949 ], [ -70.889379642795276, -53.120144113931012 ], [ -70.8894322097659, -53.120171318734883 ], [ -70.889433469351488, -53.120171970406922 ], [ -70.890986296443586, -53.120975555673404 ], [ -70.891026901900062, -53.120997070236363 ], [ -70.891029547803839, -53.120998472381203 ], [ -70.892452550579037, -53.12175242337112 ], [ -70.893115339956026, -53.122103574938279 ], [ -70.893219497298176, -53.122158756930446 ], [ -70.893624867174339, -53.122373520313715 ], [ -70.893765444690487, -53.122452808230292 ], [ -70.8958570291786, -53.123632437840762 ], [ -70.895992604196564, -53.123708897425537 ], [ -70.896103862515488, -53.123771641743325 ], [ -70.896138424751243, -53.123793696968619 ], [ -70.896151552511895, -53.123802073628092 ], [ -70.896222000246084, -53.12377600022667 ], [ -70.896626319149021, -53.123560529262868 ], [ -70.896833795324071, -53.123449958307347 ], [ -70.89684595838645, -53.123443475764269 ], [ -70.897787551233336, -53.12293842529116 ], [ -70.89855788403662, -53.122525220086011 ], [ -70.899248543702612, -53.122152821300098 ], [ -70.90047393305629, -53.121492075837594 ], [ -70.900426190193656, -53.121466461064593 ], [ -70.900353924570183, -53.121427688059676 ], [ -70.897312520151218, -53.119795790852748 ], [ -70.895018582974586, -53.117420102490847 ], [ -70.89378137269064, -53.116906917233081 ], [ -70.886717539819784, -53.113976421107836 ], [ -70.881869839572303, -53.114297879031263 ], [ -70.880829316819302, -53.114366851288928 ], [ -70.88035467659904, -53.114398309955625 ], [ -70.880168621702623, -53.11441064125637 ], [ -70.880038132545891, -53.11441928958088 ], [ -70.879908918079082, -53.114437234097316 ] ] ] } },
{ "type": "Feature", "properties": { "zona": "54" }, "geometry": { "type": "Polygon", "coordinates": [ [ [ -70.944326174723614, -53.181426937189421 ], [ -70.944070527504209, -53.181520165053477 ], [ -70.943908961177002, -53.181579084045701 ], [ -70.943821834816049, -53.181610856232403 ], [ -70.943591526776146, -53.18169547584246 ], [ -70.943445757484525, -53.181749145254535 ], [ -70.943217999941211, -53.181833000171402 ], [ -70.943199753343279, -53.181839420414988 ], [ -70.943164445587016, -53.181852393081094 ], [ -70.94254082949692, -53.182082129457179 ], [ -70.942499497465704, -53.18209734770339 ], [ -70.942492522777556, -53.182099925370046 ], [ -70.942422000426888, -53.182126000298638 ], [ -70.942377266393535, -53.18214241939134 ], [ -70.942350750456526, -53.182152152013437 ], [ -70.942153593104166, -53.182224779870658 ], [ -70.942131631888586, -53.182232869630987 ], [ -70.941996470915726, -53.182282662343773 ], [ -70.941967064005468, -53.18229349535239 ], [ -70.941901198631854, -53.182317758847674 ], [ -70.941798870025721, -53.182355454407073 ], [ -70.941783466807152, -53.182361128572836 ], [ -70.941598973872246, -53.182429090775166 ], [ -70.941535523784893, -53.182452464069385 ], [ -70.941382424661882, -53.182508862033295 ], [ -70.941380586098617, -53.182509539627993 ], [ -70.941354575158812, -53.182519121049701 ], [ -70.941253047745363, -53.182556520552197 ], [ -70.941179833609539, -53.182583490618974 ], [ -70.941099733851203, -53.182612996290892 ], [ -70.940965062517051, -53.182662604872114 ], [ -70.940951029070931, -53.182667774252522 ], [ -70.940896780307, -53.182687757765073 ], [ -70.940782208499925, -53.182729961500868 ], [ -70.94073380257737, -53.182747792913787 ], [ -70.940710185337736, -53.182756492470226 ], [ -70.940685286566435, -53.182765663728901 ], [ -70.940677383135821, -53.182768574813736 ], [ -70.940669119670801, -53.18277161933807 ], [ -70.94065882839196, -53.182775410549219 ], [ -70.940641424948907, -53.182781821405428 ], [ -70.940607306989747, -53.182794388661208 ], [ -70.940605455952351, -53.182795071215843 ], [ -70.940611863831776, -53.182801164887692 ], [ -70.940613140091955, -53.182802379662476 ], [ -70.946993004693283, -53.188868996054168 ], [ -70.946995764071687, -53.188871621408182 ], [ -70.947327175875813, -53.189186844054291 ], [ -70.947432369047831, -53.189286897470986 ], [ -70.947444161506709, -53.189298113617575 ], [ -70.947541024301032, -53.189390245043498 ], [ -70.947541873662146, -53.189391052090265 ], [ -70.947958041341479, -53.189786891263772 ], [ -70.948141792621257, -53.189961665843825 ], [ -70.948290354929682, -53.190102971087462 ], [ -70.948380741205469, -53.190188941441463 ], [ -70.948522907728844, -53.19032416076125 ], [ -70.948536795136292, -53.190337369580355 ], [ -70.948536841832123, -53.190337414349166 ], [ -70.953083705657463, -53.188873354023976 ], [ -70.956838897346927, -53.187750924470741 ], [ -70.956770677497957, -53.18763084414136 ], [ -70.956717350329669, -53.187536976345356 ], [ -70.956622599544573, -53.187370192752198 ], [ -70.956571790645498, -53.187280757991822 ], [ -70.956546600190507, -53.187236416690652 ], [ -70.956483675678811, -53.187108423846304 ], [ -70.956451961641434, -53.18704391420404 ], [ -70.956359062181917, -53.186854944797076 ], [ -70.956330888548138, -53.186793346765597 ], [ -70.956302867515817, -53.186732084946961 ], [ -70.95617638514878, -53.186455548806471 ], [ -70.956173664105975, -53.186450271310441 ], [ -70.956134306696455, -53.186373927242855 ], [ -70.956007688546379, -53.186128318998087 ], [ -70.955976964272949, -53.186068720197383 ], [ -70.95590937256064, -53.185937606997662 ], [ -70.955825231801199, -53.185774389361839 ], [ -70.955787952037412, -53.185702072904704 ], [ -70.955695325095476, -53.185522395464325 ], [ -70.955690625650703, -53.185513481283422 ], [ -70.955597716243574, -53.185337238514919 ], [ -70.955590404930575, -53.185323368069739 ], [ -70.9555568346195, -53.185259688272474 ], [ -70.955466226584647, -53.185008597620104 ], [ -70.955423623982753, -53.184890534350302 ], [ -70.955374967407195, -53.184670067601289 ], [ -70.955346990140896, -53.184543296539161 ], [ -70.955330031363729, -53.184201894767206 ], [ -70.955320217544639, -53.184149192088341 ], [ -70.955267946075523, -53.18386848016911 ], [ -70.955215350562099, -53.183804334096791 ], [ -70.955070592637895, -53.183653690997104 ], [ -70.954899467943491, -53.183475607159998 ], [ -70.954272159878229, -53.182822774678108 ], [ -70.953689813835894, -53.182216713610465 ], [ -70.953586993338945, -53.182110003340767 ], [ -70.953097780016904, -53.181602270629533 ], [ -70.952835999515997, -53.181329533955243 ], [ -70.952642353060426, -53.181127779499889 ], [ -70.952144718742446, -53.180609300472781 ], [ -70.95163636354313, -53.180079637171566 ], [ -70.951333749006153, -53.179764331922378 ], [ -70.951283965224505, -53.179717891008004 ], [ -70.950700335952803, -53.179173442380907 ], [ -70.950008388168328, -53.179408968417789 ], [ -70.949414097319675, -53.179577231392116 ], [ -70.949399522468255, -53.179580543724612 ], [ -70.949238531744498, -53.179638727444441 ], [ -70.948900302960865, -53.179762563947328 ], [ -70.947936053857106, -53.180115595755034 ], [ -70.947882820172197, -53.180132859827282 ], [ -70.947855000067193, -53.180142999886456 ], [ -70.947788388936843, -53.180167511010879 ], [ -70.947744702309677, -53.180183586342586 ], [ -70.947655577644454, -53.180216380735992 ], [ -70.94762400009904, -53.180228000220872 ], [ -70.947249687285591, -53.180364582650952 ], [ -70.947167792161352, -53.180394464705913 ], [ -70.947042999812453, -53.18043999981041 ], [ -70.946852000624361, -53.1805099998084 ], [ -70.946568000405264, -53.180616000138642 ], [ -70.946480685077177, -53.180648975877034 ], [ -70.946380000276278, -53.180687000257421 ], [ -70.946346999520088, -53.180698999993545 ], [ -70.94611732940939, -53.180782966043068 ], [ -70.946032377693157, -53.180814024118952 ], [ -70.945789000617509, -53.180902999726896 ], [ -70.945593012890839, -53.180973104780172 ], [ -70.945331163940764, -53.181066767056791 ], [ -70.944837071279906, -53.181243499578713 ], [ -70.944538893496315, -53.181350153356171 ], [ -70.944488999393201, -53.181368000281473 ], [ -70.944457042247606, -53.181379212901334 ], [ -70.944326174723614, -53.181426937189421 ] ] ] } },
{ "type": "Feature", "properties": { "zona": "55" }, "geometry": { "type": "Polygon", "coordinates": [ [ [ -70.935861015767458, -53.196960688448669 ], [ -70.93586162440873, -53.196948128996389 ], [ -70.935874277812218, -53.1966884663873 ], [ -70.93588389127207, -53.196491343876481 ], [ -70.935893638337973, -53.196291481391739 ], [ -70.935897796268804, -53.196206210900705 ], [ -70.935902717871855, -53.196105289092145 ], [ -70.93590273944605, -53.196082070570824 ], [ -70.935870550667488, -53.195847558483038 ], [ -70.935854370031521, -53.195729664401185 ], [ -70.935847884227783, -53.195682415989111 ], [ -70.935834747610713, -53.195586704526036 ], [ -70.935813050742937, -53.195428627847853 ], [ -70.935797408976285, -53.195380265113968 ], [ -70.93578929673167, -53.195355182784319 ], [ -70.935759285242796, -53.195283722431505 ], [ -70.935719043714116, -53.195187906179974 ], [ -70.935652987108114, -53.195030619407873 ], [ -70.935646620566843, -53.195015461208627 ], [ -70.935577837659153, -53.194851682714784 ], [ -70.935561469946947, -53.194812710758598 ], [ -70.935530444617783, -53.194738836374967 ], [ -70.93552358191144, -53.194728015051531 ], [ -70.935481920408478, -53.194662328389327 ], [ -70.935339050636983, -53.194437060681501 ], [ -70.935338438287147, -53.194436235557333 ], [ -70.935310973736989, -53.19440111498465 ], [ -70.935298154640122, -53.194384722484216 ], [ -70.935105605143463, -53.194138492967674 ], [ -70.935035237618223, -53.19405943744642 ], [ -70.934996553842282, -53.194015976857955 ], [ -70.934924043707952, -53.193934513704654 ], [ -70.934712413743483, -53.193721958394228 ], [ -70.934651461057157, -53.193660739578313 ], [ -70.934471667733277, -53.193480158894218 ], [ -70.93441621920762, -53.193426475615404 ], [ -70.934414191391056, -53.193424512749317 ], [ -70.934312120797486, -53.193325689490145 ], [ -70.934088792627307, -53.193109466858182 ], [ -70.93403784057972, -53.193060187469307 ], [ -70.934013129560967, -53.193036287260739 ], [ -70.933786910063176, -53.192817493207272 ], [ -70.933619917358612, -53.192655979336926 ], [ -70.933609053481945, -53.192645471786705 ], [ -70.933456403968464, -53.192497829744951 ], [ -70.933377216849536, -53.192419311819627 ], [ -70.933359382554826, -53.192401626789575 ], [ -70.933336645222766, -53.192379082062871 ], [ -70.933241211060363, -53.192284453511597 ], [ -70.933228185216393, -53.192271536768054 ], [ -70.933101827536518, -53.192127024883511 ], [ -70.933073729678327, -53.192094890193033 ], [ -70.933041473962561, -53.19206272398462 ], [ -70.932955833913297, -53.191977321231107 ], [ -70.932925789727008, -53.191947360745559 ], [ -70.932719736254313, -53.191741877402229 ], [ -70.932609944850071, -53.191632387905869 ], [ -70.932435529182357, -53.191458452827057 ], [ -70.932377140565308, -53.191400224173961 ], [ -70.932200916432208, -53.191224482641054 ], [ -70.932198289243317, -53.191225352623484 ], [ -70.932137874406024, -53.191245361662936 ], [ -70.93206636310687, -53.191269045486152 ], [ -70.932016508071385, -53.191285556502372 ], [ -70.931957297632451, -53.19130516675898 ], [ -70.931647366475403, -53.191407811918047 ], [ -70.930426038220986, -53.191812288080975 ], [ -70.929831678000355, -53.192000833639817 ], [ -70.930165251891879, -53.193804187367945 ], [ -70.933467317736799, -53.199105676287736 ], [ -70.933925006814562, -53.200549364255032 ], [ -70.933691777521432, -53.20175522969906 ], [ -70.934484862345101, -53.203424584969994 ], [ -70.934912301598402, -53.203668740008361 ], [ -70.935434205003403, -53.203416216186028 ], [ -70.935693757712855, -53.203224054370928 ], [ -70.935759476536376, -53.203175398356073 ], [ -70.9358245703866, -53.203124308357026 ], [ -70.935892734028371, -53.203074275819674 ], [ -70.936165307107075, -53.202906422050553 ], [ -70.936446252956372, -53.202827956118249 ], [ -70.937041359774142, -53.202738798187639 ], [ -70.937758814780224, -53.202642791082795 ], [ -70.937828540186587, -53.202628989877944 ], [ -70.93774835593365, -53.202501664894001 ], [ -70.93772486863601, -53.202463281413365 ], [ -70.9377045919057, -53.202430924809292 ], [ -70.937688884654222, -53.202405859479356 ], [ -70.937558987018122, -53.202198572176492 ], [ -70.937430014448537, -53.201992760979529 ], [ -70.937346190854527, -53.201858994746942 ], [ -70.937229600832666, -53.201672937531164 ], [ -70.937067560258484, -53.201414348790642 ], [ -70.936958428096915, -53.201240190671484 ], [ -70.936587989393104, -53.200649014705839 ], [ -70.93650903911832, -53.200523018160283 ], [ -70.936398667477718, -53.200332956200022 ], [ -70.93633728821743, -53.200227259015364 ], [ -70.936111053457225, -53.199694963110474 ], [ -70.936094754684987, -53.199649201112855 ], [ -70.935993283606919, -53.199364287183215 ], [ -70.935956080208982, -53.199259827650394 ], [ -70.935901828500306, -53.199037580270812 ], [ -70.935877051615932, -53.198894779908272 ], [ -70.935860810456134, -53.198801170830023 ], [ -70.935836590319738, -53.198401681421508 ], [ -70.935836413275283, -53.198384007258305 ], [ -70.935836409988326, -53.198383694101672 ], [ -70.935834542263621, -53.198197401292084 ], [ -70.935837581823961, -53.198014715121843 ], [ -70.935837646213798, -53.198008280122302 ], [ -70.935838306042271, -53.197942544460105 ], [ -70.935836687228232, -53.197907785309781 ], [ -70.935837632093936, -53.197891060721716 ], [ -70.935840547634683, -53.197839400063366 ], [ -70.935858986193423, -53.197047477230008 ], [ -70.935860998236066, -53.196960999994552 ], [ -70.935861015767458, -53.196960688448669 ] ] ] } },
{ "type": "Feature", "properties": { "zona": "56" }, "geometry": { "type": "Polygon", "coordinates": [ [ [ -70.948203745173245, -53.170480274751533 ], [ -70.948577924818494, -53.17043542039513 ], [ -70.948712386768648, -53.170419301370003 ], [ -70.94879013300492, -53.17040845561845 ], [ -70.949329731912073, -53.170325116156761 ], [ -70.949529776856608, -53.170294218550183 ], [ -70.949894467836259, -53.170236923574095 ], [ -70.949956146985542, -53.17022777967447 ], [ -70.950187729505771, -53.170192938178708 ], [ -70.95029273285931, -53.170175805237939 ], [ -70.95029638186864, -53.170175209853241 ], [ -70.950450002090165, -53.170150143952661 ], [ -70.95079447099819, -53.170098905198294 ], [ -70.950974683836336, -53.170068979723716 ], [ -70.950985525877741, -53.17006717913825 ], [ -70.951411680492456, -53.170002975738463 ], [ -70.951653110078766, -53.169965204869442 ], [ -70.951931134651574, -53.169921707635453 ], [ -70.951991918569973, -53.169913617975638 ], [ -70.951998408732678, -53.169912754028168 ], [ -70.952323827865655, -53.169868035489991 ], [ -70.952562416365893, -53.169835247654198 ], [ -70.95257771748804, -53.169833451154126 ], [ -70.952798352700569, -53.169807548694976 ], [ -70.953052496148814, -53.16977771261805 ], [ -70.953361694364688, -53.169743257267939 ], [ -70.953362545471251, -53.169743169286384 ], [ -70.953362991423035, -53.169743123291028 ], [ -70.953370609515133, -53.169742330931719 ], [ -70.95339665110977, -53.169739634116588 ], [ -70.95340301319311, -53.169738969033276 ], [ -70.953403834370562, -53.169738880932606 ], [ -70.953492088562072, -53.169729703019904 ], [ -70.953585686607454, -53.169719401616852 ], [ -70.953643211981571, -53.169714605044682 ], [ -70.953662850453071, -53.169712373071 ], [ -70.95366692553435, -53.169711909921404 ], [ -70.95432714459335, -53.169636877061279 ], [ -70.954464223244528, -53.169621913766214 ], [ -70.954502582565738, -53.169617510985688 ], [ -70.955668460303684, -53.169483691823665 ], [ -70.956023823727961, -53.169442900586162 ], [ -70.957282127386861, -53.169329786582779 ], [ -70.957751508181502, -53.169287430007564 ], [ -70.958028062818798, -53.169252798499095 ], [ -70.958222040719349, -53.169184267112882 ], [ -70.958347629761164, -53.169139896678729 ], [ -70.959016397930753, -53.169051611919279 ], [ -70.959731284883119, -53.168957235070913 ], [ -70.959835836781849, -53.16892380473962 ], [ -70.963164800350455, -53.168530268382277 ], [ -70.964961592647413, -53.16831781705325 ], [ -70.967154594142727, -53.168058477626822 ], [ -70.967171266699935, -53.166073793429021 ], [ -70.957290278678769, -53.167405837340837 ], [ -70.95742125514704, -53.167781578199538 ], [ -70.954654218488898, -53.168144458999635 ], [ -70.954223807852586, -53.168172658490299 ], [ -70.953906471632422, -53.168261825789877 ], [ -70.953611482741522, -53.168366032066345 ], [ -70.953317833799815, -53.16845600287666 ], [ -70.952886076415538, -53.168498432100037 ], [ -70.952395701887113, -53.16838535119804 ], [ -70.952063034015069, -53.168216943661434 ], [ -70.951875131223517, -53.168172467099261 ], [ -70.951050664807852, -53.16813726029801 ], [ -70.950789289128849, -53.168388977971105 ], [ -70.950546214085321, -53.168467573702451 ], [ -70.950178709775784, -53.168458629802799 ], [ -70.94991631647666, -53.168427083015267 ], [ -70.949615329961674, -53.168447773280889 ], [ -70.949218311674485, -53.168562774203437 ], [ -70.948945695452309, -53.168660591392197 ], [ -70.948780132575521, -53.168694223273576 ], [ -70.948587989206231, -53.16863174544514 ], [ -70.9479123519274, -53.168593256236903 ], [ -70.947634737883348, -53.1684921650143 ], [ -70.947365215437642, -53.16834731672202 ], [ -70.946793977768664, -53.168146963732177 ], [ -70.946435981499235, -53.168100250624697 ], [ -70.945952870684295, -53.168099253230224 ], [ -70.945615247944886, -53.168235307749484 ], [ -70.9443711954858, -53.16871997531851 ], [ -70.944329836895292, -53.168780446886828 ], [ -70.944257118875967, -53.168837468772061 ], [ -70.944187761698146, -53.168858903800754 ], [ -70.944062907081545, -53.168880827184047 ], [ -70.943922569971832, -53.168857000093816 ], [ -70.943799869400877, -53.168898036595237 ], [ -70.943665550787244, -53.168936296487168 ], [ -70.943533972700607, -53.169029391076599 ], [ -70.943413202554325, -53.169091914080774 ], [ -70.943275244633412, -53.169084827998873 ], [ -70.943182646380848, -53.169100710131126 ], [ -70.942999293249187, -53.169196798410248 ], [ -70.942929536910896, -53.169306281713631 ], [ -70.942910296736073, -53.169384167990223 ], [ -70.942879659759356, -53.16945690503389 ], [ -70.942743009263253, -53.169561725931366 ], [ -70.942667511399918, -53.169690054951815 ], [ -70.942585459877861, -53.169803879039051 ], [ -70.94240672331722, -53.169892983315641 ], [ -70.94226315852751, -53.169945206618209 ], [ -70.942106627198001, -53.170008888406194 ], [ -70.94200640391638, -53.170105431463 ], [ -70.941889352791634, -53.170170459207064 ], [ -70.941659320190197, -53.170252437198236 ], [ -70.942204039090996, -53.170813547303972 ], [ -70.942298011740291, -53.170910346670148 ], [ -70.942806805144428, -53.171484637917423 ], [ -70.942981731081545, -53.171682077756309 ], [ -70.943009176906884, -53.171713056366997 ], [ -70.943032616549004, -53.171660436932463 ], [ -70.943061049971476, -53.171648654811364 ], [ -70.943879465773946, -53.171309519493242 ], [ -70.944515799117013, -53.171064176583961 ], [ -70.944680836342073, -53.171001056026029 ], [ -70.944979100769828, -53.170886980937127 ], [ -70.945156864665591, -53.170818991712032 ], [ -70.945783709430685, -53.170573318700306 ], [ -70.946014133921295, -53.170524052067201 ], [ -70.946591764646925, -53.170472338949985 ], [ -70.947121478247851, -53.170424702257044 ], [ -70.947271966106243, -53.170466959544491 ], [ -70.947431580838355, -53.170522677282243 ], [ -70.947467142133675, -53.170525589211302 ], [ -70.94765562254527, -53.170541021545695 ], [ -70.947675184843504, -53.170543633838662 ], [ -70.947728233662076, -53.170537275278321 ], [ -70.947834311687373, -53.170524559218087 ], [ -70.94794464892459, -53.170511333308923 ], [ -70.948203745173245, -53.170480274751533 ] ] ] } },
{ "type": "Feature", "properties": { "zona": "57" }, "geometry": { "type": "Polygon", "coordinates": [ [ [ -70.912067210105917, -53.127510383030433 ], [ -70.911989164727643, -53.127463336984249 ], [ -70.911965131273661, -53.127449710547637 ], [ -70.911957238783145, -53.127454466793658 ], [ -70.911421917978316, -53.127777027958473 ], [ -70.911320796314456, -53.127837958758874 ], [ -70.91097528997652, -53.128046141420157 ], [ -70.910586745393644, -53.128280253213944 ], [ -70.910503853257012, -53.128330197979388 ], [ -70.910002547567544, -53.128632244594868 ], [ -70.908906901707766, -53.129292370915621 ], [ -70.908879746152607, -53.129308732302775 ], [ -70.908466650317166, -53.129557614394699 ], [ -70.908433327510267, -53.129577690020511 ], [ -70.907002000279576, -53.130440000152596 ], [ -70.906911651451281, -53.130490256107251 ], [ -70.906927631942651, -53.130500838317019 ], [ -70.906961254730533, -53.130523101646801 ], [ -70.907089709005618, -53.130611848060482 ], [ -70.909177842518702, -53.132054430870546 ], [ -70.909278192673597, -53.132123754835789 ], [ -70.911505311284913, -53.130782344902734 ], [ -70.910259402749062, -53.130005819701779 ], [ -70.911548471781003, -53.129225661247311 ], [ -70.911632755568249, -53.129175572902568 ], [ -70.913139077909648, -53.128280366840933 ], [ -70.913242547230652, -53.12821887293758 ], [ -70.912978518969808, -53.128059721055394 ], [ -70.912461432432039, -53.127748023039132 ], [ -70.912254779764595, -53.127623452514648 ], [ -70.912084331265831, -53.127520704217503 ], [ -70.912067210105917, -53.127510383030433 ] ] ] } },
{ "type": "Feature", "properties": { "zona": "58" }, "geometry": { "type": "Polygon", "coordinates": [ [ [ -70.923518658707138, -53.120446111310187 ], [ -70.923515939225368, -53.120446074717023 ], [ -70.923383611901357, -53.120526851838534 ], [ -70.922875985662372, -53.12083672255897 ], [ -70.922386641032588, -53.121135426885814 ], [ -70.921484962046875, -53.121683362286994 ], [ -70.919107763142918, -53.123127842963491 ], [ -70.915545418477407, -53.125292189832983 ], [ -70.915560172544701, -53.12530099617905 ], [ -70.91584823937778, -53.125472922704425 ], [ -70.916400457023101, -53.125802498063422 ], [ -70.916408000526729, -53.125807000454209 ], [ -70.916828000615268, -53.12605300028315 ], [ -70.916964418006955, -53.126136469947788 ], [ -70.917047000546674, -53.126186999608585 ], [ -70.917204999244149, -53.126285999986244 ], [ -70.918080017957436, -53.126808972903994 ], [ -70.918186964988706, -53.126872347554048 ], [ -70.918208952558103, -53.126885675764633 ], [ -70.919052018001878, -53.127396693379602 ], [ -70.919432213365923, -53.127627139854681 ], [ -70.920183078546472, -53.128082248877334 ], [ -70.920417636285862, -53.128224414687466 ], [ -70.920433633755579, -53.128214804936448 ], [ -70.920965507575517, -53.127895305312236 ], [ -70.921101944321094, -53.127813346479634 ], [ -70.921209129965291, -53.127748958898799 ], [ -70.921288703144043, -53.127701157176077 ], [ -70.922472186249252, -53.126990197555585 ], [ -70.923131038858131, -53.126594386761106 ], [ -70.924244888227307, -53.125925206760023 ], [ -70.924731838063934, -53.125632645224371 ], [ -70.925070000757387, -53.125429473127163 ], [ -70.925088108335487, -53.125418593866733 ], [ -70.925109268529283, -53.12540587979305 ], [ -70.926005425836365, -53.124867442556763 ], [ -70.926051883629569, -53.124839529173478 ], [ -70.92617172097799, -53.124767526143188 ], [ -70.926531690660156, -53.124551237885605 ], [ -70.927052957794274, -53.124238028000484 ], [ -70.927376908651311, -53.124043375376679 ], [ -70.928315688857495, -53.123479272643202 ], [ -70.928408209939661, -53.123423677100199 ], [ -70.92886361996058, -53.123150016286651 ], [ -70.929303373097653, -53.122885759568923 ], [ -70.929454839221705, -53.122794739438852 ], [ -70.929487580719481, -53.122775064609392 ], [ -70.930457362614774, -53.122192278174325 ], [ -70.930624575777472, -53.122092201028032 ], [ -70.930742546938475, -53.122021595988443 ], [ -70.93118487589561, -53.121756857673773 ], [ -70.931710327489853, -53.12133916618734 ], [ -70.931753027806948, -53.121305222759595 ], [ -70.928598867261002, -53.120748812078517 ], [ -70.928486258069583, -53.120734800651093 ], [ -70.926487315275025, -53.120486060104795 ], [ -70.923518658707138, -53.120446111310187 ] ] ] } },
{ "type": "Feature", "properties": { "zona": "59" }, "geometry": { "type": "Polygon", "coordinates": [ [ [ -70.911965131273661, -53.127449710547637 ], [ -70.911989164727643, -53.127463336984249 ], [ -70.912067210105917, -53.127510383030433 ], [ -70.912084331265831, -53.127520704217503 ], [ -70.912254779764595, -53.127623452514648 ], [ -70.912461432432039, -53.127748023039132 ], [ -70.912978518969808, -53.128059721055394 ], [ -70.913242547230652, -53.12821887293758 ], [ -70.913139077909648, -53.128280366840933 ], [ -70.911632755568249, -53.129175572902568 ], [ -70.911548471781003, -53.129225661247311 ], [ -70.91210827562287, -53.1295463703838 ], [ -70.912225208127012, -53.129613839598122 ], [ -70.912343421272439, -53.129682048091929 ], [ -70.912814598866078, -53.1299539119793 ], [ -70.912812164808528, -53.12995536654708 ], [ -70.912855374135873, -53.1299817539402 ], [ -70.912924499135102, -53.130023966017013 ], [ -70.913191848958519, -53.130187286346128 ], [ -70.913296527745345, -53.130251232376658 ], [ -70.913616999250948, -53.130447000000615 ], [ -70.913722743464021, -53.130511394259727 ], [ -70.91387683751104, -53.130605230724996 ], [ -70.914038600938838, -53.130703737557035 ], [ -70.914156374103953, -53.130775456219759 ], [ -70.914286999808397, -53.130855000122942 ], [ -70.91456098129882, -53.131020033905806 ], [ -70.915109742946754, -53.131350575798145 ], [ -70.915164220354924, -53.131383389178133 ], [ -70.915164285396756, -53.13138335003314 ], [ -70.915180825101345, -53.131373426751004 ], [ -70.915246596745234, -53.131333966777248 ], [ -70.915283485797545, -53.131311834862565 ], [ -70.915322390759158, -53.131288493024641 ], [ -70.915325510581013, -53.131286621182525 ], [ -70.915375989086186, -53.1312563356582 ], [ -70.915450682107604, -53.131211522058905 ], [ -70.915477997490171, -53.131195133196755 ], [ -70.9154912046981, -53.131187209346571 ], [ -70.91561254993924, -53.131114406515287 ], [ -70.915639823882287, -53.131098043180742 ], [ -70.915645194298307, -53.131094821048364 ], [ -70.915751515923901, -53.131031030981816 ], [ -70.915789276777033, -53.131008375637819 ], [ -70.915883580472197, -53.13095179546589 ], [ -70.915935160385999, -53.130920849493044 ], [ -70.915943338186921, -53.13091594176084 ], [ -70.916048202912719, -53.130853025240405 ], [ -70.916110727944201, -53.130815511475859 ], [ -70.916453281443737, -53.130609984069018 ], [ -70.916675039284257, -53.130476929551506 ], [ -70.916995310406918, -53.130284766509263 ], [ -70.917193181332635, -53.130166041976686 ], [ -70.917302376944377, -53.13010052317825 ], [ -70.917336605802703, -53.130079985074381 ], [ -70.917954076702955, -53.129709488517015 ], [ -70.918101371015311, -53.12962110691165 ], [ -70.918244928226187, -53.129534967162101 ], [ -70.918620047477589, -53.129309880015363 ], [ -70.918626413381077, -53.129306060439426 ], [ -70.918813256283798, -53.129193945205678 ], [ -70.918816483640057, -53.129192008601073 ], [ -70.919330594498462, -53.128882776450396 ], [ -70.919449390600889, -53.128811320772115 ], [ -70.919636703363352, -53.128698651906539 ], [ -70.920013008837799, -53.128472300508825 ], [ -70.920166095555842, -53.128380216560323 ], [ -70.920260123703869, -53.128323656897706 ], [ -70.920421358628445, -53.128226670799435 ], [ -70.920417636285862, -53.128224414687466 ], [ -70.920183078546472, -53.128082248877334 ], [ -70.919432213365923, -53.127627139854681 ], [ -70.919052018001878, -53.127396693379602 ], [ -70.918208952558103, -53.126885675764633 ], [ -70.918186964988706, -53.126872347554048 ], [ -70.918080017957436, -53.126808972903994 ], [ -70.917204999244149, -53.126285999986244 ], [ -70.917047000546674, -53.126186999608585 ], [ -70.916964418006955, -53.126136469947788 ], [ -70.916828000615268, -53.12605300028315 ], [ -70.916408000526729, -53.125807000454209 ], [ -70.916400457023101, -53.125802498063422 ], [ -70.91584823937778, -53.125472922704425 ], [ -70.915560172544701, -53.12530099617905 ], [ -70.915545418477407, -53.125292189832983 ], [ -70.915278034222766, -53.125453330037473 ], [ -70.914286942835901, -53.126050598883367 ], [ -70.91403221120791, -53.126204105797605 ], [ -70.913428495713248, -53.12656791124386 ], [ -70.911965131273661, -53.127449710547637 ] ] ] } },
{ "type": "Feature", "properties": { "zona": "60" }, "geometry": { "type": "Polygon", "coordinates": [ [ [ -70.901155568055529, -53.133999291705834 ], [ -70.90135304699335, -53.134118227193028 ], [ -70.901442483838224, -53.134172092265949 ], [ -70.901598997844673, -53.134266354831873 ], [ -70.901799636602902, -53.134387191311724 ], [ -70.901980153756099, -53.13449590838384 ], [ -70.902075467039452, -53.134553311126453 ], [ -70.902332172616411, -53.134707910563705 ], [ -70.902438494037639, -53.134771941739125 ], [ -70.902755718692006, -53.134962986980852 ], [ -70.902824161615086, -53.135004205414518 ], [ -70.903174717513735, -53.135215319739942 ], [ -70.903228293239394, -53.135247584031532 ], [ -70.903540886337851, -53.135435832616807 ], [ -70.903549738316698, -53.135441237293101 ], [ -70.903555854996611, -53.135444971671731 ], [ -70.903568427476827, -53.135452649118903 ], [ -70.90359980243376, -53.135471805259698 ], [ -70.903602221109011, -53.135473282033097 ], [ -70.903632875096818, -53.135491998620701 ], [ -70.903638387402935, -53.135495388325069 ], [ -70.903691074669155, -53.135527784603738 ], [ -70.903718909057275, -53.135544899934793 ], [ -70.903823347045915, -53.13560694972513 ], [ -70.903870107852526, -53.13563473203611 ], [ -70.903943797672724, -53.135679290755938 ], [ -70.903954971292009, -53.135685967319873 ], [ -70.904047864133176, -53.13574147866435 ], [ -70.904167362877558, -53.135812749458289 ], [ -70.904269044592695, -53.135873393202978 ], [ -70.904508045435975, -53.136015934310315 ], [ -70.904539347896488, -53.136034603724468 ], [ -70.904668402324901, -53.136091363918759 ], [ -70.904821971837521, -53.136158906874506 ], [ -70.904933101821442, -53.136180506833774 ], [ -70.905267546937523, -53.136245511539123 ], [ -70.905544235773533, -53.136299289335867 ], [ -70.905721975718578, -53.136333834442034 ], [ -70.905728409403096, -53.136335122903994 ], [ -70.905982417986138, -53.13638598927912 ], [ -70.906174324403636, -53.136429128452484 ], [ -70.906303987149627, -53.136473784302645 ], [ -70.906305619380603, -53.136474771560053 ], [ -70.906401070227261, -53.136532483053237 ], [ -70.90645304827548, -53.136563909985121 ], [ -70.906503342967085, -53.136586953440208 ], [ -70.906794627060165, -53.136412697737953 ], [ -70.907293825894442, -53.136114055758902 ], [ -70.90740669275749, -53.136046533764677 ], [ -70.908014235560515, -53.135683064522816 ], [ -70.908324127199478, -53.135497665006199 ], [ -70.908772248946576, -53.135229562519847 ], [ -70.908994743895491, -53.135096445406624 ], [ -70.909513318102881, -53.134786182205517 ], [ -70.909719836499704, -53.134662620687521 ], [ -70.909725855636964, -53.134659019924705 ], [ -70.909955493040016, -53.134521624724613 ], [ -70.910125523103403, -53.13441989180717 ], [ -70.910333768760282, -53.134289596973382 ], [ -70.910534775007989, -53.134163831247797 ], [ -70.910553273301176, -53.134152257786226 ], [ -70.910690739192177, -53.134066246452861 ], [ -70.910699922289382, -53.134060501067758 ], [ -70.910740260809305, -53.134035366765509 ], [ -70.911247914069463, -53.133719058809909 ], [ -70.911305038836218, -53.133683465805994 ], [ -70.91136039722295, -53.13364725699244 ], [ -70.911408744422673, -53.133624281608334 ], [ -70.911431878866054, -53.133609643424855 ], [ -70.911416507681778, -53.133600259445998 ], [ -70.911408955734444, -53.133595648515261 ], [ -70.911336285589343, -53.133545451501 ], [ -70.910268282051504, -53.132807707871088 ], [ -70.910163836023898, -53.132735557778815 ], [ -70.909278192673597, -53.132123754835789 ], [ -70.909177842518702, -53.132054430870546 ], [ -70.907089709005618, -53.130611848060482 ], [ -70.906961254730533, -53.130523101646801 ], [ -70.906927631942651, -53.130500838317019 ], [ -70.906911651451281, -53.130490256107251 ], [ -70.906841999931814, -53.130531000180568 ], [ -70.906754720720031, -53.130593722666127 ], [ -70.906740401293064, -53.130604013610046 ], [ -70.906535816527125, -53.130727131745921 ], [ -70.90628340334213, -53.130879032138239 ], [ -70.906036355859101, -53.131027701152355 ], [ -70.905880645495714, -53.131122516121955 ], [ -70.905810988231195, -53.131164932615384 ], [ -70.905177735375943, -53.131550527045377 ], [ -70.905120143854759, -53.131585594604609 ], [ -70.904362339583969, -53.132047013514672 ], [ -70.904339802358081, -53.132060735370864 ], [ -70.903616480307392, -53.132501143623749 ], [ -70.903547936463141, -53.132542877564298 ], [ -70.90289576336265, -53.132939952568925 ], [ -70.902777562250606, -53.133011917399685 ], [ -70.902200192037782, -53.133363438201492 ], [ -70.902090526701286, -53.133430204750013 ], [ -70.901383247432307, -53.133860804416656 ], [ -70.901294168786251, -53.133915035692105 ], [ -70.901171196858556, -53.133989900238326 ], [ -70.901155568055529, -53.133999291705834 ] ] ] } },
{ "type": "Feature", "properties": { "zona": "61" }, "geometry": { "type": "Polygon", "coordinates": [ [ [ -70.909381445038477, -53.15623672218819 ], [ -70.90947186076194, -53.156329525486392 ], [ -70.909819795697857, -53.156686645408669 ], [ -70.910349433593339, -53.15723025308052 ], [ -70.911109933037878, -53.158010782702938 ], [ -70.911347543818081, -53.157920996065563 ], [ -70.911956313786405, -53.157690955066748 ], [ -70.913212875809421, -53.157216109271772 ], [ -70.914962706934546, -53.156554820141245 ], [ -70.91619038929214, -53.156090832133714 ], [ -70.916614970598502, -53.155930360479829 ], [ -70.916986736467067, -53.15578984858378 ], [ -70.917221157905033, -53.155701246289595 ], [ -70.917296889504129, -53.155672622797958 ], [ -70.917231595982372, -53.155606020850179 ], [ -70.9171504549671, -53.155527082357281 ], [ -70.916977156009125, -53.155358485525014 ], [ -70.9167294832246, -53.155117531101745 ], [ -70.916410487133746, -53.154807182152744 ], [ -70.91639524770369, -53.154792355742885 ], [ -70.916324180676654, -53.154723215206708 ], [ -70.916305837303398, -53.154705368500721 ], [ -70.916142805243311, -53.154547818741094 ], [ -70.916027849460264, -53.154435575760502 ], [ -70.915943538609085, -53.154353253087891 ], [ -70.915906578636452, -53.154317166046681 ], [ -70.915885165499134, -53.154296257868772 ], [ -70.915590189759001, -53.154011987671588 ], [ -70.915531939449423, -53.153955851065597 ], [ -70.915359275941142, -53.153789451326027 ], [ -70.915227838987477, -53.153661830033457 ], [ -70.915176873629164, -53.153612343889378 ], [ -70.914850069956401, -53.153295020402851 ], [ -70.914794946323667, -53.153241494308595 ], [ -70.914593362316637, -53.153045755394331 ], [ -70.914464996351299, -53.152923968912475 ], [ -70.914434270036338, -53.152903130855755 ], [ -70.91435981665461, -53.152852639362358 ], [ -70.914280262570202, -53.152804235850219 ], [ -70.914055553608918, -53.152667512375992 ], [ -70.913831673443809, -53.152531293703738 ], [ -70.913826504608778, -53.152528148413907 ], [ -70.913779479929815, -53.152499535573853 ], [ -70.913658583710486, -53.152425281405471 ], [ -70.91359689795496, -53.152387393885952 ], [ -70.913446672572505, -53.152295123465585 ], [ -70.91339018442541, -53.152260428006642 ], [ -70.913384178405636, -53.152256912988285 ], [ -70.91320171232104, -53.152150118947951 ], [ -70.91315466254359, -53.152122580861977 ], [ -70.913001552539086, -53.152032967860393 ], [ -70.912726041709249, -53.152224597544169 ], [ -70.912464042631015, -53.152419089357778 ], [ -70.912292027069, -53.152541701847625 ], [ -70.912149607529855, -53.152665330714377 ], [ -70.91195543025087, -53.152833592013714 ], [ -70.909381445038477, -53.15623672218819 ] ] ] } },
{ "type": "Feature", "properties": { "zona": "62" }, "geometry": { "type": "Polygon", "coordinates": [ [ [ -70.88849808995424, -53.163788480899477 ], [ -70.888548244757146, -53.163966417455192 ], [ -70.889747649664372, -53.164593389321411 ], [ -70.890301093250869, -53.164769605898712 ], [ -70.890749736116916, -53.164799390798365 ], [ -70.891450204537648, -53.164680786701744 ], [ -70.892260381799716, -53.164408881954344 ], [ -70.893320187201908, -53.164259837261348 ], [ -70.895627919767293, -53.164396634122404 ], [ -70.895891882871979, -53.164035487781575 ], [ -70.895903730119443, -53.164027861724591 ], [ -70.895944775832774, -53.164001442095632 ], [ -70.896334814542513, -53.163750392883294 ], [ -70.896680197571968, -53.163528086394315 ], [ -70.897314612692313, -53.163362366879305 ], [ -70.898346111928802, -53.162975606310646 ], [ -70.898454705979404, -53.162934888156023 ], [ -70.898512325765623, -53.162913283503464 ], [ -70.898671940027, -53.162853434251417 ], [ -70.89870022857788, -53.162842612097279 ], [ -70.898592016417041, -53.162733936324024 ], [ -70.89846905630688, -53.162616630467085 ], [ -70.898430267015385, -53.162579623805954 ], [ -70.898308613813512, -53.162463562868794 ], [ -70.898305835948136, -53.162460912280046 ], [ -70.89781355471851, -53.161991252323574 ], [ -70.897748240569726, -53.161928938600354 ], [ -70.897713297440248, -53.161895601468942 ], [ -70.89765393982924, -53.161838969747585 ], [ -70.897436737671029, -53.161634683280504 ], [ -70.897392519068745, -53.161593093646367 ], [ -70.897318698906105, -53.161523662076895 ], [ -70.897264978212547, -53.161473134787869 ], [ -70.897226523914313, -53.161436966858723 ], [ -70.897187878844605, -53.161400618717259 ], [ -70.897178692364292, -53.161391978954356 ], [ -70.897093183420836, -53.161310120309366 ], [ -70.897032569889888, -53.16125209646345 ], [ -70.897032474026744, -53.161252003198975 ], [ -70.896903732962997, -53.161128756864805 ], [ -70.896877818750653, -53.161103950364549 ], [ -70.896743578220466, -53.160975437816099 ], [ -70.896706302870399, -53.16093975387237 ], [ -70.896705271646312, -53.160938766544753 ], [ -70.896669999880629, -53.160905000338978 ], [ -70.896581188845119, -53.160818856048124 ], [ -70.896554043523992, -53.16079252629833 ], [ -70.896517849373282, -53.160757419341586 ], [ -70.896472669492042, -53.160713595818308 ], [ -70.896412898770464, -53.160655618703665 ], [ -70.896401880167659, -53.160644931201858 ], [ -70.896333167612781, -53.160578281276912 ], [ -70.896329553388085, -53.16057968761281 ], [ -70.896318021342111, -53.160584229162893 ], [ -70.896069518884516, -53.160682100611147 ], [ -70.891804680680593, -53.162361635841712 ], [ -70.88849808995424, -53.163788480899477 ] ] ] } },
{ "type": "Feature", "properties": { "zona": "63" }, "geometry": { "type": "Polygon", "coordinates": [ [ [ -70.929104549631276, -53.159202490817002 ], [ -70.930201615487078, -53.161027529447473 ], [ -70.930707172998268, -53.160875480246858 ], [ -70.93272376107636, -53.160189241616699 ], [ -70.932616728402266, -53.16000126960526 ], [ -70.932471127978829, -53.159745561272437 ], [ -70.932285922776558, -53.159420295356682 ], [ -70.932131004578281, -53.159148217001935 ], [ -70.932045990648632, -53.158998906746383 ], [ -70.93191706813441, -53.158772479316866 ], [ -70.931813134608262, -53.158589939653389 ], [ -70.931716499660695, -53.158420214600234 ], [ -70.93168000207227, -53.158319524377021 ], [ -70.931650225662892, -53.158237374577887 ], [ -70.929104549631276, -53.159202490817002 ] ] ] } },
{ "type": "Feature", "properties": { "zona": "64" }, "geometry": { "type": "Polygon", "coordinates": [ [ [ -70.926494664680632, -53.160195697570721 ], [ -70.9266331888998, -53.160400680925406 ], [ -70.926948459119174, -53.160911263907906 ], [ -70.927050684594576, -53.16107681713401 ], [ -70.927394531767106, -53.161633661296449 ], [ -70.927515531842701, -53.161829612634847 ], [ -70.927790426867915, -53.162274777938109 ], [ -70.928172793091576, -53.162136473879038 ], [ -70.930381106635537, -53.161337667804482 ], [ -70.930201615487078, -53.161027529447473 ], [ -70.929104549631276, -53.159202490817002 ], [ -70.928372435531799, -53.159480031801458 ], [ -70.927694299054139, -53.159737102506696 ], [ -70.926536032434612, -53.160176165745774 ], [ -70.926494664680632, -53.160195697570721 ] ] ] } },
{ "type": "Feature", "properties": { "zona": "65" }, "geometry": { "type": "Polygon", "coordinates": [ [ [ -70.928905724353982, -53.164829137681785 ], [ -70.929216422676873, -53.164704831186114 ], [ -70.929375031425337, -53.164641373316492 ], [ -70.929765480399297, -53.164485156939108 ], [ -70.930273834083039, -53.164281763527093 ], [ -70.930385977074124, -53.164236893913007 ], [ -70.930422029842617, -53.164222469113803 ], [ -70.930550188054497, -53.164331223224586 ], [ -70.930595048586184, -53.164369291172711 ], [ -70.931346093060299, -53.164102113740547 ], [ -70.931716387856468, -53.163970381054192 ], [ -70.932196520195006, -53.163799572103962 ], [ -70.932421932313005, -53.163719378764029 ], [ -70.932547414906011, -53.163674736752853 ], [ -70.934426581089809, -53.163000714974501 ], [ -70.934494769288889, -53.162976860121482 ], [ -70.934485034331402, -53.162967339242115 ], [ -70.934425117880707, -53.162908738438993 ], [ -70.93433598316949, -53.162821561875845 ], [ -70.934264533575003, -53.162751680250658 ], [ -70.934037267145754, -53.162474064648627 ], [ -70.933928764761589, -53.162287146632593 ], [ -70.933676579652683, -53.161852698777786 ], [ -70.933629652702891, -53.161771855795806 ], [ -70.933381832063887, -53.161344914820695 ], [ -70.933323711252527, -53.161242849771121 ], [ -70.932983096899278, -53.160644682883976 ], [ -70.93272376107636, -53.160189241616699 ], [ -70.930707172998268, -53.160875480246858 ], [ -70.930201615487078, -53.161027529447473 ], [ -70.930381106635537, -53.161337667804482 ], [ -70.928172793091576, -53.162136473879038 ], [ -70.927790426867915, -53.162274777938109 ], [ -70.927851400184636, -53.162373517130504 ], [ -70.927993671510649, -53.162603906347677 ], [ -70.928053400351772, -53.162706766858697 ], [ -70.928358184216663, -53.16323163031408 ], [ -70.928456136444325, -53.163400308409756 ], [ -70.928563872457289, -53.163585835462932 ], [ -70.928874705820775, -53.164121095570486 ], [ -70.928951527530003, -53.164253380532891 ], [ -70.928681394411385, -53.164352438311305 ], [ -70.92860398306199, -53.164380825445356 ], [ -70.928488570777432, -53.164423146372862 ], [ -70.928861484354186, -53.164786081589021 ], [ -70.928905724353982, -53.164829137681785 ] ] ] } },
{ "type": "Feature", "properties": { "zona": "66" }, "geometry": { "type": "Polygon", "coordinates": [ [ [ -70.927482744197391, -53.165377755143759 ], [ -70.927465892159304, -53.165361435764943 ], [ -70.927455971797315, -53.165351828785127 ], [ -70.928555044892008, -53.164955573836494 ], [ -70.928905724353982, -53.164829137681785 ], [ -70.928874066165378, -53.164798327109118 ], [ -70.928861484354186, -53.164786081589021 ], [ -70.928488570777432, -53.164423146372862 ], [ -70.928681394411385, -53.164352438311305 ], [ -70.928951527530003, -53.164253380532891 ], [ -70.928874705820775, -53.164121095570486 ], [ -70.928563872457289, -53.163585835462932 ], [ -70.928456136444325, -53.163400308409756 ], [ -70.928358184216663, -53.16323163031408 ], [ -70.928053400351772, -53.162706766858697 ], [ -70.927993671510649, -53.162603906347677 ], [ -70.927851400184636, -53.162373517130504 ], [ -70.927790426867915, -53.162274777938109 ], [ -70.927515531842701, -53.161829612634847 ], [ -70.927394531767106, -53.161633661296449 ], [ -70.927050684594576, -53.16107681713401 ], [ -70.926948459119174, -53.160911263907906 ], [ -70.9266331888998, -53.160400680925406 ], [ -70.926494664680632, -53.160195697570721 ], [ -70.926474809683043, -53.160205071778535 ], [ -70.926450489074625, -53.160216555396588 ], [ -70.926444284113089, -53.160218966848156 ], [ -70.926374798121913, -53.160245977751352 ], [ -70.926289349725579, -53.16027919206563 ], [ -70.926081624747553, -53.160359935559349 ], [ -70.925946779365148, -53.160412350452596 ], [ -70.925923791232577, -53.160421286190193 ], [ -70.924846133530423, -53.160840163601307 ], [ -70.923777370598856, -53.161255566378081 ], [ -70.923740730847769, -53.161269807116653 ], [ -70.923302153875994, -53.161440265965481 ], [ -70.923283359059084, -53.161447571034252 ], [ -70.923264537852702, -53.161454885990146 ], [ -70.923252111624038, -53.161459715207613 ], [ -70.923214773762069, -53.161474226910926 ], [ -70.923142677716413, -53.161502247559476 ], [ -70.922547494766633, -53.161733567292643 ], [ -70.922437599498593, -53.161776277499783 ], [ -70.921913877364474, -53.161979818408319 ], [ -70.920750415238729, -53.162431973914707 ], [ -70.920282813023775, -53.16261369177284 ], [ -70.919784094476015, -53.162806282754445 ], [ -70.919150915140065, -53.163050793056954 ], [ -70.918858656978543, -53.163163650425751 ], [ -70.917292511540182, -53.163768403622072 ], [ -70.917108950189871, -53.163839281003533 ], [ -70.91707170730605, -53.163853661859434 ], [ -70.917191954458872, -53.163967994757215 ], [ -70.917234388928392, -53.164008342396102 ], [ -70.917438978506979, -53.164204169874381 ], [ -70.917487079701644, -53.164250210077633 ], [ -70.917556031340098, -53.164316208571357 ], [ -70.917888392496891, -53.16463432881698 ], [ -70.91789887757254, -53.164644364417576 ], [ -70.917975925493067, -53.164718110521562 ], [ -70.918144705846302, -53.164879655798103 ], [ -70.918472583345874, -53.16519347608368 ], [ -70.918915564643456, -53.165617456713754 ], [ -70.919285297326198, -53.165971321878921 ], [ -70.919740946998829, -53.166407408363 ], [ -70.919983753038323, -53.166639785271364 ], [ -70.9200396095315, -53.166693241926005 ], [ -70.920607405735979, -53.167236636097201 ], [ -70.920643380553869, -53.167271064807913 ], [ -70.92070049280909, -53.167325721933842 ], [ -70.920834421310801, -53.167453892075152 ], [ -70.9209384541996, -53.167553450723233 ], [ -70.921017025912846, -53.167628643960256 ], [ -70.92102876799828, -53.167639881007794 ], [ -70.92103077557158, -53.167641802060331 ], [ -70.921247038724999, -53.167555446816777 ], [ -70.921273069313386, -53.167547344010856 ], [ -70.921480882936521, -53.167467448850751 ], [ -70.922386024510871, -53.16711945423409 ], [ -70.922422173271457, -53.167105555927613 ], [ -70.922588826492216, -53.167041484024097 ], [ -70.922627041248745, -53.167028748558288 ], [ -70.922680610749495, -53.167010896598399 ], [ -70.922728007929351, -53.166994531361482 ], [ -70.923118462626121, -53.166960135794731 ], [ -70.923510469931387, -53.166892549871825 ], [ -70.923538229691019, -53.166887763158492 ], [ -70.92404846054373, -53.166714067104657 ], [ -70.924193961242125, -53.166658102576847 ], [ -70.92459828887506, -53.166502581631363 ], [ -70.924662072627171, -53.166478047889726 ], [ -70.924705650837467, -53.166462665561795 ], [ -70.924769392453911, -53.166440167820589 ], [ -70.924791905522085, -53.166432221685703 ], [ -70.924873606770774, -53.166403383948442 ], [ -70.924887759483056, -53.166398388817079 ], [ -70.925990204488485, -53.165970640372954 ], [ -70.926324176340046, -53.165842649725825 ], [ -70.926506507205502, -53.16577468099868 ], [ -70.927512514925752, -53.165406585398976 ], [ -70.927505773886708, -53.165400056742378 ], [ -70.927482744197391, -53.165377755143759 ] ] ] } },
{ "type": "Feature", "properties": { "zona": "67" }, "geometry": { "type": "Polygon", "coordinates": [ [ [ -70.909315247263507, -53.166823470463136 ], [ -70.909296667494715, -53.16682714654614 ], [ -70.909289199209397, -53.166830667811453 ], [ -70.909513624934348, -53.166913663089204 ], [ -70.909478371601267, -53.166926540334032 ], [ -70.909457177155048, -53.166934281588048 ], [ -70.909387915914223, -53.166959579617597 ], [ -70.909271471316828, -53.167002115699781 ], [ -70.909029491811239, -53.167090505453572 ], [ -70.907999336023835, -53.167466788356805 ], [ -70.908074530712113, -53.167491408774289 ], [ -70.908074953026528, -53.167491548345083 ], [ -70.908143809793657, -53.167514093935843 ], [ -70.90819977145317, -53.167532417624003 ], [ -70.908200269305311, -53.167532581382972 ], [ -70.908237665701009, -53.167544825696794 ], [ -70.908287935098627, -53.16756064520419 ], [ -70.908300602822138, -53.167564630742994 ], [ -70.908371957963951, -53.167587084945374 ], [ -70.908434030327001, -53.167606619082527 ], [ -70.908435331127919, -53.167607028161108 ], [ -70.908478381704029, -53.167620576096269 ], [ -70.908557025364246, -53.16764348964859 ], [ -70.908601216384781, -53.167656365220019 ], [ -70.908578581791033, -53.167686271501616 ], [ -70.910675502185967, -53.168564595967723 ], [ -70.914569548240976, -53.170195483050435 ], [ -70.914781799482569, -53.170284370008083 ], [ -70.914892230088313, -53.170228733878488 ], [ -70.915513386220624, -53.169915785119755 ], [ -70.915577619798, -53.169883422889335 ], [ -70.915692004484768, -53.169825792585897 ], [ -70.915722999273569, -53.169810176500462 ], [ -70.915758424931511, -53.169792328741053 ], [ -70.915728354892806, -53.169774613667535 ], [ -70.915900220545282, -53.169679316299813 ], [ -70.915988364396597, -53.169657605390299 ], [ -70.916085008487897, -53.169595706069792 ], [ -70.916328641318486, -53.169466436796341 ], [ -70.916483092944347, -53.169384484740007 ], [ -70.916755994292856, -53.169249926297482 ], [ -70.916839442453124, -53.169217144572301 ], [ -70.917071873038935, -53.169125836591995 ], [ -70.917457183829768, -53.168983229253016 ], [ -70.917677966310222, -53.168901514369701 ], [ -70.918734871289786, -53.16851021511593 ], [ -70.919116021662759, -53.168369097870297 ], [ -70.919256705389841, -53.168317010250519 ], [ -70.919342605696457, -53.168279476726497 ], [ -70.919420832224517, -53.16824392963219 ], [ -70.919475734166099, -53.168223759853966 ], [ -70.920050485225843, -53.16801260577104 ], [ -70.920764476590691, -53.167750290639383 ], [ -70.920858047694082, -53.167710772075999 ], [ -70.92103077557158, -53.167641802060331 ], [ -70.92102876799828, -53.167639881007794 ], [ -70.921017025912846, -53.167628643960256 ], [ -70.9209384541996, -53.167553450723233 ], [ -70.920834421310801, -53.167453892075152 ], [ -70.920716459713688, -53.167341002629399 ], [ -70.92070049280909, -53.167325721933842 ], [ -70.920643380553869, -53.167271064807913 ], [ -70.920607405735979, -53.167236636097201 ], [ -70.9200396095315, -53.166693241926005 ], [ -70.919983753038323, -53.166639785271364 ], [ -70.919740946998829, -53.166407408363 ], [ -70.919285297326198, -53.165971321878921 ], [ -70.918915564643456, -53.165617456713754 ], [ -70.918472583345874, -53.16519347608368 ], [ -70.918144705846302, -53.164879655798103 ], [ -70.917975925493067, -53.164718110521562 ], [ -70.91789887757254, -53.164644364417576 ], [ -70.917888392496891, -53.16463432881698 ], [ -70.917556031340098, -53.164316208571357 ], [ -70.917487079701644, -53.164250210077633 ], [ -70.917438978506979, -53.164204169874381 ], [ -70.917234388928392, -53.164008342396102 ], [ -70.917191954458872, -53.163967994757215 ], [ -70.91707170730605, -53.163853661859434 ], [ -70.913799798291635, -53.165100295759295 ], [ -70.913799466490957, -53.165099975808261 ], [ -70.913761240906581, -53.165114985766891 ], [ -70.913246546667068, -53.165317086156975 ], [ -70.91010048731475, -53.166552327024341 ], [ -70.909817186790562, -53.166663552120262 ], [ -70.90950597585946, -53.166785733041351 ], [ -70.909426561085041, -53.166801446018191 ], [ -70.90938216222726, -53.166810230480145 ], [ -70.909315247263507, -53.166823470463136 ] ] ] } },
{ "type": "Feature", "properties": { "zona": "68" }, "geometry": { "type": "Polygon", "coordinates": [ [ [ -70.935371892491972, -53.170263834864137 ], [ -70.935225761843881, -53.170174928967484 ], [ -70.935184474830606, -53.170156034059886 ], [ -70.934596297711579, -53.170406966880748 ], [ -70.934539800731045, -53.170430955346809 ], [ -70.933374075180652, -53.170925916026341 ], [ -70.933290389810324, -53.170961447462986 ], [ -70.933290199642443, -53.170961511125519 ], [ -70.933357447495069, -53.171071405591164 ], [ -70.933376350781884, -53.17109903864349 ], [ -70.933383220672241, -53.171107196839444 ], [ -70.933432053185811, -53.171183867060854 ], [ -70.933498209135138, -53.171287735756742 ], [ -70.933526743195245, -53.171315179944052 ], [ -70.933875301295757, -53.171650411342149 ], [ -70.933963580900709, -53.171735314298566 ], [ -70.934016227912991, -53.171782091105605 ], [ -70.934273714604032, -53.172009600100921 ], [ -70.934445228894361, -53.172161143684484 ], [ -70.934698543651407, -53.172384962120169 ], [ -70.935109797971222, -53.172748321733224 ], [ -70.935159854343866, -53.172795304499878 ], [ -70.935340865849014, -53.172965200162722 ], [ -70.935833949859941, -53.173427996489501 ], [ -70.935836714962164, -53.173430591742274 ], [ -70.935975399603493, -53.173560755778361 ], [ -70.936212523378018, -53.173783308593777 ], [ -70.936248797572972, -53.17381735390618 ], [ -70.936654209087692, -53.174197845187237 ], [ -70.936675461493095, -53.174215784255772 ], [ -70.936690779901014, -53.174209447612363 ], [ -70.936875440811946, -53.174136535404521 ], [ -70.937106409625144, -53.174045337333268 ], [ -70.938196321492384, -53.173614974839467 ], [ -70.942857482400072, -53.171773007351682 ], [ -70.943009176906884, -53.171713056366997 ], [ -70.942981731081545, -53.171682077756309 ], [ -70.942806805144428, -53.171484637917423 ], [ -70.942298011740291, -53.170910346670148 ], [ -70.942204039090996, -53.170813547303972 ], [ -70.941659320190197, -53.170252437198236 ], [ -70.941644845842745, -53.170237527028284 ], [ -70.941450414273177, -53.17031122741475 ], [ -70.9413790173802, -53.170339899217467 ], [ -70.941268598189282, -53.170561740608527 ], [ -70.941123279639569, -53.170696779462503 ], [ -70.940989273572129, -53.170855936259592 ], [ -70.94068144207948, -53.170957379836111 ], [ -70.940227579799938, -53.171062084854086 ], [ -70.939945226770192, -53.171057269385742 ], [ -70.939580581402495, -53.17101052026819 ], [ -70.939024607448061, -53.170867963423539 ], [ -70.938743697201701, -53.170807512856342 ], [ -70.938257110452312, -53.170625043685376 ], [ -70.937927982229297, -53.170596109097097 ], [ -70.937303970627141, -53.170642462661959 ], [ -70.937141339892889, -53.170618369757022 ], [ -70.93698050455113, -53.170594543062727 ], [ -70.936630969953214, -53.17054275976227 ], [ -70.936124851695212, -53.170499989846469 ], [ -70.935693128005056, -53.170404443883079 ], [ -70.935663138202074, -53.170411810026785 ], [ -70.935565714684202, -53.170362311760471 ], [ -70.935371892491972, -53.170263834864137 ] ] ] } },
{ "type": "Feature", "properties": { "zona": "69" }, "geometry": { "type": "Polygon", "coordinates": [ [ [ -70.875606036988898, -53.129873641405815 ], [ -70.873812766905687, -53.128781442634342 ], [ -70.873797872028263, -53.128772370619401 ], [ -70.873396569794807, -53.1290107282638 ], [ -70.87339320080973, -53.129026353918306 ], [ -70.873381877109622, -53.129037204632574 ], [ -70.870236770996868, -53.131028495860235 ], [ -70.870228671538356, -53.131034961313077 ], [ -70.870221574388594, -53.13105045737305 ], [ -70.870225657697347, -53.131066341858578 ], [ -70.870238556908035, -53.131078034727587 ], [ -70.870416508841316, -53.131184508193904 ], [ -70.870613475895482, -53.131302358607705 ], [ -70.870663889247353, -53.131332523045685 ], [ -70.870821590910055, -53.131426882169947 ], [ -70.871970381024042, -53.1321142300676 ], [ -70.871994892163997, -53.132121828082177 ], [ -70.872003492926567, -53.132119877808307 ], [ -70.87202370482909, -53.132113832851985 ], [ -70.873104569117046, -53.131429522828356 ], [ -70.873458031693488, -53.13121188483823 ], [ -70.874190701372157, -53.130760757362665 ], [ -70.874429789505925, -53.130605900882522 ], [ -70.875203331114349, -53.13011608820068 ], [ -70.875606036988898, -53.129873641405815 ] ] ] } },
{ "type": "Feature", "properties": { "zona": "70" }, "geometry": { "type": "Polygon", "coordinates": [ [ [ -70.870663889247353, -53.131332523045685 ], [ -70.869145318407277, -53.132305613569791 ], [ -70.868976799644614, -53.132438557925973 ], [ -70.871301750059629, -53.133751512412381 ], [ -70.871052276947466, -53.133911522992285 ], [ -70.865199978272798, -53.137664649665702 ], [ -70.86938172216216, -53.139844851251262 ], [ -70.869493252818032, -53.139750890955625 ], [ -70.869722050580023, -53.13955813533056 ], [ -70.869921950365523, -53.139389724560687 ], [ -70.869991829575795, -53.13933085226904 ], [ -70.870174304865941, -53.139182482880173 ], [ -70.870417963234445, -53.139000536109826 ], [ -70.871080398159464, -53.138505865243303 ], [ -70.872529228194679, -53.1375375149332 ], [ -70.873512315850789, -53.136880414613948 ], [ -70.873490270265776, -53.136792116921093 ], [ -70.873482583695846, -53.136761328353273 ], [ -70.873694708095925, -53.136621122987776 ], [ -70.874819229307874, -53.135877841164401 ], [ -70.877475088049266, -53.134122233224893 ], [ -70.878746575585723, -53.133281665204542 ], [ -70.878883492876071, -53.133352250018213 ], [ -70.878944564762463, -53.133383734761729 ], [ -70.879236413280594, -53.133186042772486 ], [ -70.879481532941071, -53.133020002965722 ], [ -70.879866305265622, -53.132778943238613 ], [ -70.879912633388841, -53.132727976852671 ], [ -70.880048216160077, -53.132578819780356 ], [ -70.880031406497963, -53.132568583846798 ], [ -70.880005551696797, -53.132552841172789 ], [ -70.879994225662273, -53.132545943800899 ], [ -70.879919749625444, -53.132500594039399 ], [ -70.877219590621252, -53.13085631364271 ], [ -70.876434823580922, -53.130378389272572 ], [ -70.875606036988898, -53.129873641405815 ], [ -70.875203331114349, -53.13011608820068 ], [ -70.874429789505925, -53.130605900882522 ], [ -70.874190701372157, -53.130760757362665 ], [ -70.873458031693488, -53.13121188483823 ], [ -70.873104569117046, -53.131429522828356 ], [ -70.87202370482909, -53.132113832851985 ], [ -70.872003492926567, -53.132119877808307 ], [ -70.871994892163997, -53.132121828082177 ], [ -70.871970381024042, -53.1321142300676 ], [ -70.870821590910055, -53.131426882169947 ], [ -70.870663889247353, -53.131332523045685 ] ] ] } },
{ "type": "Feature", "properties": { "zona": "71" }, "geometry": { "type": "Polygon", "coordinates": [ [ [ -70.943247487456361, -53.232466792217757 ], [ -70.942970903636237, -53.232347094086336 ], [ -70.942734552093881, -53.232199282475392 ], [ -70.942611870454314, -53.232122557496659 ], [ -70.94218258532284, -53.231929685691028 ], [ -70.94218193534698, -53.231929393663428 ], [ -70.942022274978001, -53.231893553656036 ], [ -70.941787360652157, -53.231840820055076 ], [ -70.941781880724363, -53.231839589703668 ], [ -70.941538182265262, -53.231774157570165 ], [ -70.941447109775069, -53.231757476523079 ], [ -70.941202872920698, -53.23171274012676 ], [ -70.940838988580211, -53.23165986785903 ], [ -70.940688743430215, -53.231654742925969 ], [ -70.940526188070336, -53.23165395828287 ], [ -70.940393239121448, -53.231675603456502 ], [ -70.940270578639186, -53.231714260013582 ], [ -70.940145669947896, -53.231776640010359 ], [ -70.94004165368824, -53.231827833427424 ], [ -70.939932016878103, -53.231938335657787 ], [ -70.939930954037891, -53.231970560816649 ], [ -70.939928774570333, -53.232036686058137 ], [ -70.939928502919699, -53.232044915758053 ], [ -70.939927784980341, -53.232066714318947 ], [ -70.939978998452858, -53.232154144502751 ], [ -70.940046482455074, -53.232194181102557 ], [ -70.940091499667176, -53.232271031638057 ], [ -70.940148911947475, -53.232369040515451 ], [ -70.940120035923499, -53.232438334440857 ], [ -70.940087302499919, -53.232516881754044 ], [ -70.939920959948225, -53.232639730652338 ], [ -70.939602438660287, -53.232735965251841 ], [ -70.939171368482803, -53.232764098326605 ], [ -70.938539999124686, -53.232771112796136 ], [ -70.93807295261594, -53.232676629770204 ], [ -70.937616420937644, -53.232596784166681 ], [ -70.93601148968088, -53.232503508920345 ], [ -70.944930946152766, -53.239469947992816 ], [ -70.957849868908411, -53.237100971938418 ], [ -70.964900796310857, -53.238054254389539 ], [ -70.966513882350966, -53.237775729712773 ], [ -70.969378347360859, -53.235159534771171 ], [ -70.967430794145201, -53.229264449005122 ], [ -70.965109194086395, -53.230012501994835 ], [ -70.963275874603553, -53.230274013308261 ], [ -70.961525473743976, -53.230328866601681 ], [ -70.959871167822428, -53.230710643541315 ], [ -70.958198300223103, -53.231111061750269 ], [ -70.956593949885189, -53.231115332040233 ], [ -70.955493957437326, -53.231170773517881 ], [ -70.953554916999906, -53.231290500957279 ], [ -70.950894514275248, -53.231614139172834 ], [ -70.949196213621235, -53.231956190360549 ], [ -70.946783647936329, -53.232552360467572 ], [ -70.945442744868885, -53.23276372809493 ], [ -70.944632836558412, -53.232674755126602 ], [ -70.944406316071579, -53.232649869597644 ], [ -70.94432273970763, -53.232640917905897 ], [ -70.944247626009115, -53.232632873457774 ], [ -70.943428530070875, -53.232545141594009 ], [ -70.943247487456361, -53.232466792217757 ] ] ] } },
{ "type": "Feature", "properties": { "zona": "72" }, "geometry": { "type": "Polygon", "coordinates": [ [ [ -70.960076105879395, -53.181399880373306 ], [ -70.960065911854358, -53.181382296121875 ], [ -70.959989430416385, -53.181250369683802 ], [ -70.959848697367875, -53.181007604528219 ], [ -70.959838844884516, -53.180990609364045 ], [ -70.959787829381099, -53.180902608175167 ], [ -70.959634709742488, -53.180638471535872 ], [ -70.959515416075817, -53.180432685923265 ], [ -70.959467845231757, -53.180350624354894 ], [ -70.959396855247633, -53.180228161942338 ], [ -70.959244196185054, -53.179964812169651 ], [ -70.959196218011741, -53.179882045783543 ], [ -70.959100515973432, -53.17971695066678 ], [ -70.959052356746838, -53.179633870416311 ], [ -70.959009545284033, -53.179555365220246 ], [ -70.958993479088733, -53.179525903436371 ], [ -70.958951777736516, -53.179449430227137 ], [ -70.958931015075777, -53.179411356725765 ], [ -70.958808268668704, -53.179186265633618 ], [ -70.958804955132621, -53.179180189053866 ], [ -70.958687942110785, -53.178922091236281 ], [ -70.958486410101344, -53.178945925167213 ], [ -70.958423262501569, -53.178953392875897 ], [ -70.958422013924007, -53.178953533956602 ], [ -70.958143957397127, -53.178986737241743 ], [ -70.958092670785121, -53.178992860921561 ], [ -70.95791316815631, -53.17901429499485 ], [ -70.957586280459111, -53.179053327105201 ], [ -70.957540375723184, -53.179058187891044 ], [ -70.957524165736857, -53.179059903810696 ], [ -70.957375176691684, -53.179075677032088 ], [ -70.957346579862829, -53.179078706238172 ], [ -70.957239746651851, -53.179090011097038 ], [ -70.956788319188092, -53.179137778417392 ], [ -70.956094292547235, -53.179211211621208 ], [ -70.955559649629734, -53.179267778827928 ], [ -70.955306864338283, -53.179295699039656 ], [ -70.954797734102655, -53.179351930438891 ], [ -70.954701047615572, -53.179362608416149 ], [ -70.954595769463054, -53.179374238168336 ], [ -70.952349341356992, -53.179622339070626 ], [ -70.951574680649301, -53.17970788412137 ], [ -70.9514801564913, -53.17971832005658 ], [ -70.951439320515789, -53.179722829298242 ], [ -70.951436826939116, -53.17972310423945 ], [ -70.95142730798355, -53.179724154735922 ], [ -70.951402125881273, -53.179726928141932 ], [ -70.951400961606723, -53.179727063923124 ], [ -70.951391070488611, -53.179728154822001 ], [ -70.951390381983686, -53.179728231235771 ], [ -70.951388279323865, -53.179728457413603 ], [ -70.951385946157458, -53.179728714425721 ], [ -70.951326928193197, -53.179757969315638 ], [ -70.951333749006153, -53.179764331922378 ], [ -70.951375456097978, -53.179807788446894 ], [ -70.95163636354313, -53.180079637171566 ], [ -70.952144718742446, -53.180609300472781 ], [ -70.952642353060426, -53.181127779499889 ], [ -70.952835999515997, -53.181329533955243 ], [ -70.953097780016904, -53.181602270629533 ], [ -70.953586993338945, -53.182110003340767 ], [ -70.953689813835894, -53.182216713610465 ], [ -70.954272159878229, -53.182822774678108 ], [ -70.954899467943491, -53.183475607159998 ], [ -70.955070592637895, -53.183653690997104 ], [ -70.955215350562099, -53.183804334096791 ], [ -70.955267946075523, -53.18386848016911 ], [ -70.955320217544639, -53.184149192088341 ], [ -70.955330031363729, -53.184201894767206 ], [ -70.955346990140896, -53.184543296539161 ], [ -70.955374967407195, -53.184670067601289 ], [ -70.955423623982753, -53.184890534350302 ], [ -70.955466226584647, -53.185008597620104 ], [ -70.9555568346195, -53.185259688272474 ], [ -70.955590404930575, -53.185323368069739 ], [ -70.955597716243574, -53.185337238514919 ], [ -70.955690625650703, -53.185513481283422 ], [ -70.955695325095476, -53.185522395464325 ], [ -70.955787952037412, -53.185702072904704 ], [ -70.955825231801199, -53.185774389361839 ], [ -70.95590937256064, -53.185937606997662 ], [ -70.955976964272949, -53.186068720197383 ], [ -70.956007688546379, -53.186128318998087 ], [ -70.956134306696455, -53.186373927242855 ], [ -70.956173664105975, -53.186450271310441 ], [ -70.95617638514878, -53.186455548806471 ], [ -70.956302867515817, -53.186732084946961 ], [ -70.956330888548138, -53.186793346765597 ], [ -70.956359062181917, -53.186854944797076 ], [ -70.956451961641434, -53.18704391420404 ], [ -70.956483675678811, -53.187108423846304 ], [ -70.956546600190507, -53.187236416690652 ], [ -70.956571790645498, -53.187280757991822 ], [ -70.956622599544573, -53.187370192752198 ], [ -70.956717350329669, -53.187536976345356 ], [ -70.956770677497957, -53.18763084414136 ], [ -70.956838897346927, -53.187750924470741 ], [ -70.956893703388488, -53.187859335068865 ], [ -70.956921560232914, -53.18791443913684 ], [ -70.956961811225383, -53.187994059728041 ], [ -70.957063074570513, -53.188234368420531 ], [ -70.957082284163675, -53.188279952784086 ], [ -70.957084126842645, -53.188284827089134 ], [ -70.957114004358758, -53.188363857560191 ], [ -70.957217583848646, -53.188539664550866 ], [ -70.95722332591302, -53.188549409294041 ], [ -70.957946498300856, -53.188427373811805 ], [ -70.95832783382248, -53.188367025479415 ], [ -70.959198948550693, -53.188222401139889 ], [ -70.959572201666944, -53.18816367863937 ], [ -70.960705604922524, -53.187960357749439 ], [ -70.961109944296211, -53.187891261866156 ], [ -70.962145411688539, -53.187717923899235 ], [ -70.963329349222661, -53.187516294626299 ], [ -70.963752016639461, -53.187454475671181 ], [ -70.964160105010848, -53.187395968352575 ], [ -70.964166780535621, -53.187394926487201 ], [ -70.964158373051774, -53.18738345899213 ], [ -70.963937492640866, -53.187082172369841 ], [ -70.963923708192596, -53.187063371030597 ], [ -70.963900130840472, -53.187031210198768 ], [ -70.96353137999877, -53.186528214351512 ], [ -70.963330158566407, -53.186253731640356 ], [ -70.963189737808932, -53.186062184678484 ], [ -70.963114301425918, -53.185957128571182 ], [ -70.962944737295885, -53.185720984958714 ], [ -70.962926570715197, -53.185695683971545 ], [ -70.962892900315623, -53.185632536451557 ], [ -70.962771961762172, -53.185405714222711 ], [ -70.962769040401795, -53.185400233988652 ], [ -70.96261904506737, -53.185171259539473 ], [ -70.962570579611594, -53.185097273053245 ], [ -70.962570160549404, -53.185096633645031 ], [ -70.962512611251029, -53.185010325370534 ], [ -70.96249075617331, -53.184977548921132 ], [ -70.962441211321561, -53.184903245077336 ], [ -70.962205207765038, -53.184549297499728 ], [ -70.96195117911536, -53.184168310609493 ], [ -70.961850485626471, -53.184017291124412 ], [ -70.961764706019821, -53.183888637731307 ], [ -70.961572634329187, -53.183608522561045 ], [ -70.96156992169206, -53.183604566912713 ], [ -70.961443839035923, -53.183420687275422 ], [ -70.961327045932819, -53.183250354324322 ], [ -70.96124637536839, -53.183132700909262 ], [ -70.96123077951799, -53.183109956167904 ], [ -70.961204248011484, -53.183071261765967 ], [ -70.960798810458044, -53.182480483223664 ], [ -70.960761209909194, -53.182425692348644 ], [ -70.960510028248748, -53.182059678000442 ], [ -70.960284817488684, -53.181731499371651 ], [ -70.960197313164841, -53.181603986998901 ], [ -70.960178740722711, -53.181576923029169 ], [ -70.960076105879395, -53.181399880373306 ] ] ] } },
{ "type": "Feature", "properties": { "zona": "73" }, "geometry": { "type": "Polygon", "coordinates": [ [ [ -70.968841828191287, -53.178346443456135 ], [ -70.969387822350186, -53.178362273869411 ], [ -70.969728622384466, -53.178372152825339 ], [ -70.969687001993208, -53.178198200154895 ], [ -70.968151163750377, -53.171778314743129 ], [ -70.96641745595447, -53.169346246409717 ], [ -70.966980419474169, -53.168362766745609 ], [ -70.967154594142727, -53.168058477626822 ], [ -70.964961592647413, -53.16831781705325 ], [ -70.963164800350455, -53.168530268382277 ], [ -70.959835836781849, -53.16892380473962 ], [ -70.959731284883119, -53.168957235070913 ], [ -70.959016397930753, -53.169051611919279 ], [ -70.958347629761164, -53.169139896678729 ], [ -70.958222040719349, -53.169184267112882 ], [ -70.958028062818798, -53.169252798499095 ], [ -70.957751508181502, -53.169287430007564 ], [ -70.957282127386861, -53.169329786582779 ], [ -70.956023823727961, -53.169442900586162 ], [ -70.955668460303684, -53.169483691823665 ], [ -70.954502582565738, -53.169617510985688 ], [ -70.954464223244528, -53.169621913766214 ], [ -70.954208631108855, -53.169649812702495 ], [ -70.953664239044556, -53.169709234112347 ], [ -70.95366692553435, -53.169711909921404 ], [ -70.953662850453071, -53.169712373071 ], [ -70.953643211981571, -53.169714605044682 ], [ -70.95365292701689, -53.169731768851953 ], [ -70.953813525299964, -53.170015419380768 ], [ -70.953897428360918, -53.170163609581294 ], [ -70.953960040853417, -53.170274196574063 ], [ -70.953993749117743, -53.170333733088199 ], [ -70.954114187617591, -53.17057823400615 ], [ -70.954379854328423, -53.17111755206718 ], [ -70.954429154866446, -53.171217631672036 ], [ -70.954433036713397, -53.171225513333148 ], [ -70.954457935869129, -53.171276058592312 ], [ -70.954691173173572, -53.171651037844249 ], [ -70.954756538486379, -53.171756124580433 ], [ -70.954789472595863, -53.171809074985724 ], [ -70.954824297591998, -53.171866474995376 ], [ -70.954837978029289, -53.171889516282569 ], [ -70.95514727979976, -53.172410343769769 ], [ -70.95516727035394, -53.172444006498075 ], [ -70.955313976486934, -53.172691040997506 ], [ -70.955339534363915, -53.172734072021875 ], [ -70.955341502938282, -53.172737379143662 ], [ -70.955424377638764, -53.172876392786861 ], [ -70.955474305972288, -53.172948030613071 ], [ -70.955989172917796, -53.173686741592569 ], [ -70.956007162946591, -53.173712552343126 ], [ -70.95604982013991, -53.173779674300384 ], [ -70.956051081008184, -53.173781658397502 ], [ -70.956064612941674, -53.173802951146691 ], [ -70.956070813018371, -53.17381270706688 ], [ -70.956074723385981, -53.173818860702639 ], [ -70.956080351165653, -53.173827714706334 ], [ -70.956084582125072, -53.173834374893445 ], [ -70.956093873968797, -53.173854922570136 ], [ -70.956164616407577, -53.174082008051407 ], [ -70.956179479483481, -53.174129719896818 ], [ -70.95618183481146, -53.174137283320867 ], [ -70.956186426323228, -53.174152022010709 ], [ -70.956210327862593, -53.174228743946905 ], [ -70.956228063260085, -53.174285668565531 ], [ -70.956240450478006, -53.174325428772597 ], [ -70.95624624264758, -53.17433503408121 ], [ -70.956251685586025, -53.17434405540299 ], [ -70.956257127034291, -53.174353076673825 ], [ -70.95631874133835, -53.174455213889154 ], [ -70.956396825792467, -53.17458465189884 ], [ -70.956448903156982, -53.174670977271667 ], [ -70.9567330753585, -53.175142037129469 ], [ -70.95692533178817, -53.175460727669595 ], [ -70.957036154734766, -53.175644429679359 ], [ -70.957136615063135, -53.175810957779184 ], [ -70.95715182431347, -53.175836169156987 ], [ -70.957433056732768, -53.176367465185891 ], [ -70.957584380437908, -53.176593888193885 ], [ -70.957636857517144, -53.176672407677209 ], [ -70.957701609288279, -53.176769292985696 ], [ -70.957752942124245, -53.176846103061088 ], [ -70.95778492992666, -53.176906079984882 ], [ -70.958011249568486, -53.177330423870728 ], [ -70.95805896517831, -53.177419887133432 ], [ -70.958213468092893, -53.177709576265663 ], [ -70.958236294368177, -53.177743782727944 ], [ -70.958281992930765, -53.177812264667004 ], [ -70.958285803530401, -53.177817974049169 ], [ -70.95834304524773, -53.17790375520682 ], [ -70.958357805723665, -53.177925875602234 ], [ -70.958408898460618, -53.178034414112027 ], [ -70.958505196840505, -53.178238978908112 ], [ -70.95855176811402, -53.178333397336367 ], [ -70.958571196445362, -53.178372784796686 ], [ -70.958603791645402, -53.178438865733384 ], [ -70.958612492549264, -53.178456503747292 ], [ -70.958616615357755, -53.178464862096988 ], [ -70.958619140885091, -53.178469988073253 ], [ -70.958604115184968, -53.178693483621778 ], [ -70.958602809066392, -53.178712908137854 ], [ -70.958600434745591, -53.178748212043295 ], [ -70.958589033307632, -53.178801803754531 ], [ -70.958586235627948, -53.178814948225728 ], [ -70.958578718199547, -53.178850281570888 ], [ -70.958575258476557, -53.178866545664121 ], [ -70.958460611417422, -53.178931624593162 ], [ -70.958422013924007, -53.178953533956602 ], [ -70.958423262501569, -53.178953392875897 ], [ -70.958687942110785, -53.178922091236281 ], [ -70.958719596253772, -53.178918314619132 ], [ -70.958863983632313, -53.178901086230695 ], [ -70.958930365227232, -53.178890358465168 ], [ -70.959323920897404, -53.178826756812832 ], [ -70.959602650611586, -53.17879557425286 ], [ -70.960013505106843, -53.178749608892623 ], [ -70.96020132845598, -53.178728594620281 ], [ -70.960662662163557, -53.178676979674549 ], [ -70.960922908857853, -53.178647861373356 ], [ -70.961124099356709, -53.178625350274629 ], [ -70.961205080631458, -53.178616289128513 ], [ -70.961355658095357, -53.178604685901412 ], [ -70.961447603954227, -53.178597599890686 ], [ -70.962157161260649, -53.178542918305745 ], [ -70.962405386435947, -53.178523326846886 ], [ -70.962752987365164, -53.178495890771643 ], [ -70.962978302358948, -53.17847810665512 ], [ -70.963213116247019, -53.178459572247839 ], [ -70.963622694013225, -53.178427518411539 ], [ -70.963724464585567, -53.178419554175981 ], [ -70.964338048625407, -53.178371531866709 ], [ -70.964596134627328, -53.178351332213218 ], [ -70.96495317606113, -53.178328817507023 ], [ -70.965036707045854, -53.1783235499908 ], [ -70.965233595604403, -53.178359465308553 ], [ -70.965388417620233, -53.178384962384904 ], [ -70.965475351491136, -53.178391792828222 ], [ -70.965477433783718, -53.178391957014114 ], [ -70.965693577227213, -53.178408956001171 ], [ -70.965790651713476, -53.178416590738649 ], [ -70.965887589665968, -53.178421504140189 ], [ -70.966058888930931, -53.178430187189633 ], [ -70.966278049762693, -53.17837404471959 ], [ -70.966516282005443, -53.17831301640804 ], [ -70.966769778310663, -53.178283529624345 ], [ -70.966935427568259, -53.178264260780502 ], [ -70.967569208287998, -53.178293196145383 ], [ -70.96763133729192, -53.178296032935421 ], [ -70.967892402534687, -53.178307950921621 ], [ -70.968068311588993, -53.178315903094699 ], [ -70.968290305151683, -53.178325937985818 ], [ -70.968452409423179, -53.178333680712299 ], [ -70.968553901148425, -53.178338095018731 ], [ -70.968841828191287, -53.178346443456135 ] ] ] } },
{ "type": "Feature", "properties": { "zona": "74" }, "geometry": { "type": "Polygon", "coordinates": [ [ [ -70.96969144783175, -53.186377109821777 ], [ -70.969723734605481, -53.186372464690919 ], [ -70.969729400078336, -53.186371650061247 ], [ -70.969730646407456, -53.186371471002069 ], [ -70.969904484011096, -53.186346433690808 ], [ -70.970121262626378, -53.186315212013305 ], [ -70.97017901356989, -53.186312502610605 ], [ -70.970313024640248, -53.186306215723967 ], [ -70.970394075712491, -53.186302412817497 ], [ -70.970513147048607, -53.186296825883879 ], [ -70.970557224745846, -53.186294757745777 ], [ -70.970809597082578, -53.186282915822304 ], [ -70.970900628437548, -53.18627864464414 ], [ -70.970993766542733, -53.186263210368395 ], [ -70.971181754066308, -53.186232056837163 ], [ -70.97122477779007, -53.186224927010706 ], [ -70.971278660085588, -53.186215997942625 ], [ -70.971600150913844, -53.186162719985987 ], [ -70.971611596729886, -53.186160822777587 ], [ -70.97165554371837, -53.186153539658584 ], [ -70.971687921754182, -53.186148795441561 ], [ -70.971773512515583, -53.186136254263182 ], [ -70.972009418072048, -53.186101686537732 ], [ -70.972186671587608, -53.186075712727494 ], [ -70.972237141834199, -53.186068317453007 ], [ -70.972364096367798, -53.186049714769901 ], [ -70.972445026684625, -53.186037855482326 ], [ -70.972538733166928, -53.186024124097607 ], [ -70.972629993422601, -53.186010750591429 ], [ -70.972665313993602, -53.186005575009155 ], [ -70.972657132672822, -53.185986553351697 ], [ -70.97265756328197, -53.18598649686728 ], [ -70.970600479420483, -53.181436455237559 ], [ -70.969746728603013, -53.178435795571794 ], [ -70.969733204259271, -53.178388259688276 ], [ -70.969728622384466, -53.178372152825339 ], [ -70.969387822350186, -53.178362273869411 ], [ -70.968841828191287, -53.178346443456135 ], [ -70.968553901148425, -53.178338095018731 ], [ -70.968452409423179, -53.178333680712299 ], [ -70.968290305151683, -53.178325937985818 ], [ -70.968068311588993, -53.178315903094699 ], [ -70.967892402534687, -53.178307950921621 ], [ -70.967569208287998, -53.178293196145383 ], [ -70.966935427568259, -53.178264260780502 ], [ -70.966769778310663, -53.178283529624345 ], [ -70.966516282005443, -53.17831301640804 ], [ -70.966278049762693, -53.17837404471959 ], [ -70.966058888930931, -53.178430187189633 ], [ -70.965790651713476, -53.178416590738649 ], [ -70.965693577227213, -53.178408956001171 ], [ -70.965477433783718, -53.178391957014114 ], [ -70.965475351491136, -53.178391792828222 ], [ -70.965388417620233, -53.178384962384904 ], [ -70.965233595604403, -53.178359465308553 ], [ -70.965036707045854, -53.1783235499908 ], [ -70.96495317606113, -53.178328817507023 ], [ -70.964596134627328, -53.178351332213218 ], [ -70.964338048625407, -53.178371531866709 ], [ -70.963724464585567, -53.178419554175981 ], [ -70.963213116247019, -53.178459572247839 ], [ -70.962978302358948, -53.17847810665512 ], [ -70.962405386435947, -53.178523326846886 ], [ -70.962157161260649, -53.178542918305745 ], [ -70.961355658095357, -53.178604685901412 ], [ -70.961205080631458, -53.178616289128513 ], [ -70.961124099356709, -53.178625350274629 ], [ -70.960013505106843, -53.178749608892623 ], [ -70.959602650611586, -53.17879557425286 ], [ -70.959323920897404, -53.178826756812832 ], [ -70.958863983632313, -53.178901086230695 ], [ -70.95876304554784, -53.178913130672647 ], [ -70.958719596253772, -53.178918314619132 ], [ -70.958687942110785, -53.178922091236281 ], [ -70.958804955132621, -53.179180189053866 ], [ -70.958808268668704, -53.179186265633618 ], [ -70.958931015075777, -53.179411356725765 ], [ -70.958951777736516, -53.179449430227137 ], [ -70.958993479088733, -53.179525903436371 ], [ -70.959052356746838, -53.179633870416311 ], [ -70.959196218011741, -53.179882045783543 ], [ -70.959244196185054, -53.179964812169651 ], [ -70.959515416075817, -53.180432685923265 ], [ -70.959634709742488, -53.180638471535872 ], [ -70.959838844884516, -53.180990609364045 ], [ -70.959989430416385, -53.181250369683802 ], [ -70.960178740722711, -53.181576923029169 ], [ -70.960197313164841, -53.181603986998901 ], [ -70.960284817488684, -53.181731499371651 ], [ -70.960761209909194, -53.182425692348644 ], [ -70.960798810458044, -53.182480483223664 ], [ -70.961204248011484, -53.183071261765967 ], [ -70.96123077951799, -53.183109956167904 ], [ -70.961327045932819, -53.183250354324322 ], [ -70.961443839035923, -53.183420687275422 ], [ -70.96156992169206, -53.183604566912713 ], [ -70.961764706019821, -53.183888637731307 ], [ -70.961850485626471, -53.184017291124412 ], [ -70.96195117911536, -53.184168310609493 ], [ -70.962205207765038, -53.184549297499728 ], [ -70.962441211321561, -53.184903245077336 ], [ -70.96249075617331, -53.184977548921132 ], [ -70.962512611251029, -53.185010325370534 ], [ -70.962570160549404, -53.185096633645031 ], [ -70.962570579611594, -53.185097273053245 ], [ -70.962769040401795, -53.185400233988652 ], [ -70.962771961762172, -53.185405714222711 ], [ -70.962892900315623, -53.185632536451557 ], [ -70.962926570715197, -53.185695683971545 ], [ -70.963114301425918, -53.185957128571182 ], [ -70.963189737808932, -53.186062184678484 ], [ -70.963330158566407, -53.186253731640356 ], [ -70.96353137999877, -53.186528214351512 ], [ -70.963900130840472, -53.187031210198768 ], [ -70.963923708192596, -53.187063371030597 ], [ -70.964166780535621, -53.187394926487201 ], [ -70.964166971642456, -53.187395187542343 ], [ -70.964347627127978, -53.187366689754612 ], [ -70.964467832676021, -53.187347921306191 ], [ -70.965171913096412, -53.187237985311221 ], [ -70.966020764986624, -53.187043051817994 ], [ -70.967708087957988, -53.186712790327945 ], [ -70.968667832727533, -53.186578711156741 ], [ -70.96894997947372, -53.186539605097522 ], [ -70.969112022337612, -53.186517144909281 ], [ -70.969369444766201, -53.186454931831875 ], [ -70.9693879419155, -53.186450461799453 ], [ -70.96969144783175, -53.186377109821777 ] ] ] } },
{ "type": "Feature", "properties": { "zona": "75" }, "geometry": { "type": "Polygon", "coordinates": [ [ [ -70.949047824524243, -53.179708551911006 ], [ -70.949238531744498, -53.179638727444441 ], [ -70.949399522468255, -53.179580543724612 ], [ -70.949414097319675, -53.179577231392116 ], [ -70.950008388168328, -53.179408968417789 ], [ -70.950700335952803, -53.179173442380907 ], [ -70.947785507227678, -53.176354958738536 ], [ -70.947747096417444, -53.176317814645287 ], [ -70.947731493945838, -53.176302726521293 ], [ -70.947722339996105, -53.176293873400503 ], [ -70.947722000208785, -53.176293000053953 ], [ -70.94771732830246, -53.176286771607309 ], [ -70.94771599977058, -53.176285000104635 ], [ -70.94771398581041, -53.176285795054682 ], [ -70.947711973427232, -53.176286589158856 ], [ -70.947516507277541, -53.176363724121259 ], [ -70.946765397681929, -53.176660119751382 ], [ -70.946650434576, -53.17670548462641 ], [ -70.946378979002304, -53.176812601647626 ], [ -70.946268999501953, -53.176855999584987 ], [ -70.944963999863887, -53.17736200028893 ], [ -70.944960748366782, -53.177363721817649 ], [ -70.944901006561437, -53.177395348859989 ], [ -70.944895999276213, -53.177398000030301 ], [ -70.944831999970745, -53.177428999720803 ], [ -70.944739839203152, -53.177464727947651 ], [ -70.943648000647897, -53.177888000286167 ], [ -70.943615991430065, -53.177904004582878 ], [ -70.943563223719039, -53.177924539875569 ], [ -70.94355141512311, -53.177936005818857 ], [ -70.943475999751385, -53.177972000164011 ], [ -70.943135000669344, -53.17810699990914 ], [ -70.94301500045502, -53.178159000068675 ], [ -70.943013273031923, -53.178159771431943 ], [ -70.942903000458116, -53.178208999841829 ], [ -70.942795252622659, -53.178250554741595 ], [ -70.942764621134927, -53.178262368024882 ], [ -70.942685249725159, -53.178292979847527 ], [ -70.942526761596028, -53.178354103181299 ], [ -70.94244647150866, -53.178385068517244 ], [ -70.94230073292232, -53.178441275074952 ], [ -70.942208340254169, -53.178476907129088 ], [ -70.942024000359794, -53.178548000018814 ], [ -70.942330999823483, -53.178833999663176 ], [ -70.942387216825139, -53.178886531747821 ], [ -70.942391999190676, -53.178891000156909 ], [ -70.942601927974437, -53.179086618838191 ], [ -70.94294543497837, -53.179406705698689 ], [ -70.943207657648372, -53.179651047397044 ], [ -70.94327199936663, -53.179711000386838 ], [ -70.943407771140159, -53.179657872758952 ], [ -70.943428865875958, -53.179649618298917 ], [ -70.943755000616846, -53.179521999696171 ], [ -70.943825375089105, -53.179494455432895 ], [ -70.944197000616455, -53.179348999887388 ], [ -70.944246233615843, -53.179333720380598 ], [ -70.944284000548024, -53.179321999799733 ], [ -70.944302571346356, -53.17931684173773 ], [ -70.944356000370632, -53.179302000320327 ], [ -70.944849969699987, -53.17910836330357 ], [ -70.944855999656696, -53.179105999774023 ], [ -70.945031000152355, -53.179264999674245 ], [ -70.945055999916363, -53.179287000439764 ], [ -70.945087999250063, -53.179314000258202 ], [ -70.945017760325754, -53.179342689606486 ], [ -70.944945999737314, -53.179371999899729 ], [ -70.944991415506237, -53.179414864673504 ], [ -70.945173787494454, -53.179586991826397 ], [ -70.945211887118532, -53.179622950409339 ], [ -70.945301999352651, -53.179708000322059 ], [ -70.94550982556008, -53.179904244459188 ], [ -70.945608230724886, -53.179997164527926 ], [ -70.945625000002096, -53.180012999738217 ], [ -70.945943999627033, -53.180317000054103 ], [ -70.945960000619181, -53.180331000029092 ], [ -70.94597502095597, -53.180345284117884 ], [ -70.94603778895582, -53.180404970497122 ], [ -70.946091697554962, -53.180456232835134 ], [ -70.94618342563588, -53.180543457335389 ], [ -70.946343182499788, -53.180695370651542 ], [ -70.946346999520088, -53.180698999993545 ], [ -70.946380000276278, -53.180687000257421 ], [ -70.946480685077177, -53.180648975877034 ], [ -70.946568000405264, -53.180616000138642 ], [ -70.946852000624361, -53.1805099998084 ], [ -70.947042999812453, -53.18043999981041 ], [ -70.947167792161352, -53.180394464705913 ], [ -70.947249687285591, -53.180364582650952 ], [ -70.94762400009904, -53.180228000220872 ], [ -70.947655577644454, -53.180216380735992 ], [ -70.947744702309677, -53.180183586342586 ], [ -70.947788388936843, -53.180167511010879 ], [ -70.947855000067193, -53.180142999886456 ], [ -70.947882820172197, -53.180132859827282 ], [ -70.947936053857106, -53.180115595755034 ], [ -70.948900302960865, -53.179762563947328 ], [ -70.949047824524243, -53.179708551911006 ] ] ] } },
{ "type": "Feature", "properties": { "zona": "76" }, "geometry": { "type": "Polygon", "coordinates": [ [ [ -70.928894344477087, -53.185630644066485 ], [ -70.928858291748753, -53.185578090423732 ], [ -70.928848745398469, -53.185564174986773 ], [ -70.928777017144085, -53.185471765205968 ], [ -70.928373386928243, -53.185010419931139 ], [ -70.928359986877652, -53.184996291571693 ], [ -70.928276389020525, -53.184908148330607 ], [ -70.928184433501087, -53.184821790593368 ], [ -70.927989251687663, -53.184638482668127 ], [ -70.927753662908501, -53.184417223124854 ], [ -70.927702318996907, -53.184369001369078 ], [ -70.927327160180766, -53.184061550655812 ], [ -70.927120010301664, -53.183901843249046 ], [ -70.926820448246033, -53.183670884282797 ], [ -70.926659057969559, -53.183540070680408 ], [ -70.926437493551788, -53.183360482900994 ], [ -70.926429360390202, -53.183353890363144 ], [ -70.926228835048619, -53.183198594708358 ], [ -70.926070255451378, -53.183069727801062 ], [ -70.926048920653372, -53.183052390325741 ], [ -70.925845542563721, -53.182887121827733 ], [ -70.92564232469357, -53.182721979883922 ], [ -70.92542183466567, -53.182542250558868 ], [ -70.92537737137323, -53.182506006247863 ], [ -70.925051588396144, -53.18224072027553 ], [ -70.925047203651644, -53.18223717332318 ], [ -70.925009688286195, -53.182252562213975 ], [ -70.924737488038815, -53.182364218455689 ], [ -70.92469341887498, -53.18238229546278 ], [ -70.924630882485488, -53.182407947256031 ], [ -70.924549026418688, -53.182441524211441 ], [ -70.924328257240958, -53.182532081351191 ], [ -70.924366647664328, -53.182573038553727 ], [ -70.924390371787595, -53.182740457636058 ], [ -70.924429634789988, -53.183057164481227 ], [ -70.924335512718073, -53.183631109780002 ], [ -70.924324051105756, -53.18427333928372 ], [ -70.924541672315669, -53.18500672175243 ], [ -70.925143737756201, -53.18534271063951 ], [ -70.925503512166884, -53.185831051336088 ], [ -70.925883565644995, -53.186105878442397 ], [ -70.926588730089534, -53.186921407408221 ], [ -70.927178549963898, -53.187804383684842 ], [ -70.92748730629377, -53.188308822404288 ], [ -70.928038482692415, -53.18907741719071 ], [ -70.928450815237753, -53.189638950162461 ], [ -70.928602419025779, -53.190024951837884 ], [ -70.929131578539042, -53.190608331581174 ], [ -70.929514004517401, -53.191067682765372 ], [ -70.929831678000355, -53.192000833639817 ], [ -70.930426038220986, -53.191812288080975 ], [ -70.931647366475403, -53.191407811918047 ], [ -70.931912132527302, -53.191320124472483 ], [ -70.931957297632451, -53.19130516675898 ], [ -70.932016508071385, -53.191285556502372 ], [ -70.93206636310687, -53.191269045486152 ], [ -70.932137874406024, -53.191245361662936 ], [ -70.932198289243317, -53.191225352623484 ], [ -70.932200916432208, -53.191224482641054 ], [ -70.932006291724718, -53.191030388524631 ], [ -70.93170161819782, -53.190722855691369 ], [ -70.931695337130634, -53.1907165158024 ], [ -70.931513635840034, -53.190533106030117 ], [ -70.931478510074712, -53.190497650472352 ], [ -70.931447876087347, -53.190466728470405 ], [ -70.931362973843747, -53.190373340960335 ], [ -70.931198404116031, -53.190192324737119 ], [ -70.931111991966816, -53.190097276077694 ], [ -70.931047640029519, -53.190014612313981 ], [ -70.930905428746712, -53.1898319289607 ], [ -70.930879530731374, -53.189798660848155 ], [ -70.930818092920248, -53.189719738031371 ], [ -70.930754179195944, -53.189624173269422 ], [ -70.930626516647607, -53.18943328765058 ], [ -70.930549612294556, -53.189294975863618 ], [ -70.93052926100269, -53.189258373869428 ], [ -70.930528205499868, -53.189256474780173 ], [ -70.930482980117105, -53.189175136090611 ], [ -70.930271860209814, -53.18874454186269 ], [ -70.930159969874865, -53.188473119274619 ], [ -70.930138570140699, -53.188420212870341 ], [ -70.930108339348024, -53.188345476143574 ], [ -70.930094482655278, -53.188314259724116 ], [ -70.929988189801321, -53.188074796250234 ], [ -70.929967304070644, -53.188024559283861 ], [ -70.929880396604034, -53.187815524384888 ], [ -70.929843642356417, -53.187727118700131 ], [ -70.929811738813569, -53.18764978519485 ], [ -70.929699225066202, -53.187377049866043 ], [ -70.929655401277159, -53.187270816781144 ], [ -70.929624514806321, -53.187194182788012 ], [ -70.929607657580888, -53.187150855452082 ], [ -70.929508104939657, -53.186894969520438 ], [ -70.929429998404402, -53.186694210843321 ], [ -70.929385986779323, -53.18658108240701 ], [ -70.929368367858416, -53.186535795815402 ], [ -70.929354706687462, -53.186500681907589 ], [ -70.929343684977965, -53.186472350122258 ], [ -70.929281288024129, -53.186311963968436 ], [ -70.929205415880475, -53.186116941575015 ], [ -70.92913386449321, -53.185992226949267 ], [ -70.928989355934846, -53.185769138801014 ], [ -70.928894344477087, -53.185630644066485 ] ] ] } },
{ "type": "Feature", "properties": { "zona": "77" }, "geometry": { "type": "Polygon", "coordinates": [ [ [ -70.940607306989747, -53.182794388661208 ], [ -70.940641424948907, -53.182781821405428 ], [ -70.940651289553998, -53.182778187448413 ], [ -70.94065882839196, -53.182775410549219 ], [ -70.940669119670801, -53.18277161933807 ], [ -70.940677383135821, -53.182768574813736 ], [ -70.940685286566435, -53.182765663728901 ], [ -70.940710185337736, -53.182756492470226 ], [ -70.94073380257737, -53.182747792913787 ], [ -70.940782208499925, -53.182729961500868 ], [ -70.940822881607986, -53.182714978619721 ], [ -70.940896780307, -53.182687757765073 ], [ -70.940951029070931, -53.182667774252522 ], [ -70.940965062517051, -53.182662604872114 ], [ -70.941099733851203, -53.182612996290892 ], [ -70.941151697018128, -53.182593854935156 ], [ -70.941179833609539, -53.182583490618974 ], [ -70.941253047745363, -53.182556520552197 ], [ -70.941354575158812, -53.182519121049701 ], [ -70.941380586098617, -53.182509539627993 ], [ -70.941382424661882, -53.182508862033295 ], [ -70.941535523784893, -53.182452464069385 ], [ -70.941559326849401, -53.182443696031292 ], [ -70.941598973872246, -53.182429090775166 ], [ -70.941783466807152, -53.182361128572836 ], [ -70.941798870025721, -53.182355454407073 ], [ -70.941901198631854, -53.182317758847674 ], [ -70.941967064005468, -53.18229349535239 ], [ -70.941996470915726, -53.182282662343773 ], [ -70.942153591781064, -53.182224778026402 ], [ -70.942350750456526, -53.182152152013437 ], [ -70.942422000426888, -53.182126000298638 ], [ -70.942492522777556, -53.182099925370046 ], [ -70.942499498873588, -53.18209734865097 ], [ -70.942541000430097, -53.182082000355457 ], [ -70.942932239516821, -53.181937562904508 ], [ -70.943164000555811, -53.181852000090331 ], [ -70.943199753343279, -53.181839420414988 ], [ -70.943217999941211, -53.181833000171402 ], [ -70.943591526776146, -53.18169547584246 ], [ -70.943772044070457, -53.181629013136806 ], [ -70.943908961177002, -53.181579084045701 ], [ -70.944070527504209, -53.181520165053477 ], [ -70.944326174723614, -53.181426937189421 ], [ -70.944457042247606, -53.181379212901334 ], [ -70.944488999393201, -53.181368000281473 ], [ -70.944837071279906, -53.181243499578713 ], [ -70.945331163940764, -53.181066767056791 ], [ -70.945593012890839, -53.180973104780172 ], [ -70.945789000617509, -53.180902999726896 ], [ -70.946032377693157, -53.180814024118952 ], [ -70.94611732940939, -53.180782966043068 ], [ -70.946346999520088, -53.180698999993545 ], [ -70.946343182499788, -53.180695370651542 ], [ -70.94618342563588, -53.180543457335389 ], [ -70.946091697554962, -53.180456232835134 ], [ -70.94603778895582, -53.180404970497122 ], [ -70.94597502095597, -53.180345284117884 ], [ -70.945960000619181, -53.180331000029092 ], [ -70.945943999627033, -53.180317000054103 ], [ -70.945625000002096, -53.180012999738217 ], [ -70.945608230724886, -53.179997164527926 ], [ -70.94550982556008, -53.179904244459188 ], [ -70.945301999352651, -53.179708000322059 ], [ -70.945211887118532, -53.179622950409339 ], [ -70.945173787494454, -53.179586991826397 ], [ -70.944991415506237, -53.179414864673504 ], [ -70.944945999737314, -53.179371999899729 ], [ -70.945017760325754, -53.179342689606486 ], [ -70.945087999250063, -53.179314000258202 ], [ -70.945055999916363, -53.179287000439764 ], [ -70.945031000152355, -53.179264999674245 ], [ -70.944855999656696, -53.179105999774023 ], [ -70.944849969699987, -53.17910836330357 ], [ -70.944356000370632, -53.179302000320327 ], [ -70.944302571346356, -53.17931684173773 ], [ -70.944284000548024, -53.179321999799733 ], [ -70.944246233615843, -53.179333720380598 ], [ -70.944197000616455, -53.179348999887388 ], [ -70.943825375089105, -53.179494455432895 ], [ -70.943755000616846, -53.179521999696171 ], [ -70.943428865875958, -53.179649618298917 ], [ -70.943407771140159, -53.179657872758952 ], [ -70.94327199936663, -53.179711000386838 ], [ -70.943207657648372, -53.179651047397044 ], [ -70.94294543497837, -53.179406705698689 ], [ -70.942601927974437, -53.179086618838191 ], [ -70.942391999190676, -53.178891000156909 ], [ -70.942387216825139, -53.178886531747821 ], [ -70.942330999823483, -53.178833999663176 ], [ -70.942024000359794, -53.178548000018814 ], [ -70.942022497771532, -53.178548578439049 ], [ -70.941969674244348, -53.178568895248738 ], [ -70.941953398052377, -53.178575154926243 ], [ -70.941932999568337, -53.178583000192219 ], [ -70.941879157592751, -53.178607833049043 ], [ -70.941604232594287, -53.178734630160733 ], [ -70.941468999681845, -53.178796999916912 ], [ -70.941392999684496, -53.178831999720067 ], [ -70.941360999479684, -53.178849000442355 ], [ -70.941322999530087, -53.178873000034429 ], [ -70.94121156926623, -53.178917375715038 ], [ -70.941155767738209, -53.178939597450658 ], [ -70.94078754345793, -53.179086236427452 ], [ -70.940630440720184, -53.179148798898524 ], [ -70.940476799505888, -53.179209982459568 ], [ -70.940418999330362, -53.179233000113086 ], [ -70.940317999700923, -53.179273000251314 ], [ -70.940159309985432, -53.17933692294703 ], [ -70.940097199511285, -53.179361941452512 ], [ -70.939890999948489, -53.17944500014066 ], [ -70.939655472509529, -53.17953821983388 ], [ -70.939476480746308, -53.179609063282101 ], [ -70.939416000586405, -53.179633000066083 ], [ -70.93929887692623, -53.17967977484399 ], [ -70.939264783101351, -53.179693391388838 ], [ -70.938681714022778, -53.179926246731938 ], [ -70.93847699946582, -53.18000799992187 ], [ -70.938443675107791, -53.180021375346868 ], [ -70.938303684594374, -53.18007756294363 ], [ -70.938219637210764, -53.180111296461064 ], [ -70.937889000078329, -53.180243999787074 ], [ -70.93777699939038, -53.180291999653633 ], [ -70.93772296291398, -53.180318648341725 ], [ -70.937703999949335, -53.180328000109363 ], [ -70.937686636852277, -53.180338246699954 ], [ -70.937647704485926, -53.180361223808099 ], [ -70.937643000482083, -53.180364000185143 ], [ -70.937599999243474, -53.180396000258511 ], [ -70.937576534262135, -53.180421989304662 ], [ -70.937554131337976, -53.180446802923264 ], [ -70.937441999280978, -53.180571000080654 ], [ -70.937297896242825, -53.18074768339806 ], [ -70.937255905775032, -53.180799167129301 ], [ -70.937211999309326, -53.180852999801331 ], [ -70.937155999380053, -53.180909999583037 ], [ -70.937098999288324, -53.180965999954331 ], [ -70.936856000032989, -53.18110900033831 ], [ -70.936771000028941, -53.181153000222004 ], [ -70.936720154717179, -53.181179043248463 ], [ -70.936688999809419, -53.181195000271103 ], [ -70.936369419914044, -53.181316945315466 ], [ -70.936308999520179, -53.181340000154997 ], [ -70.936273753283729, -53.181353743816885 ], [ -70.936014473527365, -53.181454847304011 ], [ -70.935831999952242, -53.18152600007376 ], [ -70.93537699969859, -53.181702999666626 ], [ -70.935179713546205, -53.181779046187145 ], [ -70.934891384471399, -53.181890185758128 ], [ -70.934891283460445, -53.181890224584855 ], [ -70.934786724396758, -53.18193052761405 ], [ -70.934786673102408, -53.181930547450186 ], [ -70.934352999485796, -53.182098000139987 ], [ -70.934108000096828, -53.182190999678156 ], [ -70.933983324347849, -53.182238904641714 ], [ -70.93396417263051, -53.182246263166554 ], [ -70.933905000138452, -53.182268999658035 ], [ -70.933893227404823, -53.182272221501783 ], [ -70.933810000191642, -53.182295000083165 ], [ -70.933772952684038, -53.182303524299513 ], [ -70.933732379646642, -53.182312859914795 ], [ -70.933696999200308, -53.18232100031841 ], [ -70.933682605451935, -53.182323183505403 ], [ -70.933556469245076, -53.182342317122725 ], [ -70.933519000464216, -53.182348000457601 ], [ -70.933359999508269, -53.182372000383225 ], [ -70.93314899918532, -53.182392000237726 ], [ -70.933092133805374, -53.182396291586301 ], [ -70.932989999861974, -53.182403999667812 ], [ -70.932870999800627, -53.182407000178451 ], [ -70.932724553810587, -53.18240870941333 ], [ -70.932613999734158, -53.182409999672302 ], [ -70.932524999979123, -53.182416000267324 ], [ -70.932449743626364, -53.182423236315934 ], [ -70.932420999986959, -53.182425999981938 ], [ -70.932374999469587, -53.182432999592137 ], [ -70.93231899967833, -53.182444999675589 ], [ -70.932220999314808, -53.182470000280496 ], [ -70.932125999380432, -53.182502999717734 ], [ -70.931944000397863, -53.18257800040282 ], [ -70.930953252385294, -53.182989639529069 ], [ -70.930677999262969, -53.183103999701139 ], [ -70.930659081706409, -53.183112937241354 ], [ -70.93055100048241, -53.183163999859403 ], [ -70.930460999702774, -53.183218000052939 ], [ -70.930251838808985, -53.183372266975056 ], [ -70.930239999673191, -53.183380999569238 ], [ -70.930184638779394, -53.183418474359421 ], [ -70.930151277482679, -53.183441057717388 ], [ -70.930109999892153, -53.183468999610668 ], [ -70.930105380080917, -53.183470421152194 ], [ -70.927753662908501, -53.184417223124854 ], [ -70.927989251687663, -53.184638482668127 ], [ -70.928184433501087, -53.184821790593368 ], [ -70.928276389020525, -53.184908148330607 ], [ -70.928359986877652, -53.184996291571693 ], [ -70.928373386928243, -53.185010419931139 ], [ -70.928556499504367, -53.185219717808145 ], [ -70.928686054694467, -53.18536779709558 ], [ -70.928777017144085, -53.185471765205968 ], [ -70.928848745398469, -53.185564174986773 ], [ -70.928858291748753, -53.185578090423732 ], [ -70.928894344477087, -53.185630644066485 ], [ -70.928989355934846, -53.185769138801014 ], [ -70.92913386449321, -53.185992226949267 ], [ -70.929188665524208, -53.18608774714243 ], [ -70.929205415880475, -53.186116941575015 ], [ -70.929229051099199, -53.186177692363188 ], [ -70.929363124688976, -53.186158873471364 ], [ -70.92956762481019, -53.18607548271077 ], [ -70.930959843941139, -53.185507747358756 ], [ -70.931566061218518, -53.185260526568207 ], [ -70.931966399639862, -53.185097262427341 ], [ -70.933150726481017, -53.184641516323559 ], [ -70.933145004245659, -53.18463537011867 ], [ -70.933037446737956, -53.184519829307987 ], [ -70.935612792309897, -53.183679034025324 ], [ -70.935858606095977, -53.183598776133692 ], [ -70.935823203700835, -53.183533304140695 ], [ -70.935821535342527, -53.18339401239124 ], [ -70.93581986688622, -53.183254721536159 ], [ -70.936340843218844, -53.183276092139863 ], [ -70.936662030457029, -53.183147830343856 ], [ -70.937171229996096, -53.182939445746705 ], [ -70.937563278828989, -53.182778999841403 ], [ -70.937582056721567, -53.182771314929553 ], [ -70.938269632304809, -53.182489919391365 ], [ -70.93959692124487, -53.181946694300393 ], [ -70.939677981057969, -53.18191037772084 ], [ -70.939687436298783, -53.181919396472978 ], [ -70.940435588610967, -53.182633042997473 ], [ -70.940503633012199, -53.182697946338912 ], [ -70.940604254105153, -53.182793924647953 ], [ -70.940605455952351, -53.182795071215843 ], [ -70.940607306989747, -53.182794388661208 ] ] ] } },
{ "type": "Feature", "properties": { "zona": "78" }, "geometry": { "type": "Polygon", "coordinates": [ [ [ -70.969563819118775, -53.153553264459312 ], [ -70.968444476998457, -53.153688270123766 ], [ -70.96773603180533, -53.15387680585745 ], [ -70.967048029517585, -53.154120039557242 ], [ -70.965921178486681, -53.154249273550462 ], [ -70.964733493338073, -53.154247848573831 ], [ -70.964114224563033, -53.154264912208852 ], [ -70.963968402661848, -53.154286871855696 ], [ -70.962924425608946, -53.154444078710846 ], [ -70.962770721443491, -53.154467222963241 ], [ -70.961325947860374, -53.154779538256037 ], [ -70.960667623341436, -53.154860636702011 ], [ -70.95586870678396, -53.155451692322593 ], [ -70.955428627039822, -53.155496109969377 ], [ -70.955300046415573, -53.15550908691371 ], [ -70.955313073281999, -53.155554824152631 ], [ -70.955538713815983, -53.155532255260368 ], [ -70.95580554890067, -53.155505564662278 ], [ -70.956199749543487, -53.15550097998333 ], [ -70.956464974748329, -53.15555497672549 ], [ -70.956936411285511, -53.155703689582715 ], [ -70.957973083284315, -53.156107748812296 ], [ -70.962905833729877, -53.163620137719413 ], [ -70.963144984755289, -53.16398803883893 ], [ -70.963179794600592, -53.16404603854523 ], [ -70.963276485754349, -53.164036603824613 ], [ -70.963984550904385, -53.163967511968018 ], [ -70.964400110008654, -53.163926960070967 ], [ -70.964713285757767, -53.163896397967555 ], [ -70.964730356098698, -53.1638947319368 ], [ -70.965731392567278, -53.163797038503105 ], [ -70.966457934764691, -53.163726127347751 ], [ -70.966481419791677, -53.163723860052173 ], [ -70.96670327487486, -53.16370244534442 ], [ -70.966712210899516, -53.163701582604425 ], [ -70.967041678404399, -53.16366977955304 ], [ -70.975571193825445, -53.162462427339101 ], [ -70.971698415243452, -53.156590029321407 ], [ -70.970248766848144, -53.153470646453101 ], [ -70.969563819118775, -53.153553264459312 ] ] ] } },
{ "type": "Feature", "properties": { "zona": "79" }, "geometry": { "type": "Polygon", "coordinates": [ [ [ -70.941294099142965, -53.150524605181772 ], [ -70.941543886427425, -53.150503901212282 ], [ -70.941771794851078, -53.150475186079262 ], [ -70.941773808906859, -53.150474932779886 ], [ -70.941777778087783, -53.150488502197234 ], [ -70.941781720900252, -53.150504172973214 ], [ -70.94179971935236, -53.150575722536836 ], [ -70.941822169648063, -53.15066496894881 ], [ -70.941843618143437, -53.150750231219519 ], [ -70.941852435602726, -53.150785285544949 ], [ -70.941849926544194, -53.150788704574992 ], [ -70.941848232952935, -53.150806637861379 ], [ -70.941941026461294, -53.151137449556408 ], [ -70.941943198366346, -53.15114519058335 ], [ -70.941990265450158, -53.151312986895348 ], [ -70.941997979020812, -53.15134032223613 ], [ -70.942049283049499, -53.151522122549004 ], [ -70.94205087869085, -53.151527774031941 ], [ -70.942087668021202, -53.15165814169989 ], [ -70.942100425575205, -53.151703783285114 ], [ -70.942160583834863, -53.151918993797175 ], [ -70.942184139772408, -53.152003264625108 ], [ -70.942214151255314, -53.152112128273018 ], [ -70.94225975103177, -53.152277529221003 ], [ -70.942263100408596, -53.152289678657084 ], [ -70.942264251721824, -53.152293855895948 ], [ -70.942270294164317, -53.152303633356141 ], [ -70.942275609698626, -53.152312234580307 ], [ -70.942284535800042, -53.152317051354153 ], [ -70.942293407847657, -53.152321838396503 ], [ -70.942299076858973, -53.152325111928569 ], [ -70.942305824363302, -53.152329007874293 ], [ -70.942321075813254, -53.152331542439185 ], [ -70.942338914422379, -53.152334506220654 ], [ -70.942344393483253, -53.152334197540597 ], [ -70.9424693057978, -53.152321094242886 ], [ -70.942472449613405, -53.152332426159198 ], [ -70.942538410540081, -53.152570171264813 ], [ -70.942571624594081, -53.15268988475588 ], [ -70.942590754718978, -53.152758837075673 ], [ -70.942638659356007, -53.152931497625246 ], [ -70.942676545023076, -53.153068049112491 ], [ -70.942683987446685, -53.153094523263576 ], [ -70.942709819147652, -53.153186420664383 ], [ -70.942664229839963, -53.153215425612281 ], [ -70.942610010424744, -53.153260326234552 ], [ -70.942584984401705, -53.153281049879574 ], [ -70.942744835216075, -53.15357369683057 ], [ -70.942828445593662, -53.153726764411793 ], [ -70.942932093210004, -53.153916514835366 ], [ -70.942970461094518, -53.153986754041782 ], [ -70.943054925172945, -53.154141383401274 ], [ -70.94322799945536, -53.154458227166998 ], [ -70.943311727991201, -53.15461150437357 ], [ -70.943435999273674, -53.154838999696914 ], [ -70.94346099978462, -53.154882000274831 ], [ -70.94347499923353, -53.154906000291035 ], [ -70.94349342754505, -53.154937822787396 ], [ -70.943612333357208, -53.15514315156112 ], [ -70.943680007336283, -53.155260014682455 ], [ -70.943705641748764, -53.155304691103062 ], [ -70.943714999609995, -53.155320999887927 ], [ -70.943828999459683, -53.155518000302344 ], [ -70.94385436313415, -53.155561933414319 ], [ -70.943885000352367, -53.155614999661459 ], [ -70.943921108225823, -53.155677330800536 ], [ -70.944025117459688, -53.155856878901254 ], [ -70.944190211091836, -53.156141869071206 ], [ -70.944203713834, -53.156165178279387 ], [ -70.944267328831884, -53.156274991295376 ], [ -70.944411000385358, -53.156523000250004 ], [ -70.944468999558651, -53.15659899990473 ], [ -70.944540244013567, -53.156703832162151 ], [ -70.944548283720252, -53.156702894659247 ], [ -70.944787650430612, -53.156675388062119 ], [ -70.944947416648276, -53.15665702890383 ], [ -70.945303480207471, -53.156576347688606 ], [ -70.945502935197666, -53.156539045411364 ], [ -70.945688822132425, -53.156504280203244 ], [ -70.945701965203128, -53.156502500130252 ], [ -70.945789896506028, -53.156490589864653 ], [ -70.946125334635681, -53.15646061334094 ], [ -70.946592363041333, -53.156420840294096 ], [ -70.946897884404109, -53.156395967750335 ], [ -70.947165572620278, -53.156374174085421 ], [ -70.947494959460982, -53.156347357194029 ], [ -70.947691141771642, -53.156323045324491 ], [ -70.947883585274397, -53.15629919583251 ], [ -70.948131663436826, -53.156269924839464 ], [ -70.948189701583757, -53.156263076970376 ], [ -70.948347982989546, -53.156244400914581 ], [ -70.949085631433874, -53.156157362144292 ], [ -70.949452923974462, -53.156117036262771 ], [ -70.950534986560399, -53.156003198661978 ], [ -70.950878253716226, -53.15596708321516 ], [ -70.953795461923065, -53.15566653283674 ], [ -70.954232091366492, -53.155620844282794 ], [ -70.955300046415573, -53.15550908691371 ], [ -70.955281590124912, -53.155298837921144 ], [ -70.955292904306404, -53.155283475252702 ], [ -70.955269732352605, -53.155244243894749 ], [ -70.955119184153304, -53.154989354747023 ], [ -70.955100923917385, -53.154958437653661 ], [ -70.955045465396779, -53.154864542457368 ], [ -70.954855109631623, -53.154369614860599 ], [ -70.954341143334901, -53.154131668282318 ], [ -70.95384621641135, -53.153779507257958 ], [ -70.953475019817219, -53.153417829415666 ], [ -70.953437164881734, -53.153249584580571 ], [ -70.953389359302776, -53.153037115611887 ], [ -70.953322733304731, -53.152380383692488 ], [ -70.953091394987453, -53.151981967753557 ], [ -70.952980093442477, -53.151790278710514 ], [ -70.95235191508921, -53.151200171596734 ], [ -70.95199023721338, -53.151095475194275 ], [ -70.95188745352462, -53.15108030967447 ], [ -70.951835083481754, -53.151072579784206 ], [ -70.951409647979077, -53.151009814997252 ], [ -70.950676774398957, -53.150895600962372 ], [ -70.950555286312664, -53.15084444760403 ], [ -70.950315094374062, -53.15074331389004 ], [ -70.950233335511598, -53.150592317321134 ], [ -70.950181224597287, -53.150496076914187 ], [ -70.950110336546402, -53.150390816700146 ], [ -70.950080284957693, -53.150346193647621 ], [ -70.949793147855218, -53.150438764247475 ], [ -70.94958126075403, -53.150507073827931 ], [ -70.949551602987583, -53.150509331610934 ], [ -70.949488721669681, -53.150511688198996 ], [ -70.949428040546152, -53.1505006246257 ], [ -70.949371510851847, -53.150485205585042 ], [ -70.949361076655222, -53.150480572757033 ], [ -70.949191670038644, -53.15028675823546 ], [ -70.949030040796913, -53.150069425156865 ], [ -70.948906599301282, -53.149950976351171 ], [ -70.948802364754854, -53.149880783428792 ], [ -70.948715565600722, -53.149845191152281 ], [ -70.948695740510459, -53.149788453761751 ], [ -70.948633297753844, -53.149609756624244 ], [ -70.94866459459422, -53.149403756836129 ], [ -70.948839731986851, -53.149309761394925 ], [ -70.949505193809841, -53.149053964729035 ], [ -70.949902147032788, -53.148874700955815 ], [ -70.949889436245826, -53.148631500480143 ], [ -70.949127457433008, -53.147013364840483 ], [ -70.948855823782139, -53.14700411000959 ], [ -70.948308821669244, -53.146885508413746 ], [ -70.947914375437591, -53.146786383881 ], [ -70.947260593525883, -53.146792661884007 ], [ -70.946654162569672, -53.14680055052947 ], [ -70.945901829347576, -53.146760985302961 ], [ -70.945733132291096, -53.146752112540348 ], [ -70.9454960417834, -53.146739642526896 ], [ -70.945161888207565, -53.146756808048913 ], [ -70.944989149605988, -53.146847178193973 ], [ -70.943271898562301, -53.147162329786113 ], [ -70.942846696826066, -53.147143816656069 ], [ -70.942648002527278, -53.147135164508448 ], [ -70.942083235226093, -53.147246794853537 ], [ -70.941556805090485, -53.147371631356393 ], [ -70.941305982755779, -53.147565027777787 ], [ -70.940980392371642, -53.147816070381396 ], [ -70.940085353484008, -53.148071120645682 ], [ -70.939696389179574, -53.148112184248831 ], [ -70.939592250623662, -53.14812317827743 ], [ -70.9395068299781, -53.148132195538643 ], [ -70.939472812787244, -53.14813578707529 ], [ -70.939306380831667, -53.148196513730717 ], [ -70.938919959319136, -53.148356619782959 ], [ -70.938986857265704, -53.148379977685678 ], [ -70.939342622698774, -53.148663048296619 ], [ -70.939346673064648, -53.148686976265509 ], [ -70.939388877140559, -53.148721102047759 ], [ -70.939414949924725, -53.148749415412716 ], [ -70.93956351996934, -53.14891333983612 ], [ -70.939658588880974, -53.149018233436379 ], [ -70.939682868575517, -53.149048298107907 ], [ -70.93974019943883, -53.149124469182169 ], [ -70.939770030519256, -53.149174963396312 ], [ -70.939926919939978, -53.149459155869664 ], [ -70.939948885064638, -53.149493213730359 ], [ -70.939978457496508, -53.14954580131139 ], [ -70.940017306524012, -53.149602338944106 ], [ -70.940084495650567, -53.149700120923612 ], [ -70.940092046260403, -53.149711110432506 ], [ -70.94026551315568, -53.149963559104982 ], [ -70.940332846722328, -53.150061550054602 ], [ -70.940628734882878, -53.150492149108246 ], [ -70.94064824894788, -53.150520547699386 ], [ -70.940652571644065, -53.150534188599288 ], [ -70.940645072554986, -53.150554172562735 ], [ -70.94063096273932, -53.150564936185042 ], [ -70.940651428601981, -53.150582879359966 ], [ -70.940715879072499, -53.150576829872435 ], [ -70.941294099142965, -53.150524605181772 ] ] ] } },
{ "type": "Feature", "properties": { "zona": "80" }, "geometry": { "type": "Polygon", "coordinates": [ [ [ -70.935042395325524, -53.142276665308323 ], [ -70.935878579649057, -53.143500774640664 ], [ -70.936114702266025, -53.143846426028681 ], [ -70.936543229111038, -53.144473717457977 ], [ -70.936636867489995, -53.14461078610119 ], [ -70.937482404502688, -53.145848446325459 ], [ -70.937765247203941, -53.146262443671354 ], [ -70.937922169679041, -53.146492127260451 ], [ -70.937949391656119, -53.146531972076914 ], [ -70.938015000331831, -53.146628000341011 ], [ -70.938430755276698, -53.147212537932894 ], [ -70.938464056321422, -53.147260832005841 ], [ -70.938618724082829, -53.147450801300181 ], [ -70.938760107476, -53.147624452051041 ], [ -70.938928937293653, -53.147715105234866 ], [ -70.939149147259329, -53.147833345539929 ], [ -70.939221646105011, -53.147872273413768 ], [ -70.939472812787244, -53.14813578707529 ], [ -70.9395068299781, -53.148132195538643 ], [ -70.939592250623662, -53.14812317827743 ], [ -70.939696389179574, -53.148112184248831 ], [ -70.940085353484008, -53.148071120645682 ], [ -70.940980392371642, -53.147816070381396 ], [ -70.941305982755779, -53.147565027777787 ], [ -70.941556805090485, -53.147371631356393 ], [ -70.942083235226093, -53.147246794853537 ], [ -70.942648002527278, -53.147135164508448 ], [ -70.942846696826066, -53.147143816656069 ], [ -70.943271898562301, -53.147162329786113 ], [ -70.944989149605988, -53.146847178193973 ], [ -70.945161888207565, -53.146756808048913 ], [ -70.9454960417834, -53.146739642526896 ], [ -70.945733132291096, -53.146752112540348 ], [ -70.945901829347576, -53.146760985302961 ], [ -70.946654162569672, -53.14680055052947 ], [ -70.947260593525883, -53.146792661884007 ], [ -70.947914375437591, -53.146786383881 ], [ -70.948308821669244, -53.146885508413746 ], [ -70.948855823782139, -53.14700411000959 ], [ -70.949127457433008, -53.147013364840483 ], [ -70.949424059238936, -53.147023469649334 ], [ -70.95016852670382, -53.147063109729849 ], [ -70.951003910824994, -53.14702015891617 ], [ -70.951479453432029, -53.147014931072682 ], [ -70.951881953830295, -53.147028635529516 ], [ -70.952273957698864, -53.147027700902143 ], [ -70.952729549243088, -53.147071157123577 ], [ -70.952236862835193, -53.146676858870443 ], [ -70.951869835063036, -53.145950343302367 ], [ -70.95160408456789, -53.144989266947469 ], [ -70.948306784507679, -53.143853517820297 ], [ -70.947487118053147, -53.143730380064042 ], [ -70.946371933262867, -53.14338295435747 ], [ -70.945940959979012, -53.142916046049073 ], [ -70.94586510455818, -53.142461244808985 ], [ -70.946332079384788, -53.141287130573588 ], [ -70.946277568130228, -53.141022446650247 ], [ -70.944953848472849, -53.141180186641293 ], [ -70.943833179318446, -53.141313718572746 ], [ -70.941519331675536, -53.141589384445801 ], [ -70.94134868069689, -53.141607496152638 ], [ -70.940758216596549, -53.141670162540088 ], [ -70.940200965220072, -53.141729301337172 ], [ -70.939984157119923, -53.141752309062404 ], [ -70.939588616158247, -53.141794283030656 ], [ -70.938592034939404, -53.14191666272162 ], [ -70.938393292311389, -53.141941067305879 ], [ -70.93790161447086, -53.142001440614507 ], [ -70.937723008644724, -53.142027482918081 ], [ -70.937194415166744, -53.142104555236521 ], [ -70.936721776070002, -53.142173467014985 ], [ -70.936612237694362, -53.142189438038663 ], [ -70.93630046664515, -53.142215127870166 ], [ -70.935912655251784, -53.142247081855309 ], [ -70.935744542654334, -53.142260932882877 ], [ -70.935178487191735, -53.142324745285578 ], [ -70.935042395325524, -53.142276665308323 ] ] ] } },
{ "type": "Feature", "properties": { "zona": "81" }, "geometry": { "type": "Polygon", "coordinates": [ [ [ -70.929051734814038, -53.132052495936662 ], [ -70.929006016103841, -53.132079727022266 ], [ -70.929005955800406, -53.132079763638259 ], [ -70.928948180296942, -53.132114465560861 ], [ -70.928746865197439, -53.132235382551315 ], [ -70.928633273402752, -53.132303609136663 ], [ -70.928466494572845, -53.132403780792337 ], [ -70.928345230802037, -53.132476614572106 ], [ -70.927530494772043, -53.132965953035935 ], [ -70.926936090406159, -53.133322948307139 ], [ -70.92690249612582, -53.133343124975298 ], [ -70.927061386176163, -53.133566602446734 ], [ -70.927102263801004, -53.133624096826622 ], [ -70.927154479751366, -53.13369753663865 ], [ -70.927214903036187, -53.133782520998402 ], [ -70.927357447550122, -53.133983003894038 ], [ -70.927575011329694, -53.13428899586804 ], [ -70.92772366089028, -53.134500307606544 ], [ -70.927949715389829, -53.134821650982353 ], [ -70.928269412477306, -53.13527610031533 ], [ -70.929257889871138, -53.134696356562259 ], [ -70.929458803573908, -53.134575523785728 ], [ -70.929844590803427, -53.134343501000139 ], [ -70.930126611523519, -53.134173883934707 ], [ -70.931669256139628, -53.133246047032102 ], [ -70.931684720368594, -53.133167180275116 ], [ -70.931699892274821, -53.13317081016104 ], [ -70.93175240541116, -53.133183372265584 ], [ -70.931845067767185, -53.133200119404087 ], [ -70.931863797264853, -53.133203504890922 ], [ -70.931873860572153, -53.133205323638052 ], [ -70.931905899048573, -53.133211113899094 ], [ -70.931964347794533, -53.133217932940738 ], [ -70.932020812166314, -53.13322903161778 ], [ -70.932023928221327, -53.133229643798337 ], [ -70.932179961819827, -53.133260311894183 ], [ -70.932188906076561, -53.133259508789962 ], [ -70.932378580932166, -53.133242471806007 ], [ -70.932384072421101, -53.133236710021457 ], [ -70.932389284891443, -53.133233913530546 ], [ -70.932394495954995, -53.133231116091693 ], [ -70.93239477646263, -53.13322815084878 ], [ -70.932399706933026, -53.133228319549268 ], [ -70.932410410969339, -53.13321976037507 ], [ -70.932415621944983, -53.133216963831892 ], [ -70.932417733437788, -53.133215830669492 ], [ -70.932426045469967, -53.133211369899165 ], [ -70.932436467416522, -53.133205776811117 ], [ -70.932446890936092, -53.133200182876465 ], [ -70.932447171439819, -53.133197217633352 ], [ -70.932457594955949, -53.133191623697662 ], [ -70.932462525422551, -53.133191792395472 ], [ -70.932467736391416, -53.133188995849892 ], [ -70.932468016893594, -53.133186030606666 ], [ -70.932478720905664, -53.13317747142581 ], [ -70.93249407487744, -53.133172046183653 ], [ -70.932494355377628, -53.133169080940334 ], [ -70.932525061731781, -53.133158231295354 ], [ -70.93256098209487, -53.13314458429754 ], [ -70.932571404092656, -53.133138990300303 ], [ -70.932586757954539, -53.133133565942309 ], [ -70.932587038447963, -53.133130600698635 ], [ -70.932591968908369, -53.133130769390952 ], [ -70.93259224948622, -53.133127803250609 ], [ -70.932602672881998, -53.133122210198145 ], [ -70.932607883918237, -53.133119412749373 ], [ -70.93261830730998, -53.133113819695453 ], [ -70.932628729292887, -53.133108225692872 ], [ -70.932633661241923, -53.13310839443443 ], [ -70.932633941731851, -53.133105429190572 ], [ -70.932664648006394, -53.133094579507876 ], [ -70.93268285400525, -53.133084808900193 ], [ -70.932690705871536, -53.133080595039289 ], [ -70.93270140981295, -53.133072035836911 ], [ -70.932711831690227, -53.133066442723283 ], [ -70.932712112259154, -53.133063476582478 ], [ -70.932727746559749, -53.133055086961171 ], [ -70.932733238062298, -53.133049324262323 ], [ -70.932738450487349, -53.133046527755155 ], [ -70.9327590153123, -53.133038305918689 ], [ -70.932784791058367, -53.133027287518146 ], [ -70.932805076879163, -53.133022030968839 ], [ -70.932810287805381, -53.133019234407335 ], [ -70.932845084490822, -53.133017449143509 ], [ -70.932850014939859, -53.133017617824891 ], [ -70.932854946879857, -53.133017786557069 ], [ -70.93286086282248, -53.13301798895381 ], [ -70.932865793271674, -53.133018157634538 ], [ -70.932870725211856, -53.13301832636607 ], [ -70.932874670167649, -53.133018461330742 ], [ -70.932879600616971, -53.133018630010895 ], [ -70.93289044850026, -53.133019001137122 ], [ -70.932895378949766, -53.133019169816627 ], [ -70.932909186295902, -53.133019642189574 ], [ -70.932914116745593, -53.133019810868298 ], [ -70.932935960184878, -53.133022217851099 ], [ -70.932953282774818, -53.133024126534536 ], [ -70.932972727093073, -53.133027766588121 ], [ -70.932977657544058, -53.133027935264231 ], [ -70.932992169923835, -53.133031406587577 ], [ -70.932997100375374, -53.133031575262898 ], [ -70.933007948263509, -53.133031946378487 ], [ -70.933012878715203, -53.133032115053155 ], [ -70.933036548462255, -53.13303292481114 ], [ -70.933041478914234, -53.13303309348462 ], [ -70.933052326803335, -53.133033464596174 ], [ -70.933057257255484, -53.133033633268994 ], [ -70.933061202213608, -53.133033768227527 ], [ -70.93307698055547, -53.1330343080093 ], [ -70.933080925513764, -53.133034442967173 ], [ -70.933095437819873, -53.133037915174747 ], [ -70.933100368272804, -53.133038083845804 ], [ -70.933111216163951, -53.133038454952022 ], [ -70.933116146617024, -53.133038623622433 ], [ -70.933120093066819, -53.133038758630008 ], [ -70.933124743064525, -53.133041892545755 ], [ -70.93312446260903, -53.133044857791432 ], [ -70.93314024095622, -53.133045397564899 ], [ -70.933144185915822, -53.133045532520704 ], [ -70.933168560716084, -53.133049341211795 ], [ -70.933178141088817, -53.133052644690252 ], [ -70.933197583949905, -53.133056284656639 ], [ -70.93321209635829, -53.133059755953653 ], [ -70.933231539140934, -53.133063396811274 ], [ -70.933260563970805, -53.133070339395452 ], [ -70.933293958295806, -53.13308338202507 ], [ -70.933298890246064, -53.133083550739009 ], [ -70.933308190193529, -53.133089819453623 ], [ -70.933356938305351, -53.133097437610765 ], [ -70.933400195098656, -53.133110817583038 ], [ -70.933404845124912, -53.133113951488326 ], [ -70.933420623502883, -53.133114491225136 ], [ -70.933424568470187, -53.133114626171754 ], [ -70.933439361352413, -53.133115132194938 ], [ -70.933473036200752, -53.133125209529027 ], [ -70.933482898622174, -53.133125546891044 ], [ -70.933557198851986, -53.133155936967036 ], [ -70.933578151441893, -53.133164506816868 ], [ -70.933592944344056, -53.133165012821294 ], [ -70.933593929841805, -53.133165046531062 ], [ -70.933597874814595, -53.13316518147203 ], [ -70.933602524861314, -53.133168315369957 ], [ -70.933607456823182, -53.133168484071291 ], [ -70.933617037342358, -53.133171786618817 ], [ -70.933626338846864, -53.133178055360723 ], [ -70.933631269319079, -53.133178224010102 ], [ -70.933645501384888, -53.133184660503098 ], [ -70.933655074583513, -53.133184987957605 ], [ -70.933655363822041, -53.133184997851103 ], [ -70.933660294295223, -53.133185166499295 ], [ -70.933674806702143, -53.133188638637961 ], [ -70.933679737175851, -53.133188807285364 ], [ -70.933699180144714, -53.133192447171645 ], [ -70.933698928048813, -53.133195112935631 ], [ -70.933698899727247, -53.133195412419376 ], [ -70.933703831692796, -53.133195581116787 ], [ -70.933708481665846, -53.133198715907426 ], [ -70.933722994166288, -53.133202187143688 ], [ -70.933732576193123, -53.1332054897332 ], [ -70.933747087206982, -53.133208960915617 ], [ -70.933751738675596, -53.133212095755646 ], [ -70.933761599629392, -53.133212433043951 ], [ -70.933781042616488, -53.133216072917186 ], [ -70.93379090506248, -53.1332164102541 ], [ -70.933795835540096, -53.133216578896743 ], [ -70.933800487097926, -53.133219712838276 ], [ -70.93383444252548, -53.133226824824916 ], [ -70.933844303483667, -53.133227162106451 ], [ -70.933850220953232, -53.133227364505579 ], [ -70.933854165932985, -53.133227499438156 ], [ -70.933883471386025, -53.133231476625831 ], [ -70.93390291430822, -53.133235117376124 ], [ -70.933918692740363, -53.13323565704777 ], [ -70.93392263772121, -53.133235791978109 ], [ -70.933932500173455, -53.13323612930337 ], [ -70.933937430654183, -53.133236297940208 ], [ -70.933938416153978, -53.13323633164714 ], [ -70.933942361134982, -53.13323646657684 ], [ -70.933977157967263, -53.133234680984124 ], [ -70.934002093750863, -53.133232559010132 ], [ -70.934007024231619, -53.133232727644078 ], [ -70.934037170972999, -53.133227808150863 ], [ -70.93405717477907, -53.133225517481513 ], [ -70.934077459059722, -53.133220260662974 ], [ -70.934082391030458, -53.133220429344767 ], [ -70.934097744741663, -53.133215004788546 ], [ -70.934102675220998, -53.133215173418492 ], [ -70.934112816569026, -53.133212545428542 ], [ -70.934122679018259, -53.133212882737958 ], [ -70.934122959491532, -53.133209916592008 ], [ -70.934124483204883, -53.13320966825259 ], [ -70.934138032806729, -53.13320745727971 ], [ -70.934143243672466, -53.133204660658606 ], [ -70.934148456113263, -53.133201863191594 ], [ -70.934158597455493, -53.133199235197594 ], [ -70.934164088789188, -53.13319347242944 ], [ -70.934174231619465, -53.133190844485057 ], [ -70.934189865777356, -53.133182453770324 ], [ -70.934195076636726, -53.133179657146812 ], [ -70.934205499929163, -53.133174063053403 ], [ -70.934210710786516, -53.13317126642918 ], [ -70.934210991168513, -53.133168301179545 ], [ -70.934221414456104, -53.133162707084644 ], [ -70.934232116630497, -53.13315414768806 ], [ -70.934237048594596, -53.133154316363296 ], [ -70.934242539827125, -53.133148554487832 ], [ -70.934242820291487, -53.133145588341428 ], [ -70.934248031142943, -53.133142791715429 ], [ -70.9342538043269, -53.133134063743931 ], [ -70.934254365084144, -53.133128133244313 ], [ -70.934260136773773, -53.133119405221422 ], [ -70.934265908460972, -53.133110677198211 ], [ -70.934266469300866, -53.133104745801823 ], [ -70.934271680145756, -53.133101949174652 ], [ -70.934277733695652, -53.133090255951842 ], [ -70.934278014156988, -53.133087289805268 ], [ -70.934278574909968, -53.133081359305436 ], [ -70.934278855286365, -53.133078394055502 ], [ -70.934283785751163, -53.133078562677653 ], [ -70.934284346587958, -53.133072631281109 ], [ -70.934284626963873, -53.133069666031169 ], [ -70.93429039863895, -53.133060938006466 ], [ -70.934301382639006, -53.133049413403803 ], [ -70.934306873933707, -53.13304365062821 ], [ -70.934312366717833, -53.133037887903313 ], [ -70.934312927465072, -53.133031957403169 ], [ -70.934318418755922, -53.133026194626964 ], [ -70.934324751163103, -53.133011536100092 ], [ -70.934325031620403, -53.133008569953297 ], [ -70.934325592365298, -53.133002639453039 ], [ -70.934331364022455, -53.132993911425963 ], [ -70.934331644394334, -53.132990946175795 ], [ -70.934332485594481, -53.13298204952865 ], [ -70.934333326794174, -53.132973152881469 ], [ -70.934334167993427, -53.13296425623426 ], [ -70.934334728820943, -53.132958324837233 ], [ -70.934340501960733, -53.132949596860506 ], [ -70.934340782331546, -53.132946631610274 ], [ -70.934341623528454, -53.132937734962944 ], [ -70.93434218426961, -53.132931804462501 ], [ -70.934342745095378, -53.132925873065375 ], [ -70.934343025465779, -53.132922907815122 ], [ -70.934343586291234, -53.132916976417995 ], [ -70.934343866661493, -53.132914011167749 ], [ -70.934345268681625, -53.132899183123165 ], [ -70.934346109876159, -53.132890286475714 ], [ -70.934346390245963, -53.132887321225461 ], [ -70.934346950985457, -53.132881390724911 ], [ -70.934359896266145, -53.132849106622309 ], [ -70.934389598461692, -53.132796570822293 ], [ -70.934566384292211, -53.132757989553909 ], [ -70.934588747174288, -53.132752813630653 ], [ -70.934723166194033, -53.13272169970314 ], [ -70.934920517100124, -53.13267489665219 ], [ -70.934948011323939, -53.132670943213043 ], [ -70.935271564997706, -53.132624423150276 ], [ -70.935547576334613, -53.132573426075766 ], [ -70.936076382111025, -53.132475718859929 ], [ -70.936213290128876, -53.132450422139456 ], [ -70.936439008646985, -53.132385149579719 ], [ -70.936484448731235, -53.132372009435294 ], [ -70.936523285719034, -53.132360779120624 ], [ -70.936528064605213, -53.132355048568698 ], [ -70.936612391203781, -53.132253940291179 ], [ -70.936612548158877, -53.132253751351591 ], [ -70.936750950250641, -53.132097826383628 ], [ -70.936855397832389, -53.131934790177795 ], [ -70.937006348886413, -53.131803094333456 ], [ -70.937084626011838, -53.131707591032708 ], [ -70.937117686302514, -53.13161946864227 ], [ -70.93715270643591, -53.131510585772531 ], [ -70.937426132821443, -53.131229237337656 ], [ -70.937806444059447, -53.130837901471672 ], [ -70.937845624118424, -53.130825332236434 ], [ -70.938116852286441, -53.130738312303315 ], [ -70.938201128019685, -53.130726451706188 ], [ -70.938206853199802, -53.130725646115764 ], [ -70.938329241371434, -53.130707829112538 ], [ -70.938331965166995, -53.130707431017512 ], [ -70.93833668154754, -53.130705508786413 ], [ -70.938418492529308, -53.130672157065561 ], [ -70.938545848225559, -53.130620285017045 ], [ -70.938623885713127, -53.130591822866357 ], [ -70.938641693072739, -53.130585328338654 ], [ -70.938766464547541, -53.130531119780315 ], [ -70.938850280950462, -53.130504747578392 ], [ -70.938936811984448, -53.130475934902897 ], [ -70.939120803398609, -53.130414671592177 ], [ -70.9391504349732, -53.130404805466533 ], [ -70.939241536785033, -53.130400014853315 ], [ -70.939280077815511, -53.130397989521576 ], [ -70.939291356500064, -53.130398765195054 ], [ -70.939345090141771, -53.130402459138899 ], [ -70.939356393226902, -53.130406524419158 ], [ -70.939441826359015, -53.130437247925272 ], [ -70.939498768893259, -53.130452070076274 ], [ -70.939541273017909, -53.130463132743209 ], [ -70.939552361796686, -53.130462450920064 ], [ -70.939561066093844, -53.130461916137961 ], [ -70.939563042917769, -53.130461793852696 ], [ -70.939564779006517, -53.13046168673322 ], [ -70.939630738437998, -53.130440603350877 ], [ -70.939642670361536, -53.130436789275549 ], [ -70.939758408392976, -53.130399794517764 ], [ -70.939799962537123, -53.130386512328556 ], [ -70.939803439545287, -53.130384536016336 ], [ -70.939815135026421, -53.130377887441661 ], [ -70.939855184239732, -53.130355119284104 ], [ -70.939867132630127, -53.13034832641776 ], [ -70.939928500426049, -53.13031219029471 ], [ -70.939939726296615, -53.130303513361426 ], [ -70.939949125874278, -53.130296247527113 ], [ -70.940034378473584, -53.130230348465197 ], [ -70.94023080487311, -53.130120115307633 ], [ -70.940233152833329, -53.130118200276179 ], [ -70.94023845597853, -53.130113879102687 ], [ -70.940265236193767, -53.130092053777012 ], [ -70.940295546581481, -53.130067894112671 ], [ -70.940357221885719, -53.130018732806988 ], [ -70.94040788113395, -53.129987465271405 ], [ -70.940436630050101, -53.129969720960219 ], [ -70.940526022966765, -53.129932432114629 ], [ -70.941038991953747, -53.129739690312114 ], [ -70.941364968145663, -53.129617206276407 ], [ -70.941383046869859, -53.129616670278402 ], [ -70.941312756838173, -53.129544652008057 ], [ -70.941311905783138, -53.12954378096677 ], [ -70.941157798104712, -53.129385884420238 ], [ -70.941033480632655, -53.12925851027488 ], [ -70.940678178898963, -53.128894467193987 ], [ -70.940420967263535, -53.128630923058708 ], [ -70.940259492562262, -53.128465471051449 ], [ -70.939995646241755, -53.128195123564524 ], [ -70.939676046698096, -53.127867643729004 ], [ -70.939481161998657, -53.127667950198159 ], [ -70.939478762668386, -53.12766081121751 ], [ -70.939465636427471, -53.127667668151368 ], [ -70.939465385496959, -53.127667411302333 ], [ -70.939461675791804, -53.127669795248821 ], [ -70.939330771036836, -53.127753930063918 ], [ -70.939304586192478, -53.127770759576116 ], [ -70.93924275729772, -53.12781049850436 ], [ -70.938932799259106, -53.128009712722758 ], [ -70.938774398367428, -53.128111517649053 ], [ -70.938497523756283, -53.128289464766127 ], [ -70.937470801835445, -53.128916623708392 ], [ -70.937439061445971, -53.128936012017803 ], [ -70.937383869015378, -53.128969724000193 ], [ -70.937261690842845, -53.128868040021672 ], [ -70.937124378657373, -53.128771714575109 ], [ -70.936854037095941, -53.128575637417789 ], [ -70.936769499682654, -53.128514896449126 ], [ -70.936557588497365, -53.128362636183994 ], [ -70.936496602516158, -53.128318817429673 ], [ -70.936457548462286, -53.12829075567462 ], [ -70.936047553880698, -53.128001301613793 ], [ -70.935976790893648, -53.127951342581667 ], [ -70.935964712835599, -53.127944567987612 ], [ -70.935928563068785, -53.127959213803479 ], [ -70.935826535674508, -53.127996329004041 ], [ -70.935746115583655, -53.12802558308826 ], [ -70.935707276201327, -53.128039711391224 ], [ -70.935519336448138, -53.128157367073499 ], [ -70.934910740666481, -53.128538355323045 ], [ -70.934655091659053, -53.128698392427438 ], [ -70.934573130549595, -53.128749699693536 ], [ -70.934344557466176, -53.128892785206595 ], [ -70.933646903786538, -53.129298891050254 ], [ -70.933447825511806, -53.1294256853216 ], [ -70.93335955792557, -53.129477193449524 ], [ -70.932667954355821, -53.129880767007123 ], [ -70.932294087306957, -53.130098925614043 ], [ -70.932247980597651, -53.130125828869602 ], [ -70.931596061949776, -53.130506227925615 ], [ -70.930867115900227, -53.13092213548012 ], [ -70.930422907320647, -53.131175576706042 ], [ -70.930348826428585, -53.131226593228448 ], [ -70.930346473231822, -53.131228005038601 ], [ -70.929828163437023, -53.131538886374003 ], [ -70.92982289568792, -53.13154204608081 ], [ -70.929689311977825, -53.131622167682494 ], [ -70.929368120221099, -53.131814814005622 ], [ -70.929225585704145, -53.131921892474907 ], [ -70.929051734814038, -53.132052495936662 ] ] ] } },
{ "type": "Feature", "properties": { "zona": "82" }, "geometry": { "type": "Polygon", "coordinates": [ [ [ -70.921503085188348, -53.136435725702889 ], [ -70.920419548409953, -53.137035456210739 ], [ -70.920172142745372, -53.137172390205521 ], [ -70.92016579119867, -53.137175905418431 ], [ -70.919044100366662, -53.137796719037311 ], [ -70.919011839544822, -53.137814573496165 ], [ -70.918897430395305, -53.137877892893698 ], [ -70.918799250099951, -53.137932230344738 ], [ -70.918775230721735, -53.137946390695809 ], [ -70.918759451294591, -53.137955692913891 ], [ -70.918735968938933, -53.137969537955243 ], [ -70.918687429286067, -53.137998154480378 ], [ -70.918669363962636, -53.138008087967314 ], [ -70.918252110243742, -53.138237521014808 ], [ -70.918322180413384, -53.138281485650779 ], [ -70.918367293816317, -53.13830979201127 ], [ -70.918473855837547, -53.138376651984629 ], [ -70.918483525497976, -53.138382718671515 ], [ -70.918558311668193, -53.138429641808067 ], [ -70.918686015030431, -53.138509767282798 ], [ -70.918852496752237, -53.138614221132627 ], [ -70.918977144612555, -53.138692427867952 ], [ -70.91905510145105, -53.138741339599754 ], [ -70.919396985177869, -53.13895587214742 ], [ -70.919485304059535, -53.139011291350087 ], [ -70.91966936743745, -53.139126789560272 ], [ -70.919736875977421, -53.139169150532602 ], [ -70.919754808190646, -53.139180402400854 ], [ -70.920316572824305, -53.139532895995856 ], [ -70.920375625322521, -53.139569950451538 ], [ -70.920562412813695, -53.139687153591552 ], [ -70.92058912254177, -53.139706458938647 ], [ -70.920604296685639, -53.139717426225268 ], [ -70.920893169497262, -53.139548708407162 ], [ -70.920954888195425, -53.13951272146587 ], [ -70.921300922127585, -53.139851307999848 ], [ -70.921762519591638, -53.14029270421026 ], [ -70.921816794989283, -53.140348945409734 ], [ -70.921897576871288, -53.140432654463559 ], [ -70.921992688489993, -53.140531211085595 ], [ -70.922099845760201, -53.140642248409236 ], [ -70.922468753375426, -53.141041476204379 ], [ -70.922542509148101, -53.141121292482417 ], [ -70.922654118851398, -53.141242072180013 ], [ -70.922679227166924, -53.141269242740691 ], [ -70.92274518373091, -53.141340617092652 ], [ -70.922826167727408, -53.141480370543754 ], [ -70.922981165409539, -53.141747844977786 ], [ -70.923226454422135, -53.142171124783502 ], [ -70.923351539522372, -53.142386973535089 ], [ -70.923510259153346, -53.142660858212956 ], [ -70.923656640520676, -53.14291345069973 ], [ -70.923880060655321, -53.143298972985718 ], [ -70.923945444307037, -53.143411795784836 ], [ -70.924004185126208, -53.143513153493977 ], [ -70.924019671662833, -53.143539876025763 ], [ -70.924027575006548, -53.143553513546358 ], [ -70.924053165483926, -53.143596636922709 ], [ -70.924062864879318, -53.143612980722075 ], [ -70.924064316036535, -53.14361542690083 ], [ -70.924065276953769, -53.14361704756795 ], [ -70.924171615482649, -53.143594997129703 ], [ -70.924205451730543, -53.143588289531365 ], [ -70.92435908024396, -53.143557833582932 ], [ -70.924538908719015, -53.143522182816604 ], [ -70.924539003217646, -53.14352216446644 ], [ -70.9247059821394, -53.143489061325468 ], [ -70.925185512823731, -53.143393994129724 ], [ -70.925219803193983, -53.143387195662903 ], [ -70.925280288908638, -53.143375204043956 ], [ -70.925483565127294, -53.143334903242462 ], [ -70.925674667323321, -53.143297015821929 ], [ -70.925718035872407, -53.143288417946032 ], [ -70.9261639995877, -53.143200000241499 ], [ -70.926176448781817, -53.143198277763666 ], [ -70.926213552272728, -53.143193144238012 ], [ -70.926322999693568, -53.143178000000603 ], [ -70.926379189455318, -53.143171802228188 ], [ -70.926387922154305, -53.143170839355427 ], [ -70.926458999525607, -53.143162999893235 ], [ -70.926525622193495, -53.143158010492819 ], [ -70.926579441712704, -53.143153979417221 ], [ -70.926939724652399, -53.143125676097291 ], [ -70.927033333366111, -53.143118322120898 ], [ -70.927259969966741, -53.143100516866141 ], [ -70.927537563999621, -53.143078708474214 ], [ -70.92832060366959, -53.143017185567537 ], [ -70.928471965910958, -53.143005292818337 ], [ -70.928752189119706, -53.142983274786367 ], [ -70.930318070051499, -53.142813849561534 ], [ -70.930861258173479, -53.14275507335352 ], [ -70.930934951404652, -53.14274709857073 ], [ -70.931817153038949, -53.142651631945391 ], [ -70.931988796178757, -53.142633056824096 ], [ -70.932700244462396, -53.142556061521823 ], [ -70.932806926576859, -53.142544515742649 ], [ -70.93308191552903, -53.142511569582666 ], [ -70.933866834345295, -53.142417525036656 ], [ -70.933930707179144, -53.142409871925381 ], [ -70.934349526979943, -53.142359688341294 ], [ -70.934519253338465, -53.142339351079535 ], [ -70.934925628718247, -53.142290656903867 ], [ -70.935018857399143, -53.142279485750798 ], [ -70.935042395325524, -53.142276665308323 ], [ -70.934515952646251, -53.141508975510867 ], [ -70.934352460902744, -53.141262026307437 ], [ -70.934294080235105, -53.141173843267495 ], [ -70.933875139012059, -53.14053479382774 ], [ -70.933489391138707, -53.139946359129112 ], [ -70.933421965983342, -53.139843502994538 ], [ -70.933404658349261, -53.139817100871305 ], [ -70.933365371220518, -53.139743026887118 ], [ -70.933353631030187, -53.139742803420717 ], [ -70.933260734052197, -53.139741033601908 ], [ -70.933258802271737, -53.139740817296619 ], [ -70.933152014825225, -53.139728867818 ], [ -70.933029247558835, -53.139676231522202 ], [ -70.932870732468345, -53.139444908255626 ], [ -70.932611841598572, -53.139067099389337 ], [ -70.932442468197053, -53.138819924385793 ], [ -70.932170523046892, -53.138423055024681 ], [ -70.932057417865082, -53.138257988588578 ], [ -70.932046451756761, -53.138258852952347 ], [ -70.931972724629958, -53.13826466191253 ], [ -70.931971813676583, -53.138263396547543 ], [ -70.931788148449812, -53.138008385659326 ], [ -70.931628160199978, -53.13790056717275 ], [ -70.931385889129487, -53.13761492248797 ], [ -70.931263642638939, -53.137478975027179 ], [ -70.931142195062165, -53.137403112015285 ], [ -70.931119729608838, -53.137389078238165 ], [ -70.930787315320742, -53.13698712852036 ], [ -70.930751097547002, -53.136947281575125 ], [ -70.93057413881904, -53.136752592282058 ], [ -70.930535679186448, -53.136710279296508 ], [ -70.930499602770183, -53.136696188782771 ], [ -70.93041263724821, -53.136752719493828 ], [ -70.930337103175859, -53.136802136444878 ], [ -70.930217753346639, -53.136727378732331 ], [ -70.930213660985785, -53.136724815225854 ], [ -70.93017871797511, -53.13670017470217 ], [ -70.930021871435954, -53.136589567573431 ], [ -70.929607549096374, -53.136297389090259 ], [ -70.928911730481289, -53.135806689213233 ], [ -70.928780994980855, -53.135714491618792 ], [ -70.928732373298857, -53.135681108957314 ], [ -70.928393613610311, -53.135448520554831 ], [ -70.928309144075342, -53.135390524096856 ], [ -70.928257303976295, -53.135354931426306 ], [ -70.928213190167, -53.135324642695586 ], [ -70.928203726542222, -53.135309806861322 ], [ -70.928269412477306, -53.13527610031533 ], [ -70.927949715389829, -53.134821650982353 ], [ -70.92772366089028, -53.134500307606544 ], [ -70.927575011329694, -53.13428899586804 ], [ -70.927357447550122, -53.133983003894038 ], [ -70.927214903036187, -53.133782520998402 ], [ -70.927154479751366, -53.13369753663865 ], [ -70.927102263801004, -53.133624096826622 ], [ -70.927061386176163, -53.133566602446734 ], [ -70.92690249612582, -53.133343124975298 ], [ -70.926733199622831, -53.133436533307112 ], [ -70.926514338589172, -53.133563448269364 ], [ -70.926305923892059, -53.133684303347202 ], [ -70.926026095220294, -53.133846569758916 ], [ -70.925826385904145, -53.133962375371766 ], [ -70.925498271909333, -53.13415263621561 ], [ -70.924975846258292, -53.134455566071118 ], [ -70.924689260173722, -53.134621741217636 ], [ -70.924439472022939, -53.134766576660788 ], [ -70.923692229256403, -53.135199846563232 ], [ -70.923612065274909, -53.135246326314054 ], [ -70.923058423019498, -53.135567330265566 ], [ -70.922773613919745, -53.135732461768541 ], [ -70.922680547352016, -53.135783977636819 ], [ -70.922181713832728, -53.136060095531548 ], [ -70.922015569345703, -53.136152059196981 ], [ -70.921903140829556, -53.136214290673209 ], [ -70.921786642022312, -53.13627877435367 ], [ -70.921503085188348, -53.136435725702889 ] ] ] } },
{ "type": "Feature", "properties": { "zona": "83" }, "geometry": { "type": "Polygon", "coordinates": [ [ [ -70.873099685290455, -53.128306020184326 ], [ -70.873209134872226, -53.128413779736931 ], [ -70.873572744266625, -53.128635249545447 ], [ -70.873797872028263, -53.128772370619401 ], [ -70.873812766905687, -53.128781442634342 ], [ -70.875606036988898, -53.129873641405815 ], [ -70.876434823580922, -53.130378389272572 ], [ -70.877219590621252, -53.13085631364271 ], [ -70.879919749625444, -53.132500594039399 ], [ -70.879994225662273, -53.132545943800899 ], [ -70.880005551696797, -53.132552841172789 ], [ -70.880031406497963, -53.132568583846798 ], [ -70.880048216160077, -53.132578819780356 ], [ -70.880134765801728, -53.1324828966859 ], [ -70.880184139195606, -53.132428177464767 ], [ -70.880460700154813, -53.132280558417435 ], [ -70.880950394314326, -53.132019171149693 ], [ -70.881095249160069, -53.13194037156002 ], [ -70.881346917757583, -53.131803465557439 ], [ -70.881451394840781, -53.131746630325701 ], [ -70.88188180636557, -53.131516864615818 ], [ -70.882243422482262, -53.131319464034775 ], [ -70.882859583302178, -53.130984738387006 ], [ -70.883275510441337, -53.130760482524479 ], [ -70.883418730639718, -53.130683261733836 ], [ -70.883923238670903, -53.130411070769128 ], [ -70.884178184066911, -53.13027352043499 ], [ -70.886041571141973, -53.129265288316063 ], [ -70.886538901405046, -53.128996182002972 ], [ -70.887368218824989, -53.128547424170499 ], [ -70.888499911899856, -53.127935002065882 ], [ -70.889184667449371, -53.127564427949565 ], [ -70.890399727174412, -53.12690683971293 ], [ -70.891365571047515, -53.126384314415752 ], [ -70.892724990796623, -53.125648828951867 ], [ -70.893123352306347, -53.125433542298609 ], [ -70.893382128183035, -53.125293690017322 ], [ -70.894811470935849, -53.124521191603307 ], [ -70.894975262424694, -53.12443266672544 ], [ -70.895203431946229, -53.124309345663036 ], [ -70.895659282960025, -53.124062964293131 ], [ -70.895777951991477, -53.123998823929377 ], [ -70.896083008852017, -53.12383394119604 ], [ -70.896094000380657, -53.123828000301174 ], [ -70.896151552511895, -53.123802073628092 ], [ -70.896138424751243, -53.123793696968619 ], [ -70.896103862515488, -53.123771641743325 ], [ -70.895992604196564, -53.123708897425537 ], [ -70.8958570291786, -53.123632437840762 ], [ -70.893765444690487, -53.122452808230292 ], [ -70.893624867174339, -53.122373520313715 ], [ -70.893219497298176, -53.122158756930446 ], [ -70.893115339956026, -53.122103574938279 ], [ -70.892452550579037, -53.12175242337112 ], [ -70.891029547803839, -53.120998472381203 ], [ -70.891026901900062, -53.120997070236363 ], [ -70.890986296443586, -53.120975555673404 ], [ -70.889433469351488, -53.120171970406922 ], [ -70.8894322097659, -53.120171318734883 ], [ -70.889379642795276, -53.120144113931012 ], [ -70.889307999285379, -53.120193000052645 ], [ -70.889187887759476, -53.120286796970269 ], [ -70.888403317032683, -53.120678932174492 ], [ -70.888033207778307, -53.120863910954455 ], [ -70.88749980100927, -53.121130501033704 ], [ -70.887189958876249, -53.12128535322335 ], [ -70.885709253916986, -53.122025350313912 ], [ -70.885226740718011, -53.122266014089966 ], [ -70.884018585835307, -53.12286858729555 ], [ -70.883575174921518, -53.123089733006204 ], [ -70.883408613129191, -53.123172803012842 ], [ -70.883365167082246, -53.123194470490716 ], [ -70.883131107175586, -53.123311239393253 ], [ -70.881536325197686, -53.12410682675705 ], [ -70.881024571786867, -53.124362113595893 ], [ -70.880212836532763, -53.124767034237948 ], [ -70.879310057022465, -53.12521735517808 ], [ -70.878964895673846, -53.125389522374995 ], [ -70.878927051317461, -53.125408399505616 ], [ -70.878536746913298, -53.125603081143232 ], [ -70.876851658691464, -53.126443559123707 ], [ -70.87657057592358, -53.126583751201373 ], [ -70.876222537243237, -53.12675733480404 ], [ -70.875814742563847, -53.126960717977958 ], [ -70.875681193965434, -53.127027322749221 ], [ -70.87420613781245, -53.127762959195685 ], [ -70.874192327873871, -53.127769846505963 ], [ -70.873791747328596, -53.127969616008031 ], [ -70.87345990767669, -53.128135101095062 ], [ -70.873309471616409, -53.128206481231132 ], [ -70.873099685290455, -53.128306020184326 ] ] ] } },
{ "type": "Feature", "properties": { "zona": "84" }, "geometry": { "type": "Polygon", "coordinates": [ [ [ -70.869493252818032, -53.139750890955625 ], [ -70.869390859857717, -53.139849614459678 ], [ -70.869542298776778, -53.139909966328972 ], [ -70.874576300881387, -53.141915934254527 ], [ -70.874620184285632, -53.141933169938611 ], [ -70.874664934004542, -53.141902097830162 ], [ -70.874794869285978, -53.141811877540192 ], [ -70.875082988827103, -53.141611820906718 ], [ -70.875238366257193, -53.141503932750581 ], [ -70.875387735373693, -53.141400215984945 ], [ -70.87540510075435, -53.141388157826263 ], [ -70.875527494738719, -53.141303170649678 ], [ -70.875796878322959, -53.14112600247492 ], [ -70.876176486547521, -53.140876338983169 ], [ -70.876555386170196, -53.140627137331542 ], [ -70.876934204827222, -53.140377983899178 ], [ -70.877016119214474, -53.140322804847877 ], [ -70.877347816167173, -53.140099365735921 ], [ -70.877391131051155, -53.140070187778882 ], [ -70.877550072979389, -53.139963118434551 ], [ -70.877666457578286, -53.139884717976543 ], [ -70.877694653720994, -53.139865723311765 ], [ -70.877687749043545, -53.139862016925861 ], [ -70.877679380619597, -53.13985635178377 ], [ -70.877667386156858, -53.139848234603974 ], [ -70.877605709198036, -53.139806486695747 ], [ -70.877574945758866, -53.139783535961975 ], [ -70.87398585375864, -53.137105756097696 ], [ -70.873561063852478, -53.136788796292507 ], [ -70.873482583695846, -53.136761328353273 ], [ -70.873490270265776, -53.136792116921093 ], [ -70.873512315850789, -53.136880414613948 ], [ -70.872529228194679, -53.1375375149332 ], [ -70.871080398159464, -53.138505865243303 ], [ -70.870417963234445, -53.139000536109826 ], [ -70.870174304865941, -53.139182482880173 ], [ -70.869991829575795, -53.13933085226904 ], [ -70.869921950365523, -53.139389724560687 ], [ -70.869722050580023, -53.13955813533056 ], [ -70.869493252818032, -53.139750890955625 ] ] ] } },
{ "type": "Feature", "properties": { "zona": "85" }, "geometry": { "type": "Polygon", "coordinates": [ [ [ -70.881740606519386, -53.145865826091317 ], [ -70.881761528598688, -53.145893394991049 ], [ -70.882105288390179, -53.145691515519694 ], [ -70.882176395943645, -53.145649755332954 ], [ -70.882470344872203, -53.145477125546094 ], [ -70.882498008612544, -53.145460878374777 ], [ -70.882574413798991, -53.145416006293644 ], [ -70.882614219946035, -53.14539262859207 ], [ -70.882805999822921, -53.145280000156014 ], [ -70.882908265116328, -53.145212896271723 ], [ -70.88300493099355, -53.145149466570182 ], [ -70.883161934568179, -53.145046442603636 ], [ -70.883367237001366, -53.144912693589561 ], [ -70.883519367902423, -53.144813583618401 ], [ -70.883657422062527, -53.144723643900029 ], [ -70.883830486051139, -53.144610894831949 ], [ -70.883929046313156, -53.144546683504331 ], [ -70.884163180170702, -53.144394146137714 ], [ -70.884224260023672, -53.144353798996598 ], [ -70.884329090155234, -53.144286611821975 ], [ -70.885577661840031, -53.143486359698421 ], [ -70.885589501482912, -53.143478771335893 ], [ -70.885620839425769, -53.143459484129536 ], [ -70.885629843901796, -53.143453943127376 ], [ -70.885644570136833, -53.143444879503981 ], [ -70.885643395202834, -53.143444228033282 ], [ -70.88563940437966, -53.143442015508441 ], [ -70.885633076509336, -53.143438506782509 ], [ -70.885627947807976, -53.143435662060263 ], [ -70.885579511249347, -53.143408805863309 ], [ -70.885523253821887, -53.143377612013154 ], [ -70.885399778497046, -53.143309146104485 ], [ -70.885386953796996, -53.143302034619801 ], [ -70.885067832948025, -53.143125084158797 ], [ -70.884885218598342, -53.143023824256233 ], [ -70.884858731215886, -53.14300913766921 ], [ -70.883989127906133, -53.142526932138964 ], [ -70.883878954789949, -53.142465838327801 ], [ -70.883550830973434, -53.142283885104625 ], [ -70.883254401332465, -53.142119505014897 ], [ -70.882288854436396, -53.141584062027349 ], [ -70.882040461671252, -53.141446312017692 ], [ -70.881749063888222, -53.141284712837837 ], [ -70.881689808972368, -53.141251851584535 ], [ -70.881386640320272, -53.141083721212688 ], [ -70.881141173929109, -53.140947589988201 ], [ -70.880881262172011, -53.140803446281254 ], [ -70.880767957075562, -53.140740608193319 ], [ -70.88034126270864, -53.140506163846815 ], [ -70.88022967831732, -53.140444852952378 ], [ -70.880157436679667, -53.140405160174289 ], [ -70.880133180007348, -53.140391831677668 ], [ -70.879742254711488, -53.140177036220621 ], [ -70.879652923083555, -53.140127952074387 ], [ -70.879314131952071, -53.139941797243885 ], [ -70.878944645664347, -53.139738774525441 ], [ -70.878602145867745, -53.139550576505094 ], [ -70.878431902531361, -53.139457029708225 ], [ -70.878399374500304, -53.139439156387979 ], [ -70.878360865087785, -53.139417995539148 ], [ -70.878359642614328, -53.13941845062142 ], [ -70.878344264257493, -53.139428603511732 ], [ -70.878320678438158, -53.139444175154644 ], [ -70.878307895358617, -53.139452614370391 ], [ -70.877694653720994, -53.139865723311765 ], [ -70.877666457578286, -53.139884717976543 ], [ -70.877550072979389, -53.139963118434551 ], [ -70.877391131051155, -53.140070187778882 ], [ -70.877347816167173, -53.140099365735921 ], [ -70.877016119214474, -53.140322804847877 ], [ -70.876934204827222, -53.140377983899178 ], [ -70.876555386170196, -53.140627137331542 ], [ -70.876176486547521, -53.140876338983169 ], [ -70.875796878322959, -53.14112600247492 ], [ -70.875527494738719, -53.141303170649678 ], [ -70.87540510075435, -53.141388157826263 ], [ -70.875387735373693, -53.141400215984945 ], [ -70.875238366257193, -53.141503932750581 ], [ -70.875082988827103, -53.141611820906718 ], [ -70.874794869285978, -53.141811877540192 ], [ -70.874664934004542, -53.141902097830162 ], [ -70.874620184285632, -53.141933169938611 ], [ -70.878176017902859, -53.143329647399106 ], [ -70.879345119898701, -53.144017569504761 ], [ -70.881537170550928, -53.145597765937637 ], [ -70.881740606519386, -53.145865826091317 ] ] ] } },
{ "type": "Feature", "properties": { "zona": "86" }, "geometry": { "type": "Polygon", "coordinates": [ [ [ -70.892146530121053, -53.150726085857833 ], [ -70.892022454314699, -53.150766194635061 ], [ -70.891358226561906, -53.15099843983441 ], [ -70.89098621112133, -53.1511285103565 ], [ -70.890965459643496, -53.151135766096488 ], [ -70.890762527368054, -53.151206717620099 ], [ -70.890730362727837, -53.151217964276704 ], [ -70.890705017839934, -53.151226825276517 ], [ -70.89063363833354, -53.151251781689226 ], [ -70.890637372807532, -53.151255417286201 ], [ -70.890768141350193, -53.151382692227351 ], [ -70.890937587255522, -53.151547610345851 ], [ -70.89100909778621, -53.151617210325163 ], [ -70.891015933151181, -53.151623863182202 ], [ -70.891163000374974, -53.15176699990203 ], [ -70.891184576976428, -53.151787548672324 ], [ -70.891190740506261, -53.151793419064276 ], [ -70.891267759131551, -53.151866769716733 ], [ -70.891382070869213, -53.151975638549679 ], [ -70.891545341430756, -53.152131131629844 ], [ -70.891585949794276, -53.152169804897483 ], [ -70.891623292533595, -53.152205368843582 ], [ -70.89168198742955, -53.15226126769187 ], [ -70.89181880163386, -53.152391562321235 ], [ -70.891874413810328, -53.152444524505391 ], [ -70.891878141632816, -53.152448075270364 ], [ -70.891883663472896, -53.152453334233648 ], [ -70.891883719566977, -53.152453389246389 ], [ -70.89188578872286, -53.152455381319967 ], [ -70.891893276156651, -53.152462494742196 ], [ -70.891895926467342, -53.152465013352995 ], [ -70.891902962493802, -53.152471714467595 ], [ -70.891905727548306, -53.152474347689768 ], [ -70.891913570257927, -53.152471437781685 ], [ -70.89191540876385, -53.152470755559825 ], [ -70.892143447667848, -53.152386141361717 ], [ -70.892285722099103, -53.15233335017804 ], [ -70.892669425345062, -53.152190973720735 ], [ -70.892828254095008, -53.152132038475948 ], [ -70.89289514960366, -53.152107216414272 ], [ -70.893066975714291, -53.152043458342298 ], [ -70.893478663317893, -53.151890693385155 ], [ -70.893630998676286, -53.151834165870973 ], [ -70.893715497390318, -53.1518028105287 ], [ -70.893770304799133, -53.151782472270384 ], [ -70.894312266074124, -53.151581360967008 ], [ -70.894372118132921, -53.151559150114444 ], [ -70.894559342316029, -53.151489674136066 ], [ -70.895088584283428, -53.15129327564177 ], [ -70.895178509167451, -53.151259905378005 ], [ -70.895234953421181, -53.15123895909111 ], [ -70.895312148998812, -53.151210311899789 ], [ -70.895783918079559, -53.151035236808575 ], [ -70.895998109978208, -53.150955748055161 ], [ -70.896000409133876, -53.150954894561742 ], [ -70.896201114234302, -53.150880410209453 ], [ -70.896556696780195, -53.150748448501226 ], [ -70.896614355936123, -53.15072705054299 ], [ -70.896678814694113, -53.150703128242718 ], [ -70.896878831801402, -53.15062889700156 ], [ -70.896921178892924, -53.150613181107943 ], [ -70.897139738811205, -53.150545446425866 ], [ -70.897119039242313, -53.15052366604003 ], [ -70.897079997363264, -53.150476653094934 ], [ -70.896690954233804, -53.150008179660652 ], [ -70.89612012209929, -53.149320777549391 ], [ -70.895877645832996, -53.149405863230257 ], [ -70.895422637540989, -53.149566874772361 ], [ -70.895270056724726, -53.149620867276127 ], [ -70.895157176179012, -53.149660810706017 ], [ -70.894066838414673, -53.15004662674361 ], [ -70.893835495761223, -53.15012848467758 ], [ -70.892957907353292, -53.150439004438169 ], [ -70.892753781340716, -53.150511228709846 ], [ -70.892146530121053, -53.150726085857833 ] ] ] } },
{ "type": "Feature", "properties": { "zona": "87" }, "geometry": { "type": "Polygon", "coordinates": [ [ [ -70.889258703442238, -53.151744690293853 ], [ -70.889165809561163, -53.151777656646381 ], [ -70.889051055896431, -53.151818380665539 ], [ -70.88904859457223, -53.151819253608053 ], [ -70.889009378278871, -53.1518331706094 ], [ -70.887644381632171, -53.152326141994614 ], [ -70.887545917165099, -53.152361701318888 ], [ -70.887160129323931, -53.152497842607787 ], [ -70.886126333454158, -53.152862650386098 ], [ -70.88590882512807, -53.152939403616401 ], [ -70.885773930609204, -53.152973387929798 ], [ -70.885567875950755, -53.153025299381376 ], [ -70.885458812390027, -53.153060913048684 ], [ -70.885411177887093, -53.153076468063638 ], [ -70.884571753088636, -53.153350570537832 ], [ -70.884776616602267, -53.153646838587292 ], [ -70.886371531428921, -53.157093419238137 ], [ -70.8867647075935, -53.156970363368025 ], [ -70.886951815681826, -53.156911802164224 ], [ -70.887012596903574, -53.156892778201659 ], [ -70.887066878105173, -53.156875789095821 ], [ -70.887225538876592, -53.156826130661337 ], [ -70.887230360402455, -53.156824963367654 ], [ -70.887501717988982, -53.156759254565245 ], [ -70.887607133314987, -53.156719152516402 ], [ -70.888446185605815, -53.156399954651988 ], [ -70.889033478066864, -53.156176526761335 ], [ -70.88938369994456, -53.156043286596855 ], [ -70.889730193992008, -53.15591081973578 ], [ -70.890111262366162, -53.155765132236681 ], [ -70.89068537605624, -53.155548153197593 ], [ -70.890876385406571, -53.155475168455048 ], [ -70.890882402915494, -53.155472869308426 ], [ -70.890944050065684, -53.155448521769451 ], [ -70.891324525967889, -53.155298252797124 ], [ -70.891861586758935, -53.155086136446897 ], [ -70.892078163344337, -53.155000596306273 ], [ -70.892370346130164, -53.154885193231983 ], [ -70.893143744967048, -53.154573759480421 ], [ -70.893280644469741, -53.154518631402667 ], [ -70.893866686739401, -53.1542826349365 ], [ -70.893825918751801, -53.154245042785433 ], [ -70.893824868049322, -53.154244073647078 ], [ -70.893739112880368, -53.154164998682468 ], [ -70.893473242687435, -53.153919837960103 ], [ -70.893340505465758, -53.15379743780754 ], [ -70.893311805056797, -53.153770971632341 ], [ -70.893181599202279, -53.15365090494155 ], [ -70.892759953512254, -53.153262090000489 ], [ -70.892699619245761, -53.153206452650082 ], [ -70.892654162401811, -53.153164533982078 ], [ -70.892572988308473, -53.153089677909939 ], [ -70.891918985749072, -53.152486573946682 ], [ -70.891905860994839, -53.152474470144149 ], [ -70.891905727548306, -53.152474347689768 ], [ -70.891902962493802, -53.152471714467595 ], [ -70.891895926467342, -53.152465013352995 ], [ -70.891893276156651, -53.152462494742196 ], [ -70.89188578872286, -53.152455381319967 ], [ -70.891883719566977, -53.152453389246389 ], [ -70.891883663472896, -53.152453334233648 ], [ -70.891878141632816, -53.152448075270364 ], [ -70.891874413810328, -53.152444524505391 ], [ -70.89181880163386, -53.152391562321235 ], [ -70.89168198742955, -53.15226126769187 ], [ -70.891623292533595, -53.152205368843582 ], [ -70.891585949794276, -53.152169804897483 ], [ -70.891545341430756, -53.152131131629844 ], [ -70.891382070869213, -53.151975638549679 ], [ -70.891267759131551, -53.151866769716733 ], [ -70.891190740506261, -53.151793419064276 ], [ -70.891184576976428, -53.151787548672324 ], [ -70.891163000374974, -53.15176699990203 ], [ -70.891015933151181, -53.151623863182202 ], [ -70.89100909778621, -53.151617210325163 ], [ -70.890937587255522, -53.151547610345851 ], [ -70.890768141350193, -53.151382692227351 ], [ -70.890637372807532, -53.151255417286201 ], [ -70.89063363833354, -53.151251781689226 ], [ -70.890059269414195, -53.151458992319633 ], [ -70.889952082442107, -53.151497660547172 ], [ -70.889788208002415, -53.151556779172708 ], [ -70.889403589312508, -53.151693273816832 ], [ -70.889258703442238, -53.151744690293853 ] ] ] } },
{ "type": "Feature", "properties": { "zona": "88" }, "geometry": { "type": "Polygon", "coordinates": [ [ [ -70.935744904529088, -53.195249482576166 ], [ -70.935759285242796, -53.195283722431505 ], [ -70.93578929673167, -53.195355182784319 ], [ -70.935797408976285, -53.195380265113968 ], [ -70.935813050742937, -53.195428627847853 ], [ -70.935834747610713, -53.195586704526036 ], [ -70.935844993274117, -53.195661354039508 ], [ -70.935847884227783, -53.195682415989111 ], [ -70.935854370031521, -53.195729664401185 ], [ -70.935870550667488, -53.195847558483038 ], [ -70.93590273944605, -53.196082070570824 ], [ -70.935902717871855, -53.196105289092145 ], [ -70.935897796268804, -53.196206210900705 ], [ -70.935893638337973, -53.196291481391739 ], [ -70.93588389127207, -53.196491343876481 ], [ -70.935874277812218, -53.1966884663873 ], [ -70.935861622915596, -53.196948128945373 ], [ -70.935861015767458, -53.196960688448669 ], [ -70.935860998236066, -53.196960999994552 ], [ -70.935859163367255, -53.197039819992689 ], [ -70.935858984700289, -53.197047477178998 ], [ -70.935853627457888, -53.197277637239686 ], [ -70.935850204395805, -53.19742465564422 ], [ -70.935846137065838, -53.197599360960147 ], [ -70.935840547634683, -53.197839400063366 ], [ -70.935837632093936, -53.197891060721716 ], [ -70.935836687228232, -53.197907785309781 ], [ -70.935838306042271, -53.197942544460105 ], [ -70.935837646213798, -53.198008280122302 ], [ -70.935837581823961, -53.198014715121843 ], [ -70.935834542263621, -53.198197401292084 ], [ -70.935836409988326, -53.198383694101672 ], [ -70.935836413275283, -53.198384007258305 ], [ -70.935836590319738, -53.198401681421508 ], [ -70.935860810456134, -53.198801170830023 ], [ -70.935877051615932, -53.198894779908272 ], [ -70.935901828500306, -53.199037580270812 ], [ -70.935956080208982, -53.199259827650394 ], [ -70.935993283606919, -53.199364287183215 ], [ -70.936094754684987, -53.199649201112855 ], [ -70.936111053457225, -53.199694963110474 ], [ -70.93633728821743, -53.200227259015364 ], [ -70.936398667477718, -53.200332956200022 ], [ -70.93650903911832, -53.200523018160283 ], [ -70.936587989393104, -53.200649014705839 ], [ -70.936958428096915, -53.201240190671484 ], [ -70.937067560258484, -53.201414348790642 ], [ -70.937229600832666, -53.201672937531164 ], [ -70.937346190854527, -53.201858994746942 ], [ -70.937430014448537, -53.201992760979529 ], [ -70.937558987018122, -53.202198572176492 ], [ -70.93772486863601, -53.202463281413365 ], [ -70.93774835593365, -53.202501664894001 ], [ -70.937902791229234, -53.202470847265531 ], [ -70.938303603723298, -53.202376963934213 ], [ -70.939001932031502, -53.20221338779659 ], [ -70.939097387119375, -53.20219415830779 ], [ -70.939255715187372, -53.202163580675574 ], [ -70.939476619229097, -53.202114898779968 ], [ -70.939701128387327, -53.202077583913251 ], [ -70.939889237496885, -53.202039026359174 ], [ -70.940087825035889, -53.201998577229098 ], [ -70.940315345253225, -53.201959115097814 ], [ -70.940496198914019, -53.201918060129479 ], [ -70.940723930601365, -53.201876354666382 ], [ -70.940940164930424, -53.201827511656482 ], [ -70.941069600036471, -53.201775705932583 ], [ -70.941162423239192, -53.201724899839235 ], [ -70.941206598753027, -53.201703067255849 ], [ -70.941290118415139, -53.201661790136548 ], [ -70.941366035346888, -53.201618022700075 ], [ -70.941407970953634, -53.20159384676019 ], [ -70.941504314521595, -53.201545409387201 ], [ -70.94154962262219, -53.201501976628265 ], [ -70.941554585837238, -53.201459418189167 ], [ -70.941593996488493, -53.201359563209749 ], [ -70.941648340305974, -53.201309692932803 ], [ -70.941630351884911, -53.201183142186537 ], [ -70.941630266667488, -53.201124667586868 ], [ -70.941647914089572, -53.201066799716429 ], [ -70.941675615802694, -53.201011522810042 ], [ -70.941704250744635, -53.200956277733653 ], [ -70.941734752214344, -53.200901096324486 ], [ -70.941766398991945, -53.20084370510164 ], [ -70.941796900294818, -53.200788523672699 ], [ -70.94182740151588, -53.200733342234059 ], [ -70.941883398750406, -53.200685777141651 ], [ -70.941920220780247, -53.200633060173544 ], [ -70.941924801522248, -53.200574745640814 ], [ -70.941970956344448, -53.200522347016069 ], [ -70.94202436532693, -53.200472444697589 ], [ -70.942068441258641, -53.200422224001507 ], [ -70.942078833577355, -53.200361858824827 ], [ -70.942114721780982, -53.20030910994948 ], [ -70.942173517992515, -53.200261640205397 ], [ -70.942198418596064, -53.200206267646159 ], [ -70.942202065597485, -53.200147921257518 ], [ -70.942199179587107, -53.20008935203056 ], [ -70.942200960000932, -53.200030941972997 ], [ -70.942212073234245, -53.199972850253424 ], [ -70.942234385897663, -53.199915139639145 ], [ -70.942259286113668, -53.199859767956042 ], [ -70.942279732088707, -53.199801993663328 ], [ -70.942289911777223, -53.1997438709951 ], [ -70.942307557732732, -53.199686002092271 ], [ -70.942350911254437, -53.199633507788242 ], [ -70.94240338536774, -53.19958357343188 ], [ -70.942441139022634, -53.199530888097115 ], [ -70.942470917212418, -53.199473432975964 ], [ -70.942514058270305, -53.199423180247351 ], [ -70.942574507374516, -53.199378014678295 ], [ -70.942642210305493, -53.199335347155511 ], [ -70.942712712992389, -53.199292774183625 ], [ -70.942782070248356, -53.199252410983078 ], [ -70.942856814957452, -53.199214480355565 ], [ -70.942944286446576, -53.199190476968695 ], [ -70.943031969849912, -53.199164231869766 ], [ -70.943113544298001, -53.199133280627237 ], [ -70.943197918425398, -53.199102424803669 ], [ -70.943286322769708, -53.199078452982675 ], [ -70.943377314820182, -53.199056818213784 ], [ -70.94347284652325, -53.199046581653619 ], [ -70.943566723552209, -53.199034040619523 ], [ -70.943656994004328, -53.199010133058486 ], [ -70.943746119209507, -53.198988434356764 ], [ -70.943834735081381, -53.198962219572913 ], [ -70.94392220545447, -53.198938216342583 ], [ -70.944008954511688, -53.198911938681405 ], [ -70.944094982240259, -53.198883386590722 ], [ -70.944177488590896, -53.198852467307958 ], [ -70.944264025382793, -53.198828431103387 ], [ -70.944358113670063, -53.198813647781421 ], [ -70.94444392896132, -53.198787337976206 ], [ -70.94452995616264, -53.198758785560216 ], [ -70.944619292270247, -53.198734845431645 ], [ -70.944710071045634, -53.198715451266082 ], [ -70.944799407053068, -53.198691510101817 ], [ -70.944884500578254, -53.19866292560787 ], [ -70.944972903042441, -53.198638953393512 ], [ -70.94506058413802, -53.198612706752265 ], [ -70.945135113867821, -53.198577016282186 ], [ -70.945180329385039, -53.198524583576379 ], [ -70.945233732099069, -53.198474679685859 ], [ -70.945303085611812, -53.19843431583751 ], [ -70.945375238920334, -53.198394045577928 ], [ -70.945449979801467, -53.198356114141355 ], [ -70.945526587137365, -53.198318245372825 ], [ -70.94560370385193, -53.19828489166531 ], [ -70.945682687031578, -53.19825160062058 ], [ -70.945778513981281, -53.198248120723029 ], [ -70.945857285022683, -53.198217072108861 ], [ -70.945931092013382, -53.198179107653935 ], [ -70.946006765368992, -53.198141206757263 ], [ -70.946089057198435, -53.198112526850146 ], [ -70.946182422024222, -53.198095467687814 ], [ -70.946278162685601, -53.198082988958127 ], [ -70.9463715273791, -53.198065929644649 ], [ -70.946463958586378, -53.198048840250031 ], [ -70.946557323053895, -53.198031781684463 ], [ -70.94665234212988, -53.19801702829696 ], [ -70.946746216092222, -53.198004484691317 ], [ -70.946835549542016, -53.197980541945846 ], [ -70.946920640266839, -53.197951956836718 ], [ -70.947006664209042, -53.197923402563227 ], [ -70.947098373423131, -53.197904039211828 ], [ -70.947192670589672, -53.197887011931158 ], [ -70.947268428473294, -53.19785810862502 ], [ -70.947337779190974, -53.197817742635117 ], [ -70.94741510540878, -53.197782146048844 ], [ -70.947492431499342, -53.197746549409693 ], [ -70.947564369784871, -53.197708520313057 ], [ -70.947628544065651, -53.197663480079093 ], [ -70.947687330537306, -53.197616007408698 ], [ -70.947744250403517, -53.197568471127461 ], [ -70.947802103378294, -53.197520966605346 ], [ -70.94781128035568, -53.197514825838041 ], [ -70.947866065380964, -53.197478167891823 ], [ -70.947943178811471, -53.197444812600686 ], [ -70.94803437701141, -53.197420931597371 ], [ -70.94811594456398, -53.197389977682363 ], [ -70.94818622696279, -53.197349642952325 ], [ -70.948256509229608, -53.197309308178042 ], [ -70.948331245802081, -53.197271373944737 ], [ -70.948403394265853, -53.197231102647748 ], [ -70.948468288467723, -53.197188335373369 ], [ -70.948530594560538, -53.197143231049573 ], [ -70.948591967293765, -53.197098094907737 ], [ -70.948654273208533, -53.197052989617013 ], [ -70.948677546821742, -53.197036654817509 ], [ -70.94871844527411, -53.197007949647542 ], [ -70.948753127272965, -53.196981606369533 ], [ -70.948777951163549, -53.196962749838242 ], [ -70.94881569461846, -53.196910062270092 ], [ -70.948853649665821, -53.196855133025032 ], [ -70.948906112874994, -53.196805194677282 ], [ -70.948959297414618, -53.196757530643239 ], [ -70.949000773250191, -53.196704971022463 ], [ -70.949004077601757, -53.196690187920375 ], [ -70.949348168864944, -53.196312884314686 ], [ -70.949497164327937, -53.196149504547897 ], [ -70.949700381265373, -53.195926667409665 ], [ -70.949980161328924, -53.195619868561195 ], [ -70.950146424225395, -53.195328021308462 ], [ -70.950384259309885, -53.194907707176839 ], [ -70.950564670342004, -53.194675842564656 ], [ -70.950745080865303, -53.194443977685758 ], [ -70.95083344455783, -53.194137577781213 ], [ -70.950753718018589, -53.193932559133998 ], [ -70.950592743793635, -53.193748574942497 ], [ -70.9505536401672, -53.193533037941883 ], [ -70.950749718769003, -53.193135102910787 ], [ -70.950975220984205, -53.192845271151945 ], [ -70.951018240117961, -53.192651868076659 ], [ -70.951035952250976, -53.192569169182825 ], [ -70.951372532136901, -53.192431354973905 ], [ -70.951568411907729, -53.192371380333917 ], [ -70.951807217350662, -53.19236046669085 ], [ -70.952036489258319, -53.192282586931348 ], [ -70.95236325159523, -53.192179463404806 ], [ -70.952449418332435, -53.192106233313375 ], [ -70.952652456409638, -53.19197033847567 ], [ -70.953088031642281, -53.191889955071247 ], [ -70.953506908504238, -53.191818522875415 ], [ -70.953738859251771, -53.191712170406142 ], [ -70.954001516033884, -53.191616381820296 ], [ -70.954402797685987, -53.191563387876521 ], [ -70.954613576498147, -53.191513434950977 ], [ -70.954766216733802, -53.191575747076826 ], [ -70.954839851567471, -53.191635372372225 ], [ -70.954863401679759, -53.191721855985151 ], [ -70.954839549458967, -53.191806726742783 ], [ -70.95483418149243, -53.19186366544789 ], [ -70.954925408086211, -53.191904848187129 ], [ -70.955048237047791, -53.191947106366705 ], [ -70.955206245470109, -53.191952479192302 ], [ -70.955499608386177, -53.191867251316999 ], [ -70.955620947844878, -53.191757134368757 ], [ -70.955777466601162, -53.191610131917429 ], [ -70.955932195426456, -53.191482109131144 ], [ -70.956050851015277, -53.191400461142656 ], [ -70.956245825562945, -53.191349968079265 ], [ -70.956495954877596, -53.191387031366752 ], [ -70.956616995562257, -53.191448266942011 ], [ -70.95675651953799, -53.191481570028188 ], [ -70.957000684271037, -53.191413706987305 ], [ -70.957169422188841, -53.191305199490962 ], [ -70.957339051817954, -53.191187202171157 ], [ -70.957539389803799, -53.191079767199632 ], [ -70.95793558986496, -53.190912347283692 ], [ -70.95825546700911, -53.190713771363932 ], [ -70.958486506568363, -53.190616898812657 ], [ -70.958586672142616, -53.190563180771818 ], [ -70.958983757179041, -53.190386266755333 ], [ -70.959670934994435, -53.190495290914804 ], [ -70.959977398987064, -53.190439057808646 ], [ -70.960268060718008, -53.190382288169452 ], [ -70.960700033544271, -53.190339836301995 ], [ -70.961006493713427, -53.190283600445746 ], [ -70.961877158906574, -53.190290693129235 ], [ -70.962181212236715, -53.19009156979083 ], [ -70.962939630939715, -53.190117311558467 ], [ -70.963610924510988, -53.189721203893804 ], [ -70.96422436089712, -53.18926600769182 ], [ -70.965243969577898, -53.189548121062032 ], [ -70.965581907635382, -53.188988371719894 ], [ -70.966935868505033, -53.188748679284089 ], [ -70.967506954918008, -53.188406273855634 ], [ -70.967602257584176, -53.188066777638078 ], [ -70.968135882462477, -53.188122947349648 ], [ -70.969264552907475, -53.188256399625722 ], [ -70.970938033042586, -53.187989408507654 ], [ -70.972464184856719, -53.18760316402355 ], [ -70.972782419700692, -53.187252171646371 ], [ -70.972984868385808, -53.186716283413652 ], [ -70.972791406157199, -53.186284925862175 ], [ -70.972666792009747, -53.18600707601253 ], [ -70.972666075171304, -53.186005474844876 ], [ -70.972665313993602, -53.186005575009155 ], [ -70.972629993422601, -53.186010750591429 ], [ -70.972538733166928, -53.186024124097607 ], [ -70.972445026684625, -53.186037855482326 ], [ -70.972009418072048, -53.186101686537732 ], [ -70.971687921754182, -53.186148795441561 ], [ -70.97165554371837, -53.186153539658584 ], [ -70.971611596729886, -53.186160822777587 ], [ -70.97122477779007, -53.186224927010706 ], [ -70.970993766542733, -53.186263210368395 ], [ -70.970900628437548, -53.18627864464414 ], [ -70.970557224745846, -53.186294757745777 ], [ -70.970513147048607, -53.186296825883879 ], [ -70.97017901356989, -53.186312502610605 ], [ -70.970121262626378, -53.186315212013305 ], [ -70.969904484011096, -53.186346433690808 ], [ -70.969730646407456, -53.186371471002069 ], [ -70.969729400078336, -53.186371650061247 ], [ -70.969723734605481, -53.186372464690919 ], [ -70.96969144783175, -53.186377109821777 ], [ -70.9693879419155, -53.186450461799453 ], [ -70.969369444766201, -53.186454931831875 ], [ -70.969112022337612, -53.186517144909281 ], [ -70.96894997947372, -53.186539605097522 ], [ -70.968667832727533, -53.186578711156741 ], [ -70.967708087957988, -53.186712790327945 ], [ -70.966020764986624, -53.187043051817994 ], [ -70.965171913096412, -53.187237985311221 ], [ -70.964197765983641, -53.187390088462799 ], [ -70.964160105010848, -53.187395968352575 ], [ -70.963752016639461, -53.187454475671181 ], [ -70.963329349222661, -53.187516294626299 ], [ -70.962145411688539, -53.187717923899235 ], [ -70.961109944296211, -53.187891261866156 ], [ -70.960705604922524, -53.187960357749439 ], [ -70.959572201666944, -53.18816367863937 ], [ -70.959198948550693, -53.188222401139889 ], [ -70.95832783382248, -53.188367025479415 ], [ -70.957946498300856, -53.188427373811805 ], [ -70.95722332591302, -53.188549409294041 ], [ -70.957217583848646, -53.188539664550866 ], [ -70.957114004358758, -53.188363857560191 ], [ -70.957084126842645, -53.188284827089134 ], [ -70.957082284163675, -53.188279952784086 ], [ -70.957063074570513, -53.188234368420531 ], [ -70.956961811225383, -53.187994059728041 ], [ -70.956921560232914, -53.18791443913684 ], [ -70.956893703388488, -53.187859335068865 ], [ -70.956838897346927, -53.187750924470741 ], [ -70.953083705657463, -53.188873354023976 ], [ -70.948536841832123, -53.190337414349166 ], [ -70.948536795136292, -53.190337369580355 ], [ -70.948522907728844, -53.19032416076125 ], [ -70.948380741205469, -53.190188941441463 ], [ -70.948290354929682, -53.190102971087462 ], [ -70.948141792621257, -53.189961665843825 ], [ -70.947958041341479, -53.189786891263772 ], [ -70.947541873662146, -53.189391052090265 ], [ -70.947541024301032, -53.189390245043498 ], [ -70.947444161506709, -53.189298113617575 ], [ -70.947432369047831, -53.189286897470986 ], [ -70.947327175875813, -53.189186844054291 ], [ -70.946995764071687, -53.188871621408182 ], [ -70.946993004693283, -53.188868996054168 ], [ -70.940758889788256, -53.182940995866502 ], [ -70.940613143162068, -53.182802378867692 ], [ -70.940611863831776, -53.182801164887692 ], [ -70.940605455952351, -53.182795071215843 ], [ -70.940604254105153, -53.182793924647953 ], [ -70.940503633012199, -53.182697946338912 ], [ -70.940435588610967, -53.182633042997473 ], [ -70.939687436298783, -53.181919396472978 ], [ -70.939677981057969, -53.18191037772084 ], [ -70.93959692124487, -53.181946694300393 ], [ -70.938269632304809, -53.182489919391365 ], [ -70.937651940208866, -53.182742714842057 ], [ -70.937582056721567, -53.182771314929553 ], [ -70.937563278828989, -53.182778999841403 ], [ -70.937171229996096, -53.182939445746705 ], [ -70.936662030457029, -53.183147830343856 ], [ -70.936340843218844, -53.183276092139863 ], [ -70.936124483046214, -53.183267217544028 ], [ -70.93581986688622, -53.183254721536159 ], [ -70.935821535342527, -53.18339401239124 ], [ -70.935823203700835, -53.183533304140695 ], [ -70.935837901850675, -53.183560487130748 ], [ -70.935858606095977, -53.183598776133692 ], [ -70.935612792309897, -53.183679034025324 ], [ -70.934193316687598, -53.184142473250574 ], [ -70.933037446737956, -53.184519829307987 ], [ -70.933145004245659, -53.18463537011867 ], [ -70.933150726481017, -53.184641516323559 ], [ -70.931966399639862, -53.185097262427341 ], [ -70.9318713161434, -53.185136039426446 ], [ -70.931566061218518, -53.185260526568207 ], [ -70.930959843941139, -53.185507747358756 ], [ -70.930943444939189, -53.185514434971239 ], [ -70.92956762481019, -53.18607548271077 ], [ -70.929363124688976, -53.186158873471364 ], [ -70.929229051099199, -53.186177692363188 ], [ -70.92925232727238, -53.186237524105323 ], [ -70.929281288024129, -53.186311963968436 ], [ -70.929343684977965, -53.186472350122258 ], [ -70.929354706687462, -53.186500681907589 ], [ -70.929368367858416, -53.186535795815402 ], [ -70.929385986779323, -53.18658108240701 ], [ -70.929429998404402, -53.186694210843321 ], [ -70.929449273081843, -53.186743752312324 ], [ -70.929508104939657, -53.186894969520438 ], [ -70.929607657580888, -53.187150855452082 ], [ -70.929624514806321, -53.187194182788012 ], [ -70.929655401277159, -53.187270816781144 ], [ -70.929699225066202, -53.187377049866043 ], [ -70.929843642356417, -53.187727118700131 ], [ -70.929880396604034, -53.187815524384888 ], [ -70.929967304070644, -53.188024559283861 ], [ -70.929988189801321, -53.188074796250234 ], [ -70.930094482655278, -53.188314259724116 ], [ -70.930155871596284, -53.188463177496892 ], [ -70.930159969874865, -53.188473119274619 ], [ -70.930271860209814, -53.18874454186269 ], [ -70.930482980117105, -53.189175136090611 ], [ -70.93052926100269, -53.189258373869428 ], [ -70.930549612294556, -53.189294975863618 ], [ -70.930626516647607, -53.18943328765058 ], [ -70.930818092920248, -53.189719738031371 ], [ -70.930879530731374, -53.189798660848155 ], [ -70.930905428746712, -53.1898319289607 ], [ -70.931047640029519, -53.190014612313981 ], [ -70.931111991966816, -53.190097276077694 ], [ -70.931362973843747, -53.190373340960335 ], [ -70.931447876087347, -53.190466728470405 ], [ -70.931478510074712, -53.190497650472352 ], [ -70.931513635840034, -53.190533106030117 ], [ -70.931695337130634, -53.1907165158024 ], [ -70.932006291724718, -53.191030388524631 ], [ -70.932200916432208, -53.191224482641054 ], [ -70.932294754343701, -53.191318064413501 ], [ -70.932377140565308, -53.191400224173961 ], [ -70.932407620464502, -53.191430620702029 ], [ -70.932435529182357, -53.191458452827057 ], [ -70.932609944850071, -53.191632387905869 ], [ -70.932700727462404, -53.191722920615184 ], [ -70.932719736254313, -53.191741877402229 ], [ -70.932925789727008, -53.191947360745559 ], [ -70.932955833913297, -53.191977321231107 ], [ -70.933041473962561, -53.19206272398462 ], [ -70.933073729678327, -53.192094890193033 ], [ -70.933101827536518, -53.192127024883511 ], [ -70.933228185216393, -53.192271536768054 ], [ -70.933241211060363, -53.192284453511597 ], [ -70.933336645222766, -53.192379082062871 ], [ -70.933359382554826, -53.192401626789575 ], [ -70.933377216849536, -53.192419311819627 ], [ -70.933421781056538, -53.192463499357949 ], [ -70.933456403968464, -53.192497829744951 ], [ -70.933609053481945, -53.192645471786705 ], [ -70.933619917358612, -53.192655979336926 ], [ -70.933786910063176, -53.192817493207272 ], [ -70.933822908837286, -53.192852310390634 ], [ -70.934013129560967, -53.193036287260739 ], [ -70.93403784057972, -53.193060187469307 ], [ -70.934088792627307, -53.193109466858182 ], [ -70.934312120797486, -53.193325689490145 ], [ -70.934328769691476, -53.193341808206092 ], [ -70.934414191391056, -53.193424512749317 ], [ -70.93441621920762, -53.193426475615404 ], [ -70.934471667733277, -53.193480158894218 ], [ -70.934651461057157, -53.193660739578313 ], [ -70.934658210587259, -53.193667518995802 ], [ -70.934712413743483, -53.193721958394228 ], [ -70.934924043707952, -53.193934513704654 ], [ -70.934996553842282, -53.194015976857955 ], [ -70.935006896627783, -53.194027596301638 ], [ -70.935035237618223, -53.19405943744642 ], [ -70.935105605143463, -53.194138492967674 ], [ -70.935298154640122, -53.194384722484216 ], [ -70.935310973736989, -53.19440111498465 ], [ -70.935338438287147, -53.194436235557333 ], [ -70.935339051875189, -53.194437063422477 ], [ -70.935481921731622, -53.194662330233641 ], [ -70.93552358191144, -53.194728015051531 ], [ -70.935530444617783, -53.194738836374967 ], [ -70.935534872580462, -53.194749380204954 ], [ -70.935561469946947, -53.194812710758598 ], [ -70.935577837659153, -53.194851682714784 ], [ -70.935611558013136, -53.194931974820705 ], [ -70.935646620566843, -53.195015461208627 ], [ -70.935652987108114, -53.195030619407873 ], [ -70.935691046559583, -53.195121242677637 ], [ -70.935719043714116, -53.195187906179974 ], [ -70.935744904529088, -53.195249482576166 ] ] ] } },
{ "type": "Feature", "properties": { "zona": "89" }, "geometry": { "type": "Polygon", "coordinates": [ [ [ -70.940416647332626, -53.231678435871991 ], [ -70.940845683062733, -53.231671650008636 ], [ -70.941447109775069, -53.231757476523079 ], [ -70.941538182265262, -53.231774157570165 ], [ -70.941781880724363, -53.231839589703668 ], [ -70.941787360652157, -53.231840820055076 ], [ -70.942022274978001, -53.231893553656036 ], [ -70.94218193534698, -53.231929393663428 ], [ -70.94218258532284, -53.231929685691028 ], [ -70.942180209476462, -53.231920405899068 ], [ -70.942107621506878, -53.231619943711756 ], [ -70.942099956726395, -53.231588217052654 ], [ -70.942029918050864, -53.231298299869458 ], [ -70.941992695232088, -53.231144224305645 ], [ -70.941932205796434, -53.230893832280934 ], [ -70.941885604769766, -53.230700931695225 ], [ -70.941875014645234, -53.230657089089199 ], [ -70.941858855457738, -53.230590198144789 ], [ -70.941778441239592, -53.230257323403499 ], [ -70.941657058616556, -53.229660619845205 ], [ -70.941654104751365, -53.229646096646725 ], [ -70.941618873295184, -53.22947290594302 ], [ -70.941579526747901, -53.229279475366766 ], [ -70.941577006028368, -53.229248050027451 ], [ -70.941536376496586, -53.228741604729763 ], [ -70.941535873196031, -53.228735333003335 ], [ -70.941535624583594, -53.228424086104631 ], [ -70.941535398941866, -53.228140103501254 ], [ -70.941560062041432, -53.227747336334936 ], [ -70.941570302078034, -53.227584247475477 ], [ -70.941599406132198, -53.227120742817313 ], [ -70.941606356811462, -53.227010029534021 ], [ -70.941628244349474, -53.2266614443623 ], [ -70.941662824265592, -53.226177390928022 ], [ -70.941730790847231, -53.225225934437809 ], [ -70.941734432404601, -53.225174943570259 ], [ -70.941736747503441, -53.225142534421245 ], [ -70.941751163928132, -53.22494072115849 ], [ -70.941776800149029, -53.224581815519926 ], [ -70.941777324918888, -53.224578062508215 ], [ -70.941816707274725, -53.224296497507865 ], [ -70.941843394032887, -53.223922891267918 ], [ -70.941874750422556, -53.223483879750525 ], [ -70.941877589267406, -53.223444131948163 ], [ -70.941935797304779, -53.222754148069292 ], [ -70.941950542399454, -53.222579359431116 ], [ -70.941963920566067, -53.222420779022414 ], [ -70.941988850435905, -53.222125247633187 ], [ -70.941998529649268, -53.221908167539823 ], [ -70.942005026046218, -53.221762442666801 ], [ -70.942000145600673, -53.221531746109356 ], [ -70.941995780091503, -53.22132541969853 ], [ -70.941992826681442, -53.221185785430364 ], [ -70.941997316586367, -53.221164625538279 ], [ -70.941997248612807, -53.221164266998713 ], [ -70.94193371486557, -53.220831152543688 ], [ -70.941903796698568, -53.220731189894096 ], [ -70.941873646643572, -53.220630448411882 ], [ -70.941830082793231, -53.220484889070846 ], [ -70.94173372850976, -53.220197262529311 ], [ -70.941711360563218, -53.220130494316479 ], [ -70.941691732008792, -53.220067434818105 ], [ -70.941686604492631, -53.220050958304292 ], [ -70.941669569854142, -53.219996230739987 ], [ -70.94164700945781, -53.219952487105758 ], [ -70.941609637155821, -53.21988002480758 ], [ -70.941575134405824, -53.21981312603085 ], [ -70.941444373726682, -53.219559588886042 ], [ -70.94140369581558, -53.219480716014118 ], [ -70.941249883543648, -53.219182398973565 ], [ -70.941201124485943, -53.219087831187146 ], [ -70.941055385592122, -53.218805167034546 ], [ -70.940698327677737, -53.218112632647831 ], [ -70.940560804100414, -53.21784591369638 ], [ -70.940487923377873, -53.217704566397906 ], [ -70.940326520428144, -53.217391531381139 ], [ -70.940260273299359, -53.217263044425387 ], [ -70.940144341811674, -53.217038195328243 ], [ -70.940020582029419, -53.216798159941902 ], [ -70.939858795894168, -53.216484365360273 ], [ -70.939813944064056, -53.216397372196184 ], [ -70.939751768968932, -53.216273945292002 ], [ -70.939632493440712, -53.216037162292174 ], [ -70.939604011342666, -53.215980618810043 ], [ -70.939575534187341, -53.215924087182486 ], [ -70.939480184933956, -53.215734797265128 ], [ -70.939371041367465, -53.215514010095902 ], [ -70.939276524088498, -53.215272778653421 ], [ -70.939130156709226, -53.21478869346717 ], [ -70.939054312732495, -53.214537846036791 ], [ -70.939035320682606, -53.214427677548507 ], [ -70.938992898436538, -53.214181596862446 ], [ -70.938971056967219, -53.213983571850733 ], [ -70.938957062743, -53.213856683962121 ], [ -70.938979751986267, -53.213328206022091 ], [ -70.938984703524994, -53.213212886227176 ], [ -70.939003325293513, -53.212779152231697 ], [ -70.939004329622918, -53.212755765811821 ], [ -70.939009606270403, -53.212632850508896 ], [ -70.93902713838132, -53.212224455627307 ], [ -70.939042336919002, -53.211982734389203 ], [ -70.939063289634305, -53.211649485064463 ], [ -70.939106126827554, -53.210968165711435 ], [ -70.939119732929029, -53.210751741236919 ], [ -70.939124432940361, -53.210676990670123 ], [ -70.939177365880582, -53.209835007958318 ], [ -70.939185031609853, -53.20971306922646 ], [ -70.939195885677321, -53.209540422792628 ], [ -70.939213980458263, -53.209345002188826 ], [ -70.939235158442727, -53.209116278397865 ], [ -70.939255410868356, -53.208810965838843 ], [ -70.939303711316001, -53.208082831276279 ], [ -70.939316281687184, -53.207893312953487 ], [ -70.939323921836049, -53.207615713244948 ], [ -70.939327066740688, -53.207501487664324 ], [ -70.939346151388889, -53.206808062639581 ], [ -70.93934933527531, -53.206692346927348 ], [ -70.939349561764928, -53.206684100378091 ], [ -70.939354498563233, -53.20650474369139 ], [ -70.939361708165819, -53.20646673815817 ], [ -70.93938782325661, -53.206329076157338 ], [ -70.939396098861664, -53.206074215368361 ], [ -70.939378894999791, -53.205769410823002 ], [ -70.93937596354688, -53.205717470542453 ], [ -70.939331577271261, -53.205449388007295 ], [ -70.939304191278453, -53.205347556022488 ], [ -70.939270594522412, -53.205222628359742 ], [ -70.939246585652754, -53.205134359014501 ], [ -70.939242365735197, -53.205118845246936 ], [ -70.939185138501912, -53.204949111230896 ], [ -70.939166014622089, -53.204892388545701 ], [ -70.939163134718868, -53.204883847057452 ], [ -70.939083937808547, -53.204715490513443 ], [ -70.938903058478161, -53.204381819271333 ], [ -70.938711435275422, -53.204049807621629 ], [ -70.938706758136334, -53.204041704017179 ], [ -70.938695338123395, -53.204021918037789 ], [ -70.938617451335745, -53.203896479362989 ], [ -70.938388424247933, -53.203527617427525 ], [ -70.938376457031822, -53.203508344365467 ], [ -70.938318820956425, -53.203415517418293 ], [ -70.938096532338818, -53.203057499596262 ], [ -70.938015170315552, -53.202926459040263 ], [ -70.937994916806161, -53.202893837019204 ], [ -70.937965718583825, -53.202846810909847 ], [ -70.937946919547088, -53.20281696058467 ], [ -70.937934682905137, -53.202797530745066 ], [ -70.937877246746069, -53.202706329568301 ], [ -70.937828540186587, -53.202628989877944 ], [ -70.937758814780224, -53.202642791082795 ], [ -70.937041359774142, -53.202738798187639 ], [ -70.936446252956372, -53.202827956118249 ], [ -70.936165307107075, -53.202906422050553 ], [ -70.935892734028371, -53.203074275819674 ], [ -70.9358245703866, -53.203124308357026 ], [ -70.935759476536376, -53.203175398356073 ], [ -70.935434205003403, -53.203416216186028 ], [ -70.934912301598402, -53.203668740008361 ], [ -70.935725806893487, -53.204133404780784 ], [ -70.936742251954598, -53.205120153169588 ], [ -70.937253106590035, -53.206422836885572 ], [ -70.936992010956359, -53.20834177567361 ], [ -70.936576708540798, -53.211469282381721 ], [ -70.936673824516376, -53.214209676603197 ], [ -70.936854144125505, -53.216072286792844 ], [ -70.938232784746901, -53.218261417108685 ], [ -70.93875526283901, -53.222372962908828 ], [ -70.93601148968088, -53.232503508920345 ], [ -70.937616420937644, -53.232596784166681 ], [ -70.93807295261594, -53.232676629770204 ], [ -70.938539999124686, -53.232771112796136 ], [ -70.939171368482803, -53.232764098326605 ], [ -70.939602438660287, -53.232735965251841 ], [ -70.939920959948225, -53.232639730652338 ], [ -70.940087302499919, -53.232516881754044 ], [ -70.940148911947475, -53.232369040515451 ], [ -70.940091499667176, -53.232271031638057 ], [ -70.940046482455074, -53.232194181102557 ], [ -70.939978998452858, -53.232154144502751 ], [ -70.939927784980341, -53.232066714318947 ], [ -70.939928502919699, -53.232044915758053 ], [ -70.939928774570333, -53.232036686058137 ], [ -70.939930952658074, -53.231970622838446 ], [ -70.939930954037891, -53.231970560816649 ], [ -70.940181839559898, -53.231770387909336 ], [ -70.940416647332626, -53.231678435871991 ] ] ] } },
{ "type": "Feature", "properties": { "zona": "90" }, "geometry": { "type": "Polygon", "coordinates": [ [ [ -70.867903690493094, -53.067531890797611 ], [ -70.867835936716688, -53.067422209178524 ], [ -70.867712679992493, -53.067216457160562 ], [ -70.86771042403177, -53.067215157050775 ], [ -70.867641180499518, -53.0671009291584 ], [ -70.867035994093854, -53.066102551823825 ], [ -70.867015124244404, -53.066068120999418 ], [ -70.866278836587938, -53.064853401282527 ], [ -70.865941302948656, -53.064296517557715 ], [ -70.865206730270941, -53.063084525138095 ], [ -70.865111581197809, -53.062927529804931 ], [ -70.86453565672349, -53.061977240473723 ], [ -70.864342713630322, -53.061656103627485 ], [ -70.864331353697054, -53.06163719644919 ], [ -70.864316132157171, -53.061611860423298 ], [ -70.864153410911953, -53.061341021433655 ], [ -70.863471875008159, -53.060206611802073 ], [ -70.863313971698048, -53.059943775540681 ], [ -70.862849359209335, -53.05917038843333 ], [ -70.86255454764796, -53.058679636512544 ], [ -70.862126473878561, -53.057967029149069 ], [ -70.861933628302793, -53.057645994581051 ], [ -70.861786162388285, -53.057411218733144 ], [ -70.861761822495822, -53.057372468467534 ], [ -70.861702063743408, -53.057285571670626 ], [ -70.861307528503843, -53.056711866869584 ], [ -70.861290399854511, -53.056686958714394 ], [ -70.861227326659773, -53.056595240418581 ], [ -70.860975782396693, -53.056293715547 ], [ -70.860703482660938, -53.056043829950063 ], [ -70.860628728153529, -53.056067123049573 ], [ -70.860529333447118, -53.056098093575677 ], [ -70.860427369517581, -53.056123101975494 ], [ -70.860305788470598, -53.056152922174832 ], [ -70.857697295085813, -53.056792661037811 ], [ -70.857474273774358, -53.056827726121178 ], [ -70.857343040014385, -53.056910739386922 ], [ -70.857145957263398, -53.057185676916767 ], [ -70.856480817887345, -53.057924129708418 ], [ -70.856316037612146, -53.058125931790684 ], [ -70.856172700868427, -53.058183812639193 ], [ -70.856099018210159, -53.058213567024097 ], [ -70.855787861197854, -53.05829411045233 ], [ -70.855740521375765, -53.058302188737009 ], [ -70.855718020374738, -53.058306028465417 ], [ -70.855852603564742, -53.058505659415331 ], [ -70.855917184520933, -53.05860145355193 ], [ -70.85591994352616, -53.058605698710423 ], [ -70.856062032385992, -53.058824291890694 ], [ -70.856085144394598, -53.058859848393098 ], [ -70.856184044152855, -53.059002843675167 ], [ -70.856356271406625, -53.059214182850624 ], [ -70.856382562940027, -53.059246445260627 ], [ -70.856299107213559, -53.059420151029762 ], [ -70.855730047338653, -53.059533596536866 ], [ -70.856965314650466, -53.061070652486343 ], [ -70.858423431553177, -53.063330292306389 ], [ -70.859086474008606, -53.066628510549094 ], [ -70.85955012554119, -53.07035772264031 ], [ -70.860281853972253, -53.071297204856016 ], [ -70.860892781476281, -53.07546948862705 ], [ -70.861333707716256, -53.076474995555593 ], [ -70.862983131745636, -53.077408341324116 ], [ -70.86343805454004, -53.078652655351846 ], [ -70.86412674704134, -53.078492038063651 ], [ -70.864535329790556, -53.078396745435519 ], [ -70.864754047065901, -53.078345734306126 ], [ -70.865815717209856, -53.078055721571687 ], [ -70.866210832784233, -53.077943155832173 ], [ -70.86682771407402, -53.077767405170547 ], [ -70.866880374456414, -53.077752402362329 ], [ -70.866923434760196, -53.07773620645834 ], [ -70.866941636837225, -53.077729359640131 ], [ -70.866886197663476, -53.077615088301656 ], [ -70.866868785967682, -53.077516419862228 ], [ -70.866863119458003, -53.077440542561511 ], [ -70.866856808816067, -53.077356057225025 ], [ -70.866840412355259, -53.077136512859852 ], [ -70.866833427743728, -53.077096612625141 ], [ -70.866814926634348, -53.076990912905288 ], [ -70.86679547675763, -53.076879797064237 ], [ -70.866759478947685, -53.076773020839731 ], [ -70.866748708122969, -53.076741072533025 ], [ -70.866670975805349, -53.076616505177284 ], [ -70.866641825660921, -53.076569791260901 ], [ -70.866540343677656, -53.076403092237847 ], [ -70.866472475536114, -53.076291609630346 ], [ -70.866471264003792, -53.076289663958541 ], [ -70.866340462653014, -53.07607952925602 ], [ -70.866231389653905, -53.075904301327604 ], [ -70.866226179491832, -53.075894599744039 ], [ -70.866158958487574, -53.075769444179024 ], [ -70.866130936070377, -53.07570633215839 ], [ -70.866112158208708, -53.075664041522643 ], [ -70.866078314989977, -53.075547664085292 ], [ -70.866069364057267, -53.075516886414704 ], [ -70.866065561867842, -53.075408219302794 ], [ -70.866066557884423, -53.075399083601276 ], [ -70.866078790174853, -53.075286815653818 ], [ -70.866115298936663, -53.075170982673221 ], [ -70.866200324474818, -53.074901213422791 ], [ -70.866206152682807, -53.074882082358677 ], [ -70.866217987417258, -53.074843238106482 ], [ -70.86627136061756, -53.074668042711913 ], [ -70.866311264635641, -53.074537063677774 ], [ -70.86632763255345, -53.074483335203162 ], [ -70.866328576184657, -53.074413755528475 ], [ -70.866329166830852, -53.074370183138988 ], [ -70.866325122324426, -53.074356070972968 ], [ -70.866269665306802, -53.074162603723238 ], [ -70.866239241426342, -53.074131911917803 ], [ -70.866154126066448, -53.074046044594098 ], [ -70.866135951410101, -53.074027709269068 ], [ -70.866108064150808, -53.073993030575899 ], [ -70.866069811738996, -53.073970748202726 ], [ -70.865811518145961, -53.073820292390195 ], [ -70.865794508407859, -53.073811426988648 ], [ -70.865284506579243, -53.073545616892943 ], [ -70.865257445829556, -53.073532144764656 ], [ -70.865125728811947, -53.073466573094215 ], [ -70.865017853225993, -53.073409966040749 ], [ -70.864948884857696, -53.073373774415025 ], [ -70.864876042781432, -53.073335550690572 ], [ -70.864763383326533, -53.073261700067654 ], [ -70.864621610561656, -53.073143959914965 ], [ -70.864612687014059, -53.073135542234247 ], [ -70.864593822096339, -53.073117748466721 ], [ -70.864610318514067, -53.07311303134383 ], [ -70.864619225457645, -53.073111302931373 ], [ -70.864687487285053, -53.07309805508423 ], [ -70.864752795123323, -53.073077034516743 ], [ -70.865042797148689, -53.072983690829957 ], [ -70.86545064431202, -53.072852414738925 ], [ -70.865854130075164, -53.072773484346357 ], [ -70.865929329037996, -53.072758773391513 ], [ -70.866163439983538, -53.07269937729783 ], [ -70.866197990054346, -53.0726894912425 ], [ -70.866272901702089, -53.072668056479721 ], [ -70.866449994050413, -53.072620351297246 ], [ -70.866553701603451, -53.072600679335402 ], [ -70.866568611478868, -53.072600445146541 ], [ -70.866576308500839, -53.072604881622681 ], [ -70.86860133199842, -53.072162707945111 ], [ -70.869148138158536, -53.072043302728332 ], [ -70.870049548956871, -53.071846455460587 ], [ -70.870518477989179, -53.071764359131031 ], [ -70.870336582066003, -53.071469959228047 ], [ -70.870293510136321, -53.071400244789551 ], [ -70.869878334223571, -53.070728257778633 ], [ -70.869702831719309, -53.070444190334364 ], [ -70.86952123359994, -53.070150253622955 ], [ -70.868802750895739, -53.0689872648368 ], [ -70.867953888970973, -53.067613153802895 ], [ -70.867903690493094, -53.067531890797611 ] ] ] } },
{ "type": "Feature", "properties": { "zona": "91" }, "geometry": { "type": "Polygon", "coordinates": [ [ [ -70.843285469760005, -53.039627748636541 ], [ -70.843765503898837, -53.040141120849313 ], [ -70.843885191054895, -53.040269118796765 ], [ -70.844019316651725, -53.040413631054498 ], [ -70.844192938868758, -53.040600696976995 ], [ -70.844453161473112, -53.040881063513531 ], [ -70.844703985093361, -53.04113442491947 ], [ -70.845069489941309, -53.04150362285494 ], [ -70.845138013513392, -53.04156883968011 ], [ -70.84654300269861, -53.042905995899176 ], [ -70.846991019940702, -53.043332361650279 ], [ -70.848001406686464, -53.044293883422824 ], [ -70.848057264127036, -53.04434847941603 ], [ -70.848463754034128, -53.044723934951151 ], [ -70.858426892574869, -53.053924005084596 ], [ -70.858711240580902, -53.054218057996948 ], [ -70.85875766724719, -53.054203266422505 ], [ -70.859218593146664, -53.054056413497413 ], [ -70.86051749888945, -53.053749424633175 ], [ -70.8629991654267, -53.053162844354958 ], [ -70.865361905702244, -53.052604309956173 ], [ -70.866186834950796, -53.052409288215728 ], [ -70.86758454067521, -53.052083440382944 ], [ -70.868869656213079, -53.0517838225989 ], [ -70.869046017343734, -53.051757131558396 ], [ -70.869406754315989, -53.051702535913428 ], [ -70.87057179876993, -53.051581195976794 ], [ -70.871456855460409, -53.051491859810433 ], [ -70.873307978925538, -53.05130498863381 ], [ -70.874830960928662, -53.051157959795148 ], [ -70.875866943355291, -53.051064109980253 ], [ -70.876511977484526, -53.05100567148871 ], [ -70.877110117572627, -53.050951477816952 ], [ -70.878747415968036, -53.050847918130152 ], [ -70.878810999671686, -53.050843895637151 ], [ -70.880654173335401, -53.050569853991561 ], [ -70.882043576858663, -53.050321860543974 ], [ -70.883963841345022, -53.04997908161657 ], [ -70.883889861427235, -53.049877835720991 ], [ -70.883484291710346, -53.049331976897768 ], [ -70.88040239393726, -53.045183541169813 ], [ -70.877998207851562, -53.041946766056306 ], [ -70.877737512224684, -53.041595757473409 ], [ -70.87766582840581, -53.041662181861319 ], [ -70.877374479744631, -53.041547969838327 ], [ -70.876940100988023, -53.040668446019701 ], [ -70.873059688683654, -53.032809884964649 ], [ -70.872120911684078, -53.030908263644967 ], [ -70.871899852625944, -53.030460452515598 ], [ -70.870060071055207, -53.030872513861013 ], [ -70.868707490369076, -53.030991577652863 ], [ -70.86840987181769, -53.030982413320928 ], [ -70.868009364491556, -53.030938726007285 ], [ -70.867639507101458, -53.030884203283087 ], [ -70.867087279395946, -53.030775728941073 ], [ -70.866687344990538, -53.030726107180271 ], [ -70.866528806357167, -53.030732489452703 ], [ -70.864577651502344, -53.031420259093096 ], [ -70.864441237035649, -53.031504764629176 ], [ -70.864341897817894, -53.031614362517487 ], [ -70.864364647005971, -53.032715980276521 ], [ -70.864437099867757, -53.032783958391391 ], [ -70.864978334614861, -53.033213383838373 ], [ -70.865165616129289, -53.033422218546242 ], [ -70.865189057152975, -53.033589646409951 ], [ -70.86507021656486, -53.033799722722385 ], [ -70.864943632689219, -53.033884571216383 ], [ -70.864686307886373, -53.033994618946522 ], [ -70.861889834301778, -53.034539850080115 ], [ -70.861695510738883, -53.03461043408295 ], [ -70.861593004756344, -53.03472146589106 ], [ -70.860907420542844, -53.034899004490143 ], [ -70.849108582688942, -53.038055979720873 ], [ -70.843954739037557, -53.039395033655381 ], [ -70.843690641484372, -53.039487543135593 ], [ -70.843451754859885, -53.039571220621212 ], [ -70.843416870177734, -53.039583439575289 ], [ -70.843404101915482, -53.039587912557188 ], [ -70.843344150316042, -53.039608912168958 ], [ -70.843285469760005, -53.039627748636541 ] ] ] } },
{ "type": "Feature", "properties": { "zona": "92" }, "geometry": { "type": "Polygon", "coordinates": [ [ [ -70.843874443977128, -53.018934172651598 ], [ -70.834386175436975, -53.018601664191159 ], [ -70.833041864509752, -53.016825966493137 ], [ -70.828684505962158, -53.016825291782418 ], [ -70.825376904784136, -53.0170708298444 ], [ -70.825413524731189, -53.017549346845122 ], [ -70.825456400562331, -53.018575530588826 ], [ -70.82557571336838, -53.020097102254816 ], [ -70.825692298719659, -53.022075575669689 ], [ -70.825758095070029, -53.023109704689411 ], [ -70.825822977174255, -53.023479726169988 ], [ -70.82602063835148, -53.024109197412407 ], [ -70.826042273731971, -53.024181998864343 ], [ -70.826111378443002, -53.024354795299935 ], [ -70.826561266669103, -53.025152774538384 ], [ -70.82679616163891, -53.025479381815884 ], [ -70.826996542814243, -53.025703617385126 ], [ -70.827406399955763, -53.026156389525092 ], [ -70.827620724149455, -53.026361569189447 ], [ -70.828283461274083, -53.026885483132531 ], [ -70.829249062233941, -53.027501214889682 ], [ -70.829336563516804, -53.027545886667014 ], [ -70.83258001016786, -53.029349205020154 ], [ -70.83285793862143, -53.029537473211825 ], [ -70.833126814264645, -53.029696860809857 ], [ -70.83347597846182, -53.029944751636272 ], [ -70.834361130946021, -53.030663035040909 ], [ -70.834549225226198, -53.030824456672299 ], [ -70.83469329201651, -53.030959195279173 ], [ -70.835115592334986, -53.031354145921725 ], [ -70.835206301450015, -53.031438980206104 ], [ -70.835452897250747, -53.031669601600818 ], [ -70.836322183174133, -53.032482551259356 ], [ -70.836551639582311, -53.032697132131936 ], [ -70.837304485582877, -53.03340114972363 ], [ -70.837424643921253, -53.033518500350077 ], [ -70.8377298346348, -53.033816554972518 ], [ -70.838249928988645, -53.03432447757298 ], [ -70.838543177408042, -53.034635927368875 ], [ -70.838856060492205, -53.03496822431854 ], [ -70.839419238198033, -53.035566333993557 ], [ -70.839673181143382, -53.03583602077434 ], [ -70.84014468148635, -53.036336745206803 ], [ -70.840190800680716, -53.036385721704391 ], [ -70.840219932191573, -53.036416658180173 ], [ -70.840937866434828, -53.037169029524485 ], [ -70.841295040550591, -53.037543325338291 ], [ -70.841310516807837, -53.037559543639247 ], [ -70.841938223582829, -53.03821732190822 ], [ -70.841945143702361, -53.038224172626009 ], [ -70.841951520352524, -53.03823048344951 ], [ -70.842155826017986, -53.038432711933424 ], [ -70.842320377451799, -53.038595588960163 ], [ -70.842804666110794, -53.039113539511199 ], [ -70.843104683987448, -53.039434404123305 ], [ -70.843156093775534, -53.039489384913161 ], [ -70.843192389393579, -53.039528202604401 ], [ -70.8432218425353, -53.039559700978195 ], [ -70.843285469760005, -53.039627748636541 ], [ -70.843344150316042, -53.039608912168958 ], [ -70.843404101915482, -53.039587912557188 ], [ -70.843416870177734, -53.039583439575289 ], [ -70.843451754859885, -53.039571220621212 ], [ -70.843690641484372, -53.039487543135593 ], [ -70.843954739037557, -53.039395033655381 ], [ -70.849108582688942, -53.038055979720873 ], [ -70.860907420542844, -53.034899004490143 ], [ -70.861593004756344, -53.03472146589106 ], [ -70.861695510738883, -53.03461043408295 ], [ -70.861889834301778, -53.034539850080115 ], [ -70.864686307886373, -53.033994618946522 ], [ -70.864943632689219, -53.033884571216383 ], [ -70.86507021656486, -53.033799722722385 ], [ -70.865189057152975, -53.033589646409951 ], [ -70.865165616129289, -53.033422218546242 ], [ -70.864978334614861, -53.033213383838373 ], [ -70.864437099867757, -53.032783958391391 ], [ -70.864364647005971, -53.032715980276521 ], [ -70.864341897817894, -53.031614362517487 ], [ -70.864441237035649, -53.031504764629176 ], [ -70.864577651502344, -53.031420259093096 ], [ -70.866528806357167, -53.030732489452703 ], [ -70.866687344990538, -53.030726107180271 ], [ -70.867087279395946, -53.030775728941073 ], [ -70.867639507101458, -53.030884203283087 ], [ -70.868009364491556, -53.030938726007285 ], [ -70.86840987181769, -53.030982413320928 ], [ -70.868707490369076, -53.030991577652863 ], [ -70.870060071055207, -53.030872513861013 ], [ -70.871899852625944, -53.030460452515598 ], [ -70.872733006174613, -53.030287797525105 ], [ -70.873753055124922, -53.029942421170539 ], [ -70.874499907808186, -53.029563743251977 ], [ -70.875052267070913, -53.029154503667606 ], [ -70.875921675519905, -53.028732471898081 ], [ -70.876770670786598, -53.028523938652455 ], [ -70.877897366116329, -53.028301238429194 ], [ -70.878623767713052, -53.028136039748723 ], [ -70.879727798216024, -53.028150550194759 ], [ -70.880716047643446, -53.028137233762514 ], [ -70.881528791815754, -53.028308233310824 ], [ -70.882479958310242, -53.028269813942138 ], [ -70.883474998645681, -53.028185304725717 ], [ -70.884217213791075, -53.027854009662832 ], [ -70.88450759301638, -53.0272928385412 ], [ -70.884714745026386, -53.026776384759572 ], [ -70.885023831044961, -53.025508520667451 ], [ -70.881395321695621, -53.024811486857196 ], [ -70.878582153631228, -53.023514281383434 ], [ -70.868042914041126, -53.018806586586514 ], [ -70.860193975782124, -53.017676323141366 ], [ -70.852408510601407, -53.017861608420162 ], [ -70.843874443977128, -53.018934172651598 ] ] ] } },
{ "type": "Feature", "properties": { "zona": "93" }, "geometry": { "type": "Polygon", "coordinates": [ [ [ -70.877374479744631, -53.041547969838327 ], [ -70.877808010620583, -53.041173808264425 ], [ -70.877979629600617, -53.040865584746093 ], [ -70.878016348523218, -53.040481274613072 ], [ -70.878256950543403, -53.039946950961983 ], [ -70.878469851710193, -53.039454508178267 ], [ -70.878597446444346, -53.039358970079832 ], [ -70.879420760818007, -53.039173325003972 ], [ -70.88036622297011, -53.038949068902006 ], [ -70.881071445570711, -53.038759316989065 ], [ -70.881746255559065, -53.038639910658006 ], [ -70.882775288295633, -53.038532780483557 ], [ -70.883203074578319, -53.038519048640211 ], [ -70.886084389891792, -53.038119063248793 ], [ -70.887097925945412, -53.037925674967788 ], [ -70.888132356666276, -53.037761562358178 ], [ -70.888654035946303, -53.037508287772134 ], [ -70.889081252798931, -53.037251740250674 ], [ -70.889272319643382, -53.036987017404321 ], [ -70.889403389433582, -53.036605971922377 ], [ -70.889496720698389, -53.036123652533924 ], [ -70.889565643187453, -53.03589754489488 ], [ -70.889778959929217, -53.035647872271937 ], [ -70.890121752190339, -53.035531208474502 ], [ -70.890861907646752, -53.035471136039561 ], [ -70.892400859142711, -53.035481532976242 ], [ -70.892703773060347, -53.035534852226 ], [ -70.892943201477095, -53.03575734485505 ], [ -70.893206246146761, -53.035980654536985 ], [ -70.893602851633815, -53.036294266710868 ], [ -70.893969841327305, -53.036421202193189 ], [ -70.894473102905792, -53.036609970726161 ], [ -70.89493861945418, -53.036697466780296 ], [ -70.895616667711622, -53.036792306358322 ], [ -70.896255612706454, -53.036800106063737 ], [ -70.897158377683795, -53.036774174555376 ], [ -70.898019325687116, -53.036689668703545 ], [ -70.898474766730132, -53.036633994944879 ], [ -70.898985551060946, -53.03649454592248 ], [ -70.899566557214584, -53.036114745268399 ], [ -70.900042277576802, -53.035845553309088 ], [ -70.900358726593979, -53.035756512379585 ], [ -70.900986841320886, -53.035878159070634 ], [ -70.901883459229708, -53.036166157422159 ], [ -70.903158561699229, -53.036709978783101 ], [ -70.903756327742741, -53.036901967291136 ], [ -70.904123354064723, -53.037028872064674 ], [ -70.904997103958337, -53.037059003145934 ], [ -70.906546928295, -53.036955344495503 ], [ -70.907410566839275, -53.036842301917652 ], [ -70.908291065515684, -53.036801237655276 ], [ -70.908982644561959, -53.036753658314353 ], [ -70.910299669513407, -53.036356315987895 ], [ -70.914485399983221, -53.035186556762618 ], [ -70.914874006067535, -53.035085679190175 ], [ -70.915461664623791, -53.035134453597813 ], [ -70.916282138588286, -53.035476845733648 ], [ -70.916860376068755, -53.035625253970345 ], [ -70.917356280405983, -53.035642302796468 ], [ -70.917841139662542, -53.03554626267946 ], [ -70.916753636761527, -53.02460452113128 ], [ -70.907016411865058, -53.020384921485544 ], [ -70.895342318638626, -53.022609615333621 ], [ -70.893795945374819, -53.023927111850632 ], [ -70.890374812021022, -53.02403725169642 ], [ -70.885023831044961, -53.025508520667451 ], [ -70.884714745026386, -53.026776384759572 ], [ -70.88450759301638, -53.0272928385412 ], [ -70.884217213791075, -53.027854009662832 ], [ -70.883474998645681, -53.028185304725717 ], [ -70.882479958310242, -53.028269813942138 ], [ -70.881528791815754, -53.028308233310824 ], [ -70.880716047643446, -53.028137233762514 ], [ -70.879727798216024, -53.028150550194759 ], [ -70.878623767713052, -53.028136039748723 ], [ -70.877897366116329, -53.028301238429194 ], [ -70.876770670786598, -53.028523938652455 ], [ -70.875921675519905, -53.028732471898081 ], [ -70.875052267070913, -53.029154503667606 ], [ -70.874499907808186, -53.029563743251977 ], [ -70.873753055124922, -53.029942421170539 ], [ -70.872733006174613, -53.030287797525105 ], [ -70.871899852625944, -53.030460452515598 ], [ -70.872120911684078, -53.030908263644967 ], [ -70.873059688683654, -53.032809884964649 ], [ -70.876940100988023, -53.040668446019701 ], [ -70.877374479744631, -53.041547969838327 ] ] ] } },
{ "type": "Feature", "properties": { "zona": "94" }, "geometry": { "type": "Polygon", "coordinates": [ [ [ -70.877374479744631, -53.041547969838327 ], [ -70.87766582840581, -53.041662181861319 ], [ -70.877737512224684, -53.041595757473409 ], [ -70.877998207851562, -53.041946766056306 ], [ -70.88040239393726, -53.045183541169813 ], [ -70.883484291710346, -53.049331976897768 ], [ -70.883889861427235, -53.049877835720991 ], [ -70.883963841345022, -53.04997908161657 ], [ -70.884410626887856, -53.049897069100965 ], [ -70.886993959205583, -53.049422828785659 ], [ -70.897428288855338, -53.047430855782878 ], [ -70.901548841197936, -53.046297364330371 ], [ -70.902981409531563, -53.045851721911113 ], [ -70.905059004245686, -53.046266108906252 ], [ -70.907122232032208, -53.046832292118651 ], [ -70.909664230966428, -53.04701506577311 ], [ -70.911666343990206, -53.046893588273946 ], [ -70.918101708944675, -53.046414672831176 ], [ -70.917870240345977, -53.035838994620413 ], [ -70.917841139662542, -53.03554626267946 ], [ -70.917356280405983, -53.035642302796468 ], [ -70.916860376068755, -53.035625253970345 ], [ -70.916282138588286, -53.035476845733648 ], [ -70.915461664623791, -53.035134453597813 ], [ -70.914874006067535, -53.035085679190175 ], [ -70.914485399983221, -53.035186556762618 ], [ -70.910299669513407, -53.036356315987895 ], [ -70.908982644561959, -53.036753658314353 ], [ -70.908291065515684, -53.036801237655276 ], [ -70.907410566839275, -53.036842301917652 ], [ -70.906546928295, -53.036955344495503 ], [ -70.904997103958337, -53.037059003145934 ], [ -70.904123354064723, -53.037028872064674 ], [ -70.903756327742741, -53.036901967291136 ], [ -70.903158561699229, -53.036709978783101 ], [ -70.901883459229708, -53.036166157422159 ], [ -70.900986841320886, -53.035878159070634 ], [ -70.900358726593979, -53.035756512379585 ], [ -70.900042277576802, -53.035845553309088 ], [ -70.899566557214584, -53.036114745268399 ], [ -70.898985551060946, -53.03649454592248 ], [ -70.898474766730132, -53.036633994944879 ], [ -70.898019325687116, -53.036689668703545 ], [ -70.897158377683795, -53.036774174555376 ], [ -70.896255612706454, -53.036800106063737 ], [ -70.895616667711622, -53.036792306358322 ], [ -70.89493861945418, -53.036697466780296 ], [ -70.894473102905792, -53.036609970726161 ], [ -70.893969841327305, -53.036421202193189 ], [ -70.893602851633815, -53.036294266710868 ], [ -70.893206246146761, -53.035980654536985 ], [ -70.892943201477095, -53.03575734485505 ], [ -70.892703773060347, -53.035534852226 ], [ -70.892400859142711, -53.035481532976242 ], [ -70.890861907646752, -53.035471136039561 ], [ -70.890121752190339, -53.035531208474502 ], [ -70.889778959929217, -53.035647872271937 ], [ -70.889565643187453, -53.03589754489488 ], [ -70.889496720698389, -53.036123652533924 ], [ -70.889403389433582, -53.036605971922377 ], [ -70.889272319643382, -53.036987017404321 ], [ -70.889081252798931, -53.037251740250674 ], [ -70.888654035946303, -53.037508287772134 ], [ -70.888132356666276, -53.037761562358178 ], [ -70.887097925945412, -53.037925674967788 ], [ -70.886084389891792, -53.038119063248793 ], [ -70.883203074578319, -53.038519048640211 ], [ -70.882775288295633, -53.038532780483557 ], [ -70.881746255559065, -53.038639910658006 ], [ -70.881071445570711, -53.038759316989065 ], [ -70.88036622297011, -53.038949068902006 ], [ -70.879420760818007, -53.039173325003972 ], [ -70.878597446444346, -53.039358970079832 ], [ -70.878469851710193, -53.039454508178267 ], [ -70.878256950543403, -53.039946950961983 ], [ -70.878016348523218, -53.040481274613072 ], [ -70.877979629600617, -53.040865584746093 ], [ -70.877808010620583, -53.041173808264425 ], [ -70.877374479744631, -53.041547969838327 ] ] ] } },
{ "type": "Feature", "properties": { "zona": "95" }, "geometry": { "type": "Polygon", "coordinates": [ [ [ -70.901548841197936, -53.046297364330371 ], [ -70.897428288855338, -53.047430855782878 ], [ -70.886993959205583, -53.049422828785659 ], [ -70.884410626887856, -53.049897069100965 ], [ -70.883963841345022, -53.04997908161657 ], [ -70.882043576858663, -53.050321860543974 ], [ -70.880654173335401, -53.050569853991561 ], [ -70.878810999671686, -53.050843895637151 ], [ -70.878747415968036, -53.050847918130152 ], [ -70.877110117572627, -53.050951477816952 ], [ -70.876511977484526, -53.05100567148871 ], [ -70.875866943355291, -53.051064109980253 ], [ -70.874830960928662, -53.051157959795148 ], [ -70.873307978925538, -53.05130498863381 ], [ -70.871456855460409, -53.051491859810433 ], [ -70.87057179876993, -53.051581195976794 ], [ -70.869406754315989, -53.051702535913428 ], [ -70.869046017343734, -53.051757131558396 ], [ -70.868869656213079, -53.0517838225989 ], [ -70.86758454067521, -53.052083440382944 ], [ -70.866186834950796, -53.052409288215728 ], [ -70.865361905702244, -53.052604309956173 ], [ -70.8629991654267, -53.053162844354958 ], [ -70.86051749888945, -53.053749424633175 ], [ -70.859218593146664, -53.054056413497413 ], [ -70.85875766724719, -53.054203266422505 ], [ -70.858711240580902, -53.054218057996948 ], [ -70.859600616413431, -53.055022384279496 ], [ -70.859685667290947, -53.055103893763039 ], [ -70.859745615644442, -53.055161346713703 ], [ -70.860201130485621, -53.05559789325283 ], [ -70.860703482660938, -53.056043829950063 ], [ -70.860975782396693, -53.056293715547 ], [ -70.861227326659773, -53.056595240418581 ], [ -70.861290399854511, -53.056686958714394 ], [ -70.861307528503843, -53.056711866869584 ], [ -70.861702063743408, -53.057285571670626 ], [ -70.861761822495822, -53.057372468467534 ], [ -70.861786162388285, -53.057411218733144 ], [ -70.861933628302793, -53.057645994581051 ], [ -70.862126473878561, -53.057967029149069 ], [ -70.86255454764796, -53.058679636512544 ], [ -70.862849359209335, -53.05917038843333 ], [ -70.863313971698048, -53.059943775540681 ], [ -70.863471875008159, -53.060206611802073 ], [ -70.864153410911953, -53.061341021433655 ], [ -70.864316132157171, -53.061611860423298 ], [ -70.864331353697054, -53.06163719644919 ], [ -70.864342713630322, -53.061656103627485 ], [ -70.86453565672349, -53.061977240473723 ], [ -70.865111581197809, -53.062927529804931 ], [ -70.865206730270941, -53.063084525138095 ], [ -70.865941302948656, -53.064296517557715 ], [ -70.866278836587938, -53.064853401282527 ], [ -70.867015124244404, -53.066068120999418 ], [ -70.867035994093854, -53.066102551823825 ], [ -70.86771042403177, -53.067215157050775 ], [ -70.867713009557988, -53.067219421959159 ], [ -70.867712679992493, -53.067216457160562 ], [ -70.867835936716688, -53.067422209178524 ], [ -70.867953888970973, -53.067613153802895 ], [ -70.868802750895739, -53.0689872648368 ], [ -70.86952123359994, -53.070150253622955 ], [ -70.869702831719309, -53.070444190334364 ], [ -70.869878334223571, -53.070728257778633 ], [ -70.870293510136321, -53.071400244789551 ], [ -70.870336582066003, -53.071469959228047 ], [ -70.870518477989179, -53.071764359131031 ], [ -70.870555979163242, -53.071757793119616 ], [ -70.870591995420185, -53.071751323013139 ], [ -70.870599497164378, -53.071749975315669 ], [ -70.870619303254458, -53.071746416832099 ], [ -70.871022760076272, -53.071673932538808 ], [ -70.871560286495381, -53.07155268526197 ], [ -70.872423549090243, -53.07135795614073 ], [ -70.872505068312933, -53.071339568184548 ], [ -70.872677342710247, -53.071300706600994 ], [ -70.874380099557072, -53.070916581825145 ], [ -70.878184202477556, -53.070081338603202 ], [ -70.878500264768746, -53.070478839588887 ], [ -70.878543908290609, -53.070467039922157 ], [ -70.878691220667747, -53.070438634841992 ], [ -70.878838759555521, -53.070410186163301 ], [ -70.880273384908435, -53.07013354330617 ], [ -70.880436063621133, -53.070102171402851 ], [ -70.880533698645451, -53.070083343721805 ], [ -70.881773396004476, -53.069844269181338 ], [ -70.882546796149953, -53.069664897179258 ], [ -70.883191053179402, -53.069524152813024 ], [ -70.884136606040045, -53.06931757868108 ], [ -70.885649489208518, -53.068987041015205 ], [ -70.890380872815697, -53.068068245506339 ], [ -70.894737801359213, -53.06722196243156 ], [ -70.89645807945773, -53.066887764491049 ], [ -70.897949731480466, -53.066597957048046 ], [ -70.904962336117052, -53.065235199132715 ], [ -70.906773002100707, -53.064883250695267 ], [ -70.907764798587579, -53.064690455569057 ], [ -70.907981424071693, -53.06465157175969 ], [ -70.911977136842879, -53.063934260737717 ], [ -70.906936050998823, -53.056198307533833 ], [ -70.918178638371216, -53.053614786462774 ], [ -70.918101708944675, -53.046414672831176 ], [ -70.911666343990206, -53.046893588273946 ], [ -70.909664230966428, -53.04701506577311 ], [ -70.907122232032208, -53.046832292118651 ], [ -70.905059004245686, -53.046266108906252 ], [ -70.902981409531563, -53.045851721911113 ], [ -70.901548841197936, -53.046297364330371 ] ] ] } },
{ "type": "Feature", "properties": { "zona": "96" }, "geometry": { "type": "Polygon", "coordinates": [ [ [ -70.875664334438071, -53.08021853702818 ], [ -70.875679344284293, -53.080243937774469 ], [ -70.875708892163132, -53.080293941146635 ], [ -70.875771463070691, -53.080399830310476 ], [ -70.875849481472301, -53.080531859510828 ], [ -70.877522348312169, -53.083362633704503 ], [ -70.880519005141409, -53.088276397807498 ], [ -70.880666099454714, -53.088517566612403 ], [ -70.88069749080276, -53.088565594898746 ], [ -70.88072294490027, -53.088604539404308 ], [ -70.880761480745861, -53.088663497849332 ], [ -70.880961556000074, -53.088612811321873 ], [ -70.881184690952097, -53.088556282222818 ], [ -70.881238157764358, -53.08853461971372 ], [ -70.881338921590682, -53.088493794790644 ], [ -70.881746033772316, -53.088329395260175 ], [ -70.882932569983794, -53.087827842792159 ], [ -70.883469711289379, -53.087625987512048 ], [ -70.883580424975634, -53.087584380987224 ], [ -70.884654837979113, -53.08718060571848 ], [ -70.885414247898609, -53.086928429875321 ], [ -70.885984441206446, -53.08679465459781 ], [ -70.886803546611844, -53.08666235361477 ], [ -70.888215247034324, -53.086472010831415 ], [ -70.888516313383803, -53.086424115760096 ], [ -70.888607619182991, -53.08642013523604 ], [ -70.888804631103113, -53.086426952105903 ], [ -70.889015212886093, -53.086434238147788 ], [ -70.889017403530417, -53.08643431394119 ], [ -70.889318763482763, -53.086466160911399 ], [ -70.889933081330099, -53.086532634894333 ], [ -70.890542915492517, -53.086563248244723 ], [ -70.891079922399584, -53.086569919328241 ], [ -70.891389752984878, -53.086575159323282 ], [ -70.891615027258709, -53.086575807948222 ], [ -70.891990437335778, -53.08655665677005 ], [ -70.892527321803897, -53.086460970638889 ], [ -70.892928944469261, -53.086353467750506 ], [ -70.893215411925027, -53.086209850639456 ], [ -70.893714024842794, -53.085955748249681 ], [ -70.894518856182245, -53.08553728644214 ], [ -70.895673548663623, -53.084980119456944 ], [ -70.89563823537236, -53.084941334317364 ], [ -70.896128493421486, -53.084762346651679 ], [ -70.896445653736563, -53.084669765157734 ], [ -70.897184999339885, -53.084502507013184 ], [ -70.89771864979113, -53.084378125697434 ], [ -70.898058089025142, -53.084300589905808 ], [ -70.898244014799175, -53.084278447041683 ], [ -70.898488511945033, -53.084326158963847 ], [ -70.898666983487388, -53.08438230254206 ], [ -70.898749726155984, -53.08438515861689 ], [ -70.899171791433233, -53.084124822304709 ], [ -70.899478663564111, -53.083953333378965 ], [ -70.899743147027564, -53.083791091222203 ], [ -70.899977061722836, -53.083638504879282 ], [ -70.900292885630876, -53.083435191906695 ], [ -70.900512114755614, -53.083249966011095 ], [ -70.900641376325254, -53.083137777352015 ], [ -70.900852090935146, -53.083015618487899 ], [ -70.902131476391688, -53.082273885927492 ], [ -70.903392960867762, -53.081824859826376 ], [ -70.90406993018027, -53.081626847776832 ], [ -70.904611811654021, -53.081437267183929 ], [ -70.905556544170466, -53.081106735970664 ], [ -70.903928089339161, -53.078594284834196 ], [ -70.902148215162043, -53.075584261899643 ], [ -70.901958429123127, -53.075263281792218 ], [ -70.901898414607004, -53.075161780107571 ], [ -70.901876690296476, -53.075125037946485 ], [ -70.901833005099988, -53.075051152336513 ], [ -70.901800096729815, -53.074985392769371 ], [ -70.901764743401273, -53.074914746932834 ], [ -70.901800872694736, -53.074908853301523 ], [ -70.902015962378414, -53.074891280649709 ], [ -70.902431795932685, -53.074819938968368 ], [ -70.902735528365469, -53.074767118436171 ], [ -70.902757303967761, -53.074763331964576 ], [ -70.902996364817724, -53.074743014733123 ], [ -70.903304145534079, -53.074685794024404 ], [ -70.903474329541666, -53.074641679282706 ], [ -70.903547265380567, -53.074622773528525 ], [ -70.903767089012106, -53.074555378931016 ], [ -70.904325245744403, -53.074421104553068 ], [ -70.904918516032211, -53.074291607422282 ], [ -70.905183214613928, -53.074231767965813 ], [ -70.905494055410912, -53.074161496301194 ], [ -70.909013941069958, -53.073387752889985 ], [ -70.909487347350819, -53.073306345658835 ], [ -70.909779509121819, -53.073254657143664 ], [ -70.912992144826433, -53.072686229385702 ], [ -70.91286844914552, -53.072158868123715 ], [ -70.914886056655988, -53.072423888633239 ], [ -70.916182365832327, -53.072594143899941 ], [ -70.91751880264286, -53.072435086148722 ], [ -70.917309291926642, -53.072113762791787 ], [ -70.912466339637533, -53.06468482983864 ], [ -70.911977136842879, -53.063934260737717 ], [ -70.907981424071693, -53.06465157175969 ], [ -70.907764798587579, -53.064690455569057 ], [ -70.906773002100707, -53.064883250695267 ], [ -70.904962336117052, -53.065235199132715 ], [ -70.897949731480466, -53.066597957048046 ], [ -70.89645807945773, -53.066887764491049 ], [ -70.894737801359213, -53.06722196243156 ], [ -70.890380872815697, -53.068068245506339 ], [ -70.885649489208518, -53.068987041015205 ], [ -70.884136606040045, -53.06931757868108 ], [ -70.883191053179402, -53.069524152813024 ], [ -70.882546796149953, -53.069664897179258 ], [ -70.881773396004476, -53.069844269181338 ], [ -70.880533698645451, -53.070083343721805 ], [ -70.880436063621133, -53.070102171402851 ], [ -70.880273384908435, -53.07013354330617 ], [ -70.878838759555521, -53.070410186163301 ], [ -70.878691220667747, -53.070438634841992 ], [ -70.878543908290609, -53.070467039922157 ], [ -70.878500264768746, -53.070478839588887 ], [ -70.878184202477556, -53.070081338603202 ], [ -70.874380099557072, -53.070916581825145 ], [ -70.872677342710247, -53.071300706600994 ], [ -70.872505068312933, -53.071339568184548 ], [ -70.872423549090243, -53.07135795614073 ], [ -70.871560286495381, -53.07155268526197 ], [ -70.871022760076272, -53.071673932538808 ], [ -70.870619303254458, -53.071746416832099 ], [ -70.870599497164378, -53.071749975315669 ], [ -70.870591995420185, -53.071751323013139 ], [ -70.870555979163242, -53.071757793119616 ], [ -70.870518477989179, -53.071764359131031 ], [ -70.871462604350242, -53.073315686558928 ], [ -70.871582475779149, -53.073512644424142 ], [ -70.871625147661689, -53.073582756425658 ], [ -70.872583671705399, -53.07515760309628 ], [ -70.872751526461201, -53.075433376533923 ], [ -70.873704829759376, -53.076999510451095 ], [ -70.87383321160371, -53.077210413294935 ], [ -70.874624027631057, -53.078509503001833 ], [ -70.874869370277679, -53.078912515932743 ], [ -70.875573422707802, -53.080068987859605 ], [ -70.875659850150683, -53.080210948127544 ], [ -70.875664334438071, -53.08021853702818 ] ] ] } },
{ "type": "Feature", "properties": { "zona": "97" }, "geometry": { "type": "Polygon", "coordinates": [ [ [ -70.895673548663623, -53.084980119456944 ], [ -70.895727548628173, -53.085039428855069 ], [ -70.895924903866828, -53.085205050301568 ], [ -70.896433519046241, -53.085631875504454 ], [ -70.900999071448595, -53.089462781782082 ], [ -70.902458999119915, -53.091487445032335 ], [ -70.903539505729285, -53.093428795218529 ], [ -70.904331504795692, -53.094753598326918 ], [ -70.904363903367368, -53.094807790541275 ], [ -70.904369021570716, -53.094863158291524 ], [ -70.903547798139442, -53.095036493479867 ], [ -70.90345196053687, -53.095087933014575 ], [ -70.90340329600339, -53.095183839890474 ], [ -70.903398434571699, -53.095276497200899 ], [ -70.903465641857196, -53.095359737673526 ], [ -70.903775150412017, -53.09555605689355 ], [ -70.9042970190022, -53.095847758169199 ], [ -70.904388222029638, -53.095886603714867 ], [ -70.904134292308356, -53.09647764109851 ], [ -70.903987545753111, -53.096801020689064 ], [ -70.904163562792462, -53.096808087039982 ], [ -70.904376537790682, -53.096816293765293 ], [ -70.904728383109315, -53.096739964060113 ], [ -70.905115301756368, -53.096656023445057 ], [ -70.905973038091162, -53.096469934995852 ], [ -70.906355795288235, -53.096611460914339 ], [ -70.906790213652172, -53.096783512578874 ], [ -70.907227341716307, -53.096927094594484 ], [ -70.907665581792685, -53.096927025951665 ], [ -70.908689062172385, -53.096881698625062 ], [ -70.910329228557515, -53.096474033877278 ], [ -70.911427163158322, -53.096154797377565 ], [ -70.912445693258249, -53.096047030147119 ], [ -70.913927034139775, -53.096062273169508 ], [ -70.915356010904063, -53.09600429555794 ], [ -70.916006315881376, -53.096026646623216 ], [ -70.921532650864151, -53.094062834992734 ], [ -70.923711886739255, -53.093288310763789 ], [ -70.926050647274153, -53.092457011998924 ], [ -70.924646518097049, -53.09037387750719 ], [ -70.926084995698488, -53.08895944090969 ], [ -70.927670417554125, -53.087871337604639 ], [ -70.927948678225803, -53.086809829040043 ], [ -70.927355260676819, -53.084933012657494 ], [ -70.918081033967738, -53.073297347407937 ], [ -70.91751880264286, -53.072435086148722 ], [ -70.916182365832327, -53.072594143899941 ], [ -70.914886056655988, -53.072423888633239 ], [ -70.91286844914552, -53.072158868123715 ], [ -70.912992144826433, -53.072686229385702 ], [ -70.909779509121819, -53.073254657143664 ], [ -70.909487347350819, -53.073306345658835 ], [ -70.909013941069958, -53.073387752889985 ], [ -70.905494055410912, -53.074161496301194 ], [ -70.905183214613928, -53.074231767965813 ], [ -70.904918516032211, -53.074291607422282 ], [ -70.904325245744403, -53.074421104553068 ], [ -70.903767089012106, -53.074555378931016 ], [ -70.903547265380567, -53.074622773528525 ], [ -70.903474329541666, -53.074641679282706 ], [ -70.903304145534079, -53.074685794024404 ], [ -70.902996364817724, -53.074743014733123 ], [ -70.902757303967761, -53.074763331964576 ], [ -70.902735528365469, -53.074767118436171 ], [ -70.902431795932685, -53.074819938968368 ], [ -70.902015962378414, -53.074891280649709 ], [ -70.901800872694736, -53.074908853301523 ], [ -70.901764743401273, -53.074914746932834 ], [ -70.901800096729815, -53.074985392769371 ], [ -70.901833005099988, -53.075051152336513 ], [ -70.901876690296476, -53.075125037946485 ], [ -70.901898414607004, -53.075161780107571 ], [ -70.901958429123127, -53.075263281792218 ], [ -70.902148215162043, -53.075584261899643 ], [ -70.903928089339161, -53.078594284834196 ], [ -70.905556544170466, -53.081106735970664 ], [ -70.904611811654021, -53.081437267183929 ], [ -70.90406993018027, -53.081626847776832 ], [ -70.903392960867762, -53.081824859826376 ], [ -70.902131476391688, -53.082273885927492 ], [ -70.900852090935146, -53.083015618487899 ], [ -70.900641376325254, -53.083137777352015 ], [ -70.900512114755614, -53.083249966011095 ], [ -70.900292885630876, -53.083435191906695 ], [ -70.899977061722836, -53.083638504879282 ], [ -70.899743147027564, -53.083791091222203 ], [ -70.899478663564111, -53.083953333378965 ], [ -70.899171791433233, -53.084124822304709 ], [ -70.898749726155984, -53.08438515861689 ], [ -70.898666983487388, -53.08438230254206 ], [ -70.898488511945033, -53.084326158963847 ], [ -70.898244014799175, -53.084278447041683 ], [ -70.898058089025142, -53.084300589905808 ], [ -70.89771864979113, -53.084378125697434 ], [ -70.897184999339885, -53.084502507013184 ], [ -70.896445653736563, -53.084669765157734 ], [ -70.896128493421486, -53.084762346651679 ], [ -70.89563823537236, -53.084941334317364 ], [ -70.895673548663623, -53.084980119456944 ] ] ] } },
{ "type": "Feature", "properties": { "zona": "98" }, "geometry": { "type": "Polygon", "coordinates": [ [ [ -70.880761480745861, -53.088663497849332 ], [ -70.881286888817939, -53.089467340824989 ], [ -70.881863467450842, -53.090879705472958 ], [ -70.882186901411927, -53.092007571952436 ], [ -70.883933293627209, -53.098096589209618 ], [ -70.88471618404192, -53.100827536200818 ], [ -70.884757312642051, -53.100978202862102 ], [ -70.885282459826371, -53.102901890645079 ], [ -70.885426113989226, -53.103428084118022 ], [ -70.885547833138915, -53.103419435300474 ], [ -70.885670480795156, -53.103410720450761 ], [ -70.885893055640565, -53.103394905681405 ], [ -70.88621157303011, -53.10337261084149 ], [ -70.888273630667925, -53.103148837661898 ], [ -70.888747822275604, -53.10307003768434 ], [ -70.889363282030288, -53.102919958987918 ], [ -70.890063460422738, -53.102710923584098 ], [ -70.890736897893603, -53.102367671381053 ], [ -70.890925830197006, -53.102255197765324 ], [ -70.89104351629345, -53.102185138428503 ], [ -70.891692889425656, -53.101798552199803 ], [ -70.893130243749908, -53.100867622128028 ], [ -70.893833934795282, -53.100413910897544 ], [ -70.894086753848782, -53.100250899764895 ], [ -70.89462132359111, -53.100036116344832 ], [ -70.894824959721461, -53.099974126849872 ], [ -70.895156080673672, -53.099902260849511 ], [ -70.895410599073145, -53.099887251267127 ], [ -70.895760487062716, -53.099908856032116 ], [ -70.896366542841491, -53.100022610899572 ], [ -70.896863648949946, -53.100123303822841 ], [ -70.896975639351993, -53.100145987781303 ], [ -70.897335674846374, -53.100144137330396 ], [ -70.897728048680051, -53.100093419192028 ], [ -70.898087887300946, -53.100010635067392 ], [ -70.898413832348055, -53.099910019982303 ], [ -70.898840573745275, -53.099789080877159 ], [ -70.899243789699653, -53.099624486364057 ], [ -70.899341659051075, -53.099570740763056 ], [ -70.899602642271773, -53.099427419023129 ], [ -70.900594378384284, -53.098854703537583 ], [ -70.9016758585594, -53.098211291503951 ], [ -70.902537905687339, -53.097712632015465 ], [ -70.902653227664644, -53.09765234478256 ], [ -70.903815469600559, -53.09704474173585 ], [ -70.903832052439952, -53.0970360720572 ], [ -70.903914159234091, -53.096962738305507 ], [ -70.903987545753111, -53.096801020689064 ], [ -70.904134292308356, -53.09647764109851 ], [ -70.904388222029638, -53.095886603714867 ], [ -70.9042970190022, -53.095847758169199 ], [ -70.903775150412017, -53.09555605689355 ], [ -70.903465641857196, -53.095359737673526 ], [ -70.903398434571699, -53.095276497200899 ], [ -70.90340329600339, -53.095183839890474 ], [ -70.90345196053687, -53.095087933014575 ], [ -70.903547798139442, -53.095036493479867 ], [ -70.904369021570716, -53.094863158291524 ], [ -70.904363903367368, -53.094807790541275 ], [ -70.904331504795692, -53.094753598326918 ], [ -70.903539505729285, -53.093428795218529 ], [ -70.902458999119915, -53.091487445032335 ], [ -70.900999071448595, -53.089462781782082 ], [ -70.896433519046241, -53.085631875504454 ], [ -70.895924903866828, -53.085205050301568 ], [ -70.895727548628173, -53.085039428855069 ], [ -70.895673548663623, -53.084980119456944 ], [ -70.894518856182245, -53.08553728644214 ], [ -70.893714024842794, -53.085955748249681 ], [ -70.893215411925027, -53.086209850639456 ], [ -70.892928944469261, -53.086353467750506 ], [ -70.892527321803897, -53.086460970638889 ], [ -70.891990437335778, -53.08655665677005 ], [ -70.891615027258709, -53.086575807948222 ], [ -70.891389752984878, -53.086575159323282 ], [ -70.891079922399584, -53.086569919328241 ], [ -70.890542915492517, -53.086563248244723 ], [ -70.889933081330099, -53.086532634894333 ], [ -70.889318763482763, -53.086466160911399 ], [ -70.889017403530417, -53.08643431394119 ], [ -70.889015212886093, -53.086434238147788 ], [ -70.888804631103113, -53.086426952105903 ], [ -70.888607619182991, -53.08642013523604 ], [ -70.888516313383803, -53.086424115760096 ], [ -70.888215247034324, -53.086472010831415 ], [ -70.886803546611844, -53.08666235361477 ], [ -70.885984441206446, -53.08679465459781 ], [ -70.885414247898609, -53.086928429875321 ], [ -70.884654837979113, -53.08718060571848 ], [ -70.883580424975634, -53.087584380987224 ], [ -70.883469711289379, -53.087625987512048 ], [ -70.882932569983794, -53.087827842792159 ], [ -70.881746033772316, -53.088329395260175 ], [ -70.881338921590682, -53.088493794790644 ], [ -70.881238157764358, -53.08853461971372 ], [ -70.881184690952097, -53.088556282222818 ], [ -70.880961556000074, -53.088612811321873 ], [ -70.880761480745861, -53.088663497849332 ] ] ] } },
{ "type": "Feature", "properties": { "zona": "99" }, "geometry": { "type": "Polygon", "coordinates": [ [ [ -70.904376537790682, -53.096816293765293 ], [ -70.904163562792462, -53.096808087039982 ], [ -70.903987545753111, -53.096801020689064 ], [ -70.903914159234091, -53.096962738305507 ], [ -70.903832052439952, -53.0970360720572 ], [ -70.903815469600559, -53.09704474173585 ], [ -70.902653227664644, -53.09765234478256 ], [ -70.902537905687339, -53.097712632015465 ], [ -70.9016758585594, -53.098211291503951 ], [ -70.900594378384284, -53.098854703537583 ], [ -70.899602642271773, -53.099427419023129 ], [ -70.899341659051075, -53.099570740763056 ], [ -70.899243789699653, -53.099624486364057 ], [ -70.898840573745275, -53.099789080877159 ], [ -70.898413832348055, -53.099910019982303 ], [ -70.898087887300946, -53.100010635067392 ], [ -70.897728048680051, -53.100093419192028 ], [ -70.897335674846374, -53.100144137330396 ], [ -70.896975639351993, -53.100145987781303 ], [ -70.896863648949946, -53.100123303822841 ], [ -70.896366542841491, -53.100022610899572 ], [ -70.895760487062716, -53.099908856032116 ], [ -70.895410599073145, -53.099887251267127 ], [ -70.895156080673672, -53.099902260849511 ], [ -70.894824959721461, -53.099974126849872 ], [ -70.89462132359111, -53.100036116344832 ], [ -70.894086753848782, -53.100250899764895 ], [ -70.893833934795282, -53.100413910897544 ], [ -70.893130243749908, -53.100867622128028 ], [ -70.891692889425656, -53.101798552199803 ], [ -70.89104351629345, -53.102185138428503 ], [ -70.890925830197006, -53.102255197765324 ], [ -70.890736897893603, -53.102367671381053 ], [ -70.890063460422738, -53.102710923584098 ], [ -70.889363282030288, -53.102919958987918 ], [ -70.888747822275604, -53.10307003768434 ], [ -70.888273630667925, -53.103148837661898 ], [ -70.88621157303011, -53.10337261084149 ], [ -70.885893055640565, -53.103394905681405 ], [ -70.885670480795156, -53.103410720450761 ], [ -70.885547833138915, -53.103419435300474 ], [ -70.885426113989226, -53.103428084118022 ], [ -70.885617094115972, -53.104004437144546 ], [ -70.88562586443598, -53.104030904941773 ], [ -70.885670294166275, -53.10416498481824 ], [ -70.885693003597012, -53.104246695957542 ], [ -70.885799321847571, -53.104629228460411 ], [ -70.885873349403369, -53.104895574666109 ], [ -70.885922293370129, -53.105071018445337 ], [ -70.886053037664226, -53.105539670567431 ], [ -70.886172606702274, -53.106150743233599 ], [ -70.886211591646301, -53.106487690990754 ], [ -70.886212201450874, -53.106770947883412 ], [ -70.886185619501504, -53.107131807239632 ], [ -70.886140763661047, -53.107326833325445 ], [ -70.886097636386893, -53.107514343010095 ], [ -70.886075559734039, -53.107599263351723 ], [ -70.886066360809224, -53.10763464726513 ], [ -70.885930074798537, -53.107984569075263 ], [ -70.885691095667823, -53.108457082215359 ], [ -70.885670960759299, -53.108488496405762 ], [ -70.885407525573029, -53.108899489633139 ], [ -70.885168417654157, -53.109207769097736 ], [ -70.884459056132656, -53.109958698459792 ], [ -70.884345440349776, -53.11007896933463 ], [ -70.8838228324921, -53.110542734480511 ], [ -70.883119272442499, -53.111167056736576 ], [ -70.883044408264126, -53.111233487904848 ], [ -70.882503022177943, -53.111724080984409 ], [ -70.882140606485024, -53.112080445346528 ], [ -70.881774418862818, -53.112403939702581 ], [ -70.881660980232695, -53.112504151081623 ], [ -70.881304308755247, -53.112841670782565 ], [ -70.881226072291213, -53.112943770066003 ], [ -70.881091108180073, -53.113119898673553 ], [ -70.880879789154207, -53.113395668115146 ], [ -70.880733439951726, -53.113586648692667 ], [ -70.880511833177437, -53.113820407880837 ], [ -70.880472794805883, -53.113861585856299 ], [ -70.880257444836957, -53.114088742682974 ], [ -70.879934061914028, -53.114415339234036 ], [ -70.879908918079082, -53.114437234097316 ], [ -70.880038132545891, -53.11441928958088 ], [ -70.880168621702623, -53.11441064125637 ], [ -70.88035467659904, -53.114398309955625 ], [ -70.880829316819302, -53.114366851288928 ], [ -70.881869839572303, -53.114297879031263 ], [ -70.886717539819784, -53.113976421107836 ], [ -70.89378137269064, -53.116906917233081 ], [ -70.895018582974586, -53.117420102490847 ], [ -70.897312520151218, -53.119795790852748 ], [ -70.900353924570183, -53.121427688059676 ], [ -70.900426190193656, -53.121466461064593 ], [ -70.90047393305629, -53.121492075837594 ], [ -70.907268440259003, -53.117985015207481 ], [ -70.907508701307222, -53.117954611053577 ], [ -70.90777676552915, -53.117887676877451 ], [ -70.908081150841483, -53.117782006746879 ], [ -70.90827368201397, -53.117687718604607 ], [ -70.908471705191985, -53.117635508473207 ], [ -70.90855174597786, -53.117592565694139 ], [ -70.908603640777599, -53.117504702952907 ], [ -70.908652690662677, -53.117522836344072 ], [ -70.908726944984537, -53.117547184313501 ], [ -70.908848950825302, -53.117587189321583 ], [ -70.909188166392042, -53.117698414408608 ], [ -70.90934845630089, -53.117744288326577 ], [ -70.909812079004112, -53.117876973036289 ], [ -70.911242776800108, -53.118183248643462 ], [ -70.911912330769937, -53.118331872206831 ], [ -70.912479956965356, -53.118457866467892 ], [ -70.912017278590668, -53.118187417631098 ], [ -70.905989442576185, -53.114663506885329 ], [ -70.903869758252497, -53.113424120175303 ], [ -70.902441367413985, -53.112588874987544 ], [ -70.902338624628541, -53.109104689061958 ], [ -70.902292221901689, -53.107531085931534 ], [ -70.902216897040702, -53.104976660685104 ], [ -70.900810171592468, -53.102928847604943 ], [ -70.900969088956884, -53.102505907519067 ], [ -70.901215761157673, -53.102407309887383 ], [ -70.901475983256205, -53.102166372200777 ], [ -70.901785165256882, -53.102034227982898 ], [ -70.902501451347334, -53.101987522872705 ], [ -70.903427421918707, -53.100984095588956 ], [ -70.903799100650858, -53.100818398549002 ], [ -70.90323833516149, -53.100477752585626 ], [ -70.903403991105094, -53.099983637654674 ], [ -70.903402433378105, -53.099376654607966 ], [ -70.903902499414883, -53.099108277678639 ], [ -70.904343436892304, -53.098837860885858 ], [ -70.904384060492163, -53.098410839777237 ], [ -70.904605430110053, -53.097954346591209 ], [ -70.904711938635074, -53.097458192592129 ], [ -70.905152853731977, -53.097187772313326 ], [ -70.905134563517677, -53.096928771147503 ], [ -70.905115301756368, -53.096656023445057 ], [ -70.904728383109315, -53.096739964060113 ], [ -70.904376537790682, -53.096816293765293 ] ] ] } },
{ "type": "Feature", "properties": { "zona": "100" }, "geometry": { "type": "Polygon", "coordinates": [ [ [ -70.898663380922713, -53.15229436934839 ], [ -70.898679019668464, -53.152312512433269 ], [ -70.898725252955984, -53.152366148986431 ], [ -70.900209836407726, -53.154088369869982 ], [ -70.900364317285749, -53.154267570956009 ], [ -70.900390689209701, -53.154298162346699 ], [ -70.900441894677769, -53.15437219096286 ], [ -70.900772169660058, -53.154256257521133 ], [ -70.90162895598101, -53.153962875808027 ], [ -70.902021522311173, -53.153828449978 ], [ -70.902844415032973, -53.153551722795839 ], [ -70.90351456962577, -53.153326352043443 ], [ -70.903637661551201, -53.153284956011476 ], [ -70.903899298455258, -53.153195776459931 ], [ -70.904210523358742, -53.153089693379151 ], [ -70.905096979530967, -53.152787531055054 ], [ -70.905159994671422, -53.152766050754607 ], [ -70.905669788701573, -53.15259481272583 ], [ -70.905715060856892, -53.152579605540907 ], [ -70.905885844347821, -53.152524984130324 ], [ -70.905868585875879, -53.152505040213917 ], [ -70.905817735069789, -53.152446279283836 ], [ -70.905814338047819, -53.152442354451182 ], [ -70.905770368311082, -53.1523910494519 ], [ -70.90564160665474, -53.152240809509671 ], [ -70.904734922958795, -53.151182848463712 ], [ -70.904525026928255, -53.150937922853203 ], [ -70.903831315491217, -53.150128418445355 ], [ -70.903680779987894, -53.149952750897228 ], [ -70.903424518374322, -53.149653702719057 ], [ -70.903409139267325, -53.149662113629866 ], [ -70.903292270463851, -53.149726032959315 ], [ -70.90306930071651, -53.149853889691904 ], [ -70.902970623987542, -53.149910473505898 ], [ -70.902174370659381, -53.150367056075659 ], [ -70.901873124893399, -53.15053979005954 ], [ -70.90145710704968, -53.150778330313585 ], [ -70.900900493405871, -53.151097481055359 ], [ -70.900462538796603, -53.151351334268206 ], [ -70.899876160860302, -53.151708362269765 ], [ -70.899007633366026, -53.152202249797689 ], [ -70.898828085476651, -53.1522502963265 ], [ -70.898761278640492, -53.152268172881421 ], [ -70.898663380922713, -53.15229436934839 ] ] ] } },
{ "type": "Feature", "properties": { "zona": "101" }, "geometry": { "type": "Polygon", "coordinates": [ [ [ -70.896333167612781, -53.160578281276912 ], [ -70.896401880167659, -53.160644931201858 ], [ -70.896412898770464, -53.160655618703665 ], [ -70.896472669492042, -53.160713595818308 ], [ -70.896517849373282, -53.160757419341586 ], [ -70.896554043523992, -53.16079252629833 ], [ -70.896581188845119, -53.160818856048124 ], [ -70.896669999880629, -53.160905000338978 ], [ -70.896705271646312, -53.160938766544753 ], [ -70.896706302870399, -53.16093975387237 ], [ -70.896743578220466, -53.160975437816099 ], [ -70.896877818750653, -53.161103950364549 ], [ -70.896903732962997, -53.161128756864805 ], [ -70.897032474026744, -53.161252003198975 ], [ -70.897032569889888, -53.16125209646345 ], [ -70.897093183420836, -53.161310120309366 ], [ -70.897178692364292, -53.161391978954356 ], [ -70.897187878844605, -53.161400618717259 ], [ -70.897226523914313, -53.161436966858723 ], [ -70.897264978212547, -53.161473134787869 ], [ -70.897318698906105, -53.161523662076895 ], [ -70.897392519068745, -53.161593093646367 ], [ -70.897436737671029, -53.161634683280504 ], [ -70.89765393982924, -53.161838969747585 ], [ -70.897713297440248, -53.161895601468942 ], [ -70.897748240569726, -53.161928938600354 ], [ -70.89781355471851, -53.161991252323574 ], [ -70.898305835948136, -53.162460912280046 ], [ -70.898308613813512, -53.162463562868794 ], [ -70.898430267015385, -53.162579623805954 ], [ -70.89846905630688, -53.162616630467085 ], [ -70.898592016417041, -53.162733936324024 ], [ -70.89870022857788, -53.162842612097279 ], [ -70.89929927122418, -53.162613442789393 ], [ -70.90026945206553, -53.162235970547741 ], [ -70.901555575326299, -53.161735549143785 ], [ -70.901731993264946, -53.161666904275201 ], [ -70.90209920771666, -53.161524018322247 ], [ -70.904711264788887, -53.160507584633237 ], [ -70.904735811595543, -53.160498031943298 ], [ -70.90467430174283, -53.160439235526972 ], [ -70.904649123809889, -53.160415047156185 ], [ -70.904593878574076, -53.160361973590177 ], [ -70.904559516878109, -53.160328963509336 ], [ -70.904530021363982, -53.160300627839511 ], [ -70.904496487979429, -53.160268412696873 ], [ -70.904442113812152, -53.160216175065742 ], [ -70.904419815446573, -53.160194753032549 ], [ -70.904415931041285, -53.160191021881381 ], [ -70.904341541638772, -53.160119555677241 ], [ -70.904322797304019, -53.160101547546567 ], [ -70.904291000068525, -53.16007099966307 ], [ -70.904278999642614, -53.1600609996541 ], [ -70.904268000482602, -53.160050999947735 ], [ -70.904240452964288, -53.160024386496566 ], [ -70.904238880631851, -53.160025038498098 ], [ -70.904182205629027, -53.160047246002172 ], [ -70.90405751009483, -53.160096107093757 ], [ -70.904003737737952, -53.160117176696133 ], [ -70.903824126593221, -53.160163634060503 ], [ -70.903760126637309, -53.160180188049509 ], [ -70.903449541645983, -53.160198049815762 ], [ -70.903141670052264, -53.160187443039547 ], [ -70.902903476255318, -53.160161847638278 ], [ -70.902201259857193, -53.160086387817714 ], [ -70.901810370802394, -53.16005618292423 ], [ -70.900820460443697, -53.159979684300588 ], [ -70.899917062264549, -53.159909863903103 ], [ -70.899896688455087, -53.159908288821015 ], [ -70.899617782437076, -53.159886732554362 ], [ -70.899134711013048, -53.159849393620149 ], [ -70.898849847623353, -53.159846709007553 ], [ -70.898649096407183, -53.159865410087761 ], [ -70.8985142211435, -53.159877974812474 ], [ -70.898167433515226, -53.159901714800952 ], [ -70.897664960030795, -53.160062889164173 ], [ -70.897085318445349, -53.160285661275516 ], [ -70.89662175092046, -53.160466010396242 ], [ -70.896423250440577, -53.160543235772124 ], [ -70.896417116427557, -53.160545622040871 ], [ -70.896333167612781, -53.160578281276912 ] ] ] } },
{ "type": "Feature", "properties": { "zona": "102" }, "geometry": { "type": "Polygon", "coordinates": [ [ [ -70.937931485344549, -53.202464125959295 ], [ -70.937902791229234, -53.202470847265531 ], [ -70.937813165791439, -53.202488732137326 ], [ -70.93774835593365, -53.202501664894001 ], [ -70.937828540186587, -53.202628989877944 ], [ -70.937877246746069, -53.202706329568301 ], [ -70.937895911577115, -53.202735966627813 ], [ -70.937934682905137, -53.202797530745066 ], [ -70.937946919547088, -53.20281696058467 ], [ -70.937965718583825, -53.202846810909847 ], [ -70.937994916806161, -53.202893837019204 ], [ -70.938015170315552, -53.202926459040263 ], [ -70.938096532338818, -53.203057499596262 ], [ -70.938376457031822, -53.203508344365467 ], [ -70.938388424247933, -53.203527617427525 ], [ -70.938617451335745, -53.203896479362989 ], [ -70.938695338123395, -53.204021918037789 ], [ -70.938706758136334, -53.204041704017179 ], [ -70.938903058478161, -53.204381819271333 ], [ -70.939083937808547, -53.204715490513443 ], [ -70.939163134718868, -53.204883847057452 ], [ -70.939166014622089, -53.204892388545701 ], [ -70.939185138501912, -53.204949111230896 ], [ -70.939242365735197, -53.205118845246936 ], [ -70.939246585652754, -53.205134359014501 ], [ -70.939270594522412, -53.205222628359742 ], [ -70.939304191278453, -53.205347556022488 ], [ -70.939331577271261, -53.205449388007295 ], [ -70.93937596354688, -53.205717470542453 ], [ -70.939378894999791, -53.205769410823002 ], [ -70.939396098861664, -53.206074215368361 ], [ -70.93938782325661, -53.206329076157338 ], [ -70.939361708165819, -53.20646673815817 ], [ -70.939354498563233, -53.20650474369139 ], [ -70.940049402068141, -53.206509691380219 ], [ -70.94053920822536, -53.206528308662101 ], [ -70.940814467873409, -53.206524359323595 ], [ -70.940968684667325, -53.206522146576965 ], [ -70.941065045422931, -53.206520763676679 ], [ -70.941599901099295, -53.206513086825865 ], [ -70.941763159948309, -53.206507344012856 ], [ -70.941902189950099, -53.206502453997366 ], [ -70.942420411273659, -53.206455391377467 ], [ -70.943105381765221, -53.206348708108791 ], [ -70.94314438163147, -53.206342633792389 ], [ -70.943943583136942, -53.20621815275819 ], [ -70.944475899962583, -53.206117510581244 ], [ -70.945112521095197, -53.205997144359415 ], [ -70.945644809704675, -53.205892429200205 ], [ -70.946212728087417, -53.205780702061261 ], [ -70.946253122017183, -53.20577275550113 ], [ -70.946828420324437, -53.20565957227825 ], [ -70.948492703739291, -53.205295400416844 ], [ -70.949765876070643, -53.205016790268004 ], [ -70.949934290481778, -53.204979619721144 ], [ -70.950167970746193, -53.20500613764171 ], [ -70.950534406907053, -53.204986854063989 ], [ -70.950681513569137, -53.205239279862894 ], [ -70.950967392116866, -53.205729821414714 ], [ -70.951133394750471, -53.206014659867598 ], [ -70.95137561043245, -53.206430265381535 ], [ -70.952107248004495, -53.206654135988174 ], [ -70.953661016390853, -53.206992597616555 ], [ -70.954908242101553, -53.206882686048637 ], [ -70.956025429609952, -53.206806422837033 ], [ -70.957009006404931, -53.206801770655026 ], [ -70.957755192177117, -53.206960408315517 ], [ -70.95842403726229, -53.207287502886494 ], [ -70.958294123261041, -53.206839279319958 ], [ -70.955975469906903, -53.202113233078585 ], [ -70.955882987140399, -53.20091808902734 ], [ -70.954751104125563, -53.199470613414178 ], [ -70.958836720872256, -53.197838712093414 ], [ -70.959125328437594, -53.197467706698085 ], [ -70.9584317339867, -53.196415962309835 ], [ -70.958150237515568, -53.195701902906556 ], [ -70.958471690469466, -53.194959664337013 ], [ -70.958080692019891, -53.194278764718767 ], [ -70.957000684271037, -53.191413706987305 ], [ -70.95675651953799, -53.191481570028188 ], [ -70.956616995562257, -53.191448266942011 ], [ -70.956495954877596, -53.191387031366752 ], [ -70.956245825562945, -53.191349968079265 ], [ -70.956050851015277, -53.191400461142656 ], [ -70.955932195426456, -53.191482109131144 ], [ -70.955777466601162, -53.191610131917429 ], [ -70.955620947844878, -53.191757134368757 ], [ -70.955499608386177, -53.191867251316999 ], [ -70.955206245470109, -53.191952479192302 ], [ -70.955048237047791, -53.191947106366705 ], [ -70.954925408086211, -53.191904848187129 ], [ -70.95483418149243, -53.19186366544789 ], [ -70.954839549458967, -53.191806726742783 ], [ -70.954863401679759, -53.191721855985151 ], [ -70.954839851567471, -53.191635372372225 ], [ -70.954766216733802, -53.191575747076826 ], [ -70.954613576498147, -53.191513434950977 ], [ -70.954402797685987, -53.191563387876521 ], [ -70.954001516033884, -53.191616381820296 ], [ -70.953738859251771, -53.191712170406142 ], [ -70.953506908504238, -53.191818522875415 ], [ -70.953088031642281, -53.191889955071247 ], [ -70.952652456409638, -53.19197033847567 ], [ -70.952449418332435, -53.192106233313375 ], [ -70.95236325159523, -53.192179463404806 ], [ -70.952036489258319, -53.192282586931348 ], [ -70.951807217350662, -53.19236046669085 ], [ -70.951568411907729, -53.192371380333917 ], [ -70.951372532136901, -53.192431354973905 ], [ -70.951035952250976, -53.192569169182825 ], [ -70.951018240117961, -53.192651868076659 ], [ -70.950975220984205, -53.192845271151945 ], [ -70.950749718769003, -53.193135102910787 ], [ -70.9505536401672, -53.193533037941883 ], [ -70.950592743793635, -53.193748574942497 ], [ -70.950753718018589, -53.193932559133998 ], [ -70.95083344455783, -53.194137577781213 ], [ -70.950745080865303, -53.194443977685758 ], [ -70.950564670342004, -53.194675842564656 ], [ -70.950384259309885, -53.194907707176839 ], [ -70.950146424225395, -53.195328021308462 ], [ -70.949980161328924, -53.195619868561195 ], [ -70.949700381265373, -53.195926667409665 ], [ -70.949497164327937, -53.196149504547897 ], [ -70.949348168864944, -53.196312884314686 ], [ -70.949004077601757, -53.196690187920375 ], [ -70.949000773250191, -53.196704971022463 ], [ -70.948959297414618, -53.196757530643239 ], [ -70.948906112874994, -53.196805194677282 ], [ -70.948853649665821, -53.196855133025032 ], [ -70.94881569461846, -53.196910062270092 ], [ -70.948777951163549, -53.196962749838242 ], [ -70.948753127272965, -53.196981606369533 ], [ -70.94871844527411, -53.197007949647542 ], [ -70.948677546821742, -53.197036654817509 ], [ -70.948654273208533, -53.197052989617013 ], [ -70.948591967293765, -53.197098094907737 ], [ -70.948530594560538, -53.197143231049573 ], [ -70.948468288467723, -53.197188335373369 ], [ -70.948403394265853, -53.197231102647748 ], [ -70.948331245802081, -53.197271373944737 ], [ -70.948256509229608, -53.197309308178042 ], [ -70.94818622696279, -53.197349642952325 ], [ -70.94811594456398, -53.197389977682363 ], [ -70.94803437701141, -53.197420931597371 ], [ -70.947943178811471, -53.197444812600686 ], [ -70.947866065380964, -53.197478167891823 ], [ -70.94781128035568, -53.197514825838041 ], [ -70.947802103378294, -53.197520966605346 ], [ -70.947744250403517, -53.197568471127461 ], [ -70.947687330537306, -53.197616007408698 ], [ -70.947628544065651, -53.197663480079093 ], [ -70.947564369784871, -53.197708520313057 ], [ -70.947492431499342, -53.197746549409693 ], [ -70.94741510540878, -53.197782146048844 ], [ -70.947337779190974, -53.197817742635117 ], [ -70.947268428473294, -53.19785810862502 ], [ -70.947192670589672, -53.197887011931158 ], [ -70.947098373423131, -53.197904039211828 ], [ -70.947006664209042, -53.197923402563227 ], [ -70.946920640266839, -53.197951956836718 ], [ -70.946835549542016, -53.197980541945846 ], [ -70.946746216092222, -53.198004484691317 ], [ -70.94665234212988, -53.19801702829696 ], [ -70.946557323053895, -53.198031781684463 ], [ -70.946463958586378, -53.198048840250031 ], [ -70.9463715273791, -53.198065929644649 ], [ -70.946278162685601, -53.198082988958127 ], [ -70.946182422024222, -53.198095467687814 ], [ -70.946089057198435, -53.198112526850146 ], [ -70.946006765368992, -53.198141206757263 ], [ -70.945931092013382, -53.198179107653935 ], [ -70.945857285022683, -53.198217072108861 ], [ -70.945778513981281, -53.198248120723029 ], [ -70.945682687031578, -53.19825160062058 ], [ -70.94560370385193, -53.19828489166531 ], [ -70.945526587137365, -53.198318245372825 ], [ -70.945449979801467, -53.198356114141355 ], [ -70.945375238920334, -53.198394045577928 ], [ -70.945303085611812, -53.19843431583751 ], [ -70.945233732099069, -53.198474679685859 ], [ -70.945180329385039, -53.198524583576379 ], [ -70.945135113867821, -53.198577016282186 ], [ -70.94506058413802, -53.198612706752265 ], [ -70.944972903042441, -53.198638953393512 ], [ -70.944884500578254, -53.19866292560787 ], [ -70.944799407053068, -53.198691510101817 ], [ -70.944710071045634, -53.198715451266082 ], [ -70.944619292270247, -53.198734845431645 ], [ -70.94452995616264, -53.198758785560216 ], [ -70.94444392896132, -53.198787337976206 ], [ -70.944358113670063, -53.198813647781421 ], [ -70.944264025382793, -53.198828431103387 ], [ -70.944177488590896, -53.198852467307958 ], [ -70.944094982240259, -53.198883386590722 ], [ -70.944008954511688, -53.198911938681405 ], [ -70.94392220545447, -53.198938216342583 ], [ -70.943834735081381, -53.198962219572913 ], [ -70.943746119209507, -53.198988434356764 ], [ -70.943656994004328, -53.199010133058486 ], [ -70.943566723552209, -53.199034040619523 ], [ -70.94347284652325, -53.199046581653619 ], [ -70.943377314820182, -53.199056818213784 ], [ -70.943286322769708, -53.199078452982675 ], [ -70.943197918425398, -53.199102424803669 ], [ -70.943113544298001, -53.199133280627237 ], [ -70.943031969849912, -53.199164231869766 ], [ -70.942944286446576, -53.199190476968695 ], [ -70.942856814957452, -53.199214480355565 ], [ -70.942782070248356, -53.199252410983078 ], [ -70.942712712992389, -53.199292774183625 ], [ -70.942642210305493, -53.199335347155511 ], [ -70.942574507374516, -53.199378014678295 ], [ -70.942514058270305, -53.199423180247351 ], [ -70.942470917212418, -53.199473432975964 ], [ -70.942441139022634, -53.199530888097115 ], [ -70.94240338536774, -53.19958357343188 ], [ -70.942350911254437, -53.199633507788242 ], [ -70.942307557732732, -53.199686002092271 ], [ -70.942289911777223, -53.1997438709951 ], [ -70.942279732088707, -53.199801993663328 ], [ -70.942259286113668, -53.199859767956042 ], [ -70.942234385897663, -53.199915139639145 ], [ -70.942212073234245, -53.199972850253424 ], [ -70.942200960000932, -53.200030941972997 ], [ -70.942199179587107, -53.20008935203056 ], [ -70.942202065597485, -53.200147921257518 ], [ -70.942198418596064, -53.200206267646159 ], [ -70.942173517992515, -53.200261640205397 ], [ -70.942114721780982, -53.20030910994948 ], [ -70.942078833577355, -53.200361858824827 ], [ -70.942068441258641, -53.200422224001507 ], [ -70.94202436532693, -53.200472444697589 ], [ -70.941970956344448, -53.200522347016069 ], [ -70.941924801522248, -53.200574745640814 ], [ -70.941920220780247, -53.200633060173544 ], [ -70.941883398750406, -53.200685777141651 ], [ -70.94182740151588, -53.200733342234059 ], [ -70.941796900294818, -53.200788523672699 ], [ -70.941766398991945, -53.20084370510164 ], [ -70.941734752214344, -53.200901096324486 ], [ -70.941704250744635, -53.200956277733653 ], [ -70.941675615802694, -53.201011522810042 ], [ -70.941647914089572, -53.201066799716429 ], [ -70.941630266667488, -53.201124667586868 ], [ -70.941630351884911, -53.201183142186537 ], [ -70.941648340305974, -53.201309692932803 ], [ -70.941593996488493, -53.201359563209749 ], [ -70.941554585837238, -53.201459418189167 ], [ -70.94154962262219, -53.201501976628265 ], [ -70.941504314521595, -53.201545409387201 ], [ -70.941407970953634, -53.20159384676019 ], [ -70.941366035346888, -53.201618022700075 ], [ -70.941290118415139, -53.201661790136548 ], [ -70.941206598753027, -53.201703067255849 ], [ -70.941162423239192, -53.201724899839235 ], [ -70.941069600036471, -53.201775705932583 ], [ -70.940940164930424, -53.201827511656482 ], [ -70.940723930601365, -53.201876354666382 ], [ -70.940496198914019, -53.201918060129479 ], [ -70.940315345253225, -53.201959115097814 ], [ -70.940087825035889, -53.201998577229098 ], [ -70.939889237496885, -53.202039026359174 ], [ -70.939701128387327, -53.202077583913251 ], [ -70.939476619229097, -53.202114898779968 ], [ -70.939255715187372, -53.202163580675574 ], [ -70.939097387119375, -53.20219415830779 ], [ -70.939001932031502, -53.20221338779659 ], [ -70.938460830580283, -53.202340135644292 ], [ -70.938303603723298, -53.202376963934213 ], [ -70.938086532528686, -53.202427809339383 ], [ -70.937997206799508, -53.202448732471822 ], [ -70.93795570555649, -53.202458452788591 ], [ -70.937931485344549, -53.202464125959295 ] ] ] } },
{ "type": "Feature", "properties": { "zona": "103" }, "geometry": { "type": "Polygon", "coordinates": [ [ [ -70.86860133199842, -53.072162707945111 ], [ -70.866576308500839, -53.072604881622681 ], [ -70.866568611478868, -53.072600445146541 ], [ -70.866553701603451, -53.072600679335402 ], [ -70.866449994050413, -53.072620351297246 ], [ -70.866272901702089, -53.072668056479721 ], [ -70.866197990054346, -53.0726894912425 ], [ -70.866163439983538, -53.07269937729783 ], [ -70.865929329037996, -53.072758773391513 ], [ -70.865854130075164, -53.072773484346357 ], [ -70.86545064431202, -53.072852414738925 ], [ -70.865042797148689, -53.072983690829957 ], [ -70.864752795123323, -53.073077034516743 ], [ -70.864687487285053, -53.07309805508423 ], [ -70.864619225457645, -53.073111302931373 ], [ -70.864610318514067, -53.07311303134383 ], [ -70.864593822096339, -53.073117748466721 ], [ -70.864612687014059, -53.073135542234247 ], [ -70.864621610561656, -53.073143959914965 ], [ -70.864763383326533, -53.073261700067654 ], [ -70.864876042781432, -53.073335550690572 ], [ -70.864948884857696, -53.073373774415025 ], [ -70.865017853225993, -53.073409966040749 ], [ -70.865125728811947, -53.073466573094215 ], [ -70.865257445829556, -53.073532144764656 ], [ -70.865284506579243, -53.073545616892943 ], [ -70.865794508407859, -53.073811426988648 ], [ -70.865811518145961, -53.073820292390195 ], [ -70.866069811738996, -53.073970748202726 ], [ -70.866108064150808, -53.073993030575899 ], [ -70.866135951410101, -53.074027709269068 ], [ -70.866154126066448, -53.074046044594098 ], [ -70.866239241426342, -53.074131911917803 ], [ -70.866269665306802, -53.074162603723238 ], [ -70.866325122324426, -53.074356070972968 ], [ -70.866329166830852, -53.074370183138988 ], [ -70.866328576184657, -53.074413755528475 ], [ -70.86632763255345, -53.074483335203162 ], [ -70.866311264635641, -53.074537063677774 ], [ -70.86627136061756, -53.074668042711913 ], [ -70.866217987417258, -53.074843238106482 ], [ -70.866206152682807, -53.074882082358677 ], [ -70.866200324474818, -53.074901213422791 ], [ -70.866115298936663, -53.075170982673221 ], [ -70.866078790174853, -53.075286815653818 ], [ -70.866066557884423, -53.075399083601276 ], [ -70.866065561867842, -53.075408219302794 ], [ -70.866069364057267, -53.075516886414704 ], [ -70.866078314989977, -53.075547664085292 ], [ -70.866112158208708, -53.075664041522643 ], [ -70.866130936070377, -53.07570633215839 ], [ -70.866158958487574, -53.075769444179024 ], [ -70.866226179491832, -53.075894599744039 ], [ -70.866231389653905, -53.075904301327604 ], [ -70.866340462653014, -53.07607952925602 ], [ -70.866471264003792, -53.076289663958541 ], [ -70.866472475536114, -53.076291609630346 ], [ -70.866540343677656, -53.076403092237847 ], [ -70.866641825660921, -53.076569791260901 ], [ -70.866670975805349, -53.076616505177284 ], [ -70.866748708122969, -53.076741072533025 ], [ -70.866759478947685, -53.076773020839731 ], [ -70.86679547675763, -53.076879797064237 ], [ -70.866814926634348, -53.076990912905288 ], [ -70.866833427743728, -53.077096612625141 ], [ -70.866840412355259, -53.077136512859852 ], [ -70.866856808816067, -53.077356057225025 ], [ -70.866863119458003, -53.077440542561511 ], [ -70.866868785967682, -53.077516419862228 ], [ -70.866886197663476, -53.077615088301656 ], [ -70.866941636837225, -53.077729359640131 ], [ -70.866923434760196, -53.07773620645834 ], [ -70.866880374456414, -53.077752402362329 ], [ -70.86682771407402, -53.077767405170547 ], [ -70.866210832784233, -53.077943155832173 ], [ -70.865815717209856, -53.078055721571687 ], [ -70.864754047065901, -53.078345734306126 ], [ -70.864535329790556, -53.078396745435519 ], [ -70.86412674704134, -53.078492038063651 ], [ -70.86343805454004, -53.078652655351846 ], [ -70.864708400161817, -53.082126968512739 ], [ -70.870407314502927, -53.086631981974541 ], [ -70.871356520227977, -53.088607168438081 ], [ -70.87165828243289, -53.092387805963689 ], [ -70.872035181678726, -53.094126181752735 ], [ -70.873437945701411, -53.093853270414577 ], [ -70.877228457540525, -53.093040528074617 ], [ -70.877367800401402, -53.093016258533538 ], [ -70.877381037100335, -53.093013953369734 ], [ -70.877390945598066, -53.093012228108819 ], [ -70.877555325557054, -53.092983597744784 ], [ -70.881840796277658, -53.092068983832597 ], [ -70.882186901411927, -53.092007571952436 ], [ -70.881863467450842, -53.090879705472958 ], [ -70.881286888817939, -53.089467340824989 ], [ -70.880761480745861, -53.088663497849332 ], [ -70.88072294490027, -53.088604539404308 ], [ -70.88069749080276, -53.088565594898746 ], [ -70.880666099454714, -53.088517566612403 ], [ -70.880519005141409, -53.088276397807498 ], [ -70.877522348312169, -53.083362633704503 ], [ -70.875849481472301, -53.080531859510828 ], [ -70.875771463070691, -53.080399830310476 ], [ -70.875679344284293, -53.080243937774469 ], [ -70.875664334438071, -53.08021853702818 ], [ -70.875659850150683, -53.080210948127544 ], [ -70.874869370277679, -53.078912515932743 ], [ -70.874624027631057, -53.078509503001833 ], [ -70.87383321160371, -53.077210413294935 ], [ -70.873704829759376, -53.076999510451095 ], [ -70.872751526461201, -53.075433376533923 ], [ -70.872583671705399, -53.07515760309628 ], [ -70.871625147661689, -53.073582756425658 ], [ -70.871582475779149, -53.073512644424142 ], [ -70.871462604350242, -53.073315686558928 ], [ -70.870518477989179, -53.071764359131031 ], [ -70.870049548956871, -53.071846455460587 ], [ -70.869148138158536, -53.072043302728332 ], [ -70.86860133199842, -53.072162707945111 ] ] ] } },
{ "type": "Feature", "properties": { "zona": "104" }, "geometry": { "type": "Polygon", "coordinates": [ [ [ -70.872035181678726, -53.094126181752735 ], [ -70.872382088029781, -53.095726112784433 ], [ -70.871599896997168, -53.09695565706793 ], [ -70.872336550054342, -53.098180839832082 ], [ -70.873617149172134, -53.098682302475915 ], [ -70.875045170271235, -53.100616954058481 ], [ -70.877133618249232, -53.101603402701485 ], [ -70.877667893614401, -53.102474461567574 ], [ -70.87902335228425, -53.1021504556495 ], [ -70.879145827286251, -53.102120665383566 ], [ -70.879159151033619, -53.10208597189969 ], [ -70.879160662420276, -53.102082034681167 ], [ -70.879257860068321, -53.101947168771432 ], [ -70.879367217041349, -53.101795431826687 ], [ -70.879442032388695, -53.101692166384872 ], [ -70.879475210940939, -53.101646371449519 ], [ -70.879528310545339, -53.101575856864365 ], [ -70.879562197551408, -53.101530856510117 ], [ -70.879678536501004, -53.101381371949159 ], [ -70.879806809952257, -53.101218733637133 ], [ -70.87991104050073, -53.101084130872835 ], [ -70.879951657371421, -53.101031678651943 ], [ -70.880187831341956, -53.100745681300822 ], [ -70.880250948304138, -53.100675513704651 ], [ -70.880428822228225, -53.100477770090492 ], [ -70.880470613140773, -53.100431310012446 ], [ -70.880584635978394, -53.100343151315471 ], [ -70.880820906586592, -53.100142841815305 ], [ -70.880911347095378, -53.100081474318976 ], [ -70.880968080435309, -53.100042978718058 ], [ -70.881223385045217, -53.099866890846776 ], [ -70.881654483452678, -53.099597103915002 ], [ -70.881789344195099, -53.099512705056974 ], [ -70.88202681978899, -53.099355515804866 ], [ -70.882029295888827, -53.099352864196099 ], [ -70.882171103096184, -53.09920104574627 ], [ -70.882222930453693, -53.099124297776321 ], [ -70.882249887712391, -53.099058707256162 ], [ -70.882264162084056, -53.099023975340913 ], [ -70.882268685384574, -53.098959293258318 ], [ -70.882270373845827, -53.098935155839541 ], [ -70.882274912569898, -53.098870234103863 ], [ -70.882266090428558, -53.098810149705812 ], [ -70.882264828670074, -53.09880155910183 ], [ -70.882254805111572, -53.098760051619671 ], [ -70.882203287896914, -53.098680792180033 ], [ -70.88219026989394, -53.098660763583098 ], [ -70.8821550058247, -53.098611119166783 ], [ -70.882062805393616, -53.098524547758061 ], [ -70.88196673653843, -53.098461953584589 ], [ -70.881904233200899, -53.098421228999605 ], [ -70.88170907267012, -53.098327277713523 ], [ -70.881595762136996, -53.098272728831425 ], [ -70.881334021239795, -53.098150838638155 ], [ -70.881216819695851, -53.098096259769264 ], [ -70.880989265475279, -53.097990288782881 ], [ -70.880934783680686, -53.097964916828317 ], [ -70.88075948387835, -53.097883865907093 ], [ -70.880539161339499, -53.097781998493844 ], [ -70.88038884913594, -53.097712500209738 ], [ -70.880202420812822, -53.09762630296634 ], [ -70.880107653350805, -53.097584000928322 ], [ -70.879764791926945, -53.097430953454406 ], [ -70.879557136473693, -53.097338258249991 ], [ -70.879202295382939, -53.097179859508152 ], [ -70.879127429150856, -53.097142118568762 ], [ -70.879019258414331, -53.097087586137143 ], [ -70.879001183108585, -53.097078474473768 ], [ -70.878846267560448, -53.096968622252213 ], [ -70.878777637828961, -53.096902208307689 ], [ -70.878768855614965, -53.096891627843647 ], [ -70.878728002284348, -53.096842410983214 ], [ -70.878694537947467, -53.096775082781463 ], [ -70.878652405458041, -53.096690316965606 ], [ -70.878622277089235, -53.096602630033289 ], [ -70.878589751381739, -53.09650796737332 ], [ -70.878579375572471, -53.096477768488825 ], [ -70.878514020869517, -53.096287557316749 ], [ -70.878481291237236, -53.09619229742092 ], [ -70.878450457293923, -53.096102558308445 ], [ -70.878429099321067, -53.096040396091489 ], [ -70.878422317845164, -53.09602065801468 ], [ -70.878373272235081, -53.095875671992808 ], [ -70.878354205070721, -53.095819306037036 ], [ -70.87830216062514, -53.095665451365825 ], [ -70.878290285481697, -53.095630733134534 ], [ -70.878277172305005, -53.095592399732325 ], [ -70.87825774804358, -53.095535613860449 ], [ -70.87821094094636, -53.095398773715871 ], [ -70.878141057452041, -53.095194472507231 ], [ -70.878126405632131, -53.095151639093714 ], [ -70.878095591298973, -53.095061553301612 ], [ -70.878044958212811, -53.094920869592578 ], [ -70.87800103868733, -53.094798837616175 ], [ -70.877961756120953, -53.094689689213681 ], [ -70.877910997433759, -53.094548655634611 ], [ -70.877832033123823, -53.094329247400815 ], [ -70.877810029181276, -53.094268105239422 ], [ -70.877792672245718, -53.094219879409934 ], [ -70.877792649868596, -53.09421981656272 ], [ -70.877745564789706, -53.094081880740369 ], [ -70.877611304962883, -53.093688552741362 ], [ -70.877583381709599, -53.093606750541944 ], [ -70.877502184597788, -53.093386799475525 ], [ -70.877485816214531, -53.093342458981276 ], [ -70.877443762055663, -53.093228539084997 ], [ -70.877399656611502, -53.09310528233646 ], [ -70.877385765092782, -53.09306646211494 ], [ -70.877367800401402, -53.093016258533538 ], [ -70.877228457540525, -53.093040528074617 ], [ -70.873437945701411, -53.093853270414577 ], [ -70.872035181678726, -53.094126181752735 ] ] ] } },
{ "type": "Feature", "properties": { "zona": "105" }, "geometry": { "type": "Polygon", "coordinates": [ [ [ -70.877367800401402, -53.093016258533538 ], [ -70.877385765092782, -53.09306646211494 ], [ -70.877399656611502, -53.09310528233646 ], [ -70.877443762055663, -53.093228539084997 ], [ -70.877485816214531, -53.093342458981276 ], [ -70.877502184597788, -53.093386799475525 ], [ -70.877583381709599, -53.093606750541944 ], [ -70.877611304962883, -53.093688552741362 ], [ -70.877745564789706, -53.094081880740369 ], [ -70.877792649868596, -53.09421981656272 ], [ -70.877792672245718, -53.094219879409934 ], [ -70.877810029181276, -53.094268105239422 ], [ -70.877832033123823, -53.094329247400815 ], [ -70.877910997433759, -53.094548655634611 ], [ -70.877961756120953, -53.094689689213681 ], [ -70.87800103868733, -53.094798837616175 ], [ -70.878044958212811, -53.094920869592578 ], [ -70.878095591298973, -53.095061553301612 ], [ -70.878126405632131, -53.095151639093714 ], [ -70.878141057452041, -53.095194472507231 ], [ -70.87821094094636, -53.095398773715871 ], [ -70.87825774804358, -53.095535613860449 ], [ -70.878277172305005, -53.095592399732325 ], [ -70.878290285481697, -53.095630733134534 ], [ -70.87830216062514, -53.095665451365825 ], [ -70.878354205070721, -53.095819306037036 ], [ -70.878373272235081, -53.095875671992808 ], [ -70.878422317845164, -53.09602065801468 ], [ -70.878429099321067, -53.096040396091489 ], [ -70.878450457293923, -53.096102558308445 ], [ -70.878481291237236, -53.09619229742092 ], [ -70.878514020869517, -53.096287557316749 ], [ -70.878579375572471, -53.096477768488825 ], [ -70.878589751381739, -53.09650796737332 ], [ -70.878622277089235, -53.096602630033289 ], [ -70.878652405458041, -53.096690316965606 ], [ -70.878694537947467, -53.096775082781463 ], [ -70.878728002284348, -53.096842410983214 ], [ -70.878768855614965, -53.096891627843647 ], [ -70.878777637828961, -53.096902208307689 ], [ -70.878846267560448, -53.096968622252213 ], [ -70.879001183108585, -53.097078474473768 ], [ -70.879019258414331, -53.097087586137143 ], [ -70.879127429150856, -53.097142118568762 ], [ -70.879202295382939, -53.097179859508152 ], [ -70.879557136473693, -53.097338258249991 ], [ -70.879764791926945, -53.097430953454406 ], [ -70.880107653350805, -53.097584000928322 ], [ -70.880202420812822, -53.09762630296634 ], [ -70.88038884913594, -53.097712500209738 ], [ -70.880539161339499, -53.097781998493844 ], [ -70.88075948387835, -53.097883865907093 ], [ -70.880934783680686, -53.097964916828317 ], [ -70.880989265475279, -53.097990288782881 ], [ -70.881216819695851, -53.098096259769264 ], [ -70.881334021239795, -53.098150838638155 ], [ -70.881595762136996, -53.098272728831425 ], [ -70.88170907267012, -53.098327277713523 ], [ -70.881904233200899, -53.098421228999605 ], [ -70.88196673653843, -53.098461953584589 ], [ -70.882062805393616, -53.098524547758061 ], [ -70.8821550058247, -53.098611119166783 ], [ -70.88219026989394, -53.098660763583098 ], [ -70.882203287896914, -53.098680792180033 ], [ -70.882254805111572, -53.098760051619671 ], [ -70.882264828670074, -53.09880155910183 ], [ -70.882266090428558, -53.098810149705812 ], [ -70.882274912569898, -53.098870234103863 ], [ -70.882270373845827, -53.098935155839541 ], [ -70.882268685384574, -53.098959293258318 ], [ -70.882264162084056, -53.099023975340913 ], [ -70.882249887712391, -53.099058707256162 ], [ -70.882222930453693, -53.099124297776321 ], [ -70.882171103096184, -53.09920104574627 ], [ -70.882029295888827, -53.099352864196099 ], [ -70.88202681978899, -53.099355515804866 ], [ -70.881789344195099, -53.099512705056974 ], [ -70.881654483452678, -53.099597103915002 ], [ -70.881223385045217, -53.099866890846776 ], [ -70.880968080435309, -53.100042978718058 ], [ -70.880911347095378, -53.100081474318976 ], [ -70.880820906586592, -53.100142841815305 ], [ -70.880584635978394, -53.100343151315471 ], [ -70.880470613140773, -53.100431310012446 ], [ -70.880428822228225, -53.100477770090492 ], [ -70.880250948304138, -53.100675513704651 ], [ -70.880187831341956, -53.100745681300822 ], [ -70.879951657371421, -53.101031678651943 ], [ -70.87991104050073, -53.101084130872835 ], [ -70.879806809952257, -53.101218733637133 ], [ -70.879678536501004, -53.101381371949159 ], [ -70.879562197551408, -53.101530856510117 ], [ -70.879528310545339, -53.101575856864365 ], [ -70.879475210940939, -53.101646371449519 ], [ -70.879442032388695, -53.101692166384872 ], [ -70.879367217041349, -53.101795431826687 ], [ -70.879257860068321, -53.101947168771432 ], [ -70.879160662420276, -53.102082034681167 ], [ -70.879159151033619, -53.10208597189969 ], [ -70.879145827286251, -53.102120665383566 ], [ -70.879163277570399, -53.102116420872143 ], [ -70.879212941171588, -53.102104340789595 ], [ -70.880547788157131, -53.101779645340066 ], [ -70.881144579997269, -53.101703538758898 ], [ -70.881372548763935, -53.101668597512479 ], [ -70.88161121366231, -53.101604513190317 ], [ -70.882258421311747, -53.101469851417392 ], [ -70.882963020232424, -53.101330511314316 ], [ -70.8838531347794, -53.101169982251569 ], [ -70.884100243201004, -53.101067151055858 ], [ -70.884757312642051, -53.100978202862102 ], [ -70.88471618404192, -53.100827536200818 ], [ -70.883933293627209, -53.098096589209618 ], [ -70.882186901411927, -53.092007571952436 ], [ -70.881840796277658, -53.092068983832597 ], [ -70.877555325557054, -53.092983597744784 ], [ -70.877390945598066, -53.093012228108819 ], [ -70.877381037100335, -53.093013953369734 ], [ -70.877367800401402, -53.093016258533538 ] ] ] } },
{ "type": "Feature", "properties": { "zona": "106" }, "geometry": { "type": "Polygon", "coordinates": [ [ [ -70.879163277570399, -53.102116420872143 ], [ -70.879145827286251, -53.102120665383566 ], [ -70.87902335228425, -53.1021504556495 ], [ -70.877667893614401, -53.102474461567574 ], [ -70.879082282632041, -53.104780246923347 ], [ -70.877836725478161, -53.107443691563176 ], [ -70.884345440349776, -53.11007896933463 ], [ -70.884459056132656, -53.109958698459792 ], [ -70.885168417654157, -53.109207769097736 ], [ -70.885407525573029, -53.108899489633139 ], [ -70.885670960759299, -53.108488496405762 ], [ -70.885691095667823, -53.108457082215359 ], [ -70.885930074798537, -53.107984569075263 ], [ -70.886066360809224, -53.10763464726513 ], [ -70.886075559734039, -53.107599263351723 ], [ -70.886097636386893, -53.107514343010095 ], [ -70.886140763661047, -53.107326833325445 ], [ -70.886185619501504, -53.107131807239632 ], [ -70.886212201450874, -53.106770947883412 ], [ -70.886211591646301, -53.106487690990754 ], [ -70.886172606702274, -53.106150743233599 ], [ -70.886053037664226, -53.105539670567431 ], [ -70.885922293370129, -53.105071018445337 ], [ -70.885873349403369, -53.104895574666109 ], [ -70.885799321847571, -53.104629228460411 ], [ -70.885693003597012, -53.104246695957542 ], [ -70.885670294166275, -53.10416498481824 ], [ -70.88562586443598, -53.104030904941773 ], [ -70.885617094115972, -53.104004437144546 ], [ -70.885426113989226, -53.103428084118022 ], [ -70.885282459826371, -53.102901890645079 ], [ -70.884757312642051, -53.100978202862102 ], [ -70.884100243201004, -53.101067151055858 ], [ -70.8838531347794, -53.101169982251569 ], [ -70.882963020232424, -53.101330511314316 ], [ -70.882258421311747, -53.101469851417392 ], [ -70.88161121366231, -53.101604513190317 ], [ -70.881372548763935, -53.101668597512479 ], [ -70.881144579997269, -53.101703538758898 ], [ -70.880547788157131, -53.101779645340066 ], [ -70.879212941171588, -53.102104340789595 ], [ -70.879163277570399, -53.102116420872143 ] ] ] } },
{ "type": "Feature", "properties": { "zona": "107" }, "geometry": { "type": "Polygon", "coordinates": [ [ [ -70.855730047338653, -53.059533596536866 ], [ -70.856299107213559, -53.059420151029762 ], [ -70.856382562940027, -53.059246445260627 ], [ -70.856356271406625, -53.059214182850624 ], [ -70.856184044152855, -53.059002843675167 ], [ -70.856085144394598, -53.058859848393098 ], [ -70.856062032385992, -53.058824291890694 ], [ -70.85591994352616, -53.058605698710423 ], [ -70.855917184520933, -53.05860145355193 ], [ -70.855852603564742, -53.058505659415331 ], [ -70.855718020374738, -53.058306028465417 ], [ -70.855740521375765, -53.058302188737009 ], [ -70.855787861197854, -53.05829411045233 ], [ -70.856099018210159, -53.058213567024097 ], [ -70.856172700868427, -53.058183812639193 ], [ -70.856316037612146, -53.058125931790684 ], [ -70.856480817887345, -53.057924129708418 ], [ -70.857145957263398, -53.057185676916767 ], [ -70.857343040014385, -53.056910739386922 ], [ -70.857474273774358, -53.056827726121178 ], [ -70.857697295085813, -53.056792661037811 ], [ -70.860305788470598, -53.056152922174832 ], [ -70.860427369517581, -53.056123101975494 ], [ -70.860529333447118, -53.056098093575677 ], [ -70.860628728153529, -53.056067123049573 ], [ -70.860703482660938, -53.056043829950063 ], [ -70.860201130485621, -53.05559789325283 ], [ -70.859745615644442, -53.055161346713703 ], [ -70.859685667290947, -53.055103893763039 ], [ -70.859600616413431, -53.055022384279496 ], [ -70.858711240580902, -53.054218057996948 ], [ -70.858426892574869, -53.053924005084596 ], [ -70.848463754034128, -53.044723934951151 ], [ -70.848057264127036, -53.04434847941603 ], [ -70.848001406686464, -53.044293883422824 ], [ -70.846991019940702, -53.043332361650279 ], [ -70.84654300269861, -53.042905995899176 ], [ -70.845138013513392, -53.04156883968011 ], [ -70.845069489941309, -53.04150362285494 ], [ -70.844703985093361, -53.04113442491947 ], [ -70.844453161473112, -53.040881063513531 ], [ -70.844192938868758, -53.040600696976995 ], [ -70.844019316651725, -53.040413631054498 ], [ -70.843885191054895, -53.040269118796765 ], [ -70.843765503898837, -53.040141120849313 ], [ -70.843285469760005, -53.039627748636541 ], [ -70.8432218425353, -53.039559700978195 ], [ -70.843192389393579, -53.039528202604401 ], [ -70.843156093775534, -53.039489384913161 ], [ -70.843104683987448, -53.039434404123305 ], [ -70.842804666110794, -53.039113539511199 ], [ -70.842320377451799, -53.038595588960163 ], [ -70.842155826017986, -53.038432711933424 ], [ -70.841951520352524, -53.03823048344951 ], [ -70.841945143702361, -53.038224172626009 ], [ -70.841938223582829, -53.03821732190822 ], [ -70.841310516807837, -53.037559543639247 ], [ -70.841295040550591, -53.037543325338291 ], [ -70.840937866434828, -53.037169029524485 ], [ -70.840219932191573, -53.036416658180173 ], [ -70.840190800680716, -53.036385721704391 ], [ -70.84014468148635, -53.036336745206803 ], [ -70.839673181143382, -53.03583602077434 ], [ -70.839419238198033, -53.035566333993557 ], [ -70.838856060492205, -53.03496822431854 ], [ -70.838543177408042, -53.034635927368875 ], [ -70.838249928988645, -53.03432447757298 ], [ -70.8377298346348, -53.033816554972518 ], [ -70.837424643921253, -53.033518500350077 ], [ -70.837304485582877, -53.03340114972363 ], [ -70.836551639582311, -53.032697132131936 ], [ -70.836322183174133, -53.032482551259356 ], [ -70.835452897250747, -53.031669601600818 ], [ -70.835206301450015, -53.031438980206104 ], [ -70.835115592334986, -53.031354145921725 ], [ -70.83469329201651, -53.030959195279173 ], [ -70.834549225226198, -53.030824456672299 ], [ -70.834529774957844, -53.030882715096126 ], [ -70.833987113862491, -53.032275980216362 ], [ -70.834433192203278, -53.033872074599977 ], [ -70.837593024664386, -53.036153604104094 ], [ -70.839469252888492, -53.037990209662929 ], [ -70.840053958153149, -53.039134139611498 ], [ -70.840858800425579, -53.0415996355215 ], [ -70.841989595703126, -53.043962288929507 ], [ -70.843786090406013, -53.045319989465632 ], [ -70.84732148478912, -53.04765246159176 ], [ -70.84865321193007, -53.048917667117031 ], [ -70.849267519967256, -53.049757916567899 ], [ -70.850078087800242, -53.051842710330213 ], [ -70.852707389322305, -53.056047481280608 ], [ -70.855327949074592, -53.059033234901555 ], [ -70.855730047338653, -53.059533596536866 ] ] ] } },
{ "type": "Feature", "properties": { "zona": "108" }, "geometry": { "type": "Polygon", "coordinates": [ [ [ -70.904240452964288, -53.160024386496566 ], [ -70.904268000482602, -53.160050999947735 ], [ -70.904278999642614, -53.1600609996541 ], [ -70.904291000068525, -53.16007099966307 ], [ -70.904322797304019, -53.160101547546567 ], [ -70.904341541638772, -53.160119555677241 ], [ -70.904415931041285, -53.160191021881381 ], [ -70.904419815446573, -53.160194753032549 ], [ -70.904442113812152, -53.160216175065742 ], [ -70.904496487979429, -53.160268412696873 ], [ -70.904530021363982, -53.160300627839511 ], [ -70.904559516878109, -53.160328963509336 ], [ -70.904593878574076, -53.160361973590177 ], [ -70.904649123809889, -53.160415047156185 ], [ -70.90467430174283, -53.160439235526972 ], [ -70.904735811595543, -53.160498031943298 ], [ -70.904784739025715, -53.160478942415054 ], [ -70.905891262654023, -53.160047210378828 ], [ -70.907780132749394, -53.159310185659216 ], [ -70.907819609543949, -53.159294781738133 ], [ -70.910683415516587, -53.158177234426653 ], [ -70.911109933037878, -53.158010782702938 ], [ -70.910349433593339, -53.15723025308052 ], [ -70.909819795697857, -53.156686645408669 ], [ -70.90947186076194, -53.156329525486392 ], [ -70.909381445038477, -53.15623672218819 ], [ -70.909278896612221, -53.156378472107129 ], [ -70.90916585341553, -53.156534729785889 ], [ -70.908990752570034, -53.156776763107786 ], [ -70.908554295059275, -53.157380046279698 ], [ -70.908399463941763, -53.157594053171763 ], [ -70.908257281692983, -53.157790575816421 ], [ -70.908141398678254, -53.157938966253525 ], [ -70.907942461691633, -53.158091341428054 ], [ -70.907708779414847, -53.158261543614081 ], [ -70.907521209632662, -53.158398157645848 ], [ -70.906962922356982, -53.158771658528522 ], [ -70.906172184891886, -53.159215698965916 ], [ -70.905330367625353, -53.159572290051869 ], [ -70.904411145543207, -53.159953584047422 ], [ -70.904285262651698, -53.160005799435524 ], [ -70.904240452964288, -53.160024386496566 ] ] ] } },
{ "type": "Feature", "properties": { "zona": "109" }, "geometry": { "type": "Polygon", "coordinates": [ [ [ -70.889122408214106, -53.141164778194536 ], [ -70.889133491130494, -53.141177728441207 ], [ -70.889133877235338, -53.141178180783079 ], [ -70.889152675973151, -53.141200149761232 ], [ -70.889160624887197, -53.141209437429048 ], [ -70.889171246106713, -53.141221849955599 ], [ -70.889210983465659, -53.141268286233348 ], [ -70.889786660143884, -53.141941009420755 ], [ -70.890384700680073, -53.14263983988689 ], [ -70.890654957585767, -53.14295563671886 ], [ -70.890735097926679, -53.143049280504464 ], [ -70.890789679724662, -53.143113058455071 ], [ -70.890800428132181, -53.14312557416843 ], [ -70.890810838603187, -53.143137696782318 ], [ -70.891080535690037, -53.142965368634876 ], [ -70.891846216774525, -53.142506157892662 ], [ -70.89201578309769, -53.142404459930262 ], [ -70.892058985902779, -53.142378549104286 ], [ -70.892157970428059, -53.142319181946235 ], [ -70.892421042452597, -53.14216315160013 ], [ -70.892564312322278, -53.142078175927061 ], [ -70.892699282293279, -53.14199812275907 ], [ -70.892875850331507, -53.141892794666425 ], [ -70.892900706053325, -53.141877966627966 ], [ -70.893135833482333, -53.141737704998739 ], [ -70.893306714938873, -53.141635157434251 ], [ -70.893400815788823, -53.141578687227181 ], [ -70.893626394792875, -53.141443314155964 ], [ -70.893668522610227, -53.141418033122164 ], [ -70.893813344098206, -53.14133112245274 ], [ -70.894070056141203, -53.141177063906262 ], [ -70.894169680991183, -53.141117276473452 ], [ -70.894174302417113, -53.14111450257932 ], [ -70.89426224026748, -53.14106172840944 ], [ -70.894316846058885, -53.141028957366764 ], [ -70.894323851085289, -53.141024753606132 ], [ -70.894380013166099, -53.1409909747886 ], [ -70.89443122638626, -53.140960170840643 ], [ -70.894475930201708, -53.140933283701877 ], [ -70.894461384078724, -53.140923840548609 ], [ -70.89443582748045, -53.140907251495662 ], [ -70.89432779209389, -53.140837121522125 ], [ -70.894065620613517, -53.140666933536906 ], [ -70.893789281573433, -53.140487545063209 ], [ -70.893425809777298, -53.140251591140917 ], [ -70.893101666752344, -53.140041166128526 ], [ -70.892486560308754, -53.139641845743078 ], [ -70.892102255549759, -53.139392354250369 ], [ -70.892079063067897, -53.139377297357335 ], [ -70.892053753094956, -53.139362075534976 ], [ -70.8920382596378, -53.139352756757752 ], [ -70.892019631229161, -53.139341552998857 ], [ -70.891853942391691, -53.139386074024607 ], [ -70.891759402890699, -53.139429209664371 ], [ -70.89174806401796, -53.139436434498435 ], [ -70.891569717353335, -53.139550074364195 ], [ -70.891310199756148, -53.13971543261453 ], [ -70.891272386415565, -53.139739526957953 ], [ -70.89098635379932, -53.139921777865986 ], [ -70.890598630236411, -53.140168819344467 ], [ -70.890242783247572, -53.140400718905553 ], [ -70.88990071030436, -53.140634640913071 ], [ -70.889850186165518, -53.140669190999454 ], [ -70.889394654919059, -53.140980854861873 ], [ -70.889122408214106, -53.141164778194536 ] ] ] } },
{ "type": "Feature", "properties": { "zona": "110" }, "geometry": { "type": "Polygon", "coordinates": [ [ [ -70.885644570136833, -53.143444879503981 ], [ -70.885668654294378, -53.143457325563801 ], [ -70.88574103232537, -53.14349472832906 ], [ -70.885790209592784, -53.143520569283943 ], [ -70.885794225212805, -53.143522679210726 ], [ -70.885981263834111, -53.143582027625513 ], [ -70.886264005110036, -53.143671742783297 ], [ -70.886445029160157, -53.143766090700403 ], [ -70.886481043049486, -53.143784861347207 ], [ -70.886950317510525, -53.144045588332389 ], [ -70.88718028444687, -53.14417335528951 ], [ -70.88736725969413, -53.144278523457253 ], [ -70.887577727003844, -53.144396904514785 ], [ -70.887695374654626, -53.144463077669755 ], [ -70.887854513790572, -53.144552586789786 ], [ -70.88789560450455, -53.144575698500596 ], [ -70.888074158381244, -53.144676126740272 ], [ -70.888125745623086, -53.144705142762021 ], [ -70.888228707786851, -53.144645507892278 ], [ -70.888969691186517, -53.144216331291567 ], [ -70.889478892939877, -53.143921395027746 ], [ -70.890052995772322, -53.143588859185023 ], [ -70.890631914092054, -53.14325352574874 ], [ -70.890742893046891, -53.143181681646446 ], [ -70.890810838603187, -53.143137696782318 ], [ -70.890800428132181, -53.14312557416843 ], [ -70.890789679724662, -53.143113058455071 ], [ -70.890735097926679, -53.143049280504464 ], [ -70.890654957585767, -53.14295563671886 ], [ -70.890384700680073, -53.14263983988689 ], [ -70.889786660143884, -53.141941009420755 ], [ -70.889210983465659, -53.141268286233348 ], [ -70.889171246106713, -53.141221849955599 ], [ -70.889160624887197, -53.141209437429048 ], [ -70.889152675973151, -53.141200149761232 ], [ -70.889133877235338, -53.141178180783079 ], [ -70.889133491130494, -53.141177728441207 ], [ -70.889122408214106, -53.141164778194536 ], [ -70.888908907111315, -53.141309318786519 ], [ -70.888842104579538, -53.141351765130793 ], [ -70.888722548179814, -53.141427730417753 ], [ -70.888412599227365, -53.141624667780512 ], [ -70.888307584266613, -53.141691392308203 ], [ -70.888057337731098, -53.141850393213851 ], [ -70.887902451954687, -53.141949047296386 ], [ -70.887826585945191, -53.14199737046156 ], [ -70.887426096237348, -53.142252458782835 ], [ -70.887256559708931, -53.142360442982813 ], [ -70.887237892391056, -53.142372332750909 ], [ -70.88691550600636, -53.142587529251308 ], [ -70.886892989243762, -53.142602559334726 ], [ -70.886759224524852, -53.142691846814039 ], [ -70.886456674748146, -53.142895113727967 ], [ -70.886396686663531, -53.14293541607541 ], [ -70.886309104286781, -53.14299425733298 ], [ -70.886051626787008, -53.143168855387231 ], [ -70.886009664630663, -53.143197309633685 ], [ -70.885716876444391, -53.143395848853721 ], [ -70.885689713537147, -53.143414268548341 ], [ -70.885657713948575, -53.143435967118464 ], [ -70.885655714016124, -53.143437322830501 ], [ -70.885644570136833, -53.143444879503981 ] ] ] } },
{ "type": "Feature", "properties": { "zona": "111" }, "geometry": { "type": "Polygon", "coordinates": [ [ [ -70.881761528598688, -53.145893394991049 ], [ -70.882605729622156, -53.147005729571816 ], [ -70.882771665390337, -53.147285349343477 ], [ -70.882905684430213, -53.147511183704886 ], [ -70.882962621832775, -53.147593743625883 ], [ -70.883266492006172, -53.147495530650268 ], [ -70.883266764387315, -53.147495451923426 ], [ -70.883397055055141, -53.147458056615264 ], [ -70.883620376173496, -53.147393961453659 ], [ -70.883772507446892, -53.147350298951181 ], [ -70.883827764723904, -53.147334440051168 ], [ -70.883874453634888, -53.147296546303224 ], [ -70.883994270737034, -53.147199302591105 ], [ -70.88415392417275, -53.147093756628358 ], [ -70.884279747487966, -53.147010573991849 ], [ -70.884492891368197, -53.14688259619799 ], [ -70.884708593010927, -53.146753081944134 ], [ -70.88512898422897, -53.146502010225475 ], [ -70.88525781211797, -53.14642506927548 ], [ -70.885415298811381, -53.146329822381396 ], [ -70.88556621135406, -53.14623855058278 ], [ -70.885569645326569, -53.14623648615801 ], [ -70.885625285832006, -53.146203035978061 ], [ -70.88567737007854, -53.146171723332515 ], [ -70.885680250021935, -53.146169991465044 ], [ -70.885694430462664, -53.14616146577135 ], [ -70.886103077467084, -53.145915791988763 ], [ -70.886293770045981, -53.145801147638821 ], [ -70.886355329281642, -53.14576410842713 ], [ -70.886869442419695, -53.145454764419505 ], [ -70.88722105234892, -53.145243196451126 ], [ -70.887386337469337, -53.145143740563555 ], [ -70.887401397435767, -53.145134678369217 ], [ -70.887564956942029, -53.145037689450909 ], [ -70.887679715371448, -53.144969639167208 ], [ -70.887957515807571, -53.144804903490694 ], [ -70.888031643518431, -53.14476094595237 ], [ -70.88808207390592, -53.144731040502585 ], [ -70.888125745623086, -53.144705142762021 ], [ -70.888074158381244, -53.144676126740272 ], [ -70.88789560450455, -53.144575698500596 ], [ -70.887854513790572, -53.144552586789786 ], [ -70.887695374654626, -53.144463077669755 ], [ -70.887577727003844, -53.144396904514785 ], [ -70.88736725969413, -53.144278523457253 ], [ -70.88718028444687, -53.14417335528951 ], [ -70.886950317510525, -53.144045588332389 ], [ -70.886481043049486, -53.143784861347207 ], [ -70.886445029160157, -53.143766090700403 ], [ -70.886264005110036, -53.143671742783297 ], [ -70.885981263834111, -53.143582027625513 ], [ -70.885794225212805, -53.143522679210726 ], [ -70.885790209592784, -53.143520569283943 ], [ -70.88574103232537, -53.14349472832906 ], [ -70.885668654294378, -53.143457325563801 ], [ -70.885644570136833, -53.143444879503981 ], [ -70.885629843901796, -53.143453943127376 ], [ -70.885620839425769, -53.143459484129536 ], [ -70.885589501482912, -53.143478771335893 ], [ -70.885577661840031, -53.143486359698421 ], [ -70.884329090155234, -53.144286611821975 ], [ -70.884224260023672, -53.144353798996598 ], [ -70.884163180170702, -53.144394146137714 ], [ -70.883929046313156, -53.144546683504331 ], [ -70.883830486051139, -53.144610894831949 ], [ -70.883657422062527, -53.144723643900029 ], [ -70.883519367902423, -53.144813583618401 ], [ -70.883367237001366, -53.144912693589561 ], [ -70.883161934568179, -53.145046442603636 ], [ -70.88300493099355, -53.145149466570182 ], [ -70.882908265116328, -53.145212896271723 ], [ -70.882805999822921, -53.145280000156014 ], [ -70.882614219946035, -53.14539262859207 ], [ -70.882574413798991, -53.145416006293644 ], [ -70.882498008612544, -53.145460878374777 ], [ -70.882470344872203, -53.145477125546094 ], [ -70.882176395943645, -53.145649755332954 ], [ -70.882105288390179, -53.145691515519694 ], [ -70.881761528598688, -53.145893394991049 ] ] ] } },
{ "type": "Feature", "properties": { "zona": "112" }, "geometry": { "type": "Polygon", "coordinates": [ [ [ -70.941934898078728, -53.110422593444753 ], [ -70.940718524021136, -53.110738068956017 ], [ -70.940074691727574, -53.110644675616101 ], [ -70.939098221462942, -53.110932627749165 ], [ -70.937746734967277, -53.111421962559646 ], [ -70.937120840481057, -53.11233933227237 ], [ -70.928313395708201, -53.117631158069351 ], [ -70.923664604138651, -53.120358854645914 ], [ -70.923518658707138, -53.120446111310187 ], [ -70.926487315275025, -53.120486060104795 ], [ -70.928486258069583, -53.120734800651093 ], [ -70.928598867261002, -53.120748812078517 ], [ -70.931753027806948, -53.121305222759595 ], [ -70.931770924469021, -53.121308379236325 ], [ -70.932193293464948, -53.121382879833369 ], [ -70.933009364099306, -53.121683638094488 ], [ -70.933658567492984, -53.121922892521901 ], [ -70.935496605593968, -53.122600239194526 ], [ -70.935750986049499, -53.12285196898911 ], [ -70.936042175352028, -53.123140119477149 ], [ -70.936712351484161, -53.123803286013597 ], [ -70.937212773944225, -53.124308570980865 ], [ -70.937588182031106, -53.124687617494509 ], [ -70.938504687820341, -53.125612973358685 ], [ -70.938877890047621, -53.125989766710376 ], [ -70.938937512815528, -53.126049962706055 ], [ -70.939244794487124, -53.126964495129336 ], [ -70.939468055562983, -53.12762894569746 ], [ -70.939478762668386, -53.12766081121751 ], [ -70.939481161998657, -53.127667950198159 ], [ -70.939676046698096, -53.127867643729004 ], [ -70.939995646241755, -53.128195123564524 ], [ -70.940259492562262, -53.128465471051449 ], [ -70.940420967263535, -53.128630923058708 ], [ -70.940678178898963, -53.128894467193987 ], [ -70.941033480632655, -53.12925851027488 ], [ -70.941157798104712, -53.129385884420238 ], [ -70.941311905783138, -53.12954378096677 ], [ -70.941312756838173, -53.129544652008057 ], [ -70.941383046869859, -53.129616670278402 ], [ -70.941383196896084, -53.12961682382727 ], [ -70.941402703907897, -53.129636810488584 ], [ -70.941467795716051, -53.129703501271322 ], [ -70.942353176233212, -53.130804760829001 ], [ -70.942919313838217, -53.132668644424093 ], [ -70.943124582580097, -53.134163198320131 ], [ -70.943927210022053, -53.135618631525318 ], [ -70.946054764673931, -53.137714263840344 ], [ -70.947178804256865, -53.140915041736214 ], [ -70.959339817840245, -53.139465033203891 ], [ -70.963821552002855, -53.138930316841638 ], [ -70.966363620739912, -53.138623880205486 ], [ -70.965307110803437, -53.137672677801604 ], [ -70.965291649288915, -53.137661026579124 ], [ -70.964226817263778, -53.136704536151491 ], [ -70.963859606688288, -53.136017004855695 ], [ -70.963703079051314, -53.135154868751528 ], [ -70.963164778915228, -53.13456537719626 ], [ -70.962330623557776, -53.13396583518589 ], [ -70.962164105119001, -53.133210460062735 ], [ -70.962376016034398, -53.132218030406463 ], [ -70.962196137136189, -53.13160500574525 ], [ -70.961289511239258, -53.131145797246987 ], [ -70.960984626798862, -53.130599924396535 ], [ -70.960659695256638, -53.130267575724517 ], [ -70.959657166860168, -53.130197805806006 ], [ -70.95768891716024, -53.129666782174318 ], [ -70.957078217456598, -53.129217602355169 ], [ -70.956671795563494, -53.128489758883191 ], [ -70.956620379092513, -53.127773989230953 ], [ -70.957278935535854, -53.12708236731217 ], [ -70.958311484849645, -53.126831869424457 ], [ -70.958818236197587, -53.126492087406454 ], [ -70.958897461013905, -53.126280575077047 ], [ -70.955706924118346, -53.123601595374197 ], [ -70.956657875582607, -53.122955625635711 ], [ -70.957704740951186, -53.121920199394786 ], [ -70.957913342622433, -53.120963364917422 ], [ -70.957329511696472, -53.120229490187995 ], [ -70.955513508396947, -53.119346588903568 ], [ -70.954238903392081, -53.119017604695557 ], [ -70.953864995188724, -53.118576464497444 ], [ -70.953856045212646, -53.118040643257338 ], [ -70.953512272308274, -53.117279217882505 ], [ -70.952158506439844, -53.117161721433128 ], [ -70.951423038657893, -53.116779661581987 ], [ -70.951579296224338, -53.115749651080478 ], [ -70.951967666905176, -53.115405867024798 ], [ -70.952661812797487, -53.114965391524642 ], [ -70.953450809387178, -53.114778048138007 ], [ -70.953911688927789, -53.114293922462146 ], [ -70.954622525342671, -53.113675498624985 ], [ -70.955059962800135, -53.113440478515479 ], [ -70.951873929636378, -53.112617987028301 ], [ -70.951760106537094, -53.111935788814321 ], [ -70.950867393572167, -53.111334161632954 ], [ -70.949878722067794, -53.111121969873459 ], [ -70.948445916315151, -53.111215941179374 ], [ -70.947644738851636, -53.11090301887991 ], [ -70.946010097158563, -53.10999044533294 ], [ -70.945149821986305, -53.109675488850328 ], [ -70.944456915212072, -53.109473341003664 ], [ -70.943284194438945, -53.109326215114216 ], [ -70.942902522997457, -53.109598797461842 ], [ -70.942504069193177, -53.110049312077372 ], [ -70.941934898078728, -53.110422593444753 ] ] ] } }
]
}
