{
"type": "FeatureCollection",
"name": "Rancagua - Machalí",
"crs": { "type": "name", "properties": { "name": "urn:ogc:def:crs:OGC:1.3:CRS84" } },
"features": [
{ "type": "Feature", "properties": { "zona": "97" }, "geometry": { "type": "Polygon", "coordinates": [ [ [ -70.629185165732011, -34.188894630819412 ], [ -70.628741537268269, -34.188926934593738 ], [ -70.62803888502124, -34.188698882130844 ], [ -70.627206353533566, -34.188314326606218 ], [ -70.626214219862717, -34.187879140894012 ], [ -70.625519675131727, -34.188072978369256 ], [ -70.625586220376007, -34.188230317599292 ], [ -70.625214347584773, -34.188924834620295 ], [ -70.624727429874298, -34.189102418704685 ], [ -70.623777944246129, -34.188995699477914 ], [ -70.622899304181331, -34.188840318737682 ], [ -70.622622870186191, -34.188786759132341 ], [ -70.622678112512489, -34.188967322075882 ], [ -70.622733305794526, -34.189032646362563 ], [ -70.622793537912159, -34.189077892773184 ], [ -70.622835922513602, -34.189109733001111 ], [ -70.62291114651002, -34.189164770375257 ], [ -70.623028212994925, -34.189292094908055 ], [ -70.623075426951203, -34.189298584844018 ], [ -70.623219425427052, -34.189318378638951 ], [ -70.6232513108679, -34.18932276201631 ], [ -70.623360669616716, -34.189399759882512 ], [ -70.623332050868129, -34.189447950133925 ], [ -70.623282687807219, -34.189531071978521 ], [ -70.623275487133938, -34.189543198145685 ], [ -70.623130530541147, -34.189705378043335 ], [ -70.623094950505376, -34.189717493778801 ], [ -70.622976451669345, -34.189757845988268 ], [ -70.622882936349939, -34.189803909138917 ], [ -70.622533501602874, -34.189795644219323 ], [ -70.622543645306621, -34.189800346021208 ], [ -70.622662763211039, -34.189855569392755 ], [ -70.622699223989216, -34.189853963512896 ], [ -70.622844663797267, -34.189847559648491 ], [ -70.622924439845406, -34.189843487905826 ], [ -70.622931594647469, -34.189843122724554 ], [ -70.622992860344525, -34.189839995581906 ], [ -70.623080296021342, -34.189857885012685 ], [ -70.623128887036032, -34.18986860745526 ], [ -70.623131407890341, -34.189869123252066 ], [ -70.62324650656376, -34.189892671873636 ], [ -70.623314327438436, -34.189946503946452 ], [ -70.623339179314641, -34.189966229527094 ], [ -70.623341807452348, -34.18996837963725 ], [ -70.623353463218479, -34.189977916272689 ], [ -70.623417717112886, -34.190030486179836 ], [ -70.623451744355606, -34.190046845880559 ], [ -70.623543594480765, -34.190072880486362 ], [ -70.62371614980681, -34.190121791274706 ], [ -70.623736903445774, -34.190135353595338 ], [ -70.62382329825391, -34.190191811515803 ], [ -70.62397107008762, -34.190127203963861 ], [ -70.624044662690523, -34.190095028895058 ], [ -70.624165894525902, -34.190087821310179 ], [ -70.624259517917309, -34.190047359104476 ], [ -70.624325150999297, -34.190015525518483 ], [ -70.624366408848573, -34.189995514441783 ], [ -70.624371823320899, -34.189995442741278 ], [ -70.624392019920876, -34.189995175288061 ], [ -70.624507970569567, -34.189993640650485 ], [ -70.624513385041411, -34.189993568943727 ], [ -70.624537068502406, -34.190007635167426 ], [ -70.624604675737672, -34.190047791908704 ], [ -70.62460742420069, -34.190049424608311 ], [ -70.624616538904718, -34.19005483870491 ], [ -70.624653078927466, -34.190076541800423 ], [ -70.624663279174428, -34.190082599778187 ], [ -70.624674204360588, -34.190286786954864 ], [ -70.624676468416354, -34.19034497081217 ], [ -70.624939785824452, -34.190481770342224 ], [ -70.625206604468275, -34.190621384990145 ], [ -70.625472188191424, -34.19081636714867 ], [ -70.625634252411118, -34.190943053992804 ], [ -70.625866303492515, -34.19112607366889 ], [ -70.625964287157217, -34.191204938587518 ], [ -70.625982730377117, -34.191208511128913 ], [ -70.626067588650912, -34.191261783040957 ], [ -70.626214051293871, -34.191353366000897 ], [ -70.626312541090542, -34.191398822977135 ], [ -70.626386353031606, -34.191415022256287 ], [ -70.626465685168071, -34.191419696336965 ], [ -70.626540278502091, -34.191416798265756 ], [ -70.62661698418303, -34.191404329140504 ], [ -70.626678507753638, -34.191378700388704 ], [ -70.626747213361341, -34.19136824623525 ], [ -70.62684808610895, -34.191358319448902 ], [ -70.626914806546282, -34.191364114534913 ], [ -70.627027618540296, -34.191377887187215 ], [ -70.627140173981942, -34.191378303124189 ], [ -70.627222767259894, -34.191373390458942 ], [ -70.627283381110317, -34.191360179459615 ], [ -70.62742186763198, -34.191335438252693 ], [ -70.627587835156703, -34.191306515233727 ], [ -70.627711651564937, -34.191295329271526 ], [ -70.627827504617017, -34.191288065882972 ], [ -70.627913469909615, -34.191279290085404 ], [ -70.627995806288737, -34.191261019396762 ], [ -70.62812062362292, -34.191242184802064 ], [ -70.62833696373977, -34.191204957222347 ], [ -70.628577248479289, -34.191158822390015 ], [ -70.628674676271629, -34.191148939845561 ], [ -70.628830676582751, -34.19113923348332 ], [ -70.629209344559285, -34.191122752621105 ], [ -70.629747291627254, -34.191087930542665 ], [ -70.629847235025707, -34.191089465596662 ], [ -70.63002230372382, -34.191115769163289 ], [ -70.630280517295333, -34.191165780301894 ], [ -70.63064172332858, -34.191256412556157 ], [ -70.630929264402354, -34.191338479323058 ], [ -70.631405295898659, -34.191487705232419 ], [ -70.631972557695292, -34.191675206311281 ], [ -70.632245181057684, -34.19178753000466 ], [ -70.632380529265888, -34.191883070577397 ], [ -70.632457026233951, -34.192008739907514 ], [ -70.632501522416774, -34.19203820912405 ], [ -70.632585354147707, -34.192052839824932 ], [ -70.632660395426441, -34.192058282750239 ], [ -70.632907447289952, -34.19209507602411 ], [ -70.633055106435819, -34.19215895903524 ], [ -70.633689199674293, -34.1924587639975 ], [ -70.634102120314978, -34.19265486592262 ], [ -70.634488426599049, -34.192810762043841 ], [ -70.634872424274661, -34.192921357017639 ], [ -70.635145447370647, -34.192938626266823 ], [ -70.63549653338552, -34.192908563513136 ], [ -70.635749087158402, -34.192962455572051 ], [ -70.635968086398492, -34.193003434027766 ], [ -70.636125680073206, -34.193016601290132 ], [ -70.63680384412379, -34.193165017887338 ], [ -70.636730748554257, -34.193186034203514 ], [ -70.636348703360184, -34.193206400817303 ], [ -70.636141815529783, -34.193198943950144 ], [ -70.635893794464423, -34.193140894036915 ], [ -70.63564157172965, -34.193104175809992 ], [ -70.635535940277279, -34.193105584349176 ], [ -70.635224633260975, -34.193161268747772 ], [ -70.635042498016674, -34.193185646338186 ], [ -70.63473811179756, -34.193198292406549 ], [ -70.634293450453555, -34.193236008964597 ], [ -70.634024014046815, -34.193244608852254 ], [ -70.633794760716597, -34.193237642222357 ], [ -70.633558602738987, -34.193223108693395 ], [ -70.633356562398404, -34.19320482780514 ], [ -70.633107553773129, -34.19319699447788 ], [ -70.632951616400945, -34.193199100091512 ], [ -70.632850373300172, -34.193200467065274 ], [ -70.632817800400858, -34.193223566501771 ], [ -70.632792874221636, -34.193271018090677 ], [ -70.632813852469468, -34.193277991428133 ], [ -70.632814154650944, -34.193278073971399 ], [ -70.632818156184442, -34.193279171307886 ], [ -70.632823571549508, -34.193280655600816 ], [ -70.632825240686515, -34.193281114002183 ], [ -70.632835224888893, -34.19328385219319 ], [ -70.63283891659502, -34.19328486438242 ], [ -70.632850457531958, -34.193288028203987 ], [ -70.632851042262899, -34.193288188141281 ], [ -70.632863042509456, -34.193291479302928 ], [ -70.632868065144962, -34.193292856106055 ], [ -70.632886598954371, -34.193297937685266 ], [ -70.632922441492511, -34.193307766372307 ], [ -70.632950025659071, -34.193315328940379 ], [ -70.632971182089918, -34.193321130337658 ], [ -70.63298025002679, -34.193324298214968 ], [ -70.632997492243675, -34.193330323046638 ], [ -70.633043224216408, -34.193346302371751 ], [ -70.63307364008358, -34.193356929153808 ], [ -70.633094929011307, -34.193364367204317 ], [ -70.633123713753307, -34.193374424157518 ], [ -70.633148604746481, -34.193383120842299 ], [ -70.633181887440699, -34.193394750019863 ], [ -70.633208621547112, -34.193404091233219 ], [ -70.633235217990048, -34.193413383776978 ], [ -70.633268073543917, -34.193424864422816 ], [ -70.633298929751973, -34.193435644890307 ], [ -70.633328795056158, -34.193446079657321 ], [ -70.633355425416838, -34.193455385248768 ], [ -70.633401349798874, -34.193471431308645 ], [ -70.63341692047841, -34.193476870575267 ], [ -70.633469255840808, -34.193495156790377 ], [ -70.633489475254692, -34.193502221271281 ], [ -70.633548785340778, -34.193522943911915 ], [ -70.633561078476447, -34.193527239234776 ], [ -70.63362338320924, -34.193549007635738 ], [ -70.633629388865018, -34.193551107124392 ], [ -70.63369185534286, -34.193572932849733 ], [ -70.633692345883233, -34.193573103956481 ], [ -70.633712982681757, -34.193580314330859 ], [ -70.633763210654109, -34.193597862920463 ], [ -70.63378529070549, -34.19360557796243 ], [ -70.633824570467667, -34.193619302048617 ], [ -70.633826053026198, -34.193619819730209 ], [ -70.633836275111236, -34.193621272413417 ], [ -70.63383684746691, -34.193621353158768 ], [ -70.633837425264389, -34.193621434733373 ], [ -70.633839143451027, -34.193621678757935 ], [ -70.633842428590043, -34.193622146278337 ], [ -70.633879196061145, -34.193627368961465 ], [ -70.633913090839002, -34.193632184447054 ], [ -70.633948233709475, -34.193637176266797 ], [ -70.633966010470175, -34.193637659036476 ], [ -70.633978128391078, -34.193637989050501 ], [ -70.634022485094889, -34.193639195290523 ], [ -70.63407517699433, -34.193640627717485 ], [ -70.634104431088403, -34.193641422854292 ], [ -70.634115220062924, -34.193642166417845 ], [ -70.634199293428026, -34.193647959861266 ], [ -70.634226480481317, -34.193649833922592 ], [ -70.634282077021481, -34.193653665831228 ], [ -70.634438793741737, -34.193664466039927 ], [ -70.634516255102682, -34.193669803629668 ], [ -70.634527646068221, -34.193670588729809 ], [ -70.634854543766593, -34.193704185781712 ], [ -70.634875673765265, -34.193706357746613 ], [ -70.63490917099729, -34.193709800414887 ], [ -70.634984424540676, -34.193718196037253 ], [ -70.634995325748037, -34.193719412335554 ], [ -70.635325165625147, -34.193756209714834 ], [ -70.635365170820094, -34.193760672811571 ], [ -70.635409715541172, -34.1937658238027 ], [ -70.635833740620157, -34.193814857430667 ], [ -70.635862272664497, -34.193818155953309 ], [ -70.635959232089178, -34.193829367933951 ], [ -70.636052089108588, -34.19384010524324 ], [ -70.636174255661544, -34.193836695669241 ], [ -70.636224132476841, -34.193835304443184 ], [ -70.636305663968514, -34.193833029229182 ], [ -70.636621530807304, -34.19382421530797 ], [ -70.636725002329214, -34.193821327855709 ], [ -70.636757137477872, -34.193820431048081 ], [ -70.636985642052863, -34.19381405607195 ], [ -70.63713859661388, -34.193809788282685 ], [ -70.637174660874948, -34.193810505313984 ], [ -70.637227597304758, -34.193811557099089 ], [ -70.637404860494371, -34.193815080045617 ], [ -70.637439999821169, -34.193815777785666 ], [ -70.63744293090393, -34.193815836043065 ], [ -70.637443017747344, -34.193815837588907 ], [ -70.637450660281246, -34.193815989849909 ], [ -70.637456215214058, -34.193816099644877 ], [ -70.637467169870831, -34.193816317699202 ], [ -70.637471009598329, -34.19381639448428 ], [ -70.637507317032913, -34.193817116286795 ], [ -70.637552229908323, -34.193818009038317 ], [ -70.637718392985803, -34.193821310917528 ], [ -70.637779676499662, -34.193822528745443 ], [ -70.637784247895752, -34.193822619196027 ], [ -70.638376570955856, -34.193834390753771 ], [ -70.638429863946044, -34.19383367888949 ], [ -70.638468237577683, -34.193848986188499 ], [ -70.638579896512667, -34.193949744969999 ], [ -70.638616382149536, -34.193982670127944 ], [ -70.638755013373213, -34.19410776759824 ], [ -70.638824207380878, -34.19414164795301 ], [ -70.638877562851036, -34.194144099214569 ], [ -70.638980222039677, -34.194136399175953 ], [ -70.63906813087543, -34.194115656112437 ], [ -70.639093933467663, -34.194109567311251 ], [ -70.639185233174388, -34.19410518396063 ], [ -70.639253998747407, -34.194116920689481 ], [ -70.639358174502689, -34.194164924053894 ], [ -70.639380782809681, -34.194175341605941 ], [ -70.639482950274115, -34.194262596800833 ], [ -70.639544810043105, -34.194315426265106 ], [ -70.639569738480191, -34.194336716442947 ], [ -70.639603280213919, -34.194365362280699 ], [ -70.639694293646087, -34.19444309086699 ], [ -70.639699895720469, -34.194447875380277 ], [ -70.639736816203182, -34.194479405720358 ], [ -70.639769825108303, -34.194507596949407 ], [ -70.639774631627958, -34.194511702274148 ], [ -70.639775072987391, -34.194512078705614 ], [ -70.639776498621615, -34.194513296814939 ], [ -70.639778345865011, -34.194516225272928 ], [ -70.639780667801588, -34.194519906638298 ], [ -70.639783838324576, -34.194524931953495 ], [ -70.639784602995121, -34.19452614537321 ], [ -70.639785626271134, -34.194527768326296 ], [ -70.639788745318526, -34.194532713174169 ], [ -70.639788838245011, -34.194532860716677 ], [ -70.6397894359731, -34.194534251303111 ], [ -70.639789520549328, -34.194534471997081 ], [ -70.639789012532859, -34.19453457617518 ], [ -70.639799918745496, -34.194549549614166 ], [ -70.639896151553231, -34.194535610910698 ], [ -70.63992558455783, -34.194526686159691 ], [ -70.640324305177174, -34.194405792951805 ], [ -70.64059684018028, -34.194319836578707 ], [ -70.641424789503588, -34.194003374652709 ], [ -70.642244029215632, -34.19368225189357 ], [ -70.642905225680664, -34.193428851183803 ], [ -70.643557969390827, -34.193183910203437 ], [ -70.643766376080592, -34.193122664911513 ], [ -70.643949248136522, -34.193077268482277 ], [ -70.644076583037375, -34.193050113285182 ], [ -70.644449699055727, -34.19298403499706 ], [ -70.64462388609067, -34.192964521721215 ], [ -70.64497970474433, -34.192954024379759 ], [ -70.645273856344971, -34.192961531061776 ], [ -70.645614601277401, -34.193002767681293 ], [ -70.646167758161212, -34.193100321320273 ], [ -70.647899387587572, -34.193441622335904 ], [ -70.648574910795304, -34.193581388083089 ], [ -70.648636508232656, -34.19323649438882 ], [ -70.648642944749781, -34.19312463185075 ], [ -70.64862038361666, -34.193027593878277 ], [ -70.648573766979936, -34.192933742193325 ], [ -70.648468288158142, -34.192824934754292 ], [ -70.648353394278601, -34.192763493317216 ], [ -70.64818477888717, -34.192685595780972 ], [ -70.64802691376984, -34.192629025447999 ], [ -70.647881020379984, -34.192568000057214 ], [ -70.647741822300546, -34.192496864577009 ], [ -70.647563983849039, -34.192387596407002 ], [ -70.647313892020819, -34.192194840953135 ], [ -70.647147942758778, -34.192076824451746 ], [ -70.647034801402384, -34.192016789244818 ], [ -70.646904745239837, -34.191972727870542 ], [ -70.646821633675415, -34.191950939918826 ], [ -70.646759354592774, -34.191937461163022 ], [ -70.646679965756874, -34.191929938026917 ], [ -70.646521355043376, -34.191923478294044 ], [ -70.646033550393511, -34.191908553445508 ], [ -70.645899105281089, -34.191904631593324 ], [ -70.645829994202217, -34.191894107015067 ], [ -70.645772772339171, -34.191874833940069 ], [ -70.645736104760232, -34.191849559104625 ], [ -70.64568493651538, -34.191787259179669 ], [ -70.645644213941367, -34.191730545950193 ], [ -70.645607518667475, -34.191703840407051 ], [ -70.645463186533831, -34.191722954547465 ], [ -70.645151799174542, -34.191744309214926 ], [ -70.64490941132685, -34.191770463771064 ], [ -70.644408441014477, -34.191875954135099 ], [ -70.644356913446856, -34.191883801910706 ], [ -70.644342712370559, -34.19186955836004 ], [ -70.644284077583194, -34.191733159412003 ], [ -70.644222989188847, -34.191618266119541 ], [ -70.644169156229253, -34.191536915327724 ], [ -70.644071864653895, -34.191405806352414 ], [ -70.643985560447206, -34.191308189824248 ], [ -70.643761882392482, -34.191055666280093 ], [ -70.643588801964654, -34.190880480779015 ], [ -70.64352169128145, -34.1907954896798 ], [ -70.643468803662969, -34.190733212723188 ], [ -70.64342797201148, -34.190670774217104 ], [ -70.643414006046342, -34.190649390237688 ], [ -70.643409403801485, -34.190642331867693 ], [ -70.643335572318293, -34.190529100266787 ], [ -70.643330382188935, -34.190515901800019 ], [ -70.643318602524971, -34.190519505109236 ], [ -70.643287349776713, -34.190529067303821 ], [ -70.64322984092405, -34.190546663936288 ], [ -70.643070458885191, -34.190548798966674 ], [ -70.642986409850209, -34.190503845661922 ], [ -70.642959042303772, -34.190458495607274 ], [ -70.642906863437858, -34.190467973692591 ], [ -70.642906417933744, -34.190468054502809 ], [ -70.642903645435638, -34.190468557829213 ], [ -70.642903611910398, -34.190468563688604 ], [ -70.642901583388891, -34.190468933513884 ], [ -70.642859449646807, -34.19046247338261 ], [ -70.642813049154753, -34.190423728162749 ], [ -70.642758330446242, -34.190266997028871 ], [ -70.642716082124181, -34.190257980183162 ], [ -70.642681638434283, -34.190258441451093 ], [ -70.642557450437209, -34.190294698320734 ], [ -70.642451896327671, -34.190329513478481 ], [ -70.642377684120049, -34.190351979062569 ], [ -70.642412430358902, -34.190307854039013 ], [ -70.642535318374442, -34.190189780346287 ], [ -70.64261965167843, -34.190067450899789 ], [ -70.642702753733815, -34.189940843864441 ], [ -70.642831087303605, -34.18974825944143 ], [ -70.642878264717083, -34.189575370789903 ], [ -70.642898024291171, -34.189498760572242 ], [ -70.642907915209179, -34.189357387077706 ], [ -70.642902435863888, -34.189193315588483 ], [ -70.642826053048211, -34.188955756183496 ], [ -70.642686202388958, -34.188502563750596 ], [ -70.642631152275115, -34.188328658135291 ], [ -70.642547158326252, -34.188012373277452 ], [ -70.642483980912516, -34.187774636760437 ], [ -70.642460373244191, -34.18768238339333 ], [ -70.642434459467623, -34.187675572456669 ], [ -70.64240726725231, -34.187650169696177 ], [ -70.642367381431086, -34.187592012131333 ], [ -70.642324454964481, -34.187510276331324 ], [ -70.642277057791347, -34.187375634737244 ], [ -70.642231271386095, -34.187235245589925 ], [ -70.642190428549497, -34.187172090776521 ], [ -70.642163320049761, -34.187106605075456 ], [ -70.642136408479473, -34.18696238424937 ], [ -70.642119925162973, -34.186911787184066 ], [ -70.642071487447382, -34.186770618290041 ], [ -70.642074887566636, -34.1868719710683 ], [ -70.642070256417057, -34.186929292722056 ], [ -70.642057431301836, -34.187008195982301 ], [ -70.64206319127571, -34.187157232948799 ], [ -70.642055367172446, -34.187197896457569 ], [ -70.642031432319101, -34.187222075642318 ], [ -70.641995970735707, -34.187244022244776 ], [ -70.641953564331686, -34.187277991642922 ], [ -70.641894631153335, -34.187347969071773 ], [ -70.641840302883338, -34.187433393640077 ], [ -70.641813195943513, -34.187516066980727 ], [ -70.641802823802266, -34.18757346546078 ], [ -70.641794743132081, -34.187674970997627 ], [ -70.641818350315248, -34.187782017340062 ], [ -70.641826373906653, -34.18781641542931 ], [ -70.641722424490382, -34.187850969492395 ], [ -70.64161951035868, -34.187884077671271 ], [ -70.641532434010017, -34.187912250579274 ], [ -70.641447977699897, -34.187939338756543 ], [ -70.641339332984415, -34.187974575716218 ], [ -70.641243464371271, -34.188005347617974 ], [ -70.641141549776464, -34.188038203971253 ], [ -70.641031766302532, -34.188073932910577 ], [ -70.640886221544335, -34.188112701934564 ], [ -70.640888347979512, -34.188118845810827 ], [ -70.640989139520499, -34.18850519409164 ], [ -70.641159723761632, -34.188789211128707 ], [ -70.641311624291603, -34.189049573118815 ], [ -70.640803978786053, -34.189056361865653 ], [ -70.640169399693079, -34.18906484491567 ], [ -70.639864577850219, -34.189141640111799 ], [ -70.639274590489421, -34.189234793322633 ], [ -70.638749513295565, -34.189358243855978 ], [ -70.638458958978418, -34.189476645446319 ], [ -70.638216013706312, -34.189573132479673 ], [ -70.637924858168034, -34.189516745531954 ], [ -70.637920271560105, -34.189279430674276 ], [ -70.637913137093719, -34.188910344341991 ], [ -70.637587695321017, -34.18849267647343 ], [ -70.636668330250842, -34.188146640497422 ], [ -70.636116136449772, -34.188096746211386 ], [ -70.635682068581048, -34.188217055312684 ], [ -70.635276732277362, -34.188690052316744 ], [ -70.634931108888495, -34.188850372448954 ], [ -70.633790403848593, -34.189070782490731 ], [ -70.63356270018086, -34.188783696692859 ], [ -70.633394952004508, -34.188311177844014 ], [ -70.633032191286148, -34.187603966984945 ], [ -70.632681715679283, -34.187529474901801 ], [ -70.632257866228514, -34.187481299435639 ], [ -70.631935379855136, -34.186873633800026 ], [ -70.631627689964489, -34.186400560796365 ], [ -70.631233668789051, -34.186214934777979 ], [ -70.630986969400709, -34.186523600866593 ], [ -70.631043914756944, -34.187095443305843 ], [ -70.631032985663211, -34.187577300217697 ], [ -70.630670554082968, -34.187839788565178 ], [ -70.630412183833101, -34.188139065678115 ], [ -70.630025500333915, -34.188335070830504 ], [ -70.629616219599527, -34.188550461882784 ], [ -70.629354740857082, -34.188857789081496 ], [ -70.629185165732011, -34.188894630819412 ] ] ] } },
{ "type": "Feature", "properties": { "zona": "9" }, "geometry": { "type": "Polygon", "coordinates": [ [ [ -70.753292946259236, -34.14843220001417 ], [ -70.761607309667113, -34.137577702161089 ], [ -70.754298572807997, -34.117714089877182 ], [ -70.754068814868731, -34.117779632382693 ], [ -70.7397018559777, -34.120887406230807 ], [ -70.740121622828724, -34.122495467345352 ], [ -70.744011385250147, -34.137393292202027 ], [ -70.744202709579696, -34.138125916674589 ], [ -70.744303677731381, -34.138124481901237 ], [ -70.744719708204656, -34.139282298116321 ], [ -70.744732182802167, -34.139317015387867 ], [ -70.746778812507557, -34.147259816508779 ], [ -70.746810291652494, -34.14738197183901 ], [ -70.747185756800761, -34.148906577089875 ], [ -70.747702143523057, -34.151003308389932 ], [ -70.748346810822511, -34.153529795866717 ], [ -70.748620230419519, -34.154601292080471 ], [ -70.748871664385362, -34.154484701987897 ], [ -70.748929879429852, -34.154402704674325 ], [ -70.749008467908965, -34.15433936376035 ], [ -70.749145509261893, -34.154227091409318 ], [ -70.749309251559097, -34.154095925238579 ], [ -70.74939537614496, -34.154042553299604 ], [ -70.749347339193093, -34.153969374265699 ], [ -70.749345108684693, -34.153916919164054 ], [ -70.749414591547534, -34.153779461667632 ], [ -70.749429581458614, -34.153671410345289 ], [ -70.749425318430653, -34.153409033914421 ], [ -70.749472636367969, -34.153310065460801 ], [ -70.749699982352681, -34.153034844247379 ], [ -70.749911183161259, -34.152756035893276 ], [ -70.750202701763584, -34.152364427172721 ], [ -70.750447223050074, -34.152031700908147 ], [ -70.750710278828961, -34.151707299486453 ], [ -70.751107198182552, -34.151194895657504 ], [ -70.751217153984683, -34.151072128375169 ], [ -70.751783008287603, -34.150347362301289 ], [ -70.752147444760837, -34.149874545991921 ], [ -70.752308469036464, -34.149668023449465 ], [ -70.75287921804275, -34.148931074395065 ], [ -70.753041300096754, -34.148743158888408 ], [ -70.753045595556301, -34.14873993252052 ], [ -70.753072504896792, -34.148706454385064 ], [ -70.753131823991936, -34.148632653974758 ], [ -70.753141232567884, -34.148620948797927 ], [ -70.753147862347021, -34.148612700806332 ], [ -70.753150543849671, -34.148609364036318 ], [ -70.753153342741413, -34.148605882217034 ], [ -70.75316094846302, -34.148596419202157 ], [ -70.753165316508031, -34.148590985302114 ], [ -70.753195556531423, -34.148553364884293 ], [ -70.753218635905327, -34.148524650173513 ], [ -70.75323560998622, -34.148503532139593 ], [ -70.753291830737808, -34.148433588357243 ], [ -70.753292946259236, -34.14843220001417 ] ] ] } },
{ "type": "Feature", "properties": { "zona": "7" }, "geometry": { "type": "Polygon", "coordinates": [ [ [ -70.772951035690113, -34.17651017437192 ], [ -70.773715653561979, -34.177925104606864 ], [ -70.773875955837326, -34.17786295255565 ], [ -70.773881590172422, -34.177860768018064 ], [ -70.774318287048175, -34.177691451316576 ], [ -70.777001796326317, -34.176650949120976 ], [ -70.77704528395131, -34.176738297281602 ], [ -70.777048118419444, -34.176743990516606 ], [ -70.777089276771662, -34.176789610325471 ], [ -70.77734684779233, -34.177083148924119 ], [ -70.777534040029451, -34.177296479333705 ], [ -70.777536822205974, -34.177299654500523 ], [ -70.777831566059135, -34.177635502845426 ], [ -70.777834348277125, -34.177638678905986 ], [ -70.778167166102392, -34.178017909261889 ], [ -70.778285723628073, -34.178152998246169 ], [ -70.778288505880525, -34.178156174295168 ], [ -70.778482645058659, -34.178377331597495 ], [ -70.778558067093115, -34.178463249918082 ], [ -70.778559404160063, -34.178464923934051 ], [ -70.778561477892055, -34.17846845830617 ], [ -70.778572160130338, -34.178491610686827 ], [ -70.778733907643485, -34.178671472031375 ], [ -70.77873671242331, -34.178674634217124 ], [ -70.779413793644935, -34.179427221167423 ], [ -70.779415319673674, -34.17942910884129 ], [ -70.779417391240173, -34.179432640523693 ], [ -70.779418694353396, -34.179436415992157 ], [ -70.779419189788797, -34.17944032400441 ], [ -70.779419840900758, -34.179471329569054 ], [ -70.779419820857271, -34.179471563401123 ], [ -70.779429845497788, -34.179482706424054 ], [ -70.779705998985449, -34.179789689106869 ], [ -70.779929856437548, -34.18003853422973 ], [ -70.780032224115629, -34.1801523290166 ], [ -70.780149861490187, -34.180283095816876 ], [ -70.780278434006803, -34.18042602017244 ], [ -70.780289899741391, -34.180438765272605 ], [ -70.78047465630695, -34.180644142065482 ], [ -70.780832197416984, -34.18104158267132 ], [ -70.780977957268249, -34.181203607284459 ], [ -70.781047276304832, -34.181280661345589 ], [ -70.781154606245693, -34.181399967325824 ], [ -70.781164406942821, -34.181410860970523 ], [ -70.781217543203553, -34.181469924667383 ], [ -70.781255967388603, -34.181512637676384 ], [ -70.781280585885625, -34.181540003070623 ], [ -70.781345778302281, -34.181612468590423 ], [ -70.781959307173111, -34.182294440115008 ], [ -70.781967746056409, -34.182303820577424 ], [ -70.782049747499329, -34.182394970068884 ], [ -70.782081881086668, -34.182430687698513 ], [ -70.782386343895098, -34.182769108878283 ], [ -70.782436314472946, -34.182824650866046 ], [ -70.782716619550442, -34.183136216900166 ], [ -70.783017113437012, -34.183470218017803 ], [ -70.783043066243408, -34.183499063167815 ], [ -70.783061243253698, -34.183519267607807 ], [ -70.783073673176148, -34.183517776756581 ], [ -70.783283007642964, -34.183492665481431 ], [ -70.783398566265873, -34.18347880259892 ], [ -70.783848691330618, -34.183425188821026 ], [ -70.78420990059729, -34.183384498669781 ], [ -70.784558920094653, -34.183326581936065 ], [ -70.78471701101175, -34.183301108208035 ], [ -70.785019111662876, -34.183230707935209 ], [ -70.785435114154609, -34.183138632257958 ], [ -70.785977390489293, -34.183025057875994 ], [ -70.786144276548185, -34.182986361554363 ], [ -70.786320957675869, -34.182945394354398 ], [ -70.786481310091062, -34.182908884671122 ], [ -70.786588665996291, -34.182875220561058 ], [ -70.786674722481749, -34.182839973010488 ], [ -70.78674923985615, -34.182792630324975 ], [ -70.786813711817672, -34.182737138257863 ], [ -70.786864373685702, -34.182659772751911 ], [ -70.786879408146746, -34.182636813725189 ], [ -70.786919987175111, -34.182569948413388 ], [ -70.786941797383491, -34.182518592558218 ], [ -70.786973483627705, -34.182472505750539 ], [ -70.787008372287033, -34.182439721082467 ], [ -70.787033913448099, -34.182415719901357 ], [ -70.787068012162436, -34.182386277612366 ], [ -70.787090213973016, -34.182353493796654 ], [ -70.787116650061293, -34.182300268919541 ], [ -70.787145406582837, -34.182197596951987 ], [ -70.787133240921236, -34.182109498446231 ], [ -70.787118121508726, -34.182047252391435 ], [ -70.787109952936319, -34.182013625189064 ], [ -70.787060092316821, -34.181911666617069 ], [ -70.787033909652294, -34.18185812534508 ], [ -70.786973642395949, -34.181734884869364 ], [ -70.786854907749358, -34.181606185905885 ], [ -70.786185458553177, -34.180897821337275 ], [ -70.785504038356095, -34.180165769831497 ], [ -70.784914607277258, -34.179575522101686 ], [ -70.784400549639315, -34.179019960905421 ], [ -70.78354494784142, -34.178120606205162 ], [ -70.783514015450962, -34.17808809143861 ], [ -70.7829825574875, -34.177523234098764 ], [ -70.782225328690458, -34.176732620710844 ], [ -70.781688148376901, -34.176167840482904 ], [ -70.780968549643731, -34.175390986813554 ], [ -70.780199779833524, -34.174595755732582 ], [ -70.779436513674042, -34.173788511914481 ], [ -70.778367875837844, -34.172654067948621 ], [ -70.777346828452863, -34.171597654272198 ], [ -70.776838659062378, -34.171044359642245 ], [ -70.775641138545325, -34.169782924553814 ], [ -70.7749508434826, -34.169029467100714 ], [ -70.774246762193499, -34.168302448088198 ], [ -70.77312457921937, -34.167134214771053 ], [ -70.77265984261804, -34.166651369843535 ], [ -70.772188256682824, -34.166115180486941 ], [ -70.771966617937608, -34.165562974117258 ], [ -70.771719107164969, -34.164926207220482 ], [ -70.771583232788871, -34.164555736910238 ], [ -70.770037785376047, -34.164964311469802 ], [ -70.769521211697423, -34.165035462549781 ], [ -70.767919010278618, -34.165416424453362 ], [ -70.765618771029153, -34.165907614591859 ], [ -70.764967449441428, -34.166055359636239 ], [ -70.764341138136672, -34.166201284263366 ], [ -70.764050137697893, -34.166264461260084 ], [ -70.76468876686792, -34.167068924042582 ], [ -70.765101047664061, -34.16758194734777 ], [ -70.765732891137986, -34.16837256741173 ], [ -70.766846159067995, -34.169786096110549 ], [ -70.768216667940237, -34.171521643983887 ], [ -70.768554349858448, -34.171940489742894 ], [ -70.769270279324246, -34.172823400023439 ], [ -70.769531158232311, -34.173093007112911 ], [ -70.769871271907391, -34.173281746116487 ], [ -70.770388527953543, -34.173584433146893 ], [ -70.770705316586046, -34.173909097563104 ], [ -70.771873159350363, -34.175240414305605 ], [ -70.772951035690113, -34.17651017437192 ] ] ] } },
{ "type": "Feature", "properties": { "zona": "1" }, "geometry": { "type": "Polygon", "coordinates": [ [ [ -70.793755526873881, -34.161046280126115 ], [ -70.793772864671141, -34.161245265335644 ], [ -70.794041723207542, -34.164330789123866 ], [ -70.793807857312601, -34.165974338868551 ], [ -70.793460676851126, -34.168231572477154 ], [ -70.792086144052874, -34.173160597220999 ], [ -70.790891240745864, -34.177468594459889 ], [ -70.790238209330312, -34.179819985929662 ], [ -70.790097746848033, -34.180019576028982 ], [ -70.78974831842514, -34.181252862833574 ], [ -70.788571018664413, -34.183772263555099 ], [ -70.791499478032023, -34.18783494437038 ], [ -70.794826755224875, -34.186444804382894 ], [ -70.797645869802835, -34.186465202081223 ], [ -70.799641412269835, -34.186127724659919 ], [ -70.8024474044594, -34.185531749113018 ], [ -70.8056759138383, -34.18388157494681 ], [ -70.808103083298064, -34.182921244743078 ], [ -70.810351854523418, -34.18156124461504 ], [ -70.822400395521768, -34.18036348153958 ], [ -70.824608962208345, -34.183042946550721 ], [ -70.830258887494622, -34.183636832855044 ], [ -70.831785775934989, -34.180501141176755 ], [ -70.830133285913902, -34.179539545832775 ], [ -70.830031983080588, -34.176566887100734 ], [ -70.829445830551322, -34.171740648440831 ], [ -70.813415035374376, -34.174656049656349 ], [ -70.813044806386884, -34.172950988667637 ], [ -70.812442873072555, -34.169076429045191 ], [ -70.815025060252268, -34.168452738743078 ], [ -70.81331370060218, -34.164717909890555 ], [ -70.811006027307585, -34.159702323725313 ], [ -70.810884110922174, -34.157296986292607 ], [ -70.793755526873881, -34.161046280126115 ] ] ] } },
{ "type": "Feature", "properties": { "zona": "3" }, "geometry": { "type": "Polygon", "coordinates": [ [ [ -70.772188256682838, -34.166115180486941 ], [ -70.77265984261804, -34.166651369843535 ], [ -70.77312457921937, -34.167134214771067 ], [ -70.774246762193513, -34.168302448088212 ], [ -70.774950843482614, -34.169029467100714 ], [ -70.775641138545339, -34.169782924553814 ], [ -70.776838659062378, -34.171044359642252 ], [ -70.777346828452863, -34.171597654272212 ], [ -70.778367875837844, -34.172654067948621 ], [ -70.779436513674042, -34.173788511914481 ], [ -70.780199779833538, -34.174595755732582 ], [ -70.780968549643745, -34.175390986813554 ], [ -70.781688148376901, -34.176167840482904 ], [ -70.782225328690458, -34.176732620710865 ], [ -70.7829825574875, -34.177523234098786 ], [ -70.783514015450976, -34.17808809143861 ], [ -70.78354494784142, -34.178120606205169 ], [ -70.784400549639329, -34.179019960905435 ], [ -70.784914607277258, -34.179575522101686 ], [ -70.785504038356109, -34.180165769831511 ], [ -70.786185458553192, -34.180897821337275 ], [ -70.786854907749373, -34.181606185905892 ], [ -70.786973642395949, -34.181734884869364 ], [ -70.787562934075467, -34.182373627492829 ], [ -70.788571018664413, -34.183772263555099 ], [ -70.78974831842514, -34.181252862833574 ], [ -70.790097746848033, -34.180019576028982 ], [ -70.790238209330312, -34.179819985929662 ], [ -70.790891240745864, -34.177468594459889 ], [ -70.792086144052874, -34.173160597220999 ], [ -70.793460676851126, -34.168231572477154 ], [ -70.793807857312601, -34.165974338868551 ], [ -70.794041723207542, -34.164330789123866 ], [ -70.793772864671141, -34.161245265335644 ], [ -70.79357033703225, -34.161253684734845 ], [ -70.791996023624009, -34.161614509568572 ], [ -70.791283639381462, -34.161802412586866 ], [ -70.789635815045273, -34.162162372535079 ], [ -70.787332272683742, -34.162676918191274 ], [ -70.785613778878712, -34.163062666197952 ], [ -70.784313630924615, -34.163362145073769 ], [ -70.78217250967981, -34.163851329449081 ], [ -70.780753658542366, -34.164184941971456 ], [ -70.777560972627327, -34.164897343182396 ], [ -70.775716254408493, -34.165290507331562 ], [ -70.774445314621047, -34.165562740539954 ], [ -70.774287729321458, -34.165603191349192 ], [ -70.773528761081764, -34.165763035843675 ], [ -70.772612641794197, -34.165984314335248 ], [ -70.772238583221039, -34.166104234541756 ], [ -70.772188256682838, -34.166115180486941 ] ] ] } },
{ "type": "Feature", "properties": { "zona": "16" }, "geometry": { "type": "Polygon", "coordinates": [ [ [ -70.731964830936192, -34.125660757914162 ], [ -70.730876448691077, -34.126338161899056 ], [ -70.730865202994224, -34.126327602608562 ], [ -70.730851188175222, -34.126314443925764 ], [ -70.730825928377897, -34.126321344733157 ], [ -70.730665996686668, -34.126365038844916 ], [ -70.730625351938386, -34.126376142997024 ], [ -70.730479613456851, -34.12641595867423 ], [ -70.730450632455074, -34.126423876697999 ], [ -70.730427618660514, -34.126430164156822 ], [ -70.730254853886919, -34.126477364165403 ], [ -70.730222033063157, -34.126486330850319 ], [ -70.730190366006681, -34.126494982796956 ], [ -70.730072262501466, -34.126527248870367 ], [ -70.730020731210843, -34.126541326820167 ], [ -70.729905311430031, -34.126572859689922 ], [ -70.72989075564189, -34.126576836688237 ], [ -70.729835608810419, -34.126591903295804 ], [ -70.729694798431112, -34.126630372678889 ], [ -70.729650962781037, -34.126642349248151 ], [ -70.729557819114646, -34.12666779693955 ], [ -70.729513231838339, -34.126679977918961 ], [ -70.72944942187732, -34.126697410779784 ], [ -70.729355541599858, -34.126723058959122 ], [ -70.729307847711695, -34.126736088861911 ], [ -70.729275483880258, -34.126744930733985 ], [ -70.729104421510314, -34.126791666023792 ], [ -70.729065853139247, -34.1268022029954 ], [ -70.728994308394732, -34.126821749083454 ], [ -70.728890200227909, -34.126850192012455 ], [ -70.728861219980303, -34.126858108752764 ], [ -70.728719083488528, -34.126896941062654 ], [ -70.728654205694852, -34.126914666280932 ], [ -70.728519017543576, -34.126951599788221 ], [ -70.728490261517308, -34.126959455574855 ], [ -70.728300572826299, -34.127011279813836 ], [ -70.728284199945293, -34.127015752902579 ], [ -70.728124569666505, -34.127059364653569 ], [ -70.728082604412535, -34.127070830116516 ], [ -70.728078614693985, -34.127071919647776 ], [ -70.727991467571741, -34.127095728993162 ], [ -70.727969599635216, -34.127101703201788 ], [ -70.727923687735483, -34.127114245810013 ], [ -70.727919625789198, -34.1271153561906 ], [ -70.727913063252103, -34.127117149201517 ], [ -70.727927360863319, -34.127165103428283 ], [ -70.727980031388753, -34.127341753879371 ], [ -70.728175120702943, -34.128019879441695 ], [ -70.728097899028995, -34.128080103980558 ], [ -70.728146552328383, -34.128243714288359 ], [ -70.728643302337318, -34.129914122246021 ], [ -70.729345398938023, -34.132269043390316 ], [ -70.729614544850449, -34.133128932510367 ], [ -70.729616741538351, -34.133129984523933 ], [ -70.730015437437586, -34.133467582185197 ], [ -70.730785771765582, -34.134319987362105 ], [ -70.733453124345246, -34.137287745224633 ], [ -70.734980140330364, -34.138996108983001 ], [ -70.735702917151144, -34.138515646860967 ], [ -70.737701267177357, -34.137236260357284 ], [ -70.739346984217903, -34.136225231700962 ], [ -70.739890149230746, -34.136632348038766 ], [ -70.741017641890636, -34.135917036919849 ], [ -70.74172278213004, -34.135470337717933 ], [ -70.742070962482714, -34.135793682116969 ], [ -70.742618670623386, -34.13626535767532 ], [ -70.74325846896447, -34.136839551850265 ], [ -70.743815307964439, -34.137308037978805 ], [ -70.744011385250147, -34.137393292202027 ], [ -70.740121622828724, -34.122495467345352 ], [ -70.7397018559777, -34.120887406230807 ], [ -70.739634835096766, -34.120901899695234 ], [ -70.739621449780273, -34.120852483991392 ], [ -70.739462533436694, -34.120243648728305 ], [ -70.739330829933948, -34.120306506857922 ], [ -70.738956897650809, -34.120492720931317 ], [ -70.737678262231071, -34.121129467714269 ], [ -70.736285171302498, -34.121815402043403 ], [ -70.736175202304267, -34.121863385808382 ], [ -70.735846509614149, -34.122005515914907 ], [ -70.735587733923012, -34.122117267058556 ], [ -70.735447888059781, -34.122177661792641 ], [ -70.735403549604072, -34.122191090232199 ], [ -70.735346685002668, -34.122208391854961 ], [ -70.73489190997762, -34.122543089112092 ], [ -70.734783832321355, -34.122699714757239 ], [ -70.734153672412077, -34.123612822003878 ], [ -70.734128917501778, -34.123648693102083 ], [ -70.733436359560145, -34.124652188216892 ], [ -70.733342135322289, -34.124788715178624 ], [ -70.733324246040212, -34.124814636097071 ], [ -70.732170134229818, -34.125532976853954 ], [ -70.731964830936192, -34.125660757914162 ] ] ] } },
{ "type": "Feature", "properties": { "zona": "17" }, "geometry": { "type": "Polygon", "coordinates": [ [ [ -70.740151267283309, -34.145337596961745 ], [ -70.740222178939717, -34.145218830199724 ], [ -70.74141529594425, -34.143624421292429 ], [ -70.742581890088559, -34.142081909850567 ], [ -70.743965594798567, -34.140215653045004 ], [ -70.7446430825905, -34.139338550614767 ], [ -70.744719708204656, -34.139282298116321 ], [ -70.744303677731381, -34.138124481901237 ], [ -70.744202709579696, -34.138125916674589 ], [ -70.744011385250147, -34.137393292202027 ], [ -70.743815307964439, -34.137308037978805 ], [ -70.74325846896447, -34.136839551850265 ], [ -70.742618670623386, -34.13626535767532 ], [ -70.742070962482714, -34.135793682116969 ], [ -70.74172278213004, -34.135470337717933 ], [ -70.741017641890636, -34.135917036919849 ], [ -70.739890149230746, -34.136632348038766 ], [ -70.739346984217903, -34.136225231700962 ], [ -70.737701267177357, -34.137236260357284 ], [ -70.735702917151144, -34.138515646860967 ], [ -70.734980140330364, -34.138996108983001 ], [ -70.735420652145947, -34.139488919036005 ], [ -70.736655315896115, -34.140964067661159 ], [ -70.738712831696446, -34.143242480572006 ], [ -70.73951602069512, -34.144462170278267 ], [ -70.740151267283309, -34.145337596961745 ] ] ] } },
{ "type": "Feature", "properties": { "zona": "18" }, "geometry": { "type": "Polygon", "coordinates": [ [ [ -70.740151267283309, -34.145337596961745 ], [ -70.740309765453077, -34.145556018375785 ], [ -70.741688772893937, -34.147649314434368 ], [ -70.74209355685592, -34.148244789622737 ], [ -70.742285000407904, -34.148747096309748 ], [ -70.742472859442216, -34.14981242368976 ], [ -70.742631883217726, -34.150679077675036 ], [ -70.742678533206544, -34.150933306475821 ], [ -70.74268581399528, -34.150977066984751 ], [ -70.743454425193804, -34.150880010518954 ], [ -70.743317102073505, -34.150118507721359 ], [ -70.7451054483154, -34.14989459352914 ], [ -70.745590778483106, -34.149828524594071 ], [ -70.745515546249393, -34.149407786326123 ], [ -70.745541987157907, -34.149353969277612 ], [ -70.747185756800761, -34.148906577089875 ], [ -70.746810291652494, -34.14738197183901 ], [ -70.746778812507557, -34.147259816508779 ], [ -70.744732182802167, -34.139317015387867 ], [ -70.744719708204656, -34.139282298116321 ], [ -70.7446430825905, -34.139338550614767 ], [ -70.743965594798567, -34.140215653045004 ], [ -70.742581890088559, -34.142081909850567 ], [ -70.74141529594425, -34.143624421292429 ], [ -70.740222178939717, -34.145218830199724 ], [ -70.740151267283309, -34.145337596961745 ] ] ] } },
{ "type": "Feature", "properties": { "zona": "19" }, "geometry": { "type": "Polygon", "coordinates": [ [ [ -70.743251166918398, -34.154278724100301 ], [ -70.743489637481105, -34.154242917042396 ], [ -70.746444906073549, -34.153795311358742 ], [ -70.748346810822511, -34.153529795866717 ], [ -70.747702143523057, -34.151003308389932 ], [ -70.747185756800761, -34.148906577089875 ], [ -70.745541987157907, -34.149353969277612 ], [ -70.745515546249393, -34.149407786326123 ], [ -70.745590778483106, -34.149828524594071 ], [ -70.7451054483154, -34.14989459352914 ], [ -70.743317102073505, -34.150118507721359 ], [ -70.743454425193804, -34.150880010518954 ], [ -70.74268581399528, -34.150977066984751 ], [ -70.743071412097279, -34.153294430884742 ], [ -70.743251166918398, -34.154278724100301 ] ] ] } },
{ "type": "Feature", "properties": { "zona": "20" }, "geometry": { "type": "Polygon", "coordinates": [ [ [ -70.743251166918398, -34.154278724100301 ], [ -70.743367619356803, -34.15491637675624 ], [ -70.743466108745139, -34.155382606259387 ], [ -70.74369825746345, -34.156481528212232 ], [ -70.744091602248375, -34.15868386354196 ], [ -70.744886179239955, -34.158293221615949 ], [ -70.748038562603583, -34.156848377493382 ], [ -70.749096515607107, -34.156332944273586 ], [ -70.748791066739258, -34.155270761750074 ], [ -70.748620230419519, -34.154601292080471 ], [ -70.748346810822511, -34.153529795866717 ], [ -70.746444906073549, -34.153795311358742 ], [ -70.743489637481105, -34.154242917042396 ], [ -70.743251166918398, -34.154278724100301 ] ] ] } },
{ "type": "Feature", "properties": { "zona": "21" }, "geometry": { "type": "Polygon", "coordinates": [ [ [ -70.745326450240711, -34.164756146090937 ], [ -70.749915989161636, -34.163989182654696 ], [ -70.751173919850757, -34.163762879763425 ], [ -70.751093873217613, -34.163612979201005 ], [ -70.749998047567757, -34.159467805963253 ], [ -70.749096515607107, -34.156332944273586 ], [ -70.748038562603583, -34.156848377493382 ], [ -70.744886179239955, -34.158293221615949 ], [ -70.744091602248375, -34.15868386354196 ], [ -70.744119888899334, -34.158842237845555 ], [ -70.744393424432957, -34.160699263307492 ], [ -70.744697524086064, -34.162088239206085 ], [ -70.745326450240711, -34.164756146090937 ] ] ] } },
{ "type": "Feature", "properties": { "zona": "11" }, "geometry": { "type": "Polygon", "coordinates": [ [ [ -70.751181131483889, -34.163776384564251 ], [ -70.751916363826354, -34.166591188292912 ], [ -70.752086066913989, -34.167225291612276 ], [ -70.752221614656861, -34.167839841856825 ], [ -70.752445080497708, -34.168603945407739 ], [ -70.752789144368677, -34.168546527705281 ], [ -70.753598968829692, -34.168427595793254 ], [ -70.755352581443574, -34.168144855610699 ], [ -70.755429657866273, -34.168145864692683 ], [ -70.755613844363893, -34.168148275332001 ], [ -70.757103064550236, -34.167850207529114 ], [ -70.759276962482375, -34.16735144351486 ], [ -70.760085477089419, -34.167170458385485 ], [ -70.761046059244379, -34.166973692138377 ], [ -70.761037630248254, -34.166939863642391 ], [ -70.760995198527425, -34.166776331228178 ], [ -70.76077338523605, -34.16593590392678 ], [ -70.761097833056965, -34.165858719953746 ], [ -70.761251602983961, -34.166297404309731 ], [ -70.761376750690957, -34.166273214788518 ], [ -70.761928216366186, -34.166148394135881 ], [ -70.762298477994392, -34.166065967969992 ], [ -70.761885473750468, -34.164810714875415 ], [ -70.761407565242862, -34.163481153042646 ], [ -70.759555021812346, -34.160365213851662 ], [ -70.759405354651648, -34.160087248568189 ], [ -70.759302348467699, -34.160124717214828 ], [ -70.759201718840885, -34.160186249838652 ], [ -70.757276232278699, -34.160998170090281 ], [ -70.757068869275841, -34.161082623492113 ], [ -70.757066621344023, -34.161083539008089 ], [ -70.756693373129963, -34.161235551103566 ], [ -70.751710725191671, -34.163665843516888 ], [ -70.751490682486192, -34.163684253317598 ], [ -70.751173919850757, -34.163762879763425 ], [ -70.751181131483889, -34.163776384564251 ] ] ] } },
{ "type": "Feature", "properties": { "zona": "6" }, "geometry": { "type": "Polygon", "coordinates": [ [ [ -70.761376750690957, -34.166273214788518 ], [ -70.761251602983961, -34.166297404309731 ], [ -70.761097833056965, -34.165858719953746 ], [ -70.76077338523605, -34.16593590392678 ], [ -70.760995198527425, -34.166776331228178 ], [ -70.761037630248254, -34.166939863642391 ], [ -70.761046059244379, -34.166973692138377 ], [ -70.761721889080661, -34.166836717836318 ], [ -70.764050137697893, -34.166264461260084 ], [ -70.764341138136672, -34.166201284263366 ], [ -70.764967449441428, -34.166055359636239 ], [ -70.765618771029153, -34.165907614591859 ], [ -70.767919010278618, -34.165416424453362 ], [ -70.769521211697423, -34.165035462549781 ], [ -70.770037785376047, -34.164964311469802 ], [ -70.771583232788871, -34.164555736910238 ], [ -70.771387719406263, -34.164022648745473 ], [ -70.768681446275821, -34.156520504615273 ], [ -70.766454966333455, -34.157366374367108 ], [ -70.764899949503132, -34.157957112684329 ], [ -70.764781243565579, -34.158001266120799 ], [ -70.761857777141927, -34.159088618121892 ], [ -70.76116350621993, -34.159346830593606 ], [ -70.759755889310284, -34.159944817343622 ], [ -70.759405354651648, -34.160087248568189 ], [ -70.759555021812346, -34.160365213851662 ], [ -70.761407565242862, -34.163481153042646 ], [ -70.761885473750468, -34.164810714875415 ], [ -70.762298477994392, -34.166065967969992 ], [ -70.761928216366186, -34.166148394135881 ], [ -70.761376750690957, -34.166273214788518 ] ] ] } },
{ "type": "Feature", "properties": { "zona": "22" }, "geometry": { "type": "Polygon", "coordinates": [ [ [ -70.745326450240711, -34.164756146090937 ], [ -70.74527785672646, -34.164886624303399 ], [ -70.745396247181972, -34.165392587003851 ], [ -70.74576783179171, -34.167224735906501 ], [ -70.746237865345691, -34.169498830685157 ], [ -70.74736211445601, -34.169318383232323 ], [ -70.748393011822699, -34.169157115126986 ], [ -70.750149495026932, -34.168906091367155 ], [ -70.751263586823171, -34.168771096684154 ], [ -70.752446461485661, -34.168608668679134 ], [ -70.752445080497708, -34.168603945407739 ], [ -70.752221614656861, -34.167839841856825 ], [ -70.752086066914003, -34.167225291612276 ], [ -70.751916363826368, -34.166591188292919 ], [ -70.751181131483904, -34.163776384564265 ], [ -70.751173919850757, -34.163762879763425 ], [ -70.749915989161636, -34.163989182654696 ], [ -70.745326450240711, -34.164756146090937 ] ] ] } },
{ "type": "Feature", "properties": { "zona": "28" }, "geometry": { "type": "Polygon", "coordinates": [ [ [ -70.74072586291922, -34.170265805651105 ], [ -70.741065137196188, -34.170219572423356 ], [ -70.741160772751542, -34.17020657777946 ], [ -70.74210277454273, -34.17006028826345 ], [ -70.743401753586028, -34.169892200996173 ], [ -70.744894825127574, -34.169693855731822 ], [ -70.746237865345691, -34.169498830685157 ], [ -70.74576783179171, -34.167224735906501 ], [ -70.745396247181972, -34.165392587003851 ], [ -70.74527785672646, -34.164886624303399 ], [ -70.742548176850264, -34.165320569580331 ], [ -70.74245347005143, -34.164902015867845 ], [ -70.73973594559564, -34.165295604435208 ], [ -70.739809084337111, -34.165689818841727 ], [ -70.740035718615715, -34.166887132892178 ], [ -70.740269231481577, -34.167971740078123 ], [ -70.740265697295811, -34.168023323075516 ], [ -70.740465527846055, -34.16914467060181 ], [ -70.740614179397042, -34.169705177991702 ], [ -70.740653083060835, -34.169905099238427 ], [ -70.74072586291922, -34.170265805651105 ] ] ] } },
{ "type": "Feature", "properties": { "zona": "29" }, "geometry": { "type": "Polygon", "coordinates": [ [ [ -70.741657455409793, -34.174887941052134 ], [ -70.743597021061149, -34.174604671450311 ], [ -70.745556480440015, -34.174273814328423 ], [ -70.747217670600591, -34.173933787445883 ], [ -70.747145234789059, -34.173671552900892 ], [ -70.746729735364511, -34.171784113813679 ], [ -70.746242197071325, -34.169519788824772 ], [ -70.746237865345691, -34.169498830685157 ], [ -70.744894825127574, -34.169693855731822 ], [ -70.743401753586028, -34.169892200996173 ], [ -70.74210277454273, -34.17006028826345 ], [ -70.741160772751542, -34.17020657777946 ], [ -70.741065137196188, -34.170219572423356 ], [ -70.74072586291922, -34.170265805651105 ], [ -70.740734784765607, -34.170310025272833 ], [ -70.740792233833531, -34.170594748140701 ], [ -70.740798496173753, -34.170625784585951 ], [ -70.741070150755775, -34.172049755625117 ], [ -70.741657455409793, -34.174887941052134 ] ] ] } },
{ "type": "Feature", "properties": { "zona": "30" }, "geometry": { "type": "Polygon", "coordinates": [ [ [ -70.742158872220216, -34.175637786740914 ], [ -70.742910341618469, -34.176669223315578 ], [ -70.743639579202096, -34.177735325072554 ], [ -70.74455619293964, -34.178978169053295 ], [ -70.745686616268301, -34.180565331565049 ], [ -70.746297746609571, -34.181468955487212 ], [ -70.747185631182703, -34.182651110378941 ], [ -70.749011177948816, -34.185197916473818 ], [ -70.750487872445248, -34.18730687236053 ], [ -70.752370862201929, -34.189955868673024 ], [ -70.752895208145148, -34.190654565666435 ], [ -70.752977067777294, -34.190836622693894 ], [ -70.752987052201959, -34.190986115602385 ], [ -70.754087471612706, -34.192166265314057 ], [ -70.75380371194008, -34.191768322246901 ], [ -70.753570311862887, -34.191411311948713 ], [ -70.752987927802891, -34.190527931228758 ], [ -70.752753244485774, -34.190086386239841 ], [ -70.752535815789031, -34.189568439598332 ], [ -70.752413466035691, -34.189178730271557 ], [ -70.752283427662945, -34.188666024987072 ], [ -70.75221049696539, -34.18807157727489 ], [ -70.752187393370292, -34.18730998678906 ], [ -70.752261369145813, -34.186356147661016 ], [ -70.752333853275957, -34.185952011790597 ], [ -70.752472898889138, -34.185123975197662 ], [ -70.75255524942294, -34.184397523303787 ], [ -70.752714378924821, -34.18338597227801 ], [ -70.752754939394194, -34.182948699938876 ], [ -70.752860301099275, -34.182890699727601 ], [ -70.752888931594583, -34.182853645195088 ], [ -70.75289679954426, -34.182775113902544 ], [ -70.752899703874178, -34.182614050743446 ], [ -70.752882837049725, -34.182265014132966 ], [ -70.752804021060484, -34.182051993598868 ], [ -70.752600659239818, -34.181813267449769 ], [ -70.752434458729496, -34.181705705508811 ], [ -70.752316113791778, -34.18164670205703 ], [ -70.75218423048176, -34.181599343560698 ], [ -70.751947796135866, -34.181560349121192 ], [ -70.751675353229089, -34.181579126900751 ], [ -70.751394189295027, -34.181642690218851 ], [ -70.751293828648784, -34.181487091343961 ], [ -70.75107544880575, -34.181115967137742 ], [ -70.750545421165427, -34.180357079088644 ], [ -70.751139874094036, -34.180082590816191 ], [ -70.750197314888069, -34.178508589899145 ], [ -70.749550803486045, -34.17740489472569 ], [ -70.749218229135806, -34.176868541884744 ], [ -70.748902025010182, -34.176346270208363 ], [ -70.748860642577327, -34.176343997202153 ], [ -70.748068970603569, -34.176484111920395 ], [ -70.748016299073356, -34.176212884129939 ], [ -70.747859934280541, -34.175534687826151 ], [ -70.747621697144282, -34.17534053866865 ], [ -70.74758820004412, -34.175275168437572 ], [ -70.747217670600591, -34.173933787445868 ], [ -70.745556480440015, -34.174273814328423 ], [ -70.743597021061149, -34.174604671450311 ], [ -70.741657455409765, -34.174887941052127 ], [ -70.741661631400689, -34.174908117073251 ], [ -70.742158872220216, -34.175637786740914 ] ] ] } },
{ "type": "Feature", "properties": { "zona": "23" }, "geometry": { "type": "Polygon", "coordinates": [ [ [ -70.746237865345691, -34.169498830685157 ], [ -70.746242197071325, -34.169519788824772 ], [ -70.746729735364511, -34.171784113813679 ], [ -70.747145234789059, -34.173671552900892 ], [ -70.747217670600591, -34.173933787445883 ], [ -70.748341483046332, -34.173796872772215 ], [ -70.749641035233878, -34.173610006382873 ], [ -70.750907500984454, -34.173422452424767 ], [ -70.752537166090036, -34.173209085671651 ], [ -70.752920393996249, -34.173152078117887 ], [ -70.753029306592936, -34.173088682717342 ], [ -70.753408360368539, -34.172896602205391 ], [ -70.753557484570749, -34.172786657088558 ], [ -70.7535468778661, -34.172738525750525 ], [ -70.753470163595452, -34.172460199527634 ], [ -70.753370634129183, -34.172077988713703 ], [ -70.753223542325784, -34.171527798960746 ], [ -70.753173712487666, -34.171339079826915 ], [ -70.752894972114831, -34.170286671543515 ], [ -70.752833172276766, -34.170052030515706 ], [ -70.752764962820791, -34.169796104169365 ], [ -70.752707226159274, -34.169585740355195 ], [ -70.752680958841623, -34.169488087978436 ], [ -70.752658415195782, -34.169403942318404 ], [ -70.752650259634251, -34.169372681110197 ], [ -70.752641488364631, -34.169341600021326 ], [ -70.752632971283148, -34.169309485547601 ], [ -70.752626911949818, -34.169286267404168 ], [ -70.752615902418157, -34.169245256191616 ], [ -70.752611739823223, -34.169232606047409 ], [ -70.752610259047117, -34.169226940113525 ], [ -70.752604644892813, -34.16920547214076 ], [ -70.752587398238006, -34.169139514936901 ], [ -70.752581751530826, -34.169119042915639 ], [ -70.752571761025891, -34.169082822354959 ], [ -70.75256073857804, -34.169042862713894 ], [ -70.752541733428544, -34.168973963992599 ], [ -70.752522956936446, -34.168905891574461 ], [ -70.752502838869859, -34.168832954652032 ], [ -70.752497522953419, -34.168813683486995 ], [ -70.752479686995613, -34.168749017812324 ], [ -70.752468605466788, -34.168704936384167 ], [ -70.752467225987473, -34.168699446637881 ], [ -70.752464456542128, -34.168688432128299 ], [ -70.752464075856565, -34.168686914577066 ], [ -70.752459749666727, -34.168669706813724 ], [ -70.752452960155367, -34.168642701083492 ], [ -70.752451743813026, -34.168637860943363 ], [ -70.75245125566093, -34.168635920221483 ], [ -70.752446461485661, -34.168608668679134 ], [ -70.751263586823171, -34.168771096684154 ], [ -70.750149495026932, -34.168906091367155 ], [ -70.748393011822699, -34.169157115126986 ], [ -70.74736211445601, -34.169318383232323 ], [ -70.746237865345691, -34.169498830685157 ] ] ] } },
{ "type": "Feature", "properties": { "zona": "24" }, "geometry": { "type": "Polygon", "coordinates": [ [ [ -70.748016299073356, -34.176212884129939 ], [ -70.748068970603569, -34.176484111920395 ], [ -70.748860642577327, -34.176343997202153 ], [ -70.748902025010182, -34.176346270208363 ], [ -70.749218229135806, -34.176868541884744 ], [ -70.749550803486045, -34.17740489472569 ], [ -70.750197314888069, -34.178508589899145 ], [ -70.751139874094036, -34.180082590816191 ], [ -70.750545421165427, -34.180357079088644 ], [ -70.75107544880575, -34.181115967137742 ], [ -70.751293828648784, -34.181487091343961 ], [ -70.751394189295027, -34.181642690218851 ], [ -70.751675353229089, -34.181579126900751 ], [ -70.751947796135866, -34.181560349121192 ], [ -70.75218423048176, -34.181599343560698 ], [ -70.752316113791778, -34.18164670205703 ], [ -70.752434458729496, -34.181705705508811 ], [ -70.752600659239818, -34.181813267449769 ], [ -70.752804021060484, -34.182051993598868 ], [ -70.752882837049725, -34.182265014132966 ], [ -70.752899703874178, -34.182614050743446 ], [ -70.75289679954426, -34.182775113902544 ], [ -70.752924245333958, -34.182643461842702 ], [ -70.752943136091957, -34.182532380064409 ], [ -70.752957253205238, -34.182449373557411 ], [ -70.752983866076335, -34.182292890417052 ], [ -70.752986486619236, -34.182277486055938 ], [ -70.752989439780478, -34.182260118431053 ], [ -70.752999958401716, -34.182198270528907 ], [ -70.753006157840076, -34.182161813335107 ], [ -70.753010959642424, -34.182133581659443 ], [ -70.753025083449387, -34.182050537174554 ], [ -70.753050688184103, -34.181905120660822 ], [ -70.753068924631719, -34.181801548617329 ], [ -70.753071704390806, -34.181785765064369 ], [ -70.753105226670627, -34.181595381708192 ], [ -70.753111361804699, -34.181558704507729 ], [ -70.753123413201735, -34.181486676039697 ], [ -70.753142114346716, -34.181374894499328 ], [ -70.753151590447104, -34.181318254417448 ], [ -70.753157448623256, -34.181283243020559 ], [ -70.75316664664247, -34.181228266054767 ], [ -70.753182212448948, -34.181135221730223 ], [ -70.753201780607299, -34.181018260997199 ], [ -70.753203333737474, -34.181009791595613 ], [ -70.753207220771188, -34.180988585569899 ], [ -70.753276535574173, -34.180610522084478 ], [ -70.753278291870529, -34.180600074134674 ], [ -70.753284359634549, -34.180563974978917 ], [ -70.753305844489262, -34.180436150097258 ], [ -70.753314820973301, -34.180382744354006 ], [ -70.753315515245404, -34.180378491892569 ], [ -70.753326417179508, -34.180311698013575 ], [ -70.753339985322157, -34.180228566742684 ], [ -70.753343193671043, -34.180208908726293 ], [ -70.753372528025096, -34.180029171187805 ], [ -70.753397459694725, -34.179883367446571 ], [ -70.753410363869506, -34.179807898455813 ], [ -70.753411197131342, -34.179803022729828 ], [ -70.753423302948988, -34.179732229686749 ], [ -70.75346800314415, -34.179470796806427 ], [ -70.753475573528505, -34.179426522910894 ], [ -70.753481363138562, -34.179392665758563 ], [ -70.753489390300189, -34.179345718980493 ], [ -70.75350905791116, -34.179224004755355 ], [ -70.753518751773214, -34.179164014380071 ], [ -70.753522014104732, -34.17914382267584 ], [ -70.753537533501401, -34.179047781674214 ], [ -70.753548494001848, -34.178979952671128 ], [ -70.753584699543467, -34.178781228755049 ], [ -70.753595385533743, -34.178722576752889 ], [ -70.753622504812853, -34.178573729071452 ], [ -70.753628714924716, -34.17853964498039 ], [ -70.753630010702921, -34.178532531813566 ], [ -70.753637803323485, -34.178487941834995 ], [ -70.753652682398112, -34.178402806215217 ], [ -70.753668172695427, -34.178314178554857 ], [ -70.753685005383346, -34.178217860866162 ], [ -70.753699757684899, -34.178125502560476 ], [ -70.753705847231203, -34.17808737782736 ], [ -70.753718023391528, -34.178011144632542 ], [ -70.753731457913887, -34.177927040465612 ], [ -70.75373683377795, -34.177893383079123 ], [ -70.75374392899235, -34.177848965368732 ], [ -70.753779105934314, -34.177628731390769 ], [ -70.753779395054721, -34.177626922036573 ], [ -70.753792730442768, -34.177543432439357 ], [ -70.753831946146221, -34.177297919907247 ], [ -70.753836563136929, -34.177269011843443 ], [ -70.753851632143252, -34.177174670635203 ], [ -70.753851725335764, -34.17717408860242 ], [ -70.75386537173523, -34.177088647758396 ], [ -70.753866207268587, -34.177083412213953 ], [ -70.753909726568196, -34.176810958180113 ], [ -70.753912472053045, -34.176795524053155 ], [ -70.753945130832889, -34.176611860549315 ], [ -70.753951332047905, -34.176576991175324 ], [ -70.753952763433844, -34.17656893648455 ], [ -70.753952817884198, -34.176568631830179 ], [ -70.753970662567014, -34.176494137207413 ], [ -70.753973955098758, -34.176475623135282 ], [ -70.753974088203691, -34.176474872813856 ], [ -70.753974653432607, -34.176470101906204 ], [ -70.753977230580901, -34.176448317644592 ], [ -70.753977978460043, -34.176439843512071 ], [ -70.753978272937701, -34.176436511094238 ], [ -70.753986284133603, -34.176345780219229 ], [ -70.753989085249941, -34.176314059529155 ], [ -70.753991943411791, -34.176281687891183 ], [ -70.75399533579926, -34.176243257246284 ], [ -70.75400760599284, -34.176104283559177 ], [ -70.754010455331809, -34.176072010332419 ], [ -70.754010405733041, -34.176044086015928 ], [ -70.7540103895888, -34.17603512866966 ], [ -70.754009992323844, -34.175805944266479 ], [ -70.754009557172282, -34.175555794759987 ], [ -70.754003796022602, -34.175391917564504 ], [ -70.754001927985954, -34.175338772290729 ], [ -70.753998960900475, -34.175302294591226 ], [ -70.753973543771224, -34.175080243308294 ], [ -70.753948396915192, -34.174860549722844 ], [ -70.753946370177857, -34.174845445313125 ], [ -70.753934988570379, -34.174760630054998 ], [ -70.753914933098031, -34.17461117082938 ], [ -70.753913440014941, -34.174600044343833 ], [ -70.753861789136607, -34.174215139733512 ], [ -70.753854330181412, -34.174159553192489 ], [ -70.753839632653083, -34.174065214574178 ], [ -70.753834314316606, -34.174031075242823 ], [ -70.753804761994132, -34.173869446110096 ], [ -70.753771550679872, -34.173687799022353 ], [ -70.753766823735759, -34.173661946957537 ], [ -70.753753544277842, -34.173589310226554 ], [ -70.753748103812697, -34.173569293402444 ], [ -70.753743692049682, -34.1735530625782 ], [ -70.753691236662036, -34.173320102841252 ], [ -70.753631918015728, -34.173089052703389 ], [ -70.753563667266135, -34.172814710172013 ], [ -70.753557484570734, -34.172786657088544 ], [ -70.753408360368539, -34.172896602205377 ], [ -70.753029306592936, -34.173088682717328 ], [ -70.752920393996249, -34.173152078117887 ], [ -70.752537166090022, -34.173209085671651 ], [ -70.750907500984454, -34.173422452424767 ], [ -70.749641035233864, -34.173610006382866 ], [ -70.748341483046332, -34.173796872772208 ], [ -70.747217670600591, -34.173933787445868 ], [ -70.74758820004412, -34.175275168437572 ], [ -70.747621697144282, -34.17534053866865 ], [ -70.747859934280541, -34.175534687826151 ], [ -70.748016299073356, -34.176212884129939 ] ] ] } },
{ "type": "Feature", "properties": { "zona": "38" }, "geometry": { "type": "Polygon", "coordinates": [ [ [ -70.752501709391126, -34.190657412143047 ], [ -70.752987052201959, -34.190986115602385 ], [ -70.752977067777294, -34.190836622693894 ], [ -70.752895208145148, -34.190654565666435 ], [ -70.752370862201929, -34.189955868673024 ], [ -70.750487872445248, -34.18730687236053 ], [ -70.749011177948816, -34.185197916473818 ], [ -70.747185631182703, -34.182651110378941 ], [ -70.746297746609571, -34.181468955487212 ], [ -70.745686616268301, -34.180565331565049 ], [ -70.743219382091709, -34.182209286886938 ], [ -70.742013365577222, -34.182976126931081 ], [ -70.741050882329873, -34.183614292186789 ], [ -70.740217445232773, -34.184295251407548 ], [ -70.740771595203185, -34.184747496390862 ], [ -70.743720635052199, -34.186951792183791 ], [ -70.74411572540771, -34.187247092800376 ], [ -70.744692486345954, -34.187579601826968 ], [ -70.749604732593369, -34.189317033402702 ], [ -70.75053647752118, -34.189725544099616 ], [ -70.75176753802026, -34.190213370489708 ], [ -70.752479230029152, -34.190642186984114 ], [ -70.752501709391126, -34.190657412143047 ] ] ] } },
{ "type": "Feature", "properties": { "zona": "43" }, "geometry": { "type": "Polygon", "coordinates": [ [ [ -70.736257519930149, -34.17582393415055 ], [ -70.735793794745064, -34.173680361927502 ], [ -70.735219811354781, -34.171053854129418 ], [ -70.733660761462261, -34.171262175996624 ], [ -70.731716846715102, -34.171515610656101 ], [ -70.729930858448341, -34.171766788018907 ], [ -70.728346814916378, -34.17201204077692 ], [ -70.728094526600998, -34.1720720905166 ], [ -70.726885052695152, -34.172235441200982 ], [ -70.726868734931614, -34.17308186388837 ], [ -70.72701988931496, -34.173738213915591 ], [ -70.727378439599093, -34.174429816929781 ], [ -70.727766958572147, -34.174901504217445 ], [ -70.73291341661951, -34.178815750579403 ], [ -70.735172875329411, -34.177021674186058 ], [ -70.735689748193337, -34.176693713758404 ], [ -70.736320727257208, -34.176387038901666 ], [ -70.736257519930149, -34.17582393415055 ] ] ] } },
{ "type": "Feature", "properties": { "zona": "2" }, "geometry": { "type": "Polygon", "coordinates": [ [ [ -70.772556136464317, -34.155048323170483 ], [ -70.768681446275835, -34.156520504615273 ], [ -70.771387719406277, -34.16402264874548 ], [ -70.771583232788899, -34.164555736910245 ], [ -70.771719107164984, -34.164926207220482 ], [ -70.771966617937608, -34.165562974117258 ], [ -70.772188256682838, -34.166115180486941 ], [ -70.772238583221039, -34.166104234541756 ], [ -70.772612641794197, -34.165984314335248 ], [ -70.773528761081764, -34.165763035843675 ], [ -70.774287729321458, -34.165603191349192 ], [ -70.774445314621047, -34.165562740539954 ], [ -70.775716254408493, -34.165290507331562 ], [ -70.777560972627327, -34.164897343182396 ], [ -70.780753658542366, -34.164184941971456 ], [ -70.78217250967981, -34.163851329449081 ], [ -70.784313630924615, -34.163362145073769 ], [ -70.785613778878712, -34.163062666197952 ], [ -70.787332272683742, -34.162676918191274 ], [ -70.789635815045273, -34.162162372535079 ], [ -70.791283639381462, -34.161802412586866 ], [ -70.791996023624009, -34.161614509568572 ], [ -70.79357033703225, -34.161253684734845 ], [ -70.793772864671141, -34.161245265335644 ], [ -70.79331277442293, -34.158905404858224 ], [ -70.787962176051749, -34.160197481283525 ], [ -70.786837780390215, -34.155653206508049 ], [ -70.79189492405763, -34.154346576635412 ], [ -70.791221173754863, -34.152536420789453 ], [ -70.773126416197158, -34.156820698628088 ], [ -70.772556136464317, -34.155048323170483 ] ] ] } },
{ "type": "Feature", "properties": { "zona": "25" }, "geometry": { "type": "Polygon", "coordinates": [ [ [ -70.736678466118221, -34.150235593108619 ], [ -70.736907119155489, -34.151387359136677 ], [ -70.736989323797616, -34.15137391882417 ], [ -70.73900909001496, -34.151125822624692 ], [ -70.74099239572277, -34.150891571284362 ], [ -70.742631883217726, -34.150679077675036 ], [ -70.742472859442216, -34.14981242368976 ], [ -70.742285000407904, -34.148747096309748 ], [ -70.74209355685592, -34.148244789622737 ], [ -70.741688772893937, -34.147649314434368 ], [ -70.740309765453077, -34.145556018375785 ], [ -70.740151267283309, -34.145337596961745 ], [ -70.73951602069512, -34.144462170278267 ], [ -70.738712831696446, -34.143242480572006 ], [ -70.736655315896115, -34.140964067661159 ], [ -70.735420652145947, -34.139488919036005 ], [ -70.735041924841482, -34.139742912568877 ], [ -70.73458123263525, -34.139979225513926 ], [ -70.734690484528841, -34.140607531925632 ], [ -70.735191206690502, -34.142867916249322 ], [ -70.735711910560426, -34.145654798338605 ], [ -70.736118190837772, -34.147649685066845 ], [ -70.736412450363559, -34.149015921970879 ], [ -70.736678466118221, -34.150235593108619 ] ] ] } },
{ "type": "Feature", "properties": { "zona": "26" }, "geometry": { "type": "Polygon", "coordinates": [ [ [ -70.736907119155489, -34.151387359136677 ], [ -70.736939559677111, -34.151550765123716 ], [ -70.737230654383396, -34.152873145424707 ], [ -70.737492351629427, -34.154216936370318 ], [ -70.737709154058834, -34.155049848204072 ], [ -70.73784210948773, -34.155712169368172 ], [ -70.738054012408497, -34.156865800219215 ], [ -70.7380692923889, -34.156937840882748 ], [ -70.738856868016114, -34.156814433691693 ], [ -70.738849662524771, -34.156742962222054 ], [ -70.740215108864831, -34.156573301686898 ], [ -70.740867828255972, -34.156494856228647 ], [ -70.740806590461787, -34.156028110495505 ], [ -70.740978436886266, -34.156011357927454 ], [ -70.74186873893332, -34.155903292035013 ], [ -70.741925481324898, -34.15587147125995 ], [ -70.741936076263414, -34.1558283767463 ], [ -70.741919967950977, -34.155742717153942 ], [ -70.741899373966106, -34.155578389885427 ], [ -70.743466108745139, -34.155382606259387 ], [ -70.743367619356803, -34.15491637675624 ], [ -70.743251166918398, -34.154278724100301 ], [ -70.743071412097279, -34.153294430884742 ], [ -70.74268581399528, -34.150977066984751 ], [ -70.742678533206544, -34.150933306475821 ], [ -70.742631883217726, -34.150679077675036 ], [ -70.74099239572277, -34.150891571284362 ], [ -70.73900909001496, -34.151125822624692 ], [ -70.736989323797616, -34.15137391882417 ], [ -70.736907119155489, -34.151387359136677 ] ] ] } },
{ "type": "Feature", "properties": { "zona": "27" }, "geometry": { "type": "Polygon", "coordinates": [ [ [ -70.7380692923889, -34.156937840882748 ], [ -70.73828528844318, -34.157956170345166 ], [ -70.738515148279234, -34.159201159592364 ], [ -70.738614328604626, -34.159730026239451 ], [ -70.738760040694032, -34.160507010839325 ], [ -70.739009571031332, -34.161814704417139 ], [ -70.739290138265886, -34.163291825537691 ], [ -70.739490422049514, -34.164212762769075 ], [ -70.739732709718453, -34.165278160690676 ], [ -70.73973594559564, -34.165295604435208 ], [ -70.74245347005143, -34.164902015867845 ], [ -70.742548176850264, -34.165320569580331 ], [ -70.74527785672646, -34.164886624303399 ], [ -70.745326450240711, -34.164756146090937 ], [ -70.744697524086064, -34.162088239206085 ], [ -70.744393424432957, -34.160699263307492 ], [ -70.744119888899334, -34.158842237845555 ], [ -70.744091602248375, -34.15868386354196 ], [ -70.74369825746345, -34.156481528212232 ], [ -70.743466108745139, -34.155382606259387 ], [ -70.741899373966106, -34.155578389885427 ], [ -70.741919967950977, -34.155742717153942 ], [ -70.741936076263414, -34.1558283767463 ], [ -70.741925481324898, -34.15587147125995 ], [ -70.74186873893332, -34.155903292035013 ], [ -70.740978436886266, -34.156011357927454 ], [ -70.740806590461787, -34.156028110495505 ], [ -70.740867828255972, -34.156494856228647 ], [ -70.740215108864831, -34.156573301686898 ], [ -70.738849662524771, -34.156742962222054 ], [ -70.738856868016114, -34.156814433691693 ], [ -70.7380692923889, -34.156937840882748 ] ] ] } },
{ "type": "Feature", "properties": { "zona": "35" }, "geometry": { "type": "Polygon", "coordinates": [ [ [ -70.734286318783774, -34.166080407720422 ], [ -70.734946976579081, -34.169444001230104 ], [ -70.735219811354781, -34.171053854129418 ], [ -70.736577027511942, -34.170857530868439 ], [ -70.737915968798177, -34.170675155768464 ], [ -70.739308935821782, -34.170478868630568 ], [ -70.740303238342889, -34.17032339605732 ], [ -70.74072586291922, -34.170265805651105 ], [ -70.740653083060835, -34.169905099238427 ], [ -70.740614179397042, -34.169705177991702 ], [ -70.740465527846055, -34.16914467060181 ], [ -70.740265697295811, -34.168023323075516 ], [ -70.740269231481577, -34.167971740078123 ], [ -70.740035718615715, -34.166887132892178 ], [ -70.739809084337111, -34.165689818841727 ], [ -70.73973594559564, -34.165295604435208 ], [ -70.734286318783774, -34.166080407720422 ] ] ] } },
{ "type": "Feature", "properties": { "zona": "42" }, "geometry": { "type": "Polygon", "coordinates": [ [ [ -70.730187593335387, -34.166670498245608 ], [ -70.730145117951864, -34.16667661297295 ], [ -70.728002704365025, -34.167010276819411 ], [ -70.727374784642421, -34.167020078714145 ], [ -70.727385851157749, -34.167168796952147 ], [ -70.727229093008916, -34.167251166196046 ], [ -70.727098683886481, -34.168965046375405 ], [ -70.7270028303668, -34.170083422590103 ], [ -70.72688548155277, -34.17221319979128 ], [ -70.726885052695152, -34.172235441200982 ], [ -70.728094526600998, -34.1720720905166 ], [ -70.728346814916378, -34.17201204077692 ], [ -70.729930858448341, -34.171766788018907 ], [ -70.731716846715102, -34.171515610656101 ], [ -70.733660761462261, -34.171262175996624 ], [ -70.735219811354781, -34.171053854129418 ], [ -70.734946976579081, -34.169444001230104 ], [ -70.734286318783774, -34.166080407720422 ], [ -70.730187593335387, -34.166670498245608 ] ] ] } },
{ "type": "Feature", "properties": { "zona": "34" }, "geometry": { "type": "Polygon", "coordinates": [ [ [ -70.733084762173249, -34.160894135035818 ], [ -70.73264043940847, -34.160948125686794 ], [ -70.731351078238134, -34.161109471864719 ], [ -70.730668463823449, -34.161187811972795 ], [ -70.730662551366123, -34.161235611420715 ], [ -70.730778544573823, -34.162081409018022 ], [ -70.730875509628859, -34.162669808844377 ], [ -70.730943798097812, -34.163090654239639 ], [ -70.729475358372071, -34.163254507283668 ], [ -70.729615969311226, -34.163956811649918 ], [ -70.729842181046521, -34.16502818283471 ], [ -70.730187593335387, -34.166670498245608 ], [ -70.734286318783774, -34.166080407720422 ], [ -70.73973594559564, -34.165295604435208 ], [ -70.739732709718453, -34.165278160690676 ], [ -70.739490422049514, -34.164212762769075 ], [ -70.739290138265886, -34.163291825537691 ], [ -70.739009571031332, -34.161814704417139 ], [ -70.738760040694032, -34.160507010839325 ], [ -70.738614328604626, -34.159730026239451 ], [ -70.736949999095785, -34.159936700639939 ], [ -70.73675777897148, -34.159968050767979 ], [ -70.736641577637386, -34.160011685473741 ], [ -70.736275498377054, -34.160522653577317 ], [ -70.736228662749511, -34.160590117963835 ], [ -70.73613592182322, -34.16065823182722 ], [ -70.736008202763557, -34.160700120878644 ], [ -70.735094158725033, -34.160800845095707 ], [ -70.733222996275842, -34.161029604825309 ], [ -70.733122156255973, -34.161038663035576 ], [ -70.733084762173249, -34.160894135035818 ] ] ] } },
{ "type": "Feature", "properties": { "zona": "41" }, "geometry": { "type": "Polygon", "coordinates": [ [ [ -70.72807786882835, -34.156162354937166 ], [ -70.727524650378854, -34.161979174097951 ], [ -70.727221911345765, -34.16515176983615 ], [ -70.727374801049791, -34.165893985223597 ], [ -70.727374784642421, -34.167020078714145 ], [ -70.728002704365025, -34.167010276819411 ], [ -70.730145117951864, -34.16667661297295 ], [ -70.730187593335387, -34.166670498245608 ], [ -70.729842181046521, -34.16502818283471 ], [ -70.729615969311226, -34.163956811649918 ], [ -70.729475358372071, -34.163254507283668 ], [ -70.730943798097812, -34.163090654239639 ], [ -70.730875509628859, -34.162669808844377 ], [ -70.730778544573823, -34.162081409018022 ], [ -70.730662551366123, -34.161235611420715 ], [ -70.730668463823449, -34.161187811972795 ], [ -70.731351078238134, -34.161109471864719 ], [ -70.73264043940847, -34.160948125686794 ], [ -70.733084762173249, -34.160894135035818 ], [ -70.731951449280984, -34.155704495071873 ], [ -70.72807786882835, -34.156162354937166 ] ] ] } },
{ "type": "Feature", "properties": { "zona": "31" }, "geometry": { "type": "Polygon", "coordinates": [ [ [ -70.728845762325619, -34.146426058502307 ], [ -70.729169250482585, -34.146686131062673 ], [ -70.730284560311745, -34.148187779600001 ], [ -70.730471957574565, -34.148511991819589 ], [ -70.730787449737718, -34.150051153072383 ], [ -70.73116783632787, -34.151765872480198 ], [ -70.733710398180108, -34.151044489660592 ], [ -70.734628397119465, -34.150805344135343 ], [ -70.736678466118221, -34.150235593108619 ], [ -70.736412450363559, -34.149015921970879 ], [ -70.736118190837772, -34.147649685066845 ], [ -70.735711910560426, -34.145654798338605 ], [ -70.735191206690502, -34.142867916249322 ], [ -70.734690484528841, -34.140607531925632 ], [ -70.73458123263525, -34.139979225513926 ], [ -70.735041924841482, -34.139742912568877 ], [ -70.735420652145947, -34.139488919036005 ], [ -70.734980140330364, -34.138996108983001 ], [ -70.733453124345246, -34.137287745224633 ], [ -70.730785771765582, -34.134319987362105 ], [ -70.730015437437586, -34.133467582185197 ], [ -70.729616741538351, -34.133129984523933 ], [ -70.729614544850449, -34.133128932510367 ], [ -70.729691563428986, -34.133374995869964 ], [ -70.729774984322418, -34.133751731723983 ], [ -70.729717691320346, -34.134995065282943 ], [ -70.729557131693625, -34.137253342100848 ], [ -70.728845762325619, -34.146426058502307 ] ] ] } },
{ "type": "Feature", "properties": { "zona": "33" }, "geometry": { "type": "Polygon", "coordinates": [ [ [ -70.731951449280984, -34.155704495071873 ], [ -70.733084762173249, -34.160894135035818 ], [ -70.733122156255973, -34.161038663035576 ], [ -70.733222996275842, -34.161029604825309 ], [ -70.735094158725033, -34.160800845095707 ], [ -70.736008202763557, -34.160700120878644 ], [ -70.73613592182322, -34.16065823182722 ], [ -70.736228662749511, -34.160590117963835 ], [ -70.736275498377054, -34.160522653577317 ], [ -70.736641577637386, -34.160011685473741 ], [ -70.73675777897148, -34.159968050767979 ], [ -70.736949999095785, -34.159936700639939 ], [ -70.738614328604626, -34.159730026239451 ], [ -70.738515148279234, -34.159201159592364 ], [ -70.73828528844318, -34.157956170345166 ], [ -70.7380692923889, -34.156937840882748 ], [ -70.738054012408497, -34.156865800219215 ], [ -70.73784210948773, -34.155712169368172 ], [ -70.737709154058834, -34.155049848204072 ], [ -70.737701176511862, -34.155019199169672 ], [ -70.731951449280984, -34.155704495071873 ] ] ] } },
{ "type": "Feature", "properties": { "zona": "37" }, "geometry": { "type": "Polygon", "coordinates": [ [ [ -70.736257519930149, -34.17582393415055 ], [ -70.736320727257208, -34.176387038901666 ], [ -70.735689748193337, -34.176693713758404 ], [ -70.735172875329411, -34.177021674186058 ], [ -70.73291341661951, -34.178815750579403 ], [ -70.733027135563376, -34.178902235159391 ], [ -70.738599324930533, -34.182974653166113 ], [ -70.740201587601462, -34.184282310494382 ], [ -70.740217445232773, -34.184295251407555 ], [ -70.741050882329887, -34.183614292186796 ], [ -70.742013365577222, -34.182976126931074 ], [ -70.743219382091723, -34.182209286886938 ], [ -70.745686616268301, -34.180565331565063 ], [ -70.744556192939655, -34.178978169053309 ], [ -70.743639579202096, -34.177735325072554 ], [ -70.742910341618483, -34.176669223315578 ], [ -70.742158872220216, -34.175637786740921 ], [ -70.741661631400689, -34.174908117073251 ], [ -70.741657455409793, -34.174887941052134 ], [ -70.738958134698251, -34.175321888109323 ], [ -70.73703990914774, -34.175678300146757 ], [ -70.736257519930149, -34.17582393415055 ] ] ] } },
{ "type": "Feature", "properties": { "zona": "36" }, "geometry": { "type": "Polygon", "coordinates": [ [ [ -70.735219811354781, -34.171053854129418 ], [ -70.735793794745064, -34.173680361927502 ], [ -70.736257519930149, -34.17582393415055 ], [ -70.73703990914774, -34.175678300146757 ], [ -70.738958134698251, -34.175321888109323 ], [ -70.741657455409793, -34.174887941052134 ], [ -70.741070150755775, -34.172049755625117 ], [ -70.740798496173753, -34.170625784585951 ], [ -70.740792233833531, -34.170594748140701 ], [ -70.740734784765607, -34.170310025272833 ], [ -70.74072586291922, -34.170265805651105 ], [ -70.740303238342889, -34.17032339605732 ], [ -70.739308935821782, -34.170478868630568 ], [ -70.737915968798177, -34.170675155768464 ], [ -70.736577027511942, -34.170857530868439 ], [ -70.735219811354781, -34.171053854129418 ] ] ] } },
{ "type": "Feature", "properties": { "zona": "45" }, "geometry": { "type": "Polygon", "coordinates": [ [ [ -70.72779088301499, -34.192405359865681 ], [ -70.725221898886744, -34.193987071152847 ], [ -70.723978056221014, -34.194773737870449 ], [ -70.723086294991504, -34.195311141160239 ], [ -70.723074115498321, -34.195322577351931 ], [ -70.723025504369375, -34.195352080774597 ], [ -70.722938815053553, -34.195403371534503 ], [ -70.722839007352732, -34.195462948386364 ], [ -70.722773514232941, -34.195502117145743 ], [ -70.722688682521849, -34.195552665681113 ], [ -70.72262740680992, -34.195589141228034 ], [ -70.722566273479814, -34.195625843780149 ], [ -70.722510987700161, -34.195658685104611 ], [ -70.722496691011685, -34.195667245658449 ], [ -70.7224190142054, -34.195713665580854 ], [ -70.722415335324854, -34.195715739784312 ], [ -70.722371359285333, -34.195742239182081 ], [ -70.722333646481985, -34.195764985153254 ], [ -70.722285123908719, -34.195793799038917 ], [ -70.722244540230236, -34.195817692598993 ], [ -70.722216957523202, -34.195834837324639 ], [ -70.722100883784208, -34.195903201039862 ], [ -70.722084279701747, -34.195913511705449 ], [ -70.722035261507642, -34.19594282929647 ], [ -70.721983920915477, -34.195973743944627 ], [ -70.721968311403145, -34.195982695277017 ], [ -70.721903581167822, -34.196021476857098 ], [ -70.721807447787711, -34.196078825471751 ], [ -70.721768772574592, -34.196101700202725 ], [ -70.721674413840773, -34.196158222180692 ], [ -70.721633421899156, -34.196182388180453 ], [ -70.721544100290018, -34.196235861901066 ], [ -70.721490856031735, -34.196267528945725 ], [ -70.721380560620958, -34.196333321262806 ], [ -70.721322964242091, -34.196367797736158 ], [ -70.721255288506612, -34.19640814150808 ], [ -70.721203273492677, -34.196439218592218 ], [ -70.72112538984203, -34.196485889487889 ], [ -70.721052401014404, -34.196529285161432 ], [ -70.720979414455954, -34.196572796179773 ], [ -70.720905067535199, -34.196617241480766 ], [ -70.720848012577321, -34.196651252069273 ], [ -70.720530930128803, -34.196840904996613 ], [ -70.720402470754124, -34.196917238891139 ], [ -70.720287975239231, -34.19698555173737 ], [ -70.720224163149936, -34.197023931835496 ], [ -70.720108041796735, -34.197092515291516 ], [ -70.720006285031857, -34.197153568076686 ], [ -70.719909797979682, -34.197211636154577 ], [ -70.719902896918796, -34.197215788830192 ], [ -70.719789128294266, -34.197282582462762 ], [ -70.7196867308203, -34.197343796361864 ], [ -70.719578962698208, -34.197407529116433 ], [ -70.719500540063507, -34.197454893663547 ], [ -70.719220726486071, -34.197620888240756 ], [ -70.719161210132398, -34.197656507855164 ], [ -70.718979663835057, -34.197765791762478 ], [ -70.718805893322042, -34.197868697731415 ], [ -70.718639582473131, -34.197967986758528 ], [ -70.718423168372823, -34.198097598829555 ], [ -70.718199658157772, -34.198230669719209 ], [ -70.718003742169714, -34.198347168843782 ], [ -70.717791685611687, -34.198474276045573 ], [ -70.717616653333408, -34.198578572246909 ], [ -70.717583798383174, -34.198598576080101 ], [ -70.717418745490278, -34.198696624950969 ], [ -70.717375907446751, -34.198722723432155 ], [ -70.717118244283668, -34.198876395942122 ], [ -70.716966266916856, -34.19896677783845 ], [ -70.716775796935778, -34.19908014470132 ], [ -70.716595680444044, -34.199187564744562 ], [ -70.716390869810397, -34.199309681777606 ], [ -70.715942007340672, -34.199578022921102 ], [ -70.715872293269584, -34.199620052356693 ], [ -70.715868143650638, -34.199622744314865 ], [ -70.716242319332636, -34.199980026982381 ], [ -70.716259755728032, -34.199996676564218 ], [ -70.716277200990007, -34.200007499153394 ], [ -70.716327614831513, -34.200043285052466 ], [ -70.716342161150294, -34.200053610780429 ], [ -70.716353170833401, -34.200061426940664 ], [ -70.716452349272103, -34.200131827866642 ], [ -70.716512445089108, -34.200174488094582 ], [ -70.716556498417432, -34.200207322342521 ], [ -70.716562803394396, -34.200212021286887 ], [ -70.716570956249896, -34.200218098333373 ], [ -70.716756739817384, -34.200356566270116 ], [ -70.71676169316504, -34.200360650220077 ], [ -70.716909070967759, -34.200482162294314 ], [ -70.71692792805284, -34.200499662039697 ], [ -70.717093383478158, -34.200688507742647 ], [ -70.717117311663898, -34.20072081470903 ], [ -70.717232294982708, -34.200902253249438 ], [ -70.717268010847874, -34.200956533969141 ], [ -70.717279246499075, -34.200973608363299 ], [ -70.717365864674207, -34.201105251033603 ], [ -70.717485642886643, -34.201267282244181 ], [ -70.717498078099183, -34.20128410266701 ], [ -70.717648129191758, -34.201455942381656 ], [ -70.71766940428958, -34.2014765298659 ], [ -70.717769622849019, -34.201556658096138 ], [ -70.717827192408322, -34.201597159161409 ], [ -70.717842506863263, -34.201607932913603 ], [ -70.717975762567448, -34.201689214978792 ], [ -70.718017773957229, -34.20171484013558 ], [ -70.71802370662904, -34.201718296246703 ], [ -70.718316385005366, -34.201888798863862 ], [ -70.718364853472067, -34.201915366788981 ], [ -70.718413400981476, -34.201941977770673 ], [ -70.718582518858497, -34.202027903625442 ], [ -70.71860393152474, -34.202038782986186 ], [ -70.71866676706459, -34.20207070941094 ], [ -70.718685553464013, -34.202080254057591 ], [ -70.718721645909966, -34.202098591321274 ], [ -70.718795122578797, -34.202133782430018 ], [ -70.718899428514689, -34.202183738849193 ], [ -70.718944335886732, -34.202205247351273 ], [ -70.71895168497916, -34.202208386900026 ], [ -70.718994381579378, -34.202226628810337 ], [ -70.71911260006604, -34.202277137554859 ], [ -70.71915030209054, -34.202289967916137 ], [ -70.719218587632938, -34.202308612085616 ], [ -70.719274909160603, -34.202323990221714 ], [ -70.719407851746709, -34.202360286874203 ], [ -70.719433662462919, -34.202366642756537 ], [ -70.719739569614333, -34.202441979127904 ], [ -70.719775003793657, -34.202450704944475 ], [ -70.7198020372592, -34.202457361905722 ], [ -70.719866546253229, -34.202475573547666 ], [ -70.719880075694505, -34.202479393724218 ], [ -70.719950532457247, -34.202499285658035 ], [ -70.720075463963099, -34.202534556868621 ], [ -70.72011882142705, -34.202547968561163 ], [ -70.720372189755494, -34.202636753449781 ], [ -70.720611843969635, -34.202723556186875 ], [ -70.72080003361198, -34.202814547659251 ], [ -70.720875744311812, -34.202867846772804 ], [ -70.720907053019715, -34.202889888006162 ], [ -70.721147775633526, -34.20305598108105 ], [ -70.721225174128193, -34.203119837863191 ], [ -70.721392860494532, -34.203258189083996 ], [ -70.721563377561239, -34.20339887633537 ], [ -70.721593549080808, -34.203424430184555 ], [ -70.721707492473769, -34.203520933144652 ], [ -70.721755034662564, -34.203561197961626 ], [ -70.721812167755971, -34.203613802374718 ], [ -70.721846945581262, -34.203645824382392 ], [ -70.721861315659993, -34.203659053608746 ], [ -70.721863363963209, -34.203660940084148 ], [ -70.721917487512698, -34.203718070006943 ], [ -70.72199051719511, -34.203802435720462 ], [ -70.722035381063549, -34.203861314176443 ], [ -70.722135997418349, -34.203993359030811 ], [ -70.72218273662449, -34.204044703448353 ], [ -70.72220063425587, -34.204058852434024 ], [ -70.722294131982167, -34.20413276643086 ], [ -70.722298533678526, -34.204135796580339 ], [ -70.722432490336047, -34.204228027689737 ], [ -70.722730430164631, -34.204405453608622 ], [ -70.722820772660128, -34.20446405898231 ], [ -70.722906213410781, -34.204519483385965 ], [ -70.722939647603269, -34.204541172304182 ], [ -70.723203790169464, -34.204774571236932 ], [ -70.723246346513221, -34.204818337413158 ], [ -70.723304912477332, -34.204882436702469 ], [ -70.723319492339883, -34.204901257914322 ], [ -70.723345270124341, -34.204944808976215 ], [ -70.723357424461526, -34.204982240407212 ], [ -70.723365272666541, -34.205006412281712 ], [ -70.723368615506743, -34.205016707925388 ], [ -70.72337454291673, -34.205043767017493 ], [ -70.723386318577255, -34.205109349758771 ], [ -70.72340285835017, -34.205201463302565 ], [ -70.72340952352485, -34.205238585032042 ], [ -70.723437411229725, -34.205342585945182 ], [ -70.723441200049265, -34.205356714801709 ], [ -70.723453355903601, -34.205386752171968 ], [ -70.72348433305757, -34.205450960451621 ], [ -70.723498699867704, -34.205480739512964 ], [ -70.723520244972349, -34.205525395999949 ], [ -70.723564748727156, -34.205605294172784 ], [ -70.723583235749771, -34.205632265097996 ], [ -70.72359067999264, -34.205641494075792 ], [ -70.723650068072658, -34.205715119014897 ], [ -70.723670881413952, -34.205730492792682 ], [ -70.723778879647355, -34.205810261268283 ], [ -70.723823902118752, -34.205837852845235 ], [ -70.723888012438067, -34.205877142682205 ], [ -70.723940347801445, -34.205915447431025 ], [ -70.723967929884765, -34.205953076696986 ], [ -70.723999820481055, -34.205978280232891 ], [ -70.72403761697089, -34.206045724308538 ], [ -70.724053591676352, -34.206105091055008 ], [ -70.724078383944246, -34.206149187806687 ], [ -70.724085456091601, -34.206213786091922 ], [ -70.724096995944777, -34.206245799580785 ], [ -70.724097850680224, -34.206248173489371 ], [ -70.724101521282904, -34.206258355393921 ], [ -70.724104846832972, -34.206267581828051 ], [ -70.724173074186396, -34.206428840265566 ], [ -70.72420227601107, -34.206497862281921 ], [ -70.724213841806645, -34.206521181102566 ], [ -70.724226443187945, -34.206546587247928 ], [ -70.724281279896076, -34.206657151281881 ], [ -70.724284611572472, -34.206666303683619 ], [ -70.724286752125053, -34.206672179787674 ], [ -70.724287293643911, -34.206673669012453 ], [ -70.724308102626651, -34.206667445875219 ], [ -70.724347725976799, -34.206655595714253 ], [ -70.724365055792333, -34.206650882258913 ], [ -70.724370086362029, -34.206659200132137 ], [ -70.724376280570851, -34.206669444828151 ], [ -70.725340119779631, -34.206375910789987 ], [ -70.725856878692937, -34.206229071761136 ], [ -70.726106706053926, -34.206158753317474 ], [ -70.726233772766534, -34.206123564501638 ], [ -70.72641195184498, -34.206060218785069 ], [ -70.72673850967432, -34.205950646760968 ], [ -70.726861902076948, -34.205876143092667 ], [ -70.727081170555792, -34.205715593293469 ], [ -70.727453169623629, -34.205440761489335 ], [ -70.727794124343887, -34.205192608429996 ], [ -70.728215722563363, -34.204886060349651 ], [ -70.728490185071522, -34.204686558189152 ], [ -70.728870640282253, -34.204404444331082 ], [ -70.729289312171275, -34.204095547980238 ], [ -70.729739264324564, -34.203771893502783 ], [ -70.730488261888766, -34.203257927761427 ], [ -70.73114524883654, -34.202808479754751 ], [ -70.731770968522966, -34.202374977434417 ], [ -70.732078506676118, -34.20216037915646 ], [ -70.73255454039311, -34.201832851208458 ], [ -70.732880262193476, -34.201613528817767 ], [ -70.733204596858187, -34.201396612010079 ], [ -70.73335470943772, -34.201295480085257 ], [ -70.733460865847945, -34.201221213533131 ], [ -70.733595215443643, -34.201121497983976 ], [ -70.733691616933939, -34.201061683761957 ], [ -70.733738296793874, -34.201027622758708 ], [ -70.733813145449943, -34.200966920165449 ], [ -70.734007818060661, -34.200798356169194 ], [ -70.734243087037143, -34.200579117049742 ], [ -70.734457117740632, -34.200374492487526 ], [ -70.734699437849329, -34.200149187990618 ], [ -70.735024897844639, -34.199847554830633 ], [ -70.735351838662879, -34.199548285800653 ], [ -70.735719641671608, -34.199211457634753 ], [ -70.735752027219434, -34.19918231141817 ], [ -70.735736275820557, -34.199170584892926 ], [ -70.735730267201035, -34.199166043260753 ], [ -70.735727781515052, -34.199164164111004 ], [ -70.735724453695823, -34.199161649452343 ], [ -70.735716889740374, -34.199155932361613 ], [ -70.735709053886467, -34.199149550951923 ], [ -70.735701841257281, -34.199141808157876 ], [ -70.735698966675798, -34.199136945345437 ], [ -70.735696557431339, -34.199132865844554 ], [ -70.73569278505957, -34.1991235405551 ], [ -70.735692480716168, -34.19911398764679 ], [ -70.735695973510801, -34.19910438009871 ], [ -70.73570101288486, -34.199096103226609 ], [ -70.735707146398852, -34.199088261724249 ], [ -70.735714469607672, -34.199080223042728 ], [ -70.73572211457126, -34.199071998563582 ], [ -70.735730085040743, -34.199063771280692 ], [ -70.735737627073419, -34.199055819671806 ], [ -70.73574463404573, -34.199048236318681 ], [ -70.735751646560516, -34.199040923399451 ], [ -70.735759297079241, -34.199032970253931 ], [ -70.73576618077432, -34.199024667276994 ], [ -70.735774037182821, -34.199016170191143 ], [ -70.735781459629564, -34.199007679246613 ], [ -70.735787911208249, -34.198999472555116 ], [ -70.735793827727335, -34.198991634119693 ], [ -70.735799749789209, -34.198984066118271 ], [ -70.735806205060271, -34.198976039715426 ], [ -70.735813294638504, -34.198967192796523 ], [ -70.73582018386702, -34.198959160251071 ], [ -70.735827295618151, -34.198951395068555 ], [ -70.735833765668076, -34.198944089822469 ], [ -70.735839349317317, -34.19893589541249 ], [ -70.735845600537175, -34.198928503092027 ], [ -70.735851932525861, -34.198919757064409 ], [ -70.735858595527063, -34.198911276864195 ], [ -70.735865591388759, -34.198903152636113 ], [ -70.735871596055802, -34.198894321069339 ], [ -70.735876856076629, -34.19888622140914 ], [ -70.735881242633312, -34.19887786359871 ], [ -70.735885059019282, -34.198868161294484 ], [ -70.735889967695158, -34.198858804213735 ], [ -70.735894764184039, -34.198849268378865 ], [ -70.735900868094035, -34.198839984551448 ], [ -70.735907005267677, -34.198832323329434 ], [ -70.735913793379083, -34.198824652893769 ], [ -70.735920368205811, -34.198817165818397 ], [ -70.735928334917929, -34.198808757332628 ], [ -70.735936217163783, -34.19880152226385 ], [ -70.735944331172547, -34.198795005281461 ], [ -70.735952664007712, -34.198788575372163 ], [ -70.735961213821099, -34.198782142391103 ], [ -70.735969552198057, -34.19877598291496 ], [ -70.735977438133574, -34.198768928133184 ], [ -70.735985009687411, -34.198762418826377 ], [ -70.73599344176526, -34.198755536655042 ], [ -70.73600252847632, -34.19874882555883 ], [ -70.736011946199483, -34.198742380289332 ], [ -70.736021588311729, -34.198736293428283 ], [ -70.736031127440484, -34.198730476733552 ], [ -70.736032431002499, -34.198729693632345 ], [ -70.736040346661952, -34.198724935980842 ], [ -70.736051814594006, -34.198717920662119 ], [ -70.736062631586222, -34.198710914556514 ], [ -70.736071929721518, -34.198703929949801 ], [ -70.736080040013988, -34.198697232669431 ], [ -70.736088565781301, -34.198689627798203 ], [ -70.736096115140526, -34.198682036747869 ], [ -70.736103647864113, -34.19867363439436 ], [ -70.736112452889216, -34.198663771295593 ], [ -70.736121182691548, -34.198655532337504 ], [ -70.736130784105328, -34.198647461382343 ], [ -70.736140722075703, -34.198639926687747 ], [ -70.736151097699107, -34.198632566138812 ], [ -70.736162025009946, -34.198625648633922 ], [ -70.736173608801153, -34.198618992347633 ], [ -70.736185302928405, -34.198612424669257 ], [ -70.736196787468131, -34.198606220640436 ], [ -70.736207836199767, -34.198599932609078 ], [ -70.736217700787122, -34.198594112194577 ], [ -70.736226811491775, -34.19858857296439 ], [ -70.736236891207042, -34.198582659332018 ], [ -70.736246323680817, -34.19857693520342 ], [ -70.736256723334975, -34.198570747429152 ], [ -70.736266608229585, -34.198565917701657 ], [ -70.736278219730607, -34.198560613577129 ], [ -70.736291885135827, -34.198554919690707 ], [ -70.73630577121493, -34.198549403020515 ], [ -70.736320094928374, -34.198544059593196 ], [ -70.736334203546548, -34.198538811183738 ], [ -70.736339879797271, -34.198536776819182 ], [ -70.73634756196104, -34.198534023346532 ], [ -70.736359734384592, -34.198529612982284 ], [ -70.736371268810075, -34.198525842845797 ], [ -70.736382262654558, -34.198522171434284 ], [ -70.736394880104797, -34.198518294889794 ], [ -70.736406421921302, -34.198514885329033 ], [ -70.736416991029586, -34.198511669880702 ], [ -70.736428422506236, -34.198508171709179 ], [ -70.736437685333726, -34.198504865646761 ], [ -70.736439734401003, -34.198504134204242 ], [ -70.736451480252057, -34.198500090554163 ], [ -70.736465061177924, -34.198495570066669 ], [ -70.736479601868695, -34.198490224450623 ], [ -70.736493269096854, -34.198484620687204 ], [ -70.736504981666499, -34.198478954426911 ], [ -70.736514963951322, -34.198473583177048 ], [ -70.736525687173213, -34.19846729972641 ], [ -70.736535332895201, -34.198461392214831 ], [ -70.736544969372275, -34.198455033978874 ], [ -70.736554587360743, -34.198447774294827 ], [ -70.736564308290653, -34.198440242639762 ], [ -70.73657304909942, -34.198432543618232 ], [ -70.736582006922092, -34.198424843326741 ], [ -70.736590319335406, -34.198417421784264 ], [ -70.73660109741958, -34.198408522594008 ], [ -70.736612406854988, -34.198399074853619 ], [ -70.736621052125884, -34.198392009279608 ], [ -70.736629474870583, -34.198384676343203 ], [ -70.736637461808229, -34.198377259406286 ], [ -70.736644698564177, -34.19837030394585 ], [ -70.736654912004965, -34.198360330695323 ], [ -70.736663417349163, -34.198351734194333 ], [ -70.736671181755952, -34.198344049893556 ], [ -70.736678848765237, -34.198336907996953 ], [ -70.736686635355454, -34.19833030543203 ], [ -70.7366947529584, -34.198323968692129 ], [ -70.736703744019664, -34.198317890095986 ], [ -70.736713279374058, -34.198311893962703 ], [ -70.736722934309498, -34.198306437160802 ], [ -70.736732493696834, -34.198301612907528 ], [ -70.736745294813346, -34.198296111552182 ], [ -70.736757895590287, -34.198291424570634 ], [ -70.736769963165074, -34.198287195992961 ], [ -70.736779862806216, -34.198283088285045 ], [ -70.736792112226581, -34.198277143882876 ], [ -70.736804690810274, -34.198271375159983 ], [ -70.736814481958731, -34.198267268985717 ], [ -70.73682448636788, -34.198262978547085 ], [ -70.73683449081291, -34.198258689910581 ], [ -70.736844607425468, -34.198254579124914 ], [ -70.736849963034302, -34.198252574525767 ], [ -70.736854622925591, -34.198250829552258 ], [ -70.736869386091996, -34.198245752154705 ], [ -70.736884149238065, -34.198240673853967 ], [ -70.736898381031708, -34.198236144101891 ], [ -70.73691207962419, -34.198232072753946 ], [ -70.736924268614956, -34.198228473638153 ], [ -70.736935595240055, -34.198225157246902 ], [ -70.73694897390925, -34.198221360938405 ], [ -70.736960624150129, -34.198217949790823 ], [ -70.736972382879003, -34.198214537105663 ], [ -70.736983172602848, -34.198211498826652 ], [ -70.736996124708384, -34.198208069237957 ], [ -70.73700930118747, -34.198204997153752 ], [ -70.737020683769927, -34.198201922521953 ], [ -70.737029637333862, -34.198197720890008 ], [ -70.737039419216174, -34.198193163974729 ], [ -70.737051343137637, -34.198187224157131 ], [ -70.737060687363353, -34.198182493096986 ], [ -70.737069685779559, -34.19817677505398 ], [ -70.73707857385638, -34.198170968402231 ], [ -70.737087903284589, -34.198165516182414 ], [ -70.737096127480712, -34.198159087735895 ], [ -70.73710389552862, -34.198151583698674 ], [ -70.737112459983109, -34.198145871799078 ], [ -70.737119464907749, -34.198138198227682 ], [ -70.737125383093343, -34.19813044987729 ], [ -70.737133502492966, -34.198124203254473 ], [ -70.73714062330005, -34.198116888724208 ], [ -70.737148587975284, -34.198108390019279 ], [ -70.737155484404823, -34.198100717982619 ], [ -70.737162366038405, -34.198092324787908 ], [ -70.737168383459021, -34.198084124175431 ], [ -70.737173635908945, -34.198075663885085 ], [ -70.737178778019754, -34.198067114986493 ], [ -70.737183596512637, -34.198058660842356 ], [ -70.737188799026725, -34.198047766644272 ], [ -70.737193137328461, -34.198037065028721 ], [ -70.737195750905926, -34.198026928867932 ], [ -70.737198467423397, -34.198016520736338 ], [ -70.737201301675796, -34.198006561791523 ], [ -70.73720437879625, -34.197997861799259 ], [ -70.737207854732532, -34.197987442910744 ], [ -70.737212941353292, -34.197976189669561 ], [ -70.737218055713612, -34.197966288598849 ], [ -70.737224343104302, -34.197955379032571 ], [ -70.73723116368943, -34.197944011058986 ], [ -70.73723820494881, -34.197932820301077 ], [ -70.737245249905158, -34.197921809832216 ], [ -70.737252300408045, -34.197911069797115 ], [ -70.737259145028617, -34.19790087370334 ], [ -70.73726598594871, -34.197890497319776 ], [ -70.737273578889059, -34.197879749599977 ], [ -70.737281282147009, -34.19786908958622 ], [ -70.737288450395368, -34.197858799637473 ], [ -70.73729519391695, -34.197848965657435 ], [ -70.737301632315734, -34.19784012787909 ], [ -70.737308158857431, -34.197830296971894 ], [ -70.737313940774357, -34.197821197979387 ], [ -70.737318424527885, -34.197812297717256 ], [ -70.737323424829725, -34.197802127745206 ], [ -70.737328978669439, -34.197792490957355 ], [ -70.737335701836741, -34.197781665383516 ], [ -70.737342961895706, -34.197770561691293 ], [ -70.737350326742188, -34.197759276172469 ], [ -70.73735704250619, -34.197748090018756 ], [ -70.737363451298677, -34.197737809922145 ], [ -70.737369860089728, -34.197727529825265 ], [ -70.737376392163867, -34.197717969348908 ], [ -70.737382394723383, -34.197709046667789 ], [ -70.737389476652879, -34.197699839986981 ], [ -70.737394955282511, -34.197691827337934 ], [ -70.737400205837247, -34.197683276894111 ], [ -70.737406863039055, -34.197674526181757 ], [ -70.737413656471418, -34.197667126102829 ], [ -70.737420197784076, -34.197658016347866 ], [ -70.73742544093588, -34.197649105324231 ], [ -70.737430367869976, -34.197640649634508 ], [ -70.737436791442661, -34.197631090692063 ], [ -70.737443851146196, -34.197620801370483 ], [ -70.737450905299184, -34.197610241614406 ], [ -70.737457523648246, -34.197599597860787 ], [ -70.737463494784592, -34.197589144519 ], [ -70.737469364792915, -34.197579051489804 ], [ -70.737475563981974, -34.197569135040467 ], [ -70.737482529984888, -34.197559568411378 ], [ -70.737489950284782, -34.197550987226016 ], [ -70.737497389079735, -34.197543307487273 ], [ -70.737504296531029, -34.197536176300908 ], [ -70.737512906495979, -34.197527397918748 ], [ -70.737520025371708, -34.197519993223615 ], [ -70.737525371443922, -34.197510810225069 ], [ -70.737528062011208, -34.19749914006124 ], [ -70.737531990338411, -34.197489616463869 ], [ -70.73753708613701, -34.197478813934111 ], [ -70.737542928420808, -34.197467370534071 ], [ -70.737549195369425, -34.197455468459573 ], [ -70.737556221750452, -34.19744355652746 ], [ -70.737563468804893, -34.197431821810468 ], [ -70.737571056137426, -34.197420804541238 ], [ -70.73757834016412, -34.197410871816004 ], [ -70.737585429428776, -34.197402024802223 ], [ -70.737592535339687, -34.197393989090337 ], [ -70.737601023845272, -34.197384581226608 ], [ -70.73760908949609, -34.19737572037856 ], [ -70.737616735992091, -34.197367586835668 ], [ -70.737624388035954, -34.197359723726429 ], [ -70.737631933440341, -34.197351952298462 ], [ -70.737638831616096, -34.197344370381643 ], [ -70.737646468857406, -34.197335786113548 ], [ -70.737653365180762, -34.197328114051274 ], [ -70.737659159976673, -34.19731964605684 ], [ -70.737664618209251, -34.19731064180516 ], [ -70.737671982974675, -34.197299356268772 ], [ -70.737677682227954, -34.197291520823491 ], [ -70.737683809881617, -34.197283408795613 ], [ -70.737690044171998, -34.197275205085688 ], [ -70.737695964097156, -34.197267546854881 ], [ -70.737703882392495, -34.197256794499523 ], [ -70.737711912873237, -34.197246220896005 ], [ -70.737720064788832, -34.197236276767782 ], [ -70.737728010826501, -34.197226876581439 ], [ -70.737735416274049, -34.197217574224887 ], [ -70.737742617694025, -34.197208905955009 ], [ -70.737749396261449, -34.197200784701423 ], [ -70.737757452630134, -34.197191473120917 ], [ -70.73776456222582, -34.197183618590664 ], [ -70.737771123795468, -34.197175499508816 ], [ -70.737776769383601, -34.197165049863166 ], [ -70.737781370793257, -34.197156598772082 ], [ -70.737787148915672, -34.19714731946992 ], [ -70.737792927036864, -34.197138040167474 ], [ -70.737798707006789, -34.197128851009481 ], [ -70.73780427923171, -34.197120114747605 ], [ -70.737810182504944, -34.197111646110983 ], [ -70.737817358008954, -34.197101715811378 ], [ -70.737824127311058, -34.197093143830536 ], [ -70.737831766380026, -34.197084650597965 ], [ -70.737837011286416, -34.197075828801623 ], [ -70.737842590922511, -34.197067454018374 ], [ -70.737848724094732, -34.197059612417036 ], [ -70.737854835065804, -34.197050689079106 ], [ -70.737860422098592, -34.197042674873892 ], [ -70.737866082467505, -34.197032946382087 ], [ -70.737871327385776, -34.197024125485875 ], [ -70.737875792541061, -34.197014323758395 ], [ -70.737881077493554, -34.197002165970964 ], [ -70.737885241235006, -34.196993540735903 ], [ -70.737890368392954, -34.196984269751269 ], [ -70.737895712561496, -34.196974997494856 ], [ -70.73790126626632, -34.196965359782062 ], [ -70.737906500095178, -34.196955998917772 ], [ -70.737911741323131, -34.196946998632065 ], [ -70.737916449326931, -34.196938454952992 ], [ -70.73792126953569, -34.196930090927331 ], [ -70.73792928330883, -34.19691870600861 ], [ -70.737936447682742, -34.196908234834524 ], [ -70.737942771908422, -34.19689912812872 ], [ -70.737949436395198, -34.196890737968239 ], [ -70.73795726093806, -34.19688070829276 ], [ -70.737963916171438, -34.196871867408113 ], [ -70.737969503182654, -34.196863853198401 ], [ -70.737973418482468, -34.196853698575531 ], [ -70.737978183177432, -34.196842630207158 ], [ -70.737983391070415, -34.196832006412798 ], [ -70.737987556643787, -34.196823471319306 ], [ -70.737992575312262, -34.196814202769566 ], [ -70.737997915740735, -34.196804749318297 ], [ -70.738003041043967, -34.196795389086162 ], [ -70.738007844603686, -34.196786214656676 ], [ -70.73801276401305, -34.196777397465539 ], [ -70.738017806728266, -34.196769300795843 ], [ -70.738024125384825, -34.196759923652138 ], [ -70.738029596495579, -34.19675155039856 ], [ -70.738035054654063, -34.196742546131901 ], [ -70.738040943059119, -34.196733355426211 ], [ -70.738047818928507, -34.196724690850616 ], [ -70.738053499626474, -34.196715954844024 ], [ -70.738059169203623, -34.196706677067596 ], [ -70.738064320397328, -34.196698578858779 ], [ -70.738070637193502, -34.196689111568226 ], [ -70.738076115696146, -34.19668109889146 ], [ -70.738082020744656, -34.19667271948618 ], [ -70.738088365290352, -34.196664604365097 ], [ -70.738095673265391, -34.196655844394208 ], [ -70.738101806404003, -34.196648003682789 ], [ -70.738108261264628, -34.196639976266582 ], [ -70.738114312330723, -34.196633529858154 ], [ -70.738114341386023, -34.196632830621873 ], [ -70.738123067103288, -34.196626421150981 ], [ -70.738131846459552, -34.19662061596614 ], [ -70.738140953125409, -34.196614896313037 ], [ -70.738161558714751, -34.196603693614762 ], [ -70.738172526305647, -34.196598759124662 ], [ -70.738183493895235, -34.196593824633638 ], [ -70.738193168893346, -34.19658935931497 ], [ -70.738202613964418, -34.196584266057798 ], [ -70.73821216382045, -34.196578990973052 ], [ -70.738221610739572, -34.196573987859161 ], [ -70.738230390083459, -34.196568182667583 ], [ -70.738238615889983, -34.196561844294969 ], [ -70.738245633537716, -34.196554801677301 ], [ -70.738251330839233, -34.196546876062946 ], [ -70.73825451444057, -34.196538084365109 ], [ -70.73825856963596, -34.196529460656137 ], [ -70.738263924820856, -34.196520728351764 ], [ -70.738269239295718, -34.196510012864223 ], [ -70.73827384247312, -34.19650165190108 ], [ -70.738279070663907, -34.196492019686879 ], [ -70.738284291451876, -34.196482026893754 ], [ -70.738288763934591, -34.196472585731513 ], [ -70.738294120963403, -34.196463943570649 ], [ -70.738299489093748, -34.196455842277651 ], [ -70.738305906931032, -34.196446012859667 ], [ -70.738310598214738, -34.196436657864766 ], [ -70.738314318706372, -34.196427588944985 ], [ -70.738319449504431, -34.1964184991349 ], [ -70.738325150472718, -34.196410752905358 ], [ -70.738329645171476, -34.196402394379376 ], [ -70.738335116229862, -34.196394021113306 ], [ -70.738339721245325, -34.19638575029262 ], [ -70.738345910996927, -34.196375383079904 ], [ -70.738352540244577, -34.196365280150431 ], [ -70.738359489398732, -34.196354902173717 ], [ -70.738366776964227, -34.196345150596485 ], [ -70.738373435815248, -34.19633648998083 ], [ -70.738379636662373, -34.196326663634657 ], [ -70.738384210211237, -34.196316860352901 ], [ -70.738388029905551, -34.196307338268632 ], [ -70.738391726308436, -34.196297096564493 ], [ -70.738395520093718, -34.196286312454518 ], [ -70.73839877699767, -34.196275806466765 ], [ -70.73840094163485, -34.196264955276867 ], [ -70.738402887448245, -34.196254017017573 ], [ -70.738404324138983, -34.196244709050774 ], [ -70.738405426117737, -34.19623495497359 ], [ -70.738406101553039, -34.196225567625724 ], [ -70.73840730091456, -34.196215271142755 ], [ -70.738408737604317, -34.196205963175885 ], [ -70.738409596702184, -34.196194950148453 ], [ -70.738410685726194, -34.196184565058402 ], [ -70.738412399760094, -34.196172908716832 ], [ -70.738414851009424, -34.196160160776827 ], [ -70.738417732464995, -34.196147224593844 ], [ -70.738420731677209, -34.196134738497953 ], [ -70.738423953412678, -34.196122519760671 ], [ -70.738427824213844, -34.196110201652544 ], [ -70.738431584677244, -34.196097794937323 ], [ -70.738435468411723, -34.196086106940307 ], [ -70.73843925664994, -34.196075053296504 ], [ -70.738442737897472, -34.196064903909551 ], [ -70.738445704509076, -34.19605611618406 ], [ -70.73844876848429, -34.196046785151303 ], [ -70.738451518104014, -34.196037999599639 ], [ -70.73845447914367, -34.196028940538461 ], [ -70.738458592816883, -34.196017881379575 ], [ -70.7384623169402, -34.196008990942204 ], [ -70.738466151436427, -34.19600019091461 ], [ -70.738470528343555, -34.195991382296917 ], [ -70.73847523440908, -34.195982749355281 ], [ -70.738479723501612, -34.195974119488895 ], [ -70.73848443324799, -34.195965665934835 ], [ -70.738489034544443, -34.195957215721251 ], [ -70.738493744307505, -34.195948763068323 ], [ -70.73849834928491, -34.195940492242329 ], [ -70.738503895454826, -34.195930493926191 ], [ -70.738509346128907, -34.19592112996321 ], [ -70.73851481897232, -34.195912845933229 ], [ -70.738521683662356, -34.195903642268362 ], [ -70.738527708204757, -34.195895802173908 ], [ -70.738533942315229, -34.195887598424981 ], [ -70.738542097709413, -34.195877834536361 ], [ -70.738549637349067, -34.195869792622752 ], [ -70.738557592424058, -34.195860843110815 ], [ -70.738565108001964, -34.195851629315555 ], [ -70.738572516943094, -34.195842507202329 ], [ -70.738580034368468, -34.195833383550877 ], [ -70.738587542538781, -34.195823809175671 ], [ -70.738594949642916, -34.19581459781795 ], [ -70.73859624813575, -34.195812989698332 ], [ -70.738602463343554, -34.19580529297447 ], [ -70.738609436464387, -34.195796085964368 ], [ -70.738616200052121, -34.195787244411164 ], [ -70.738622434146322, -34.195779040658088 ], [ -70.738630054494394, -34.195769645031973 ], [ -70.738637263106838, -34.195761337292915 ], [ -70.738644813831812, -34.195753836241963 ], [ -70.73865322318737, -34.195745872164288 ], [ -70.738660457706331, -34.195738826449393 ], [ -70.738669420592046, -34.195731395549373 ], [ -70.738679459079037, -34.195723498546492 ], [ -70.738680465104224, -34.195724136220797 ], [ -70.738691016122942, -34.195715568293473 ], [ -70.738699455064776, -34.195709045626117 ], [ -70.738708212096029, -34.195702159568711 ], [ -70.738716967237991, -34.195695181563153 ], [ -70.738725726117195, -34.195688385649213 ], [ -70.738734385745104, -34.195682041094571 ], [ -70.738742501092773, -34.195675614084337 ], [ -70.738754696322317, -34.195667055304114 ], [ -70.738766259144626, -34.195659407197205 ], [ -70.738777075521966, -34.19565240086775 ], [ -70.738787564589884, -34.195645309006622 ], [ -70.738797741155679, -34.195638852771339 ], [ -70.738806628849673, -34.19563304600387 ], [ -70.738815615773348, -34.195626786974429 ], [ -70.738825229546748, -34.195619346835649 ], [ -70.738836343606366, -34.195610983717188 ], [ -70.738845334227364, -34.195604904975042 ], [ -70.738854753236254, -34.195598549646107 ], [ -70.738864707267282, -34.195591826047604 ], [ -70.738874446176737, -34.195585195669111 ], [ -70.738884514243082, -34.195578740965033 ], [ -70.73889415019849, -34.195572381655658 ], [ -70.738903896525926, -34.195566112755053 ], [ -70.738913321079096, -34.195560027855834 ], [ -70.738922532362068, -34.195554126321476 ], [ -70.738931429293686, -34.195548770268722 ], [ -70.738943120930657, -34.195542112199171 ], [ -70.73895418571712, -34.1955366352379 ], [ -70.738964722883665, -34.195531887123629 ], [ -70.738977310165254, -34.195526568915803 ], [ -70.738987529277409, -34.195522185992708 ], [ -70.738997851320505, -34.195517531096655 ], [ -70.739010878092714, -34.195512477166858 ], [ -70.739023588644372, -34.1955078776721 ], [ -70.739026614688271, -34.195506902399472 ], [ -70.739034050858834, -34.19550354900769 ], [ -70.739047077626608, -34.195498495074148 ], [ -70.739059788174046, -34.195493895575751 ], [ -70.739074126037465, -34.195489274805588 ], [ -70.739088890417307, -34.195484286400742 ], [ -70.739099563823018, -34.195480888906879 ], [ -70.739110022108392, -34.195477584633295 ], [ -70.739111916551579, -34.195476990596177 ], [ -70.739120834530354, -34.195471603573417 ], [ -70.739129727737847, -34.195466067217573 ], [ -70.739138510607589, -34.195460442254735 ], [ -70.739147916618975, -34.195453455891737 ], [ -70.73915622296559, -34.19544576375381 ], [ -70.739162685060833, -34.195438097766555 ], [ -70.739168602877257, -34.195430349325861 ], [ -70.739174513287452, -34.1954222403063 ], [ -70.739180175253878, -34.19541260190401 ], [ -70.739185739841687, -34.19540350590772 ], [ -70.739192361510916, -34.195393042358155 ], [ -70.739197720233634, -34.195384490305948 ], [ -70.739204272292568, -34.195375921331838 ], [ -70.739211912904807, -34.195367517263243 ], [ -70.739219555366859, -34.195359203338874 ], [ -70.739227427757214, -34.195351517349906 ], [ -70.73923585182871, -34.1953442743919 ], [ -70.73924319474996, -34.195337227106378 ], [ -70.739252357849637, -34.195328981787561 ], [ -70.73926067528302, -34.195321830510984 ], [ -70.739269231901943, -34.195315757892892 ], [ -70.739279730161769, -34.195309117616588 ], [ -70.739288064235041, -34.195302776738664 ], [ -70.739298328840292, -34.195295327334371 ], [ -70.739309577196735, -34.195288223760556 ], [ -70.739321472795893, -34.195280932468719 ], [ -70.73933336652297, -34.195273550129706 ], [ -70.739344934792797, -34.19526617240497 ], [ -70.739355745516747, -34.19525889559312 ], [ -70.739365794992068, -34.195251539405021 ], [ -70.739374114259704, -34.195244478265856 ], [ -70.739381460863825, -34.195237611261852 ], [ -70.7393899637716, -34.195228924441068 ], [ -70.73939706933335, -34.19522088863279 ], [ -70.739404360387837, -34.195211317288148 ], [ -70.739410713958094, -34.195203652827288 ], [ -70.739417712863883, -34.195195707799613 ], [ -70.739423372955116, -34.195185980143897 ], [ -70.739429045987436, -34.195176882598986 ], [ -70.73943441022773, -34.195168600971236 ], [ -70.739440625663775, -34.195159494831735 ], [ -70.739447148074603, -34.195149484432754 ], [ -70.739454523531919, -34.19513873966649 ], [ -70.739462110402414, -34.195127721388758 ], [ -70.739469152995099, -34.195116620658766 ], [ -70.739476418110442, -34.195105787285215 ], [ -70.739483692481983, -34.195095404634451 ], [ -70.739490216716106, -34.195085483476603 ], [ -70.739496430307256, -34.195076288091322 ], [ -70.739502327700748, -34.195067548044747 ], [ -70.7395079107485, -34.19505935348154 ], [ -70.739513824785888, -34.195051423834805 ], [ -70.739520167243313, -34.195043219402329 ], [ -70.739526406751224, -34.195035286040678 ], [ -70.739534541582117, -34.195024530499751 ], [ -70.739540564117902, -34.195016600214636 ], [ -70.739546027564046, -34.195007866320637 ], [ -70.73955123883951, -34.194997421854026 ], [ -70.739557939309591, -34.19498551533497 ], [ -70.73956350012665, -34.194976239033778 ], [ -70.739569801818305, -34.194966050515433 ], [ -70.73957685736444, -34.194955581693733 ], [ -70.739584019504775, -34.194945019385514 ], [ -70.739591291998195, -34.194934546584335 ], [ -70.73959901139024, -34.194924698640563 ], [ -70.739606524921683, -34.194915394641527 ], [ -70.73961361377178, -34.194906547519977 ], [ -70.739620498613434, -34.194898334487931 ], [ -70.739627390860718, -34.19489048203409 ], [ -70.739633856575566, -34.194882996313211 ], [ -70.739642226865342, -34.194873139134742 ], [ -70.739649532677333, -34.194864288933907 ], [ -70.739656419363925, -34.194856166044623 ], [ -70.739664596771107, -34.194847484723908 ], [ -70.739671279429899, -34.194839995022342 ], [ -70.739675641340824, -34.194830465208632 ], [ -70.73968010617989, -34.194820663422142 ], [ -70.739686542256138, -34.194811735384526 ], [ -70.739693949135571, -34.194802523063956 ], [ -70.739701806617489, -34.1947941158897 ], [ -70.739708049775757, -34.194786361907397 ], [ -70.739715669934412, -34.194776967120276 ], [ -70.739723299332027, -34.194768022154442 ], [ -70.739730522568152, -34.194760435512855 ], [ -70.739738477415884, -34.194751485929821 ], [ -70.739745160079281, -34.194743997125983 ], [ -70.739751728701577, -34.194736239426696 ], [ -70.739757521265489, -34.194727681196994 ], [ -70.739764292039069, -34.194719199262423 ], [ -70.739770707728326, -34.19470927962977 ], [ -70.739776707997706, -34.194700267598428 ], [ -70.739784644316131, -34.194690416566289 ], [ -70.73979260285553, -34.194681647269313 ], [ -70.739800445501416, -34.19467251893213 ], [ -70.739806353948097, -34.194664319740028 ], [ -70.739814432060143, -34.194656088869252 ], [ -70.739821771189227, -34.194648862163803 ], [ -70.739828442725738, -34.194640832487984 ], [ -70.739833707670073, -34.194633003106361 ], [ -70.739839728299003, -34.194624982663186 ], [ -70.739844660380953, -34.19461679731922 ], [ -70.739848494656442, -34.194607996351408 ], [ -70.739854163902294, -34.194598718499364 ], [ -70.739859083017649, -34.194589902142425 ], [ -70.739864346104156, -34.194581982614984 ], [ -70.739871990266323, -34.194573757896272 ], [ -70.739879097599399, -34.19456581310844 ], [ -70.739885947200534, -34.194555887314685 ], [ -70.739890520485972, -34.194546083982402 ], [ -70.739897914356717, -34.194536240638087 ], [ -70.73990546671412, -34.194528829659525 ], [ -70.73991126295293, -34.194520451712449 ], [ -70.739917822283061, -34.194512243281842 ], [ -70.739922492934497, -34.194501897541784 ], [ -70.739926383824283, -34.19449057098317 ], [ -70.739933229728535, -34.194480465799195 ], [ -70.739939867886349, -34.194470812613062 ], [ -70.739947276561423, -34.19446169042309 ], [ -70.739951989803956, -34.1944534180085 ], [ -70.739957784181186, -34.194444949914796 ], [ -70.739962936913841, -34.194436941777845 ], [ -70.739970489256919, -34.194429530795595 ], [ -70.739976609082547, -34.194421058084153 ], [ -70.739984165127169, -34.194413827390377 ], [ -70.739985791565189, -34.194411493236913 ], [ -70.739989751791214, -34.194405813096445 ], [ -70.739996655077874, -34.194398501491307 ], [ -70.740002570877124, -34.194390661967624 ], [ -70.740007368535501, -34.194381217033374 ], [ -70.740011393822428, -34.19437115095819 ], [ -70.740017199301036, -34.194363223729695 ], [ -70.740023324673743, -34.194355021450008 ], [ -70.740028675841387, -34.19434610878622 ], [ -70.74003316284157, -34.194337388723696 ], [ -70.74003817929497, -34.194328029953468 ], [ -70.740043752983482, -34.194319384644892 ], [ -70.740048135201306, -34.19431084641019 ], [ -70.740054370903295, -34.194302732734691 ], [ -70.740060165260417, -34.194294264636589 ], [ -70.740065845576183, -34.194285527643416 ], [ -70.740070663577285, -34.194277073396378 ], [ -70.740074928045743, -34.194268085976724 ], [ -70.740080183665768, -34.1942598049609 ], [ -70.740084006807351, -34.194250464020193 ], [ -70.740088585611147, -34.194240931115139 ], [ -70.740094909413926, -34.194231824307799 ], [ -70.740101141401482, -34.194223530340857 ], [ -70.740107053493446, -34.194215511424815 ], [ -70.740113496907853, -34.194206944846698 ], [ -70.740119945822059, -34.194198645997822 ], [ -70.740126727650363, -34.194190705814158 ], [ -70.740134476550367, -34.19418230015355 ], [ -70.74014189999798, -34.194173899109856 ], [ -70.740148257112097, -34.194166414001792 ], [ -70.740154719022698, -34.194158747966483 ], [ -70.740160631142274, -34.194150730850971 ], [ -70.740165997082798, -34.194142538437276 ], [ -70.740170925402069, -34.194134172792154 ], [ -70.740175507894762, -34.194124820173428 ], [ -70.74017912514833, -34.194116022274656 ], [ -70.740182797168671, -34.194104608642526 ], [ -70.740185756110534, -34.194095459400017 ], [ -70.740187955648807, -34.194086320030053 ], [ -70.740190973079919, -34.194074736244872 ], [ -70.740196292724264, -34.194064291115836 ], [ -70.740202607241386, -34.194054733580323 ], [ -70.74020902653595, -34.194044994216107 ], [ -70.740216637294495, -34.194035147775971 ], [ -70.740224479836641, -34.194026019414004 ], [ -70.740231675181377, -34.194017080576003 ], [ -70.740238670228749, -34.194008956117614 ], [ -70.740243525170158, -34.194003515753195 ], [ -70.740245352791035, -34.194001467288835 ], [ -70.74025266956275, -34.193993157021382 ], [ -70.74026038325654, -34.193983039507131 ], [ -70.740268003265527, -34.193973643787182 ], [ -70.740276038682509, -34.193963340463654 ], [ -70.740284393990422, -34.193952762088081 ], [ -70.740292638960568, -34.193942095106593 ], [ -70.740300244143285, -34.193931978227809 ], [ -70.740307001834339, -34.193922865253526 ], [ -70.740312807255776, -34.193914938012291 ], [ -70.74032022325332, -34.193906176380224 ], [ -70.740327001335316, -34.193898055897172 ], [ -70.740333790493537, -34.1938904744786 ], [ -70.740340568554501, -34.193882353093422 ], [ -70.740347331794695, -34.193873510550929 ], [ -70.740353127946875, -34.193865132584868 ], [ -70.740358826729405, -34.193857297025538 ], [ -70.740364602502424, -34.19384792746817 ], [ -70.740369644826387, -34.193839830710367 ], [ -70.740375839710012, -34.193829733838307 ], [ -70.740382453704996, -34.193818909651732 ], [ -70.740389063993391, -34.193807905175625 ], [ -70.7403891698564, -34.193807723331695 ], [ -70.740395249610074, -34.193797357579605 ], [ -70.740401231226471, -34.193787444074282 ], [ -70.740407323177067, -34.193777619173972 ], [ -70.740413315905727, -34.193768246535846 ], [ -70.740419306780552, -34.19375878375282 ], [ -70.740425093655588, -34.193749955060554 ], [ -70.740431058592677, -34.193739230252383 ], [ -70.740436304902573, -34.193730499401028 ], [ -70.740441872955429, -34.193721583642187 ], [ -70.740447225893647, -34.19371276110644 ], [ -70.740452130078538, -34.193703223571084 ], [ -70.740456798771021, -34.193692787668098 ], [ -70.740460623663196, -34.193683535058625 ], [ -70.740465204267224, -34.193674093186956 ], [ -70.740470340234324, -34.193665273729103 ], [ -70.740475695018787, -34.19365654133685 ], [ -70.740482046526637, -34.193648786680605 ], [ -70.740487618274713, -34.193640051209108 ], [ -70.74049438889125, -34.193631569237695 ], [ -70.740500611534301, -34.193622824529179 ], [ -70.740506069238222, -34.19361382016249 ], [ -70.740512963154487, -34.193606057807663 ], [ -70.740518856640065, -34.193597137427354 ], [ -70.740524847491614, -34.193587674639652 ], [ -70.74053115637993, -34.193577846654911 ], [ -70.740538318308367, -34.193567285197389 ], [ -70.740545585012612, -34.19355654191078 ], [ -70.740552619928408, -34.193545080545796 ], [ -70.74055966225292, -34.193533979758918 ], [ -70.740566070352926, -34.193523699510003 ], [ -70.740571640231863, -34.193514873890422 ], [ -70.740578166075025, -34.193505042824533 ], [ -70.740584289481106, -34.193496750374706 ], [ -70.740591047108225, -34.193487637386127 ], [ -70.740598777372824, -34.193478330252539 ], [ -70.740604915596478, -34.193470758958668 ], [ -70.740605380951948, -34.19347016985067 ], [ -70.740611684335505, -34.19346218683674 ], [ -70.740617340456154, -34.193452277940409 ], [ -70.740622261282084, -34.193443551700398 ], [ -70.740627170990848, -34.19343428459257 ], [ -70.740631429802804, -34.19342502672167 ], [ -70.740635591247482, -34.193416311257835 ], [ -70.740641348434238, -34.193406040242529 ], [ -70.74064682091317, -34.193397756125592 ], [ -70.740653131645118, -34.193388019181221 ], [ -70.740658348249312, -34.193377845106056 ], [ -70.740664570876092, -34.19336910129141 ], [ -70.740671115225226, -34.193360171667166 ], [ -70.740677335978148, -34.193351336805875 ], [ -70.740682926215058, -34.193343502772429 ], [ -70.740689911901413, -34.193334927567449 ], [ -70.740696141914455, -34.193326543428348 ], [ -70.740702061282505, -34.193318884163141 ], [ -70.740708026174502, -34.193308160244229 ], [ -70.740714106940104, -34.19329779446246 ], [ -70.740721147371133, -34.193286603522537 ], [ -70.740728836842095, -34.193275313200012 ], [ -70.740736531869445, -34.193264293310897 ], [ -70.740744442006857, -34.193253180197495 ], [ -70.740752028547888, -34.193242161847103 ], [ -70.740759405533566, -34.193231507153989 ], [ -70.740765628121096, -34.19322276243323 ], [ -70.740772918855214, -34.193213191014308 ], [ -70.740779794186892, -34.193204527199676 ], [ -70.740785985271842, -34.19319425001963 ], [ -70.740791200014584, -34.193183986696191 ], [ -70.7407960141785, -34.193175352134162 ], [ -70.740802111600175, -34.193165797649897 ], [ -70.740809389355306, -34.193155595216766 ], [ -70.740816770032353, -34.193145120809717 ], [ -70.740823933743087, -34.193134649481642 ], [ -70.740831321828153, -34.193124535652203 ], [ -70.740838402993887, -34.193115327887526 ], [ -70.740844743311825, -34.193107032346468 ], [ -70.740850991822612, -34.193099549646284 ], [ -70.740858080395881, -34.193090702459017 ], [ -70.740863988634374, -34.193082503220474 ], [ -70.740869652113332, -34.193072954892031 ], [ -70.740875530702425, -34.193063313339287 ], [ -70.740881929465544, -34.193052582352365 ], [ -70.740890163158269, -34.193041374466603 ], [ -70.740898101049979, -34.193031613513249 ], [ -70.74090563280609, -34.193023210887517 ], [ -70.740908121192689, -34.193020104347298 ], [ -70.740934484737039, -34.193035630888119 ], [ -70.741627945778205, -34.192103335962059 ], [ -70.74258865991608, -34.190643576756734 ], [ -70.743173775333034, -34.189778768978663 ], [ -70.743374847199547, -34.189468373491188 ], [ -70.743377095721513, -34.189465009717757 ], [ -70.743761661883667, -34.188889744279813 ], [ -70.743762646605688, -34.188887662661955 ], [ -70.743767546444587, -34.188877944717902 ], [ -70.743772687360135, -34.188869395568339 ], [ -70.743778999248406, -34.188859747720826 ], [ -70.743785636565008, -34.188850095246643 ], [ -70.743791753766303, -34.188841532217147 ], [ -70.743798280747768, -34.188831791139947 ], [ -70.743805664405585, -34.188821496858075 ], [ -70.743812842261732, -34.188811747428709 ], [ -70.743819176392094, -34.188803180412201 ], [ -70.74382147015983, -34.188800276760986 ], [ -70.743960038498656, -34.188592993870373 ], [ -70.743999756419385, -34.18853358092759 ], [ -70.744434166575928, -34.187883743058556 ], [ -70.744448714114029, -34.187861981717077 ], [ -70.744692486345954, -34.187579601826968 ], [ -70.74411572540771, -34.187247092800376 ], [ -70.743720635052199, -34.186951792183791 ], [ -70.740771595203185, -34.184747496390862 ], [ -70.740217445232773, -34.184295251407548 ], [ -70.740201587601462, -34.184282310494382 ], [ -70.739611403552871, -34.184652803006699 ], [ -70.739245353952157, -34.184833587240128 ], [ -70.739097001492894, -34.184901283682606 ], [ -70.738440906496038, -34.1853295263885 ], [ -70.737479029463088, -34.185966320239217 ], [ -70.736433182593146, -34.186652966151371 ], [ -70.735564123016573, -34.187225445991139 ], [ -70.734336960723908, -34.188032019919945 ], [ -70.733512198444757, -34.188581910681485 ], [ -70.732579491653681, -34.189188671409894 ], [ -70.730945343475625, -34.190287603288489 ], [ -70.730728016168314, -34.190442596592931 ], [ -70.73072622769331, -34.190489955354494 ], [ -70.730712405326486, -34.190532904122776 ], [ -70.730634837240373, -34.190603471821333 ], [ -70.729950983624519, -34.191037597416368 ], [ -70.729620510745477, -34.191249128513462 ], [ -70.728663298378876, -34.191861817051844 ], [ -70.72779088301499, -34.192405359865681 ] ] ] } },
{ "type": "Feature", "properties": { "zona": "44" }, "geometry": { "type": "Polygon", "coordinates": [ [ [ -70.729584227326171, -34.180984779041516 ], [ -70.730246244932559, -34.182106958345479 ], [ -70.730039075224823, -34.182317920584389 ], [ -70.72942862267648, -34.183014588914652 ], [ -70.728566108924056, -34.183795922633706 ], [ -70.728184336083899, -34.18416394157213 ], [ -70.728049010189096, -34.184341441162502 ], [ -70.727961217827115, -34.184541175442632 ], [ -70.727969643604354, -34.185235797329831 ], [ -70.727996006587375, -34.186179204966841 ], [ -70.728039367113823, -34.186345789624987 ], [ -70.728393260945339, -34.18727870330703 ], [ -70.728779447299203, -34.187940883279957 ], [ -70.728810115602982, -34.188093141524305 ], [ -70.728841037149081, -34.188257801937816 ], [ -70.728916868966721, -34.188428509221282 ], [ -70.728712829439672, -34.188559263032118 ], [ -70.728459189442916, -34.188791873092022 ], [ -70.728431792781308, -34.188856197723794 ], [ -70.728104947705646, -34.189046894556498 ], [ -70.728548028050255, -34.189712488024036 ], [ -70.729009484337055, -34.19037782068208 ], [ -70.729620510745477, -34.191249128513462 ], [ -70.729950983624519, -34.191037597416368 ], [ -70.730634837240387, -34.190603471821333 ], [ -70.730712405326472, -34.190532904122776 ], [ -70.73072622769331, -34.190489955354508 ], [ -70.7307280161683, -34.190442596592931 ], [ -70.730945343475639, -34.190287603288503 ], [ -70.732579491653681, -34.189188671409923 ], [ -70.733512198444771, -34.188581910681485 ], [ -70.734336960723908, -34.188032019919945 ], [ -70.735564123016573, -34.18722544599116 ], [ -70.736433182593146, -34.186652966151385 ], [ -70.737479029463088, -34.185966320239224 ], [ -70.738440906496052, -34.185329526388522 ], [ -70.739097001492922, -34.18490128368262 ], [ -70.739245353952157, -34.184833587240128 ], [ -70.739611403552885, -34.184652803006699 ], [ -70.740201587601462, -34.184282310494382 ], [ -70.738599324930533, -34.182974653166113 ], [ -70.733027135563376, -34.178902235159391 ], [ -70.73291341661951, -34.178815750579403 ], [ -70.732568873622938, -34.179105866491021 ], [ -70.731245389031841, -34.180038402179328 ], [ -70.729633627581563, -34.180958192568475 ], [ -70.729584227326171, -34.180984779041516 ] ] ] } },
{ "type": "Feature", "properties": { "zona": "60" }, "geometry": { "type": "Polygon", "coordinates": [ [ [ -70.7274746591427, -34.185515750677396 ], [ -70.727391355291289, -34.185562865128595 ], [ -70.726984583890328, -34.185820531038587 ], [ -70.726829517418992, -34.185987619245353 ], [ -70.726735790173336, -34.18618934514776 ], [ -70.726601317066084, -34.186420272978772 ], [ -70.726438287414226, -34.186602360967669 ], [ -70.726281280928745, -34.186741991610845 ], [ -70.725973621707112, -34.186927259471005 ], [ -70.724954452793511, -34.187564571684391 ], [ -70.723684974295253, -34.188294717829329 ], [ -70.722634465470378, -34.1888156436885 ], [ -70.721844282433167, -34.189263051001312 ], [ -70.721784967897136, -34.18932801343022 ], [ -70.721670601679477, -34.189599880122145 ], [ -70.721580391247215, -34.189704212971876 ], [ -70.721427317872823, -34.189834620953299 ], [ -70.720744818017792, -34.190224396481788 ], [ -70.720167208792915, -34.190554292499598 ], [ -70.71953242874217, -34.190919343504596 ], [ -70.718857427028823, -34.191339923375153 ], [ -70.717889396850154, -34.191853927712586 ], [ -70.71742091530173, -34.192129605427994 ], [ -70.716733873500885, -34.192501099872658 ], [ -70.716271669981893, -34.192746909939693 ], [ -70.716233511479217, -34.192769100321051 ], [ -70.71745683741095, -34.19431459186066 ], [ -70.719072403196918, -34.196250689076159 ], [ -70.719625890738115, -34.196877029539777 ], [ -70.719661795914064, -34.196921302444828 ], [ -70.719737884544202, -34.197010131784452 ], [ -70.719817795713269, -34.197103946240134 ], [ -70.719909797979682, -34.197211636154577 ], [ -70.720006285031857, -34.197153568076686 ], [ -70.720108041796735, -34.197092515291516 ], [ -70.720224163149936, -34.197023931835496 ], [ -70.720287975239245, -34.196985551737356 ], [ -70.720402470754138, -34.196917238891146 ], [ -70.720530930128817, -34.19684090499662 ], [ -70.720848012577349, -34.196651252069294 ], [ -70.720905067535213, -34.196617241480766 ], [ -70.720979414455954, -34.196572796179773 ], [ -70.721052401014404, -34.196529285161432 ], [ -70.721125389842044, -34.196485889487903 ], [ -70.721203273492677, -34.196439218592218 ], [ -70.721255288506612, -34.19640814150808 ], [ -70.72132296424212, -34.196367797736158 ], [ -70.721380560620972, -34.196333321262813 ], [ -70.721490856031764, -34.196267528945739 ], [ -70.721544100290032, -34.196235861901073 ], [ -70.721633421899156, -34.196182388180461 ], [ -70.721674413840773, -34.196158222180692 ], [ -70.721768772574592, -34.196101700202711 ], [ -70.721807447787711, -34.196078825471751 ], [ -70.721903581167822, -34.196021476857105 ], [ -70.721968311403145, -34.195982695277017 ], [ -70.721983920915477, -34.195973743944641 ], [ -70.722035261507656, -34.19594282929647 ], [ -70.722084279701747, -34.195913511705463 ], [ -70.722100883784236, -34.195903201039862 ], [ -70.72221695752323, -34.195834837324661 ], [ -70.722244540230236, -34.195817692598993 ], [ -70.722285123908719, -34.195793799038917 ], [ -70.722333646481985, -34.195764985153261 ], [ -70.722371359285347, -34.195742239182081 ], [ -70.722415335324854, -34.195715739784319 ], [ -70.722419014205428, -34.195713665580854 ], [ -70.722496691011685, -34.195667245658449 ], [ -70.722510987700161, -34.195658685104611 ], [ -70.722566273479828, -34.195625843780164 ], [ -70.722627406809934, -34.195589141228048 ], [ -70.722688682521849, -34.195552665681127 ], [ -70.722773514232955, -34.195502117145743 ], [ -70.722839007352746, -34.195462948386371 ], [ -70.722938815053567, -34.195403371534518 ], [ -70.723025504369375, -34.195352080774597 ], [ -70.723074115498321, -34.195322577351924 ], [ -70.723086294991504, -34.195311141160239 ], [ -70.723978056221014, -34.194773737870449 ], [ -70.725221898886758, -34.193987071152847 ], [ -70.72779088301499, -34.192405359865703 ], [ -70.728663298378876, -34.191861817051844 ], [ -70.729620510745477, -34.191249128513462 ], [ -70.729009484337055, -34.19037782068208 ], [ -70.728548028050255, -34.189712488024036 ], [ -70.728104947705646, -34.189046894556498 ], [ -70.728431792781308, -34.188856197723794 ], [ -70.728459189442916, -34.188791873092022 ], [ -70.728712829439672, -34.188559263032118 ], [ -70.728916868966721, -34.188428509221282 ], [ -70.728841037149081, -34.188257801937816 ], [ -70.728810115602982, -34.188093141524305 ], [ -70.728779447299203, -34.187940883279957 ], [ -70.728393260945339, -34.18727870330703 ], [ -70.728039367113823, -34.186345789624987 ], [ -70.727996006587375, -34.186179204966841 ], [ -70.727969643604354, -34.185235797329831 ], [ -70.7274746591427, -34.185515750677396 ] ] ] } },
{ "type": "Feature", "properties": { "zona": "58" }, "geometry": { "type": "Polygon", "coordinates": [ [ [ -70.729530057773502, -34.18101393318414 ], [ -70.728257025089775, -34.181699056226961 ], [ -70.725710151686229, -34.183166383009898 ], [ -70.7274746591427, -34.185515750677396 ], [ -70.727969643604354, -34.185235797329831 ], [ -70.727961217827115, -34.184541175442632 ], [ -70.728049010189096, -34.184341441162502 ], [ -70.728184336083899, -34.18416394157213 ], [ -70.728566108924056, -34.183795922633706 ], [ -70.72942862267648, -34.183014588914652 ], [ -70.730039075224823, -34.182317920584389 ], [ -70.730246244932559, -34.182106958345479 ], [ -70.729584227326171, -34.180984779041516 ], [ -70.729530057773502, -34.18101393318414 ] ] ] } },
{ "type": "Feature", "properties": { "zona": "59" }, "geometry": { "type": "Polygon", "coordinates": [ [ [ -70.721657155449293, -34.185404327021587 ], [ -70.721575698308513, -34.185449302545457 ], [ -70.718102825225998, -34.187473427535735 ], [ -70.717765793705055, -34.187587416488462 ], [ -70.716732835193497, -34.188125796733765 ], [ -70.716734517346197, -34.188208799406745 ], [ -70.71680572072944, -34.188322320531789 ], [ -70.715696079697892, -34.188927536489054 ], [ -70.715426297660557, -34.18907941981746 ], [ -70.71505324814872, -34.189303747458766 ], [ -70.714735074592113, -34.189473356409081 ], [ -70.71462004902456, -34.189520913894633 ], [ -70.713934697042475, -34.18988473511002 ], [ -70.713900698240138, -34.189901556444767 ], [ -70.715957028989919, -34.192419795395736 ], [ -70.716233511479217, -34.192769100321051 ], [ -70.716271669981893, -34.192746909939693 ], [ -70.716733873500885, -34.192501099872658 ], [ -70.71742091530173, -34.192129605427994 ], [ -70.717889396850154, -34.191853927712586 ], [ -70.718857427028823, -34.191339923375153 ], [ -70.71953242874217, -34.190919343504596 ], [ -70.720167208792915, -34.190554292499598 ], [ -70.720744818017792, -34.190224396481788 ], [ -70.721427317872823, -34.189834620953299 ], [ -70.721580391247215, -34.189704212971876 ], [ -70.721670601679477, -34.189599880122145 ], [ -70.721784967897136, -34.18932801343022 ], [ -70.721844282433167, -34.189263051001312 ], [ -70.722634465470378, -34.1888156436885 ], [ -70.723684974295253, -34.188294717829329 ], [ -70.724954452793511, -34.187564571684391 ], [ -70.725973621707112, -34.186927259471005 ], [ -70.726281280928745, -34.186741991610845 ], [ -70.726438287414226, -34.186602360967669 ], [ -70.726601317066084, -34.186420272978772 ], [ -70.726735790173336, -34.18618934514776 ], [ -70.726829517418992, -34.185987619245353 ], [ -70.726984583890328, -34.185820531038587 ], [ -70.727391355291289, -34.185562865128595 ], [ -70.7274746591427, -34.185515750677396 ], [ -70.725710151686229, -34.183166383009898 ], [ -70.721657155449293, -34.185404327021587 ] ] ] } },
{ "type": "Feature", "properties": { "zona": "73" }, "geometry": { "type": "MultiPolygon", "coordinates": [ [ [ [ -70.68201548914584, -34.171038617492371 ], [ -70.682015651286079, -34.171039821053753 ], [ -70.682018520891248, -34.171039781714207 ], [ -70.68201548914584, -34.171038617492371 ] ] ], [ [ [ -70.68201548914584, -34.171038617492371 ], [ -70.681994301389778, -34.170881341179701 ], [ -70.683262580280086, -34.168836008054548 ], [ -70.68482623927612, -34.166347617492448 ], [ -70.685511320928711, -34.165272776777876 ], [ -70.685422946989647, -34.165229441090951 ], [ -70.685209460581575, -34.165124751809302 ], [ -70.68518496589067, -34.165112740027467 ], [ -70.685179174144892, -34.165109899792178 ], [ -70.684929950173213, -34.164991631237861 ], [ -70.684733351560439, -34.164898336017437 ], [ -70.6846893551579, -34.164878378099907 ], [ -70.684653104543997, -34.164861933336432 ], [ -70.684528794485303, -34.164805541979632 ], [ -70.684452286990805, -34.16477083626669 ], [ -70.684425933229335, -34.164758881410243 ], [ -70.684191959225217, -34.164652743850809 ], [ -70.68392838654411, -34.164533178701838 ], [ -70.683891695087709, -34.164516534164626 ], [ -70.683874487244736, -34.164508727842282 ], [ -70.683866529161307, -34.16450511744371 ], [ -70.683861625142427, -34.164502892561437 ], [ -70.68386008608266, -34.164502195008609 ], [ -70.683823724299359, -34.164448619473418 ], [ -70.683811252440577, -34.164398689091975 ], [ -70.683110991587071, -34.164112455474637 ], [ -70.681427489978972, -34.163453192849282 ], [ -70.680751696874054, -34.163097420931187 ], [ -70.680082629406144, -34.16263532552599 ], [ -70.67993472567602, -34.162471298052019 ], [ -70.679944640749142, -34.162203747094011 ], [ -70.679870092286862, -34.16200702864964 ], [ -70.678823798521037, -34.161548846158588 ], [ -70.678396553461454, -34.161425428482872 ], [ -70.677989332245403, -34.161514500934899 ], [ -70.677625544486389, -34.161616345417272 ], [ -70.677410974901278, -34.161385056706408 ], [ -70.676811050711635, -34.161262439223499 ], [ -70.67672318522753, -34.161369569938678 ], [ -70.676711065533581, -34.161414946205298 ], [ -70.676640998870212, -34.16137101933429 ], [ -70.676598896500565, -34.161344623105656 ], [ -70.676579541206067, -34.161332488843904 ], [ -70.676500227583261, -34.161282763899074 ], [ -70.676277579230714, -34.161104523755569 ], [ -70.676209435815181, -34.16092881666345 ], [ -70.676227459300804, -34.160727342491846 ], [ -70.676232134975237, -34.160675069665515 ], [ -70.676317514202623, -34.160320628368893 ], [ -70.676358593356056, -34.160272249638624 ], [ -70.676489053696443, -34.160118606106586 ], [ -70.676614410704758, -34.159917215508194 ], [ -70.676543383595416, -34.159595629963206 ], [ -70.676537615511478, -34.159303871851129 ], [ -70.676483695299822, -34.158912933497277 ], [ -70.676468691586848, -34.158621301521151 ], [ -70.676489811446643, -34.158496116875895 ], [ -70.67649682349716, -34.158454550750243 ], [ -70.676515070241066, -34.158346392946534 ], [ -70.676492030477718, -34.158310368193213 ], [ -70.676466147424321, -34.158271859251919 ], [ -70.67641235074008, -34.15819544078434 ], [ -70.676328674223839, -34.158082001657895 ], [ -70.67629240327939, -34.15803526927359 ], [ -70.676283924090541, -34.158024345278776 ], [ -70.676271495781535, -34.158008331787784 ], [ -70.676270948175414, -34.15800762690516 ], [ -70.676241123635251, -34.157971154644443 ], [ -70.676210307329228, -34.157935431730252 ], [ -70.676178107052792, -34.157900755677893 ], [ -70.676146169102907, -34.157869636945733 ], [ -70.676143998005585, -34.157867520494385 ], [ -70.676126157082606, -34.157852110229101 ], [ -70.676107668340961, -34.157836138017231 ], [ -70.676069440589629, -34.157806188144072 ], [ -70.676029835250347, -34.157777278727679 ], [ -70.675989246714465, -34.157749113123181 ], [ -70.675906214629009, -34.157694195862298 ], [ -70.675736828923661, -34.157587025131832 ], [ -70.675622166861558, -34.15751670799505 ], [ -70.67560836607619, -34.157508243479917 ], [ -70.67558366431868, -34.157493750988166 ], [ -70.675521570277951, -34.157457318780338 ], [ -70.675477506627061, -34.15743277308281 ], [ -70.675432759629615, -34.157409160065193 ], [ -70.675400051105299, -34.157393040126848 ], [ -70.675386821359012, -34.157386520025021 ], [ -70.675293050971518, -34.157343818530038 ], [ -70.675246734091061, -34.157324027646233 ], [ -70.675197815875649, -34.157303125260384 ], [ -70.675101879736374, -34.157263399116616 ], [ -70.675030017203241, -34.157234100086484 ], [ -70.674730819004154, -34.157112111586081 ], [ -70.674281183553248, -34.156928789001995 ], [ -70.674235542372372, -34.156910180589861 ], [ -70.674163602412676, -34.156880720688207 ], [ -70.673162027207596, -34.156470562116823 ], [ -70.673027171390899, -34.156415335864608 ], [ -70.672523202644157, -34.156208952663604 ], [ -70.67218341544779, -34.156069805595379 ], [ -70.671915190451514, -34.155959963497004 ], [ -70.671783550072064, -34.155906054548097 ], [ -70.671633632139404, -34.155845769442401 ], [ -70.671590604820338, -34.155828467991121 ], [ -70.671502340371958, -34.155794891548261 ], [ -70.671314573431729, -34.155725990270874 ], [ -70.671268379171138, -34.155742439669929 ], [ -70.671243769576435, -34.155775221627444 ], [ -70.671205241776988, -34.15585723440001 ], [ -70.670726310247744, -34.156876688055327 ], [ -70.670572800571023, -34.157203444384095 ], [ -70.670024558834456, -34.158403556470503 ], [ -70.66997577871328, -34.158512363406842 ], [ -70.669784133697021, -34.158939831207228 ], [ -70.669466332944097, -34.159661047141888 ], [ -70.669345215844359, -34.159946702440379 ], [ -70.66894908300219, -34.16083556026436 ], [ -70.668162763649264, -34.162531596818276 ], [ -70.667975460434988, -34.162882846604006 ], [ -70.668225533449245, -34.162974753170118 ], [ -70.668711286739381, -34.163148712561451 ], [ -70.668976126145367, -34.163254662277943 ], [ -70.668985341773293, -34.163284907424284 ], [ -70.669492040060092, -34.163476593223251 ], [ -70.669265276752938, -34.16393709253714 ], [ -70.669133200555464, -34.164235483654537 ], [ -70.668939997485836, -34.164593509165528 ], [ -70.669151028604659, -34.164680059205558 ], [ -70.668731355614852, -34.165523190600709 ], [ -70.66830437659064, -34.165369367852179 ], [ -70.668177654098045, -34.165323714619724 ], [ -70.667899676246464, -34.165224642027319 ], [ -70.667799894240844, -34.165424980275077 ], [ -70.667498156967611, -34.166013970037802 ], [ -70.667860525258007, -34.166160776412497 ], [ -70.667891453520028, -34.166155537216135 ], [ -70.668008702521277, -34.166133663933962 ], [ -70.668257946556096, -34.166109996018072 ], [ -70.668669385181303, -34.166087700706569 ], [ -70.668961034163175, -34.166104013611857 ], [ -70.669297313875262, -34.166149777659186 ], [ -70.669944206950078, -34.16635092760167 ], [ -70.674093018094453, -34.168016952499023 ], [ -70.67605260087177, -34.168701173632698 ], [ -70.679628452679481, -34.170121936890354 ], [ -70.68201548914584, -34.171038617492371 ] ] ], [ [ [ -70.671314573431729, -34.155725990270874 ], [ -70.671316083570929, -34.155725452522248 ], [ -70.671313214468142, -34.15572549159625 ], [ -70.671314573431729, -34.155725990270874 ] ] ] ] } },
{ "type": "Feature", "properties": { "zona": "47" }, "geometry": { "type": "MultiPolygon", "coordinates": [ [ [ [ -70.722298398695798, -34.148274944710188 ], [ -70.722298893574404, -34.148275840922302 ], [ -70.722301713927905, -34.148273415542619 ], [ -70.722298398695798, -34.148274944710188 ] ] ], [ [ [ -70.722298398695798, -34.148274944710188 ], [ -70.722181914024731, -34.148063993420848 ], [ -70.722158143812109, -34.147995616024446 ], [ -70.722169552955222, -34.147963963416331 ], [ -70.72219829192457, -34.147937793543427 ], [ -70.723163351479087, -34.147302984623863 ], [ -70.723844817140659, -34.146862539712082 ], [ -70.724365319644974, -34.146550322716031 ], [ -70.724979001901175, -34.146163788184182 ], [ -70.725320601655241, -34.145944264138109 ], [ -70.725999945851243, -34.145485227692177 ], [ -70.726462260600016, -34.145190997996011 ], [ -70.726970491328814, -34.144868922923877 ], [ -70.727181238550585, -34.144734260600593 ], [ -70.727391752037605, -34.144588150297153 ], [ -70.727432769055426, -34.14457325824641 ], [ -70.727450011084215, -34.144574446602171 ], [ -70.72747451553434, -34.144594142394169 ], [ -70.728151436430679, -34.145468313625543 ], [ -70.728444546371705, -34.145841142923175 ], [ -70.728542638907015, -34.145937578885977 ], [ -70.728616397083613, -34.146036743442792 ], [ -70.728652279168074, -34.14610781189333 ], [ -70.728842942225015, -34.146428484025492 ], [ -70.728845762325619, -34.146426058502307 ], [ -70.729557131693625, -34.137253342100841 ], [ -70.729717691320332, -34.134995065282943 ], [ -70.729774984322418, -34.133751731723983 ], [ -70.729691563428986, -34.133374995869971 ], [ -70.729614544850421, -34.133128932510367 ], [ -70.729345398938008, -34.132269043390302 ], [ -70.728643302337332, -34.129914122246021 ], [ -70.728146552328369, -34.128243714288359 ], [ -70.728097899028981, -34.128080103980565 ], [ -70.728023482307748, -34.128138141994476 ], [ -70.727976115510003, -34.127975554107117 ], [ -70.727954078133806, -34.127899906099749 ], [ -70.727896036851519, -34.12770067282684 ], [ -70.727857342476469, -34.12756785122761 ], [ -70.727838683609534, -34.127503798651155 ], [ -70.727793793265462, -34.127343193861734 ], [ -70.727773227476817, -34.12726961618749 ], [ -70.727728873084288, -34.127110931699576 ], [ -70.727711244941801, -34.12705345436175 ], [ -70.72766222781452, -34.12689362535145 ], [ -70.727622145080232, -34.126762926901257 ], [ -70.727603032474491, -34.12669680580219 ], [ -70.727579228764213, -34.126614460233384 ], [ -70.727524876173732, -34.126426429181862 ], [ -70.727504572932915, -34.126356192231242 ], [ -70.727482380094827, -34.126278827615494 ], [ -70.727458324711165, -34.126194971567017 ], [ -70.727452042425469, -34.126173070611273 ], [ -70.727418910945033, -34.126057575552906 ], [ -70.727398535447094, -34.125992518175046 ], [ -70.727346165432706, -34.125825309599968 ], [ -70.727317256691308, -34.125733012264114 ], [ -70.727316933137828, -34.125731978034423 ], [ -70.72730342845513, -34.1256888593079 ], [ -70.72729924001014, -34.125675487110968 ], [ -70.727252458219695, -34.125510116915663 ], [ -70.727244262226236, -34.125529467727645 ], [ -70.727239112061909, -34.125541627748838 ], [ -70.727216284923784, -34.125595522822415 ], [ -70.727156093564119, -34.125737636771028 ], [ -70.727132958454504, -34.125788869774439 ], [ -70.727114654111219, -34.125829404431364 ], [ -70.727095700212431, -34.125871375647002 ], [ -70.726969437507577, -34.126158799752602 ], [ -70.726947204697055, -34.126209412269411 ], [ -70.726921222477984, -34.126268558204551 ], [ -70.726837252617798, -34.126459708400709 ], [ -70.726821511074462, -34.126495542366527 ], [ -70.726805123840563, -34.126531670356108 ], [ -70.726790325360923, -34.126564293552455 ], [ -70.726694918570047, -34.126774620901571 ], [ -70.726678871581385, -34.12680999656282 ], [ -70.726640261471047, -34.126895115562704 ], [ -70.726437327919882, -34.12734248704907 ], [ -70.726402964969623, -34.127418241395539 ], [ -70.726399716722725, -34.127425402549868 ], [ -70.726362966748937, -34.127506415922625 ], [ -70.726334305025546, -34.127564950176669 ], [ -70.726275668600607, -34.127684696301074 ], [ -70.726209751800198, -34.127819312242828 ], [ -70.726152720470509, -34.127935784136731 ], [ -70.726125663775207, -34.127991037859651 ], [ -70.726119944074867, -34.128002718913507 ], [ -70.726084759600312, -34.128074571257123 ], [ -70.726048652666677, -34.128153480799988 ], [ -70.725966417017887, -34.128333202871914 ], [ -70.725959556677495, -34.128348195742788 ], [ -70.725864624610068, -34.128555663642409 ], [ -70.725861930492101, -34.128561550977253 ], [ -70.725801600037926, -34.128693400140847 ], [ -70.725779856043985, -34.12874091898923 ], [ -70.725698405087272, -34.128897685580043 ], [ -70.725692383076904, -34.128909276183336 ], [ -70.725684878259415, -34.128923720835473 ], [ -70.725681893868796, -34.128929465266367 ], [ -70.72551594496062, -34.129248859897267 ], [ -70.72516473784043, -34.1292507300046 ], [ -70.724881074737283, -34.12940979292118 ], [ -70.717360492263211, -34.13417948847016 ], [ -70.710675837533046, -34.138861137012007 ], [ -70.711025089413809, -34.13925402572719 ], [ -70.712036905055896, -34.140245365430061 ], [ -70.713837070217906, -34.141976197868708 ], [ -70.714818089025144, -34.142926362129998 ], [ -70.715515813715015, -34.143601815795826 ], [ -70.715548483092093, -34.143628079846287 ], [ -70.715569368647223, -34.14363923976822 ], [ -70.715596907424995, -34.143638854844738 ], [ -70.715631138000347, -34.143628833473834 ], [ -70.715853722484965, -34.143511203556173 ], [ -70.715890518321842, -34.143514506137478 ], [ -70.715922840494045, -34.143523597173335 ], [ -70.715962239223998, -34.143542133071755 ], [ -70.716542049624962, -34.144175329739539 ], [ -70.717158664138765, -34.144811826438996 ], [ -70.717173476361154, -34.144863152487282 ], [ -70.717174132860947, -34.144895590783761 ], [ -70.717165417264113, -34.144918616401057 ], [ -70.717147481868736, -34.144939862067211 ], [ -70.717136432363034, -34.144961012296193 ], [ -70.717137127455217, -34.144995358091563 ], [ -70.717142257583106, -34.145022006978017 ], [ -70.717170569122189, -34.145059783381384 ], [ -70.717243488926499, -34.145146560896087 ], [ -70.717405045251098, -34.14530271810824 ], [ -70.717911184787994, -34.145810968394883 ], [ -70.718625525718366, -34.14651098330576 ], [ -70.719264195375999, -34.147101351588795 ], [ -70.720031884816294, -34.147827331106193 ], [ -70.720069301627504, -34.14786116220516 ], [ -70.720100257931335, -34.14791607945709 ], [ -70.720143194066694, -34.147995640490358 ], [ -70.720158318223369, -34.148062230546195 ], [ -70.720184955828415, -34.148130569068712 ], [ -70.720343919472057, -34.14827148879052 ], [ -70.721080197224651, -34.148836836642552 ], [ -70.722298398695798, -34.148274944710188 ] ] ] ] } },
{ "type": "Feature", "properties": { "zona": "53" }, "geometry": { "type": "Polygon", "coordinates": [ [ [ -70.725449514087771, -34.16754309504109 ], [ -70.724503473521011, -34.167698275558884 ], [ -70.723447862166964, -34.167855033029078 ], [ -70.719137338250462, -34.168495043567539 ], [ -70.718188447805971, -34.168679899223399 ], [ -70.719396972222569, -34.17006817860603 ], [ -70.719793645655216, -34.170361034745319 ], [ -70.720604639303986, -34.171205567429965 ], [ -70.721032102564436, -34.171675299080228 ], [ -70.721313059504325, -34.171966070718781 ], [ -70.721607529596355, -34.172206803428729 ], [ -70.722223188506803, -34.172851679087984 ], [ -70.722314666088394, -34.172918107444225 ], [ -70.725492263264613, -34.172407632415059 ], [ -70.726248260678204, -34.172319698374302 ], [ -70.726729591469905, -34.172275706841567 ], [ -70.726885052695152, -34.172235441200982 ], [ -70.72688548155277, -34.17221319979128 ], [ -70.7270028303668, -34.170083422590103 ], [ -70.727098683886481, -34.168965046375405 ], [ -70.727229093008916, -34.167251166196046 ], [ -70.725449514087771, -34.16754309504109 ] ] ] } },
{ "type": "Feature", "properties": { "zona": "54" }, "geometry": { "type": "Polygon", "coordinates": [ [ [ -70.717370927628224, -34.16885673393098 ], [ -70.713262655447238, -34.174516496883655 ], [ -70.71818281003587, -34.173629288071737 ], [ -70.720590376184617, -34.173195075230311 ], [ -70.720880340232512, -34.173148500830564 ], [ -70.722314666088394, -34.172918107444225 ], [ -70.722223188506803, -34.172851679087984 ], [ -70.721607529596341, -34.172206803428729 ], [ -70.72131305950434, -34.171966070718774 ], [ -70.721032102564436, -34.171675299080228 ], [ -70.720604639303971, -34.171205567429965 ], [ -70.719793645655216, -34.170361034745305 ], [ -70.719396972222569, -34.170068178606009 ], [ -70.718188447805957, -34.168679899223385 ], [ -70.717370927628224, -34.16885673393098 ] ] ] } },
{ "type": "Feature", "properties": { "zona": "64" }, "geometry": { "type": "Polygon", "coordinates": [ [ [ -70.704697328969971, -34.167268829789847 ], [ -70.705208105610069, -34.167786136116661 ], [ -70.705895850813263, -34.167352117221384 ], [ -70.706270279068264, -34.167784964018885 ], [ -70.706925836609045, -34.168491834677418 ], [ -70.708448387978265, -34.170158597737277 ], [ -70.709891945568316, -34.17164154246391 ], [ -70.710846524433379, -34.172716754847528 ], [ -70.711565897195371, -34.173514910474168 ], [ -70.711885438161389, -34.173880250853856 ], [ -70.712327873575347, -34.174467544174739 ], [ -70.712622573354381, -34.174671686664318 ], [ -70.712959852822152, -34.174571092181345 ], [ -70.713262655447238, -34.174516496883655 ], [ -70.717370927628224, -34.16885673393098 ], [ -70.718188447805957, -34.168679899223385 ], [ -70.717365489250426, -34.167734501206866 ], [ -70.716339137470811, -34.166716289342681 ], [ -70.714819041649065, -34.165012134214571 ], [ -70.713751109020862, -34.163864692475087 ], [ -70.712591603147615, -34.162615452482839 ], [ -70.711953263769487, -34.161931523837538 ], [ -70.711732242618012, -34.161641089751541 ], [ -70.711323018578341, -34.161842433505115 ], [ -70.710752151633343, -34.161998313356577 ], [ -70.710156693568194, -34.162073415600538 ], [ -70.709441109119638, -34.162169276089081 ], [ -70.708876071171716, -34.16232983708008 ], [ -70.707517527663811, -34.162992916513495 ], [ -70.705121360123911, -34.164638085325677 ], [ -70.703258008661109, -34.165835871742708 ], [ -70.703181506759051, -34.165872112438912 ], [ -70.704697328969971, -34.167268829789847 ] ] ] } },
{ "type": "Feature", "properties": { "zona": "55" }, "geometry": { "type": "Polygon", "coordinates": [ [ [ -70.726278649760502, -34.176903914446825 ], [ -70.726300888936166, -34.176940833276753 ], [ -70.726304467636723, -34.176946773906046 ], [ -70.726339040802145, -34.176965552524578 ], [ -70.726424952757384, -34.176921685296591 ], [ -70.726494045882333, -34.177032941170566 ], [ -70.726844339509142, -34.177696365672631 ], [ -70.727066892592916, -34.178024379915009 ], [ -70.727469687337717, -34.178519724207973 ], [ -70.727881340970853, -34.17899871956601 ], [ -70.728393180298326, -34.179604179307574 ], [ -70.728618195795789, -34.179883485806364 ], [ -70.729186043714222, -34.180588356492862 ], [ -70.729483892406932, -34.180940244136657 ], [ -70.729530057773488, -34.181013933184126 ], [ -70.729584227326171, -34.180984779041509 ], [ -70.729633627581549, -34.180958192568454 ], [ -70.731245389031841, -34.180038402179328 ], [ -70.732568873622938, -34.179105866491021 ], [ -70.73291341661951, -34.178815750579403 ], [ -70.727766958572133, -34.174901504217445 ], [ -70.727378439599079, -34.174429816929766 ], [ -70.727019889314946, -34.173738213915577 ], [ -70.726868734931614, -34.17308186388837 ], [ -70.726885052695152, -34.172235441200968 ], [ -70.726729591469891, -34.172275706841567 ], [ -70.72624826067819, -34.172319698374302 ], [ -70.725492263264613, -34.172407632415059 ], [ -70.722314666088394, -34.172918107444225 ], [ -70.720880340232512, -34.173148500830564 ], [ -70.720924910359287, -34.17321577375273 ], [ -70.720981219896046, -34.173238992066928 ], [ -70.721253524363348, -34.173315392579532 ], [ -70.721378602529271, -34.17334001399805 ], [ -70.721544974582883, -34.173371144459615 ], [ -70.721552577929316, -34.173372234346274 ], [ -70.721626362470587, -34.173382814879361 ], [ -70.721683025332368, -34.173390940410776 ], [ -70.72178585267477, -34.173408743599467 ], [ -70.721909699117646, -34.173427580831181 ], [ -70.722057235806432, -34.173450021407696 ], [ -70.722213079638308, -34.173461359601909 ], [ -70.722267469160983, -34.173471911727816 ], [ -70.722343101087759, -34.173486585828805 ], [ -70.722456734169867, -34.173503640720988 ], [ -70.722544597384882, -34.173516828276682 ], [ -70.722563017531982, -34.173519593105858 ], [ -70.722590329442625, -34.173523692063306 ], [ -70.7227818534558, -34.173539037135527 ], [ -70.722993062615259, -34.173572139753148 ], [ -70.723191485230032, -34.173609930169754 ], [ -70.723305539960961, -34.173646212824579 ], [ -70.72336931346635, -34.173666500111224 ], [ -70.723435810319415, -34.173687652626541 ], [ -70.723637027454814, -34.17377950593918 ], [ -70.723783987438168, -34.173854086956567 ], [ -70.723930976003601, -34.173946701683256 ], [ -70.723936049228072, -34.173951460882293 ], [ -70.723941122471416, -34.173956220982539 ], [ -70.723965955492559, -34.173979515897152 ], [ -70.7240590676425, -34.174066864955272 ], [ -70.724073028747299, -34.174079962744017 ], [ -70.724159073183131, -34.174159907874255 ], [ -70.72432163750068, -34.174351491814669 ], [ -70.724329075274312, -34.174361661413698 ], [ -70.724334290093452, -34.174368791917615 ], [ -70.724336511928485, -34.174371829224526 ], [ -70.72440324091211, -34.174463059185165 ], [ -70.72447649929795, -34.174547692360861 ], [ -70.724583148521816, -34.174690467558939 ], [ -70.724719405291538, -34.174855369293951 ], [ -70.72481471491713, -34.175007320826182 ], [ -70.724906796119924, -34.175121635025967 ], [ -70.724947583282997, -34.175172269920964 ], [ -70.7250537753944, -34.175292508241405 ], [ -70.725085283649221, -34.175325723491603 ], [ -70.725100202362071, -34.175341449712491 ], [ -70.725153160429358, -34.175394807897739 ], [ -70.725175747499776, -34.175421147660437 ], [ -70.725214281735944, -34.175466086451301 ], [ -70.725255482890944, -34.175515722626542 ], [ -70.725260775832865, -34.175522099959132 ], [ -70.725266068775639, -34.175528477291444 ], [ -70.725347307561478, -34.175622014819439 ], [ -70.725362904552242, -34.175640890171763 ], [ -70.725399400983676, -34.175685056836038 ], [ -70.725436709516558, -34.175730209362882 ], [ -70.725454323194924, -34.17575152523299 ], [ -70.72548356735949, -34.175786915590137 ], [ -70.725543012787796, -34.175866494370077 ], [ -70.725577669145537, -34.175912887039466 ], [ -70.725590219894158, -34.175929689785214 ], [ -70.725670103667625, -34.176023246140119 ], [ -70.725732007744028, -34.176109691053789 ], [ -70.725750015271956, -34.176134836327194 ], [ -70.72575226482293, -34.176137684757968 ], [ -70.7258587437382, -34.176272527859986 ], [ -70.725861538985555, -34.176276067440227 ], [ -70.725929590673118, -34.176362247222684 ], [ -70.726014658861047, -34.17647145628905 ], [ -70.726044415327848, -34.176509656247291 ], [ -70.726046152148029, -34.176511886096414 ], [ -70.726048405909495, -34.176514780449423 ], [ -70.726089388800062, -34.176567393243261 ], [ -70.726124504644503, -34.176632959634368 ], [ -70.726144743415659, -34.17667074794079 ], [ -70.726197236901882, -34.176768761438765 ], [ -70.726224183189146, -34.176813493228579 ], [ -70.726240169986667, -34.176840032951937 ], [ -70.726278649760502, -34.176903914446825 ] ] ] } },
{ "type": "Feature", "properties": { "zona": "56" }, "geometry": { "type": "Polygon", "coordinates": [ [ [ -70.720673624229676, -34.176533720548157 ], [ -70.721238467729961, -34.177208133640832 ], [ -70.721529782765003, -34.177700290299995 ], [ -70.722358313651242, -34.179201252535471 ], [ -70.723388265913314, -34.18044171326175 ], [ -70.725040363015609, -34.18234620936834 ], [ -70.725710151686229, -34.183166383009898 ], [ -70.728257025089761, -34.181699056226954 ], [ -70.729530057773488, -34.181013933184126 ], [ -70.729483892406932, -34.180940244136657 ], [ -70.729186043714222, -34.180588356492862 ], [ -70.728618195795789, -34.179883485806364 ], [ -70.728393180298326, -34.179604179307574 ], [ -70.727881340970853, -34.17899871956601 ], [ -70.727469687337717, -34.178519724207973 ], [ -70.727066892592916, -34.178024379915009 ], [ -70.726844339509142, -34.177696365672631 ], [ -70.726494045882333, -34.177032941170566 ], [ -70.726424952757384, -34.176921685296591 ], [ -70.726339040802145, -34.176965552524578 ], [ -70.726304467636723, -34.176946773906046 ], [ -70.726300888936166, -34.176940833276753 ], [ -70.726278649760502, -34.176903914446825 ], [ -70.726240169986667, -34.176840032951937 ], [ -70.726224183189146, -34.176813493228579 ], [ -70.726197236901882, -34.176768761438765 ], [ -70.726144743415659, -34.17667074794079 ], [ -70.726124504644503, -34.176632959634368 ], [ -70.726089388800062, -34.176567393243261 ], [ -70.726048405909495, -34.176514780449423 ], [ -70.726046152148029, -34.176511886096414 ], [ -70.726044415327848, -34.176509656247291 ], [ -70.726014658861047, -34.17647145628905 ], [ -70.725929590673118, -34.176362247222684 ], [ -70.725861538985555, -34.176276067440227 ], [ -70.7258587437382, -34.176272527859986 ], [ -70.72575226482293, -34.176137684757968 ], [ -70.725750015271956, -34.176134836327194 ], [ -70.725732007744028, -34.176109691053789 ], [ -70.725670103667625, -34.176023246140119 ], [ -70.725590219894158, -34.175929689785214 ], [ -70.725577669145537, -34.175912887039466 ], [ -70.725543012787796, -34.175866494370077 ], [ -70.72548356735949, -34.175786915590137 ], [ -70.725454323194924, -34.17575152523299 ], [ -70.725436709516558, -34.175730209362882 ], [ -70.725399400983676, -34.175685056836038 ], [ -70.725362904552242, -34.175640890171763 ], [ -70.725347307561478, -34.175622014819439 ], [ -70.725266068775639, -34.175528477291444 ], [ -70.725260775832865, -34.175522099959132 ], [ -70.725255482890944, -34.175515722626542 ], [ -70.725214281735944, -34.175466086451301 ], [ -70.725175747499776, -34.175421147660437 ], [ -70.725153160429358, -34.175394807897739 ], [ -70.725100202362071, -34.175341449712491 ], [ -70.725085283649221, -34.175325723491603 ], [ -70.7250537753944, -34.175292508241405 ], [ -70.724947583282997, -34.175172269920964 ], [ -70.724906796119924, -34.175121635025967 ], [ -70.72481471491713, -34.175007320826182 ], [ -70.724719405291538, -34.174855369293951 ], [ -70.724583148521816, -34.174690467558939 ], [ -70.72447649929795, -34.174547692360861 ], [ -70.72440324091211, -34.174463059185165 ], [ -70.724336511928485, -34.174371829224526 ], [ -70.724334290093452, -34.174368791917615 ], [ -70.724329075274312, -34.174361661413698 ], [ -70.72432163750068, -34.174351491814669 ], [ -70.724159073183131, -34.174159907874255 ], [ -70.724073028747299, -34.174079962744017 ], [ -70.7240590676425, -34.174066864955272 ], [ -70.723965955492559, -34.173979515897152 ], [ -70.723941122471416, -34.173956220982539 ], [ -70.723936049228072, -34.173951460882293 ], [ -70.723930976003601, -34.173946701683256 ], [ -70.723783987438168, -34.173854086956567 ], [ -70.723637027454814, -34.17377950593918 ], [ -70.723435810319415, -34.173687652626541 ], [ -70.72336931346635, -34.173666500111224 ], [ -70.723305539960961, -34.173646212824579 ], [ -70.723191485230032, -34.173609930169754 ], [ -70.722993062615259, -34.173572139753148 ], [ -70.7227818534558, -34.173539037135527 ], [ -70.722590329442625, -34.173523692063306 ], [ -70.722563017531982, -34.173519593105858 ], [ -70.722544597384882, -34.173516828276682 ], [ -70.722456734169867, -34.173503640720988 ], [ -70.722343101087759, -34.173486585828805 ], [ -70.722267469160983, -34.173471911727816 ], [ -70.722213079638308, -34.173461359601909 ], [ -70.722057235806432, -34.173450021407696 ], [ -70.721909699117646, -34.173427580831181 ], [ -70.72178585267477, -34.173408743599467 ], [ -70.721683025332368, -34.173390940410776 ], [ -70.721626362470587, -34.173382814879361 ], [ -70.721552577929316, -34.173372234346274 ], [ -70.721544974582883, -34.173371144459615 ], [ -70.721378602529271, -34.17334001399805 ], [ -70.721253524363348, -34.173315392579532 ], [ -70.720981219896046, -34.173238992066928 ], [ -70.720924910359287, -34.17321577375273 ], [ -70.720880340232512, -34.173148500830564 ], [ -70.720590376184617, -34.173195075230311 ], [ -70.71818281003587, -34.173629288071737 ], [ -70.718762536552873, -34.174303548362595 ], [ -70.720673624229676, -34.176533720548157 ] ] ] } },
{ "type": "Feature", "properties": { "zona": "57" }, "geometry": { "type": "Polygon", "coordinates": [ [ [ -70.713262655447238, -34.174516496883662 ], [ -70.712959852822166, -34.174571092181345 ], [ -70.712622573354381, -34.174671686664318 ], [ -70.714984292669314, -34.177543100245963 ], [ -70.71853074601691, -34.181654293973828 ], [ -70.721657155449293, -34.185404327021587 ], [ -70.725710151686229, -34.183166383009898 ], [ -70.725040363015623, -34.18234620936834 ], [ -70.723388265913329, -34.180441713261743 ], [ -70.722358313651242, -34.179201252535471 ], [ -70.721529782765003, -34.17770029030001 ], [ -70.721238467729961, -34.177208133640832 ], [ -70.720673624229676, -34.176533720548179 ], [ -70.718762536552873, -34.174303548362595 ], [ -70.71818281003587, -34.17362928807173 ], [ -70.713262655447238, -34.174516496883662 ] ] ] } },
{ "type": "Feature", "properties": { "zona": "65" }, "geometry": { "type": "Polygon", "coordinates": [ [ [ -70.701042535542783, -34.17576496993869 ], [ -70.701028778062522, -34.175884612220216 ], [ -70.701094973626255, -34.175972763432455 ], [ -70.701167224618146, -34.176068820766005 ], [ -70.701182896980612, -34.176089657669912 ], [ -70.701239401134231, -34.176164780798338 ], [ -70.701261188678941, -34.176193748448505 ], [ -70.701289708905534, -34.176231666965329 ], [ -70.701319545575416, -34.176271334586957 ], [ -70.701335521703271, -34.176295895862033 ], [ -70.701382266751764, -34.17636775567685 ], [ -70.701408232001867, -34.176407669931059 ], [ -70.701430292516037, -34.176441581490401 ], [ -70.701478795332832, -34.176516143682591 ], [ -70.701533982708597, -34.176600982000878 ], [ -70.701540707459387, -34.176611318907412 ], [ -70.701649396624191, -34.176778403851017 ], [ -70.70170303605677, -34.176860860475912 ], [ -70.70173614741762, -34.176911762154994 ], [ -70.70206829416631, -34.17740760799812 ], [ -70.702244364816082, -34.17769955797317 ], [ -70.702283905695609, -34.17776512238035 ], [ -70.702366674729177, -34.177884984419116 ], [ -70.702375607148241, -34.177896812739945 ], [ -70.702381096584233, -34.177904082861659 ], [ -70.702439435995004, -34.177981334116524 ], [ -70.702529609795093, -34.178100739805267 ], [ -70.70254239211863, -34.178117666198801 ], [ -70.702553462400175, -34.178132325085492 ], [ -70.702554735267569, -34.178134009863982 ], [ -70.702570327535909, -34.178154657421366 ], [ -70.702572422292093, -34.178158044958963 ], [ -70.70257972592718, -34.178169857093977 ], [ -70.70260639749516, -34.178225482712378 ], [ -70.70261181737375, -34.178240736695443 ], [ -70.702627761935801, -34.178309587891789 ], [ -70.702630027630448, -34.178324884747347 ], [ -70.702635949408446, -34.178416146568992 ], [ -70.702648249554514, -34.178483858973735 ], [ -70.702650591723852, -34.178496751689281 ], [ -70.702651928742867, -34.178504112790982 ], [ -70.702657286824135, -34.178519367628653 ], [ -70.702693340385025, -34.178590012770556 ], [ -70.702750529047108, -34.178689760551997 ], [ -70.702780203612846, -34.178737101842103 ], [ -70.702783330891904, -34.178742090020528 ], [ -70.70281049468386, -34.178785425554722 ], [ -70.702815249516902, -34.178793010631402 ], [ -70.702826688440382, -34.178810025971458 ], [ -70.702864925233797, -34.178866903985202 ], [ -70.702869994915957, -34.178874445013648 ], [ -70.70288078743512, -34.178890499072395 ], [ -70.702934885468409, -34.178970973061887 ], [ -70.702937600076595, -34.17897486145845 ], [ -70.703060814180944, -34.179160243912008 ], [ -70.70311433938366, -34.179236923222732 ], [ -70.703131294952343, -34.179263898061606 ], [ -70.703210143800078, -34.179389336001755 ], [ -70.703217800437415, -34.179404557996691 ], [ -70.703234530885766, -34.179448829984828 ], [ -70.703249968827166, -34.179489685273168 ], [ -70.703257955220906, -34.179504902686809 ], [ -70.703350207908642, -34.17964246737899 ], [ -70.703354115934886, -34.1796482941185 ], [ -70.703471874086446, -34.179832411911583 ], [ -70.703533824447931, -34.179934970540899 ], [ -70.703566778364717, -34.179989525806192 ], [ -70.703583254078012, -34.180011721824208 ], [ -70.703619365937485, -34.180060370254282 ], [ -70.703656581828611, -34.18011050379836 ], [ -70.703666886154679, -34.180124386010519 ], [ -70.703784827864212, -34.180310765130912 ], [ -70.703793943834484, -34.180325169698904 ], [ -70.703805411938092, -34.180343291840693 ], [ -70.703905392800863, -34.180495917422526 ], [ -70.704027433775508, -34.18069007526816 ], [ -70.704131009327341, -34.180830850842398 ], [ -70.704255805144712, -34.181000469610758 ], [ -70.704295522027493, -34.181054450990132 ], [ -70.70433189026727, -34.181103881022558 ], [ -70.704353086541687, -34.181135591186155 ], [ -70.704478763337491, -34.181323608723886 ], [ -70.704484847746613, -34.181332711780577 ], [ -70.7046446512676, -34.181571786283584 ], [ -70.704688291652943, -34.181637073735018 ], [ -70.704698622584175, -34.18165252987955 ], [ -70.704755933816685, -34.181745523749605 ], [ -70.704805416279413, -34.181825814792063 ], [ -70.704819365873718, -34.181848449701199 ], [ -70.704838839472288, -34.181880048453856 ], [ -70.704859765548392, -34.181914002139642 ], [ -70.704868843164363, -34.181917692951515 ], [ -70.704869185279932, -34.181918249064871 ], [ -70.704931553166148, -34.182019446722023 ], [ -70.704959402016485, -34.182064634248022 ], [ -70.70497789543748, -34.182094643346126 ], [ -70.70505014629866, -34.182211877672238 ], [ -70.705114400115121, -34.182316135588763 ], [ -70.705125854281675, -34.182334723072188 ], [ -70.70513482245363, -34.182348446081853 ], [ -70.705162294512647, -34.182390480981184 ], [ -70.705164140557102, -34.182393306549635 ], [ -70.70525731087227, -34.182535874943781 ], [ -70.705297930421594, -34.182598031905492 ], [ -70.705345706913974, -34.18267113899644 ], [ -70.705374791302162, -34.182715642872054 ], [ -70.705380982060063, -34.182725114104556 ], [ -70.705462738750413, -34.182850216941539 ], [ -70.705495955336005, -34.182901043884137 ], [ -70.705510236785017, -34.182922897713368 ], [ -70.705560512399686, -34.182999829313047 ], [ -70.705581922856595, -34.183032591270482 ], [ -70.705602284324968, -34.183063746522116 ], [ -70.70560816286357, -34.183072743271339 ], [ -70.705660665319712, -34.183153080305694 ], [ -70.70566812401772, -34.183164250760733 ], [ -70.705823429233519, -34.18339684414282 ], [ -70.705823452738571, -34.183396879884633 ], [ -70.705823477346513, -34.18339691651282 ], [ -70.705877226880588, -34.183477413740739 ], [ -70.705902035336067, -34.18351456753355 ], [ -70.706162273396046, -34.183904314902748 ], [ -70.706231723364581, -34.184008326763902 ], [ -70.706290898689133, -34.184096951236398 ], [ -70.706292229999974, -34.184098943545962 ], [ -70.706315587109572, -34.184136423115014 ], [ -70.706414143321396, -34.184294568506303 ], [ -70.7064179051997, -34.184300605466603 ], [ -70.706431483825, -34.184322395012138 ], [ -70.706464789000492, -34.184375837210347 ], [ -70.706541547050932, -34.184499005167154 ], [ -70.706787933356097, -34.184894365772898 ], [ -70.706842736415638, -34.184982305062782 ], [ -70.706844972229149, -34.184985890736655 ], [ -70.706918126519824, -34.185103277173781 ], [ -70.706952857526829, -34.185159007776072 ], [ -70.707043797179693, -34.185290721981673 ], [ -70.707056603344668, -34.185309268807501 ], [ -70.707074446868447, -34.185335113453156 ], [ -70.707149500405535, -34.185443819537184 ], [ -70.707179071657933, -34.18548664888673 ], [ -70.707202530413326, -34.185520625488543 ], [ -70.707236901003029, -34.185570406084722 ], [ -70.707294525943155, -34.185653867629433 ], [ -70.707294979720899, -34.185654524976705 ], [ -70.707295242375324, -34.185654905452076 ], [ -70.707296045979248, -34.185656069203411 ], [ -70.707296539988732, -34.185656784602273 ], [ -70.707296832821498, -34.185657208841711 ], [ -70.707297933742566, -34.18565880398377 ], [ -70.707302801244353, -34.1856651555536 ], [ -70.707303601329329, -34.185666198523926 ], [ -70.707304844988229, -34.185667823239363 ], [ -70.707304916301339, -34.185667916025274 ], [ -70.707305438926937, -34.185668597662307 ], [ -70.707317214369453, -34.185683965827479 ], [ -70.707317841008987, -34.18568469380773 ], [ -70.707318722050644, -34.18568571581342 ], [ -70.707319976414524, -34.185687171758801 ], [ -70.707284534132199, -34.185733788718842 ], [ -70.707455572027698, -34.186015413449432 ], [ -70.707731713430533, -34.186415741893633 ], [ -70.7082188354712, -34.187565592687307 ], [ -70.708460452088417, -34.188157721512553 ], [ -70.708579953727877, -34.188388910608388 ], [ -70.708660639295928, -34.188517573307642 ], [ -70.708973736196384, -34.189009457030309 ], [ -70.709255236156039, -34.18958144217568 ], [ -70.709294664198737, -34.189661555672323 ], [ -70.709466652754813, -34.190046420230509 ], [ -70.709692431780084, -34.190706523529848 ], [ -70.709795123675917, -34.190957986153101 ], [ -70.709914458762455, -34.191180587215513 ], [ -70.709986510640604, -34.191767564771304 ], [ -70.709991840716427, -34.191810989179316 ], [ -70.710068337536626, -34.191822901079767 ], [ -70.710277187415969, -34.191837548249616 ], [ -70.710377728141424, -34.191811716165901 ], [ -70.710565147258691, -34.191720541598031 ], [ -70.711255824065816, -34.191345977436626 ], [ -70.712076950886896, -34.190880263976844 ], [ -70.712685113284422, -34.190560285541721 ], [ -70.713566301472795, -34.190067003163307 ], [ -70.713900698240138, -34.189901556444767 ], [ -70.713934697042475, -34.18988473511002 ], [ -70.71462004902456, -34.189520913894633 ], [ -70.714735074592113, -34.189473356409081 ], [ -70.71505324814872, -34.189303747458766 ], [ -70.715426297660557, -34.18907941981746 ], [ -70.715696079697892, -34.188927536489054 ], [ -70.71680572072944, -34.188322320531789 ], [ -70.716734517346197, -34.188208799406745 ], [ -70.716732835193497, -34.188125796733765 ], [ -70.717765793705055, -34.187587416488462 ], [ -70.718102825225998, -34.187473427535735 ], [ -70.721575698308513, -34.185449302545457 ], [ -70.721657155449293, -34.185404327021587 ], [ -70.71853074601691, -34.181654293973828 ], [ -70.714984292669314, -34.177543100245963 ], [ -70.712622573354381, -34.174671686664318 ], [ -70.712389194731855, -34.174741292555524 ], [ -70.704409562204631, -34.175329567618476 ], [ -70.701638569301551, -34.175711587850117 ], [ -70.701042535542783, -34.17576496993869 ] ] ] } },
{ "type": "Feature", "properties": { "zona": "52" }, "geometry": { "type": "Polygon", "coordinates": [ [ [ -70.723447862166964, -34.167855033029078 ], [ -70.723415086395505, -34.167754385845036 ], [ -70.723009269738185, -34.165581377729332 ], [ -70.722553224779944, -34.163477783126474 ], [ -70.722188532137409, -34.162140176134628 ], [ -70.721837173868096, -34.161289082991146 ], [ -70.721545777582051, -34.160846550279771 ], [ -70.721131439999567, -34.160285497278174 ], [ -70.720019081756917, -34.158719513658234 ], [ -70.719413340174157, -34.158852063580412 ], [ -70.717401736117097, -34.159572115624933 ], [ -70.712232027097002, -34.161376450939599 ], [ -70.711732242618027, -34.161641089751548 ], [ -70.711953263769516, -34.161931523837545 ], [ -70.712591603147615, -34.162615452482839 ], [ -70.713751109020862, -34.163864692475087 ], [ -70.714819041649079, -34.165012134214571 ], [ -70.716339137470825, -34.166716289342688 ], [ -70.71736548925044, -34.167734501206866 ], [ -70.718188447805971, -34.168679899223399 ], [ -70.719137338250462, -34.168495043567539 ], [ -70.723447862166964, -34.167855033029078 ] ] ] } },
{ "type": "Feature", "properties": { "zona": "50" }, "geometry": { "type": "Polygon", "coordinates": [ [ [ -70.72735711047612, -34.156264990542134 ], [ -70.726286102243961, -34.156417492839175 ], [ -70.725094216108644, -34.156796894307718 ], [ -70.72460202719941, -34.156988995181486 ], [ -70.724875962372408, -34.15836926297743 ], [ -70.7250754098351, -34.159415445912217 ], [ -70.725170753136467, -34.160490577126907 ], [ -70.725272793119657, -34.161533547976909 ], [ -70.72536680351206, -34.162633127549178 ], [ -70.725476505317445, -34.163691259734755 ], [ -70.725570490900225, -34.164789311557897 ], [ -70.725611648564566, -34.165367431215842 ], [ -70.725605563357689, -34.165790470026828 ], [ -70.725628580471891, -34.165890986057896 ], [ -70.725449514087771, -34.16754309504109 ], [ -70.727229093008916, -34.167251166196046 ], [ -70.727385851157749, -34.167168796952147 ], [ -70.727374784642421, -34.167020078714145 ], [ -70.727374801049791, -34.165893985223597 ], [ -70.727221911345765, -34.16515176983615 ], [ -70.727524650378854, -34.161979174097951 ], [ -70.72807786882835, -34.156162354937166 ], [ -70.72735711047612, -34.156264990542134 ] ] ] } },
{ "type": "Feature", "properties": { "zona": "51" }, "geometry": { "type": "Polygon", "coordinates": [ [ [ -70.725449514087771, -34.16754309504109 ], [ -70.725628580471891, -34.165890986057896 ], [ -70.725605563357689, -34.165790470026828 ], [ -70.725611648564566, -34.165367431215842 ], [ -70.725570490900225, -34.164789311557897 ], [ -70.725476505317445, -34.163691259734755 ], [ -70.72536680351206, -34.162633127549178 ], [ -70.725272793119657, -34.161533547976909 ], [ -70.725170753136467, -34.160490577126907 ], [ -70.7250754098351, -34.159415445912217 ], [ -70.724875962372408, -34.15836926297743 ], [ -70.72460202719941, -34.156988995181486 ], [ -70.722189955442673, -34.157930382264219 ], [ -70.721884160967846, -34.158135080970915 ], [ -70.721509698907525, -34.158350284237521 ], [ -70.720253673417375, -34.158682823848025 ], [ -70.720019081756917, -34.158719513658234 ], [ -70.721131439999567, -34.160285497278174 ], [ -70.721545777582051, -34.160846550279771 ], [ -70.721837173868096, -34.161289082991146 ], [ -70.722188532137409, -34.162140176134628 ], [ -70.722553224779944, -34.163477783126474 ], [ -70.723009269738185, -34.165581377729332 ], [ -70.723415086395505, -34.167754385845036 ], [ -70.723447862166964, -34.167855033029078 ], [ -70.724503473521011, -34.167698275558884 ], [ -70.725449514087771, -34.16754309504109 ] ] ] } },
{ "type": "Feature", "properties": { "zona": "10" }, "geometry": { "type": "Polygon", "coordinates": [ [ [ -70.748620230419519, -34.154601292080471 ], [ -70.748791066739258, -34.155270761750074 ], [ -70.749096515607107, -34.156332944273586 ], [ -70.749998047567757, -34.159467805963253 ], [ -70.751093873217613, -34.163612979201005 ], [ -70.751173919850757, -34.163762879763425 ], [ -70.751490682486192, -34.163684253317598 ], [ -70.751710725191671, -34.163665843516895 ], [ -70.756693373129963, -34.161235551103559 ], [ -70.757068869275855, -34.161082623492121 ], [ -70.757010552256745, -34.160958500396021 ], [ -70.757012722340605, -34.160949527060644 ], [ -70.757015688720173, -34.160937260998928 ], [ -70.757015849864288, -34.160936400263203 ], [ -70.757017519663691, -34.160927468356157 ], [ -70.757059453533543, -34.160703135507482 ], [ -70.757065884549831, -34.160668728828881 ], [ -70.75707073662673, -34.160651512424927 ], [ -70.757138024966181, -34.160412758823583 ], [ -70.757228574416899, -34.160178967825694 ], [ -70.757267403559993, -34.16007871505245 ], [ -70.757276174701715, -34.160065741872621 ], [ -70.757295367234875, -34.160037355293987 ], [ -70.757319470438588, -34.160001702736821 ], [ -70.757360578044441, -34.159940898700704 ], [ -70.757509654120952, -34.159810008399973 ], [ -70.75765888979025, -34.15968683968952 ], [ -70.757729696200428, -34.159602903259461 ], [ -70.757779827298364, -34.159543474787206 ], [ -70.757777159145718, -34.1594147568604 ], [ -70.75775431253895, -34.159371818251955 ], [ -70.757690130726019, -34.159251196035584 ], [ -70.75758863151232, -34.159136769222904 ], [ -70.757550030379178, -34.159067793901222 ], [ -70.757561616887202, -34.159029001373 ], [ -70.75767443666598, -34.15894240641795 ], [ -70.757829917924553, -34.158821723339038 ], [ -70.757854301999672, -34.158800274910391 ], [ -70.757966818026503, -34.158701306263538 ], [ -70.758121444481532, -34.158539433209327 ], [ -70.7582051116147, -34.158391452209813 ], [ -70.758245958175877, -34.158269835755405 ], [ -70.75829022076401, -34.158163622053486 ], [ -70.75831487304643, -34.158120805463952 ], [ -70.758350020234801, -34.158059760092414 ], [ -70.757808089510476, -34.157733376381387 ], [ -70.757479441084541, -34.157535443103754 ], [ -70.757430124576189, -34.157505741902348 ], [ -70.757148392493818, -34.157348754253363 ], [ -70.75698427248426, -34.157257302806265 ], [ -70.756785218151279, -34.157137391908812 ], [ -70.756269887240521, -34.156826953040117 ], [ -70.756191951129907, -34.156635644159294 ], [ -70.75616455233471, -34.156555235727176 ], [ -70.755995796400427, -34.15605996735767 ], [ -70.755897255843237, -34.155770765731987 ], [ -70.755802649301188, -34.155493107332177 ], [ -70.755791723920623, -34.155459748839355 ], [ -70.755581987235146, -34.15481933866986 ], [ -70.755539944434233, -34.154690963806559 ], [ -70.755371705360275, -34.15427641897103 ], [ -70.755341854271364, -34.15419016982527 ], [ -70.755333506688174, -34.154166051216848 ], [ -70.755286337520843, -34.154029760402203 ], [ -70.755193028129725, -34.153762693282651 ], [ -70.755120663222087, -34.153555575305148 ], [ -70.755091745892372, -34.153474012448228 ], [ -70.754898932443865, -34.152930162005539 ], [ -70.754892415579519, -34.152911581643579 ], [ -70.754875664642114, -34.152863820346795 ], [ -70.75485449800594, -34.152803465760591 ], [ -70.754759620985311, -34.152532939123141 ], [ -70.754723570985078, -34.15243014724323 ], [ -70.754687519955809, -34.152327353560935 ], [ -70.754630171447772, -34.152163836496079 ], [ -70.75461884950704, -34.15213155296761 ], [ -70.754478989123115, -34.151738594506334 ], [ -70.754407659174433, -34.151538179848927 ], [ -70.754268853639786, -34.151157213201287 ], [ -70.754255876264736, -34.151121595316788 ], [ -70.754088991539817, -34.150645982088946 ], [ -70.754037304191897, -34.150498588427006 ], [ -70.753879574031117, -34.150048796176044 ], [ -70.753844551522178, -34.149949848609708 ], [ -70.753806806133042, -34.149843209560025 ], [ -70.753699423166736, -34.149539829049239 ], [ -70.75362999194995, -34.149334328072385 ], [ -70.753614971019601, -34.149288807838268 ], [ -70.753576535955006, -34.14917233275154 ], [ -70.753519214881734, -34.149022830848466 ], [ -70.753492242993431, -34.148952482265244 ], [ -70.753458024973511, -34.148863235410595 ], [ -70.753417636100266, -34.148757891865081 ], [ -70.753410426614764, -34.148739088655532 ], [ -70.753344689061663, -34.148555225399825 ], [ -70.753332611638385, -34.148521444848257 ], [ -70.753303872683702, -34.148456785115812 ], [ -70.753293902876663, -34.148434353163907 ], [ -70.753292946259236, -34.14843220001417 ], [ -70.753291830737808, -34.148433588357243 ], [ -70.75323560998622, -34.148503532139593 ], [ -70.753218635905327, -34.148524650173513 ], [ -70.753195556531423, -34.148553364884293 ], [ -70.753165316508031, -34.148590985302114 ], [ -70.75316094846302, -34.148596419202157 ], [ -70.753153342741413, -34.148605882217034 ], [ -70.753150543849671, -34.148609364036318 ], [ -70.753147862347021, -34.148612700806332 ], [ -70.753141232567884, -34.148620948797927 ], [ -70.753131823991936, -34.148632653974758 ], [ -70.753072504896792, -34.148706454385064 ], [ -70.753045595556301, -34.14873993252052 ], [ -70.753041300096754, -34.148743158888408 ], [ -70.75287921804275, -34.148931074395065 ], [ -70.752308469036464, -34.149668023449465 ], [ -70.752147444760837, -34.149874545991921 ], [ -70.751783008287603, -34.150347362301289 ], [ -70.751217153984683, -34.151072128375169 ], [ -70.751107198182552, -34.151194895657504 ], [ -70.750710278828961, -34.151707299486453 ], [ -70.750447223050074, -34.152031700908147 ], [ -70.750202701763584, -34.152364427172721 ], [ -70.749911183161259, -34.152756035893276 ], [ -70.749699982352681, -34.153034844247379 ], [ -70.749472636367969, -34.153310065460801 ], [ -70.749425318430653, -34.153409033914421 ], [ -70.749429581458614, -34.153671410345289 ], [ -70.749414591547534, -34.153779461667632 ], [ -70.749345108684693, -34.153916919164054 ], [ -70.749347339193093, -34.153969374265699 ], [ -70.74939537614496, -34.154042553299604 ], [ -70.749309251559097, -34.154095925238579 ], [ -70.749145509261893, -34.154227091409318 ], [ -70.749008467908965, -34.15433936376035 ], [ -70.748929879429852, -34.154402704674325 ], [ -70.748871664385362, -34.154484701987897 ], [ -70.748620230419519, -34.154601292080471 ] ] ] } },
{ "type": "Feature", "properties": { "zona": "13" }, "geometry": { "type": "Polygon", "coordinates": [ [ [ -70.768003765382673, -34.186884061909765 ], [ -70.768032711305381, -34.186932149212375 ], [ -70.768048028410405, -34.186957594566891 ], [ -70.768049638032437, -34.186960269267438 ], [ -70.768063583878501, -34.186983438643928 ], [ -70.768092632137297, -34.18703169487766 ], [ -70.76809303564707, -34.187032364438458 ], [ -70.768102915907349, -34.187048780030715 ], [ -70.768117733994615, -34.187073396687843 ], [ -70.768129076599365, -34.187092240229603 ], [ -70.768134190937161, -34.187100736312942 ], [ -70.768137704683511, -34.187106574698987 ], [ -70.768139827963651, -34.187110101318922 ], [ -70.768141446551681, -34.187112789414464 ], [ -70.768144302721112, -34.187117534493829 ], [ -70.768144454427897, -34.187117784784434 ], [ -70.768146303476371, -34.187120857291021 ], [ -70.768146540633126, -34.187121250622688 ], [ -70.768146747486114, -34.187121595699104 ], [ -70.768431674588982, -34.187646138879835 ], [ -70.76847932853768, -34.187641430461355 ], [ -70.768542307894251, -34.187635201481868 ], [ -70.768719474519131, -34.187617679570124 ], [ -70.770094393536652, -34.187262038007418 ], [ -70.770628705779359, -34.18738982825144 ], [ -70.771503564184655, -34.187188693491123 ], [ -70.771952535978585, -34.187300039701363 ], [ -70.7730466124668, -34.186936536255459 ], [ -70.773341899413396, -34.186838424998811 ], [ -70.773359645205218, -34.186834463280306 ], [ -70.773386757727465, -34.186828415820315 ], [ -70.773375148009109, -34.186830074302804 ], [ -70.773375078831492, -34.186829983329105 ], [ -70.7733749404196, -34.186829798677401 ], [ -70.773374822174389, -34.186829644392134 ], [ -70.773239665807282, -34.186647120467953 ], [ -70.773218201152758, -34.186618133492885 ], [ -70.772918048085359, -34.186212784615584 ], [ -70.772892042422086, -34.186177663994044 ], [ -70.772676569400517, -34.185886675496313 ], [ -70.77266309214157, -34.185868475492143 ], [ -70.772656707459049, -34.185859852786365 ], [ -70.772652036737753, -34.185853544332502 ], [ -70.772561346877609, -34.185754191271457 ], [ -70.772612557116176, -34.185731979374708 ], [ -70.772731446969132, -34.185698612936775 ], [ -70.773080479297093, -34.18557956877369 ], [ -70.775886189376678, -34.184579077955739 ], [ -70.775892102729244, -34.184577006794335 ], [ -70.775832960665483, -34.184498859308441 ], [ -70.775745870853328, -34.184448823928193 ], [ -70.775737562004693, -34.184441484410989 ], [ -70.775730471424154, -34.184435221926122 ], [ -70.77573033543753, -34.184435101262913 ], [ -70.775714773484097, -34.184421354633706 ], [ -70.775599617825605, -34.184276641635499 ], [ -70.77498208001289, -34.183500599409371 ], [ -70.774918230220393, -34.18342035998004 ], [ -70.774728609574268, -34.183194504315495 ], [ -70.774386662048485, -34.182787208872178 ], [ -70.774174359038938, -34.182530412866157 ], [ -70.77369670844061, -34.181952650374029 ], [ -70.77334433895966, -34.181534571099832 ], [ -70.773344308938107, -34.181534536367337 ], [ -70.773081321818765, -34.181222509379836 ], [ -70.77298937377536, -34.181109560769407 ], [ -70.772613935035238, -34.180648378409941 ], [ -70.772395179092541, -34.180592557787975 ], [ -70.772377661006686, -34.180578496291638 ], [ -70.767284566587989, -34.17942271687965 ], [ -70.764695201580551, -34.178868321143952 ], [ -70.762376420105966, -34.178377300606535 ], [ -70.762421309956764, -34.178445268148728 ], [ -70.763449474008382, -34.180055202849196 ], [ -70.764435284524296, -34.181490383133266 ], [ -70.7645314960712, -34.181561367507065 ], [ -70.764739239209675, -34.181887615556072 ], [ -70.765240045493755, -34.182639084830797 ], [ -70.765671771783957, -34.183243627618481 ], [ -70.766267762647416, -34.184153568431704 ], [ -70.766818977047137, -34.184980649414399 ], [ -70.767008524222334, -34.185259439698392 ], [ -70.767637695002108, -34.186272198080069 ], [ -70.767634000486012, -34.186301477387303 ], [ -70.767853565878923, -34.186634598695889 ], [ -70.767862718542702, -34.186649741669974 ], [ -70.767864048255419, -34.186651950619058 ], [ -70.767881312079822, -34.186680631211253 ], [ -70.767881395265263, -34.186680769776622 ], [ -70.767898169042581, -34.186708636877263 ], [ -70.767900730695715, -34.186712892975116 ], [ -70.767906013564598, -34.186721667972236 ], [ -70.767931473827176, -34.186763966998974 ], [ -70.767956945264174, -34.18680628028595 ], [ -70.767985323478385, -34.186853423583123 ], [ -70.768003765382673, -34.186884061909765 ] ] ] } },
{ "type": "Feature", "properties": { "zona": "14" }, "geometry": { "type": "Polygon", "coordinates": [ [ [ -70.752445080497708, -34.168603945407739 ], [ -70.752446461485661, -34.168608668679134 ], [ -70.75245125566093, -34.168635920221483 ], [ -70.752451743813026, -34.168637860943363 ], [ -70.752452960155367, -34.168642701083492 ], [ -70.752459749666727, -34.168669706813724 ], [ -70.752464075856565, -34.168686914577066 ], [ -70.752464456542128, -34.168688432128299 ], [ -70.752467225987473, -34.168699446637881 ], [ -70.752468605466788, -34.168704936384167 ], [ -70.752479686995613, -34.168749017812324 ], [ -70.752497522953419, -34.168813683486995 ], [ -70.752502838869859, -34.168832954652032 ], [ -70.752522956936446, -34.168905891574461 ], [ -70.752541733428544, -34.168973963992599 ], [ -70.75256073857804, -34.169042862713894 ], [ -70.752571761025891, -34.169082822354959 ], [ -70.752581751530826, -34.169119042915639 ], [ -70.752587398238006, -34.169139514936901 ], [ -70.752604644892813, -34.16920547214076 ], [ -70.752610259047117, -34.169226940113525 ], [ -70.752611739823223, -34.169232606047409 ], [ -70.752615902418157, -34.169245256191616 ], [ -70.752626911949818, -34.169286267404168 ], [ -70.752632971283148, -34.169309485547601 ], [ -70.752641488364631, -34.169341600021326 ], [ -70.752650259634251, -34.169372681110197 ], [ -70.752658415195782, -34.169403942318404 ], [ -70.752680958841623, -34.169488087978436 ], [ -70.752707226159274, -34.169585740355195 ], [ -70.752764962820791, -34.169796104169365 ], [ -70.752833172276766, -34.170052030515706 ], [ -70.752894972114831, -34.170286671543515 ], [ -70.753173712487666, -34.171339079826915 ], [ -70.753223542325784, -34.171527798960746 ], [ -70.753370634129183, -34.172077988713703 ], [ -70.753470163595452, -34.172460199527634 ], [ -70.7535468778661, -34.172738525750525 ], [ -70.753557484570749, -34.172786657088558 ], [ -70.753563667266135, -34.172814710172027 ], [ -70.753631918015742, -34.173089052703403 ], [ -70.753691236662036, -34.173320102841267 ], [ -70.753743692049667, -34.173553062578208 ], [ -70.753748103812711, -34.173569293402444 ], [ -70.753753544277856, -34.173589310226554 ], [ -70.753766823735774, -34.173661946957537 ], [ -70.753771550679886, -34.17368779902236 ], [ -70.753804761994132, -34.17386944611011 ], [ -70.753834314316606, -34.174031075242844 ], [ -70.753839632653097, -34.174065214574178 ], [ -70.753854330181412, -34.174159553192482 ], [ -70.753861789136621, -34.174215139733526 ], [ -70.753913440014955, -34.174600044343833 ], [ -70.753914933098045, -34.174611170829387 ], [ -70.753934988570379, -34.174760630055005 ], [ -70.753946370177871, -34.174845445313132 ], [ -70.753948396915192, -34.174860549722858 ], [ -70.753973543771238, -34.175080243308287 ], [ -70.753998960900489, -34.175302294591241 ], [ -70.754001927985954, -34.175338772290729 ], [ -70.754003796022616, -34.175391917564525 ], [ -70.754009557172282, -34.175555794759987 ], [ -70.754009992323859, -34.175805944266479 ], [ -70.754010389588785, -34.17603512866966 ], [ -70.754010405733041, -34.176044086015935 ], [ -70.754010455331809, -34.176072010332419 ], [ -70.754007605992825, -34.176104283559177 ], [ -70.75399533579926, -34.176243257246298 ], [ -70.753991943411819, -34.176281687891183 ], [ -70.753989085249955, -34.176314059529169 ], [ -70.753986284133603, -34.176345780219229 ], [ -70.753978272937701, -34.176436511094245 ], [ -70.753977978460057, -34.176439843512085 ], [ -70.753977230580915, -34.176448317644606 ], [ -70.753974653432607, -34.176470101906204 ], [ -70.753974088203705, -34.17647487281387 ], [ -70.753973955098758, -34.176475623135282 ], [ -70.753970662567042, -34.176494137207413 ], [ -70.753952817884198, -34.176568631830179 ], [ -70.753952763433858, -34.176568936484557 ], [ -70.753951332047905, -34.176576991175331 ], [ -70.753945130832889, -34.176611860549329 ], [ -70.753912472053045, -34.176795524053155 ], [ -70.753909726568182, -34.176810958180127 ], [ -70.753866207268587, -34.177083412213953 ], [ -70.75386537173523, -34.177088647758403 ], [ -70.753851725335764, -34.17717408860242 ], [ -70.753851632143238, -34.177174670635203 ], [ -70.753836563136957, -34.177269011843457 ], [ -70.753831946146235, -34.177297919907247 ], [ -70.753792730442797, -34.177543432439379 ], [ -70.753779395054721, -34.17762692203658 ], [ -70.753779105934314, -34.177628731390769 ], [ -70.75374392899235, -34.177848965368732 ], [ -70.753736833777964, -34.177893383079137 ], [ -70.753731457913887, -34.177927040465605 ], [ -70.753718023391528, -34.178011144632549 ], [ -70.753705847231203, -34.17808737782736 ], [ -70.753699757684913, -34.178125502560476 ], [ -70.75368500538336, -34.178217860866191 ], [ -70.753668172695441, -34.178314178554871 ], [ -70.753652682398126, -34.178402806215232 ], [ -70.753829340705053, -34.178422444809016 ], [ -70.754110550035548, -34.178112091295702 ], [ -70.754294764731995, -34.177941975619035 ], [ -70.754533810605608, -34.177758191889566 ], [ -70.754609018005894, -34.177723477124609 ], [ -70.754782761268132, -34.177692362811293 ], [ -70.75553354833076, -34.177352384191018 ], [ -70.755924230898259, -34.177089129761875 ], [ -70.758276294695946, -34.177556454611256 ], [ -70.762376421224261, -34.178377299644438 ], [ -70.761674412151606, -34.177314402223324 ], [ -70.76144803959842, -34.1769884167539 ], [ -70.760959607307541, -34.176285601721709 ], [ -70.760722166115386, -34.175937343664415 ], [ -70.760214924904531, -34.17520071343391 ], [ -70.759488166942219, -34.17412908868792 ], [ -70.75911681262653, -34.173584371788053 ], [ -70.758837067093751, -34.173173596652127 ], [ -70.758473364643109, -34.172637784974533 ], [ -70.758105939321794, -34.172102025445604 ], [ -70.757815322905827, -34.171673369320665 ], [ -70.757461310201265, -34.171146432565983 ], [ -70.757104216962347, -34.170601504607696 ], [ -70.756682502902606, -34.169980855439661 ], [ -70.756255805447807, -34.169364784540136 ], [ -70.755443410893847, -34.16816361104781 ], [ -70.755429657866273, -34.168145864692683 ], [ -70.755352581443574, -34.168144855610706 ], [ -70.753598968829706, -34.168427595793268 ], [ -70.752789144368691, -34.168546527705281 ], [ -70.752445080497708, -34.168603945407739 ] ] ] } },
{ "type": "Feature", "properties": { "zona": "15" }, "geometry": { "type": "Polygon", "coordinates": [ [ [ -70.753652682398126, -34.178402806215232 ], [ -70.753637803323514, -34.178487941834995 ], [ -70.753630010702921, -34.178532531813566 ], [ -70.753628714924716, -34.178539644980376 ], [ -70.753622504812867, -34.178573729071452 ], [ -70.753595385533743, -34.178722576752889 ], [ -70.753584699543481, -34.178781228755064 ], [ -70.753548494001848, -34.178979952671128 ], [ -70.753537533501415, -34.179047781674214 ], [ -70.753522014104732, -34.17914382267584 ], [ -70.753518751773214, -34.179164014380085 ], [ -70.753509057911174, -34.179224004755369 ], [ -70.753489390300189, -34.179345718980485 ], [ -70.753481363138562, -34.179392665758549 ], [ -70.753475573528505, -34.179426522910894 ], [ -70.753468003144164, -34.179470796806427 ], [ -70.753423302948988, -34.179732229686749 ], [ -70.753411197131342, -34.179803022729843 ], [ -70.753410363869506, -34.17980789845582 ], [ -70.753397459694725, -34.179883367446571 ], [ -70.753372528025096, -34.180029171187805 ], [ -70.753343193671057, -34.180208908726279 ], [ -70.753339985322157, -34.180228566742684 ], [ -70.753326417179508, -34.180311698013575 ], [ -70.753315515245404, -34.180378491892569 ], [ -70.753314820973301, -34.180382744354006 ], [ -70.753305844489276, -34.180436150097279 ], [ -70.753284359634577, -34.180563974978938 ], [ -70.753278291870544, -34.180600074134681 ], [ -70.753276535574187, -34.1806105220845 ], [ -70.753207220771188, -34.180988585569906 ], [ -70.753203333737474, -34.181009791595613 ], [ -70.753201780607299, -34.181018260997199 ], [ -70.753182212448962, -34.181135221730237 ], [ -70.753166646642484, -34.181228266054774 ], [ -70.753157448623256, -34.181283243020573 ], [ -70.753151590447104, -34.181318254417448 ], [ -70.75314211434673, -34.181374894499328 ], [ -70.753123413201763, -34.181486676039697 ], [ -70.753111361804713, -34.181558704507729 ], [ -70.753105226670641, -34.181595381708192 ], [ -70.753071704390806, -34.181785765064369 ], [ -70.753068924631705, -34.181801548617329 ], [ -70.753050688184103, -34.181905120660829 ], [ -70.753025083449401, -34.182050537174554 ], [ -70.753010959642424, -34.182133581659443 ], [ -70.75300615784009, -34.182161813335107 ], [ -70.752999958401716, -34.182198270528907 ], [ -70.752989439780478, -34.182260118431053 ], [ -70.75298648661925, -34.182277486055938 ], [ -70.752983866076349, -34.182292890417067 ], [ -70.752957253205253, -34.182449373557404 ], [ -70.752943136091957, -34.182532380064416 ], [ -70.752924245333972, -34.182643461842716 ], [ -70.752896799544274, -34.182775113902558 ], [ -70.752888931594597, -34.182853645195088 ], [ -70.752860301099275, -34.182890699727601 ], [ -70.752754939394208, -34.182948699938876 ], [ -70.752714378924821, -34.18338597227801 ], [ -70.75255524942294, -34.184397523303801 ], [ -70.752472898889138, -34.185123975197669 ], [ -70.752333853275957, -34.185952011790597 ], [ -70.752261369145813, -34.186356147661009 ], [ -70.75218739337032, -34.187309986789067 ], [ -70.75221049696539, -34.188071577274897 ], [ -70.75228342766296, -34.188666024987079 ], [ -70.752413466035691, -34.189178730271564 ], [ -70.752535815789031, -34.189568439598339 ], [ -70.752753244485774, -34.190086386239841 ], [ -70.75298792780292, -34.190527931228758 ], [ -70.753570311862887, -34.191411311948727 ], [ -70.753803711940094, -34.191768322246908 ], [ -70.754087471612706, -34.192166265314057 ], [ -70.75476551361632, -34.193117127821374 ], [ -70.754840838772012, -34.193073787159008 ], [ -70.754965675254596, -34.193001957361652 ], [ -70.755088029618491, -34.193157951158469 ], [ -70.75516261545981, -34.193170312978395 ], [ -70.755195042822095, -34.193143149411718 ], [ -70.755225117192708, -34.193112510969051 ], [ -70.755230657465219, -34.193102332572558 ], [ -70.755232589847196, -34.19309085414848 ], [ -70.755230053906246, -34.193078445987624 ], [ -70.755224394463767, -34.19306716637653 ], [ -70.755224147860176, -34.193055267379712 ], [ -70.755262596308697, -34.193004582279528 ], [ -70.755300376629421, -34.19296878398481 ], [ -70.755360134021387, -34.192920049068611 ], [ -70.755393827385163, -34.192891253278006 ], [ -70.755414942397195, -34.192868137007338 ], [ -70.755475266678332, -34.192804876448839 ], [ -70.755510329211035, -34.192768847379114 ], [ -70.755540799890284, -34.192736399776223 ], [ -70.755548124502042, -34.192723311267677 ], [ -70.755548352887203, -34.192713389227443 ], [ -70.755537639549274, -34.192709575058224 ], [ -70.755528340181485, -34.19270592008975 ], [ -70.755523443703396, -34.192700038909202 ], [ -70.755526092321304, -34.192691706202041 ], [ -70.75553759335196, -34.192681171063199 ], [ -70.755553876914689, -34.192671020127584 ], [ -70.755571228426945, -34.192660040564867 ], [ -70.755588729543689, -34.19264345294917 ], [ -70.755607837619408, -34.192625341890327 ], [ -70.755628935931185, -34.192590956295291 ], [ -70.755640186540759, -34.192568341864558 ], [ -70.755648436977708, -34.192552804588978 ], [ -70.755653359916437, -34.192544258082052 ], [ -70.755666385463414, -34.192523512728194 ], [ -70.755678447679614, -34.192508643156025 ], [ -70.755687107616893, -34.192497156793841 ], [ -70.755693902864536, -34.192484707048749 ], [ -70.755700350225894, -34.192471179333481 ], [ -70.755702720058054, -34.192465103076053 ], [ -70.755721244757495, -34.192426967137486 ], [ -70.755730471567844, -34.192406185081012 ], [ -70.755746841584738, -34.192368801346852 ], [ -70.755757514133606, -34.192349711835632 ], [ -70.755768867497054, -34.19233205711167 ], [ -70.755786428787161, -34.192299795144962 ], [ -70.755797159250619, -34.19228350009152 ], [ -70.755808306849516, -34.192266389333433 ], [ -70.755815541551996, -34.192254201999503 ], [ -70.755837814088338, -34.192229356747717 ], [ -70.755861511735191, -34.192210443255547 ], [ -70.755880905548665, -34.192198532707536 ], [ -70.755941060379087, -34.192153307581272 ], [ -70.755959724829978, -34.192137622098869 ], [ -70.755975329304704, -34.192126127369569 ], [ -70.756049092686837, -34.192077821003622 ], [ -70.756099210817993, -34.192050953967133 ], [ -70.756118808474483, -34.192038411072744 ], [ -70.756131051881425, -34.192027053715101 ], [ -70.756136453611091, -34.192015435433987 ], [ -70.756143755552415, -34.192006494163707 ], [ -70.75615152129906, -34.191998988081025 ], [ -70.75616922811912, -34.191978988087605 ], [ -70.756183626173438, -34.191966879411346 ], [ -70.756203234975573, -34.19195487556474 ], [ -70.756219869908193, -34.191945980999606 ], [ -70.756231782193908, -34.191939588660581 ], [ -70.75623940201568, -34.191935512048175 ], [ -70.756267990362687, -34.191922209202794 ], [ -70.756291640932872, -34.191911500029093 ], [ -70.756298396668186, -34.191907617028853 ], [ -70.756313698027483, -34.191897207743892 ], [ -70.756327196370634, -34.19188880893072 ], [ -70.75637154986218, -34.191866532862427 ], [ -70.756396208593301, -34.191852114039527 ], [ -70.756414792380298, -34.191843011200099 ], [ -70.75643329572469, -34.191835262069517 ], [ -70.756446414321701, -34.191829482728458 ], [ -70.756478238275065, -34.191815230892438 ], [ -70.756498241596063, -34.191811789364571 ], [ -70.756511896925304, -34.19181096171571 ], [ -70.756549900365485, -34.191806900820154 ], [ -70.756571478463741, -34.191806140945637 ], [ -70.756589429994492, -34.191803178738461 ], [ -70.75661453376172, -34.191794524420033 ], [ -70.756622291925893, -34.191791887631545 ], [ -70.756659777338285, -34.191778546545038 ], [ -70.756678641586902, -34.191777736250216 ], [ -70.756689947750743, -34.191778745639219 ], [ -70.756703943505514, -34.191778636261994 ], [ -70.756745790429278, -34.191776773623069 ], [ -70.756770044999172, -34.191774263039314 ], [ -70.756813762278938, -34.191768406080442 ], [ -70.756827673859377, -34.191769470113073 ], [ -70.756837377137629, -34.191771674665247 ], [ -70.756892739036644, -34.191788374790541 ], [ -70.756914788435466, -34.191794642316268 ], [ -70.756920240800781, -34.191795880708021 ], [ -70.75693942822079, -34.191800239735016 ], [ -70.756968119191399, -34.191807584334207 ], [ -70.757031184123335, -34.191813443749062 ], [ -70.757043789281354, -34.191814614838556 ], [ -70.757063482096868, -34.191811899031876 ], [ -70.757081981616665, -34.191809199414678 ], [ -70.757138621047972, -34.191814249114934 ], [ -70.757167998448352, -34.191812836380294 ], [ -70.757178034666865, -34.191810166921428 ], [ -70.757205706333608, -34.191810222246104 ], [ -70.757229171595384, -34.191806279247622 ], [ -70.757255790225102, -34.191802650848089 ], [ -70.757328166677539, -34.191797375889038 ], [ -70.757372226231311, -34.191792327166581 ], [ -70.757454103954586, -34.191784751005116 ], [ -70.757490394128325, -34.191787027212655 ], [ -70.757513002767638, -34.191788867354447 ], [ -70.757556313233877, -34.19180325475741 ], [ -70.757677379553513, -34.191768520172992 ], [ -70.757782883658379, -34.191733607234589 ], [ -70.757859587180576, -34.191694335140291 ], [ -70.757944801641713, -34.191650170090185 ], [ -70.758064162228266, -34.191591200974777 ], [ -70.758149326962538, -34.191544650583502 ], [ -70.758203551847032, -34.191515668846222 ], [ -70.758208956529842, -34.191512780755012 ], [ -70.758291350863459, -34.191471041808299 ], [ -70.758387649070812, -34.191407631155009 ], [ -70.758495329517217, -34.191339286316826 ], [ -70.758520995525913, -34.191309018672925 ], [ -70.758628799485464, -34.191270464320148 ], [ -70.75873767288175, -34.191231525741834 ], [ -70.758755309916893, -34.191222154796023 ], [ -70.758846561279938, -34.19119221715362 ], [ -70.758983337501348, -34.19114254018168 ], [ -70.759009506266835, -34.191132521154046 ], [ -70.759055605165202, -34.19111487100119 ], [ -70.759125757352649, -34.191088011192669 ], [ -70.75925105401835, -34.191038497662412 ], [ -70.759325082956565, -34.191008806686661 ], [ -70.759399510382906, -34.1909981972642 ], [ -70.759531140899639, -34.190977221764342 ], [ -70.759765404361971, -34.190921375400691 ], [ -70.759896439965416, -34.190871778882936 ], [ -70.760004614066816, -34.190827282997859 ], [ -70.760166966618044, -34.190792099644092 ], [ -70.760360820824985, -34.190704660970631 ], [ -70.760557768528002, -34.190615825936753 ], [ -70.760579699274331, -34.19061649220918 ], [ -70.760636059230464, -34.190618567784092 ], [ -70.760681806722715, -34.190611239390975 ], [ -70.760763123237922, -34.190592397774218 ], [ -70.760826181535947, -34.190566967052547 ], [ -70.760934401229406, -34.190521679810658 ], [ -70.761026542441783, -34.19049114168358 ], [ -70.761126020704069, -34.190458604560583 ], [ -70.761170617192931, -34.190437675854085 ], [ -70.761212895337337, -34.190393968165665 ], [ -70.761270948294651, -34.190326136943796 ], [ -70.761303443894207, -34.190265978307842 ], [ -70.761326057480318, -34.190221109321413 ], [ -70.761336588175283, -34.190200489382804 ], [ -70.761346240633515, -34.190185955944756 ], [ -70.761347109718926, -34.190184647713664 ], [ -70.761353707546348, -34.190180494392322 ], [ -70.761386203976897, -34.190160037828853 ], [ -70.761395629457652, -34.190154105411125 ], [ -70.761415081483975, -34.19013461884014 ], [ -70.761429973748193, -34.190115019208761 ], [ -70.761439825673747, -34.190098286343883 ], [ -70.761485595992056, -34.190029460092482 ], [ -70.761488413289456, -34.190024365572633 ], [ -70.761497402655195, -34.190008107665477 ], [ -70.761519269562811, -34.189968562218091 ], [ -70.761519403670391, -34.189968332160589 ], [ -70.761523247122099, -34.189961760336431 ], [ -70.761529718509166, -34.189950693640078 ], [ -70.761530400430459, -34.189949412441692 ], [ -70.761530435239379, -34.189949468749262 ], [ -70.761545039830054, -34.189924491855585 ], [ -70.76156558347499, -34.189889357612891 ], [ -70.76157188651851, -34.189881571032593 ], [ -70.761648446687488, -34.189786999762035 ], [ -70.7616485239257, -34.189786904875326 ], [ -70.761673400444096, -34.189754961740078 ], [ -70.761702424057205, -34.189717692173481 ], [ -70.76171644640165, -34.189702027422911 ], [ -70.761774581733548, -34.189676072708743 ], [ -70.761856380678054, -34.189674897788606 ], [ -70.761946268495194, -34.18964855723523 ], [ -70.761953899004268, -34.189628377459385 ], [ -70.761958513934317, -34.189616173306398 ], [ -70.761962670518614, -34.189608955858127 ], [ -70.761988055494683, -34.189587118888923 ], [ -70.762001660474951, -34.189577475381107 ], [ -70.76206020047826, -34.189535981937631 ], [ -70.762098128493435, -34.18949607221176 ], [ -70.762102209545716, -34.189485276973905 ], [ -70.762135833180125, -34.189445429072613 ], [ -70.762169381266219, -34.189402003377651 ], [ -70.762215844490612, -34.189358392126358 ], [ -70.762271365081361, -34.189336122146649 ], [ -70.76230959064182, -34.189310522660946 ], [ -70.762338312136606, -34.1892421159801 ], [ -70.762328585892959, -34.189188576279022 ], [ -70.762310099954661, -34.189128003789257 ], [ -70.762304364116403, -34.189121115111234 ], [ -70.762283598726398, -34.189096177414804 ], [ -70.762260957395767, -34.189042822357671 ], [ -70.762233860779872, -34.188982375366557 ], [ -70.762299629414088, -34.189038687879673 ], [ -70.762326055144015, -34.189066938269093 ], [ -70.762383286466914, -34.189126953166365 ], [ -70.762419366232351, -34.189205163594643 ], [ -70.7624263736637, -34.189226856234825 ], [ -70.762437777824175, -34.189262158263894 ], [ -70.762428375654309, -34.189334859929126 ], [ -70.76242664918432, -34.189348205634182 ], [ -70.762401413278326, -34.189377198289911 ], [ -70.762358883362893, -34.189402858746917 ], [ -70.762299950549391, -34.189468122427598 ], [ -70.762257940489178, -34.189518825667953 ], [ -70.762241772474695, -34.189561583297291 ], [ -70.762280220907684, -34.189576210217652 ], [ -70.762289684897326, -34.189582565624775 ], [ -70.762308612634399, -34.189590049252324 ], [ -70.762355264687088, -34.189584508856839 ], [ -70.762364458639652, -34.189577885379492 ], [ -70.762380636326029, -34.189573144409479 ], [ -70.762390487049544, -34.189572010996635 ], [ -70.762403793994807, -34.189570105656792 ], [ -70.762413601578487, -34.189566898938885 ], [ -70.762427744156739, -34.189558219698924 ], [ -70.762535544050266, -34.189534578941888 ], [ -70.762659246107361, -34.189498175863719 ], [ -70.7627383571335, -34.189467282698438 ], [ -70.762788769795279, -34.18945474586404 ], [ -70.762811321599671, -34.189453880737418 ], [ -70.762838153960573, -34.189444928907371 ], [ -70.762873379603406, -34.18942738131171 ], [ -70.762926763187949, -34.189401185066451 ], [ -70.762953207169758, -34.1893735743893 ], [ -70.76305112039168, -34.18926594615035 ], [ -70.763123998781978, -34.189144160230775 ], [ -70.763154997500067, -34.189089636658544 ], [ -70.763207006581183, -34.188998153122284 ], [ -70.763255123452652, -34.188922259198179 ], [ -70.763264825562089, -34.18888271519365 ], [ -70.763297303940135, -34.1887644846515 ], [ -70.763327599189537, -34.188666484592041 ], [ -70.763348337213884, -34.188620200382204 ], [ -70.763354769567385, -34.188600811411142 ], [ -70.76335135015907, -34.188592924656696 ], [ -70.763348158998397, -34.188585577447689 ], [ -70.763351754818444, -34.188575876602798 ], [ -70.763363284349936, -34.188566783969868 ], [ -70.763418921578264, -34.18854984359011 ], [ -70.763490076734584, -34.188538181391948 ], [ -70.763560115572631, -34.188530231293953 ], [ -70.763645492922038, -34.188529364432043 ], [ -70.763671436836162, -34.188524663215297 ], [ -70.763688290965874, -34.188515943944047 ], [ -70.763725006539389, -34.188497022129241 ], [ -70.763755470259866, -34.18847347968989 ], [ -70.763757579921247, -34.188472085976002 ], [ -70.763798848066486, -34.188452208694088 ], [ -70.763800633737176, -34.188452504024298 ], [ -70.763812727496457, -34.188422465633231 ], [ -70.763933140749785, -34.18825814304531 ], [ -70.763960930381202, -34.188227446105834 ], [ -70.763981460509299, -34.188207674025477 ], [ -70.764055560666122, -34.188144661204255 ], [ -70.764076613925226, -34.188118749085454 ], [ -70.764097534961451, -34.188076068042847 ], [ -70.764103246799365, -34.188053353086211 ], [ -70.764108442276282, -34.187932900670297 ], [ -70.764107785087532, -34.187925936330856 ], [ -70.765856629436513, -34.187900782131969 ], [ -70.768431676454369, -34.187646137274953 ], [ -70.768146749351459, -34.187121594094258 ], [ -70.768146542498499, -34.187121249017849 ], [ -70.768146305341801, -34.187120855686203 ], [ -70.768144456293285, -34.187117783179595 ], [ -70.768144304586514, -34.187117532888976 ], [ -70.768141448417083, -34.187112787809596 ], [ -70.768139829829053, -34.187110099714069 ], [ -70.768137706548913, -34.187106573094155 ], [ -70.768134192802563, -34.187100734708082 ], [ -70.768129078464767, -34.18709223862475 ], [ -70.768117735860002, -34.187073395082976 ], [ -70.768102917772737, -34.187048778425854 ], [ -70.768093037512457, -34.187032362833591 ], [ -70.768092634002699, -34.187031693272829 ], [ -70.768063585743889, -34.186983437039061 ], [ -70.768049639897825, -34.186960267662606 ], [ -70.768048030275821, -34.186957592962031 ], [ -70.768032713170754, -34.186932147607514 ], [ -70.768003767248075, -34.186884060304919 ], [ -70.767985325343773, -34.186853421978256 ], [ -70.767956947129534, -34.186806278681111 ], [ -70.767931475692549, -34.186763965394135 ], [ -70.767906015429972, -34.186721666367376 ], [ -70.767900732561102, -34.186712891370249 ], [ -70.767898170907941, -34.186708635272389 ], [ -70.767881397130651, -34.186680768171783 ], [ -70.767881313945182, -34.1866806296064 ], [ -70.767864050120792, -34.186651949014227 ], [ -70.767862720408104, -34.186649740065128 ], [ -70.767853567744311, -34.186634597091057 ], [ -70.767634002351372, -34.186301475782471 ], [ -70.767637696867496, -34.186272196475201 ], [ -70.767008526087693, -34.185259438093567 ], [ -70.766818978912497, -34.184980647809574 ], [ -70.76626776451279, -34.184153566826886 ], [ -70.765671773649316, -34.183243626013649 ], [ -70.765240047359129, -34.182639083225986 ], [ -70.764739241075006, -34.181887613951275 ], [ -70.764531497936559, -34.181561365902283 ], [ -70.764435286389656, -34.181490381528462 ], [ -70.763449475873728, -34.180055201244414 ], [ -70.762421311822109, -34.17844526654396 ], [ -70.762376421224261, -34.178377299644438 ], [ -70.758276294695946, -34.177556454611256 ], [ -70.755924230898259, -34.177089129761875 ], [ -70.75553354833076, -34.177352384191018 ], [ -70.754782761268132, -34.177692362811293 ], [ -70.754609018005894, -34.177723477124609 ], [ -70.754533810605608, -34.177758191889566 ], [ -70.754294764731995, -34.177941975619035 ], [ -70.754110550035548, -34.178112091295702 ], [ -70.753829340705053, -34.178422444809016 ], [ -70.753652682398126, -34.178402806215232 ] ] ] } },
{ "type": "Feature", "properties": { "zona": "8" }, "geometry": { "type": "Polygon", "coordinates": [ [ [ -70.77498208001289, -34.183500599409371 ], [ -70.775599617825605, -34.184276641635499 ], [ -70.775714773484097, -34.184421354633706 ], [ -70.77573033543753, -34.184435101262913 ], [ -70.775730471424154, -34.184435221926122 ], [ -70.775737562004693, -34.184441484410989 ], [ -70.775745870853328, -34.184448823928193 ], [ -70.775832960665483, -34.184498859308441 ], [ -70.775892102729244, -34.184577006794335 ], [ -70.775886189376678, -34.184579077955739 ], [ -70.773080479297093, -34.18557956877369 ], [ -70.772731446969132, -34.185698612936775 ], [ -70.772612557116176, -34.185731979374708 ], [ -70.772561346877609, -34.185754191271457 ], [ -70.772652036737753, -34.185853544332502 ], [ -70.772656707459049, -34.185859852786365 ], [ -70.77266309214157, -34.185868475492143 ], [ -70.772676569400517, -34.185886675496313 ], [ -70.772892042422086, -34.186177663994044 ], [ -70.772918048085359, -34.186212784615584 ], [ -70.773218201152758, -34.186618133492885 ], [ -70.773239665807282, -34.186647120467953 ], [ -70.773374822174389, -34.186829644392134 ], [ -70.7733749404196, -34.186829798677401 ], [ -70.773375078831492, -34.186829983329105 ], [ -70.773375148009109, -34.186830074302804 ], [ -70.773386757727465, -34.186828415820315 ], [ -70.774053407225253, -34.187819311399799 ], [ -70.774182985511885, -34.18781311625046 ], [ -70.777157479526096, -34.187670867611267 ], [ -70.77728697818911, -34.187662949919215 ], [ -70.777316154358445, -34.187657208025264 ], [ -70.777327877685039, -34.187652259131653 ], [ -70.777498324977358, -34.187620483033982 ], [ -70.777524002842156, -34.187618669108836 ], [ -70.777565740370505, -34.187616892058529 ], [ -70.777603873026479, -34.187619133827901 ], [ -70.777674748134288, -34.187630460025751 ], [ -70.777732400255189, -34.187647658553097 ], [ -70.777785162903726, -34.187669706944753 ], [ -70.77783177517189, -34.187698773142486 ], [ -70.777838156389691, -34.187702752745764 ], [ -70.777876700282022, -34.18773492591469 ], [ -70.777907174933318, -34.187754862697219 ], [ -70.777928692989065, -34.187766813966284 ], [ -70.778038841947563, -34.187819230270541 ], [ -70.778079881455696, -34.187846226588327 ], [ -70.778101516873576, -34.187863766683833 ], [ -70.778209730607529, -34.187932530806179 ], [ -70.778254655080048, -34.187953340064205 ], [ -70.778299355683203, -34.187968653064125 ], [ -70.778352281341128, -34.187982944195461 ], [ -70.778408316769841, -34.187995476079088 ], [ -70.778435720215271, -34.187998324896874 ], [ -70.778472741842151, -34.187999321018438 ], [ -70.778518095126458, -34.187999205353265 ], [ -70.778555766005553, -34.187998617662579 ], [ -70.7786009669409, -34.18799791265856 ], [ -70.778655037704183, -34.188002657856927 ], [ -70.778655101854966, -34.188002664140349 ], [ -70.778679453236677, -34.188004799729455 ], [ -70.778751652963223, -34.188013043904689 ], [ -70.778752327315885, -34.18801312068922 ], [ -70.778795799435031, -34.188021598378285 ], [ -70.77890798598655, -34.188052162224039 ], [ -70.779055694580109, -34.18808464536238 ], [ -70.779178493310127, -34.188109012728567 ], [ -70.779251061505605, -34.188121258429852 ], [ -70.77926854744797, -34.18812420763571 ], [ -70.779433933180542, -34.188161394161796 ], [ -70.779526156148634, -34.188177968579531 ], [ -70.779527711496087, -34.188178248085471 ], [ -70.779726774514785, -34.188207008839669 ], [ -70.779794876865736, -34.188225767990154 ], [ -70.779800374545403, -34.188233807150532 ], [ -70.779873718455391, -34.188203074188479 ], [ -70.779963292283952, -34.188169582703622 ], [ -70.780020221590817, -34.188152345585557 ], [ -70.780106383814513, -34.188132070168415 ], [ -70.780160682191919, -34.18812388819358 ], [ -70.780199641710254, -34.188118993698886 ], [ -70.780240631439142, -34.188117767608887 ], [ -70.780271036249147, -34.18811886012071 ], [ -70.780331902650772, -34.188123746700285 ], [ -70.780373007968606, -34.188128020176059 ], [ -70.78044544220181, -34.188141214800638 ], [ -70.780480741118993, -34.188148007117832 ], [ -70.780515103079068, -34.18816184540399 ], [ -70.780528863591641, -34.188166064001592 ], [ -70.780566741707219, -34.188166506034676 ], [ -70.780604122931734, -34.18816911935528 ], [ -70.780619687707556, -34.188171418175621 ], [ -70.780655490617619, -34.188181537621851 ], [ -70.780666805534665, -34.188188137034587 ], [ -70.780689670292247, -34.188212510853035 ], [ -70.780701579704242, -34.18823190490658 ], [ -70.780706035697563, -34.188242571379583 ], [ -70.780705413317179, -34.188264581055286 ], [ -70.780699871739429, -34.188284859641122 ], [ -70.780695886690907, -34.188306919035263 ], [ -70.780695478405136, -34.188318466754971 ], [ -70.780716953054593, -34.188374781918931 ], [ -70.780750581144062, -34.188446611163847 ], [ -70.780772003165708, -34.188474612719695 ], [ -70.780801092761294, -34.188500880789789 ], [ -70.7808111610033, -34.188510113224623 ], [ -70.780843438964382, -34.18852803933175 ], [ -70.780881358017652, -34.188540742922299 ], [ -70.780909181881313, -34.188548093590661 ], [ -70.780950481631379, -34.188551282002479 ], [ -70.781031685084301, -34.188548029035289 ], [ -70.781072596411491, -34.188553386229962 ], [ -70.781098138964552, -34.188555449034425 ], [ -70.781233943606239, -34.188542927076703 ], [ -70.781310110278284, -34.188532354009901 ], [ -70.781350765674546, -34.188525540944227 ], [ -70.781510950469979, -34.188485613543065 ], [ -70.781647006529326, -34.188443783054154 ], [ -70.781686988655323, -34.188430757911142 ], [ -70.781791245438555, -34.188378298218012 ], [ -70.781818695752577, -34.18836788966825 ], [ -70.781871571036717, -34.188353956713506 ], [ -70.78189949847291, -34.18835075573503 ], [ -70.781977243054257, -34.188332675206041 ], [ -70.782076462307089, -34.188303821084787 ], [ -70.782091968368093, -34.188303326194593 ], [ -70.782143110268422, -34.188310156558387 ], [ -70.782191865424252, -34.188322163085267 ], [ -70.782266854114539, -34.188332975084315 ], [ -70.782290818482636, -34.18834254560231 ], [ -70.782347068544937, -34.18834461370728 ], [ -70.782405147862448, -34.188340795042279 ], [ -70.782539226137445, -34.188323606979672 ], [ -70.782669282577473, -34.188316396847881 ], [ -70.782714714412108, -34.188309696059122 ], [ -70.782809004874636, -34.18830444831103 ], [ -70.782837832246841, -34.188305239400378 ], [ -70.782879900728148, -34.18830639256992 ], [ -70.782904526132995, -34.188306124805415 ], [ -70.782954321530113, -34.188300531813624 ], [ -70.783005814548346, -34.188293110720693 ], [ -70.783074134873544, -34.188275796781902 ], [ -70.783085361095019, -34.188273018653462 ], [ -70.78311363759704, -34.188255476163427 ], [ -70.783131801052008, -34.188242047269547 ], [ -70.783136935966041, -34.188233405550811 ], [ -70.78318759368203, -34.18819146223656 ], [ -70.783258619635376, -34.188148048771126 ], [ -70.78327567174253, -34.188133373630563 ], [ -70.783297254769707, -34.188122601006093 ], [ -70.783318898500283, -34.188114712040282 ], [ -70.783341516288672, -34.188111858440855 ], [ -70.783368499558364, -34.188110202848662 ], [ -70.783418335982276, -34.188116873124073 ], [ -70.78345601987813, -34.188118399130417 ], [ -70.783545196607406, -34.188112502908979 ], [ -70.783579067444151, -34.188102994287654 ], [ -70.783589290792122, -34.18809896831339 ], [ -70.783607901315449, -34.188086164041167 ], [ -70.783611837290138, -34.18807727012819 ], [ -70.783609691150474, -34.188068103072709 ], [ -70.783603346840835, -34.188060530857683 ], [ -70.783596895976032, -34.188053051263616 ], [ -70.783585610963442, -34.188053035016701 ], [ -70.783548074832595, -34.188063678977223 ], [ -70.783523399869836, -34.188066742866823 ], [ -70.783498471916644, -34.188068098097716 ], [ -70.783486077477008, -34.188066924858447 ], [ -70.783473875349316, -34.188064578412458 ], [ -70.783463418538716, -34.188057515934496 ], [ -70.783455407307287, -34.18804807527561 ], [ -70.783452064203118, -34.188038746181753 ], [ -70.783449859247469, -34.188026784701805 ], [ -70.783449018619976, -34.188017779903483 ], [ -70.783457127832861, -34.188011259913154 ], [ -70.783484052250671, -34.188006810777111 ], [ -70.783507868921106, -34.18800421112811 ], [ -70.783573900328605, -34.188007038152762 ], [ -70.783615801155506, -34.188006110578122 ], [ -70.783716411280409, -34.188003882919169 ], [ -70.783764325791552, -34.188006884024404 ], [ -70.783834697738769, -34.188014876757087 ], [ -70.783888012583176, -34.188026995736266 ], [ -70.783927869436496, -34.188033810037908 ], [ -70.783966860690001, -34.188035588286304 ], [ -70.784020480081026, -34.188046710004137 ], [ -70.784152662606999, -34.188058043346345 ], [ -70.784228956752372, -34.188069016398416 ], [ -70.784322627278058, -34.188085868206137 ], [ -70.784342538163756, -34.188098743412546 ], [ -70.784363636802865, -34.188106191125776 ], [ -70.784375030273665, -34.188106204821395 ], [ -70.784412139069417, -34.18811648630966 ], [ -70.784470815047356, -34.188125551424989 ], [ -70.784559945442325, -34.188132911059306 ], [ -70.784601136559075, -34.18813609801915 ], [ -70.784621639686094, -34.188141029586312 ], [ -70.784642989710861, -34.188144956956094 ], [ -70.784662035228735, -34.188147656370937 ], [ -70.784700257276086, -34.188159273224706 ], [ -70.784724718612907, -34.188166671046211 ], [ -70.784734366824622, -34.188171399853196 ], [ -70.784762093160026, -34.188194712086293 ], [ -70.784783459429136, -34.188220008626139 ], [ -70.784824946493046, -34.188247538053865 ], [ -70.784850922108163, -34.188270154378969 ], [ -70.784907593195641, -34.188307652061759 ], [ -70.784953691498316, -34.188332588676374 ], [ -70.784955182118082, -34.188333451554257 ], [ -70.785007186763352, -34.188363551004706 ], [ -70.785034357552362, -34.188386239164878 ], [ -70.785064834048754, -34.188406174105808 ], [ -70.785112763414716, -34.188425314021835 ], [ -70.785123464099328, -34.188428493685542 ], [ -70.785141123833256, -34.188442663902386 ], [ -70.785193468360262, -34.188460206636826 ], [ -70.785227273611198, -34.188473331228273 ], [ -70.785249738675532, -34.188483823782299 ], [ -70.78525994261895, -34.188489175649408 ], [ -70.785265643863937, -34.188497117815345 ], [ -70.785253922821113, -34.188502157598784 ], [ -70.785228380203563, -34.188500094761274 ], [ -70.785216733620715, -34.188498370694788 ], [ -70.785203840447423, -34.188499279705042 ], [ -70.785203562883993, -34.188499392850652 ], [ -70.785193727527485, -34.188503395278047 ], [ -70.785188290150188, -34.188513121719964 ], [ -70.78518837927129, -34.188522499022241 ], [ -70.785190417082603, -34.188531665819603 ], [ -70.785280635232823, -34.188575168228553 ], [ -70.785312249950238, -34.18859247070224 ], [ -70.785341974887146, -34.188612778092519 ], [ -70.78535918748193, -34.188626322691611 ], [ -70.785461733004894, -34.188750166586317 ], [ -70.785528938807573, -34.188824119707441 ], [ -70.785624305914837, -34.18890595938759 ], [ -70.785686789457571, -34.188951487391748 ], [ -70.785695248220733, -34.188961552573609 ], [ -70.785740209038565, -34.188989122177411 ], [ -70.7857788916386, -34.189017412555749 ], [ -70.785793550431706, -34.18903333959652 ], [ -70.785827564907748, -34.189061519384921 ], [ -70.785860291268108, -34.189080067908286 ], [ -70.785894957059014, -34.189092819098697 ], [ -70.785905355257967, -34.189097086039489 ], [ -70.785922206506598, -34.189108922583678 ], [ -70.785928465433699, -34.189117577957539 ], [ -70.785945628707509, -34.189133920266016 ], [ -70.785965149879331, -34.189148873884342 ], [ -70.785989114867419, -34.18915844365786 ], [ -70.786030144573061, -34.189169388011791 ], [ -70.786069943204495, -34.189173408078425 ], [ -70.786096567093026, -34.189170134051352 ], [ -70.786133353534439, -34.189159951076505 ], [ -70.786147190749872, -34.189157495327514 ], [ -70.78618376376329, -34.189157774280538 ], [ -70.786194161983772, -34.189162041196063 ], [ -70.786288278145165, -34.189148496742362 ], [ -70.786318262860988, -34.189145085356628 ], [ -70.786340998660933, -34.189147820031046 ], [ -70.786377527585273, -34.189161443847361 ], [ -70.786404570051914, -34.189162582896039 ], [ -70.786447583220323, -34.189154383054536 ], [ -70.786480839469363, -34.189141455215172 ], [ -70.786512030996008, -34.189123237401255 ], [ -70.786540249952239, -34.189102988060526 ], [ -70.786567854312679, -34.189079323003504 ], [ -70.786617494812759, -34.189020078643225 ], [ -70.786632430335132, -34.189002818939898 ], [ -70.786682085138963, -34.188958712108565 ], [ -70.786811285371414, -34.188998848460962 ], [ -70.787915920224151, -34.188725495705754 ], [ -70.79145071767654, -34.187850698690681 ], [ -70.791453798060019, -34.187854028767362 ], [ -70.791499478032023, -34.18783494437038 ], [ -70.788571018664399, -34.183772263555056 ], [ -70.787562934075467, -34.18237362749278 ], [ -70.786973642395949, -34.181734884869364 ], [ -70.787033909652294, -34.18185812534508 ], [ -70.787060092316821, -34.181911666617069 ], [ -70.787109952936319, -34.182013625189064 ], [ -70.787118121508726, -34.182047252391435 ], [ -70.787133240921236, -34.182109498446231 ], [ -70.787145406582837, -34.182197596951987 ], [ -70.787116650061293, -34.182300268919541 ], [ -70.787090213973016, -34.182353493796654 ], [ -70.787068012162436, -34.182386277612366 ], [ -70.787033913448099, -34.182415719901357 ], [ -70.787008372287033, -34.182439721082467 ], [ -70.786973483627705, -34.182472505750539 ], [ -70.786941797383491, -34.182518592558218 ], [ -70.786919987175111, -34.182569948413388 ], [ -70.786879408146746, -34.182636813725189 ], [ -70.786864373685702, -34.182659772751911 ], [ -70.786813711817672, -34.182737138257863 ], [ -70.78674923985615, -34.182792630324975 ], [ -70.786674722481749, -34.182839973010488 ], [ -70.786588665996291, -34.182875220561058 ], [ -70.786481310091062, -34.182908884671122 ], [ -70.786320957675869, -34.182945394354398 ], [ -70.786144276548185, -34.182986361554363 ], [ -70.785977390489293, -34.183025057875994 ], [ -70.785435114154609, -34.183138632257958 ], [ -70.785019111662876, -34.183230707935209 ], [ -70.78471701101175, -34.183301108208035 ], [ -70.784558920094653, -34.183326581936065 ], [ -70.78420990059729, -34.183384498669781 ], [ -70.783848691330618, -34.183425188821026 ], [ -70.783398566265873, -34.18347880259892 ], [ -70.783283007642964, -34.183492665481431 ], [ -70.783073673176148, -34.183517776756581 ], [ -70.783061243253698, -34.183519267607807 ], [ -70.783043066243408, -34.183499063167815 ], [ -70.783017113437012, -34.183470218017803 ], [ -70.782716619550442, -34.183136216900166 ], [ -70.782436314472946, -34.182824650866046 ], [ -70.782386343895098, -34.182769108878283 ], [ -70.782081881086668, -34.182430687698513 ], [ -70.782049747499329, -34.182394970068884 ], [ -70.781967746056409, -34.182303820577424 ], [ -70.781959307173111, -34.182294440115008 ], [ -70.781345778302281, -34.181612468590423 ], [ -70.781280585885625, -34.181540003070623 ], [ -70.781255967388603, -34.181512637676384 ], [ -70.781217543203553, -34.181469924667383 ], [ -70.781164406942821, -34.181410860970523 ], [ -70.781154606245693, -34.181399967325824 ], [ -70.781047276304832, -34.181280661345589 ], [ -70.780977957268249, -34.181203607284459 ], [ -70.780832197416984, -34.18104158267132 ], [ -70.78047465630695, -34.180644142065482 ], [ -70.780289899741391, -34.180438765272605 ], [ -70.780278434006803, -34.18042602017244 ], [ -70.780149861490187, -34.180283095816876 ], [ -70.780032224115629, -34.1801523290166 ], [ -70.779929856437548, -34.18003853422973 ], [ -70.779705998985449, -34.179789689106869 ], [ -70.779429845497788, -34.179482706424054 ], [ -70.779419820857271, -34.179471563401123 ], [ -70.779419840900758, -34.179471329569054 ], [ -70.779419189788797, -34.17944032400441 ], [ -70.779418694353396, -34.179436415992157 ], [ -70.779417391240173, -34.179432640523693 ], [ -70.779415319673674, -34.17942910884129 ], [ -70.779413793644935, -34.179427221167423 ], [ -70.77873671242331, -34.178674634217124 ], [ -70.778733907643485, -34.178671472031375 ], [ -70.778572160130338, -34.178491610686827 ], [ -70.778561477892055, -34.17846845830617 ], [ -70.778559404160063, -34.178464923934051 ], [ -70.778558067093115, -34.178463249918082 ], [ -70.778482645058659, -34.178377331597495 ], [ -70.778288505880525, -34.178156174295168 ], [ -70.778285723628073, -34.178152998246169 ], [ -70.778167166102392, -34.178017909261889 ], [ -70.777834348277125, -34.177638678905986 ], [ -70.777831566059135, -34.177635502845426 ], [ -70.777536822205974, -34.177299654500523 ], [ -70.777534040029451, -34.177296479333705 ], [ -70.77734684779233, -34.177083148924119 ], [ -70.77708927676197, -34.17678961033134 ], [ -70.777052962425799, -34.17674822508851 ], [ -70.777051519388763, -34.176746720306838 ], [ -70.777048118419444, -34.176743990516606 ], [ -70.77704528395131, -34.176738297281602 ], [ -70.777001796326317, -34.176650949120976 ], [ -70.774318287048175, -34.177691451316576 ], [ -70.773881590172422, -34.177860768018064 ], [ -70.773875955837326, -34.177862952555628 ], [ -70.773715653561979, -34.177925104606842 ], [ -70.774557258064391, -34.17892410534018 ], [ -70.774419882414918, -34.178976181549501 ], [ -70.773506416991779, -34.179322451540926 ], [ -70.773015719619551, -34.179552066577074 ], [ -70.772607715968519, -34.180010545666626 ], [ -70.772447670584825, -34.180404327696039 ], [ -70.772377661006686, -34.180578496291638 ], [ -70.772395179092541, -34.180592557787975 ], [ -70.772613935035238, -34.180648378409941 ], [ -70.77298937377536, -34.181109560769407 ], [ -70.773081321818765, -34.181222509379836 ], [ -70.773344308938107, -34.181534536367337 ], [ -70.77334433895966, -34.181534571099832 ], [ -70.77369670844061, -34.181952650374029 ], [ -70.774174359038938, -34.182530412866157 ], [ -70.774386662048485, -34.182787208872178 ], [ -70.774728609574268, -34.183194504315495 ], [ -70.774918230220393, -34.18342035998004 ], [ -70.77498208001289, -34.183500599409371 ] ] ] } },
{ "type": "Feature", "properties": { "zona": "46" }, "geometry": { "type": "Polygon", "coordinates": [ [ [ -70.746294207919021, -34.193161161703536 ], [ -70.745825476846875, -34.193375873800136 ], [ -70.745520871322185, -34.193530036042837 ], [ -70.745437943634968, -34.193574160038793 ], [ -70.745136216973776, -34.193734446256947 ], [ -70.74464931157118, -34.193981418661309 ], [ -70.742235434052219, -34.19522147015801 ], [ -70.742069376550106, -34.195300172925961 ], [ -70.741774020940625, -34.195458012492232 ], [ -70.741325912026099, -34.195671459936719 ], [ -70.74107816750481, -34.19579903773181 ], [ -70.740938219517815, -34.195883930089174 ], [ -70.740681435789185, -34.196067700945783 ], [ -70.740512394646544, -34.196189984798785 ], [ -70.740221158204164, -34.19640883678175 ], [ -70.739995553237705, -34.196573078281887 ], [ -70.739699922536701, -34.196787816486911 ], [ -70.739504707080201, -34.196928959789822 ], [ -70.739369825545708, -34.197037039923515 ], [ -70.739280718301785, -34.197102122938034 ], [ -70.739213538971555, -34.197151388254319 ], [ -70.739159662532046, -34.197184360379055 ], [ -70.738920573597724, -34.19732135395774 ], [ -70.738634795743323, -34.197491813115946 ], [ -70.738392736537065, -34.197624075949996 ], [ -70.738167022859727, -34.197748352870477 ], [ -70.73799876135574, -34.197839011082451 ], [ -70.737728375561105, -34.197990164482292 ], [ -70.737560272152422, -34.198088573660158 ], [ -70.737434054549396, -34.198164320828361 ], [ -70.737260902934068, -34.198261608157623 ], [ -70.737026586214157, -34.198386601813645 ], [ -70.736982620757303, -34.198412871797849 ], [ -70.736502968140854, -34.198685678104866 ], [ -70.736216364664031, -34.198851371590706 ], [ -70.736031572537271, -34.198950571323259 ], [ -70.73596069094863, -34.198994519429313 ], [ -70.735752027219434, -34.19918231141817 ], [ -70.735719641671608, -34.199211457634753 ], [ -70.735351838662879, -34.199548285800653 ], [ -70.735024897844639, -34.199847554830633 ], [ -70.734699437849329, -34.200149187990618 ], [ -70.734457117740632, -34.200374492487526 ], [ -70.734243087037143, -34.200579117049742 ], [ -70.734007818060661, -34.200798356169194 ], [ -70.733813145449943, -34.200966920165449 ], [ -70.733738296793874, -34.201027622758708 ], [ -70.733691616933939, -34.201061683761957 ], [ -70.733595215443643, -34.201121497983976 ], [ -70.733460865847945, -34.201221213533131 ], [ -70.73335470943772, -34.201295480085257 ], [ -70.733204596858187, -34.201396612010079 ], [ -70.732880262193476, -34.201613528817767 ], [ -70.73255454039311, -34.201832851208458 ], [ -70.732078506676118, -34.20216037915646 ], [ -70.731770968522966, -34.202374977434417 ], [ -70.73114524883654, -34.202808479754751 ], [ -70.730488261888766, -34.203257927761427 ], [ -70.729739264324564, -34.203771893502783 ], [ -70.729289312171275, -34.204095547980238 ], [ -70.728870640282253, -34.204404444331082 ], [ -70.728490185071522, -34.204686558189152 ], [ -70.728215722563363, -34.204886060349651 ], [ -70.727794124343887, -34.205192608429996 ], [ -70.727453169623629, -34.205440761489335 ], [ -70.727081170555792, -34.205715593293469 ], [ -70.726861902076948, -34.205876143092667 ], [ -70.72673850967432, -34.205950646760968 ], [ -70.72641195184498, -34.206060218785069 ], [ -70.726233772766534, -34.206123564501638 ], [ -70.726106706053926, -34.206158753317474 ], [ -70.725856878692937, -34.206229071761136 ], [ -70.725340119779631, -34.206375910789987 ], [ -70.724376280570851, -34.206669444828151 ], [ -70.724384585159967, -34.206683178321796 ], [ -70.724362404812467, -34.206689211558384 ], [ -70.724320542946387, -34.206701939004013 ], [ -70.724299875189047, -34.206708222375724 ], [ -70.724310946156706, -34.206738628371333 ], [ -70.724311360024316, -34.20673976501876 ], [ -70.724313610084096, -34.206751389788096 ], [ -70.724315803148542, -34.206775348048474 ], [ -70.724316324036536, -34.206781045844401 ], [ -70.724317433962, -34.206793176273493 ], [ -70.724315983596043, -34.20682683045527 ], [ -70.724311046649788, -34.206847457962574 ], [ -70.724301147329768, -34.206868337390162 ], [ -70.724263485654859, -34.206927478096588 ], [ -70.724256255603478, -34.206935167645305 ], [ -70.724246941328161, -34.206945074949104 ], [ -70.724236078177441, -34.206956628009792 ], [ -70.724184428015647, -34.20700720435827 ], [ -70.724162551246977, -34.207028626385529 ], [ -70.724116757390959, -34.20707621866508 ], [ -70.724087300164442, -34.207106832886609 ], [ -70.724084041527632, -34.20711021863444 ], [ -70.724041923594385, -34.207139267836816 ], [ -70.724041893636354, -34.207139288997297 ], [ -70.723936301456192, -34.207196731773266 ], [ -70.723936267102971, -34.207196750290393 ], [ -70.723932100483268, -34.207198612284508 ], [ -70.72389190463683, -34.207216580351179 ], [ -70.723851226909531, -34.207234762572178 ], [ -70.72385119246448, -34.207234776581991 ], [ -70.723780204787047, -34.207253913251058 ], [ -70.723780168080168, -34.207253922784147 ], [ -70.723692630606578, -34.207281124290752 ], [ -70.723692593918059, -34.20728113472525 ], [ -70.723624427492567, -34.207305522885271 ], [ -70.723624389792434, -34.207305536940815 ], [ -70.723613812209067, -34.20731012022285 ], [ -70.723576121451131, -34.207326449737145 ], [ -70.723576084872676, -34.207326465580337 ], [ -70.723467949325951, -34.207370800378925 ], [ -70.723467912729149, -34.20737081532063 ], [ -70.723427445052252, -34.207385729358435 ], [ -70.723427408437033, -34.207385743398646 ], [ -70.723375558687124, -34.20740240439001 ], [ -70.723366847339307, -34.207405203990973 ], [ -70.723366809602368, -34.207405216243551 ], [ -70.723337018411542, -34.207416726841309 ], [ -70.723336980729627, -34.20741674179822 ], [ -70.723283881432408, -34.207440265193675 ], [ -70.723283844853853, -34.207440281036774 ], [ -70.723161321388318, -34.207502983610709 ], [ -70.723161287034785, -34.207503002127631 ], [ -70.723152246531072, -34.207508986670803 ], [ -70.72308454665594, -34.207553805242497 ], [ -70.723043092252823, -34.207581248758423 ], [ -70.723043060124326, -34.207581269949173 ], [ -70.722928783258894, -34.207649390220887 ], [ -70.722928751075315, -34.207649408707255 ], [ -70.722868207128997, -34.207696868723957 ], [ -70.722868179358855, -34.207696890755145 ], [ -70.722845118354485, -34.207713691695048 ], [ -70.722799388814479, -34.207747007616611 ], [ -70.722765540031162, -34.207771668817067 ], [ -70.722765510090895, -34.207771690878722 ], [ -70.722754225863, -34.207780594190361 ], [ -70.722654300945322, -34.207859435006846 ], [ -70.722644001545135, -34.207867560725575 ], [ -70.722643973774879, -34.207867582756712 ], [ -70.722578652385067, -34.207925627293818 ], [ -70.722544923450485, -34.20795559782507 ], [ -70.722513723186836, -34.207983321834853 ], [ -70.722456602387197, -34.208019657862778 ], [ -70.722456570240041, -34.20801967815197 ], [ -70.722383891775422, -34.208062660059312 ], [ -70.722383859609906, -34.208062679446989 ], [ -70.722316794136077, -34.208109167678955 ], [ -70.722289066384192, -34.208128389327825 ], [ -70.72228903640702, -34.208128409586472 ], [ -70.722281831735998, -34.208133199666804 ], [ -70.722281800692102, -34.20813322084215 ], [ -70.722171702504141, -34.208206428699206 ], [ -70.722171671460217, -34.208206449874503 ], [ -70.722000074987335, -34.208300268683907 ], [ -70.72195970767892, -34.20832233861379 ], [ -70.721959675494872, -34.208322357099938 ], [ -70.721799592507267, -34.208428107701344 ], [ -70.721759974943765, -34.208454280642627 ], [ -70.72175994388131, -34.208454300916387 ], [ -70.72173374357213, -34.208468910389179 ], [ -70.72167331665672, -34.208502602676511 ], [ -70.721633780040847, -34.208524648214734 ], [ -70.72163374675327, -34.208524665814537 ], [ -70.721553177462951, -34.208569591198994 ], [ -70.721553144175346, -34.208569608798804 ], [ -70.721473560160021, -34.208616182152248 ], [ -70.721434442224307, -34.208639073866387 ], [ -70.721434410058336, -34.208639093253858 ], [ -70.721297743919123, -34.208716433426964 ], [ -70.721297709564723, -34.208716451943403 ], [ -70.721275636071269, -34.208726923153911 ], [ -70.721275601661844, -34.208726938966009 ], [ -70.721254422551567, -34.208736986438844 ], [ -70.721254388142157, -34.208737002250892 ], [ -70.72115655376831, -34.208779359986764 ], [ -70.721129083539125, -34.208791254072544 ], [ -70.721129049092966, -34.208791268081676 ], [ -70.721064925488903, -34.208808596320473 ], [ -70.721010567322779, -34.208823286130382 ], [ -70.721010529529863, -34.208823295677888 ], [ -70.720858300900659, -34.208854452659047 ], [ -70.720822498909001, -34.208861780112883 ], [ -70.720822462164406, -34.208861787842203 ], [ -70.720727222554871, -34.208883968222963 ], [ -70.720727185828608, -34.208883976853706 ], [ -70.720725860709166, -34.208884461632138 ], [ -70.720725825159533, -34.208884474754917 ], [ -70.72069738052204, -34.208894890087301 ], [ -70.720697344990739, -34.208894904111517 ], [ -70.720660503071045, -34.208917601338655 ], [ -70.720660470904775, -34.208917620725934 ], [ -70.720615203499861, -34.208953189053176 ], [ -70.720615175728696, -34.208953211083909 ], [ -70.720557172941, -34.208996046427593 ], [ -70.72052035925924, -34.209023233735763 ], [ -70.720520329317964, -34.209023255796907 ], [ -70.720501668917748, -34.209036122618905 ], [ -70.720470374190157, -34.209057703191327 ], [ -70.720470344230534, -34.209057724350998 ], [ -70.720416087804452, -34.209088058954507 ], [ -70.720416054553041, -34.209088078356935 ], [ -70.720292094507798, -34.20916090374476 ], [ -70.720292062341358, -34.209160923131947 ], [ -70.720229972323807, -34.209186907687887 ], [ -70.720229936810583, -34.209186922613419 ], [ -70.720175676117435, -34.209209632308145 ], [ -70.720175641707613, -34.209209648119916 ], [ -70.720045496840683, -34.209278729554846 ], [ -70.720045464637522, -34.20927874713901 ], [ -70.7199676805362, -34.209325627920308 ], [ -70.719965501779583, -34.209326940711755 ], [ -70.719965470698057, -34.209326960083629 ], [ -70.719896775900594, -34.209387173168707 ], [ -70.71986602418292, -34.209414125579677 ], [ -70.719864755532029, -34.209415680789149 ], [ -70.719800846542284, -34.209494086339632 ], [ -70.719748240242239, -34.209593855375488 ], [ -70.71971507968793, -34.209656743138034 ], [ -70.719710834370133, -34.209665105624808 ], [ -70.719707769332786, -34.209671142278637 ], [ -70.719691538290704, -34.209703109209599 ], [ -70.719674931491781, -34.209735813596915 ], [ -70.719641113698174, -34.209802416587188 ], [ -70.719474890553968, -34.209954059027403 ], [ -70.719470205852971, -34.209957837960374 ], [ -70.719470179166251, -34.209957859975603 ], [ -70.719395057142009, -34.210007336071349 ], [ -70.719377324099838, -34.210019015696581 ], [ -70.719349633658524, -34.210037252406657 ], [ -70.719349603661612, -34.210037271763156 ], [ -70.719342361364184, -34.210042042364606 ], [ -70.719342330282245, -34.210042061736345 ], [ -70.719260723873276, -34.210085378912531 ], [ -70.719238219509933, -34.210097323789618 ], [ -70.719238187306274, -34.210097341373611 ], [ -70.719144024803825, -34.210144052715833 ], [ -70.719143991496765, -34.210144069413559 ], [ -70.719094261393593, -34.210160478894366 ], [ -70.719053536955215, -34.210173917211677 ], [ -70.719053502434932, -34.210173927614427 ], [ -70.718966788953054, -34.210188592200531 ], [ -70.718966753256126, -34.210188598111202 ], [ -70.718834532836823, -34.210209738182662 ], [ -70.718805364004453, -34.210214402206439 ], [ -70.718805328307539, -34.210214408117047 ], [ -70.71876229646287, -34.210226998610985 ], [ -70.718727607088951, -34.210237149355798 ], [ -70.718727571465209, -34.210237158872211 ], [ -70.718702730737235, -34.210244426764142 ], [ -70.718702696198534, -34.210244436265313 ], [ -70.718597392577522, -34.210253760620645 ], [ -70.718592399121079, -34.210254203009853 ], [ -70.718592363369197, -34.21025420621605 ], [ -70.718567342973259, -34.210256421608698 ], [ -70.718567307221363, -34.210256424814887 ], [ -70.718531667130634, -34.210258669103716 ], [ -70.718525042933052, -34.210259085651657 ], [ -70.718440704029803, -34.21026439470473 ], [ -70.718440668259618, -34.210264397009418 ], [ -70.718438475371954, -34.210264535043287 ], [ -70.718438438516699, -34.210264537363187 ], [ -70.718437418486872, -34.210264601251573 ], [ -70.718437382698369, -34.210264602654789 ], [ -70.718436089527572, -34.210264684798219 ], [ -70.718436053757387, -34.210264687102935 ], [ -70.718431832745637, -34.210264952746144 ], [ -70.718431796975437, -34.210264955050832 ], [ -70.718429863159585, -34.21026507683009 ], [ -70.718429827407661, -34.210265080036223 ], [ -70.718426076060027, -34.210266079402082 ], [ -70.718426040436228, -34.210266088918402 ], [ -70.718422820226678, -34.210266947387865 ], [ -70.718422783499548, -34.210266956017932 ], [ -70.718421235474239, -34.210267369053604 ], [ -70.718421198765398, -34.210267378585137 ], [ -70.718420584535551, -34.2102675431886 ], [ -70.71842054782671, -34.210267552720097 ], [ -70.718420041534969, -34.210267687857936 ], [ -70.718420004844418, -34.210267698290906 ], [ -70.71835989704806, -34.210283718189366 ], [ -70.718359861424275, -34.210283727705651 ], [ -70.718343284275221, -34.210288145740883 ], [ -70.718343248688015, -34.210288157060091 ], [ -70.718271412529489, -34.210337917363489 ], [ -70.718271382532237, -34.210337936719739 ], [ -70.718203322737352, -34.210374193249699 ], [ -70.718203290515049, -34.210374209931977 ], [ -70.718148129643694, -34.210403807805271 ], [ -70.718113208513159, -34.210422545911769 ], [ -70.718113176290842, -34.210422562594033 ], [ -70.718054243525501, -34.210462684840742 ], [ -70.71801736127378, -34.210487794833661 ], [ -70.718017331294732, -34.210487815091319 ], [ -70.717989582203217, -34.210502542863459 ], [ -70.717984432261829, -34.210505275962454 ], [ -70.717984398972689, -34.210505293561354 ], [ -70.717913219016864, -34.21054307335411 ], [ -70.717913184642626, -34.210543090968173 ], [ -70.717848552967382, -34.210563614020394 ], [ -70.717812108943079, -34.210575186741899 ], [ -70.717766389451128, -34.210589705428319 ], [ -70.717766353863709, -34.210589716747371 ], [ -70.717746378588785, -34.210600725118134 ], [ -70.717653934138866, -34.210651672752945 ], [ -70.717644267444314, -34.210657001109176 ], [ -70.717644235258376, -34.21065701959423 ], [ -70.717527114658694, -34.21077133965678 ], [ -70.71751377770147, -34.210799850996835 ], [ -70.717488311512724, -34.210854293193449 ], [ -70.71747223206701, -34.2108681089858 ], [ -70.717451963443779, -34.210885526270232 ], [ -70.717436950757389, -34.210898425406576 ], [ -70.717416682101359, -34.21091584178405 ], [ -70.717274855633789, -34.211045410200136 ], [ -70.717166378463503, -34.211144509735263 ], [ -70.717165613377105, -34.21114521025784 ], [ -70.716991349536272, -34.211304411946088 ], [ -70.716961835899269, -34.211338650169083 ], [ -70.716857734207338, -34.211459417601702 ], [ -70.71685487850938, -34.211462731696152 ], [ -70.716716675393059, -34.211653083576991 ], [ -70.716579166448938, -34.211842478792875 ], [ -70.716576929143557, -34.211845352304827 ], [ -70.716550268827049, -34.211879600082938 ], [ -70.716462765539006, -34.21199200591321 ], [ -70.716423410119617, -34.212042560269239 ], [ -70.71637006714721, -34.212111091234526 ], [ -70.7163700458661, -34.212111112271749 ], [ -70.716370026755129, -34.21211113327859 ], [ -70.716337380149071, -34.21214724387778 ], [ -70.716300523301086, -34.212188011220881 ], [ -70.716276810880174, -34.212214240245302 ], [ -70.716268757766315, -34.212223148246608 ], [ -70.716213671421173, -34.212284078679893 ], [ -70.716206833786444, -34.212291641445539 ], [ -70.716203277475856, -34.212295573985699 ], [ -70.71619672332271, -34.212302825299879 ], [ -70.716189849633039, -34.212310430047928 ], [ -70.716169213940034, -34.212325029908854 ], [ -70.716089197480088, -34.212381642840874 ], [ -70.716089167499902, -34.212381663098085 ], [ -70.715939297498693, -34.212487697017814 ], [ -70.715939268603535, -34.212487717259805 ], [ -70.715886253341253, -34.212525227286946 ], [ -70.715886224427763, -34.212525246627465 ], [ -70.715881556918418, -34.212528549984533 ], [ -70.715881528023203, -34.21252857022651 ], [ -70.715868558033762, -34.212537747184733 ], [ -70.715868529138532, -34.212537767426689 ], [ -70.715841074638817, -34.212557654700696 ], [ -70.715718972534333, -34.212646116800158 ], [ -70.715718943639033, -34.2126461370421 ], [ -70.715638099552862, -34.212705857741874 ], [ -70.715638071760893, -34.212705878870082 ], [ -70.715563803150644, -34.212756135140047 ], [ -70.715563774255273, -34.212756155381953 ], [ -70.715556460237337, -34.212761104405452 ], [ -70.715556431323677, -34.212761123745892 ], [ -70.715515299784855, -34.212788730681694 ], [ -70.715515269804399, -34.212788750938756 ], [ -70.715503295023495, -34.212795356683998 ], [ -70.715473372022956, -34.212811863633164 ], [ -70.715473339817464, -34.212811881216211 ], [ -70.715430764917002, -34.21283500336915 ], [ -70.715430732693221, -34.212835020050768 ], [ -70.71538680138876, -34.212858160262513 ], [ -70.715386769128386, -34.212858175141193 ], [ -70.71534139127526, -34.21287683242879 ], [ -70.715341356826457, -34.212876846436359 ], [ -70.715294622535168, -34.212895519976783 ], [ -70.715294589153146, -34.212895533067709 ], [ -70.715245977390822, -34.212905223859067 ], [ -70.715245941710734, -34.212905230670117 ], [ -70.715195974676703, -34.212914941301158 ], [ -70.715195940081685, -34.21291494809703 ], [ -70.715145633365395, -34.212924661655627 ], [ -70.715145597703554, -34.212924669368121 ], [ -70.715042822722097, -34.21293962711858 ], [ -70.715042788090528, -34.212939632111514 ], [ -70.714938996356878, -34.212954604897853 ], [ -70.714938960640211, -34.212954609905907 ], [ -70.714936865745571, -34.212954820448111 ], [ -70.71485153885304, -34.212963369018766 ], [ -70.714834400457548, -34.212965085698258 ], [ -70.714834364722606, -34.212965089804833 ], [ -70.714817949562899, -34.212967092128928 ], [ -70.714782233810226, -34.21297145001509 ], [ -70.714782200245452, -34.212971454091345 ], [ -70.714784104714596, -34.213077391122525 ], [ -70.714791852606453, -34.213508193299283 ], [ -70.714795846531615, -34.213730262203335 ], [ -70.71479593982626, -34.213735455655033 ], [ -70.714860610274428, -34.213689532433541 ], [ -70.715001580801228, -34.213589423168067 ], [ -70.715131521930104, -34.213607178251507 ], [ -70.715442605437133, -34.213652928404436 ], [ -70.715718801007526, -34.213677692582124 ], [ -70.715908868007105, -34.213703663219434 ], [ -70.716072950509826, -34.213722839435704 ], [ -70.716427099206186, -34.21376798256513 ], [ -70.716771908978316, -34.213777471033744 ], [ -70.717021106476381, -34.2137453516346 ], [ -70.717208993916344, -34.213663991314199 ], [ -70.717569143472687, -34.213580216126076 ], [ -70.717922275451031, -34.213575269243229 ], [ -70.718231906150109, -34.213549457586012 ], [ -70.71839497063533, -34.213518544127531 ], [ -70.718411325878975, -34.213475370973853 ], [ -70.718375710678103, -34.213418610574969 ], [ -70.718287403140792, -34.213312488624815 ], [ -70.718234928903385, -34.213175609408808 ], [ -70.718232818964339, -34.213170106981295 ], [ -70.71822976929154, -34.213019845417186 ], [ -70.718330963046029, -34.212977606976118 ], [ -70.718460429400125, -34.212923568304554 ], [ -70.718758273868318, -34.212946842823634 ], [ -70.719627639432147, -34.212978839673198 ], [ -70.719696927691103, -34.21298138914441 ], [ -70.720037441305266, -34.212881755976923 ], [ -70.720781171079793, -34.212397039886461 ], [ -70.721209912232538, -34.212144395862957 ], [ -70.721569779486401, -34.211873746268886 ], [ -70.722245003108071, -34.211389982371891 ], [ -70.722197061023707, -34.211365291505949 ], [ -70.722130508345316, -34.211331015315949 ], [ -70.722146036652831, -34.211315377996677 ], [ -70.722159083675038, -34.211305816077889 ], [ -70.722180173340689, -34.2112914541162 ], [ -70.722195081475661, -34.211282677594461 ], [ -70.72221997986432, -34.211268803160522 ], [ -70.722237282472122, -34.211260353688139 ], [ -70.722263293427957, -34.211247816184631 ], [ -70.72227734085034, -34.211239413327483 ], [ -70.722294753805457, -34.211231053369993 ], [ -70.722322515485843, -34.211219210829249 ], [ -70.722341876045007, -34.211210552997152 ], [ -70.7223696377484, -34.211198712249015 ], [ -70.722388051073864, -34.21119150954857 ], [ -70.72241347332114, -34.211182046096411 ], [ -70.72242832977679, -34.211176065573419 ], [ -70.722447134959026, -34.211166785230752 ], [ -70.722458734401556, -34.211160761184445 ], [ -70.722476539132941, -34.211150320864014 ], [ -70.722489085774441, -34.211142840774002 ], [ -70.72250989200154, -34.211130555769252 ], [ -70.722524333042102, -34.211120163593463 ], [ -70.722539327618776, -34.211110304666285 ], [ -70.722560165279603, -34.211094232030142 ], [ -70.722573214091483, -34.211084762017528 ], [ -70.722594246716994, -34.211067603683404 ], [ -70.722606182918994, -34.211056795830395 ], [ -70.722625129823626, -34.211043815557971 ], [ -70.722637424562834, -34.211034625743075 ], [ -70.722657763708654, -34.21102072509931 ], [ -70.722671921375806, -34.211012409918418 ], [ -70.722691258249114, -34.210997260053901 ], [ -70.722707003153104, -34.210986939710857 ], [ -70.722734351119286, -34.210970775585082 ], [ -70.722754298411587, -34.210958954363406 ], [ -70.722785063260986, -34.210945357181458 ], [ -70.722815828081906, -34.210931759090599 ], [ -70.72282584024336, -34.210927741072382 ], [ -70.722855909751829, -34.210917309626609 ], [ -70.722873377631672, -34.210911653946376 ], [ -70.722900357357844, -34.210904062103275 ], [ -70.722915572277614, -34.210899699563534 ], [ -70.722938601501056, -34.210895319202095 ], [ -70.722952368901673, -34.210894493664512 ], [ -70.722975366672216, -34.210893900017702 ], [ -70.72299119205276, -34.210892867021016 ], [ -70.723016497792813, -34.210893682771506 ], [ -70.723033130411068, -34.210894981970675 ], [ -70.723056183236679, -34.210897092664574 ], [ -70.723070669611857, -34.210899595140809 ], [ -70.723088858002555, -34.210902674989292 ], [ -70.723093070711343, -34.210903280353698 ], [ -70.723100287839927, -34.21090431779993 ], [ -70.723113773804656, -34.21090566210583 ], [ -70.72313415825478, -34.21090465429635 ], [ -70.723150180421442, -34.2109026248297 ], [ -70.723173764990619, -34.210898866915549 ], [ -70.723187477346286, -34.210895337897412 ], [ -70.723207448176822, -34.210890007681179 ], [ -70.723220910498981, -34.210884859997059 ], [ -70.723239715488859, -34.210875577734114 ], [ -70.723251119864045, -34.210870639308816 ], [ -70.723269338070054, -34.210864522173445 ], [ -70.723279633503211, -34.21085842620522 ], [ -70.723292288515523, -34.210850943609834 ], [ -70.72330753485636, -34.210842795202673 ], [ -70.72332194249627, -34.210836100414333 ], [ -70.723330845681815, -34.210830924816008 ], [ -70.723349258858747, -34.21082372287718 ], [ -70.723360107842012, -34.210818161050433 ], [ -70.723377160187155, -34.210808091859448 ], [ -70.723393909055659, -34.210799109884668 ], [ -70.723410209212489, -34.210789412846161 ], [ -70.723435967953662, -34.21077516539421 ], [ -70.723450211978744, -34.210765766859595 ], [ -70.723474359621136, -34.210752352680139 ], [ -70.723489267540742, -34.210743576908719 ], [ -70.723515920000054, -34.210730579272798 ], [ -70.723532025146227, -34.210721967011054 ], [ -70.72355152535448, -34.210709518945592 ], [ -70.723566576661412, -34.21070245529981 ], [ -70.723588774816932, -34.210689247939605 ], [ -70.72360543718068, -34.210681350105808 ], [ -70.723629192974286, -34.210670015336653 ], [ -70.723645298097011, -34.210661403060641 ], [ -70.723673059409805, -34.210649561125912 ], [ -70.723688666038072, -34.210643119053024 ], [ -70.723705578421814, -34.210636839867277 ], [ -70.723731000345751, -34.21062737615064 ], [ -70.723745854787964, -34.210621306229555 ], [ -70.723769220585339, -34.21061214101924 ], [ -70.723786131102173, -34.210605770776105 ], [ -70.723813805902267, -34.21059501207781 ], [ -70.723832112314867, -34.210587901739522 ], [ -70.723860984354531, -34.210577307443963 ], [ -70.723883206120902, -34.210570592009468 ], [ -70.723918033081176, -34.210559281887157 ], [ -70.723939504498176, -34.210553028747853 ], [ -70.72397374283949, -34.210544792698016 ], [ -70.723995771465297, -34.210539253083027 ], [ -70.724027505005907, -34.210530602280194 ], [ -70.724050175457407, -34.210524601875363 ], [ -70.724072202254504, -34.210518973003232 ], [ -70.724106637379279, -34.210509742269316 ], [ -70.72412761031292, -34.210505660209293 ], [ -70.724158203483711, -34.210499638561309 ], [ -70.724181035695494, -34.210496251717892 ], [ -70.72421132541588, -34.210491318178448 ], [ -70.724227454141626, -34.210489196903218 ], [ -70.724242168641467, -34.210486916071119 ], [ -70.724262359832338, -34.210487083015714 ], [ -70.724278185095599, -34.210486048954166 ], [ -70.724295511069215, -34.210484092078794 ], [ -70.724339481623133, -34.2104794160879 ], [ -70.724358310158564, -34.21047662743797 ], [ -70.724376778244604, -34.210472128802103 ], [ -70.724406010564977, -34.210463241660008 ], [ -70.724424815361886, -34.210453961024399 ], [ -70.724451910889513, -34.210436085922105 ], [ -70.724467100083956, -34.210425141975243 ], [ -70.724487547260637, -34.21041123861287 ], [ -70.724499898656788, -34.210404844019834 ], [ -70.724517756233396, -34.210397017623102 ], [ -70.724529717667437, -34.21039279171265 ], [ -70.724553943870319, -34.210388573657546 ], [ -70.724571575127186, -34.210385620569596 ], [ -70.724601919885771, -34.210383391289319 ], [ -70.724647054403604, -34.210382576170502 ], [ -70.724681318187635, -34.210380922047229 ], [ -70.724706458343519, -34.210378945381784 ], [ -70.724740001269666, -34.210373873982704 ], [ -70.724763140565457, -34.210369581002922 ], [ -70.724794985995885, -34.210366427956409 ], [ -70.724814564821259, -34.210363176927274 ], [ -70.724846160187354, -34.210358405209298 ], [ -70.724866936221787, -34.210355316772223 ], [ -70.724899031853425, -34.210348464071956 ], [ -70.724920002847696, -34.210344290832069 ], [ -70.724952348531644, -34.210339056776093 ], [ -70.724973681798687, -34.210336682751894 ], [ -70.724994457858969, -34.210333596096405 ], [ -70.725016094573235, -34.210330134843083 ], [ -70.725048690344693, -34.210326521222676 ], [ -70.725078336244607, -34.210321956309663 ], [ -70.725097611561125, -34.210319790655049 ], [ -70.725127062512087, -34.210316311426006 ], [ -70.725149146097863, -34.210313475059358 ], [ -70.725184049844231, -34.210311270767143 ], [ -70.725208744936253, -34.210308760136591 ], [ -70.725248209569031, -34.210306672001487 ], [ -70.725273351522063, -34.210304785365913 ], [ -70.725310061258298, -34.210300662038769 ], [ -70.725334647818883, -34.210298152008214 ], [ -70.725359431174255, -34.210294647323416 ], [ -70.72538392944017, -34.21029313040578 ], [ -70.725416526978307, -34.210289605030624 ], [ -70.725437661601546, -34.210288136332288 ], [ -70.725464109261395, -34.210286410725651 ], [ -70.725478433790158, -34.21028630023784 ], [ -70.725494422613679, -34.210287967945263 ], [ -70.725512000439238, -34.210287720603041 ], [ -70.725525486313487, -34.210289063744135 ], [ -70.725547788686612, -34.210291636287451 ], [ -70.725583608233578, -34.210291763439486 ], [ -70.725606497276701, -34.210291169930002 ], [ -70.725651883668561, -34.210292065047192 ], [ -70.725664814135612, -34.210292783890552 ], [ -70.725697794123576, -34.210297370247005 ], [ -70.725726213187713, -34.210301838635587 ], [ -70.725742453968735, -34.210305216914307 ], [ -70.725766117211535, -34.210310654834295 ], [ -70.725782358014015, -34.21031403400908 ], [ -70.725803965178542, -34.210319771370784 ], [ -70.725819006895037, -34.210322896001728 ], [ -70.725842311526904, -34.210326714975217 ], [ -70.725858660821814, -34.210330091711107 ], [ -70.725881213292311, -34.21033428284867 ], [ -70.725909492607911, -34.210342542144083 ], [ -70.725923589016872, -34.210347212071071 ], [ -70.725944806295701, -34.210355118997676 ], [ -70.725965269557051, -34.210363307046151 ], [ -70.72598248136191, -34.210371722099659 ], [ -70.725998549210544, -34.210382586064085 ], [ -70.726010089339084, -34.210389638209129 ], [ -70.726021737937984, -34.210396687022865 ], [ -70.726036444924958, -34.210404685568726 ], [ -70.726044534952706, -34.210412868323949 ], [ -70.726055652020122, -34.210425785726777 ], [ -70.726067769574016, -34.210439863071386 ], [ -70.726083894455229, -34.210453522422014 ], [ -70.726092287910475, -34.210460617048184 ], [ -70.726107802251278, -34.210470948664977 ], [ -70.726120843072323, -34.210477077064006 ], [ -70.726140500899035, -34.210483023048276 ], [ -70.726155794597119, -34.210487857337789 ], [ -70.726180960424088, -34.210492461584799 ], [ -70.726217195653504, -34.210497001074302 ], [ -70.726236079256751, -34.210496915587768 ], [ -70.726278710834364, -34.210495775319671 ], [ -70.726290532398096, -34.210495338386693 ], [ -70.726323488577108, -34.210493430797548 ], [ -70.72635869580364, -34.210490139846478 ], [ -70.726384784904354, -34.210486796913308 ], [ -70.72642119119952, -34.21048375957605 ], [ -70.726444775479621, -34.210480001040352 ], [ -70.726481876947005, -34.210473797915377 ], [ -70.726505656165472, -34.210468954572342 ], [ -70.726541396733609, -34.210459886022292 ], [ -70.726553247722407, -34.210455571299946 ], [ -70.726587430569879, -34.210444630177975 ], [ -70.726604537606349, -34.210437264902481 ], [ -70.726627903038391, -34.210428100059495 ], [ -70.726640809627824, -34.210422326828933 ], [ -70.726659362203975, -34.210411336158309 ], [ -70.726672660530184, -34.210403484378958 ], [ -70.726695110070139, -34.210391987074161 ], [ -70.726711770192097, -34.210383996880516 ], [ -70.726736277659157, -34.210372291150179 ], [ -70.726759586008868, -34.210360329984276 ], [ -70.726775387291411, -34.210352803632226 ], [ -70.72679839404212, -34.210342019829802 ], [ -70.72681430198358, -34.210334401799955 ], [ -70.726839756521528, -34.210321239076208 ], [ -70.726855861252361, -34.210312627291387 ], [ -70.726867265290352, -34.210307686735099 ], [ -70.726878060626063, -34.210299510400041 ], [ -70.726896980921111, -34.210279947376463 ], [ -70.726911755940492, -34.210264679858639 ], [ -70.726940412210396, -34.210232896815278 ], [ -70.726947843858284, -34.210224766943213 ], [ -70.726966512182173, -34.210203495111912 ], [ -70.726986574487739, -34.210181391205928 ], [ -70.727003407405959, -34.210165915255139 ], [ -70.727027833798076, -34.210144922102977 ], [ -70.727035625892839, -34.210138500396845 ], [ -70.72706272074528, -34.210120624736554 ], [ -70.727080717781021, -34.210109009729678 ], [ -70.727107257232717, -34.210090511587318 ], [ -70.727127203662107, -34.210078688776029 ], [ -70.727154463025343, -34.210062547470805 ], [ -70.72715465711947, -34.210062432023385 ], [ -70.727175911128796, -34.210050862201946 ], [ -70.727210514820172, -34.210033962799507 ], [ -70.727234575218759, -34.210021632072291 ], [ -70.727270683252186, -34.210003990998352 ], [ -70.727293796507738, -34.209993115433832 ], [ -70.727330263144381, -34.209977092367986 ], [ -70.727355020510757, -34.209967005171265 ], [ -70.727390703697964, -34.209955140084176 ], [ -70.727413121802911, -34.209947431173667 ], [ -70.727439381655344, -34.209936511256686 ], [ -70.727454344197056, -34.209930439368918 ], [ -70.727464444253059, -34.209925426956595 ], [ -70.727480767738669, -34.209922222264829 ], [ -70.727505690610641, -34.209914928004984 ], [ -70.727548078970614, -34.209901887263904 ], [ -70.727581205832834, -34.209892402579072 ], [ -70.727630211118765, -34.209879179320346 ], [ -70.727656886576938, -34.209872670975251 ], [ -70.727697936095964, -34.209863165711205 ], [ -70.727726862552828, -34.209855273974526 ], [ -70.727774398331547, -34.209839184992198 ], [ -70.727811780704286, -34.20982549422822 ], [ -70.727871078995349, -34.209806082590781 ], [ -70.727908908217714, -34.209793015795952 ], [ -70.727946985740715, -34.209781479297945 ], [ -70.728000998623457, -34.209768995064778 ], [ -70.728032538340216, -34.209761518188174 ], [ -70.728080651577969, -34.209752454282047 ], [ -70.728110940727149, -34.209747517990685 ], [ -70.728156802984998, -34.209739839242012 ], [ -70.728185337650771, -34.209734025948912 ], [ -70.728232146981156, -34.20972489109063 ], [ -70.728264687106787, -34.20971857137566 ], [ -70.728310549295756, -34.209710890767454 ], [ -70.728340643531666, -34.209707041021133 ], [ -70.728381553170806, -34.209701323778134 ], [ -70.728409501228199, -34.209698675584654 ], [ -70.728444211536825, -34.209697646218913 ], [ -70.728461592453783, -34.209698393111026 ], [ -70.728478692039971, -34.209701308067764 ], [ -70.728500299189534, -34.209707044052536 ], [ -70.728513840250201, -34.2097110921164 ], [ -70.728529133929285, -34.209715926110505 ], [ -70.728546288750096, -34.209721545406197 ], [ -70.728560276681975, -34.209726216558614 ], [ -70.72857437313796, -34.209730887081363 ], [ -70.728599038688571, -34.209737572718126 ], [ -70.728611218776038, -34.209738753585391 ], [ -70.728630712850119, -34.209741996352051 ], [ -70.728643643244283, -34.209742714883042 ], [ -70.728656768590753, -34.209742350417081 ], [ -70.728678351724042, -34.209741595305623 ], [ -70.72871241834612, -34.209740933817919 ], [ -70.728741924144941, -34.209740158079065 ], [ -70.728772268480313, -34.209737925973812 ], [ -70.728793960133132, -34.20973717021382 ], [ -70.728825610198399, -34.209735100029008 ], [ -70.72884535245673, -34.209734552084797 ], [ -70.728868241299409, -34.209733957971551 ], [ -70.728879505499265, -34.209732808183297 ], [ -70.728905007648279, -34.209732628073411 ], [ -70.72893565542762, -34.209729311402256 ], [ -70.728960436576131, -34.209725714952405 ], [ -70.728999234893166, -34.20971759355961 ], [ -70.729026769026675, -34.209710622858864 ], [ -70.72906559848974, -34.209698713828644 ], [ -70.729093914091095, -34.209687494062202 ], [ -70.729136800391714, -34.209672281654328 ], [ -70.729179580013948, -34.209657160906843 ], [ -70.729209201317417, -34.209646103044051 ], [ -70.729236571671905, -34.209636430381295 ], [ -70.729274985293088, -34.209620107874365 ], [ -70.729297152963909, -34.209610779078623 ], [ -70.729328502769576, -34.209594016045941 ], [ -70.729350504808593, -34.209581893377269 ], [ -70.729371756522724, -34.209570232140763 ], [ -70.729403663534313, -34.209554181696546 ], [ -70.729424970490754, -34.209545224798546 ], [ -70.729455678432203, -34.209528921640718 ], [ -70.729475788168315, -34.209519802178811 ], [ -70.729503939870668, -34.209505878602457 ], [ -70.729523102533108, -34.209498215224407 ], [ -70.729552920460279, -34.209486161725302 ], [ -70.7295726385086, -34.209479120800879 ], [ -70.729604209079639, -34.209467855009315 ], [ -70.729642843441283, -34.209457030601335 ], [ -70.729669069859682, -34.20944980769076 ], [ -70.72969585354808, -34.209443299182936 ], [ -70.729722690619184, -34.209439403068572 ], [ -70.72976499586359, -34.209432946117659 ], [ -70.729793138657172, -34.209429211911356 ], [ -70.729832939092447, -34.209422339415802 ], [ -70.729855022269291, -34.209419503114418 ], [ -70.729877103583732, -34.209416575762766 ], [ -70.729898239720413, -34.209415196449108 ], [ -70.729919931234917, -34.209414438689805 ], [ -70.729957250987923, -34.209413641696699 ], [ -70.72997582508853, -34.209413666405695 ], [ -70.72998069516126, -34.209413671640725 ], [ -70.730013261016694, -34.209413933576378 ], [ -70.730030283220941, -34.209413063133255 ], [ -70.730047413910029, -34.209412190255563 ], [ -70.730074751091024, -34.209406213078644 ], [ -70.730094915986825, -34.20939979696292 ], [ -70.730123233203926, -34.209388668011812 ], [ -70.730141090013774, -34.209380840817147 ], [ -70.730171494352192, -34.209365623816794 ], [ -70.730190796532341, -34.209354171190363 ], [ -70.730215473899008, -34.20933488712263 ], [ -70.730230411930052, -34.209322322041309 ], [ -70.730252555236149, -34.209306501115996 ], [ -70.730265795898148, -34.20929585356847 ], [ -70.73029030253349, -34.209284147150377 ], [ -70.730311414410878, -34.209276274001887 ], [ -70.730345401363465, -34.209266416659993 ], [ -70.73037012705511, -34.209260117387664 ], [ -70.730395297777463, -34.209254351052408 ], [ -70.730436600517251, -34.209246644724175 ], [ -70.730464687941719, -34.209240206921834 ], [ -70.730506740994826, -34.209232040029413 ], [ -70.730536277657421, -34.209227475347653 ], [ -70.730576797105897, -34.209223926984855 ], [ -70.730603439206291, -34.209221117284628 ], [ -70.730634001739801, -34.209218740074313 ], [ -70.730643099836314, -34.209218031874549 ], [ -70.730668239454388, -34.20921605400094 ], [ -70.730704199921519, -34.209212480668754 ], [ -70.730727586891987, -34.209209715981153 ], [ -70.730761684380695, -34.209205268118666 ], [ -70.730784159079974, -34.209200352195225 ], [ -70.730814251115618, -34.209196409902624 ], [ -70.730828778882398, -34.209194465455148 ], [ -70.73083232694124, -34.209193990671196 ], [ -70.730848260367239, -34.209192955141141 ], [ -70.730870040034759, -34.209191204090885 ], [ -70.730884665870263, -34.209189915598216 ], [ -70.730905051601496, -34.2091889966566 ], [ -70.730921987364155, -34.209189209360993 ], [ -70.730947378997712, -34.209188941119535 ], [ -70.730963564435669, -34.209189614361954 ], [ -70.730987203423041, -34.209188559314114 ], [ -70.731003387017466, -34.20918914240643 ], [ -70.731032894403768, -34.209188455366039 ], [ -70.731049524916884, -34.209189663339536 ], [ -70.731074830169177, -34.209190478341391 ], [ -70.731088207425557, -34.209191822405103 ], [ -70.731100026899895, -34.209191293968289 ], [ -70.731115460208144, -34.209192339393404 ], [ -70.731134148580949, -34.209193337061436 ], [ -70.731148384665303, -34.209194219041869 ], [ -70.731161401363863, -34.209193854039505 ], [ -70.731172023631672, -34.209193163056959 ], [ -70.731174356978613, -34.209193314966605 ], [ -70.731174394112145, -34.20919231805437 ], [ -70.731178057137171, -34.209185683869286 ], [ -70.731183607124663, -34.20918109697493 ], [ -70.731190385679596, -34.209178205982447 ], [ -70.73119751002541, -34.20917630198737 ], [ -70.731204963568402, -34.209174573686148 ], [ -70.731214149477012, -34.209172640585841 ], [ -70.731227338945857, -34.209170109938462 ], [ -70.731245933316956, -34.209166512006121 ], [ -70.731269066369194, -34.209161947383222 ], [ -70.731295219073004, -34.209156438415093 ], [ -70.731325031383278, -34.209149435039379 ], [ -70.731366901997944, -34.209137661791679 ], [ -70.73136748323499, -34.20913747775208 ], [ -70.731431388675247, -34.209117275290907 ], [ -70.731523331534419, -34.209086129622193 ], [ -70.731624833380721, -34.209050070749917 ], [ -70.731711955864398, -34.209016739640333 ], [ -70.731767131068878, -34.208992156257629 ], [ -70.731796188640175, -34.208974792877342 ], [ -70.731811117163218, -34.208961777789291 ], [ -70.731821948388699, -34.208950082955802 ], [ -70.731831359868536, -34.208937958219437 ], [ -70.731840186372139, -34.208923766010734 ], [ -70.731848946510212, -34.208906330391386 ], [ -70.731857425046655, -34.208885740965137 ], [ -70.731864871738068, -34.208862461887044 ], [ -70.731870863639941, -34.208837040155643 ], [ -70.731875746495334, -34.208810460062388 ], [ -70.731880085026447, -34.208783799288994 ], [ -70.731884749045065, -34.208757133016761 ], [ -70.731891389749251, -34.208726290066373 ], [ -70.731902073954487, -34.208686194384747 ], [ -70.731917822047436, -34.208633671972777 ], [ -70.731935359025741, -34.20857309998901 ], [ -70.731950260583702, -34.208511033221207 ], [ -70.731960014840226, -34.208452012984758 ], [ -70.731967950387684, -34.208394281727813 ], [ -70.731978767546707, -34.208334166230358 ], [ -70.731996749159848, -34.208268807999687 ], [ -70.732024052391765, -34.208197548074075 ], [ -70.732061758525361, -34.208120189931662 ], [ -70.732110428498402, -34.208037628250509 ], [ -70.732166250232581, -34.207954512873137 ], [ -70.73222477737859, -34.207876319554508 ], [ -70.73228218319224, -34.207806978793229 ], [ -70.732338960389015, -34.207744049017158 ], [ -70.732396660879516, -34.207683812199726 ], [ -70.732455337763199, -34.207623559758567 ], [ -70.732509203984975, -34.207566892820061 ], [ -70.732512606344613, -34.20756301519539 ], [ -70.732551415123027, -34.207518777316629 ], [ -70.732577035476126, -34.207481986316182 ], [ -70.732589759286398, -34.207451418066441 ], [ -70.732595513209674, -34.207419686799867 ], [ -70.732599263950291, -34.207380230042837 ], [ -70.732602440075112, -34.207328607436054 ], [ -70.732605615094471, -34.207261023700177 ], [ -70.73260925589878, -34.207173777036239 ], [ -70.732613294217344, -34.20706353208606 ], [ -70.732617442878848, -34.206926863707864 ], [ -70.732622027440513, -34.206763770005551 ], [ -70.732629242609249, -34.206586032353009 ], [ -70.732641669403904, -34.206408399600498 ], [ -70.732657000463121, -34.206276262100815 ], [ -70.732660950824311, -34.206242212768572 ], [ -70.732685286266459, -34.206084341315595 ], [ -70.73271193146067, -34.205927969223779 ], [ -70.73273894596548, -34.205768435023479 ], [ -70.732767284526318, -34.205609965059047 ], [ -70.73279848860787, -34.205458938780005 ], [ -70.732834279782566, -34.205319930573879 ], [ -70.73287602422964, -34.205190757031566 ], [ -70.732924828700774, -34.20506716537853 ], [ -70.732981711681489, -34.204945893259172 ], [ -70.733045573400716, -34.204826234837469 ], [ -70.733065165339923, -34.204787707477259 ], [ -70.733072473555481, -34.204773334655137 ], [ -70.733525142435781, -34.203883143019183 ], [ -70.733578390755184, -34.203778427788237 ], [ -70.733693607554514, -34.203551844309011 ], [ -70.733715767668784, -34.203526083906524 ], [ -70.733781690295487, -34.203449448068689 ], [ -70.733805795507948, -34.203421425716897 ], [ -70.733809383464745, -34.20342137499145 ], [ -70.733884910795766, -34.203376384943432 ], [ -70.734122014755698, -34.203235146747126 ], [ -70.734876029812739, -34.202785987812327 ], [ -70.734929115272976, -34.202749328990109 ], [ -70.735636185576311, -34.202261057018944 ], [ -70.737221645041785, -34.201166169776364 ], [ -70.737487468427645, -34.200982597065234 ], [ -70.737637406132208, -34.20087905129305 ], [ -70.737674367879038, -34.200847251834574 ], [ -70.73905331675229, -34.199660877372779 ], [ -70.739086214539896, -34.199632573340772 ], [ -70.739220398010545, -34.199565688920373 ], [ -70.739322893062251, -34.199489042816332 ], [ -70.739350479907685, -34.199468412731825 ], [ -70.739520454506675, -34.199356256876236 ], [ -70.739542928653478, -34.199332080709411 ], [ -70.739626592681574, -34.199211605201448 ], [ -70.739614229148046, -34.199168836704054 ], [ -70.739624828617934, -34.199125742492399 ], [ -70.739670070719654, -34.199091699670461 ], [ -70.739749464294476, -34.199042857765427 ], [ -70.739811437914966, -34.198984720147124 ], [ -70.7398334207315, -34.198936693496307 ], [ -70.739894807178786, -34.198849934021588 ], [ -70.739945201086869, -34.198787188771455 ], [ -70.739966498711084, -34.198705770733305 ], [ -70.739994124601495, -34.198652892154598 ], [ -70.740101241387521, -34.198555941003058 ], [ -70.740203302945218, -34.198492463475112 ], [ -70.740299624173915, -34.198429066416047 ], [ -70.740367729282482, -34.198389927081593 ], [ -70.740452863028651, -34.198341003278848 ], [ -70.740572440822135, -34.198291591498482 ], [ -70.740659653676815, -34.198255552316198 ], [ -70.740660333264699, -34.198250707710628 ], [ -70.740662845371176, -34.198240934508242 ], [ -70.740665366723988, -34.198231611127042 ], [ -70.740669678645929, -34.198219647378473 ], [ -70.740673816191673, -34.198209759132261 ], [ -70.740677974157506, -34.198200864278739 ], [ -70.740676367358247, -34.198191328072774 ], [ -70.74067890538609, -34.198182815992197 ], [ -70.740678716389709, -34.198173622150513 ], [ -70.740681568745899, -34.198164563681942 ], [ -70.740684533314891, -34.198155684864041 ], [ -70.740687898500795, -34.198145178186785 ], [ -70.740690261326179, -34.198133422442297 ], [ -70.740691024272834, -34.198129096037462 ], [ -70.740771768348012, -34.198080403841615 ], [ -70.740902337653822, -34.19800697833783 ], [ -70.741073189957703, -34.197937750888038 ], [ -70.741118037416769, -34.197884626686985 ], [ -70.741317301005211, -34.197800681847269 ], [ -70.741511988991675, -34.197700854046708 ], [ -70.741676520089371, -34.19761648928197 ], [ -70.741680985220896, -34.19761419865408 ], [ -70.741725440760078, -34.197541994244922 ], [ -70.741787019443734, -34.197464774804189 ], [ -70.74194104108355, -34.19741487164999 ], [ -70.742071116530383, -34.197317592740767 ], [ -70.742184264828097, -34.19723486966604 ], [ -70.74234878444652, -34.197137102092348 ], [ -70.742496769520429, -34.197072969390639 ], [ -70.74254647332657, -34.196976831831897 ], [ -70.742568217584534, -34.196928227399951 ], [ -70.742588511041888, -34.19691738637912 ], [ -70.742673443477187, -34.196858920249198 ], [ -70.74275818164638, -34.196790914945815 ], [ -70.742825990833353, -34.196737463863286 ], [ -70.742910825858758, -34.196674228920749 ], [ -70.742961412629086, -34.196621023407701 ], [ -70.743006553849654, -34.196582208979621 ], [ -70.743017080840758, -34.196576655438371 ], [ -70.743108807162258, -34.196528268239923 ], [ -70.743159687214515, -34.196489373096803 ], [ -70.743261745008937, -34.196425892233378 ], [ -70.743352418675471, -34.196367344943354 ], [ -70.743448439378525, -34.196289635123144 ], [ -70.743504570229533, -34.196226806904036 ], [ -70.743509543270335, -34.196211347658526 ], [ -70.74361217860077, -34.196127562653338 ], [ -70.743744169140541, -34.196019814812033 ], [ -70.743924573154359, -34.195956324103363 ], [ -70.744069130822581, -34.19590544920478 ], [ -70.744719541735932, -34.195700564996699 ], [ -70.74489863903149, -34.19565267207529 ], [ -70.745134956475098, -34.195589477004503 ], [ -70.745464180100058, -34.195526695133772 ], [ -70.745606324949875, -34.195503253882954 ], [ -70.745939180879375, -34.195448361292776 ], [ -70.746106029791704, -34.195415050272686 ], [ -70.746196526939684, -34.195396981998108 ], [ -70.746335622785026, -34.19536489446098 ], [ -70.746399913621332, -34.195350062993185 ], [ -70.746505146114401, -34.195325786517351 ], [ -70.746517628108322, -34.195322597072753 ], [ -70.746530313980386, -34.195320874507331 ], [ -70.746683421006651, -34.195300088342428 ], [ -70.74672844108018, -34.195293976535069 ], [ -70.746799996111335, -34.195280050416692 ], [ -70.746862056054468, -34.195267971835136 ], [ -70.746861567193449, -34.195267419739018 ], [ -70.746936470570986, -34.19525284170826 ], [ -70.747119482988253, -34.195216833830123 ], [ -70.747262507264409, -34.195190939026986 ], [ -70.747435660966758, -34.19514668795064 ], [ -70.747480533479816, -34.195135220024795 ], [ -70.747519557406648, -34.195125246585633 ], [ -70.747575266706434, -34.195105803713005 ], [ -70.747662088101933, -34.195075500973715 ], [ -70.747770274371717, -34.195031014643682 ], [ -70.747906967475799, -34.194976580100345 ], [ -70.748020696463101, -34.194922471792154 ], [ -70.748174806928091, -34.194877332393794 ], [ -70.748191418329142, -34.19487174940236 ], [ -70.748259086024262, -34.194849007751955 ], [ -70.748264202856248, -34.19484807639131 ], [ -70.748279336630887, -34.19484524482047 ], [ -70.748293937307821, -34.194842872602123 ], [ -70.748305717400058, -34.194840540587549 ], [ -70.748316852189248, -34.194838489184271 ], [ -70.748329077363479, -34.194836690945905 ], [ -70.748341055830238, -34.194833455294457 ], [ -70.748352944385061, -34.194831120827601 ], [ -70.74836536793353, -34.194828418952106 ], [ -70.748376702937975, -34.194825553152647 ], [ -70.748389326684546, -34.19482203598249 ], [ -70.748401305146686, -34.194818800325287 ], [ -70.748413283570656, -34.194815562864058 ], [ -70.748425262030906, -34.194812327204595 ], [ -70.748436797230241, -34.194808646107354 ], [ -70.74844779559217, -34.194805243174166 ], [ -70.748462577862952, -34.194801155102979 ], [ -70.748476241773659, -34.194795458997888 ], [ -70.748490777294762, -34.19478993170901 ], [ -70.748504332736346, -34.194784238048825 ], [ -70.748517154864047, -34.194779818133533 ], [ -70.748531353742067, -34.194773753712902 ], [ -70.748541998744045, -34.194769004149421 ], [ -70.748553088829112, -34.194764788362576 ], [ -70.748564485733596, -34.19475966559142 ], [ -70.748575575816233, -34.194755449802599 ], [ -70.748586220813294, -34.194750700235424 ], [ -70.748596774039541, -34.194746761708998 ], [ -70.748610576233617, -34.194742508153041 ], [ -70.748622554638004, -34.194739270671953 ], [ -70.748635178397748, -34.194735755280021 ], [ -70.74864849024874, -34.194734031688135 ], [ -70.748660760090274, -34.194734397779769 ], [ -70.748672298465323, -34.194736126860086 ], [ -70.748684324755772, -34.194740463934494 ], [ -70.748693934096806, -34.194748622638549 ], [ -70.748700739611749, -34.194757632854149 ], [ -70.748703744469722, -34.194766516915912 ], [ -70.748706751208402, -34.194775492023247 ], [ -70.74871009268783, -34.194784912309885 ], [ -70.748714187971217, -34.194794051336707 ], [ -70.748722372120483, -34.194801508090528 ], [ -70.748733111507022, -34.194806584874136 ], [ -70.748745047940943, -34.194811824930909 ], [ -70.748755344105746, -34.194816458079927 ], [ -70.748768460835478, -34.194821050110541 ], [ -70.748779598776309, -34.194824407061525 ], [ -70.748790491846378, -34.194826415843558 ], [ -70.748801536751031, -34.19482526738544 ], [ -70.748812583498264, -34.194824208169095 ], [ -70.748825588522024, -34.194823390640103 ], [ -70.748838655509601, -34.194820318859399 ], [ -70.748850343851387, -34.194818799637687 ], [ -70.748861035360193, -34.194816302750418 ], [ -70.748873659120264, -34.194812787333944 ], [ -70.74888588241491, -34.194810898896336 ], [ -70.748898506154404, -34.194807382575924 ], [ -70.748912551353371, -34.194804387009697 ], [ -70.748926063439853, -34.194801849897438 ], [ -70.748938733735869, -34.194800588079197 ], [ -70.748951600483821, -34.194798329776866 ], [ -70.748963182216471, -34.19479690313711 ], [ -70.7489754055064, -34.194795014690698 ], [ -70.748987430463558, -34.194794031680367 ], [ -70.748994753819957, -34.194793330319797 ], [ -70.748998477222216, -34.194792973348918 ], [ -70.749011145616535, -34.194791619576229 ], [ -70.749022835830914, -34.19479019138393 ], [ -70.749035059118327, -34.194788302931649 ], [ -70.749046440617278, -34.194787689774394 ], [ -70.749057685705608, -34.194785726000276 ], [ -70.74907010922179, -34.194783024054246 ], [ -70.749083711165312, -34.194779583935947 ], [ -70.749095689591968, -34.194776348211903 ], [ -70.749109401860323, -34.194772995786494 ], [ -70.749120291722747, -34.19476959524247 ], [ -70.749132270109186, -34.194766357712041 ], [ -70.749141934977274, -34.194761440831599 ], [ -70.749152579941082, -34.194756691216199 ], [ -70.749165692066327, -34.1947505520505 ], [ -70.749180781121652, -34.194745557810904 ], [ -70.749190891091118, -34.194741175603276 ], [ -70.749201335839146, -34.194737240375723 ], [ -70.749211890894671, -34.194733391941469 ], [ -70.749223424183938, -34.194729620627392 ], [ -70.74922965380209, -34.194727821242942 ], [ -70.749238849854933, -34.194725162604399 ], [ -70.74924984817072, -34.194721759600526 ], [ -70.749260938211577, -34.194717543750912 ], [ -70.749271938387395, -34.194714230889318 ], [ -70.749283026564086, -34.194709924893587 ], [ -70.749292693297193, -34.194705099047269 ], [ -70.749302448012102, -34.194699279165611 ], [ -70.749312848023422, -34.19469317866573 ], [ -70.749322911428365, -34.194686542843165 ], [ -70.749332222912457, -34.194680279328864 ], [ -70.74933580917498, -34.194677643885939 ], [ -70.749342484642483, -34.194672738067027 ], [ -70.749350816046061, -34.194666308188481 ], [ -70.749359682399941, -34.194659509094826 ], [ -70.749368122247319, -34.194653075865006 ], [ -70.749378812337909, -34.194645258880037 ], [ -70.749388630832925, -34.194637273984377 ], [ -70.74939996251095, -34.194628996992932 ], [ -70.749407959144193, -34.194622121031834 ], [ -70.749416290519193, -34.194615690247659 ], [ -70.74942639719653, -34.194605896922226 ], [ -70.749437040740403, -34.194595827229641 ], [ -70.749448235973361, -34.194586198717325 ], [ -70.749455677126861, -34.194578698579505 ], [ -70.749463763593994, -34.194570918724459 ], [ -70.749471206607012, -34.194563508729935 ], [ -70.749480379787684, -34.194555804445656 ], [ -70.749488267905392, -34.194548929125588 ], [ -70.749495265788269, -34.194540983552841 ], [ -70.749501726857446, -34.194533317050691 ], [ -70.749511835396078, -34.194523614764336 ], [ -70.74952214227693, -34.194513007940671 ], [ -70.749533028836396, -34.194504197163809 ], [ -70.749544272483917, -34.194496913293143 ], [ -70.749553492170392, -34.194491460805047 ], [ -70.749565624185905, -34.194485157040155 ], [ -70.749577645816558, -34.194478762874539 ], [ -70.749586867398421, -34.194473402331113 ], [ -70.749597175638584, -34.194468114653375 ], [ -70.749608463990214, -34.194462995138508 ], [ -70.749619952527596, -34.194457060328709 ], [ -70.749632419257836, -34.194451200832887 ], [ -70.749644796163864, -34.194446246127917 ], [ -70.749654797589145, -34.194441865431223 ], [ -70.749667619563084, -34.194437443595945 ], [ -70.749678709544796, -34.194433227710157 ], [ -70.749689509479737, -34.194430730106625 ], [ -70.749702131245144, -34.194427122660457 ], [ -70.749712822676514, -34.194424625701039 ], [ -70.749724801008128, -34.194421389016227 ], [ -70.749738313005651, -34.194418851816934 ], [ -70.749753448546443, -34.194416112014906 ], [ -70.749767938754871, -34.194413651027915 ], [ -70.749784162833592, -34.194411075132606 ], [ -70.749799633096728, -34.194408779599897 ], [ -70.749814035306997, -34.194407311740925 ], [ -70.749827148773051, -34.194406494363136 ], [ -70.749840352077783, -34.194404773093254 ], [ -70.749853465505822, -34.194403953909791 ], [ -70.74986584566382, -34.194404409380063 ], [ -70.74987949405768, -34.194403221878574 ], [ -70.74989369608079, -34.194402569304614 ], [ -70.749907987923294, -34.194401011936826 ], [ -70.749923766903848, -34.194397902250856 ], [ -70.749938457287243, -34.194394625949585 ], [ -70.74995225748782, -34.194390282102134 ], [ -70.749965722904832, -34.194385491274375 ], [ -70.749980258232952, -34.194379962912308 ], [ -70.749993813502556, -34.194374269092258 ], [ -70.750007724024158, -34.194370012933589 ], [ -70.750021325859336, -34.194366572714301 ], [ -70.750035769480647, -34.194361858092456 ], [ -70.750038256268496, -34.194361209449177 ], [ -70.750050016643144, -34.194358139051786 ], [ -70.750062638380825, -34.194354531569267 ], [ -70.750074616687712, -34.194351294850961 ], [ -70.750087240323325, -34.194347779312999 ], [ -70.750102465655786, -34.194344134676349 ], [ -70.750120709926378, -34.194339547056742 ], [ -70.750132243099827, -34.194335774758436 ], [ -70.750143043007284, -34.194333277115724 ], [ -70.75015546641815, -34.194330575062665 ], [ -70.750167246361798, -34.194328241971441 ], [ -70.75017902632338, -34.194325909780552 ], [ -70.750190271319937, -34.19432394590514 ], [ -70.750209295455946, -34.194320339022084 ], [ -70.750225519500859, -34.194317763069314 ], [ -70.750240011539361, -34.194315392171575 ], [ -70.750255880305843, -34.194311377651374 ], [ -70.750271857591173, -34.194307363383942 ], [ -70.750292061955932, -34.194303106647531 ], [ -70.750302861835308, -34.194300608089556 ], [ -70.750323373052666, -34.194295447065279 ], [ -70.750340775480211, -34.194292132013587 ], [ -70.750356445920417, -34.194289022919691 ], [ -70.750372866444536, -34.194285453167424 ], [ -70.7503880936152, -34.194281898640128 ], [ -70.750402247169205, -34.194278902260606 ], [ -70.750414227295607, -34.194275754752503 ], [ -70.750427093955338, -34.194273498101694 ], [ -70.750439517347132, -34.194270796020369 ], [ -70.750452187515805, -34.194269533147413 ], [ -70.750466479322711, -34.194267975715519 ], [ -70.750482304817496, -34.194267118660733 ], [ -70.750498128467243, -34.19426617236121 ], [ -70.750516220908537, -34.194264741021954 ], [ -70.750533026495276, -34.194264051215661 ], [ -70.750549295218732, -34.194263637778178 ], [ -70.750565854006524, -34.194261507856631 ], [ -70.750580055997077, -34.194260855204078 ], [ -70.750594792930826, -34.194259833330108 ], [ -70.750608796569665, -34.19426008431072 ], [ -70.750624421846439, -34.194260040730057 ], [ -70.750639848809641, -34.194260902586862 ], [ -70.75065518594289, -34.194262668332769 ], [ -70.750661614868847, -34.19426316448321 ], [ -70.750668989368251, -34.194263732798916 ], [ -70.750680862477878, -34.194265907766351 ], [ -70.750695062585578, -34.194265164054919 ], [ -70.750712066482521, -34.194263568784599 ], [ -70.750723311456298, -34.194261604860948 ], [ -70.750735536523138, -34.194259808189514 ], [ -70.750746871343608, -34.194256941274119 ], [ -70.750761314883619, -34.194252225667128 ], [ -70.750776005242372, -34.194248951070108 ], [ -70.750790252331072, -34.194245231043517 ], [ -70.750801495418045, -34.194243176067253 ], [ -70.750816831062508, -34.194239620840399 ], [ -70.750827522433212, -34.19423712378547 ], [ -70.7508395006911, -34.194233886993807 ], [ -70.750852567505945, -34.194230815003301 ], [ -70.750866169280428, -34.194227374691977 ], [ -70.750879236093169, -34.194224302698643 ], [ -70.750891659461345, -34.194221600572206 ], [ -70.750905706346941, -34.194218694926697 ], [ -70.750917149657155, -34.19421582734865 ], [ -70.750927395888439, -34.194212794713707 ], [ -70.750944553386816, -34.194208132316184 ], [ -70.750965754556503, -34.194204854019006 ], [ -70.750986602318662, -34.194200228202746 ], [ -70.750998045586059, -34.194197358814456 ], [ -70.7510100238311, -34.194194122006486 ], [ -70.751022982168493, -34.194191052448339 ], [ -70.751036692393257, -34.194187609668283 ], [ -70.751048672499167, -34.194184463000731 ], [ -70.751062074066098, -34.194181837062544 ], [ -70.75107360905497, -34.194178155723101 ], [ -70.751084854007601, -34.19417619176685 ], [ -70.751105411739204, -34.194173284216525 ], [ -70.751122415588853, -34.194171687988657 ], [ -70.751136617557194, -34.194171035272227 ], [ -70.751147553833817, -34.194169887253707 ], [ -70.751158798783351, -34.194167923290777 ], [ -70.751171667230167, -34.19416575490412 ], [ -70.751184978946682, -34.194164031942506 ], [ -70.751199470927077, -34.194161660932977 ], [ -70.751213317600957, -34.194159569647454 ], [ -70.751226876105861, -34.194159285889022 ], [ -70.75124116791325, -34.194157730170737 ], [ -70.751253746342996, -34.194157280061553 ], [ -70.751264682615755, -34.194156132032681 ], [ -70.751275039173223, -34.194153187964432 ], [ -70.751288152578894, -34.194152370432008 ], [ -70.751301265965608, -34.194151551996747 ], [ -70.751313290775769, -34.194150567860454 ], [ -70.751324335548233, -34.19414941917875 ], [ -70.751336560546235, -34.194147620645396 ], [ -70.751348983905245, -34.194144919374807 ], [ -70.751361407244715, -34.194142217201517 ], [ -70.751372098585065, -34.194139720099962 ], [ -70.75138383187732, -34.194135134192962 ], [ -70.751394186563402, -34.194132099970759 ], [ -70.751405184707892, -34.194128696778343 ], [ -70.751416076251445, -34.194125386179564 ], [ -70.751426430935069, -34.194122351954704 ], [ -70.751439052610337, -34.194118746136148 ], [ -70.751452010881437, -34.194115674730597 ], [ -70.751464832723073, -34.194111253613045 ], [ -70.751475524074706, -34.194108757404123 ], [ -70.751486078940999, -34.19410490877933 ], [ -70.751499145709573, -34.194101836721188 ], [ -70.751511123919897, -34.194098599865228 ], [ -70.751523102129269, -34.194095363008138 ], [ -70.751534238575871, -34.19409340056049 ], [ -70.751547948780299, -34.19408995862581 ], [ -70.75155972868366, -34.194087627205818 ], [ -70.751572597106218, -34.194085458777764 ], [ -70.7515843770082, -34.194083127355448 ], [ -70.751597887004195, -34.19408049890901 ], [ -70.751611290399524, -34.194077963055854 ], [ -70.751622337003099, -34.194076903590336 ], [ -70.751635648694375, -34.194075180580512 ], [ -70.751647626895135, -34.194071943711485 ], [ -70.751662072232278, -34.194067319046312 ], [ -70.751675872283101, -34.194062975009011 ], [ -70.751685873551466, -34.194058594151045 ], [ -70.751696626721525, -34.194053840969232 ], [ -70.751708405071639, -34.194046188584274 ], [ -70.751718069719317, -34.194041272408846 ], [ -70.75172773434717, -34.194036355331214 ], [ -70.751742222896254, -34.194028574065108 ], [ -70.751755044689745, -34.194024152016581 ], [ -70.751768111434927, -34.194021079930415 ], [ -70.751779934524507, -34.194015590996536 ], [ -70.751790442767472, -34.194009489646042 ], [ -70.751801730898848, -34.194004369033479 ], [ -70.751814244037647, -34.194000763825237 ], [ -70.751827264178985, -34.193995439032747 ], [ -70.751839395927021, -34.193989134148424 ], [ -70.751851419171871, -34.193982829910965 ], [ -70.751862707314487, -34.193977710194432 ], [ -70.751874440556023, -34.193973124241879 ], [ -70.751884995385964, -34.193969275583761 ], [ -70.751896726778952, -34.193964600386536 ], [ -70.751908905135792, -34.193960549097142 ], [ -70.751922261863839, -34.193955758707851 ], [ -70.751933549979711, -34.193950638083557 ], [ -70.751944838112806, -34.193945518359712 ], [ -70.751955392935898, -34.193941669695739 ], [ -70.751964949074065, -34.193936755051126 ], [ -70.751975503913741, -34.1939329072869 ], [ -70.751986346885133, -34.193927251090422 ], [ -70.751996656803499, -34.193922055164172 ], [ -70.752006656172938, -34.19391758413694 ], [ -70.752018342757765, -34.19391074366817 ], [ -70.752028452490734, -34.19390636213511 ], [ -70.752039097157336, -34.193901611375409 ], [ -70.752048763614738, -34.193896784417504 ], [ -70.752059009763158, -34.193893751690318 ], [ -70.752070297862076, -34.193888631053902 ], [ -70.752080852709312, -34.193884784182366 ], [ -70.752093764313912, -34.19387946001077 ], [ -70.752107672755429, -34.193875112573842 ], [ -70.752118762551987, -34.193870897374488 ], [ -70.752130297430014, -34.193867215036754 ], [ -70.752141877085293, -34.193865697056637 ], [ -70.752154257166382, -34.193866152297964 ], [ -70.752169684045896, -34.193867013062615 ], [ -70.752181220493725, -34.193868651670378 ], [ -70.752192955256575, -34.19386938573696 ], [ -70.752204138281726, -34.193869676831063 ], [ -70.752215826436881, -34.193868158195677 ], [ -70.752227209622546, -34.193867633990251 ], [ -70.752238499283521, -34.193867834288802 ], [ -70.752249790772296, -34.193868122927512 ], [ -70.752260683805474, -34.19387013230422 ], [ -70.752272021941295, -34.193872675443437 ], [ -70.752282424749353, -34.193877214797759 ], [ -70.752291987694051, -34.19388311961206 ], [ -70.752303570774927, -34.193887011809224 ], [ -70.752314953696867, -34.193891719302862 ], [ -70.752325450070558, -34.19389553595115 ], [ -70.752337921550748, -34.193900408231833 ], [ -70.752348969665306, -34.193904667848784 ], [ -70.752362421203003, -34.193909705564387 ], [ -70.75237258096044, -34.193912986895413 ], [ -70.752384562558035, -34.193915161049667 ], [ -70.752395898837918, -34.193917614033083 ], [ -70.752407326813511, -34.193919254169131 ], [ -70.752419905177661, -34.193918803040148 ], [ -70.752434196916425, -34.193917247184672 ], [ -70.752446421871269, -34.193915449443814 ], [ -70.752459733516488, -34.193913726345741 ], [ -70.75247195845148, -34.193911927700924 ], [ -70.75248482683854, -34.193909760080068 ], [ -70.752500495252178, -34.193906560572579 ], [ -70.752513363637533, -34.19390439294876 ], [ -70.752527518889508, -34.193901485570628 ], [ -70.752541964145237, -34.193896860804053 ], [ -70.752555120666926, -34.193892885645063 ], [ -70.75256847736344, -34.193888096088259 ], [ -70.752580210551486, -34.193883510069675 ], [ -70.752593030428784, -34.193878998692874 ], [ -70.752606587296498, -34.193873394735519 ], [ -70.752619607346332, -34.193868068959482 ], [ -70.752632073789002, -34.193862210068723 ], [ -70.752644005298237, -34.193856720405101 ], [ -70.752655095044872, -34.193852504256661 ], [ -70.75266973857552, -34.19384697403342 ], [ -70.75268418383223, -34.193842350152025 ], [ -70.752699807450995, -34.193836987163003 ], [ -70.752711250604591, -34.193834117617982 ], [ -70.75272322872587, -34.193830880646097 ], [ -70.75273520684614, -34.19382764367306 ], [ -70.752746541533341, -34.19382477657647 ], [ -70.752756898030938, -34.193821834188633 ], [ -70.752768232716562, -34.193818967090102 ], [ -70.752783121183327, -34.193814785913517 ], [ -70.752793475812595, -34.193811753378625 ], [ -70.752808165968816, -34.193808476739839 ], [ -70.752821522655296, -34.19380368805767 ], [ -70.752833500767622, -34.193800451075262 ], [ -70.752843947046671, -34.193796603886852 ], [ -70.752856568588399, -34.193792997024126 ], [ -70.752867123385116, -34.193789150086339 ], [ -70.752877569661194, -34.193785302895137 ], [ -70.752888814512772, -34.193783338776271 ], [ -70.752900149188278, -34.193780471665811 ], [ -70.752910194228917, -34.193777319110168 ], [ -70.752917111823507, -34.193773691867229 ], [ -70.752919594203249, -34.193770997256316 ], [ -70.752928116063188, -34.193763301126509 ], [ -70.7529363479252, -34.193757322383689 ], [ -70.752945008117862, -34.193751067006616 ], [ -70.752954751247941, -34.193744705079204 ], [ -70.752964518651268, -34.19373951592469 ], [ -70.752974912691016, -34.193733145594521 ], [ -70.752984218193163, -34.193726611381514 ], [ -70.752993819267886, -34.193718629310801 ], [ -70.753004372424712, -34.193709461412951 ], [ -70.753012267633864, -34.19370294645266 ], [ -70.753020484538084, -34.193696245650962 ], [ -70.753028377897508, -34.193689641447143 ], [ -70.753038195928383, -34.193681656272183 ], [ -70.753048251428496, -34.193674658678127 ], [ -70.753057237051024, -34.193668398642025 ], [ -70.753066447100409, -34.1936624960803 ], [ -70.753077510675752, -34.193657017878841 ], [ -70.753087379079531, -34.19365146658842 ], [ -70.753096041134754, -34.193645302246708 ], [ -70.753105660830968, -34.193638220706411 ], [ -70.753114943901736, -34.19363060385448 ], [ -70.753123903390374, -34.193623081797647 ], [ -70.753135339306496, -34.193614622636645 ], [ -70.753145825024305, -34.193607440347513 ], [ -70.753154591802044, -34.193601093261869 ], [ -70.75316423761312, -34.193595273733308 ], [ -70.753173247477321, -34.193590185561249 ], [ -70.753182994322273, -34.193584004806091 ], [ -70.753192301639174, -34.193577559820724 ], [ -70.753201932534807, -34.193571020038739 ], [ -70.753210272840647, -34.193565039727908 ], [ -70.753219325867008, -34.1935567949618 ], [ -70.753229534890451, -34.193546731159095 ], [ -70.753236981209824, -34.193539501235826 ], [ -70.753243658823024, -34.193531831446847 ], [ -70.753252551108616, -34.193521064197029 ], [ -70.753260603509545, -34.193511660610781 ], [ -70.753268169502178, -34.193504969999076 ], [ -70.753276392002675, -34.19349854141614 ], [ -70.753286123881395, -34.193491638599802 ], [ -70.753295328296858, -34.193485465589802 ], [ -70.753303431095603, -34.193478496790433 ], [ -70.753310439742506, -34.193471092777926 ], [ -70.753316885450246, -34.19346270493471 ], [ -70.753323548120576, -34.193454313989712 ], [ -70.753330629787499, -34.193445195689371 ], [ -70.753338886091555, -34.193435158890296 ], [ -70.753345535693953, -34.193426136936182 ], [ -70.75335252382294, -34.193417742238871 ], [ -70.753360312343816, -34.193411318050906 ], [ -70.753369099632678, -34.193405963436277 ], [ -70.753379293414667, -34.193400406569872 ], [ -70.753389036508722, -34.193394046412749 ], [ -70.753398025789977, -34.193387965739667 ], [ -70.753406027554348, -34.193381359060766 ], [ -70.753413782511643, -34.193373314080489 ], [ -70.753419470695547, -34.193365027232097 ], [ -70.753421773528288, -34.193355705829795 ], [ -70.753425610054691, -34.193347084769215 ], [ -70.75343473210971, -34.193342176217655 ], [ -70.753445062356448, -34.193337969955223 ], [ -70.753455052244732, -34.193333048093962 ], [ -70.753465674377466, -34.193327216388212 ], [ -70.753476713619733, -34.193320566280661 ], [ -70.753485636937185, -34.193315335952143 ], [ -70.753578834081608, -34.193295422073653 ], [ -70.75451854485047, -34.193094629506184 ], [ -70.754746512632423, -34.193128061439374 ], [ -70.75476551361632, -34.193117127821374 ], [ -70.754087471612706, -34.192166265314057 ], [ -70.752987052201959, -34.190986115602385 ], [ -70.752501709391126, -34.190657412143047 ], [ -70.752483830654924, -34.190785402543 ], [ -70.752455679258048, -34.190867875448561 ], [ -70.75240611144666, -34.190914390363758 ], [ -70.752290350795946, -34.190980937350744 ], [ -70.75177788084423, -34.191156215787288 ], [ -70.751244074254529, -34.191332750755876 ], [ -70.750714005395565, -34.191523545590528 ], [ -70.75017140339375, -34.191719287936778 ], [ -70.749487402616367, -34.191963805579441 ], [ -70.74885694340783, -34.19218751650844 ], [ -70.748110262801362, -34.19245582364762 ], [ -70.747476587962637, -34.192691025101368 ], [ -70.746875811085943, -34.192906667436354 ], [ -70.746731026301916, -34.192958354014635 ], [ -70.746294207919021, -34.193161161703536 ] ] ] } },
{ "type": "Feature", "properties": { "zona": "68" }, "geometry": { "type": "Polygon", "coordinates": [ [ [ -70.686152152869511, -34.161406803839945 ], [ -70.687089992951769, -34.162399346650631 ], [ -70.687489265401538, -34.162819723965342 ], [ -70.688829533891195, -34.164206845357036 ], [ -70.688849514681152, -34.16428045165862 ], [ -70.688929963509494, -34.164342329784212 ], [ -70.689246555755616, -34.164674371060528 ], [ -70.691486455040163, -34.163259814791644 ], [ -70.69232757781667, -34.162728778818881 ], [ -70.692332946976862, -34.162725389139304 ], [ -70.692434913107007, -34.162832008168159 ], [ -70.692560381257294, -34.162963644014788 ], [ -70.692670323322361, -34.16307950908088 ], [ -70.692783497690044, -34.163199147339569 ], [ -70.692907881187566, -34.163323189244828 ], [ -70.694687145493916, -34.16219101587054 ], [ -70.695007199990727, -34.162530942990919 ], [ -70.695454021730058, -34.163009425131101 ], [ -70.69587139311794, -34.163453670185454 ], [ -70.695877236166197, -34.163504662228064 ], [ -70.696173833666606, -34.163820907106476 ], [ -70.696511230271625, -34.164153834537466 ], [ -70.696812409594131, -34.164461495096369 ], [ -70.697118100996803, -34.164763605102962 ], [ -70.697620148069959, -34.165289331366594 ], [ -70.697826123106566, -34.165445376199244 ], [ -70.698442516172037, -34.165997987262713 ], [ -70.698892678027647, -34.166461997577024 ], [ -70.699175328507252, -34.166730781288635 ], [ -70.70012177555266, -34.167632971387683 ], [ -70.701788661387951, -34.166531919599024 ], [ -70.703181506759051, -34.165872112438912 ], [ -70.703070163740563, -34.165701386223056 ], [ -70.70265323691153, -34.165271047604179 ], [ -70.702247763142765, -34.164860589303153 ], [ -70.701917088815534, -34.164515894223619 ], [ -70.701450447103809, -34.164031844531515 ], [ -70.701381120995791, -34.163895382787189 ], [ -70.701243200441127, -34.163773233726715 ], [ -70.700929674835479, -34.163481740275806 ], [ -70.700878830023044, -34.163465267300943 ], [ -70.700686540780566, -34.16269302222203 ], [ -70.700479335993393, -34.161863725054808 ], [ -70.700272823179944, -34.161068772429246 ], [ -70.699691067868457, -34.158873300536854 ], [ -70.697667499489071, -34.156638967930228 ], [ -70.697738319716336, -34.156592657745158 ], [ -70.697540495546193, -34.156368345402726 ], [ -70.697040492605936, -34.155819844461895 ], [ -70.695651366193019, -34.154314125210803 ], [ -70.693408332446808, -34.151869452237996 ], [ -70.693376620178711, -34.151834888510606 ], [ -70.693074621320036, -34.151565218090653 ], [ -70.691694750735209, -34.152595830978498 ], [ -70.683978727332686, -34.159060577999547 ], [ -70.684169365826691, -34.159294963683742 ], [ -70.684526597092699, -34.15954367248527 ], [ -70.6855242950177, -34.16027005220564 ], [ -70.685938389115421, -34.160570702145868 ], [ -70.686355210766081, -34.160878470582944 ], [ -70.68611341811804, -34.161232507743733 ], [ -70.686123669258052, -34.161271732805702 ], [ -70.68615857002564, -34.161294872791416 ], [ -70.68616876428014, -34.161331235654565 ], [ -70.686152152869511, -34.161406803839945 ] ] ] } },
{ "type": "Feature", "properties": { "zona": "63" }, "geometry": { "type": "Polygon", "coordinates": [ [ [ -70.711946141907788, -34.155216797606982 ], [ -70.710603232434735, -34.155715147617933 ], [ -70.709427035127248, -34.156142296678524 ], [ -70.707735594196478, -34.157085812392431 ], [ -70.707723848156775, -34.157072615070085 ], [ -70.707430668405649, -34.157243860831329 ], [ -70.708670871265213, -34.158545947801883 ], [ -70.7091833380194, -34.159086512688049 ], [ -70.710036780680568, -34.159993156949632 ], [ -70.710207168702453, -34.160045655601522 ], [ -70.711732242618012, -34.161641089751541 ], [ -70.712232027096974, -34.161376450939599 ], [ -70.717401736117097, -34.159572115624918 ], [ -70.719413340174157, -34.158852063580412 ], [ -70.720019081756902, -34.158719513658234 ], [ -70.7199604036675, -34.158567517561217 ], [ -70.719463978921937, -34.157863506301602 ], [ -70.71885358087998, -34.156973088333586 ], [ -70.71882979495993, -34.156932905606723 ], [ -70.718808526927162, -34.156896976433067 ], [ -70.718691339162035, -34.15686202867078 ], [ -70.718534097166454, -34.156909266553313 ], [ -70.718324546262252, -34.156972218435165 ], [ -70.71798163743037, -34.157093225959947 ], [ -70.717704899407565, -34.157192315426002 ], [ -70.717491548206723, -34.157269482080117 ], [ -70.717421240961031, -34.157295430806542 ], [ -70.717313776914551, -34.157335093114014 ], [ -70.717218240212603, -34.157370817544994 ], [ -70.717045236841642, -34.157435509142701 ], [ -70.716942446756534, -34.157238099545026 ], [ -70.716870526501779, -34.157099975199792 ], [ -70.716818814990177, -34.157000661846091 ], [ -70.716764007696725, -34.156895402667566 ], [ -70.716723400426702, -34.156817414899052 ], [ -70.716641665243642, -34.156698899664718 ], [ -70.716541383252817, -34.156508484039215 ], [ -70.71641995216423, -34.156294028957241 ], [ -70.716324189051178, -34.156326860911399 ], [ -70.71631316633254, -34.156308821704933 ], [ -70.716270656457127, -34.156239252174849 ], [ -70.716262812991047, -34.156226415936992 ], [ -70.71607835146807, -34.155924533789971 ], [ -70.715917193420808, -34.15566488594397 ], [ -70.71593425496404, -34.155656948593496 ], [ -70.716260080767228, -34.155505367577931 ], [ -70.71618663508346, -34.155365772567677 ], [ -70.716184258847989, -34.155361256151615 ], [ -70.716103198150762, -34.155227114781233 ], [ -70.716019546702668, -34.155093587349604 ], [ -70.715997847447824, -34.155058950141857 ], [ -70.715992126304712, -34.155049817821599 ], [ -70.715974670403654, -34.155021953991223 ], [ -70.715781817004, -34.154714111981619 ], [ -70.715756876114213, -34.154674299922171 ], [ -70.715519690065307, -34.154763493452684 ], [ -70.715134839194761, -34.154908214804976 ], [ -70.715114539980846, -34.154871335733709 ], [ -70.71507896090084, -34.154806696518826 ], [ -70.715047188241641, -34.154721460897996 ], [ -70.715022003747066, -34.154654083875947 ], [ -70.714905971184976, -34.154735301281725 ], [ -70.714815185203548, -34.15481198113968 ], [ -70.714566106948226, -34.154983421849259 ], [ -70.714086522135815, -34.155289033799313 ], [ -70.713834516973748, -34.154634071384933 ], [ -70.713808421937486, -34.154592445461269 ], [ -70.713769210107174, -34.154583450161979 ], [ -70.71370280399141, -34.154592012348687 ], [ -70.713171606674351, -34.154776932391599 ], [ -70.713076440355835, -34.154839337915917 ], [ -70.712579013198493, -34.15499133746151 ], [ -70.712353405485032, -34.155074648489958 ], [ -70.711946141907788, -34.155216797606982 ] ] ] } },
{ "type": "Feature", "properties": { "zona": "49" }, "geometry": { "type": "Polygon", "coordinates": [ [ [ -70.715022003747066, -34.154654083875947 ], [ -70.715047188241641, -34.154721460897996 ], [ -70.71507896090084, -34.154806696518826 ], [ -70.715114539980846, -34.154871335733709 ], [ -70.715134839194761, -34.154908214804976 ], [ -70.715519690065307, -34.154763493452684 ], [ -70.715756876114213, -34.154674299922171 ], [ -70.715781817004, -34.154714111981619 ], [ -70.715974670403654, -34.155021953991223 ], [ -70.715992126304712, -34.155049817821599 ], [ -70.715997847447824, -34.155058950141857 ], [ -70.716019546702668, -34.155093587349604 ], [ -70.716103198150762, -34.155227114781233 ], [ -70.716184258847989, -34.155361256151615 ], [ -70.71618663508346, -34.155365772567677 ], [ -70.716260080767228, -34.155505367577931 ], [ -70.71593425496404, -34.155656948593496 ], [ -70.715917193420808, -34.15566488594397 ], [ -70.71607835146807, -34.155924533789971 ], [ -70.716262812991047, -34.156226415936992 ], [ -70.716270656457127, -34.156239252174849 ], [ -70.71631316633254, -34.156308821704933 ], [ -70.716324189051178, -34.156326860911399 ], [ -70.71641995216423, -34.156294028957241 ], [ -70.716541383252817, -34.156508484039215 ], [ -70.716641665243642, -34.156698899664718 ], [ -70.716723400426702, -34.156817414899052 ], [ -70.716764007696725, -34.156895402667566 ], [ -70.716818814990177, -34.157000661846091 ], [ -70.716870526501779, -34.157099975199792 ], [ -70.716942446756534, -34.157238099545026 ], [ -70.717045236841642, -34.157435509142701 ], [ -70.717218240212603, -34.157370817544994 ], [ -70.717313776914551, -34.157335093114014 ], [ -70.717421240961031, -34.157295430806542 ], [ -70.717491548206723, -34.157269482080117 ], [ -70.717704899407565, -34.157192315426002 ], [ -70.71798163743037, -34.157093225959947 ], [ -70.718324546262252, -34.156972218435165 ], [ -70.718534097166454, -34.156909266553313 ], [ -70.718691339162035, -34.15686202867078 ], [ -70.718808526927162, -34.156896976433067 ], [ -70.71882979495993, -34.156932905606723 ], [ -70.71885358087998, -34.156973088333586 ], [ -70.719463978921937, -34.157863506301602 ], [ -70.7199604036675, -34.158567517561217 ], [ -70.720019081756902, -34.158719513658234 ], [ -70.720253673417361, -34.158682823848025 ], [ -70.721509698907511, -34.158350284237507 ], [ -70.721884160967832, -34.158135080970908 ], [ -70.722189955442673, -34.157930382264219 ], [ -70.724602027199396, -34.156988995181457 ], [ -70.725094216108644, -34.156796894307696 ], [ -70.726286102243947, -34.156417492839175 ], [ -70.72735711047612, -34.15626499054212 ], [ -70.727354543191538, -34.156170734197211 ], [ -70.727312949963348, -34.155444647111395 ], [ -70.727198778322915, -34.155204467803038 ], [ -70.727075370044474, -34.154922294669305 ], [ -70.726759951027972, -34.154089318884189 ], [ -70.726718474214337, -34.1540254856396 ], [ -70.726353402025424, -34.1535725486955 ], [ -70.72582312048354, -34.152926298355332 ], [ -70.725466381636764, -34.152487556109286 ], [ -70.725027492888458, -34.151988414442826 ], [ -70.72451987697815, -34.151411504284532 ], [ -70.72380732751914, -34.15049343904672 ], [ -70.723414727200336, -34.149884609738287 ], [ -70.722947991417186, -34.149157528815806 ], [ -70.722856623127953, -34.14910363984292 ], [ -70.722301713927877, -34.148273415542604 ], [ -70.721080197224651, -34.148836836642552 ], [ -70.721045823293792, -34.148852691171221 ], [ -70.72099634534257, -34.148889172396238 ], [ -70.720268289367908, -34.149248302224677 ], [ -70.719913169428779, -34.149425057648777 ], [ -70.719589266345523, -34.149584673046299 ], [ -70.718778513627697, -34.149934813931935 ], [ -70.718420664585636, -34.150118760276676 ], [ -70.717900302546511, -34.150355082714633 ], [ -70.717078156625576, -34.15071014392948 ], [ -70.716611531793447, -34.150896103779594 ], [ -70.716550550356317, -34.150931550277029 ], [ -70.716525455056299, -34.150967688700788 ], [ -70.716517668388022, -34.151008356028029 ], [ -70.716517609395808, -34.151076352776371 ], [ -70.716641031975811, -34.151644832923168 ], [ -70.716657424237113, -34.151716621419553 ], [ -70.716570905363113, -34.151894481191626 ], [ -70.716618328404252, -34.152195860466804 ], [ -70.716818270236232, -34.153091962197266 ], [ -70.716862711708217, -34.153274089012172 ], [ -70.716889610881083, -34.153309977454583 ], [ -70.715045306961485, -34.154639614488637 ], [ -70.715022003747066, -34.154654083875947 ] ] ] } },
{ "type": "Feature", "properties": { "zona": "48" }, "geometry": { "type": "Polygon", "coordinates": [ [ [ -70.724979001901175, -34.146163788184182 ], [ -70.724365319644974, -34.146550322716031 ], [ -70.723844817140659, -34.146862539712082 ], [ -70.723163351479087, -34.147302984623863 ], [ -70.72219829192457, -34.147937793543427 ], [ -70.722169552955222, -34.147963963416331 ], [ -70.722158143812109, -34.147995616024446 ], [ -70.722181914024731, -34.148063993420848 ], [ -70.722298893574404, -34.148275840922302 ], [ -70.722301713927905, -34.148273415542619 ], [ -70.722856623127953, -34.14910363984292 ], [ -70.722947991417186, -34.149157528815806 ], [ -70.723414727200336, -34.149884609738287 ], [ -70.72380732751914, -34.15049343904672 ], [ -70.72451987697815, -34.151411504284532 ], [ -70.725027492888458, -34.151988414442826 ], [ -70.725466381636764, -34.152487556109286 ], [ -70.72582312048354, -34.152926298355332 ], [ -70.726353402025424, -34.1535725486955 ], [ -70.726718474214337, -34.1540254856396 ], [ -70.726759951027972, -34.154089318884189 ], [ -70.727075370044474, -34.154922294669305 ], [ -70.727198778322915, -34.155204467803038 ], [ -70.727312949963348, -34.155444647111395 ], [ -70.727354543191538, -34.156170734197211 ], [ -70.72735711047612, -34.15626499054212 ], [ -70.72807786882835, -34.156162354937166 ], [ -70.728146745770005, -34.155438108446923 ], [ -70.728845762325619, -34.146426058502307 ], [ -70.728842942225015, -34.146428484025492 ], [ -70.728652279168074, -34.14610781189333 ], [ -70.728616397083613, -34.146036743442792 ], [ -70.728542638907015, -34.145937578885977 ], [ -70.728444546371705, -34.145841142923175 ], [ -70.728151436430679, -34.145468313625543 ], [ -70.72747451553434, -34.144594142394169 ], [ -70.727450011084215, -34.144574446602171 ], [ -70.727432769055426, -34.14457325824641 ], [ -70.727391752037605, -34.144588150297153 ], [ -70.727181238550585, -34.144734260600593 ], [ -70.726970491328814, -34.144868922923877 ], [ -70.726462260600016, -34.145190997996011 ], [ -70.725999945851243, -34.145485227692177 ], [ -70.725320601655241, -34.145944264138109 ], [ -70.724979001901175, -34.146163788184182 ] ] ] } },
{ "type": "Feature", "properties": { "zona": "62" }, "geometry": { "type": "Polygon", "coordinates": [ [ [ -70.710675837533046, -34.138861137012007 ], [ -70.698241550700232, -34.14730780260696 ], [ -70.698599689337556, -34.147793404403217 ], [ -70.699226664523124, -34.148467568370044 ], [ -70.700273537731036, -34.149586330734614 ], [ -70.7013088201101, -34.150698085432666 ], [ -70.703342182436145, -34.152870233214237 ], [ -70.70360491287245, -34.153149066697736 ], [ -70.704607000900026, -34.154232622695389 ], [ -70.705695914487009, -34.155357518926017 ], [ -70.705697830696593, -34.155389374416814 ], [ -70.706430804777227, -34.156188927352744 ], [ -70.707430668405649, -34.157243860831329 ], [ -70.707723848156775, -34.157072615070085 ], [ -70.707735594196478, -34.157085812392431 ], [ -70.709427035127248, -34.156142296678524 ], [ -70.710603232434735, -34.155715147617933 ], [ -70.711946141907788, -34.155216797606982 ], [ -70.712353405485032, -34.155074648489958 ], [ -70.712579013198493, -34.15499133746151 ], [ -70.713076440355835, -34.154839337915917 ], [ -70.713171606674351, -34.154776932391599 ], [ -70.71370280399141, -34.154592012348687 ], [ -70.713769210107174, -34.154583450161979 ], [ -70.713808421937486, -34.154592445461269 ], [ -70.713834516973748, -34.154634071384933 ], [ -70.714086522135815, -34.155289033799313 ], [ -70.714566106948226, -34.154983421849259 ], [ -70.714815185203548, -34.15481198113968 ], [ -70.714905971184976, -34.154735301281725 ], [ -70.715022003747066, -34.154654083875947 ], [ -70.715045306961485, -34.154639614488637 ], [ -70.716889610881083, -34.153309977454583 ], [ -70.716862711708217, -34.153274089012172 ], [ -70.716818270236232, -34.153091962197266 ], [ -70.716618328404252, -34.152195860466804 ], [ -70.716570905363113, -34.151894481191626 ], [ -70.716657424237113, -34.151716621419553 ], [ -70.716641031975811, -34.151644832923168 ], [ -70.716517609395808, -34.151076352776371 ], [ -70.716517668388022, -34.151008356028029 ], [ -70.716525455056299, -34.150967688700788 ], [ -70.716550550356317, -34.150931550277029 ], [ -70.716611531793447, -34.150896103779594 ], [ -70.717078156625576, -34.15071014392948 ], [ -70.717900302546511, -34.150355082714633 ], [ -70.718420664585636, -34.150118760276676 ], [ -70.718778513627697, -34.149934813931935 ], [ -70.719589266345523, -34.149584673046299 ], [ -70.719913169428779, -34.149425057648777 ], [ -70.720268289367908, -34.149248302224677 ], [ -70.72099634534257, -34.148889172396238 ], [ -70.721045823293792, -34.148852691171221 ], [ -70.721080197224651, -34.148836836642552 ], [ -70.720343919472057, -34.14827148879052 ], [ -70.720184955828415, -34.148130569068712 ], [ -70.720158318223369, -34.148062230546195 ], [ -70.720143194066694, -34.147995640490358 ], [ -70.720100257931335, -34.14791607945709 ], [ -70.720069301627504, -34.14786116220516 ], [ -70.720031884816294, -34.147827331106193 ], [ -70.719264195375999, -34.147101351588795 ], [ -70.718625525718366, -34.14651098330576 ], [ -70.717911184787994, -34.145810968394883 ], [ -70.717405045251098, -34.14530271810824 ], [ -70.717243488926499, -34.145146560896087 ], [ -70.717170569122189, -34.145059783381384 ], [ -70.717142257583106, -34.145022006978017 ], [ -70.717137127455217, -34.144995358091563 ], [ -70.717136432363034, -34.144961012296193 ], [ -70.717147481868736, -34.144939862067211 ], [ -70.717165417264113, -34.144918616401057 ], [ -70.717174132860947, -34.144895590783761 ], [ -70.717173476361154, -34.144863152487282 ], [ -70.717158664138765, -34.144811826438996 ], [ -70.716542049624962, -34.144175329739539 ], [ -70.715962239223998, -34.143542133071755 ], [ -70.715922840494045, -34.143523597173335 ], [ -70.715890518321842, -34.143514506137478 ], [ -70.715853722484965, -34.143511203556173 ], [ -70.715631138000347, -34.143628833473834 ], [ -70.715596907424995, -34.143638854844738 ], [ -70.715569368647223, -34.14363923976822 ], [ -70.715548483092093, -34.143628079846287 ], [ -70.715515813715015, -34.143601815795826 ], [ -70.714818089025144, -34.142926362129998 ], [ -70.713837070217906, -34.141976197868708 ], [ -70.712036905055896, -34.140245365430061 ], [ -70.711025089413809, -34.13925402572719 ], [ -70.710675837533046, -34.138861137012007 ] ] ] } },
{ "type": "Feature", "properties": { "zona": "67" }, "geometry": { "type": "Polygon", "coordinates": [ [ [ -70.70012177555266, -34.167632971387683 ], [ -70.698293199839952, -34.168823028297993 ], [ -70.697915787523357, -34.169067573468681 ], [ -70.696447337697862, -34.170019033199736 ], [ -70.696373956220441, -34.170066579243581 ], [ -70.69643662670245, -34.170079841798753 ], [ -70.697058885210623, -34.170829525211424 ], [ -70.69766186130812, -34.171556011070841 ], [ -70.698550801782403, -34.172657878494086 ], [ -70.69926906733501, -34.173549766142109 ], [ -70.699736824545553, -34.174115879087708 ], [ -70.700767585431677, -34.175416171157302 ], [ -70.70099764795026, -34.175723135793262 ], [ -70.701042535542769, -34.175764969938669 ], [ -70.701638569301522, -34.175711587850117 ], [ -70.704409562204617, -34.175329567618498 ], [ -70.712389194731855, -34.174741292555531 ], [ -70.712622573354381, -34.174671686664318 ], [ -70.712327873575347, -34.174467544174739 ], [ -70.711885438161389, -34.173880250853856 ], [ -70.711565897195371, -34.173514910474168 ], [ -70.710846524433379, -34.172716754847528 ], [ -70.709891945568316, -34.17164154246391 ], [ -70.708448387978265, -34.170158597737277 ], [ -70.706925836609045, -34.168491834677418 ], [ -70.706270279068264, -34.167784964018885 ], [ -70.705895850813263, -34.167352117221384 ], [ -70.705208105610069, -34.167786136116661 ], [ -70.704697328969971, -34.167268829789847 ], [ -70.703181506759051, -34.165872112438912 ], [ -70.701788661387951, -34.166531919599024 ], [ -70.70012177555266, -34.167632971387683 ] ] ] } },
{ "type": "Feature", "properties": { "zona": "66" }, "geometry": { "type": "Polygon", "coordinates": [ [ [ -70.698660678536896, -34.147858984795604 ], [ -70.698599689337556, -34.147793404403245 ], [ -70.698241550700246, -34.147307802606974 ], [ -70.698204594255799, -34.147337764224424 ], [ -70.698150699553807, -34.147381457176856 ], [ -70.698003431328971, -34.147502845822544 ], [ -70.693074621320051, -34.151565218090653 ], [ -70.693376620178711, -34.151834888510606 ], [ -70.693408332482605, -34.151869452215344 ], [ -70.695651366193019, -34.154314125210817 ], [ -70.697040492605936, -34.155819844461895 ], [ -70.697540495546193, -34.156368345402747 ], [ -70.69773831971635, -34.156592657745165 ], [ -70.697667499489071, -34.156638967930242 ], [ -70.699691067868471, -34.158873300536854 ], [ -70.700272823179944, -34.161068772429246 ], [ -70.700479335993393, -34.161863725054808 ], [ -70.700686540780566, -34.16269302222203 ], [ -70.700878830023058, -34.163465267300957 ], [ -70.700929674835493, -34.163481740275827 ], [ -70.701243200441141, -34.163773233726715 ], [ -70.701381120995791, -34.163895382787189 ], [ -70.701450447103809, -34.164031844531515 ], [ -70.701917088815534, -34.164515894223619 ], [ -70.702247763142765, -34.164860589303167 ], [ -70.702653236911544, -34.165271047604179 ], [ -70.703070163740577, -34.165701386223063 ], [ -70.703181506759066, -34.165872112438926 ], [ -70.703258008661123, -34.165835871742708 ], [ -70.705121360123925, -34.164638085325684 ], [ -70.707517527663811, -34.162992916513495 ], [ -70.708876071171716, -34.16232983708008 ], [ -70.709441109119652, -34.162169276089081 ], [ -70.71015669356818, -34.162073415600538 ], [ -70.710752151633358, -34.161998313356577 ], [ -70.711323018578341, -34.161842433505122 ], [ -70.711732242618027, -34.161641089751548 ], [ -70.710207168702453, -34.160045655601522 ], [ -70.710036780680568, -34.159993156949632 ], [ -70.7091833380194, -34.159086512688056 ], [ -70.708670871265213, -34.15854594780189 ], [ -70.707430668405649, -34.157243860831329 ], [ -70.706430804777241, -34.156188927352744 ], [ -70.705697830696593, -34.155389374416842 ], [ -70.705695914487023, -34.155357518926031 ], [ -70.704607000900026, -34.154232622695389 ], [ -70.703604912872464, -34.153149066697736 ], [ -70.703342182436145, -34.152870233214252 ], [ -70.7013088201101, -34.15069808543268 ], [ -70.700273537731064, -34.149586330734621 ], [ -70.699226664523138, -34.148467568370044 ], [ -70.698660678536896, -34.147858984795604 ] ] ] } },
{ "type": "Feature", "properties": { "zona": "69" }, "geometry": { "type": "Polygon", "coordinates": [ [ [ -70.684191959225217, -34.164652743850809 ], [ -70.684425933229335, -34.164758881410243 ], [ -70.684452286990805, -34.16477083626669 ], [ -70.684528794485303, -34.164805541979632 ], [ -70.684653104543997, -34.164861933336432 ], [ -70.6846893551579, -34.164878378099907 ], [ -70.684733351560439, -34.164898336017437 ], [ -70.684929950173213, -34.164991631237861 ], [ -70.685179174144892, -34.165109899792178 ], [ -70.68518496589067, -34.165112740027467 ], [ -70.685209460581575, -34.165124751809302 ], [ -70.685422946989647, -34.165229441090951 ], [ -70.685511320928711, -34.165272776777876 ], [ -70.685740738994724, -34.165359278925159 ], [ -70.68599582102415, -34.165452079107183 ], [ -70.686069893053272, -34.165479026417948 ], [ -70.686090075251968, -34.165486368645567 ], [ -70.686762478543017, -34.165673340117024 ], [ -70.686922439454477, -34.16571781872139 ], [ -70.687021696660992, -34.165745418306017 ], [ -70.687391111597805, -34.165848139590587 ], [ -70.687666265664234, -34.165917614897268 ], [ -70.687958342447303, -34.165991362686015 ], [ -70.687965215584413, -34.165993097729064 ], [ -70.688375963912108, -34.166096810075508 ], [ -70.688433246083932, -34.166112072510309 ], [ -70.688444602406378, -34.166115098418253 ], [ -70.688489688519311, -34.16612711112414 ], [ -70.688501979474395, -34.166130385664594 ], [ -70.689400061859729, -34.166369670937058 ], [ -70.689495785790001, -34.166395176450628 ], [ -70.689925898712445, -34.166518767670908 ], [ -70.689962787390471, -34.166529367916759 ], [ -70.690052080693761, -34.166555025580706 ], [ -70.69018533394771, -34.166593315819497 ], [ -70.690214850919148, -34.166600517950961 ], [ -70.690402651269011, -34.166646343369081 ], [ -70.690595543742873, -34.166693411242171 ], [ -70.69064675223062, -34.166708425380712 ], [ -70.690759549766881, -34.166741497237211 ], [ -70.690840540186869, -34.166760999059498 ], [ -70.690933126530183, -34.166781387923834 ], [ -70.690940129369054, -34.166782929845517 ], [ -70.690962587465407, -34.16679012537486 ], [ -70.690979337662355, -34.166795490618568 ], [ -70.691026599015046, -34.166810632032281 ], [ -70.691031593920229, -34.166812339584752 ], [ -70.691094537712374, -34.166833862733988 ], [ -70.6911442012713, -34.166854570682823 ], [ -70.691148774141993, -34.166856112720183 ], [ -70.691154802848772, -34.166858145066172 ], [ -70.691156256515654, -34.166858635404857 ], [ -70.691157805182698, -34.166859156896109 ], [ -70.691158630848051, -34.166859434968678 ], [ -70.691159524220879, -34.166859735552769 ], [ -70.691160038623693, -34.166859908807098 ], [ -70.691160686272397, -34.166860127114425 ], [ -70.691161155904453, -34.166860285656583 ], [ -70.691161784990527, -34.166860497907713 ], [ -70.691162246113876, -34.166860610579342 ], [ -70.691169081211783, -34.166862281040679 ], [ -70.691177808755853, -34.166864413249343 ], [ -70.691177861506972, -34.166864338581128 ], [ -70.691237427515233, -34.166883155256393 ], [ -70.69124014464559, -34.166883954602291 ], [ -70.691247758974342, -34.166887001165968 ], [ -70.69124883500281, -34.166887430883065 ], [ -70.691259281604346, -34.166891610644875 ], [ -70.691278240808472, -34.166901830022901 ], [ -70.69129653219187, -34.166911689799072 ], [ -70.691350848198084, -34.16694096841583 ], [ -70.69138429102756, -34.166960498582021 ], [ -70.691429421167712, -34.16698685506708 ], [ -70.691553020185168, -34.167059038222234 ], [ -70.691609121019184, -34.167091802515692 ], [ -70.69161998072579, -34.167098144288332 ], [ -70.691743088108268, -34.167171279027116 ], [ -70.691812186746304, -34.167212329372894 ], [ -70.691909369101211, -34.167270062015582 ], [ -70.692088793824482, -34.167373122523642 ], [ -70.692170335069321, -34.167419957839698 ], [ -70.692330002752485, -34.167511669073278 ], [ -70.692387227485838, -34.16754674123225 ], [ -70.692702093371949, -34.167739715172146 ], [ -70.692775150318951, -34.16778228385234 ], [ -70.6929039015738, -34.167857305273039 ], [ -70.692912995173714, -34.167862604558863 ], [ -70.692915533908447, -34.167864083520435 ], [ -70.692957394079286, -34.167888475506643 ], [ -70.693344365737275, -34.168122730908443 ], [ -70.693400540617617, -34.168154244449063 ], [ -70.693904997236174, -34.168437233108691 ], [ -70.694081820904927, -34.168534747565914 ], [ -70.694239262910614, -34.168623230846777 ], [ -70.694291013089995, -34.16865673654884 ], [ -70.694391372378917, -34.168721710090836 ], [ -70.69447960498232, -34.168771134935007 ], [ -70.694528500409973, -34.168798525715907 ], [ -70.69453948367277, -34.168804677055235 ], [ -70.694616627586342, -34.168845653428967 ], [ -70.69471864853935, -34.168899843514183 ], [ -70.694733048841258, -34.168908805190583 ], [ -70.694863817259829, -34.168990188016245 ], [ -70.694868265118686, -34.168992956174478 ], [ -70.695043414657889, -34.169104289547619 ], [ -70.69506260277241, -34.169114461876546 ], [ -70.695123107832458, -34.169140134753192 ], [ -70.695142669385419, -34.16914972210386 ], [ -70.695186870534059, -34.16917138662081 ], [ -70.695277303268853, -34.169205796589715 ], [ -70.695323946240464, -34.169223544510366 ], [ -70.69538178101233, -34.169245550787323 ], [ -70.695400937123523, -34.16925411934384 ], [ -70.695507988329837, -34.169307221203098 ], [ -70.695538412685167, -34.169320506018387 ], [ -70.695698941854346, -34.169383932790488 ], [ -70.695707793622915, -34.1693874299607 ], [ -70.695738223518802, -34.169400988771592 ], [ -70.695805062077696, -34.169434133792322 ], [ -70.695835571860556, -34.169451684290998 ], [ -70.69589735107229, -34.169492110242921 ], [ -70.695943108803135, -34.169530611523889 ], [ -70.695977576633879, -34.16956548252071 ], [ -70.696208808210443, -34.16985829370941 ], [ -70.696222214942694, -34.169875270803296 ], [ -70.696235363426439, -34.169891919632839 ], [ -70.696285891649808, -34.169955902356804 ], [ -70.696364827584702, -34.17005510663153 ], [ -70.696368726987487, -34.170060007669981 ], [ -70.696373956220441, -34.170066579243581 ], [ -70.696447337697862, -34.170019033199736 ], [ -70.697915787523357, -34.169067573468681 ], [ -70.698293199839952, -34.168823028297993 ], [ -70.70012177555266, -34.167632971387683 ], [ -70.699175328507252, -34.166730781288635 ], [ -70.698892678027647, -34.166461997577024 ], [ -70.698442516172037, -34.165997987262713 ], [ -70.697826123106566, -34.165445376199244 ], [ -70.697620148069959, -34.165289331366594 ], [ -70.697118100996803, -34.164763605102962 ], [ -70.696812409594131, -34.164461495096369 ], [ -70.696511230271625, -34.164153834537466 ], [ -70.696173833666606, -34.163820907106476 ], [ -70.695877236166197, -34.163504662228064 ], [ -70.69587139311794, -34.163453670185454 ], [ -70.695454021730058, -34.163009425131101 ], [ -70.695007199990727, -34.162530942990919 ], [ -70.694687145493916, -34.16219101587054 ], [ -70.692907881187566, -34.163323189244828 ], [ -70.692783497690044, -34.163199147339569 ], [ -70.692670323322361, -34.16307950908088 ], [ -70.692560381257294, -34.162963644014788 ], [ -70.692434913107007, -34.162832008168159 ], [ -70.692332946976862, -34.162725389139304 ], [ -70.69232757781667, -34.162728778818881 ], [ -70.691486455040163, -34.163259814791644 ], [ -70.689246555755616, -34.164674371060528 ], [ -70.688929963509494, -34.164342329784212 ], [ -70.688849514681152, -34.16428045165862 ], [ -70.688829533891195, -34.164206845357036 ], [ -70.687489265401538, -34.162819723965342 ], [ -70.687089992951769, -34.162399346650631 ], [ -70.686152152869511, -34.161406803839945 ], [ -70.68616876428014, -34.161331235654565 ], [ -70.68615857002564, -34.161294872791416 ], [ -70.686123669258052, -34.161271732805702 ], [ -70.68611341811804, -34.161232507743733 ], [ -70.686355210766081, -34.160878470582944 ], [ -70.685938389115421, -34.160570702145868 ], [ -70.6855242950177, -34.16027005220564 ], [ -70.684526597092699, -34.15954367248527 ], [ -70.684169365826691, -34.159294963683742 ], [ -70.683978727332686, -34.159060577999547 ], [ -70.679944640749142, -34.162203747094011 ], [ -70.67993472567602, -34.162471298052019 ], [ -70.680082629406144, -34.16263532552599 ], [ -70.680751696874054, -34.163097420931187 ], [ -70.681427489978972, -34.163453192849282 ], [ -70.683110991587071, -34.164112455474637 ], [ -70.683811252440577, -34.164398689091975 ], [ -70.683823724299359, -34.164448619473418 ], [ -70.68386008608266, -34.164502195008609 ], [ -70.683861625142427, -34.164502892561437 ], [ -70.683866529161307, -34.16450511744371 ], [ -70.683874487244736, -34.164508727842282 ], [ -70.683891695087709, -34.164516534164626 ], [ -70.68392838654411, -34.164533178701838 ], [ -70.684191959225217, -34.164652743850809 ] ] ] } },
{ "type": "Feature", "properties": { "zona": "74" }, "geometry": { "type": "Polygon", "coordinates": [ [ [ -70.68689684330225, -34.180260356155152 ], [ -70.687036327517959, -34.180345281428288 ], [ -70.687483070986204, -34.18052141268258 ], [ -70.68762189900616, -34.180515685678046 ], [ -70.688810701398552, -34.18122365652647 ], [ -70.688873110456228, -34.181243792447425 ], [ -70.689596785327566, -34.181666209242138 ], [ -70.690219565184478, -34.181138682514899 ], [ -70.693309770808767, -34.178474665870908 ], [ -70.695133928199937, -34.176925542793732 ], [ -70.695175065020692, -34.176887314991852 ], [ -70.695697634104818, -34.176401703322853 ], [ -70.692799520282676, -34.175246958745035 ], [ -70.686440200417081, -34.172738778988197 ], [ -70.682015651286079, -34.171039821053753 ], [ -70.680261415729916, -34.173061100485597 ], [ -70.679088723922618, -34.174359529661835 ], [ -70.67842753284512, -34.17508757057653 ], [ -70.678485400167943, -34.175110637025341 ], [ -70.678529201997208, -34.175132838715406 ], [ -70.678933445991092, -34.175375736427192 ], [ -70.679501428493651, -34.175717017263018 ], [ -70.679755321872079, -34.175874967629554 ], [ -70.680307109030792, -34.176218239123259 ], [ -70.680312866197283, -34.176221821263404 ], [ -70.680533811296229, -34.176359274218861 ], [ -70.680941679968385, -34.176613013634189 ], [ -70.680943382642667, -34.176614073273065 ], [ -70.681937273927346, -34.175550007946946 ], [ -70.682526212910261, -34.175935591236218 ], [ -70.683177267518317, -34.176332296169861 ], [ -70.683603959817759, -34.175847370943075 ], [ -70.684087858834744, -34.176161382218723 ], [ -70.682795684988491, -34.17760580626279 ], [ -70.682736226303618, -34.177671096696329 ], [ -70.684117163066432, -34.178550117595165 ], [ -70.68553985076322, -34.179455677898311 ], [ -70.68689684330225, -34.180260356155152 ] ] ] } },
{ "type": "Feature", "properties": { "zona": "75" }, "geometry": { "type": "Polygon", "coordinates": [ [ [ -70.685354977036397, -34.185293806404097 ], [ -70.685350019537637, -34.185298045908475 ], [ -70.68530678300084, -34.185274601692193 ], [ -70.68372797006073, -34.186633149876648 ], [ -70.682764878378379, -34.187521245481996 ], [ -70.678268503245874, -34.191315577957518 ], [ -70.67749094761993, -34.191978970453171 ], [ -70.67618971407839, -34.193078961746998 ], [ -70.674425858550876, -34.194568892898239 ], [ -70.673043517452058, -34.195752984786168 ], [ -70.673044695475767, -34.195812613890389 ], [ -70.673450164742619, -34.195817658689329 ], [ -70.674536611945555, -34.195874405527782 ], [ -70.675337610858051, -34.195870624068412 ], [ -70.67570747466749, -34.195844099698007 ], [ -70.676051292275929, -34.195807193360281 ], [ -70.676291772428698, -34.195771698418689 ], [ -70.679185954800005, -34.195223976124197 ], [ -70.683389428424206, -34.194444989433769 ], [ -70.683369915352998, -34.194412035212338 ], [ -70.683233816659694, -34.194237905516182 ], [ -70.68325574456253, -34.194233918363061 ], [ -70.683273983314521, -34.194230661730856 ], [ -70.683298488276051, -34.194226282122727 ], [ -70.683309305333722, -34.194224487131613 ], [ -70.683318920667091, -34.194222888074108 ], [ -70.683331106647856, -34.194220573839935 ], [ -70.683347804361645, -34.194217803633194 ], [ -70.683367714652775, -34.194214129995331 ], [ -70.683381493934931, -34.194211829957759 ], [ -70.683407672177182, -34.194207175783362 ], [ -70.683428617776173, -34.194203560063855 ], [ -70.683668465658613, -34.194161279414153 ], [ -70.68379390286519, -34.194078034888967 ], [ -70.683925636917905, -34.19399091025813 ], [ -70.684079582951284, -34.193889547156701 ], [ -70.684220599113331, -34.193796377691562 ], [ -70.684378172236592, -34.193692674052926 ], [ -70.684456159647297, -34.193641023847832 ], [ -70.684586518338165, -34.193554871429448 ], [ -70.684747945629155, -34.193448633763616 ], [ -70.684916170229059, -34.193337720883008 ], [ -70.685084616786938, -34.19322642330043 ], [ -70.685254654391414, -34.1931143407772 ], [ -70.685396288481229, -34.19301772595152 ], [ -70.68554994508996, -34.192913502065068 ], [ -70.68565894413257, -34.19283909388222 ], [ -70.685820756498515, -34.192729222830849 ], [ -70.685978713443873, -34.192621885193418 ], [ -70.686135758730984, -34.19251494221816 ], [ -70.686288957334796, -34.192410914887091 ], [ -70.686455291803028, -34.192297545299638 ], [ -70.686606219592406, -34.192194884248551 ], [ -70.68676666204901, -34.192085603405566 ], [ -70.686897430323839, -34.191997152587717 ], [ -70.687033844260654, -34.19190385208892 ], [ -70.687199961945822, -34.19179124825164 ], [ -70.68727101163843, -34.191743071367554 ], [ -70.6874339599443, -34.19163280118304 ], [ -70.687589658011959, -34.191527592695834 ], [ -70.687758070777164, -34.191414955641307 ], [ -70.687916048317717, -34.191308951628514 ], [ -70.688077188739399, -34.19120023209635 ], [ -70.688232896609961, -34.191095595267257 ], [ -70.688394727783063, -34.190987056082683 ], [ -70.688533663887725, -34.19089371923608 ], [ -70.688646991483992, -34.190817722261471 ], [ -70.68868234440491, -34.190793759317089 ], [ -70.688836684459957, -34.190689713160779 ], [ -70.688884965836237, -34.190657555877593 ], [ -70.688977583432901, -34.19059119547601 ], [ -70.68902853263134, -34.190554611837484 ], [ -70.689105978210975, -34.190499149228359 ], [ -70.689154443693823, -34.190464698941355 ], [ -70.689229397902437, -34.190410988338215 ], [ -70.689274923534782, -34.190378868855809 ], [ -70.689364593167852, -34.190314457705753 ], [ -70.689456540193206, -34.190249061106336 ], [ -70.68950204281569, -34.190215796676057 ], [ -70.689611426312581, -34.190137944217518 ], [ -70.689758164850659, -34.190032856453357 ], [ -70.68990875177775, -34.189925042805278 ], [ -70.690034205898073, -34.189835326486666 ], [ -70.690190291518931, -34.189726864148817 ], [ -70.690346427329004, -34.189620882454122 ], [ -70.690500728900389, -34.189515117008469 ], [ -70.69070391963561, -34.189376421257599 ], [ -70.690855066972006, -34.189273752070442 ], [ -70.691006872319704, -34.189169547020974 ], [ -70.691146005844473, -34.189074869115935 ], [ -70.691293068554558, -34.188974737244308 ], [ -70.691429016573863, -34.188881629556555 ], [ -70.691525326207682, -34.188816362449458 ], [ -70.691691412711961, -34.188702798177104 ], [ -70.691852745464956, -34.188592734798064 ], [ -70.691986216406676, -34.188502142200619 ], [ -70.692036756819704, -34.188466624302428 ], [ -70.692038261177188, -34.188469198696275 ], [ -70.692041231659076, -34.188474280382415 ], [ -70.692060988126983, -34.188508081084407 ], [ -70.692086719281903, -34.188552102397438 ], [ -70.6920931615809, -34.188547599618488 ], [ -70.692097792077348, -34.188547185876189 ], [ -70.692243896866032, -34.188445157165482 ], [ -70.692367577270431, -34.188358898530012 ], [ -70.692481292021228, -34.18827964746643 ], [ -70.69263078943932, -34.188175090868427 ], [ -70.692789773895072, -34.188062578060375 ], [ -70.692936493381168, -34.187956913350462 ], [ -70.693068733268873, -34.187862328453534 ], [ -70.693144811294744, -34.187807645983291 ], [ -70.693218394358311, -34.187754524515114 ], [ -70.693376448050941, -34.187641450319532 ], [ -70.69352996178786, -34.187531111296458 ], [ -70.693678128490973, -34.187429052449971 ], [ -70.693847645876446, -34.187315056525172 ], [ -70.693984082663349, -34.187223657092503 ], [ -70.694131390532462, -34.187124663690184 ], [ -70.694277106780106, -34.18702645585369 ], [ -70.694428498393037, -34.186924924169595 ], [ -70.694562890350696, -34.18683469843694 ], [ -70.69473126037451, -34.186720907431017 ], [ -70.694889221378901, -34.186614894866892 ], [ -70.695050125263336, -34.186506742239068 ], [ -70.695223041033756, -34.186390597395238 ], [ -70.695385072648676, -34.186281474735459 ], [ -70.695545289156769, -34.186173521235375 ], [ -70.69571299172388, -34.186060884221483 ], [ -70.695846405993251, -34.185971226087617 ], [ -70.696007640520776, -34.185868220978691 ], [ -70.696185646301217, -34.185754104534865 ], [ -70.696356404991064, -34.185645050210184 ], [ -70.696537368302501, -34.185529556022175 ], [ -70.696707199658789, -34.185420132618361 ], [ -70.696849839970113, -34.185329216855493 ], [ -70.697027163370592, -34.185215490082904 ], [ -70.69719020361984, -34.185111122127019 ], [ -70.69733987030412, -34.185015527867087 ], [ -70.697493833406526, -34.184916629594746 ], [ -70.697639415162911, -34.184823573031338 ], [ -70.697769103724738, -34.184739706551483 ], [ -70.697367842386882, -34.183597434755193 ], [ -70.696914749700568, -34.182363611742815 ], [ -70.6966256340325, -34.181573616123714 ], [ -70.696270714198661, -34.180593665485347 ], [ -70.695995730350134, -34.179820650316543 ], [ -70.695542921196875, -34.178538575903261 ], [ -70.6951613607784, -34.177488369445626 ], [ -70.695129148092732, -34.177370478325187 ], [ -70.695129879416925, -34.177292214324325 ], [ -70.695148748004641, -34.177202246980187 ], [ -70.695184260264682, -34.17714068014493 ], [ -70.695197119183987, -34.17709469512959 ], [ -70.695196317637198, -34.177054624786315 ], [ -70.695175065020692, -34.176887314991852 ], [ -70.695133928199937, -34.176925542793732 ], [ -70.693309770808767, -34.178474665870908 ], [ -70.690219565184478, -34.181138682514899 ], [ -70.689596785327566, -34.181666209242138 ], [ -70.685360246234566, -34.185289300343044 ], [ -70.685354977036397, -34.185293806404097 ] ] ] } },
{ "type": "Feature", "properties": { "zona": "76" }, "geometry": { "type": "Polygon", "coordinates": [ [ [ -70.683389428424221, -34.194444989433784 ], [ -70.68559995472252, -34.194047350926724 ], [ -70.6872948911967, -34.193734767920326 ], [ -70.688457232296159, -34.193530891721586 ], [ -70.689873120787482, -34.193263865701681 ], [ -70.691110258470772, -34.193032092580815 ], [ -70.692840673745664, -34.192701051537533 ], [ -70.694717878161399, -34.192353045613906 ], [ -70.696885252573821, -34.191957843750892 ], [ -70.697222376025451, -34.191896368562553 ], [ -70.697379861335151, -34.191789215067196 ], [ -70.697523577240872, -34.191686998573118 ], [ -70.697866248179338, -34.191465386522765 ], [ -70.698181864944956, -34.191269199592064 ], [ -70.698614084675114, -34.19100340142581 ], [ -70.699080427702782, -34.190721383322348 ], [ -70.699753553861271, -34.190314106382829 ], [ -70.699751598712965, -34.19030454642467 ], [ -70.699748677629046, -34.190296328982072 ], [ -70.699744537490162, -34.190284681169452 ], [ -70.699740857343613, -34.190274326356089 ], [ -70.69973090609038, -34.190246330693135 ], [ -70.69972606442613, -34.190232708824205 ], [ -70.69971892960956, -34.190212636290347 ], [ -70.699683529339055, -34.190113046196963 ], [ -70.6996774111809, -34.190095834245213 ], [ -70.699668587026792, -34.190071010526374 ], [ -70.699592631272836, -34.189857326370763 ], [ -70.699567749488125, -34.189787330911585 ], [ -70.699501415300219, -34.189600713654912 ], [ -70.699454076249964, -34.189467539434283 ], [ -70.699155329964313, -34.188627092192938 ], [ -70.699047963164787, -34.188325038919416 ], [ -70.698969758111275, -34.188105025616125 ], [ -70.698578481000624, -34.187004252881273 ], [ -70.698576209870183, -34.186997863201093 ], [ -70.698280985665235, -34.186167319426126 ], [ -70.698237544406382, -34.18604510602254 ], [ -70.698180141184494, -34.185883614103069 ], [ -70.698132680243049, -34.185750093756823 ], [ -70.698022520620512, -34.185440188871148 ], [ -70.69794128703748, -34.185211656646452 ], [ -70.69792958473694, -34.185178736407586 ], [ -70.697922192153925, -34.185157938720167 ], [ -70.697867965081088, -34.185005381955811 ], [ -70.697834737192537, -34.184911902711697 ], [ -70.697786381733593, -34.184775866158496 ], [ -70.69778159366291, -34.184762394938325 ], [ -70.697773840134829, -34.184740583293987 ], [ -70.697769103724767, -34.184739706551483 ], [ -70.697639415162925, -34.184823573031338 ], [ -70.69749383340654, -34.184916629594746 ], [ -70.69733987030412, -34.185015527867094 ], [ -70.69719020361984, -34.185111122127019 ], [ -70.697027163370606, -34.185215490082911 ], [ -70.696849839970142, -34.185329216855521 ], [ -70.696707199658803, -34.185420132618368 ], [ -70.696537368302501, -34.185529556022175 ], [ -70.696356404991079, -34.185645050210191 ], [ -70.696185646301231, -34.18575410453488 ], [ -70.696007640520804, -34.185868220978698 ], [ -70.695846405993251, -34.185971226087617 ], [ -70.695712991723894, -34.186060884221483 ], [ -70.695545289156797, -34.186173521235382 ], [ -70.695385072648676, -34.186281474735459 ], [ -70.695223041033771, -34.186390597395238 ], [ -70.695050125263336, -34.186506742239068 ], [ -70.694889221378915, -34.186614894866906 ], [ -70.69473126037451, -34.186720907431017 ], [ -70.694562890350696, -34.186834698436954 ], [ -70.694428498393037, -34.186924924169595 ], [ -70.69427710678012, -34.187026455853697 ], [ -70.694131390532476, -34.187124663690192 ], [ -70.693984082663349, -34.187223657092503 ], [ -70.69384764587646, -34.187315056525172 ], [ -70.693678128490987, -34.187429052449978 ], [ -70.693529961787874, -34.187531111296458 ], [ -70.693376448050941, -34.187641450319546 ], [ -70.693218394358311, -34.187754524515121 ], [ -70.693144811294758, -34.187807645983291 ], [ -70.693068733268873, -34.187862328453541 ], [ -70.692936493381168, -34.187956913350462 ], [ -70.692789773895072, -34.188062578060389 ], [ -70.69263078943932, -34.188175090868427 ], [ -70.692481292021242, -34.18827964746643 ], [ -70.692367577270446, -34.188358898530012 ], [ -70.692243896866046, -34.188445157165496 ], [ -70.692097792077348, -34.188547185876196 ], [ -70.6920931615809, -34.188547599618488 ], [ -70.692086719281917, -34.188552102397452 ], [ -70.692060988126983, -34.188508081084422 ], [ -70.692041231659104, -34.188474280382415 ], [ -70.692038261177203, -34.188469198696275 ], [ -70.692036756819704, -34.188466624302428 ], [ -70.691986216406676, -34.188502142200619 ], [ -70.691852745464971, -34.188592734798071 ], [ -70.691691412711961, -34.188702798177125 ], [ -70.691525326207667, -34.188816362449479 ], [ -70.691429016573878, -34.188881629556569 ], [ -70.691293068554558, -34.188974737244315 ], [ -70.691146005844473, -34.189074869115935 ], [ -70.691006872319718, -34.189169547020981 ], [ -70.690855066972006, -34.189273752070456 ], [ -70.690703919635624, -34.189376421257599 ], [ -70.690500728900375, -34.189515117008476 ], [ -70.690346427329033, -34.189620882454122 ], [ -70.690190291518917, -34.189726864148795 ], [ -70.690034205898087, -34.189835326486687 ], [ -70.68990875177775, -34.189925042805292 ], [ -70.689758164850659, -34.190032856453357 ], [ -70.689611426312609, -34.190137944217518 ], [ -70.689502042815676, -34.190215796676057 ], [ -70.68945654019322, -34.190249061106329 ], [ -70.689364593167852, -34.190314457705774 ], [ -70.689274923534796, -34.190378868855809 ], [ -70.689229397902452, -34.190410988338236 ], [ -70.689154443693823, -34.190464698941362 ], [ -70.689105978210975, -34.190499149228359 ], [ -70.68902853263134, -34.190554611837491 ], [ -70.688977583432916, -34.190591195476024 ], [ -70.688884965836252, -34.190657555877586 ], [ -70.688836684459957, -34.190689713160786 ], [ -70.68868234440491, -34.190793759317096 ], [ -70.688646991484006, -34.190817722261464 ], [ -70.688533663887725, -34.190893719236087 ], [ -70.688394727783077, -34.190987056082683 ], [ -70.688232896609961, -34.191095595267264 ], [ -70.688077188739413, -34.19120023209635 ], [ -70.687916048317732, -34.191308951628521 ], [ -70.687758070777178, -34.191414955641328 ], [ -70.687589658011973, -34.191527592695834 ], [ -70.687433959944315, -34.19163280118304 ], [ -70.687271011638416, -34.191743071367561 ], [ -70.687199961945822, -34.19179124825164 ], [ -70.687033844260668, -34.19190385208892 ], [ -70.686897430323853, -34.191997152587724 ], [ -70.68676666204901, -34.192085603405566 ], [ -70.686606219592406, -34.192194884248551 ], [ -70.686455291803043, -34.192297545299652 ], [ -70.68628895733481, -34.192410914887091 ], [ -70.686135758730984, -34.19251494221816 ], [ -70.685978713443888, -34.192621885193432 ], [ -70.685820756498543, -34.192729222830863 ], [ -70.68565894413257, -34.192839093882235 ], [ -70.68554994508996, -34.192913502065068 ], [ -70.685396288481243, -34.19301772595152 ], [ -70.685254654391443, -34.1931143407772 ], [ -70.685084616786938, -34.193226423300445 ], [ -70.684916170229059, -34.193337720883022 ], [ -70.684747945629169, -34.193448633763609 ], [ -70.684586518338165, -34.193554871429455 ], [ -70.684456159647283, -34.193641023847839 ], [ -70.68437817223662, -34.19369267405294 ], [ -70.684220599113331, -34.193796377691548 ], [ -70.684079582951284, -34.193889547156708 ], [ -70.68392563691792, -34.193990910258144 ], [ -70.68379390286519, -34.194078034888967 ], [ -70.683668465658613, -34.194161279414153 ], [ -70.683428617776187, -34.194203560063848 ], [ -70.683407672177182, -34.194207175783362 ], [ -70.683381493934931, -34.194211829957766 ], [ -70.683367714652789, -34.194214129995331 ], [ -70.683347804361659, -34.194217803633215 ], [ -70.68333110664787, -34.194220573839935 ], [ -70.683318920667105, -34.194222888074123 ], [ -70.683309305333736, -34.194224487131613 ], [ -70.683298488276037, -34.194226282122735 ], [ -70.683273983314521, -34.19423066173087 ], [ -70.68325574456253, -34.194233918363061 ], [ -70.683233816659694, -34.194237905516182 ], [ -70.683369915353012, -34.194412035212338 ], [ -70.683389428424221, -34.194444989433784 ] ] ] } },
{ "type": "Feature", "properties": { "zona": "12" }, "geometry": { "type": "Polygon", "coordinates": [ [ [ -70.757103064550236, -34.167850207529114 ], [ -70.755613844363893, -34.168148275332001 ], [ -70.755429657866273, -34.168145864692683 ], [ -70.755443410893847, -34.168163611047817 ], [ -70.756255805447807, -34.169364784540122 ], [ -70.756682502902606, -34.169980855439647 ], [ -70.757104216962347, -34.170601504607696 ], [ -70.757461310201265, -34.171146432565969 ], [ -70.757815322905827, -34.171673369320665 ], [ -70.758105939321794, -34.172102025445582 ], [ -70.758473364643095, -34.172637784974519 ], [ -70.758837067093751, -34.173173596652113 ], [ -70.759116812626544, -34.173584371788053 ], [ -70.759488166942219, -34.174129088687913 ], [ -70.760214924904531, -34.175200713433902 ], [ -70.760722166115372, -34.175937343664401 ], [ -70.760959607307541, -34.176285601721709 ], [ -70.761448039598392, -34.176988416753879 ], [ -70.761674412151621, -34.177314402223317 ], [ -70.762376420705053, -34.178377300091107 ], [ -70.764695201580551, -34.178868321143952 ], [ -70.767284566587989, -34.17942271687965 ], [ -70.772377661006686, -34.180578496291638 ], [ -70.772447670584825, -34.180404327696039 ], [ -70.772607715968519, -34.180010545666626 ], [ -70.773015719619551, -34.179552066577074 ], [ -70.773506416991779, -34.179322451540926 ], [ -70.774419882414918, -34.178976181549501 ], [ -70.774557258064391, -34.17892410534018 ], [ -70.773715653561979, -34.177925104606864 ], [ -70.772951035690113, -34.17651017437192 ], [ -70.771873159350363, -34.175240414305605 ], [ -70.770705316586046, -34.173909097563104 ], [ -70.770388527953543, -34.173584433146893 ], [ -70.769871271907391, -34.173281746116487 ], [ -70.769531158232311, -34.173093007112911 ], [ -70.769270279324246, -34.172823400023439 ], [ -70.768554349858448, -34.171940489742894 ], [ -70.768216667940237, -34.171521643983887 ], [ -70.766846159067995, -34.169786096110549 ], [ -70.765732891137986, -34.16837256741173 ], [ -70.765101047664061, -34.16758194734777 ], [ -70.76468876686792, -34.167068924042582 ], [ -70.764050137697893, -34.166264461260084 ], [ -70.761721889080661, -34.166836717836318 ], [ -70.761046059244379, -34.166973692138377 ], [ -70.760085477089419, -34.167170458385485 ], [ -70.759276962482375, -34.16735144351486 ], [ -70.757103064550236, -34.167850207529114 ] ] ] } },
{ "type": "Feature", "properties": { "zona": "79" }, "geometry": { "type": "Polygon", "coordinates": [ [ [ -70.685330963601629, -34.185289249939466 ], [ -70.685350019537637, -34.185298045908475 ], [ -70.685354977036397, -34.185293806404097 ], [ -70.685360246234566, -34.185289300343044 ], [ -70.687400340085361, -34.18354466652454 ], [ -70.689596785327566, -34.181666209242138 ], [ -70.688873110456228, -34.181243792447425 ], [ -70.688810701398552, -34.18122365652647 ], [ -70.688189828515988, -34.180853909323957 ], [ -70.68762189900616, -34.180515685678046 ], [ -70.687483070986204, -34.18052141268258 ], [ -70.687036327517959, -34.180345281428288 ], [ -70.68689684330225, -34.180260356155152 ], [ -70.68553985076322, -34.179455677898311 ], [ -70.685403731852404, -34.179369037901608 ], [ -70.6850785072441, -34.179162030342255 ], [ -70.684117163167784, -34.178550117485173 ], [ -70.683369177700769, -34.178073999530085 ], [ -70.682736226303618, -34.177671096696329 ], [ -70.682755601951612, -34.177649820767947 ], [ -70.682778570757065, -34.177624599237767 ], [ -70.682783546227327, -34.177619135909417 ], [ -70.682795684988491, -34.17760580626279 ], [ -70.682797164577735, -34.177604160442634 ], [ -70.682896563140375, -34.177493044364731 ], [ -70.684087858834744, -34.176161382218723 ], [ -70.683603959817759, -34.175847370943075 ], [ -70.683177267518317, -34.176332296169861 ], [ -70.682526212910261, -34.175935591236218 ], [ -70.681937273927346, -34.175550007946946 ], [ -70.680943382642667, -34.176614073273065 ], [ -70.680941679968385, -34.176613013634189 ], [ -70.680533811296229, -34.176359274218861 ], [ -70.680312866197283, -34.176221821263404 ], [ -70.680307109030792, -34.176218239123259 ], [ -70.679755321872079, -34.175874967629554 ], [ -70.679501428493651, -34.175717017263018 ], [ -70.678933445991092, -34.175375736427192 ], [ -70.678529201997208, -34.175132838715406 ], [ -70.678485400167943, -34.175110637025341 ], [ -70.67842753284512, -34.17508757057653 ], [ -70.677840865991243, -34.175746543092956 ], [ -70.677195215338244, -34.176483044102653 ], [ -70.676720601303842, -34.177014410613737 ], [ -70.676175651865307, -34.177618309642327 ], [ -70.67547897560128, -34.178388900611743 ], [ -70.674622567951261, -34.179357304116415 ], [ -70.673890250645883, -34.180214261887414 ], [ -70.673764811008724, -34.180369987579546 ], [ -70.673623261959875, -34.180456863769749 ], [ -70.673656689621694, -34.180510740819265 ], [ -70.673855755052216, -34.180669663640423 ], [ -70.677150687193418, -34.183798505266836 ], [ -70.67791760104015, -34.184543722765476 ], [ -70.678105871002501, -34.18466401657966 ], [ -70.678250508552992, -34.184719297299168 ], [ -70.678326066022535, -34.184765502589386 ], [ -70.678404373258459, -34.184834573969297 ], [ -70.678882878450551, -34.185164424988855 ], [ -70.679705441254981, -34.185674224899891 ], [ -70.682764878378379, -34.187521245481996 ], [ -70.68372797006073, -34.186633149876648 ], [ -70.685259219500992, -34.185315530385736 ], [ -70.68530678300084, -34.185274601692193 ], [ -70.685330963601629, -34.185289249939466 ] ] ] } },
{ "type": "Feature", "properties": { "zona": "80" }, "geometry": { "type": "Polygon", "coordinates": [ [ [ -70.664817643759378, -34.181372863105494 ], [ -70.664742138863545, -34.181387248579625 ], [ -70.664652595639069, -34.181388463657186 ], [ -70.663383353692083, -34.181545011597521 ], [ -70.663239043675418, -34.1815641460623 ], [ -70.663067294094901, -34.181589378293012 ], [ -70.662985962175853, -34.181614100601756 ], [ -70.660161687847847, -34.182784900481771 ], [ -70.660319484604813, -34.182838593380353 ], [ -70.660338679738857, -34.182851216522764 ], [ -70.660734647009022, -34.183332742719294 ], [ -70.660956026467801, -34.18364228765455 ], [ -70.660995020761035, -34.18372764890767 ], [ -70.66107212109479, -34.183853052823004 ], [ -70.66114536935585, -34.18392840725047 ], [ -70.661510909897956, -34.184269400556161 ], [ -70.662547139201806, -34.185286033269271 ], [ -70.663756292937805, -34.186481633560092 ], [ -70.664831013048953, -34.187554983113088 ], [ -70.666224744814087, -34.188935616958616 ], [ -70.66729677001176, -34.190014706944346 ], [ -70.668040124551126, -34.190760425861711 ], [ -70.668760681438215, -34.191484977435366 ], [ -70.669556856382187, -34.192287227268707 ], [ -70.670403865262898, -34.193133154831607 ], [ -70.671143858677453, -34.193880330505273 ], [ -70.671969724008704, -34.194700767937853 ], [ -70.673017333363902, -34.195757233741986 ], [ -70.673044695475767, -34.195812613890389 ], [ -70.673043517452058, -34.195752984786168 ], [ -70.674425858550876, -34.194568892898239 ], [ -70.67618971407839, -34.193078961746998 ], [ -70.67749094761993, -34.191978970453171 ], [ -70.678268503245874, -34.191315577957518 ], [ -70.682764878378379, -34.187521245481996 ], [ -70.679705441254981, -34.185674224899891 ], [ -70.678882878450551, -34.185164424988855 ], [ -70.678404373258459, -34.184834573969297 ], [ -70.678326066022535, -34.184765502589386 ], [ -70.678250508552992, -34.184719297299168 ], [ -70.678105871002501, -34.18466401657966 ], [ -70.67791760104015, -34.184543722765476 ], [ -70.677150687193418, -34.183798505266836 ], [ -70.673855755052216, -34.180669663640423 ], [ -70.673656689621694, -34.180510740819265 ], [ -70.673623261959875, -34.180456863769749 ], [ -70.673562272642982, -34.180432266275126 ], [ -70.672004565336877, -34.179606005956522 ], [ -70.671892415390545, -34.179559817927085 ], [ -70.671755742189461, -34.179543787555787 ], [ -70.67164817938631, -34.179548235259894 ], [ -70.671520546096644, -34.179583017972035 ], [ -70.670031045818106, -34.179981216516126 ], [ -70.668735710842597, -34.180327130743414 ], [ -70.668232967741986, -34.180454213075684 ], [ -70.666761540856925, -34.180838766620361 ], [ -70.664890703412539, -34.181350876776428 ], [ -70.664817643759378, -34.181372863105494 ] ] ] } },
{ "type": "Feature", "properties": { "zona": "95" }, "geometry": { "type": "Polygon", "coordinates": [ [ [ -70.653297880564224, -34.235156137374858 ], [ -70.654591748715774, -34.234337051115958 ], [ -70.656239479577522, -34.23318181765562 ], [ -70.657094544241005, -34.232254114047088 ], [ -70.657327085411268, -34.231101278773295 ], [ -70.657482506654276, -34.230576151128496 ], [ -70.657487632132103, -34.23035701293955 ], [ -70.658038513178866, -34.227767282608312 ], [ -70.658232105528114, -34.227317323452418 ], [ -70.65994674334793, -34.224021780265836 ], [ -70.659614827685274, -34.223886186134415 ], [ -70.659029999850034, -34.223649520577837 ], [ -70.658702918182399, -34.22351715880346 ], [ -70.658638607166893, -34.223491135052662 ], [ -70.658660637954597, -34.223466422968087 ], [ -70.658677904257772, -34.223448243367606 ], [ -70.658703974925388, -34.223420793105767 ], [ -70.658708749868012, -34.223417341649863 ], [ -70.658757783586339, -34.223381891755331 ], [ -70.658843177498639, -34.223342563946609 ], [ -70.658937466699072, -34.223317429612031 ], [ -70.659017772133723, -34.223311572014644 ], [ -70.659089558510871, -34.223310600639017 ], [ -70.659190196722577, -34.223316395729498 ], [ -70.659267584865518, -34.223308192400019 ], [ -70.659368084889906, -34.223306831368063 ], [ -70.659477058223445, -34.223298198623944 ], [ -70.659565930461525, -34.223289838768039 ], [ -70.659643365293022, -34.223284018715326 ], [ -70.65970630182396, -34.223271237931094 ], [ -70.659780537488132, -34.223248761261829 ], [ -70.659845972251432, -34.223216859900091 ], [ -70.659899685568988, -34.223173188352582 ], [ -70.659936124713994, -34.223127363801915 ], [ -70.659945947493014, -34.223083089864133 ], [ -70.659947768174291, -34.223076960576535 ], [ -70.659956404347994, -34.223047895767053 ], [ -70.659965750716495, -34.222927891090876 ], [ -70.65995464726501, -34.222759564227182 ], [ -70.659816018283678, -34.222267650591306 ], [ -70.659765996164865, -34.222090154355421 ], [ -70.659688442305907, -34.221863475891936 ], [ -70.659683243046899, -34.22184827926241 ], [ -70.659663515526447, -34.221756240905506 ], [ -70.659640311004182, -34.221647982592209 ], [ -70.659610155983799, -34.221502593575359 ], [ -70.65960742386963, -34.22136331401979 ], [ -70.659577905481143, -34.221250316047119 ], [ -70.659528699371435, -34.221127864003236 ], [ -70.659523333643961, -34.221099859791728 ], [ -70.659480902162272, -34.220878386589511 ], [ -70.659450621772152, -34.220726519448881 ], [ -70.659424493722554, -34.220587555610045 ], [ -70.659402901325791, -34.220480930059701 ], [ -70.659373573039232, -34.220377648173667 ], [ -70.659347509856758, -34.220241923307825 ], [ -70.659345887449334, -34.220217646628285 ], [ -70.659343651117922, -34.220184205965936 ], [ -70.659340517736538, -34.220137349035973 ], [ -70.659339096476984, -34.220116077770115 ], [ -70.659336471754173, -34.220076836191055 ], [ -70.659250472978187, -34.219861741493759 ], [ -70.65923803648073, -34.219830636350281 ], [ -70.659092133364567, -34.219590262699889 ], [ -70.659059541792175, -34.219519424559294 ], [ -70.65905700131934, -34.2193898619782 ], [ -70.659062779318191, -34.219355479675102 ], [ -70.659074465713587, -34.219285947743352 ], [ -70.659107589006226, -34.21918506060036 ], [ -70.65913335968159, -34.219106953895142 ], [ -70.659104730915246, -34.219039302015915 ], [ -70.659045417312356, -34.21899798525088 ], [ -70.658911447834171, -34.218928519623773 ], [ -70.658817041266531, -34.218887678431607 ], [ -70.658702250208137, -34.218801751907861 ], [ -70.658642555987242, -34.218740999911361 ], [ -70.658617001456037, -34.218631187887219 ], [ -70.658595537657504, -34.218531040158851 ], [ -70.658576732985921, -34.218396429691175 ], [ -70.658563779442176, -34.218303701608065 ], [ -70.658506841974543, -34.218184592605596 ], [ -70.658487335001894, -34.218141181650836 ], [ -70.658461983964941, -34.218084762173923 ], [ -70.658432213388778, -34.217958806817059 ], [ -70.65843632941521, -34.217770833600035 ], [ -70.658428811780865, -34.217586259410886 ], [ -70.658375202760212, -34.217437946383768 ], [ -70.658299024894475, -34.217332058802093 ], [ -70.658235623431963, -34.217281077253169 ], [ -70.658156624786173, -34.217230306592008 ], [ -70.658035371441869, -34.217212506059873 ], [ -70.657886696857176, -34.217188597308116 ], [ -70.657792674520294, -34.217167187562936 ], [ -70.657526841264868, -34.21705576422972 ], [ -70.657385076953943, -34.216986402213927 ], [ -70.657277834268754, -34.216887412713561 ], [ -70.657217181783253, -34.216785643741723 ], [ -70.657201214220606, -34.216758850317021 ], [ -70.657110454189464, -34.21650574127262 ], [ -70.657096346824943, -34.216382814625014 ], [ -70.65708613849236, -34.216259834379265 ], [ -70.657063345219797, -34.216091664957638 ], [ -70.65702546243989, -34.215949619395651 ], [ -70.656984441909273, -34.215846495701634 ], [ -70.656912356485179, -34.215750270624255 ], [ -70.656808571044834, -34.21562855567246 ], [ -70.656701521053591, -34.215539283554101 ], [ -70.656621765126175, -34.215449642592866 ], [ -70.656454207844305, -34.215337535564302 ], [ -70.656253454693044, -34.215243049052518 ], [ -70.656091882745869, -34.215157752684306 ], [ -70.655981442232758, -34.215094445664747 ], [ -70.655902004385737, -34.215020999329006 ], [ -70.655794132217807, -34.214889618104635 ], [ -70.655725756731158, -34.214783623436986 ], [ -70.655700715428111, -34.214699722795928 ], [ -70.655663849569493, -34.214609502039636 ], [ -70.655603653617462, -34.214522836151147 ], [ -70.655519620707935, -34.214413811969528 ], [ -70.655428105921445, -34.214321089051545 ], [ -70.65530352217236, -34.214202423603901 ], [ -70.655238940938631, -34.214140909811285 ], [ -70.655120261132325, -34.214055033105303 ], [ -70.655053154085678, -34.214013818581819 ], [ -70.654970515966141, -34.213976055322682 ], [ -70.654872281222097, -34.213938501591834 ], [ -70.654762788435448, -34.21393447060165 ], [ -70.654743488730844, -34.213933759890708 ], [ -70.654601472058815, -34.213942761987319 ], [ -70.65444279452872, -34.213979047560919 ], [ -70.654299972618702, -34.214038425812568 ], [ -70.654166149569534, -34.214126225590718 ], [ -70.654073586565715, -34.21417931507645 ], [ -70.653980581347056, -34.214209728562317 ], [ -70.653918513098347, -34.214226766071718 ], [ -70.653793745686272, -34.214228448857639 ], [ -70.653738653427524, -34.21420327188936 ], [ -70.653598773794869, -34.214150079343938 ], [ -70.653578483512476, -34.21414383712392 ], [ -70.653530526560132, -34.214129083320387 ], [ -70.65348291248867, -34.214124655895638 ], [ -70.653428554757014, -34.214166233230607 ], [ -70.650164559527013, -34.215901776145529 ], [ -70.647971761007568, -34.216561119976134 ], [ -70.646333542784106, -34.217384759149432 ], [ -70.642845834088533, -34.218805941299053 ], [ -70.642251742639758, -34.218265162732706 ], [ -70.642056470156334, -34.218109397567282 ], [ -70.641381479129109, -34.218846108212645 ], [ -70.641348820979232, -34.219383353531079 ], [ -70.641511369892825, -34.219619758876597 ], [ -70.641886491560527, -34.219710168308751 ], [ -70.642519337296676, -34.219761337746043 ], [ -70.6429076601665, -34.21979192275559 ], [ -70.643368228346787, -34.219845396026884 ], [ -70.643517122293986, -34.2201177682565 ], [ -70.643600489069726, -34.220713103902305 ], [ -70.64369589686325, -34.221188987392054 ], [ -70.643443265288923, -34.221490599480127 ], [ -70.642558928402295, -34.221800676288844 ], [ -70.642148365530446, -34.222104402320859 ], [ -70.642172444793133, -34.222605100073913 ], [ -70.642880108398572, -34.222810343321868 ], [ -70.644002047230472, -34.222902665678788 ], [ -70.644166219396837, -34.223036237394027 ], [ -70.643481627809123, -34.223149140869104 ], [ -70.64285665651461, -34.223229605679478 ], [ -70.642512084139355, -34.223677983017822 ], [ -70.642502218714554, -34.22405745874719 ], [ -70.642945859624319, -34.22427339504921 ], [ -70.643198449044945, -34.224490710928954 ], [ -70.643322673661373, -34.224597587104967 ], [ -70.643405207170943, -34.224854147798922 ], [ -70.643168867579845, -34.225107826365161 ], [ -70.642999018781779, -34.225147479853121 ], [ -70.642388283631874, -34.225290063385955 ], [ -70.642255452800313, -34.225549509668355 ], [ -70.642259898177983, -34.225778488326824 ], [ -70.642350905984202, -34.226027779240972 ], [ -70.643939069097797, -34.227495238907785 ], [ -70.644111208097698, -34.227809334601652 ], [ -70.643636208618048, -34.228339738815066 ], [ -70.643256845695035, -34.228306016815175 ], [ -70.642926008923496, -34.228131514980042 ], [ -70.64264783370237, -34.228006408993494 ], [ -70.64227614793073, -34.227946971274989 ], [ -70.642140117756881, -34.228041840203588 ], [ -70.642016035357884, -34.228308326882939 ], [ -70.641953367771123, -34.228631250235225 ], [ -70.641465236993938, -34.228788092883534 ], [ -70.641166354765147, -34.228928085548006 ], [ -70.641137310091267, -34.22920761392993 ], [ -70.641253053213745, -34.22939931510264 ], [ -70.64201195651016, -34.230064505240584 ], [ -70.641839850380066, -34.230901160137641 ], [ -70.641177874143622, -34.231676836579076 ], [ -70.640184238109399, -34.232420931679336 ], [ -70.63998830450808, -34.232685991663338 ], [ -70.639872383281059, -34.233003661423666 ], [ -70.639878164752588, -34.233301810287664 ], [ -70.639974387615609, -34.233449636187181 ], [ -70.640310189291355, -34.233784606252193 ], [ -70.640734833163364, -34.23435151809602 ], [ -70.640538058066824, -34.234869485879642 ], [ -70.640271246083188, -34.235331131223425 ], [ -70.640245304980965, -34.235569381091565 ], [ -70.640276684541092, -34.235706144491807 ], [ -70.640379744063068, -34.235835984744021 ], [ -70.640603817935286, -34.235910525073322 ], [ -70.64087780143889, -34.235966503190575 ], [ -70.641245982953578, -34.236002306872578 ], [ -70.641459626616069, -34.236174114972215 ], [ -70.64119281484605, -34.236635762216039 ], [ -70.641177571251461, -34.236735885930791 ], [ -70.640720757356959, -34.237051761721965 ], [ -70.640698104270015, -34.237216685693298 ], [ -70.640691154161502, -34.237302667578653 ], [ -70.640788010416017, -34.237408732725427 ], [ -70.640988533502593, -34.237527723989849 ], [ -70.641768669983946, -34.23788775701307 ], [ -70.641846488801662, -34.238344789439118 ], [ -70.641997687910376, -34.23890275033893 ], [ -70.642308834487423, -34.239392443221341 ], [ -70.642354272388488, -34.239528053646488 ], [ -70.642100464730277, -34.240167103257669 ], [ -70.642014005372445, -34.240384794117894 ], [ -70.641738962746132, -34.240594769089448 ], [ -70.641793854910318, -34.241202414235708 ], [ -70.642072491563411, -34.242680265623157 ], [ -70.642207157114399, -34.242957601358476 ], [ -70.645080601484125, -34.24156520886303 ], [ -70.64636350208626, -34.240173762264142 ], [ -70.647583010528976, -34.239069450426115 ], [ -70.648599057641874, -34.23813964160972 ], [ -70.64955620804939, -34.237725950366212 ], [ -70.652023716932277, -34.236178009944211 ], [ -70.652227995206161, -34.235594843997816 ], [ -70.653297880564224, -34.235156137374858 ] ] ] } },
{ "type": "Feature", "properties": { "zona": "94" }, "geometry": { "type": "Polygon", "coordinates": [ [ [ -70.630840790550153, -34.198707278699899 ], [ -70.630792105911127, -34.199161232410603 ], [ -70.630972842821777, -34.199600206498268 ], [ -70.63119388508234, -34.199895495053234 ], [ -70.631202156107562, -34.200324833415792 ], [ -70.631042781222888, -34.200994983855175 ], [ -70.631094571307187, -34.201447601288592 ], [ -70.63173318839921, -34.201612867374116 ], [ -70.632234479405611, -34.201742592951966 ], [ -70.632338173096713, -34.201908220752188 ], [ -70.632256816997483, -34.202284794182489 ], [ -70.631445969480509, -34.203291940389484 ], [ -70.631394988411998, -34.203626634273384 ], [ -70.631541745210598, -34.203791688946659 ], [ -70.632061245857983, -34.203927926671966 ], [ -70.632612675401916, -34.204230744028628 ], [ -70.633357650151382, -34.205762981447947 ], [ -70.634045861929138, -34.205981130448386 ], [ -70.63417863089164, -34.206512204534938 ], [ -70.634442535539151, -34.206794985469593 ], [ -70.634966683021517, -34.207001254066682 ], [ -70.635386727193534, -34.207339211590515 ], [ -70.635334499084038, -34.2076280760161 ], [ -70.634973964103068, -34.208290968651482 ], [ -70.635139870473623, -34.208831254332559 ], [ -70.635329743969478, -34.208997893312123 ], [ -70.635381125238482, -34.209299512340621 ], [ -70.635863823720001, -34.209758309299922 ], [ -70.63633224525725, -34.209903282630094 ], [ -70.637712534723477, -34.209999376741607 ], [ -70.639093934126919, -34.210152699008425 ], [ -70.639993011464753, -34.210312456925138 ], [ -70.640956556518944, -34.210242307650795 ], [ -70.641811329043534, -34.210298412947992 ], [ -70.642765836621507, -34.210467625704922 ], [ -70.64316925677835, -34.210613495690517 ], [ -70.644057225095224, -34.210200777162832 ], [ -70.644599556320586, -34.209735428712825 ], [ -70.644843734439632, -34.209980779661542 ], [ -70.644747189668635, -34.210259797259845 ], [ -70.644626105494922, -34.210678938955347 ], [ -70.644443208380537, -34.211611859218912 ], [ -70.644499946162611, -34.21231491309392 ], [ -70.644731499172011, -34.213146842759841 ], [ -70.644988754210758, -34.213823348737087 ], [ -70.644969547753959, -34.214312697215632 ], [ -70.644855645597644, -34.215101543589952 ], [ -70.644697283836123, -34.215819411911525 ], [ -70.644632689555266, -34.216190079228319 ], [ -70.644037154137408, -34.2165797952334 ], [ -70.642535786312607, -34.217649673616933 ], [ -70.642056470156334, -34.218109397567282 ], [ -70.642251742639758, -34.218265162732706 ], [ -70.642845834088533, -34.218805941299053 ], [ -70.646333542784106, -34.217384759149432 ], [ -70.647971761007568, -34.216561119976134 ], [ -70.650164559527013, -34.215901776145529 ], [ -70.653428554757014, -34.214166233230607 ], [ -70.65348291248867, -34.214124655895638 ], [ -70.653461328247431, -34.214107795300876 ], [ -70.653457523752891, -34.214106624768725 ], [ -70.653408499447522, -34.214098460661084 ], [ -70.653367530252623, -34.214091637891855 ], [ -70.653347796217375, -34.214079308727541 ], [ -70.653296462907704, -34.214047236808234 ], [ -70.653252814538519, -34.214008946682512 ], [ -70.653249812652533, -34.213988298059483 ], [ -70.65324419616266, -34.213949656571359 ], [ -70.653243118414053, -34.213911878154391 ], [ -70.653281032782829, -34.213856288027905 ], [ -70.653282540444337, -34.213854121603717 ], [ -70.653296149537724, -34.213834567337244 ], [ -70.653318558562987, -34.213802366805332 ], [ -70.653337935332445, -34.2137745218905 ], [ -70.653448537363985, -34.213646673267434 ], [ -70.653496034752109, -34.213558811097592 ], [ -70.653504996607467, -34.213542232935232 ], [ -70.653526745540972, -34.213457700847549 ], [ -70.653533594002752, -34.213409009321083 ], [ -70.653524973529272, -34.213367006156396 ], [ -70.653539936193312, -34.213334406441717 ], [ -70.653562633250914, -34.213298459838313 ], [ -70.653584723836161, -34.213231419233203 ], [ -70.653559370390496, -34.213118241604164 ], [ -70.653576248690314, -34.213055806944681 ], [ -70.653591863687623, -34.212998045808007 ], [ -70.653617093571782, -34.212892083337159 ], [ -70.653656563302306, -34.212716593660822 ], [ -70.6536836174093, -34.212555127256131 ], [ -70.653690755202717, -34.212512529255989 ], [ -70.653684565479566, -34.212353341654335 ], [ -70.65367290719594, -34.212155862247066 ], [ -70.653625151833964, -34.211992322579093 ], [ -70.653524798458321, -34.211836844779207 ], [ -70.653436802349077, -34.211747742819945 ], [ -70.653378515227914, -34.211688722931974 ], [ -70.653293929887994, -34.211603073556041 ], [ -70.653101850003949, -34.211450594898245 ], [ -70.652853719560767, -34.211306699271518 ], [ -70.652700272349847, -34.211237489031561 ], [ -70.652531391381146, -34.211196641043919 ], [ -70.652414634527048, -34.211158812764552 ], [ -70.652382986299415, -34.211148559227603 ], [ -70.652257507588175, -34.211107905100562 ], [ -70.652162455342605, -34.211057448575374 ], [ -70.652095278604108, -34.210971541244703 ], [ -70.652053620479776, -34.210902259594924 ], [ -70.652007622146073, -34.210825757698906 ], [ -70.65194105419782, -34.210662583429531 ], [ -70.651880801745904, -34.210572676429763 ], [ -70.651820990828782, -34.210505442662374 ], [ -70.651768852176033, -34.210431626647647 ], [ -70.651701624319628, -34.210383932948574 ], [ -70.651545039378533, -34.210353642126577 ], [ -70.651462911957623, -34.210341788624397 ], [ -70.651396569102417, -34.210339442167033 ], [ -70.651326923994233, -34.210374731137435 ], [ -70.651226599970485, -34.210422729055452 ], [ -70.65118447206504, -34.210462175867029 ], [ -70.651130583606374, -34.210498541126576 ], [ -70.651069087137202, -34.210544727559324 ], [ -70.650991741818046, -34.210578169592921 ], [ -70.650887702411694, -34.210605872602841 ], [ -70.650846831185135, -34.21066062534932 ], [ -70.650756819605562, -34.210730369762736 ], [ -70.650759395236946, -34.210862429284496 ], [ -70.650760167836452, -34.210902042362562 ], [ -70.650761069948771, -34.210948295782849 ], [ -70.650761494491533, -34.21097006305267 ], [ -70.650743894791475, -34.211067499313415 ], [ -70.650694662590254, -34.21114268036203 ], [ -70.650687911063599, -34.211147779409423 ], [ -70.650601071875457, -34.211213371861909 ], [ -70.650598581774545, -34.21121525300812 ], [ -70.650505324666369, -34.211232707676302 ], [ -70.650361382263512, -34.211250845325118 ], [ -70.650176683647359, -34.211178811687319 ], [ -70.650131298250272, -34.211155270690945 ], [ -70.650109708635014, -34.211144073265871 ], [ -70.650080516096665, -34.211129880725935 ], [ -70.649999467169451, -34.211090477649179 ], [ -70.649897465373158, -34.211059450289348 ], [ -70.649841376389276, -34.211060204925666 ], [ -70.649718117340385, -34.211061863195972 ], [ -70.64965197850816, -34.211067339106279 ], [ -70.649624671884823, -34.211069600062544 ], [ -70.649622156615024, -34.211069633898617 ], [ -70.649531099071083, -34.211070858794002 ], [ -70.649498263934547, -34.211079158080977 ], [ -70.649442186787226, -34.21109333090704 ], [ -70.649345148116709, -34.211094636115384 ], [ -70.649289361588785, -34.211078106724031 ], [ -70.649280635921684, -34.210925364989123 ], [ -70.649280339420145, -34.210920175055428 ], [ -70.649278839232849, -34.210893930761429 ], [ -70.649255689084356, -34.210773284158321 ], [ -70.64921073542348, -34.210601090752895 ], [ -70.649216733101639, -34.210541536981303 ], [ -70.649222353460999, -34.210485735842418 ], [ -70.649266452574466, -34.210386815317378 ], [ -70.649268852736526, -34.210381432215407 ], [ -70.649289534684655, -34.210352470262748 ], [ -70.649322843434902, -34.210305827029011 ], [ -70.649327306398234, -34.210179048833723 ], [ -70.649326016787739, -34.210177424141769 ], [ -70.649277553327764, -34.210116359351169 ], [ -70.649253998535812, -34.210093411700711 ], [ -70.649251929629116, -34.210091397123897 ], [ -70.649250738708574, -34.210087261609814 ], [ -70.649249902289583, -34.21008644688095 ], [ -70.649234825712341, -34.210071760401881 ], [ -70.649157411545914, -34.209996346256254 ], [ -70.649079261535391, -34.209899479151566 ], [ -70.64907372005716, -34.209883067475836 ], [ -70.649042474383165, -34.209790535372591 ], [ -70.649041482547773, -34.209788316946472 ], [ -70.648998979080403, -34.209693201290783 ], [ -70.648998307825437, -34.209692340154696 ], [ -70.648992946712738, -34.209685463569905 ], [ -70.648968080345554, -34.209653568569372 ], [ -70.648966883150578, -34.209651839834194 ], [ -70.648965819349797, -34.209650607056254 ], [ -70.64895907630472, -34.209653689643268 ], [ -70.648936044008423, -34.209624513014226 ], [ -70.648935478682802, -34.209623796532476 ], [ -70.648920103804556, -34.209604320464635 ], [ -70.648887675852109, -34.20957755783239 ], [ -70.648862520700533, -34.209556798458891 ], [ -70.64884651845469, -34.209534032314835 ], [ -70.648798345526657, -34.209465501655366 ], [ -70.64875422297564, -34.209410106017287 ], [ -70.648694809276435, -34.209335512671835 ], [ -70.648657631558777, -34.209288837065422 ], [ -70.648531866616466, -34.209230580356561 ], [ -70.648524705905643, -34.209227263597001 ], [ -70.648343822906028, -34.20919513563598 ], [ -70.648277705239067, -34.209175544407302 ], [ -70.64817646665027, -34.209145546791241 ], [ -70.648125439222738, -34.209177590910429 ], [ -70.648030323890211, -34.209237321579209 ], [ -70.647998386789055, -34.209257377676501 ], [ -70.647894981375273, -34.209287567393027 ], [ -70.647797496287424, -34.209265837419572 ], [ -70.647786818709619, -34.209240593786063 ], [ -70.647762234684194, -34.209182471730074 ], [ -70.647753890607049, -34.209162745039833 ], [ -70.647738683530619, -34.209093829599745 ], [ -70.647696087961165, -34.209042563677201 ], [ -70.647649947175637, -34.209016643210497 ], [ -70.647643594553955, -34.20901307478114 ], [ -70.647625991772202, -34.209003185838412 ], [ -70.647575901569283, -34.208954858288479 ], [ -70.647555538750268, -34.208935211901142 ], [ -70.647557851794261, -34.208903546577801 ], [ -70.647560809992896, -34.208863038405951 ], [ -70.647595750600289, -34.208820975194193 ], [ -70.647628552148547, -34.208781488079843 ], [ -70.647631012636424, -34.208778922081741 ], [ -70.647710086625807, -34.208696466522731 ], [ -70.647719050971901, -34.208687118743633 ], [ -70.647723681572643, -34.208682291820914 ], [ -70.647770337823872, -34.208591131930341 ], [ -70.64777364396295, -34.208584671747275 ], [ -70.647777113248267, -34.208577894670604 ], [ -70.647777057477612, -34.208575029744132 ], [ -70.647776315612802, -34.208536920272202 ], [ -70.647774759217484, -34.208456968268777 ], [ -70.647770003614696, -34.208441490069546 ], [ -70.647768571004221, -34.208433854591924 ], [ -70.647767633551254, -34.208430803133147 ], [ -70.647737748801916, -34.208333533642964 ], [ -70.647681067673702, -34.208270935645146 ], [ -70.647637970878236, -34.208192835733037 ], [ -70.647629324987889, -34.208177168133332 ], [ -70.647537877119632, -34.208109277861013 ], [ -70.647537338340754, -34.208108418543389 ], [ -70.647452013757032, -34.207972193610331 ], [ -70.647401335231848, -34.207888244986805 ], [ -70.647358884166678, -34.207817926277386 ], [ -70.64723814367612, -34.207669789950486 ], [ -70.647230396330244, -34.20766286598284 ], [ -70.64711114564183, -34.207556297889433 ], [ -70.647077888667567, -34.207541801204748 ], [ -70.646957317720478, -34.20748924407598 ], [ -70.64676235221026, -34.207445783313155 ], [ -70.64660942194935, -34.207424796869553 ], [ -70.646525690022258, -34.207397121867295 ], [ -70.64646923552597, -34.207346040651871 ], [ -70.646433346774558, -34.207283162885695 ], [ -70.646383150684883, -34.207197438151574 ], [ -70.646340555817233, -34.207146170804137 ], [ -70.646242963744101, -34.207118680768303 ], [ -70.64618729023492, -34.207107908596527 ], [ -70.646175368699062, -34.20710315513324 ], [ -70.646131394939559, -34.207085618956519 ], [ -70.646103017161209, -34.20702933105386 ], [ -70.646121709254302, -34.206947028720577 ], [ -70.646182632070747, -34.206871331819734 ], [ -70.646197934115037, -34.206867476236155 ], [ -70.646327511098249, -34.206834827506697 ], [ -70.646332178525498, -34.206833066902895 ], [ -70.646485802415711, -34.206775103015815 ], [ -70.646486537866195, -34.206774524154206 ], [ -70.646567742688362, -34.206710644168872 ], [ -70.646649457714787, -34.206634667873509 ], [ -70.646689251031049, -34.20654197470828 ], [ -70.6466891967723, -34.206539129597452 ], [ -70.646689251789681, -34.206539000813962 ], [ -70.646687645805713, -34.206456440735792 ], [ -70.646687041202625, -34.206425415137467 ], [ -70.646685859421012, -34.206364662054028 ], [ -70.646685823630236, -34.206362822116887 ], [ -70.646690063658937, -34.206302880822633 ], [ -70.646693427731606, -34.206255321133234 ], [ -70.646695765829094, -34.206222250587828 ], [ -70.64670209072554, -34.206132848139035 ], [ -70.646722052950551, -34.206085247723003 ], [ -70.646754557165806, -34.206007742753471 ], [ -70.646774969530867, -34.205959071348865 ], [ -70.646787190889953, -34.205942700561167 ], [ -70.646788317415997, -34.205941192179736 ], [ -70.646857739177548, -34.205848200287861 ], [ -70.646896589534862, -34.205796159496209 ], [ -70.646968732397283, -34.205735043900205 ], [ -70.64698525541678, -34.205721047272014 ], [ -70.647009196649748, -34.205716871778293 ], [ -70.647029702574187, -34.205713296074826 ], [ -70.647046113371061, -34.205710434526537 ], [ -70.647095283015318, -34.205701860630235 ], [ -70.647117471326339, -34.205703312870227 ], [ -70.647135342177023, -34.205704483144189 ], [ -70.647163721428996, -34.205706340057667 ], [ -70.647234633179352, -34.205710980997729 ], [ -70.64733826082778, -34.205692309321805 ], [ -70.647352006782086, -34.20566851394836 ], [ -70.647398621386472, -34.205587820140565 ], [ -70.647398565389267, -34.205584942591329 ], [ -70.647398117324229, -34.205561917689906 ], [ -70.647396705872652, -34.205489386680611 ], [ -70.647396380188866, -34.205472650558235 ], [ -70.647387895769498, -34.205452881525787 ], [ -70.647385597786268, -34.205444552515658 ], [ -70.647383354760422, -34.205439326499636 ], [ -70.647316498318105, -34.205283553699367 ], [ -70.647267351935355, -34.205173557029134 ], [ -70.647186029479585, -34.204991549832556 ], [ -70.647041811357951, -34.204705490664864 ], [ -70.646877138049547, -34.204436984817349 ], [ -70.64685026545547, -34.204362254630063 ], [ -70.646811177988738, -34.204253553703971 ], [ -70.646807480450832, -34.204063524484987 ], [ -70.646795831426502, -34.203749765589812 ], [ -70.646765532132193, -34.203617694775176 ], [ -70.646680349021224, -34.203515159235039 ], [ -70.646641159028178, -34.203491549884845 ], [ -70.646540056082756, -34.203430644168904 ], [ -70.646421225123092, -34.20338040029079 ], [ -70.646233200391293, -34.203336843524283 ], [ -70.646051212325148, -34.203247128246481 ], [ -70.645951607611337, -34.203115986471602 ], [ -70.645892244753199, -34.202915186500071 ], [ -70.645783694850579, -34.202680486177236 ], [ -70.64564798357523, -34.20247494946986 ], [ -70.645470062834264, -34.202237724239154 ], [ -70.645392819724691, -34.202186920436098 ], [ -70.645281706494544, -34.202176891565045 ], [ -70.645255902234467, -34.202164844432495 ], [ -70.645197756426711, -34.202137698041184 ], [ -70.64513471107999, -34.202103983357915 ], [ -70.645134202802311, -34.202077880746927 ], [ -70.645134144247848, -34.202077883335832 ], [ -70.645134131653421, -34.20207723516495 ], [ -70.645134097531155, -34.202075479063602 ], [ -70.645133971622073, -34.202068999157781 ], [ -70.645134831265352, -34.202068892945483 ], [ -70.645134452853952, -34.202049362162995 ], [ -70.64526411850585, -34.201943943397183 ], [ -70.645380148045192, -34.201850228771796 ], [ -70.64545358691133, -34.201705244430443 ], [ -70.645408421631856, -34.201521532508423 ], [ -70.645267350010286, -34.201396706628408 ], [ -70.645105598150053, -34.201277919093052 ], [ -70.644650840987424, -34.200992564567422 ], [ -70.644469753273682, -34.200948913760648 ], [ -70.644303198345654, -34.200939626440757 ], [ -70.644219360715184, -34.200906191824437 ], [ -70.644243274489867, -34.200843213985678 ], [ -70.644243460384558, -34.200842727267329 ], [ -70.644245742130778, -34.200836719144171 ], [ -70.644327452756073, -34.200760743544116 ], [ -70.644470532896577, -34.200632106696901 ], [ -70.644558055489767, -34.200498454453083 ], [ -70.644520385076618, -34.200343442718363 ], [ -70.644385443060244, -34.200160502161843 ], [ -70.64433527300109, -34.200092487727169 ], [ -70.643909950377477, -34.199601936770321 ], [ -70.643532575178511, -34.199166680232203 ], [ -70.643404810696794, -34.199012874442232 ], [ -70.643257596785745, -34.198928449029872 ], [ -70.643147383659752, -34.198903111026034 ], [ -70.643139224280631, -34.198901234739793 ], [ -70.643138362829475, -34.198901246280755 ], [ -70.64295903559541, -34.198903648617474 ], [ -70.642958174144141, -34.198903660157171 ], [ -70.64282735938437, -34.198905411534021 ], [ -70.642826497950523, -34.198905423974274 ], [ -70.642730335459007, -34.198906711992095 ], [ -70.642680257909277, -34.198826743227663 ], [ -70.642629624103506, -34.198717982589507 ], [ -70.642566246139879, -34.198666991204981 ], [ -70.642557638898225, -34.198580707669976 ], [ -70.642632533340162, -34.198510585591791 ], [ -70.642741552531035, -34.198412935719809 ], [ -70.64288496542045, -34.198301576007466 ], [ -70.642972601110401, -34.198173682652161 ], [ -70.642982922646411, -34.198071268905473 ], [ -70.642984226701842, -34.198058328811882 ], [ -70.64293415051975, -34.197978359216869 ], [ -70.64284975779178, -34.197916131726764 ], [ -70.642731163400626, -34.197877399543238 ], [ -70.642652355924412, -34.19783337778378 ], [ -70.642573459669833, -34.197789306664411 ], [ -70.642460457278659, -34.197710659291758 ], [ -70.642423351550448, -34.197673173704672 ], [ -70.642318130302073, -34.197566876087954 ], [ -70.64229489862619, -34.197543406858379 ], [ -70.642221869580865, -34.197473486529219 ], [ -70.642216083226515, -34.19746794715676 ], [ -70.642215314739914, -34.197467211719307 ], [ -70.642214628059378, -34.19746655363663 ], [ -70.642214438426393, -34.197466400177184 ], [ -70.642213682326584, -34.197465799832685 ], [ -70.642212593699369, -34.197464952359084 ], [ -70.642214092641865, -34.197463846611811 ], [ -70.642228039867987, -34.197453552426339 ], [ -70.642232043463181, -34.197450598871313 ], [ -70.642243642524562, -34.197441212601916 ], [ -70.642261202462777, -34.197427003441291 ], [ -70.642244098101315, -34.197421112451352 ], [ -70.642208893198216, -34.197387899868431 ], [ -70.642165175758493, -34.197349083407111 ], [ -70.642016745840195, -34.197217289726943 ], [ -70.641987934457418, -34.197191707547987 ], [ -70.64193489427295, -34.197144612626673 ], [ -70.641870374122377, -34.197109013261993 ], [ -70.64162238637752, -34.197066198598435 ], [ -70.641561052186077, -34.197055770477803 ], [ -70.641530146909389, -34.197050585292793 ], [ -70.641438716421973, -34.197074410686803 ], [ -70.641428078694645, -34.197094204357526 ], [ -70.641402582071919, -34.197141646310186 ], [ -70.641359886554824, -34.19722109162484 ], [ -70.64136956847824, -34.197225161394428 ], [ -70.641339054293695, -34.197290379471013 ], [ -70.641285137717929, -34.197349565263053 ], [ -70.641209151061574, -34.197431148553591 ], [ -70.641122161209935, -34.197524544650911 ], [ -70.64105841948782, -34.197612102054201 ], [ -70.640872325666251, -34.197867723359643 ], [ -70.640735952921048, -34.197984746799165 ], [ -70.640707715785041, -34.198004143731595 ], [ -70.640657941483767, -34.198038336620414 ], [ -70.640359391777778, -34.198060936983815 ], [ -70.640125861700056, -34.198001831966636 ], [ -70.640095592974788, -34.197994170790729 ], [ -70.639980108034266, -34.197971815675537 ], [ -70.639835019027586, -34.197996795597263 ], [ -70.639773761910646, -34.198055213227761 ], [ -70.639766095318393, -34.19807076319097 ], [ -70.639713731293469, -34.198176975096921 ], [ -70.63964554335746, -34.198235486225158 ], [ -70.639589246987782, -34.198239842106631 ], [ -70.639555561050784, -34.198242448443473 ], [ -70.639471282998954, -34.198185976384302 ], [ -70.639465223222004, -34.198171072505559 ], [ -70.639426287020555, -34.198075305771447 ], [ -70.639413053057254, -34.198042755426243 ], [ -70.639438990651826, -34.197950250539208 ], [ -70.639461861403703, -34.197899283164112 ], [ -70.639498798550463, -34.197816972225787 ], [ -70.639569692896742, -34.197734532871458 ], [ -70.639614048739801, -34.197682952735555 ], [ -70.63974008596675, -34.197592945541587 ], [ -70.639885838423311, -34.197557596040532 ], [ -70.639907114656353, -34.197555047334667 ], [ -70.640312802779221, -34.197441346780153 ], [ -70.640325514144422, -34.197428249639188 ], [ -70.640370026894956, -34.197350739816564 ], [ -70.640396956426144, -34.197303846993002 ], [ -70.640630143685485, -34.197104880391933 ], [ -70.640650981433268, -34.197087100061779 ], [ -70.640700820386002, -34.196925148000297 ], [ -70.640693167482624, -34.196788757036728 ], [ -70.640610483384179, -34.196653645643991 ], [ -70.640607689511498, -34.196649079704521 ], [ -70.640455334760688, -34.196471738084988 ], [ -70.640403234054062, -34.196258563553002 ], [ -70.640402585528392, -34.196258305315702 ], [ -70.640388825480983, -34.196208851135893 ], [ -70.640387453339542, -34.196137957757635 ], [ -70.640397367275256, -34.1959889123358 ], [ -70.640372546988445, -34.195955258232736 ], [ -70.640340400252398, -34.195911671306384 ], [ -70.640321043446605, -34.195840732597063 ], [ -70.640262320275681, -34.195625523876032 ], [ -70.640265968251583, -34.195593564809691 ], [ -70.640239616773925, -34.19555491575138 ], [ -70.640213885361931, -34.19554816867727 ], [ -70.640179345468226, -34.195527357942133 ], [ -70.640139411000348, -34.195391504979511 ], [ -70.640114258385566, -34.19530593477235 ], [ -70.640110827868099, -34.195294267222096 ], [ -70.640111208476867, -34.195291114206775 ], [ -70.640127194946515, -34.195158791248026 ], [ -70.640136569934597, -34.195081187772765 ], [ -70.640077887676512, -34.194915330752004 ], [ -70.640021755447378, -34.194660800813459 ], [ -70.639976304933441, -34.194575342357261 ], [ -70.639968453468356, -34.194561658137467 ], [ -70.639968144665076, -34.194561122132285 ], [ -70.639925584557858, -34.194526686159698 ], [ -70.639896151553231, -34.194535610910712 ], [ -70.63979991874551, -34.194549549614166 ], [ -70.639643190855367, -34.194572251973511 ], [ -70.639599032222421, -34.194583826197928 ], [ -70.639577035087569, -34.194589850712283 ], [ -70.639554521350547, -34.194594415019502 ], [ -70.639551795171315, -34.1945949086358 ], [ -70.639531878269253, -34.194598520269416 ], [ -70.639509233995994, -34.194602620120726 ], [ -70.639486662341696, -34.194606995827215 ], [ -70.639478949528026, -34.194608990742424 ], [ -70.639464547548997, -34.194612717110765 ], [ -70.639442752841433, -34.194619277226174 ], [ -70.639420556983325, -34.194624791286635 ], [ -70.639397968576205, -34.194629086947202 ], [ -70.639375347538362, -34.194633266717091 ], [ -70.639352767488447, -34.194637601933657 ], [ -70.639330191985039, -34.194641947906057 ], [ -70.639307616461707, -34.19464629297287 ], [ -70.639285039903328, -34.194650640754553 ], [ -70.63926248662834, -34.19465507027806 ], [ -70.639219536076837, -34.194661730043805 ], [ -70.6391982556503, -34.194666661037402 ], [ -70.639176916104987, -34.194671397142791 ], [ -70.639155427026168, -34.194675640195058 ], [ -70.639133879966238, -34.194679691048997 ], [ -70.639112351483831, -34.194683804771749 ], [ -70.639090825221302, -34.19468792116627 ], [ -70.639069297854206, -34.194692036670062 ], [ -70.639047771604638, -34.194696153958631 ], [ -70.639034970465858, -34.194698602780122 ], [ -70.639026245370289, -34.194700272144978 ], [ -70.639004764599363, -34.194704608839565 ], [ -70.638983245463038, -34.194708757582269 ], [ -70.638961462520967, -34.194711667267299 ], [ -70.638939457356827, -34.194713523996199 ], [ -70.63891764685961, -34.194716299684437 ], [ -70.638896114682481, -34.19472039177743 ], [ -70.638874638622255, -34.194724748224424 ], [ -70.638853151888441, -34.194729057920526 ], [ -70.638831629378046, -34.194733201271532 ], [ -70.638809855992235, -34.194736156790128 ], [ -70.638790629643708, -34.194737772574399 ], [ -70.638787849592845, -34.194738006294656 ], [ -70.638766023566589, -34.194740709123721 ], [ -70.638744539096891, -34.194745024181032 ], [ -70.638723024728847, -34.194749196259558 ], [ -70.63870114854376, -34.194751662593205 ], [ -70.638679152790843, -34.194753557924123 ], [ -70.638657442631796, -34.194756809239102 ], [ -70.638635976029931, -34.194761206997647 ], [ -70.638614389437649, -34.194765068024786 ], [ -70.638592524749342, -34.194767680265265 ], [ -70.638570621801975, -34.194770109962477 ], [ -70.638548748644311, -34.194772677222005 ], [ -70.638526877759602, -34.194775249857642 ], [ -70.638505009357146, -34.194777838687315 ], [ -70.638483139746199, -34.19478042121716 ], [ -70.638461266565116, -34.194782987559734 ], [ -70.638439395709312, -34.194785561982904 ], [ -70.638417527300874, -34.194788150797123 ], [ -70.638395656599059, -34.194790733326016 ], [ -70.638373784531794, -34.194793301441635 ], [ -70.638351913530514, -34.194795868637406 ], [ -70.63833004147773, -34.194798437646789 ], [ -70.638308169423453, -34.194801006652305 ], [ -70.638286296247898, -34.194803573865464 ], [ -70.638264426517395, -34.194806150947713 ], [ -70.638242558166752, -34.19480874333702 ], [ -70.638220694272547, -34.19481139788202 ], [ -70.638198840621712, -34.194814189348783 ], [ -70.638176863398172, -34.194815641594758 ], [ -70.638154737403781, -34.19481551780234 ], [ -70.638132742430699, -34.194816781816641 ], [ -70.638110889423885, -34.194819550716005 ], [ -70.638089036694467, -34.194822334035422 ], [ -70.638067183876274, -34.194825112843525 ], [ -70.638045192816037, -34.194826411055509 ], [ -70.638023065698235, -34.194826285450915 ], [ -70.638001096720231, -34.194827827728005 ], [ -70.637979260559959, -34.194830794758872 ], [ -70.637957267152075, -34.194832083969224 ], [ -70.637935142358984, -34.194831966433263 ], [ -70.637913185896082, -34.194833651000295 ], [ -70.637891352597777, -34.194836654046433 ], [ -70.637869351983525, -34.19483785136115 ], [ -70.637847260957372, -34.194838021009225 ], [ -70.637825146689266, -34.194837998895913 ], [ -70.637803062992859, -34.194838435349205 ], [ -70.637781030826915, -34.194839628560779 ], [ -70.637759022848456, -34.194841230829311 ], [ -70.637737021684103, -34.194842961048082 ], [ -70.637715013599021, -34.194844557899806 ], [ -70.637693002175126, -34.194846094376473 ], [ -70.637670989630521, -34.194847629060718 ], [ -70.637648978187286, -34.194849164628025 ], [ -70.637626965675608, -34.194850701107413 ], [ -70.637604954213018, -34.194852235765374 ], [ -70.637582941699421, -34.19485377223689 ], [ -70.637560929167421, -34.194855307802989 ], [ -70.637538916634483, -34.194856843365152 ], [ -70.63751690518545, -34.194858378908904 ], [ -70.637494892633143, -34.194859913561729 ], [ -70.637472881199614, -34.194861449999102 ], [ -70.637450868645402, -34.194862984644054 ], [ -70.637428857192518, -34.194864520172082 ], [ -70.637406844653782, -34.19486605571069 ], [ -70.637384833286134, -34.194867595738323 ], [ -70.637362821934943, -34.194869136663542 ], [ -70.637340809532759, -34.194870679402307 ], [ -70.637318799212252, -34.194872217600697 ], [ -70.637296786703544, -34.194873754922625 ], [ -70.637274775243924, -34.19487529042317 ], [ -70.637252761596102, -34.194876825047245 ], [ -70.637230750117141, -34.194878359638437 ], [ -70.637208737587159, -34.194879896043155 ], [ -70.637186726106265, -34.194881430626495 ], [ -70.637164713574336, -34.194882967023354 ], [ -70.637142703350676, -34.194884510599287 ], [ -70.637120692197996, -34.194886062299219 ], [ -70.637098679610915, -34.194887595979822 ], [ -70.637076664156027, -34.19488909362569 ], [ -70.637054647371315, -34.194890578661187 ], [ -70.637032629553033, -34.194892066411718 ], [ -70.637010612801305, -34.194893553242345 ], [ -70.636988596048624, -34.194895040069035 ], [ -70.636966580397342, -34.194896527778823 ], [ -70.636944562610168, -34.194898017316611 ], [ -70.636922545889533, -34.194899505934515 ], [ -70.636900529202805, -34.194900996351443 ], [ -70.636878512497702, -34.194902485862968 ], [ -70.636856495809099, -34.194903976272052 ], [ -70.636834480204456, -34.194905466662739 ], [ -70.636812463513962, -34.194906957063949 ], [ -70.63679044575504, -34.19490844837722 ], [ -70.636768430147583, -34.194909938756098 ], [ -70.636746413471698, -34.194911430047028 ], [ -70.636724396794861, -34.194912921334023 ], [ -70.636702380099678, -34.194914411715594 ], [ -70.636680364505864, -34.194915902980249 ], [ -70.636658346723891, -34.194917393368435 ], [ -70.636636330025866, -34.194918883738204 ], [ -70.63661431441183, -34.19492037408957 ], [ -70.636592296609621, -34.194921863564467 ], [ -70.636570279891345, -34.194923353020961 ], [ -70.63654826423965, -34.194924841557544 ], [ -70.636526247519512, -34.194926331006172 ], [ -70.636504229678707, -34.19492781866235 ], [ -70.636482212921848, -34.194929306300125 ], [ -70.636460196146643, -34.194930793032484 ], [ -70.636438179353078, -34.194932278859412 ], [ -70.636416161473662, -34.19493376469687 ], [ -70.636394144643376, -34.194935248712945 ], [ -70.636372126727267, -34.194936732739549 ], [ -70.636350109877696, -34.194938215846278 ], [ -70.636328093009766, -34.19493969804757 ], [ -70.636306075038576, -34.194941179357905 ], [ -70.636284058116544, -34.194942658846848 ], [ -70.636262040091239, -34.194944137444836 ], [ -70.636240022047573, -34.194945615137414 ], [ -70.636220039293335, -34.194946953861248 ], [ -70.636218003968153, -34.194947091023053 ], [ -70.636195985887781, -34.194948566904756 ], [ -70.636173967754246, -34.194950040078062 ], [ -70.636151948534874, -34.194951513261906 ], [ -70.636129931432123, -34.194952983708376 ], [ -70.636107912141227, -34.194954453278378 ], [ -70.636085893899477, -34.194955921026967 ], [ -70.636063874554466, -34.194957387884628 ], [ -70.636041856258586, -34.194958852920884 ], [ -70.636019836842067, -34.194960316164675 ], [ -70.635997817372399, -34.194961776700076 ], [ -70.635975797901764, -34.194963237231526 ], [ -70.635953778377981, -34.194964695054573 ], [ -70.635931757733559, -34.194966151085161 ], [ -70.635909738120844, -34.194967604392865 ], [ -70.635887715902086, -34.194969035188208 ], [ -70.635865689783401, -34.194970432667724 ], [ -70.635843662091361, -34.194971804915923 ], [ -70.635821631793306, -34.19497315465177 ], [ -70.635799601180963, -34.194974488156753 ], [ -70.63577756813676, -34.194975808164315 ], [ -70.635755533850102, -34.194977120068955 ], [ -70.635733500595251, -34.194978429250732 ], [ -70.63571146735697, -34.194979739330044 ], [ -70.635689434239723, -34.194981055715871 ], [ -70.635667402415464, -34.19498238290123 ], [ -70.635645371988659, -34.194983726295114 ], [ -70.635623343046319, -34.194985090404941 ], [ -70.635601316725612, -34.194986477920779 ], [ -70.635579294250675, -34.194987896040082 ], [ -70.635557273521314, -34.19498934839779 ], [ -70.635535257861861, -34.194990838556485 ], [ -70.635513246100345, -34.194992362023164 ], [ -70.635491235979856, -34.194993914319284 ], [ -70.635469228498266, -34.194995490922892 ], [ -70.635447222535817, -34.194997090045476 ], [ -70.635425220210081, -34.194998708953634 ], [ -70.635403218214094, -34.195000344986269 ], [ -70.635381217545699, -34.195001993621446 ], [ -70.635359218204925, -34.19500365485915 ], [ -70.635337220087266, -34.195005323290438 ], [ -70.635315222073032, -34.195006997126775 ], [ -70.635293224109986, -34.195008673663665 ], [ -70.635271226145903, -34.19501035019664 ], [ -70.635249228111149, -34.195012023119716 ], [ -70.63522722993612, -34.195013688826897 ], [ -70.635205230535888, -34.195015347332671 ], [ -70.635183229823468, -34.195016994129553 ], [ -70.635161227798847, -34.195018629217536 ], [ -70.635139227066972, -34.195020275105058 ], [ -70.635117226542945, -34.195021931806636 ], [ -70.635095229429254, -34.19502359657433 ], [ -70.63507323028395, -34.195025268579002 ], [ -70.635051233359661, -34.195026943255293 ], [ -70.635029235349421, -34.195028617942135 ], [ -70.635007237303327, -34.195030290822075 ], [ -70.634985238066903, -34.195031958303574 ], [ -70.634963238655374, -34.195033616766196 ], [ -70.634941237966501, -34.195035265322907 ], [ -70.63491923589585, -34.195036898564766 ], [ -70.634897233545715, -34.195038517378748 ], [ -70.634875227556989, -34.195040116399326 ], [ -70.634853220047304, -34.195041692893042 ], [ -70.634831209879579, -34.195043244169895 ], [ -70.634809197018996, -34.195044768426889 ], [ -70.634787181343768, -34.195046259353553 ], [ -70.634765160492705, -34.195047707062358 ], [ -70.634743136740042, -34.195049116933369 ], [ -70.634721110190242, -34.195050494375515 ], [ -70.634699079845404, -34.195051843910761 ], [ -70.634677048014566, -34.195053172722147 ], [ -70.634655013717278, -34.19505448623309 ], [ -70.634632980295237, -34.195055788907695 ], [ -70.634610944632925, -34.195057088001292 ], [ -70.634588910054688, -34.195058387076486 ], [ -70.634566875632203, -34.195059694261204 ], [ -70.634544842519972, -34.195061013146955 ], [ -70.634522811924683, -34.195062350029758 ], [ -70.634500782883208, -34.195063711234539 ], [ -70.634478756584826, -34.195065102155809 ], [ -70.634456734201393, -34.195066527286592 ], [ -70.634434715854709, -34.195067992937354 ], [ -70.634412701596929, -34.195069501812597 ], [ -70.634390691271392, -34.195071045798862 ], [ -70.634368682656131, -34.195072622220565 ], [ -70.634346677799115, -34.195074224738342 ], [ -70.634324675563235, -34.195075850662143 ], [ -70.63430267481138, -34.195077497301973 ], [ -70.634280676489254, -34.195079157431394 ], [ -70.634258678392257, -34.195080829276321 ], [ -70.634236680415995, -34.19508250742782 ], [ -70.634214682490907, -34.195084188279864 ], [ -70.634192685632286, -34.195085868212033 ], [ -70.634170687583335, -34.195087542745767 ], [ -70.634148689359392, -34.19508920826064 ], [ -70.634126688686322, -34.195090859376563 ], [ -70.634104686596785, -34.195092493374602 ], [ -70.634082681901575, -34.195094104860239 ], [ -70.634060675633449, -34.195095691114538 ], [ -70.63403866418976, -34.195097234150936 ], [ -70.634016648446774, -34.19509872313705 ], [ -70.633994627545718, -34.19510016980675 ], [ -70.633972602832458, -34.195101587668006 ], [ -70.633950577822588, -34.195102990199928 ], [ -70.633928551639983, -34.195104388234874 ], [ -70.633906526715293, -34.195105795266407 ], [ -70.633884505479259, -34.195107224787996 ], [ -70.633862484485789, -34.195108666926636 ], [ -70.63384046242389, -34.195110109977264 ], [ -70.633818441445982, -34.195111553009511 ], [ -70.633796420484543, -34.195112996939329 ], [ -70.633774399504816, -34.195114439963703 ], [ -70.633752377439265, -34.195115882998607 ], [ -70.63373035645769, -34.195117326015108 ], [ -70.633708335423037, -34.195118766323205 ], [ -70.633686308093417, -34.195120161624835 ], [ -70.633664276795187, -34.195121520004562 ], [ -70.633642245270053, -34.195122866660903 ], [ -70.63362021517672, -34.195124231328776 ], [ -70.633598190274228, -34.195125640108202 ], [ -70.633576173271408, -34.195127120916631 ], [ -70.633561065610934, -34.19512820581857 ], [ -70.633554167961961, -34.195128701657126 ], [ -70.63353217715904, -34.195130415656095 ], [ -70.633510207156462, -34.19513230791614 ], [ -70.633488252866798, -34.1951343397307 ], [ -70.633466307822118, -34.19513645708232 ], [ -70.633444366639466, -34.195138605939043 ], [ -70.633422422798887, -34.195140729578895 ], [ -70.633400470952296, -34.195142775772894 ], [ -70.633378503512304, -34.195144688715018 ], [ -70.63335651527008, -34.195146423388216 ], [ -70.633334511347755, -34.195148020302021 ], [ -70.633312494575918, -34.195149513684335 ], [ -70.633290470952971, -34.195150933212332 ], [ -70.63326844203327, -34.195152303211898 ], [ -70.633246409475461, -34.195153653417968 ], [ -70.633224379225709, -34.195155010803163 ], [ -70.633202351822916, -34.195156403313852 ], [ -70.633180329610724, -34.195157839936144 ], [ -70.633158308569435, -34.195159281047509 ], [ -70.63313628752725, -34.195160722154959 ], [ -70.633114266484156, -34.195162163258473 ], [ -70.633092244320451, -34.195163602569508 ], [ -70.63307022325813, -34.195165042763662 ], [ -70.63304820111, -34.195166482968318 ], [ -70.63302618006324, -34.195167924056086 ], [ -70.633004157913263, -34.195169364252877 ], [ -70.632982136847275, -34.195170804431299 ], [ -70.632960114678099, -34.195172243718723 ], [ -70.632938093627686, -34.195173684790774 ], [ -70.632916071474057, -34.195175124971826 ], [ -70.632894051489345, -34.195176565120065 ], [ -70.632872029351276, -34.195178006194759 ], [ -70.632850008314577, -34.195179448152565 ], [ -70.632827989022346, -34.19518092434884 ], [ -70.632805971909107, -34.195182457320996 ], [ -70.632783958484126, -34.19518401278328 ], [ -70.632761941629667, -34.195185559270016 ], [ -70.632739923887826, -34.195187059776508 ], [ -70.632717902463185, -34.195188481877828 ], [ -70.632695873458005, -34.195189792261878 ], [ -70.632673835022771, -34.195190951277318 ], [ -70.632651758286627, -34.195191418272003 ], [ -70.632629651291467, -34.195191385206769 ], [ -70.632607562424411, -34.195191617004113 ], [ -70.632585524627345, -34.195192696643197 ], [ -70.632563522557007, -34.19519433487379 ], [ -70.632541532901186, -34.195196166806582 ], [ -70.632519534475691, -34.195197881627607 ], [ -70.632497544504886, -34.195199697325656 ], [ -70.632475548907422, -34.195201446366802 ], [ -70.632453527974221, -34.195202781848359 ], [ -70.632431457066161, -34.19520332627441 ], [ -70.632409353122341, -34.195203339116972 ], [ -70.632387258971946, -34.19520352225171 ], [ -70.632365213483865, -34.195204484729047 ], [ -70.632343208105297, -34.195206064351929 ], [ -70.632321218301016, -34.195207889033483 ], [ -70.632299222244683, -34.195209614604281 ], [ -70.632277218834119, -34.195211240177272 ], [ -70.632255216472672, -34.195212863928909 ], [ -70.632233213042696, -34.195214488592541 ], [ -70.632211209611711, -34.195216113252265 ], [ -70.632189207247251, -34.19521773699212 ], [ -70.632167203814248, -34.195219361643986 ], [ -70.632145201465136, -34.195220986277491 ], [ -70.632123198030115, -34.195222610921519 ], [ -70.63210119457672, -34.195224234660117 ], [ -70.632079192224595, -34.195225859281855 ], [ -70.632057188786547, -34.195227483914103 ], [ -70.632035186415024, -34.195229107626488 ], [ -70.632013182974958, -34.195230732250899 ], [ -70.631991179516518, -34.195232355969871 ], [ -70.631969177141983, -34.19523397967049 ], [ -70.631947173698876, -34.195235604283127 ], [ -70.631925171357082, -34.195237229778883 ], [ -70.631903169118459, -34.195238860679702 ], [ -70.631881166913601, -34.195240493379586 ], [ -70.631859163535964, -34.195242121582496 ], [ -70.631837145019162, -34.195243639972148 ], [ -70.631815112847761, -34.195245069268474 ], [ -70.631793119206023, -34.195246752335414 ], [ -70.631771218092396, -34.195249069885371 ], [ -70.631749429080259, -34.195252192986203 ], [ -70.631727662816118, -34.195255426693059 ], [ -70.631705821527021, -34.195257976982951 ], [ -70.631683750836018, -34.195258421179993 ], [ -70.63166163638769, -34.195258452963941 ], [ -70.631639549776523, -34.195258746776304 ], [ -70.631617440761602, -34.195258835288833 ], [ -70.63159537010398, -34.195259281272989 ], [ -70.631573559658818, -34.195262193623556 ], [ -70.631551698572167, -34.195264617907561 ], [ -70.631529569616788, -34.195264516405004 ], [ -70.631507635224693, -34.195266233800126 ], [ -70.631485865457265, -34.195269511695464 ], [ -70.631463812042369, -34.195270120639329 ], [ -70.631441743966448, -34.195270588202966 ], [ -70.631419962728771, -34.195273777869943 ], [ -70.631398048529618, -34.195275698767368 ], [ -70.631375915725187, -34.195275566629554 ], [ -70.631354014370373, -34.195277591046988 ], [ -70.631332240834638, -34.195280842815194 ], [ -70.631310464606273, -34.195284067563549 ], [ -70.631288567856402, -34.195286162242837 ], [ -70.631266437444154, -34.19528604177593 ], [ -70.631244500643632, -34.195287747433703 ], [ -70.631222729287458, -34.195291000055306 ], [ -70.631200920094486, -34.195293922242222 ], [ -70.631179109589212, -34.19529683272026 ], [ -70.631157303856014, -34.195299765674193 ], [ -70.631135498121139, -34.195302698624268 ], [ -70.631113692384616, -34.19530563157052 ], [ -70.631091885544137, -34.195308563625858 ], [ -70.63107007980426, -34.195311496564443 ], [ -70.631048274045355, -34.195314428597683 ], [ -70.631026469595398, -34.195317372332134 ], [ -70.631004671089187, -34.195320343035512 ], [ -70.630982787392611, -34.195322891055824 ], [ -70.630960869705888, -34.195325251964903 ], [ -70.630939288283585, -34.195329014192183 ], [ -70.630917971285442, -34.195333884729898 ], [ -70.630896623542341, -34.195338624020501 ], [ -70.630875261527805, -34.195343298572794 ], [ -70.630853922979753, -34.195348064785591 ], [ -70.630832614017081, -34.195352958646673 ], [ -70.630811005388736, -34.195356604890414 ], [ -70.630789030186662, -34.195358741101757 ], [ -70.630767346166024, -34.195362079047641 ], [ -70.630746017136318, -34.195366889299912 ], [ -70.6307246903433, -34.195371703125701 ], [ -70.630703326018406, -34.195376371366876 ], [ -70.630681967393315, -34.195381053956254 ], [ -70.630660615709147, -34.195385758992849 ], [ -70.630639264039829, -34.1953904649273 ], [ -70.630617912333278, -34.195395169055082 ], [ -70.630596559521933, -34.19539987229215 ], [ -70.630575207810338, -34.195404576412642 ], [ -70.630553856078862, -34.195409279627981 ], [ -70.630532504362222, -34.195413983741169 ], [ -70.630511148095152, -34.19541867709043 ], [ -70.630489685739079, -34.19542310222969 ], [ -70.630468498278375, -34.19542822164825 ], [ -70.630447988455515, -34.195435057060493 ], [ -70.63034203123793, -34.195460637213245 ], [ -70.630321439308219, -34.195467267200293 ], [ -70.630258299545247, -34.195483725259727 ], [ -70.63023763802174, -34.195490179419224 ], [ -70.630196002444762, -34.195502299262991 ], [ -70.630174555176595, -34.195506777348996 ], [ -70.630163758763672, -34.1955099993394 ], [ -70.630153794255364, -34.195512973117992 ], [ -70.630133292013738, -34.195519810180905 ], [ -70.630112856008068, -34.195526818590139 ], [ -70.630071550079734, -34.195539829426686 ], [ -70.630008471134403, -34.195556746431734 ], [ -70.62980238120727, -34.195622728650342 ], [ -70.629636266799793, -34.19567266607779 ], [ -70.629594176913969, -34.195683856663869 ], [ -70.629470119407287, -34.195722535189645 ], [ -70.629324954337136, -34.195766551774597 ], [ -70.629241547526178, -34.195789973868379 ], [ -70.629200764182102, -34.195804214644056 ], [ -70.629137653376063, -34.195820284906716 ], [ -70.628924315341862, -34.195865740322802 ], [ -70.628902658334667, -34.195869365234124 ], [ -70.628859558113248, -34.195877405726748 ], [ -70.628844594453298, -34.19586398384417 ], [ -70.628607362053458, -34.195889678151616 ], [ -70.628586935473052, -34.195896736680993 ], [ -70.62856581961087, -34.195901980163391 ], [ -70.628544271715953, -34.195906088692638 ], [ -70.628458763931064, -34.195923658887956 ], [ -70.628393000072222, -34.19592891891196 ], [ -70.628261027058372, -34.195935131800788 ], [ -70.628239772644676, -34.195935146142517 ], [ -70.628238904499739, -34.195935146846445 ], [ -70.628172629801355, -34.19593618983987 ], [ -70.628150563456686, -34.195936250111508 ], [ -70.628062590835484, -34.195932978648521 ], [ -70.628040478351892, -34.195933574237479 ], [ -70.628018493050746, -34.19593265683811 ], [ -70.627952520625513, -34.195930117643414 ], [ -70.627864619792646, -34.195926007379875 ], [ -70.627798771156634, -34.195922003856374 ], [ -70.627689387287504, -34.195911093697994 ], [ -70.627667486843947, -34.195909170584287 ], [ -70.627623878320975, -34.195903136905144 ], [ -70.627602063494137, -34.195900247794448 ], [ -70.627580248685973, -34.195897359581316 ], [ -70.627558434894752, -34.195894467743891 ], [ -70.627235011793431, -34.195838188084664 ], [ -70.627192435173797, -34.195828869090889 ], [ -70.627150373496718, -34.195817771354932 ], [ -70.62706566086068, -34.195797663041489 ], [ -70.626992978467101, -34.195776862168799 ], [ -70.62682034046297, -34.195727455078398 ], [ -70.626794960358481, -34.195720191035036 ], [ -70.626779136795193, -34.195714750675826 ], [ -70.626469000924615, -34.195608126891173 ], [ -70.626286713627593, -34.195542537430534 ], [ -70.626247919362839, -34.195528256239221 ], [ -70.626190891960022, -34.195507263548393 ], [ -70.626102320629769, -34.19583166957824 ], [ -70.626006189005736, -34.196183762340404 ], [ -70.627013992337865, -34.196801724816652 ], [ -70.628215362549938, -34.197310664788965 ], [ -70.630745070128441, -34.19822362956635 ], [ -70.630840790550153, -34.198707278699899 ] ] ] } },
{ "type": "Feature", "properties": { "zona": "86" }, "geometry": { "type": "Polygon", "coordinates": [ [ [ -70.65508111010044, -34.195662729217133 ], [ -70.655106601423896, -34.195686728165064 ], [ -70.655107259203888, -34.195687346888469 ], [ -70.655114183150744, -34.195693865794226 ], [ -70.655311119614652, -34.19587527695127 ], [ -70.655405365062123, -34.19596209255414 ], [ -70.655786903182133, -34.196171643716099 ], [ -70.65616023603036, -34.196386920381329 ], [ -70.656459790731347, -34.196551353129934 ], [ -70.656748360539154, -34.196685693318166 ], [ -70.656958461019784, -34.196795173785667 ], [ -70.657177350126858, -34.196928726562952 ], [ -70.657292626985637, -34.196974688871933 ], [ -70.657407312261455, -34.196990418882244 ], [ -70.657630893296002, -34.196991716643332 ], [ -70.657896731344721, -34.19702700314258 ], [ -70.658000233268154, -34.197044815252127 ], [ -70.658199290613226, -34.197079071422337 ], [ -70.658439479292085, -34.197131984119132 ], [ -70.65868503528435, -34.197193463160168 ], [ -70.658832090426074, -34.19726923260783 ], [ -70.658938292730554, -34.197382707222829 ], [ -70.658961568807996, -34.197422449620909 ], [ -70.659013597922865, -34.197511286927366 ], [ -70.659031559591085, -34.197632001946083 ], [ -70.659014407439571, -34.197817990616976 ], [ -70.658964885464698, -34.197943939489406 ], [ -70.658963530325309, -34.197945561081859 ], [ -70.658848046501816, -34.198083757486152 ], [ -70.658748733423266, -34.19817786718442 ], [ -70.658702419973167, -34.19820969403807 ], [ -70.658632437345275, -34.198257786125467 ], [ -70.658539227529403, -34.198312910102572 ], [ -70.658428390817761, -34.198370719633274 ], [ -70.65833827014184, -34.1984331462209 ], [ -70.658271954933142, -34.198507492670799 ], [ -70.658282870251639, -34.198558924526075 ], [ -70.658289145742515, -34.198588497334711 ], [ -70.658342998366649, -34.198842256958642 ], [ -70.658419234478174, -34.199018342480073 ], [ -70.658541065225918, -34.199133334659656 ], [ -70.65863128756483, -34.199227152509813 ], [ -70.658689589733982, -34.199276022800646 ], [ -70.658744053402742, -34.199321675330594 ], [ -70.658884690457143, -34.199423450541921 ], [ -70.659108040173606, -34.199501068611681 ], [ -70.659117045258697, -34.199500946794984 ], [ -70.659306945131533, -34.199498377762005 ], [ -70.659315949130473, -34.1994982559454 ], [ -70.659488304099838, -34.199449845087472 ], [ -70.659632712689387, -34.199390291753069 ], [ -70.659783486245828, -34.199301852006656 ], [ -70.659887748165147, -34.199284144161354 ], [ -70.659894032443788, -34.199283076233591 ], [ -70.659896754308576, -34.199284022273424 ], [ -70.660005706403325, -34.199321884408988 ], [ -70.660069773428162, -34.199407415772455 ], [ -70.660094195678653, -34.199507831923157 ], [ -70.660107472743817, -34.199562423717516 ], [ -70.660150540174271, -34.199786750108785 ], [ -70.660150978888836, -34.199789033642851 ], [ -70.660159544200027, -34.199786628229376 ], [ -70.660197448154904, -34.199775987908943 ], [ -70.660944029622357, -34.19956640784244 ], [ -70.661212770531989, -34.199490964903298 ], [ -70.661464002706381, -34.199420437603912 ], [ -70.661516272751712, -34.199405763635639 ], [ -70.661653895178077, -34.199367128751014 ], [ -70.661745594820275, -34.199341385660119 ], [ -70.661754179477228, -34.199338975365734 ], [ -70.661762283990697, -34.199333942155114 ], [ -70.661763184550693, -34.199338854256801 ], [ -70.661783862354824, -34.199451647312813 ], [ -70.661786461592129, -34.19958408856894 ], [ -70.661871094398791, -34.199657821704783 ], [ -70.661977422456161, -34.199777338775689 ], [ -70.661983428819212, -34.199795119591393 ], [ -70.662009028250495, -34.199870905064216 ], [ -70.662051021132839, -34.199995219061208 ], [ -70.661977725475012, -34.200145969368293 ], [ -70.661973508522536, -34.200284264970094 ], [ -70.662073980476578, -34.200332518866468 ], [ -70.662186164495139, -34.200275622879779 ], [ -70.662203743760813, -34.200269729933893 ], [ -70.662275694191408, -34.200245610283879 ], [ -70.66237554386656, -34.200212137604453 ], [ -70.662454752283779, -34.200185584014356 ], [ -70.662528672749929, -34.200165080469695 ], [ -70.662585750750651, -34.200149248883037 ], [ -70.662757991860019, -34.200095073883297 ], [ -70.662934728820971, -34.200064158011244 ], [ -70.662972155103574, -34.200057610817389 ], [ -70.662996501575449, -34.200052201299933 ], [ -70.663004506131088, -34.20005042277478 ], [ -70.663165412962513, -34.200014670675884 ], [ -70.663170293705562, -34.200015464731891 ], [ -70.663174415913758, -34.200014548589195 ], [ -70.663416578238014, -34.200053938413703 ], [ -70.663501273266576, -34.200067714981103 ], [ -70.663550188730625, -34.200093082405949 ], [ -70.663739394079087, -34.200191203930956 ], [ -70.663969906934454, -34.200280234445501 ], [ -70.664036681878471, -34.20030948744521 ], [ -70.664115632931768, -34.200344075697089 ], [ -70.664465215062435, -34.200497223292956 ], [ -70.664505526526725, -34.200514882858464 ], [ -70.664659353399458, -34.200581913804974 ], [ -70.664736764407579, -34.200603114856754 ], [ -70.664819658366483, -34.200625817640507 ], [ -70.664949379583035, -34.200651762080007 ], [ -70.665035406103385, -34.200668967678681 ], [ -70.665073347259053, -34.200671600489301 ], [ -70.665243658140142, -34.200683419937981 ], [ -70.665444751887364, -34.200686449560429 ], [ -70.665461991928765, -34.200686215449394 ], [ -70.665647865366878, -34.200683690326436 ], [ -70.665782269313723, -34.200681864901945 ], [ -70.665791272323901, -34.200681742621143 ], [ -70.666024833060618, -34.200678571020077 ], [ -70.666033836069317, -34.200678448721483 ], [ -70.666043149735216, -34.200679608958069 ], [ -70.66611456174175, -34.200688503682755 ], [ -70.666242313775314, -34.200704415700592 ], [ -70.666453224755017, -34.200713069581738 ], [ -70.666542912724651, -34.200721150347697 ], [ -70.666560604394533, -34.2007227440455 ], [ -70.666564337764584, -34.200723080152692 ], [ -70.666728006350127, -34.20070883608259 ], [ -70.666799630709804, -34.200702602955978 ], [ -70.666970818042401, -34.200700276318386 ], [ -70.666979821049097, -34.200700153950301 ], [ -70.66711961539967, -34.200713375651333 ], [ -70.667132156054734, -34.200714562274264 ], [ -70.667243823307302, -34.200770022243589 ], [ -70.667247362805682, -34.200766850566296 ], [ -70.669196892534202, -34.199067127187796 ], [ -70.673044695475795, -34.195812613890403 ], [ -70.671196518259478, -34.195728058003951 ], [ -70.668619037467607, -34.195627158889323 ], [ -70.665525173724347, -34.195509360820644 ], [ -70.665326596013003, -34.195485812555191 ], [ -70.658962352170974, -34.195257131129381 ], [ -70.657116717213313, -34.195174241544002 ], [ -70.656886744592811, -34.195160170535033 ], [ -70.656589879270541, -34.195131732791239 ], [ -70.656295309773498, -34.195103264224493 ], [ -70.655929254392944, -34.195060490294992 ], [ -70.655468564046586, -34.19499418076316 ], [ -70.655422224036542, -34.195126332508536 ], [ -70.655241852243606, -34.195505249006146 ], [ -70.655188389530196, -34.195590427717924 ], [ -70.65508111010044, -34.195662729217133 ] ] ] } },
{ "type": "Feature", "properties": { "zona": "85" }, "geometry": { "type": "Polygon", "coordinates": [ [ [ -70.65025096427371, -34.193918037235477 ], [ -70.650320720411983, -34.193932039376023 ], [ -70.65105878611179, -34.194088159193932 ], [ -70.652245611407565, -34.19433452813734 ], [ -70.652264244179889, -34.194338551314658 ], [ -70.653474444873169, -34.194599838797828 ], [ -70.654219335983541, -34.194752030373095 ], [ -70.654756773343152, -34.19486693472254 ], [ -70.65513016401556, -34.194932516975264 ], [ -70.655468564046586, -34.19499418076316 ], [ -70.655929254392944, -34.195060490294992 ], [ -70.656295309773498, -34.195103264224493 ], [ -70.656589879270541, -34.195131732791239 ], [ -70.656886744592811, -34.195160170535033 ], [ -70.657116717213313, -34.195174241544002 ], [ -70.658962352170974, -34.195257131129381 ], [ -70.665326596013003, -34.195485812555191 ], [ -70.665525173724347, -34.195509360820644 ], [ -70.668619037467607, -34.195627158889323 ], [ -70.671196518259478, -34.195728058003951 ], [ -70.673044695475795, -34.195812613890403 ], [ -70.673017333363916, -34.195757233741986 ], [ -70.671969724008704, -34.194700767937867 ], [ -70.671143858677468, -34.193880330505301 ], [ -70.670403865262898, -34.193133154831614 ], [ -70.669556856382187, -34.192287227268721 ], [ -70.668760681438215, -34.191484977435366 ], [ -70.668040124551126, -34.190760425861733 ], [ -70.667296770011774, -34.190014706944346 ], [ -70.666224744814102, -34.188935616958616 ], [ -70.664831013048953, -34.187554983113102 ], [ -70.663756292937805, -34.186481633560099 ], [ -70.662547139201806, -34.185286033269286 ], [ -70.661510909897956, -34.184269400556175 ], [ -70.66114536935585, -34.18392840725047 ], [ -70.661072121094818, -34.183853052823004 ], [ -70.660995020761035, -34.183727648907656 ], [ -70.66070282279091, -34.183864476679211 ], [ -70.660056114003424, -34.184176706078915 ], [ -70.659538957733744, -34.184419899222313 ], [ -70.659477580579505, -34.1844522222531 ], [ -70.659309591443574, -34.184581897479482 ], [ -70.658943763466297, -34.184900341466708 ], [ -70.658801548087339, -34.185026804486661 ], [ -70.658727234268483, -34.185102246706649 ], [ -70.658567503785704, -34.185301951704268 ], [ -70.65846173139839, -34.185442236483922 ], [ -70.658364483368644, -34.185578111022487 ], [ -70.658292115424985, -34.185664979481437 ], [ -70.658236434793508, -34.185724422709711 ], [ -70.658192557096598, -34.185770823431767 ], [ -70.658091305017848, -34.18587812303744 ], [ -70.657820154328178, -34.186193852067277 ], [ -70.657664199944492, -34.186410683640389 ], [ -70.657292687695971, -34.186879506283674 ], [ -70.657242060452035, -34.186933154850209 ], [ -70.657038640032184, -34.187189276615463 ], [ -70.65700334296308, -34.187234129977078 ], [ -70.656995488756706, -34.187272886683729 ], [ -70.656982803554683, -34.187328885593985 ], [ -70.65694928503973, -34.187376577890745 ], [ -70.656777658772498, -34.187585030231055 ], [ -70.656409664841362, -34.188058097668396 ], [ -70.656001118912158, -34.188571793144547 ], [ -70.655774224290411, -34.188861153534205 ], [ -70.655510503676965, -34.1892054079579 ], [ -70.655132246759109, -34.189682904192708 ], [ -70.65468519322333, -34.19025437449212 ], [ -70.654120179845805, -34.190960561858134 ], [ -70.653760487891788, -34.191419194740668 ], [ -70.653583595939025, -34.191623419719051 ], [ -70.653056723633696, -34.192254650791881 ], [ -70.652933878020193, -34.192403749953669 ], [ -70.652871440062043, -34.19247043976295 ], [ -70.652422236071999, -34.192933137976809 ], [ -70.65237332388962, -34.192986761484853 ], [ -70.652209393671285, -34.193149297237809 ], [ -70.652123041850317, -34.193219481061469 ], [ -70.652055871402553, -34.193263975143623 ], [ -70.651918488041701, -34.193345034734747 ], [ -70.651835490421064, -34.193388143096172 ], [ -70.651723981945679, -34.193435908609175 ], [ -70.651616792558087, -34.193480794368945 ], [ -70.651534645864189, -34.193508622172203 ], [ -70.651423794314169, -34.193536835496857 ], [ -70.651296813324393, -34.193562402893704 ], [ -70.651199517468399, -34.193578982521373 ], [ -70.651115831030509, -34.193586789046108 ], [ -70.650970050770923, -34.193590660289679 ], [ -70.650866623072403, -34.193587280459255 ], [ -70.650752824727974, -34.193582132063455 ], [ -70.650671341941575, -34.193585136701536 ], [ -70.650592341787004, -34.193597651730059 ], [ -70.650528341760747, -34.193613782762753 ], [ -70.650454232407299, -34.193641500793035 ], [ -70.650395122078251, -34.193672834864969 ], [ -70.650344142529391, -34.193708830535016 ], [ -70.65031697203537, -34.193741959371984 ], [ -70.650297202361429, -34.193775311445876 ], [ -70.65025096427371, -34.193918037235477 ] ] ] } },
{ "type": "Feature", "properties": { "zona": "84" }, "geometry": { "type": "Polygon", "coordinates": [ [ [ -70.655306947049496, -34.181852385642976 ], [ -70.655051477257686, -34.181901911560431 ], [ -70.654628444448804, -34.181888610560264 ], [ -70.654379790910653, -34.181932283828651 ], [ -70.654213947490504, -34.181957559316174 ], [ -70.654168351098747, -34.181974243795999 ], [ -70.654083197698967, -34.182005402300767 ], [ -70.653946530129446, -34.18210516333302 ], [ -70.653802596887388, -34.182187743299586 ], [ -70.653714768609376, -34.182304126335701 ], [ -70.653651702882911, -34.182409303412676 ], [ -70.653642708128345, -34.182518215146828 ], [ -70.653660937531399, -34.182600936285112 ], [ -70.653750238569017, -34.182672783069478 ], [ -70.65385114964694, -34.182776432220699 ], [ -70.653958442959208, -34.1829256523014 ], [ -70.6539604153715, -34.182932925176118 ], [ -70.653960456293873, -34.182933076114288 ], [ -70.653960607065713, -34.182933629544408 ], [ -70.653988042750342, -34.183034829094858 ], [ -70.654140145824371, -34.183147405576783 ], [ -70.654184305518669, -34.183279289812894 ], [ -70.654166891287758, -34.183452321362978 ], [ -70.654023630536045, -34.183569452063985 ], [ -70.653878794594036, -34.1836059643406 ], [ -70.653748042092985, -34.183653807035732 ], [ -70.653715308071398, -34.183752166675561 ], [ -70.653710851400476, -34.183878945321645 ], [ -70.653705833831751, -34.183976932221753 ], [ -70.653619801916392, -34.184185449109712 ], [ -70.653571972442776, -34.184220654264927 ], [ -70.653251767512543, -34.184338252014108 ], [ -70.653217952473099, -34.184350670923209 ], [ -70.652978237792453, -34.184383865577061 ], [ -70.6528291112528, -34.184347595774746 ], [ -70.652640565882095, -34.184301738581169 ], [ -70.65262215431234, -34.184297260675898 ], [ -70.652613152982994, -34.184297381939537 ], [ -70.652371545680978, -34.184300635663554 ], [ -70.652362544350154, -34.184300756908819 ], [ -70.652326513009697, -34.184301243135437 ], [ -70.652317511678632, -34.18430136437739 ], [ -70.652256091505478, -34.184310869855665 ], [ -70.652184906126422, -34.184321888267299 ], [ -70.652173935800477, -34.184323586083885 ], [ -70.652173676346933, -34.184337879223506 ], [ -70.652173595528069, -34.184342359182963 ], [ -70.652173519115422, -34.184346619963712 ], [ -70.652170599757582, -34.184507948229331 ], [ -70.652167906112012, -34.18451431822799 ], [ -70.652165214635588, -34.184520688197416 ], [ -70.652118490937227, -34.184631224287472 ], [ -70.652106293072023, -34.184774127209288 ], [ -70.652103984976691, -34.184801159563214 ], [ -70.652103611240165, -34.184805530751589 ], [ -70.652103135121621, -34.184811106220636 ], [ -70.652108921445077, -34.18484865188816 ], [ -70.652107468780713, -34.184869473358262 ], [ -70.652104948401288, -34.184905595258869 ], [ -70.652104423437663, -34.184913117309335 ], [ -70.65210382379334, -34.184921706205152 ], [ -70.652181763326936, -34.185039396630856 ], [ -70.652214637451664, -34.18508903930671 ], [ -70.652239142467934, -34.185126046100464 ], [ -70.65224526893509, -34.185135294639117 ], [ -70.65224683051477, -34.185162065673239 ], [ -70.652248670648675, -34.185193605788207 ], [ -70.652252074538183, -34.185251916907312 ], [ -70.652269464532623, -34.185549949103823 ], [ -70.65220844137545, -34.185724795002834 ], [ -70.652163914124642, -34.18591949922169 ], [ -70.652145500057628, -34.186214249825511 ], [ -70.652217224839717, -34.186588104852078 ], [ -70.652239331830344, -34.186895696669346 ], [ -70.651962075167702, -34.1871336935762 ], [ -70.651546105257538, -34.187279852940684 ], [ -70.65132638449316, -34.187577313550477 ], [ -70.651494374948001, -34.188093415034281 ], [ -70.651499878281456, -34.188375699044769 ], [ -70.651536565142294, -34.188530633667554 ], [ -70.651569302684791, -34.188668887233007 ], [ -70.651377438052251, -34.188861117568983 ], [ -70.651361009294362, -34.188877577907064 ], [ -70.651139593993435, -34.189139386950671 ], [ -70.650937800515834, -34.189318576061225 ], [ -70.650813855521179, -34.189496718090076 ], [ -70.650804056997856, -34.189720384003479 ], [ -70.650877692329942, -34.189866454438892 ], [ -70.651120486973696, -34.189974952635311 ], [ -70.651128778284587, -34.190039189927951 ], [ -70.65113716277321, -34.190104142836311 ], [ -70.651026452862752, -34.190235046790846 ], [ -70.651086163361541, -34.190393069307973 ], [ -70.651028930717814, -34.19049544603515 ], [ -70.651030543555763, -34.190579247774771 ], [ -70.651032040127816, -34.190656026641108 ], [ -70.650894944859715, -34.190734670876552 ], [ -70.650802849205022, -34.190751270329649 ], [ -70.650791070327159, -34.190766479541928 ], [ -70.650748758272456, -34.190821117301816 ], [ -70.650722685375271, -34.190905947183609 ], [ -70.650788709451419, -34.190974177664764 ], [ -70.650837151142468, -34.191088724686942 ], [ -70.650792600048902, -34.191173803267446 ], [ -70.650794395720837, -34.19126593808933 ], [ -70.650796640309053, -34.191381105938511 ], [ -70.650809172102029, -34.191549895270668 ], [ -70.650802476336708, -34.191680544318878 ], [ -70.650877739733076, -34.19174865038751 ], [ -70.650960896054983, -34.191747531163955 ], [ -70.651008291901434, -34.191808332242474 ], [ -70.651010686508059, -34.191931178945737 ], [ -70.651022011643462, -34.191945905868394 ], [ -70.65109602819966, -34.192042156977443 ], [ -70.651167842940382, -34.192117188534688 ], [ -70.651190370385734, -34.192140725981588 ], [ -70.651376061448488, -34.192184305182209 ], [ -70.651460566605465, -34.192252286450376 ], [ -70.651436140807974, -34.192421574159624 ], [ -70.651412762824819, -34.192644605868999 ], [ -70.651451817957266, -34.192751598978433 ], [ -70.651496032864458, -34.192802316305553 ], [ -70.65151799273707, -34.192827506974687 ], [ -70.651598407630374, -34.192886305936049 ], [ -70.651621126975527, -34.192902917271162 ], [ -70.65167911135164, -34.19303269356891 ], [ -70.651681207594365, -34.193140185165312 ], [ -70.651573853623375, -34.193189634924366 ], [ -70.651543808510809, -34.193203474267627 ], [ -70.651395971705568, -34.193205464747138 ], [ -70.651274486056792, -34.193193665506584 ], [ -70.651257076452296, -34.193191974699147 ], [ -70.651090759908286, -34.193194213588569 ], [ -70.651089142996682, -34.193196160535663 ], [ -70.651045609372304, -34.193248581266026 ], [ -70.650982875932854, -34.193349264622924 ], [ -70.650872597019202, -34.19338146889006 ], [ -70.650816111177619, -34.193328469212439 ], [ -70.650804776162317, -34.193221102830087 ], [ -70.650786900418026, -34.19320022862783 ], [ -70.650700744381197, -34.193099624892774 ], [ -70.650503717011716, -34.192948678297327 ], [ -70.650326666040684, -34.192874260690147 ], [ -70.650267146491657, -34.192872315738285 ], [ -70.650160200467198, -34.192868821224351 ], [ -70.650150484185005, -34.192878355125799 ], [ -70.650096719365862, -34.192931114254868 ], [ -70.650042925686861, -34.193016316904732 ], [ -70.650042243676353, -34.193016902281506 ], [ -70.650007735426712, -34.193046521059074 ], [ -70.649942933667347, -34.193102140979946 ], [ -70.649822816514259, -34.193103756683918 ], [ -70.649657962565172, -34.193099128059181 ], [ -70.649637871829526, -34.193098564167023 ], [ -70.649574091085071, -34.193145500982681 ], [ -70.649536024039847, -34.19321705711782 ], [ -70.649520595816853, -34.193246059378467 ], [ -70.649522689320008, -34.193353550186707 ], [ -70.649635211962476, -34.193436515899016 ], [ -70.649784544903937, -34.193511306408254 ], [ -70.649732246124486, -34.193673287812274 ], [ -70.649715850472091, -34.193777081335611 ], [ -70.649715813899945, -34.193777320784569 ], [ -70.649714855558983, -34.193783386050413 ], [ -70.649707428273871, -34.193808936224286 ], [ -70.650250964273695, -34.193918037235477 ], [ -70.650297202361429, -34.193775311445876 ], [ -70.65031697203537, -34.19374195937197 ], [ -70.650344142529377, -34.193708830535009 ], [ -70.650395122078237, -34.193672834864962 ], [ -70.650454232407284, -34.193641500793035 ], [ -70.650528341760733, -34.193613782762739 ], [ -70.650592341786989, -34.193597651730038 ], [ -70.650671341941575, -34.193585136701536 ], [ -70.650752824727974, -34.193582132063447 ], [ -70.650866623072375, -34.193587280459255 ], [ -70.650970050770908, -34.193590660289679 ], [ -70.651115831030509, -34.193586789046087 ], [ -70.651199517468385, -34.193578982521373 ], [ -70.651296813324393, -34.193562402893704 ], [ -70.651423794314155, -34.193536835496857 ], [ -70.65153464586416, -34.193508622172203 ], [ -70.651616792558087, -34.193480794368945 ], [ -70.651723981945665, -34.193435908609153 ], [ -70.65183549042105, -34.193388143096165 ], [ -70.651918488041701, -34.193345034734762 ], [ -70.652055871402553, -34.193263975143616 ], [ -70.652123041850317, -34.193219481061455 ], [ -70.652209393671257, -34.193149297237809 ], [ -70.652373323889606, -34.192986761484853 ], [ -70.652422236071985, -34.192933137976787 ], [ -70.652871440062029, -34.192470439762928 ], [ -70.652933878020193, -34.192403749953662 ], [ -70.653056723633696, -34.192254650791874 ], [ -70.653583595939025, -34.191623419719051 ], [ -70.653760487891788, -34.191419194740668 ], [ -70.654120179845805, -34.190960561858148 ], [ -70.65468519322333, -34.19025437449212 ], [ -70.655132246759095, -34.189682904192708 ], [ -70.65551050367695, -34.189205407957893 ], [ -70.655774224290425, -34.188861153534212 ], [ -70.656001118912158, -34.18857179314454 ], [ -70.656409664841362, -34.188058097668389 ], [ -70.656777658772484, -34.187585030231055 ], [ -70.656949285039715, -34.187376577890745 ], [ -70.656982803554669, -34.187328885593985 ], [ -70.656995488756721, -34.187272886683729 ], [ -70.657003342963066, -34.187234129977078 ], [ -70.657038640032155, -34.187189276615449 ], [ -70.65724206045202, -34.186933154850195 ], [ -70.657292687695957, -34.186879506283674 ], [ -70.657664199944492, -34.186410683640389 ], [ -70.657820154328164, -34.186193852067262 ], [ -70.658091305017848, -34.185878123037448 ], [ -70.658192557096598, -34.185770823431767 ], [ -70.658236434793494, -34.185724422709711 ], [ -70.658292115424985, -34.185664979481437 ], [ -70.658364483368629, -34.185578111022487 ], [ -70.65846173139839, -34.185442236483937 ], [ -70.65856750378569, -34.185301951704247 ], [ -70.658727234268483, -34.185102246706641 ], [ -70.658801548087339, -34.185026804486661 ], [ -70.658943763466297, -34.184900341466708 ], [ -70.659309591443574, -34.184581897479482 ], [ -70.659477580579505, -34.1844522222531 ], [ -70.659538957733744, -34.184419899222299 ], [ -70.660056114003424, -34.184176706078894 ], [ -70.66070282279091, -34.18386447667919 ], [ -70.660995020761035, -34.18372764890767 ], [ -70.660956026467801, -34.18364228765455 ], [ -70.660734647009022, -34.183332742719294 ], [ -70.660338679738857, -34.182851216522764 ], [ -70.660319484604813, -34.182838593380353 ], [ -70.660161687847847, -34.182784900481771 ], [ -70.660119625705846, -34.18280333376444 ], [ -70.660079631853606, -34.182813417930937 ], [ -70.660001766642182, -34.182795384802553 ], [ -70.65995782889145, -34.182750649657578 ], [ -70.658726700089716, -34.180661578240048 ], [ -70.658681507565461, -34.18058202592443 ], [ -70.658613729727776, -34.180521865757434 ], [ -70.658525287224265, -34.180461984021093 ], [ -70.658418626909366, -34.180409983400338 ], [ -70.658295895745837, -34.180358200822035 ], [ -70.658166649155675, -34.180325592096153 ], [ -70.657031251037822, -34.180045091538325 ], [ -70.65664773493998, -34.179928117037974 ], [ -70.656633209888369, -34.179956292818709 ], [ -70.656629202914885, -34.179967219932678 ], [ -70.656627788646674, -34.179971077675582 ], [ -70.656570642567331, -34.180126930785434 ], [ -70.656597733075444, -34.180449121159135 ], [ -70.656599019404624, -34.180514917115829 ], [ -70.65660056975176, -34.18059421735223 ], [ -70.656602011079869, -34.180667940986886 ], [ -70.656583171921753, -34.180838689096198 ], [ -70.656481940840735, -34.180978294121068 ], [ -70.656359586424827, -34.181100905406637 ], [ -70.656251426597706, -34.181240604697884 ], [ -70.656184164042244, -34.181345191352207 ], [ -70.656129746759561, -34.18139776527574 ], [ -70.656040797069693, -34.181456565559742 ], [ -70.655932523731991, -34.181590505888693 ], [ -70.655817320820987, -34.181724538754217 ], [ -70.655735524839045, -34.181794761807197 ], [ -70.655306947049496, -34.181852385642976 ] ] ] } },
{ "type": "Feature", "properties": { "zona": "78" }, "geometry": { "type": "Polygon", "coordinates": [ [ [ -70.665846967988273, -34.167366746394983 ], [ -70.665121357655423, -34.16823506533035 ], [ -70.665118488120385, -34.168235104272036 ], [ -70.664848641401363, -34.16855801652008 ], [ -70.664132102901775, -34.169371281672284 ], [ -70.664006767792898, -34.169537126228484 ], [ -70.66368161122486, -34.169934718556043 ], [ -70.662851187822753, -34.170913664399727 ], [ -70.661550200945555, -34.172488752745743 ], [ -70.660749874112156, -34.173482547005193 ], [ -70.660155359649195, -34.174198704575346 ], [ -70.659624856771686, -34.174900632599389 ], [ -70.659238178072187, -34.175442195526827 ], [ -70.658948086981582, -34.175873657173788 ], [ -70.658744356609461, -34.176141714808189 ], [ -70.658647689922546, -34.176482762160958 ], [ -70.65849724819644, -34.176774911731187 ], [ -70.658337870033222, -34.177006582353094 ], [ -70.657412350131253, -34.178258281056252 ], [ -70.65681788399236, -34.179069159831499 ], [ -70.656729090896079, -34.179190165759643 ], [ -70.656601893354363, -34.179338508955468 ], [ -70.656413823413033, -34.179426313326317 ], [ -70.656351601804815, -34.179455362678446 ], [ -70.65609585482845, -34.179506430062197 ], [ -70.656178279504587, -34.179646333996686 ], [ -70.656357291477434, -34.179818880355064 ], [ -70.65664773493998, -34.179928117037974 ], [ -70.656671623981353, -34.179935403370848 ], [ -70.657031251037822, -34.180045091538325 ], [ -70.658166649155675, -34.180325592096153 ], [ -70.658295895745837, -34.180358200822035 ], [ -70.658418626909366, -34.180409983400338 ], [ -70.658525287224265, -34.180461984021093 ], [ -70.658613729727776, -34.180521865757434 ], [ -70.658681507565461, -34.18058202592443 ], [ -70.658726700089716, -34.180661578240048 ], [ -70.65995782889145, -34.182750649657578 ], [ -70.660001766642182, -34.182795384802553 ], [ -70.660079631853606, -34.182813417930937 ], [ -70.660119625705846, -34.18280333376444 ], [ -70.660161687847847, -34.182784900481771 ], [ -70.662985962175853, -34.181614100601756 ], [ -70.663067294094901, -34.181589378293012 ], [ -70.663239043675418, -34.1815641460623 ], [ -70.663383353692083, -34.181545011597521 ], [ -70.664652595639069, -34.181388463657186 ], [ -70.664742138863545, -34.181387248579625 ], [ -70.664817643759378, -34.181372863105494 ], [ -70.664890703412539, -34.181350876776428 ], [ -70.666761540856925, -34.180838766620361 ], [ -70.668232967741986, -34.180454213075684 ], [ -70.668735710842597, -34.180327130743414 ], [ -70.670031045818106, -34.179981216516126 ], [ -70.671520546096644, -34.179583017972035 ], [ -70.67164817938631, -34.179548235259894 ], [ -70.671755742189461, -34.179543787555787 ], [ -70.671892415390545, -34.179559817927085 ], [ -70.672004565336877, -34.179606005956522 ], [ -70.673562272642982, -34.180432266275126 ], [ -70.673623261959875, -34.180456863769749 ], [ -70.673764811008724, -34.180369987579546 ], [ -70.673890250645883, -34.180214261887414 ], [ -70.674622567951261, -34.179357304116415 ], [ -70.67547897560128, -34.178388900611743 ], [ -70.676175651865307, -34.177618309642327 ], [ -70.676720601303842, -34.177014410613737 ], [ -70.677195215338244, -34.176483044102653 ], [ -70.677840865991243, -34.175746543092956 ], [ -70.67842753284512, -34.17508757057653 ], [ -70.679088723922618, -34.174359529661835 ], [ -70.680261415729916, -34.173061100485597 ], [ -70.682015651286079, -34.171039821053753 ], [ -70.682018520891248, -34.171039781714207 ], [ -70.679628452679481, -34.170121936890354 ], [ -70.67605260087177, -34.168701173632698 ], [ -70.674093018094453, -34.168016952499023 ], [ -70.669944206950078, -34.16635092760167 ], [ -70.669297313875262, -34.166149777659186 ], [ -70.668961034163175, -34.166104013611857 ], [ -70.668669385181303, -34.166087700706569 ], [ -70.668257946556096, -34.166109996018072 ], [ -70.668008702521277, -34.166133663933962 ], [ -70.667891453520028, -34.166155537216135 ], [ -70.667860525258007, -34.166160776412497 ], [ -70.667204277799556, -34.166328373396404 ], [ -70.666749499556502, -34.166555240096059 ], [ -70.666345990540123, -34.166835090416456 ], [ -70.665846967988273, -34.167366746394983 ] ] ] } },
{ "type": "Feature", "properties": { "zona": "83" }, "geometry": { "type": "Polygon", "coordinates": [ [ [ -70.649822274443792, -34.168144186969847 ], [ -70.649122080094273, -34.168624562502949 ], [ -70.648873850476065, -34.168789656867503 ], [ -70.647047167053785, -34.1700228514675 ], [ -70.647762748472957, -34.171012130342277 ], [ -70.648371891423395, -34.171870479941241 ], [ -70.648386509382775, -34.171923488201841 ], [ -70.648383225057955, -34.171976020103671 ], [ -70.648360964114573, -34.172012106952444 ], [ -70.648331457811835, -34.172044711275767 ], [ -70.64828748840452, -34.172071546766347 ], [ -70.6481611783978, -34.172144818224368 ], [ -70.648009064700545, -34.172219629136961 ], [ -70.647975463164656, -34.172263025258033 ], [ -70.647959126123638, -34.172308575454707 ], [ -70.647958711403192, -34.172361068803298 ], [ -70.64797732079667, -34.172432393501026 ], [ -70.648002825603797, -34.172489311547722 ], [ -70.648056547585469, -34.17256146849428 ], [ -70.648399272977414, -34.173180997073864 ], [ -70.648492556602903, -34.173372517797567 ], [ -70.648618612297057, -34.173596045846487 ], [ -70.648729044281424, -34.173842688483909 ], [ -70.649215097940868, -34.174493331243461 ], [ -70.649510096690491, -34.174901636098632 ], [ -70.649856944271093, -34.175377954555621 ], [ -70.651198296177171, -34.177157866025233 ], [ -70.651231777696026, -34.177226126972755 ], [ -70.652576303724146, -34.179047969912801 ], [ -70.652935112147972, -34.179547021545631 ], [ -70.653232629529441, -34.179964825601715 ], [ -70.653540921901097, -34.18034621982391 ], [ -70.65364420968217, -34.180255024731117 ], [ -70.653970384242385, -34.179905161165834 ], [ -70.654045813082249, -34.179828036746741 ], [ -70.654299498600807, -34.179588419887168 ], [ -70.65446452516899, -34.179439466532273 ], [ -70.654530617719573, -34.1793693857718 ], [ -70.654612923599089, -34.179394519559864 ], [ -70.654695135301196, -34.179414883530733 ], [ -70.654795978342861, -34.179433803153024 ], [ -70.655026458760972, -34.179476024730768 ], [ -70.655259551057981, -34.179505087816423 ], [ -70.655469383029683, -34.179518957359655 ], [ -70.655663196458136, -34.179521113796675 ], [ -70.655925934674841, -34.179524724674472 ], [ -70.65609585482845, -34.179506430062197 ], [ -70.656351601804815, -34.179455362678446 ], [ -70.656413823413033, -34.179426313326317 ], [ -70.656601893354363, -34.179338508955468 ], [ -70.656729090896079, -34.179190165759643 ], [ -70.65681788399236, -34.179069159831499 ], [ -70.657412350131253, -34.178258281056252 ], [ -70.658337870033222, -34.177006582353094 ], [ -70.65849724819644, -34.176774911731187 ], [ -70.658647689922546, -34.176482762160958 ], [ -70.658744356609461, -34.176141714808189 ], [ -70.658948086981582, -34.175873657173788 ], [ -70.659238178072187, -34.175442195526827 ], [ -70.659624856771686, -34.174900632599389 ], [ -70.660155359649195, -34.174198704575346 ], [ -70.660749874112156, -34.173482547005193 ], [ -70.661550200945555, -34.172488752745743 ], [ -70.662851187822753, -34.170913664399727 ], [ -70.66368161122486, -34.169934718556043 ], [ -70.664006767792898, -34.169537126228484 ], [ -70.664132102901775, -34.169371281672284 ], [ -70.664848641401363, -34.16855801652008 ], [ -70.665118488120385, -34.168235104272036 ], [ -70.664643573686334, -34.168150716554081 ], [ -70.663546442729384, -34.167969958692076 ], [ -70.663146268644411, -34.167908580974725 ], [ -70.662907723170008, -34.167892727290088 ], [ -70.662721016274446, -34.167885714549399 ], [ -70.662646502996765, -34.167891495295834 ], [ -70.660986540905427, -34.167990323825912 ], [ -70.659977399329975, -34.168051697056221 ], [ -70.659002550310078, -34.168105440437863 ], [ -70.658522496631846, -34.168127677069108 ], [ -70.65836872648714, -34.168131663522921 ], [ -70.658216879082161, -34.168116537851098 ], [ -70.657979719947832, -34.168083478843243 ], [ -70.657882818464344, -34.168059975366795 ], [ -70.657608920020422, -34.167968242527152 ], [ -70.657432339559577, -34.167891896321073 ], [ -70.656927166467639, -34.167598104999044 ], [ -70.655910719682481, -34.166991512274379 ], [ -70.654975470487742, -34.166426760470856 ], [ -70.654815553700175, -34.166321554882408 ], [ -70.654329528900462, -34.16603061603449 ], [ -70.653121014620311, -34.165287018429446 ], [ -70.652824128437516, -34.165149060575807 ], [ -70.652505270188328, -34.165650800654824 ], [ -70.652226602275945, -34.166090563130076 ], [ -70.651999591887218, -34.166460081936037 ], [ -70.65183929124899, -34.166718000752432 ], [ -70.651799159098587, -34.166779618656271 ], [ -70.651729223046559, -34.166843545805833 ], [ -70.65160471175102, -34.166934928432738 ], [ -70.651504968280207, -34.167001165628214 ], [ -70.651441784336328, -34.167044349460774 ], [ -70.651405262911823, -34.16706931118982 ], [ -70.651056169332136, -34.167301616919723 ], [ -70.650252244951787, -34.167849242285577 ], [ -70.649822274443792, -34.168144186969847 ] ] ] } },
{ "type": "Feature", "properties": { "zona": "77" }, "geometry": { "type": "Polygon", "coordinates": [ [ [ -70.657739229189957, -34.156543101711115 ], [ -70.656733659854439, -34.159443857603854 ], [ -70.655910372869073, -34.159311849280691 ], [ -70.655675279266489, -34.159361551486015 ], [ -70.655562721030122, -34.15938534817807 ], [ -70.655232440401704, -34.159447063352815 ], [ -70.655164416458561, -34.159490925689035 ], [ -70.654892741726968, -34.160085082071014 ], [ -70.654488380913193, -34.160983788496999 ], [ -70.654142091863875, -34.161770054304682 ], [ -70.653832163734066, -34.162478528436722 ], [ -70.65374689801439, -34.162668634740392 ], [ -70.653496745466057, -34.163528517741973 ], [ -70.653433633524983, -34.163677289455386 ], [ -70.65324319307291, -34.164214280833512 ], [ -70.653194101566655, -34.164346162616944 ], [ -70.653015215071093, -34.164739848638121 ], [ -70.652824128437516, -34.165149060575807 ], [ -70.653121014620311, -34.165287018429446 ], [ -70.654329528900462, -34.16603061603449 ], [ -70.654815553700175, -34.166321554882408 ], [ -70.654975470487742, -34.166426760470856 ], [ -70.655910719682481, -34.166991512274379 ], [ -70.656927166467639, -34.167598104999044 ], [ -70.657432339559577, -34.167891896321073 ], [ -70.657608920020422, -34.167968242527152 ], [ -70.657882818464344, -34.168059975366795 ], [ -70.657979719947832, -34.168083478843243 ], [ -70.658216879082161, -34.168116537851098 ], [ -70.65836872648714, -34.168131663522921 ], [ -70.658522496631846, -34.168127677069108 ], [ -70.659002550310078, -34.168105440437863 ], [ -70.659977399329975, -34.168051697056221 ], [ -70.660986540905427, -34.167990323825912 ], [ -70.662646502996765, -34.167891495295834 ], [ -70.662721016274446, -34.167885714549399 ], [ -70.662907723170008, -34.167892727290088 ], [ -70.663146268644411, -34.167908580974725 ], [ -70.663546442729384, -34.167969958692076 ], [ -70.664643573686334, -34.168150716554081 ], [ -70.665118488120385, -34.168235104272036 ], [ -70.665121357655423, -34.16823506533035 ], [ -70.665846967988273, -34.167366746394983 ], [ -70.666345990540123, -34.166835090416456 ], [ -70.666749499556502, -34.166555240096059 ], [ -70.667204277799556, -34.166328373396404 ], [ -70.667860525258007, -34.166160776412497 ], [ -70.667498156967611, -34.166013970037802 ], [ -70.667799894240844, -34.165424980275077 ], [ -70.667899676246464, -34.165224642027319 ], [ -70.668177654098045, -34.165323714619724 ], [ -70.66830437659064, -34.165369367852179 ], [ -70.668731355614852, -34.165523190600709 ], [ -70.669151028604659, -34.164680059205558 ], [ -70.668939997485836, -34.164593509165528 ], [ -70.669133200555464, -34.164235483654537 ], [ -70.669265276752938, -34.16393709253714 ], [ -70.669492040060092, -34.163476593223251 ], [ -70.668985341773293, -34.163284907424284 ], [ -70.668976126145367, -34.163254662277943 ], [ -70.668711286739381, -34.163148712561451 ], [ -70.668225533449245, -34.162974753170118 ], [ -70.667975460434988, -34.162882846604006 ], [ -70.668162763649264, -34.162531596818276 ], [ -70.66894908300219, -34.16083556026436 ], [ -70.669345215844359, -34.159946702440379 ], [ -70.669466332944097, -34.159661047141888 ], [ -70.669784133697021, -34.158939831207228 ], [ -70.66997577871328, -34.158512363406842 ], [ -70.670024558834456, -34.158403556470503 ], [ -70.670572800571023, -34.157203444384095 ], [ -70.670726310247744, -34.156876688055327 ], [ -70.671205241776988, -34.15585723440001 ], [ -70.671243769576435, -34.155775221627444 ], [ -70.671268379171138, -34.155742439669929 ], [ -70.671314573431729, -34.155725990270874 ], [ -70.671316083570929, -34.155725452522248 ], [ -70.671313214468142, -34.15572549159625 ], [ -70.67128244845388, -34.155712264768653 ], [ -70.671227413181953, -34.155693163660622 ], [ -70.671155641952552, -34.155668254276613 ], [ -70.666100488115674, -34.153934568117634 ], [ -70.665331414480193, -34.153670786856104 ], [ -70.665202457344037, -34.153626369154765 ], [ -70.664933435295239, -34.153533705609505 ], [ -70.664555218195133, -34.153400862745841 ], [ -70.664535710893929, -34.153394011795719 ], [ -70.659406024482394, -34.151584735042931 ], [ -70.659368305484406, -34.151682702079391 ], [ -70.658382846523551, -34.154598291206483 ], [ -70.657909719189092, -34.156027943232026 ], [ -70.657739229189957, -34.156543101711115 ] ] ] } },
{ "type": "Feature", "properties": { "zona": "82" }, "geometry": { "type": "Polygon", "coordinates": [ [ [ -70.647119033918173, -34.155638044178644 ], [ -70.646791123331582, -34.155539743977307 ], [ -70.646355408917429, -34.155354508745432 ], [ -70.646264712273933, -34.156492244887367 ], [ -70.64626536763916, -34.156496098259275 ], [ -70.646267881081684, -34.156510875410149 ], [ -70.646282846185173, -34.156632854443771 ], [ -70.64629257381057, -34.156712143103675 ], [ -70.646338048331813, -34.156913131086696 ], [ -70.646388436019933, -34.157010374891286 ], [ -70.646390040057881, -34.157093003650637 ], [ -70.646390895330484, -34.157137061145676 ], [ -70.646329050980739, -34.157288696193902 ], [ -70.646324756080148, -34.157299227408416 ], [ -70.646242362922209, -34.157694891083814 ], [ -70.646164828526182, -34.157983929359581 ], [ -70.646102577573373, -34.158104547471453 ], [ -70.646078019111727, -34.15815213211026 ], [ -70.646082042867775, -34.15835943729229 ], [ -70.646017356232548, -34.158596463566404 ], [ -70.645938589892268, -34.158822159047858 ], [ -70.645776699773933, -34.159048969303306 ], [ -70.645525090795502, -34.159294261401314 ], [ -70.645457012108864, -34.159382192829625 ], [ -70.645410180246913, -34.159442681423677 ], [ -70.645316106422342, -34.159593702097766 ], [ -70.645235661587549, -34.159733020376656 ], [ -70.64508561098576, -34.159855990990309 ], [ -70.645015048292237, -34.159913384044792 ], [ -70.644956006180436, -34.159961406600004 ], [ -70.644944944852753, -34.160105554855669 ], [ -70.644892319554941, -34.160250259349219 ], [ -70.644832209172378, -34.160366263792888 ], [ -70.64475824360602, -34.160482454814705 ], [ -70.644601376262571, -34.160611277373732 ], [ -70.644526181716941, -34.160664123766068 ], [ -70.644423279115131, -34.160717343223574 ], [ -70.644056716793528, -34.160823630024964 ], [ -70.643905657850254, -34.160894773177716 ], [ -70.643827104904204, -34.160950338692054 ], [ -70.644019211426951, -34.160938873150222 ], [ -70.644022433122231, -34.160939097591651 ], [ -70.644227363450639, -34.160953364149371 ], [ -70.644332442852743, -34.161012436982361 ], [ -70.644345698592389, -34.161020964691836 ], [ -70.644437692048157, -34.161080146020744 ], [ -70.644601848577722, -34.161237784943935 ], [ -70.64482458144316, -34.161468077180267 ], [ -70.645000220080661, -34.161681722267765 ], [ -70.645107480518945, -34.161853083733362 ], [ -70.645194043330903, -34.162029041876202 ], [ -70.645238204740664, -34.162162368382738 ], [ -70.645247028981785, -34.162180190007518 ], [ -70.645297702168762, -34.162282530486578 ], [ -70.645362646088685, -34.162469146438326 ], [ -70.645380914068994, -34.162607140254877 ], [ -70.645382624585181, -34.162695289410223 ], [ -70.645384014906512, -34.16276693747038 ], [ -70.645351836890939, -34.162983367445484 ], [ -70.645292675167113, -34.163148320580241 ], [ -70.645248260455304, -34.163269874999465 ], [ -70.645136304344121, -34.163392335841749 ], [ -70.645085991773527, -34.163477681873061 ], [ -70.645077161410683, -34.163507105820607 ], [ -70.645046941100532, -34.163607803778802 ], [ -70.64495744229842, -34.163816362612778 ], [ -70.644882190088168, -34.163955611034375 ], [ -70.644796713449878, -34.164103635031026 ], [ -70.644770402782498, -34.164134490508324 ], [ -70.64468492424561, -34.164234732707158 ], [ -70.644541791895236, -34.164357610884615 ], [ -70.644372429486467, -34.164467879847841 ], [ -70.644269538598309, -34.164575529264646 ], [ -70.644136714203185, -34.164693948667555 ], [ -70.644008498047413, -34.164782065785872 ], [ -70.643879861851261, -34.16484858836936 ], [ -70.64374804954484, -34.164879990302417 ], [ -70.643619021705234, -34.164869363287707 ], [ -70.643446729186792, -34.164828470920554 ], [ -70.64323831548775, -34.164801021695681 ], [ -70.643137444411224, -34.164789976830711 ], [ -70.643097698733072, -34.164785624859341 ], [ -70.642931270950683, -34.164779213825966 ], [ -70.642922271649525, -34.164779334318631 ], [ -70.642806574555635, -34.16478088334128 ], [ -70.642703498562852, -34.164825463364927 ], [ -70.642655652497169, -34.164984646019789 ], [ -70.642626402546938, -34.165084397386138 ], [ -70.642525752485398, -34.165254223913436 ], [ -70.642471276644812, -34.165393191893429 ], [ -70.642412276176557, -34.165566781008131 ], [ -70.642367772520103, -34.165684016330125 ], [ -70.642307182098151, -34.165775545822918 ], [ -70.642194967492372, -34.165885046950713 ], [ -70.642071525240098, -34.165951499063944 ], [ -70.641985287877731, -34.166060652365459 ], [ -70.641920921621136, -34.166225672678195 ], [ -70.641875092153469, -34.166324969422483 ], [ -70.641874409190834, -34.166326450184044 ], [ -70.641874341489412, -34.166326595366677 ], [ -70.64187373656722, -34.166327904657059 ], [ -70.641866245649354, -34.166324758808685 ], [ -70.641866092683529, -34.166325089842452 ], [ -70.641865409720722, -34.166326570603978 ], [ -70.641865342019287, -34.166326715786603 ], [ -70.641864737096924, -34.166328025076943 ], [ -70.641849308400467, -34.166345971316055 ], [ -70.641920733140566, -34.166384040584241 ], [ -70.641934987165158, -34.166408662744253 ], [ -70.641973073579052, -34.166620810130972 ], [ -70.642022497989018, -34.16689611015854 ], [ -70.642044415105246, -34.166960711635596 ], [ -70.642075034612645, -34.167000383753475 ], [ -70.642142606159396, -34.167051013300444 ], [ -70.642776003352168, -34.16738800271461 ], [ -70.643437212059794, -34.167737977183528 ], [ -70.643898668925885, -34.167970378763741 ], [ -70.644402154257492, -34.168238480147963 ], [ -70.644434922194165, -34.16827048791145 ], [ -70.644453566708194, -34.168329009127518 ], [ -70.644609883497139, -34.16839705773269 ], [ -70.644672143736813, -34.168410538159286 ], [ -70.644699248163462, -34.168298518255114 ], [ -70.644727463122962, -34.168243742348636 ], [ -70.644795388147756, -34.16810540833287 ], [ -70.644865062989581, -34.167968481866893 ], [ -70.644925268080101, -34.167876059104245 ], [ -70.645005884902517, -34.167770478757909 ], [ -70.645079752411675, -34.167672146774642 ], [ -70.645099913214636, -34.167646109566171 ], [ -70.645103412438928, -34.167604549751516 ], [ -70.645068006017965, -34.167554921683227 ], [ -70.645024934122773, -34.167465314516114 ], [ -70.645023934416727, -34.16741379410275 ], [ -70.645036847309484, -34.167369245091784 ], [ -70.645071809786273, -34.167307221620398 ], [ -70.645105660913643, -34.167276705927478 ], [ -70.645114352730772, -34.167192131644065 ], [ -70.645106764857275, -34.167064051578841 ], [ -70.645068255066036, -34.166414014592455 ], [ -70.645031683237946, -34.165771762213105 ], [ -70.645038487271563, -34.165678623352406 ], [ -70.64506822767359, -34.165170043347366 ], [ -70.645076724998518, -34.165075449829942 ], [ -70.645096329851938, -34.165020790167375 ], [ -70.64514645265082, -34.164941386372995 ], [ -70.64525250221034, -34.164815423946045 ], [ -70.645414393713381, -34.164638609847536 ], [ -70.645527757730022, -34.164519826062829 ], [ -70.645638609185369, -34.164567582124846 ], [ -70.647015482515371, -34.165160741686911 ], [ -70.647773630179998, -34.16547742177783 ], [ -70.64845083672958, -34.165764168632357 ], [ -70.649194554856336, -34.166076261641066 ], [ -70.649918053552497, -34.166381464899182 ], [ -70.650673400245438, -34.166700549389482 ], [ -70.651441784336328, -34.167044349460774 ], [ -70.651504968280207, -34.167001165628214 ], [ -70.65160471175102, -34.166934928432738 ], [ -70.651729223046559, -34.166843545805833 ], [ -70.651799159098587, -34.166779618656271 ], [ -70.65183929124899, -34.166718000752432 ], [ -70.651999591887218, -34.166460081936037 ], [ -70.652226602275945, -34.166090563130076 ], [ -70.652505270188328, -34.165650800654824 ], [ -70.652824128437516, -34.165149060575807 ], [ -70.653015215071093, -34.164739848638121 ], [ -70.653194101566655, -34.164346162616944 ], [ -70.65324319307291, -34.164214280833512 ], [ -70.653433633524983, -34.163677289455386 ], [ -70.653496745466057, -34.163528517741973 ], [ -70.65374689801439, -34.162668634740392 ], [ -70.653832163734066, -34.162478528436722 ], [ -70.654142091863875, -34.161770054304682 ], [ -70.654488380913193, -34.160983788496999 ], [ -70.654892741726968, -34.160085082071014 ], [ -70.655164416458561, -34.159490925689035 ], [ -70.655232440401704, -34.159447063352815 ], [ -70.655562721030122, -34.15938534817807 ], [ -70.655910372869073, -34.159311849280691 ], [ -70.655287961876581, -34.15918425412417 ], [ -70.654830946965063, -34.159017438400085 ], [ -70.654447548238451, -34.158800417533016 ], [ -70.647368698980358, -34.155712887385818 ], [ -70.647119033918173, -34.155638044178644 ] ] ] } },
{ "type": "Feature", "properties": { "zona": "89" }, "geometry": { "type": "Polygon", "coordinates": [ [ [ -70.646355408917429, -34.155354508745432 ], [ -70.646285293978423, -34.155324700563483 ], [ -70.643823354057801, -34.154278009033646 ], [ -70.643816074185537, -34.155405420845867 ], [ -70.643860669518446, -34.155759112653904 ], [ -70.64402350907794, -34.156164908572144 ], [ -70.644246187107896, -34.156548430491554 ], [ -70.644128865133496, -34.157158390104648 ], [ -70.643697636968085, -34.158008751975338 ], [ -70.643402320388375, -34.158764244551641 ], [ -70.642957755464522, -34.159371427048718 ], [ -70.64214514093571, -34.159647131402984 ], [ -70.641538001144838, -34.159862822104216 ], [ -70.641191011843802, -34.160619001668536 ], [ -70.641414636163404, -34.161321807792689 ], [ -70.641760052138338, -34.161770728513005 ], [ -70.642088573578619, -34.162006856705638 ], [ -70.642014950129393, -34.162261361562472 ], [ -70.641774892548796, -34.162314675528847 ], [ -70.641491656199818, -34.162361409604351 ], [ -70.641044727659718, -34.162403175214806 ], [ -70.640667770016634, -34.162501263578193 ], [ -70.640395835397413, -34.162624522685462 ], [ -70.640147102615316, -34.162737263495004 ], [ -70.639656576483119, -34.162750976859321 ], [ -70.638905868319597, -34.162667957790212 ], [ -70.638636216252181, -34.162483897950985 ], [ -70.638548473858592, -34.162424006197618 ], [ -70.638236164763995, -34.161875259905571 ], [ -70.637593639497453, -34.161597536529825 ], [ -70.637405919759402, -34.161685931403838 ], [ -70.637548991641012, -34.162848879269035 ], [ -70.637552629408461, -34.16286339818663 ], [ -70.637563313675585, -34.162906048148422 ], [ -70.637579003985223, -34.162944868379306 ], [ -70.63759804930045, -34.162991990255463 ], [ -70.637598147285303, -34.162992233316899 ], [ -70.637619555481052, -34.163044140702034 ], [ -70.637624575510628, -34.163056312900544 ], [ -70.637664477345396, -34.163153058207946 ], [ -70.637671046300696, -34.163288728826728 ], [ -70.63767186802724, -34.16329038606208 ], [ -70.637693268504222, -34.163333518790239 ], [ -70.637708963913397, -34.163373887203633 ], [ -70.637723390775548, -34.163418781199283 ], [ -70.637731300714066, -34.163477288133443 ], [ -70.637734969658709, -34.163526834360923 ], [ -70.637734988350573, -34.163562903344058 ], [ -70.637728403030295, -34.163608077775777 ], [ -70.637723337571757, -34.163644214614095 ], [ -70.637721689387675, -34.163648630745755 ], [ -70.637716569297098, -34.163662338660878 ], [ -70.63778394389567, -34.163742695295284 ], [ -70.637810974544706, -34.163774931180278 ], [ -70.638090484319818, -34.164111433098 ], [ -70.638387516668686, -34.164406888941123 ], [ -70.638664631882335, -34.164637000089122 ], [ -70.638964011895922, -34.164831026218614 ], [ -70.639245577008808, -34.164994273665286 ], [ -70.63947137899585, -34.165093847698515 ], [ -70.639732352048256, -34.165231124262043 ], [ -70.639851292736495, -34.165296338564538 ], [ -70.641013089449388, -34.165905894905976 ], [ -70.641662460042397, -34.166238381772132 ], [ -70.641726419985119, -34.166280471813216 ], [ -70.641825012686766, -34.166333021723254 ], [ -70.641849308400467, -34.166345971316055 ], [ -70.641864737096924, -34.166328025076943 ], [ -70.641865342019287, -34.166326715786603 ], [ -70.641865409720722, -34.166326570603978 ], [ -70.641866092683529, -34.166325089842452 ], [ -70.641866245670201, -34.166324758774387 ], [ -70.641911922161924, -34.166225793101226 ], [ -70.641922524655854, -34.166198610645296 ], [ -70.641960713626304, -34.166100702403661 ], [ -70.641976288436339, -34.166060772792697 ], [ -70.642062525810658, -34.165951619497179 ], [ -70.642185968070521, -34.165885167392787 ], [ -70.642298182688421, -34.165775666272893 ], [ -70.642358773120378, -34.16568413678425 ], [ -70.64240327678948, -34.165566901465162 ], [ -70.642462277276422, -34.165393312354247 ], [ -70.642516753132014, -34.165254344377821 ], [ -70.642604007010434, -34.165107121263048 ], [ -70.642617403212043, -34.165084517857387 ], [ -70.642646653172989, -34.164984766492886 ], [ -70.642694499255782, -34.164825583841036 ], [ -70.642797575253752, -34.1647810038248 ], [ -70.642806574555635, -34.16478088334128 ], [ -70.642922271649525, -34.164779334318631 ], [ -70.642931270950683, -34.164779213825966 ], [ -70.643097698733072, -34.164785624859341 ], [ -70.643137444411224, -34.164789976830711 ], [ -70.64323831548775, -34.164801021695681 ], [ -70.643446729186792, -34.164828470920554 ], [ -70.643619021705234, -34.164869363287707 ], [ -70.643748049544314, -34.164879990306872 ], [ -70.643879861851261, -34.16484858836936 ], [ -70.644008498047413, -34.164782065785872 ], [ -70.644136714203185, -34.164693948667555 ], [ -70.644269538598309, -34.164575529264646 ], [ -70.644372429486467, -34.164467879847841 ], [ -70.644541791895236, -34.164357610884615 ], [ -70.64468492424561, -34.164234732707158 ], [ -70.644770402782498, -34.164134490508324 ], [ -70.644796713449878, -34.164103635031026 ], [ -70.644882190088168, -34.163955611034375 ], [ -70.64495744229842, -34.163816362612778 ], [ -70.645046941100532, -34.163607803778802 ], [ -70.645077161410683, -34.163507105820607 ], [ -70.645085991773527, -34.163477681873061 ], [ -70.645136304344121, -34.163392335841749 ], [ -70.645248260455304, -34.163269874999465 ], [ -70.645292675167113, -34.163148320580241 ], [ -70.645351836890939, -34.162983367445484 ], [ -70.645384014906512, -34.16276693747038 ], [ -70.645380914068994, -34.162607140254877 ], [ -70.645362646088685, -34.162469146438326 ], [ -70.645297702168762, -34.162282530486578 ], [ -70.645247028981785, -34.162180190007518 ], [ -70.645238204740664, -34.162162368382738 ], [ -70.645194043330903, -34.162029041876202 ], [ -70.645107480518945, -34.161853083733362 ], [ -70.645000220080661, -34.161681722267765 ], [ -70.64482458144316, -34.161468077180267 ], [ -70.644601848577722, -34.161237784943935 ], [ -70.644437692048157, -34.161080146020744 ], [ -70.644345698592389, -34.161020964691836 ], [ -70.644332442852743, -34.161012436982361 ], [ -70.644227363450639, -34.160953364149371 ], [ -70.644022433122785, -34.160939097598202 ], [ -70.644019211426951, -34.160938873150222 ], [ -70.643827104904034, -34.160950338691869 ], [ -70.643905657850254, -34.160894773177716 ], [ -70.644056716793528, -34.160823630024964 ], [ -70.644423279115131, -34.160717343223574 ], [ -70.644526181716941, -34.160664123766068 ], [ -70.644601376262571, -34.160611277373732 ], [ -70.64475824360602, -34.160482454814705 ], [ -70.644832209172378, -34.160366263792888 ], [ -70.644892319554941, -34.160250259349219 ], [ -70.644944944852753, -34.160105554855669 ], [ -70.644956006180436, -34.159961406600004 ], [ -70.645015048292237, -34.159913384044792 ], [ -70.64508561098576, -34.159855990990309 ], [ -70.645235661587549, -34.159733020376656 ], [ -70.645316106422342, -34.159593702097766 ], [ -70.645410180246913, -34.159442681423677 ], [ -70.645525090795502, -34.159294261401314 ], [ -70.645776699773933, -34.159048969303306 ], [ -70.645938589892268, -34.158822159047858 ], [ -70.646017356232548, -34.158596463566404 ], [ -70.646082042867775, -34.15835943729229 ], [ -70.646078019111727, -34.15815213211026 ], [ -70.646102577573373, -34.158104547471453 ], [ -70.646164828526182, -34.157983929359581 ], [ -70.646242362922209, -34.157694891083814 ], [ -70.646324756080148, -34.157299227408416 ], [ -70.646329050980739, -34.157288696193902 ], [ -70.646390895330484, -34.157137061145676 ], [ -70.646390040057881, -34.157093003650637 ], [ -70.646388436019933, -34.157010374891286 ], [ -70.646338048331813, -34.156913131086696 ], [ -70.64629257381057, -34.156712143103675 ], [ -70.646282846185173, -34.156632854443771 ], [ -70.646267881081684, -34.156510875410149 ], [ -70.646265367605423, -34.156496098263233 ], [ -70.646264712273933, -34.156492244887367 ], [ -70.646355408917429, -34.155354508745432 ] ] ] } },
{ "type": "Feature", "properties": { "zona": "91" }, "geometry": { "type": "Polygon", "coordinates": [ [ [ -70.640794285591312, -34.187338746731101 ], [ -70.64075017811895, -34.187655458765882 ], [ -70.640812318358613, -34.18789917415463 ], [ -70.640886221544363, -34.188112701934585 ], [ -70.641031766302532, -34.188073932910584 ], [ -70.641141549776464, -34.188038203971274 ], [ -70.641243464371271, -34.188005347617981 ], [ -70.64133933298443, -34.187974575716218 ], [ -70.641447977699912, -34.187939338756557 ], [ -70.641532434010017, -34.187912250579274 ], [ -70.641619510358666, -34.187884077671278 ], [ -70.641722424490382, -34.187850969492395 ], [ -70.641826373906653, -34.18781641542931 ], [ -70.641818350315248, -34.187782017340069 ], [ -70.641794743132081, -34.187674970997641 ], [ -70.641802823802294, -34.187573465460787 ], [ -70.641813195943513, -34.187516066980734 ], [ -70.641840302883352, -34.187433393640084 ], [ -70.641894631153335, -34.187347969071773 ], [ -70.641953564331672, -34.187277991642929 ], [ -70.641995970735707, -34.187244022244784 ], [ -70.642031432319101, -34.187222075642318 ], [ -70.642055367172446, -34.187197896457583 ], [ -70.642063191275739, -34.187157232948799 ], [ -70.642057431301836, -34.187008195982301 ], [ -70.642070256417057, -34.186929292722063 ], [ -70.642074887566636, -34.186871971068314 ], [ -70.642071487447396, -34.186770618290041 ], [ -70.642094430089017, -34.186621197095384 ], [ -70.642116119416741, -34.186555297098536 ], [ -70.642180337746609, -34.186165547821318 ], [ -70.642210497272529, -34.186003385066691 ], [ -70.642212981909353, -34.185894558437361 ], [ -70.642196171030804, -34.18573827342621 ], [ -70.641760942422493, -34.185797541726728 ], [ -70.64157520055592, -34.185101457583308 ], [ -70.641648089666631, -34.185075609829255 ], [ -70.642057222618391, -34.184960764368867 ], [ -70.642326210120672, -34.184878610418657 ], [ -70.642543161186509, -34.184814867076646 ], [ -70.642871421670804, -34.184717423922365 ], [ -70.64298268616443, -34.184681339021573 ], [ -70.643068142113506, -34.18464679358808 ], [ -70.643143506758364, -34.1846099963931 ], [ -70.64324859091063, -34.184551329127544 ], [ -70.643313770580477, -34.184507511253443 ], [ -70.643366312550938, -34.184478177561608 ], [ -70.643385593851193, -34.184436167496045 ], [ -70.643403532510121, -34.184398946452134 ], [ -70.643434201299485, -34.184352011885217 ], [ -70.643478016612548, -34.184316831033733 ], [ -70.64355442261656, -34.184259739799295 ], [ -70.643640942849927, -34.184206092859441 ], [ -70.643674782500966, -34.184174623650833 ], [ -70.643708529571825, -34.184138383734158 ], [ -70.64376618701624, -34.184076773446492 ], [ -70.643806646933527, -34.184016585660743 ], [ -70.643824307658036, -34.183965053364844 ], [ -70.643847287438746, -34.183920130685962 ], [ -70.643883432587486, -34.183889107540963 ], [ -70.643953870689046, -34.183849990809442 ], [ -70.644023585758106, -34.183832832665395 ], [ -70.644094560639331, -34.183821383564457 ], [ -70.644185032858587, -34.183808719076609 ], [ -70.644258661099855, -34.183794387566479 ], [ -70.644301670582493, -34.183783297847491 ], [ -70.644349536192962, -34.183764523428174 ], [ -70.644451433385257, -34.183689674902361 ], [ -70.644567162319632, -34.183617502948238 ], [ -70.644621990055469, -34.183602453002209 ], [ -70.644680428549066, -34.183595943572122 ], [ -70.644760884076362, -34.183599635925297 ], [ -70.644846079574961, -34.183610900494479 ], [ -70.644930181891041, -34.183625041743653 ], [ -70.644963382569159, -34.183619825516857 ], [ -70.644999823550123, -34.183604067024241 ], [ -70.64503715285656, -34.183574936623216 ], [ -70.645098997452692, -34.183507304652501 ], [ -70.645303950868225, -34.183291740343762 ], [ -70.6453896826023, -34.183197543095297 ], [ -70.645435926675717, -34.183139663177329 ], [ -70.645471604698727, -34.183092064886551 ], [ -70.6454959533406, -34.183052371599771 ], [ -70.645543147067926, -34.182969428029942 ], [ -70.645596947708697, -34.182857169044127 ], [ -70.645634615551941, -34.182764213302818 ], [ -70.645652900341929, -34.182744881166848 ], [ -70.645689134018255, -34.182725905189386 ], [ -70.645731999952631, -34.182715786260324 ], [ -70.645778592136367, -34.182712776136007 ], [ -70.645818864728881, -34.182717006882285 ], [ -70.645865758056559, -34.182729499681535 ], [ -70.645907397183024, -34.182744925939687 ], [ -70.645937727937124, -34.182769331813915 ], [ -70.645957615709847, -34.18284732043989 ], [ -70.645976852796423, -34.182956657306967 ], [ -70.645979582486021, -34.182972171862311 ], [ -70.646038795396763, -34.183006558237913 ], [ -70.646112640307379, -34.183024654226422 ], [ -70.646275844580458, -34.18303200714265 ], [ -70.646458704443134, -34.183026531379362 ], [ -70.646728193811043, -34.18300764435174 ], [ -70.646934449467466, -34.182984834636265 ], [ -70.64709026480179, -34.182966519729177 ], [ -70.647256320568999, -34.182943294280378 ], [ -70.64755958217853, -34.182889597061326 ], [ -70.648203007041346, -34.182790292646914 ], [ -70.648297015371966, -34.182782349576016 ], [ -70.648363247404106, -34.182763326832621 ], [ -70.648438719613779, -34.182747043773581 ], [ -70.648520913898224, -34.182722080491317 ], [ -70.648622511248178, -34.182691131340043 ], [ -70.648749515578373, -34.182628183732788 ], [ -70.648883994336913, -34.182555919889417 ], [ -70.648978350452367, -34.182506934961161 ], [ -70.649060377229432, -34.182473385532226 ], [ -70.649157568071359, -34.182452038147922 ], [ -70.649223986421958, -34.182442555410688 ], [ -70.649505989056507, -34.18241776902736 ], [ -70.649823580604163, -34.182392503381614 ], [ -70.650428802849646, -34.182336645850292 ], [ -70.650584127461812, -34.182316805608565 ], [ -70.650625261770017, -34.182306231265642 ], [ -70.650671114418344, -34.182272690480033 ], [ -70.65069496564594, -34.182170733291954 ], [ -70.650728625234407, -34.182130198648935 ], [ -70.650790422493287, -34.182119346210897 ], [ -70.651425343286888, -34.18208503397215 ], [ -70.651475086894877, -34.182074344353481 ], [ -70.65153420621327, -34.182014340243178 ], [ -70.651946404472568, -34.181599899994104 ], [ -70.652123727029021, -34.181418575382281 ], [ -70.652205043408742, -34.181348768733265 ], [ -70.652283419070812, -34.181304768458332 ], [ -70.652391290175814, -34.181271822773404 ], [ -70.652528604160452, -34.181247069328784 ], [ -70.652618578658192, -34.181234187161294 ], [ -70.652757851966271, -34.181255432960761 ], [ -70.652821342916411, -34.181243125654618 ], [ -70.652945436128249, -34.181133061744525 ], [ -70.653504129580099, -34.1804256086252 ], [ -70.653540921901126, -34.180346219823917 ], [ -70.653232629529441, -34.179964825601715 ], [ -70.652935112147986, -34.179547021545645 ], [ -70.65257630372416, -34.179047969912801 ], [ -70.651231777696026, -34.177226126972748 ], [ -70.651198296177171, -34.177157866025247 ], [ -70.649856944271093, -34.175377954555628 ], [ -70.649510096690491, -34.174901636098646 ], [ -70.649215097940868, -34.174493331243482 ], [ -70.648729044281424, -34.173842688483909 ], [ -70.648181543967723, -34.174165043341858 ], [ -70.647883534966169, -34.174339632476247 ], [ -70.647541529548803, -34.174539863515093 ], [ -70.647470480609883, -34.174576604445313 ], [ -70.647414913918368, -34.174597630436651 ], [ -70.647228102970288, -34.174659784384694 ], [ -70.646932772930967, -34.174750831688733 ], [ -70.646620407841212, -34.17485165080717 ], [ -70.646439265041224, -34.174910148538103 ], [ -70.646339378828543, -34.174940118791554 ], [ -70.646251966154082, -34.174947255762866 ], [ -70.646162910026746, -34.174943679652735 ], [ -70.64599659975525, -34.174879107378246 ], [ -70.645686916479789, -34.174748462388152 ], [ -70.645639240137626, -34.174732400979671 ], [ -70.645395493583564, -34.174671253381526 ], [ -70.645261330501498, -34.174636071809196 ], [ -70.645161513308523, -34.1745956585006 ], [ -70.645070281833142, -34.174553937002301 ], [ -70.645034224413592, -34.174544877480571 ], [ -70.644951514948517, -34.17453696734465 ], [ -70.644773255447845, -34.174522179294236 ], [ -70.644643541403525, -34.174523918167665 ], [ -70.644538211121528, -34.174539645000202 ], [ -70.644386538093954, -34.174593212608521 ], [ -70.644273876013855, -34.174645301384629 ], [ -70.644213980346592, -34.174694774867653 ], [ -70.644198336020025, -34.174716934391512 ], [ -70.644146509961843, -34.175123219951345 ], [ -70.643676371437877, -34.178263898981875 ], [ -70.643663202851513, -34.178990957274351 ], [ -70.643493172876632, -34.179016139058305 ], [ -70.642864237741804, -34.179180596067582 ], [ -70.64201091582872, -34.179409607109228 ], [ -70.641816530320654, -34.179455981257945 ], [ -70.641590524613974, -34.179525808346419 ], [ -70.641276379487465, -34.179669343811533 ], [ -70.64115380194383, -34.179743513235628 ], [ -70.641069848717649, -34.179796170042323 ], [ -70.64105477436236, -34.179847905445598 ], [ -70.641067141818212, -34.179893547795189 ], [ -70.641466759145374, -34.180724195333838 ], [ -70.641524527812322, -34.180742509240893 ], [ -70.641586631514443, -34.18074740421121 ], [ -70.641641439503971, -34.18073140094733 ], [ -70.641696173555857, -34.180711582536475 ], [ -70.641771682368599, -34.180697211152442 ], [ -70.641828147205743, -34.180692637576271 ], [ -70.641898749371805, -34.180691692681329 ], [ -70.641948130349761, -34.18070677864565 ], [ -70.641992652043911, -34.180737675599119 ], [ -70.642010440482522, -34.180766783338321 ], [ -70.642047225318265, -34.180842875623505 ], [ -70.642266574191893, -34.181273683107946 ], [ -70.642359876951943, -34.181466401074161 ], [ -70.642432793456564, -34.181673707720961 ], [ -70.642393049530213, -34.181803408682256 ], [ -70.642356421688149, -34.181927961430013 ], [ -70.642312238869465, -34.182018260389121 ], [ -70.642256466325321, -34.182102988512931 ], [ -70.642189026799088, -34.182178328905941 ], [ -70.642144290019004, -34.18224000447011 ], [ -70.642131401401002, -34.182285984755275 ], [ -70.642046145904686, -34.182271538680212 ], [ -70.641963414860427, -34.182268829006986 ], [ -70.641859629878212, -34.182305527919659 ], [ -70.641785858903404, -34.182350414927733 ], [ -70.641732863057044, -34.182400748936985 ], [ -70.64168790401331, -34.182450976275312 ], [ -70.64164683152255, -34.182524054567295 ], [ -70.641620850328977, -34.182605520755935 ], [ -70.641631310344394, -34.18267122943891 ], [ -70.641659861076477, -34.182722381104817 ], [ -70.64183064996503, -34.182943408295692 ], [ -70.641846185111561, -34.182974693212834 ], [ -70.641754043172284, -34.182938230556452 ], [ -70.641434336380144, -34.182810095455785 ], [ -70.641164091165422, -34.182715892596285 ], [ -70.640868130995599, -34.182627997113094 ], [ -70.640648783480032, -34.182567706182141 ], [ -70.640393674937059, -34.182513857974179 ], [ -70.639991409563009, -34.182440510941206 ], [ -70.639796106918254, -34.182416870571046 ], [ -70.639689753481036, -34.182409942132161 ], [ -70.63966123800752, -34.18241986625226 ], [ -70.639561848123776, -34.182476068382954 ], [ -70.639442689570416, -34.182549236429367 ], [ -70.639400446981341, -34.182591552758922 ], [ -70.639411760860568, -34.182657011289926 ], [ -70.639455084748519, -34.1827447078715 ], [ -70.639549325535356, -34.182829697764419 ], [ -70.639608615815533, -34.182918289119044 ], [ -70.639652841600252, -34.183022912525651 ], [ -70.639677999875161, -34.183121349728673 ], [ -70.639684005826595, -34.183253682775039 ], [ -70.639687952517363, -34.183457617986797 ], [ -70.639691813451464, -34.183701636137307 ], [ -70.639695605208416, -34.183942077147435 ], [ -70.639701922831364, -34.184223997224606 ], [ -70.639706908379353, -34.18448160016986 ], [ -70.639712208255318, -34.184577438885135 ], [ -70.639725361655479, -34.184812028757413 ], [ -70.639740441771224, -34.185101704650357 ], [ -70.639752207783587, -34.18530911423629 ], [ -70.639764845341801, -34.185561604850861 ], [ -70.639779123604214, -34.185809777691979 ], [ -70.639789485808905, -34.18603366885219 ], [ -70.639790427629563, -34.186082327000385 ], [ -70.639789397492208, -34.186118127626898 ], [ -70.639789993069954, -34.186148897425767 ], [ -70.639774281714679, -34.186227123999757 ], [ -70.639775536911102, -34.186355375238428 ], [ -70.640121916303855, -34.186345692185505 ], [ -70.640410245843455, -34.186332787086442 ], [ -70.640599265942782, -34.18669269589568 ], [ -70.64076790801218, -34.187088588038272 ], [ -70.640794285591312, -34.187338746731101 ] ] ] } },
{ "type": "Feature", "properties": { "zona": "90" }, "geometry": { "type": "Polygon", "coordinates": [ [ [ -70.637552629408489, -34.162863398186637 ], [ -70.637548991641026, -34.162848879269042 ], [ -70.637405919759416, -34.161685931403845 ], [ -70.637200017482058, -34.16172446569805 ], [ -70.636835257832431, -34.162008475241258 ], [ -70.636523663507319, -34.16237050575198 ], [ -70.636046716209236, -34.16264169325698 ], [ -70.635609217379709, -34.162726258346574 ], [ -70.635093969761783, -34.162797542920551 ], [ -70.634652744393321, -34.162688900607996 ], [ -70.634219301336145, -34.162537208983039 ], [ -70.634056436635234, -34.162575165780645 ], [ -70.634128749423368, -34.16275314061761 ], [ -70.634320335795124, -34.162865109010575 ], [ -70.634341827781157, -34.163086705514011 ], [ -70.634397890709891, -34.163314998590891 ], [ -70.634676251905788, -34.163461598493846 ], [ -70.635035261424932, -34.163771745932024 ], [ -70.635150749991368, -34.164172765994302 ], [ -70.634914463611693, -34.164992398612647 ], [ -70.635155720345679, -34.165537240695379 ], [ -70.63506082258364, -34.165990231889779 ], [ -70.634990107362597, -34.166341891584082 ], [ -70.634678489824537, -34.166703918755402 ], [ -70.634474919255794, -34.166864095358484 ], [ -70.634563488397504, -34.166991750334965 ], [ -70.634438221631356, -34.167193829581507 ], [ -70.634208685087657, -34.167347194591898 ], [ -70.633995537497768, -34.16745739600043 ], [ -70.633235446697526, -34.168677133578775 ], [ -70.633109761911129, -34.16885774415266 ], [ -70.633113070325379, -34.169029479846678 ], [ -70.633211213164827, -34.169207111199022 ], [ -70.633223820533274, -34.169414510992461 ], [ -70.63322919721702, -34.169693581902131 ], [ -70.633250550963396, -34.169908022289334 ], [ -70.63327273208013, -34.170165397475621 ], [ -70.63329394824062, -34.170372682631921 ], [ -70.633244362631217, -34.170480705439871 ], [ -70.63322990209862, -34.170624047662201 ], [ -70.63316489054283, -34.17082532264893 ], [ -70.633089752699576, -34.170948000480863 ], [ -70.633134728336245, -34.171047606655797 ], [ -70.633249126685939, -34.171174919565743 ], [ -70.633381571838243, -34.171344936127731 ], [ -70.633471799080795, -34.171558460413124 ], [ -70.633562302587052, -34.17178629500831 ], [ -70.633702669433603, -34.171920418740143 ], [ -70.633913149933321, -34.172118025529144 ], [ -70.634430379135026, -34.172448377295844 ], [ -70.634705622599995, -34.172779875364284 ], [ -70.634964901296343, -34.173194197499576 ], [ -70.634979981087184, -34.173243726957118 ], [ -70.63521179404286, -34.174449774392109 ], [ -70.635151356424103, -34.174608755011199 ], [ -70.634786779521392, -34.174441963690818 ], [ -70.634405849740688, -34.174447036998515 ], [ -70.634247389053456, -34.174267981253571 ], [ -70.634053567949522, -34.174041522492224 ], [ -70.633766701434425, -34.173902193127816 ], [ -70.633342225140879, -34.173771852128652 ], [ -70.633222246644451, -34.17380207922988 ], [ -70.633208337282028, -34.173974043983435 ], [ -70.633323705133051, -34.174151445727666 ], [ -70.633267301354422, -34.174352607011016 ], [ -70.633283494326051, -34.174746053432557 ], [ -70.633270963981815, -34.174989575533345 ], [ -70.633049876793606, -34.17513566814565 ], [ -70.632737114685156, -34.17529158381388 ], [ -70.632341299458574, -34.175354824697678 ], [ -70.632078800875988, -34.175241637515143 ], [ -70.631924656514059, -34.175286632835657 ], [ -70.631842419778636, -34.175488136202048 ], [ -70.631626425911918, -34.175898986785896 ], [ -70.63150974871175, -34.176100947951312 ], [ -70.631397687594898, -34.176095281066395 ], [ -70.631318823881386, -34.176024753969649 ], [ -70.631178179277512, -34.175876317265214 ], [ -70.630987255238352, -34.175800122741478 ], [ -70.630856872860221, -34.175737438135954 ], [ -70.63069859643673, -34.175567762322359 ], [ -70.630506985190408, -34.175455789188597 ], [ -70.630379769729615, -34.175557684583339 ], [ -70.630270324615125, -34.175687973660843 ], [ -70.630134498473524, -34.175789983225187 ], [ -70.629922839397764, -34.175978890841336 ], [ -70.629725507724089, -34.176017299235625 ], [ -70.62946900921898, -34.176113753938111 ], [ -70.629203901100951, -34.176210322441626 ], [ -70.628902566160889, -34.176214323589775 ], [ -70.628706058511753, -34.17629566433682 ], [ -70.628819771237474, -34.176387202492464 ], [ -70.629174414913919, -34.176468383488391 ], [ -70.629596697590799, -34.176484248129675 ], [ -70.629906368268323, -34.176465819550515 ], [ -70.630215488198971, -34.176418767571313 ], [ -70.630380721388349, -34.176502461719586 ], [ -70.630532040973137, -34.17675812106738 ], [ -70.630720140742667, -34.177134968096517 ], [ -70.630833719020913, -34.177219348174162 ], [ -70.631150486069473, -34.177122089327732 ], [ -70.631589578067391, -34.177116250661925 ], [ -70.632074778483201, -34.177126358229906 ], [ -70.632269602906121, -34.177100048147018 ], [ -70.632549447154403, -34.177155832506529 ], [ -70.632729222459503, -34.177265711820475 ], [ -70.633117622265104, -34.177310645093911 ], [ -70.633557543482766, -34.177347733202261 ], [ -70.633854134359666, -34.177544193131183 ], [ -70.63401449038443, -34.177821199586624 ], [ -70.634189996026663, -34.177990642296201 ], [ -70.634305786790264, -34.178189509238678 ], [ -70.634396852395142, -34.178445966165924 ], [ -70.634468352743113, -34.178581006119501 ], [ -70.634574982580745, -34.178751364910376 ], [ -70.63472466242564, -34.178921149971202 ], [ -70.634823511165408, -34.179134557958875 ], [ -70.634861678950784, -34.179327301626294 ], [ -70.635121907337037, -34.179424038190284 ], [ -70.635385450658006, -34.179692510285157 ], [ -70.63558941743149, -34.179997562986323 ], [ -70.635655488532691, -34.180297296883623 ], [ -70.635640478619322, -34.180412016574252 ], [ -70.635668794202644, -34.180540473564136 ], [ -70.635860424800072, -34.18065243799871 ], [ -70.636129959740487, -34.180784836034626 ], [ -70.636184935805062, -34.18095588305227 ], [ -70.636351704723069, -34.181118280115783 ], [ -70.636739847277184, -34.181148890068599 ], [ -70.637007449719178, -34.181181107316867 ], [ -70.63720796949643, -34.181307265906987 ], [ -70.637349186901133, -34.181484318400294 ], [ -70.637482486794354, -34.181697263293927 ], [ -70.637768002887029, -34.181765026630792 ], [ -70.637934638108916, -34.181920267117377 ], [ -70.637904209092582, -34.182128240419559 ], [ -70.637891691833403, -34.182371761455407 ], [ -70.637963616243709, -34.18252826634334 ], [ -70.637985678215856, -34.182778483585764 ], [ -70.637988998238001, -34.182950218471042 ], [ -70.638335092217034, -34.183111483278161 ], [ -70.638446201229229, -34.183200900763559 ], [ -70.638995668685467, -34.183408285733101 ], [ -70.639234181682724, -34.183494567390966 ], [ -70.639360890822715, -34.183737420966146 ], [ -70.639359484122153, -34.184035668197801 ], [ -70.639562217060913, -34.184498194386407 ], [ -70.639618133372892, -34.186274887290807 ], [ -70.63971303037934, -34.186357122417547 ], [ -70.639775536911102, -34.186355375238428 ], [ -70.639774281714679, -34.186227123999757 ], [ -70.639789993069954, -34.186148897425767 ], [ -70.639789397492208, -34.186118127626898 ], [ -70.639790427629563, -34.186082327000385 ], [ -70.639789485808905, -34.18603366885219 ], [ -70.639779123604214, -34.185809777691979 ], [ -70.639764845341801, -34.185561604850861 ], [ -70.639752207783587, -34.18530911423629 ], [ -70.639740441771224, -34.185101704650357 ], [ -70.639725361655479, -34.184812028757413 ], [ -70.639712208255318, -34.184577438885135 ], [ -70.639706908379353, -34.18448160016986 ], [ -70.639701922831364, -34.184223997224606 ], [ -70.639695605208416, -34.183942077147435 ], [ -70.639691813451464, -34.183701636137307 ], [ -70.639687952517363, -34.183457617986797 ], [ -70.639684005826595, -34.183253682775039 ], [ -70.639677999875161, -34.183121349728673 ], [ -70.639652841600252, -34.183022912525651 ], [ -70.639608615815533, -34.182918289119044 ], [ -70.639549325535356, -34.182829697764419 ], [ -70.639455084748519, -34.1827447078715 ], [ -70.639411760860568, -34.182657011289926 ], [ -70.639400446981341, -34.182591552758922 ], [ -70.639442689570416, -34.182549236429367 ], [ -70.639561848123776, -34.182476068382954 ], [ -70.63966123800752, -34.18241986625226 ], [ -70.639689753481036, -34.182409942132161 ], [ -70.639796106918254, -34.182416870571046 ], [ -70.639991409563009, -34.182440510941206 ], [ -70.640393674937059, -34.182513857974179 ], [ -70.640648783480032, -34.182567706182141 ], [ -70.640868130995599, -34.182627997113094 ], [ -70.641164091165422, -34.182715892596285 ], [ -70.641434336380144, -34.182810095455785 ], [ -70.641754043172284, -34.182938230556452 ], [ -70.641846185111561, -34.182974693212834 ], [ -70.64183064996503, -34.182943408295692 ], [ -70.641659861076477, -34.182722381104817 ], [ -70.641631310344394, -34.18267122943891 ], [ -70.641620850328977, -34.182605520755935 ], [ -70.64164683152255, -34.182524054567295 ], [ -70.64168790401331, -34.182450976275312 ], [ -70.641732863057044, -34.182400748936985 ], [ -70.641785858903404, -34.182350414927733 ], [ -70.641859629878212, -34.182305527919659 ], [ -70.641963414860427, -34.182268829006986 ], [ -70.642046145904686, -34.182271538680212 ], [ -70.642131401401002, -34.182285984755275 ], [ -70.642144290019004, -34.18224000447011 ], [ -70.642189026799088, -34.182178328905941 ], [ -70.642256466325321, -34.182102988512931 ], [ -70.642312238869465, -34.182018260389121 ], [ -70.642356421688149, -34.181927961430013 ], [ -70.642393049530213, -34.181803408682256 ], [ -70.642432793456564, -34.181673707720961 ], [ -70.642359876951943, -34.181466401074161 ], [ -70.642266574191893, -34.181273683107946 ], [ -70.642047225318265, -34.180842875623505 ], [ -70.642010440482522, -34.180766783338321 ], [ -70.641992652043911, -34.180737675599119 ], [ -70.641948130349761, -34.18070677864565 ], [ -70.641898749371805, -34.180691692681329 ], [ -70.641828147205743, -34.180692637576271 ], [ -70.641771682368599, -34.180697211152442 ], [ -70.641696173555857, -34.180711582536475 ], [ -70.641641439503971, -34.18073140094733 ], [ -70.641586631514443, -34.18074740421121 ], [ -70.641524527812322, -34.180742509240893 ], [ -70.641466759145374, -34.180724195333838 ], [ -70.641067141818212, -34.179893547795189 ], [ -70.64105477436236, -34.179847905445598 ], [ -70.641069848717649, -34.179796170042323 ], [ -70.64115380194383, -34.179743513235628 ], [ -70.641276379487465, -34.179669343811533 ], [ -70.641590524613974, -34.179525808346419 ], [ -70.641816530320654, -34.179455981257945 ], [ -70.64201091582872, -34.179409607109228 ], [ -70.642864237741804, -34.179180596067582 ], [ -70.643493172876632, -34.179016139058305 ], [ -70.643663202851513, -34.178990957274351 ], [ -70.643676371437877, -34.178263898981875 ], [ -70.644146509961843, -34.175123219951345 ], [ -70.644198336020025, -34.174716934391512 ], [ -70.644213980346592, -34.174694774867653 ], [ -70.644273876013855, -34.174645301384629 ], [ -70.644386538093954, -34.174593212608521 ], [ -70.644538211121528, -34.174539645000202 ], [ -70.644643541403525, -34.174523918167665 ], [ -70.644773255447845, -34.174522179294236 ], [ -70.644951514948517, -34.17453696734465 ], [ -70.645034224413592, -34.174544877480571 ], [ -70.645070281833142, -34.174553937002301 ], [ -70.645161513308523, -34.1745956585006 ], [ -70.645261330501498, -34.174636071809196 ], [ -70.645395493583564, -34.174671253381526 ], [ -70.645639240137626, -34.174732400979671 ], [ -70.645686916479789, -34.174748462388152 ], [ -70.64599659975525, -34.174879107378246 ], [ -70.646162910026746, -34.174943679652735 ], [ -70.646251966154082, -34.174947255762866 ], [ -70.646339378828543, -34.174940118791554 ], [ -70.646439265041224, -34.174910148538103 ], [ -70.646620407841212, -34.17485165080717 ], [ -70.646932772930967, -34.174750831688733 ], [ -70.647228102970288, -34.174659784384694 ], [ -70.647414913918368, -34.174597630436651 ], [ -70.647470480609883, -34.174576604445313 ], [ -70.647541529548803, -34.174539863515093 ], [ -70.647883534966169, -34.174339632476247 ], [ -70.648181543967723, -34.174165043341858 ], [ -70.648729044281424, -34.173842688483909 ], [ -70.648618612297085, -34.173596045846487 ], [ -70.648492556602918, -34.173372517797574 ], [ -70.648399272977414, -34.173180997073864 ], [ -70.648056547585469, -34.172561468494294 ], [ -70.648002825603797, -34.17248931154775 ], [ -70.647977320796699, -34.172432393501026 ], [ -70.647958711403206, -34.172361068803298 ], [ -70.647959126123638, -34.172308575454721 ], [ -70.647975463164641, -34.172263025258033 ], [ -70.64800906470056, -34.172219629136961 ], [ -70.6481611783978, -34.172144818224368 ], [ -70.64828748840452, -34.172071546766347 ], [ -70.648331457811835, -34.172044711275767 ], [ -70.648360964114573, -34.172012106952444 ], [ -70.64838322505797, -34.171976020103664 ], [ -70.648386509382775, -34.171923488201834 ], [ -70.648371891423409, -34.171870479941241 ], [ -70.647762748472971, -34.171012130342284 ], [ -70.647047167053813, -34.170022851467508 ], [ -70.648873850476093, -34.168789656867503 ], [ -70.649122080094287, -34.16862456250297 ], [ -70.649822274443792, -34.168144186969862 ], [ -70.650252244951787, -34.167849242285584 ], [ -70.651056169332136, -34.167301616919723 ], [ -70.651405262911851, -34.16706931118982 ], [ -70.651441784336342, -34.167044349460795 ], [ -70.650673400245438, -34.166700549389482 ], [ -70.649918053552497, -34.166381464899196 ], [ -70.649194554856336, -34.166076261641081 ], [ -70.648450836729594, -34.165764168632371 ], [ -70.647773630180026, -34.165477421777837 ], [ -70.6470154825154, -34.165160741686925 ], [ -70.645527757730022, -34.164519826062829 ], [ -70.645414393713409, -34.16463860984755 ], [ -70.64525250221034, -34.164815423946045 ], [ -70.645146452650835, -34.164941386372988 ], [ -70.645096329851953, -34.165020790167382 ], [ -70.645076724998518, -34.165075449829956 ], [ -70.645068227673605, -34.165170043347366 ], [ -70.645038487271577, -34.16567862335242 ], [ -70.645031683237946, -34.165771762213105 ], [ -70.645068255066036, -34.166414014592462 ], [ -70.645114352730786, -34.167192131644079 ], [ -70.645105660913657, -34.167276705927478 ], [ -70.645071809786288, -34.167307221620398 ], [ -70.645036847309498, -34.167369245091805 ], [ -70.645023934416727, -34.167413794102764 ], [ -70.645024934122787, -34.167465314516114 ], [ -70.645068006017993, -34.167554921683227 ], [ -70.645103412438928, -34.167604549751523 ], [ -70.645099913214636, -34.167646109566185 ], [ -70.645079752411689, -34.167672146774642 ], [ -70.645005884902531, -34.167770478757909 ], [ -70.644925268080115, -34.167876059104259 ], [ -70.644865062989581, -34.167968481866914 ], [ -70.644795388147784, -34.168105408332877 ], [ -70.644727463122962, -34.168243742348636 ], [ -70.644699248163462, -34.168298518255114 ], [ -70.644672143736813, -34.1684105381593 ], [ -70.644609883497139, -34.16839705773269 ], [ -70.644453566708194, -34.168329009127518 ], [ -70.644434922194165, -34.16827048791145 ], [ -70.644402154257506, -34.168238480147963 ], [ -70.643898668925914, -34.167970378763748 ], [ -70.643437212059794, -34.167737977183528 ], [ -70.642776003352182, -34.16738800271461 ], [ -70.64214260615941, -34.167051013300444 ], [ -70.642075034612645, -34.167000383753489 ], [ -70.642044415105261, -34.166960711635596 ], [ -70.642022497989032, -34.166896110158554 ], [ -70.641934987165158, -34.166408662744239 ], [ -70.64192073314058, -34.166384040584241 ], [ -70.641726419985119, -34.166280471813224 ], [ -70.641662460042397, -34.166238381772132 ], [ -70.641013089449388, -34.165905894905968 ], [ -70.639851292736495, -34.165296338564531 ], [ -70.63973235204827, -34.165231124262043 ], [ -70.639471378995836, -34.165093847698515 ], [ -70.639245577008822, -34.1649942736653 ], [ -70.638964011895922, -34.164831026218614 ], [ -70.638664631882349, -34.164637000089115 ], [ -70.638387516668686, -34.164406888941123 ], [ -70.638090484319818, -34.164111433098 ], [ -70.63781097454472, -34.163774931180292 ], [ -70.63778394389567, -34.163742695295277 ], [ -70.637716569297112, -34.163662338660878 ], [ -70.637721689387675, -34.163648630745755 ], [ -70.637723337571757, -34.163644214614102 ], [ -70.637728403030295, -34.163608077775777 ], [ -70.637734988350573, -34.163562903344058 ], [ -70.637734969658709, -34.16352683436093 ], [ -70.63773130071408, -34.16347728813345 ], [ -70.637723390775548, -34.163418781199297 ], [ -70.637708963913397, -34.163373887203647 ], [ -70.637693268504222, -34.163333518790239 ], [ -70.637671868027255, -34.16329038606208 ], [ -70.637671046300696, -34.163288728826743 ], [ -70.637664477345396, -34.163153058207946 ], [ -70.637624575510628, -34.163056312900558 ], [ -70.637619555481066, -34.163044140702041 ], [ -70.637598147285317, -34.162992233316899 ], [ -70.63759804930045, -34.162991990255463 ], [ -70.637579003985238, -34.162944868379327 ], [ -70.637563313675585, -34.162906048148422 ], [ -70.637552629408489, -34.162863398186637 ] ] ] } },
{ "type": "Feature", "properties": { "zona": "92" }, "geometry": { "type": "Polygon", "coordinates": [ [ [ -70.65446452516899, -34.179439466532273 ], [ -70.654299498600807, -34.179588419887168 ], [ -70.654045813082249, -34.179828036746741 ], [ -70.653970384242385, -34.179905161165834 ], [ -70.65364420968217, -34.180255024731117 ], [ -70.653540921901097, -34.18034621982391 ], [ -70.653504129580099, -34.1804256086252 ], [ -70.652945436128249, -34.181133061744525 ], [ -70.652821342916411, -34.181243125654611 ], [ -70.652757851966257, -34.181255432960747 ], [ -70.652618578658192, -34.181234187161287 ], [ -70.652528604160437, -34.181247069328776 ], [ -70.652391290175814, -34.181271822773418 ], [ -70.652283419070798, -34.181304768458325 ], [ -70.652205043408742, -34.181348768733251 ], [ -70.652123727029007, -34.181418575382274 ], [ -70.651946404472554, -34.181599899994104 ], [ -70.65153420621327, -34.182014340243171 ], [ -70.651475086894877, -34.182074344353474 ], [ -70.651425343286874, -34.182085033972136 ], [ -70.650790422493287, -34.182119346210897 ], [ -70.650728625234393, -34.182130198648935 ], [ -70.65069496564594, -34.182170733291947 ], [ -70.650671114418344, -34.182272690480033 ], [ -70.650625261770003, -34.182306231265642 ], [ -70.650584127461812, -34.182316805608565 ], [ -70.650428802849646, -34.182336645850285 ], [ -70.649823580604149, -34.182392503381614 ], [ -70.649505989056479, -34.182417769027374 ], [ -70.649223986421958, -34.182442555410688 ], [ -70.649157568071359, -34.182452038147922 ], [ -70.649060377229418, -34.182473385532212 ], [ -70.648978350452339, -34.182506934961161 ], [ -70.648883994336913, -34.18255591988941 ], [ -70.648749515578373, -34.182628183732788 ], [ -70.648622511248163, -34.182691131340057 ], [ -70.648520913898224, -34.182722080491317 ], [ -70.648438719613779, -34.182747043773567 ], [ -70.648363247404106, -34.182763326832621 ], [ -70.648297015371952, -34.182782349576001 ], [ -70.648203007041332, -34.182790292646914 ], [ -70.64755958217853, -34.182889597061326 ], [ -70.647256320568999, -34.182943294280371 ], [ -70.647090264801776, -34.182966519729163 ], [ -70.646934449467466, -34.182984834636272 ], [ -70.646728193811029, -34.18300764435174 ], [ -70.64645870444312, -34.183026531379362 ], [ -70.646275844580458, -34.183032007142629 ], [ -70.646112640307379, -34.183024654226415 ], [ -70.646038795396763, -34.183006558237913 ], [ -70.645979582485992, -34.182972171862311 ], [ -70.645976852796409, -34.18295665730696 ], [ -70.645959723343452, -34.183032723263636 ], [ -70.645934100255658, -34.183057851012578 ], [ -70.645924145368369, -34.183159183572052 ], [ -70.645871460938011, -34.183373183075204 ], [ -70.645809915301328, -34.183574418465987 ], [ -70.645773476801779, -34.183738097321203 ], [ -70.645696931155953, -34.183876548277212 ], [ -70.645582388852375, -34.184009782025022 ], [ -70.645268060835136, -34.18436614586215 ], [ -70.645094634894775, -34.184571743449553 ], [ -70.645057805369177, -34.184626634009838 ], [ -70.645025030177464, -34.184712962997438 ], [ -70.645004672294931, -34.18481773529998 ], [ -70.64501914379214, -34.184942081421205 ], [ -70.645060087249632, -34.185098996389456 ], [ -70.645073115245367, -34.185237676765396 ], [ -70.645064061338942, -34.185392399214635 ], [ -70.645055507342903, -34.185484130253606 ], [ -70.644877692561522, -34.186084878810412 ], [ -70.644777210817551, -34.186425012909908 ], [ -70.644738547624797, -34.186562954431942 ], [ -70.644715438353884, -34.18661479794779 ], [ -70.644686868054492, -34.18664910125397 ], [ -70.644633795856095, -34.186668381160523 ], [ -70.644575225604186, -34.186668212375068 ], [ -70.644513117437398, -34.186663319054283 ], [ -70.644449918209546, -34.186661303310075 ], [ -70.64438692159861, -34.186669781816207 ], [ -70.64431627881055, -34.186698404558456 ], [ -70.64423733877868, -34.186772946186608 ], [ -70.644146585218536, -34.186889635904343 ], [ -70.644106383966886, -34.186948389287267 ], [ -70.644081162845623, -34.187009803965445 ], [ -70.644013573614771, -34.187195849615733 ], [ -70.643935930175232, -34.187396345780911 ], [ -70.643880932463176, -34.187521145065183 ], [ -70.643827842362484, -34.187625878791188 ], [ -70.643759511540523, -34.187714592859329 ], [ -70.643686588565217, -34.187803367521596 ], [ -70.643637017473893, -34.187852703333746 ], [ -70.643610092696534, -34.187885510926222 ], [ -70.643586778770981, -34.187926859077379 ], [ -70.643569371173484, -34.187976717934653 ], [ -70.643533520172383, -34.188200510857797 ], [ -70.643473834151678, -34.188616443774919 ], [ -70.643439240432414, -34.188845946676821 ], [ -70.643410239220088, -34.189126907401011 ], [ -70.643408090606698, -34.189193739685933 ], [ -70.643412849017764, -34.189320601137936 ], [ -70.643408681476728, -34.189401775375899 ], [ -70.643394570700281, -34.189503122794143 ], [ -70.643345014507787, -34.189671749477007 ], [ -70.643277497073811, -34.189802442174873 ], [ -70.643140942920013, -34.189985594198383 ], [ -70.643062091401333, -34.1900649049458 ], [ -70.642988740150358, -34.190131736922503 ], [ -70.642865390484587, -34.190196374627064 ], [ -70.642800641411156, -34.190233028627226 ], [ -70.642758330446242, -34.190266997028871 ], [ -70.642813049154753, -34.190423728162749 ], [ -70.642859449646807, -34.19046247338261 ], [ -70.642901583388891, -34.190468933513884 ], [ -70.642903611910398, -34.190468563688604 ], [ -70.642903645435638, -34.190468557829213 ], [ -70.642906417933744, -34.190468054502809 ], [ -70.642906863437858, -34.190467973692591 ], [ -70.642959042303772, -34.190458495607274 ], [ -70.642986409850209, -34.190503845661922 ], [ -70.643070458885191, -34.190548798966674 ], [ -70.64322984092405, -34.190546663936288 ], [ -70.643287349776713, -34.190529067303821 ], [ -70.643318602524971, -34.190519505109236 ], [ -70.643330382188935, -34.190515901800019 ], [ -70.643335572318293, -34.190529100266787 ], [ -70.643409403801485, -34.190642331867693 ], [ -70.643414006046342, -34.190649390237688 ], [ -70.64342797201148, -34.190670774217104 ], [ -70.643468803662969, -34.190733212723188 ], [ -70.64352169128145, -34.1907954896798 ], [ -70.643588801964654, -34.190880480779015 ], [ -70.643761882392482, -34.191055666280093 ], [ -70.643985560447206, -34.191308189824248 ], [ -70.644071864653895, -34.191405806352414 ], [ -70.644169156229253, -34.191536915327724 ], [ -70.644222989188847, -34.191618266119541 ], [ -70.644284077583194, -34.191733159412003 ], [ -70.644342712370559, -34.19186955836004 ], [ -70.644356913446856, -34.191883801910706 ], [ -70.644408441014477, -34.191875954135099 ], [ -70.64490941132685, -34.191770463771064 ], [ -70.645151799174542, -34.191744309214926 ], [ -70.645463186533831, -34.191722954547465 ], [ -70.645607518667475, -34.191703840407051 ], [ -70.645644213941367, -34.191730545950193 ], [ -70.64568493651538, -34.191787259179669 ], [ -70.645736104760232, -34.191849559104625 ], [ -70.645772772339171, -34.191874833940069 ], [ -70.645829994202217, -34.191894107015067 ], [ -70.645899105281089, -34.191904631593324 ], [ -70.646033550393511, -34.191908553445508 ], [ -70.646521355043376, -34.191923478294044 ], [ -70.646679965756874, -34.191929938026917 ], [ -70.646759354592774, -34.191937461163022 ], [ -70.646821633675415, -34.191950939918826 ], [ -70.646904745239837, -34.191972727870542 ], [ -70.647034801402384, -34.192016789244818 ], [ -70.647147942758778, -34.192076824451746 ], [ -70.647313892020819, -34.192194840953135 ], [ -70.647563983849039, -34.192387596407002 ], [ -70.647741822300546, -34.192496864577009 ], [ -70.647881020379984, -34.192568000057214 ], [ -70.64802691376984, -34.192629025447999 ], [ -70.64818477888717, -34.192685595780972 ], [ -70.648353394278601, -34.192763493317216 ], [ -70.648468288158142, -34.192824934754292 ], [ -70.648573766979936, -34.192933742193325 ], [ -70.64862038361666, -34.193027593878277 ], [ -70.648642944749781, -34.19312463185075 ], [ -70.648636508232656, -34.19323649438882 ], [ -70.648574910795304, -34.193581388083089 ], [ -70.648609702375126, -34.19358858692776 ], [ -70.649706354102193, -34.193808720731845 ], [ -70.649707428273871, -34.193808936224286 ], [ -70.649714855558983, -34.193783386050413 ], [ -70.649715813899945, -34.193777320784569 ], [ -70.649715850472091, -34.193777081335611 ], [ -70.649732246124486, -34.193673287812274 ], [ -70.649784544903937, -34.193511306408254 ], [ -70.649635211962476, -34.193436515899016 ], [ -70.649522689320008, -34.193353550186707 ], [ -70.649520595816853, -34.193246059378467 ], [ -70.649536024039847, -34.19321705711782 ], [ -70.649574091085071, -34.193145500982681 ], [ -70.649637871829526, -34.193098564167023 ], [ -70.649657962565172, -34.193099128059181 ], [ -70.649822816514259, -34.193103756683918 ], [ -70.649942933667347, -34.193102140979946 ], [ -70.650007735426712, -34.193046521059074 ], [ -70.650042243676353, -34.193016902281506 ], [ -70.650042925686861, -34.193016316904732 ], [ -70.650096719365862, -34.192931114254868 ], [ -70.650150484185005, -34.192878355125799 ], [ -70.650160200467198, -34.192868821224351 ], [ -70.650267146491657, -34.192872315738285 ], [ -70.650326666040684, -34.192874260690147 ], [ -70.650503717011716, -34.192948678297327 ], [ -70.650700744381197, -34.193099624892774 ], [ -70.650786900418026, -34.19320022862783 ], [ -70.650804776162317, -34.193221102830087 ], [ -70.650816111177619, -34.193328469212439 ], [ -70.650872597019202, -34.19338146889006 ], [ -70.650982875932854, -34.193349264622924 ], [ -70.651045609372304, -34.193248581266026 ], [ -70.651089142996682, -34.193196160535663 ], [ -70.651090759908286, -34.193194213588569 ], [ -70.651257076452296, -34.193191974699147 ], [ -70.651274486056792, -34.193193665506584 ], [ -70.651395971705568, -34.193205464747138 ], [ -70.651543808510809, -34.193203474267627 ], [ -70.651573853623375, -34.193189634924366 ], [ -70.651681207594365, -34.193140185165312 ], [ -70.65167911135164, -34.19303269356891 ], [ -70.651621126975527, -34.192902917271162 ], [ -70.651598407630374, -34.192886305936049 ], [ -70.65151799273707, -34.192827506974687 ], [ -70.651496032864458, -34.192802316305553 ], [ -70.651451817957266, -34.192751598978433 ], [ -70.651412762824819, -34.192644605868999 ], [ -70.651436140807974, -34.192421574159624 ], [ -70.651460566605465, -34.192252286450376 ], [ -70.651376061448488, -34.192184305182209 ], [ -70.651190370385734, -34.192140725981588 ], [ -70.651167842940382, -34.192117188534688 ], [ -70.65109602819966, -34.192042156977443 ], [ -70.651022011643462, -34.191945905868394 ], [ -70.651010686508059, -34.191931178945737 ], [ -70.651008291901434, -34.191808332242474 ], [ -70.650960896054983, -34.191747531163955 ], [ -70.650877739733076, -34.19174865038751 ], [ -70.650802476336708, -34.191680544318878 ], [ -70.650809172102029, -34.191549895270668 ], [ -70.650796640309053, -34.191381105938511 ], [ -70.650794395720837, -34.19126593808933 ], [ -70.650792600048902, -34.191173803267446 ], [ -70.650837151142468, -34.191088724686942 ], [ -70.650788709451419, -34.190974177664764 ], [ -70.650722685375271, -34.190905947183609 ], [ -70.650748758272456, -34.190821117301816 ], [ -70.650791070327159, -34.190766479541928 ], [ -70.650802849205022, -34.190751270329649 ], [ -70.650894944859715, -34.190734670876552 ], [ -70.651032040127816, -34.190656026641108 ], [ -70.651030543555763, -34.190579247774771 ], [ -70.651028930717814, -34.19049544603515 ], [ -70.651086163361541, -34.190393069307973 ], [ -70.651026452862752, -34.190235046790846 ], [ -70.65113716277321, -34.190104142836311 ], [ -70.651128778284587, -34.190039189927951 ], [ -70.651120486973696, -34.189974952635311 ], [ -70.650877692329942, -34.189866454438892 ], [ -70.650804056997856, -34.189720384003479 ], [ -70.650813855521179, -34.189496718090076 ], [ -70.650937800515834, -34.189318576061225 ], [ -70.651139593993435, -34.189139386950671 ], [ -70.651361009294362, -34.188877577907064 ], [ -70.651377438052251, -34.188861117568983 ], [ -70.651569302684791, -34.188668887233007 ], [ -70.651536565142294, -34.188530633667554 ], [ -70.651499878281456, -34.188375699044769 ], [ -70.651494374948001, -34.188093415034281 ], [ -70.65132638449316, -34.187577313550477 ], [ -70.651546105257538, -34.187279852940684 ], [ -70.651962075167702, -34.1871336935762 ], [ -70.652239331830344, -34.186895696669346 ], [ -70.652217224839717, -34.186588104852078 ], [ -70.652145500057628, -34.186214249825511 ], [ -70.652163914124642, -34.18591949922169 ], [ -70.65220844137545, -34.185724795002834 ], [ -70.652269464532623, -34.185549949103823 ], [ -70.652252074538183, -34.185251916907312 ], [ -70.652248670648675, -34.185193605788207 ], [ -70.65224683051477, -34.185162065673239 ], [ -70.65224526893509, -34.185135294639117 ], [ -70.652239142467934, -34.185126046100464 ], [ -70.652214637451664, -34.18508903930671 ], [ -70.652181763326936, -34.185039396630856 ], [ -70.65210382379334, -34.184921706205152 ], [ -70.652104423437663, -34.184913117309335 ], [ -70.652104948401288, -34.184905595258869 ], [ -70.652107468780713, -34.184869473358262 ], [ -70.652108921445077, -34.18484865188816 ], [ -70.652103135121621, -34.184811106220636 ], [ -70.652103611240165, -34.184805530751589 ], [ -70.652103984976691, -34.184801159563214 ], [ -70.652106293072023, -34.184774127209288 ], [ -70.652118490937227, -34.184631224287472 ], [ -70.652165214635588, -34.184520688197416 ], [ -70.652167906112012, -34.18451431822799 ], [ -70.652170599757582, -34.184507948229331 ], [ -70.652173519115422, -34.184346619963712 ], [ -70.652173595528069, -34.184342359182963 ], [ -70.652173676346933, -34.184337879223506 ], [ -70.652173935800477, -34.184323586083885 ], [ -70.652184906126422, -34.184321888267299 ], [ -70.652256091505478, -34.184310869855665 ], [ -70.652317511678632, -34.18430136437739 ], [ -70.652326513009697, -34.184301243135437 ], [ -70.652362544350154, -34.184300756908819 ], [ -70.652371545680978, -34.184300635663554 ], [ -70.652613152982994, -34.184297381939537 ], [ -70.65262215431234, -34.184297260675898 ], [ -70.652640565882095, -34.184301738581169 ], [ -70.6528291112528, -34.184347595774746 ], [ -70.652978237792453, -34.184383865577061 ], [ -70.653217952473099, -34.184350670923209 ], [ -70.653251767512543, -34.184338252014108 ], [ -70.653571972442776, -34.184220654264927 ], [ -70.653619801916392, -34.184185449109712 ], [ -70.653705833831751, -34.183976932221753 ], [ -70.653710851400476, -34.183878945321645 ], [ -70.653715308071398, -34.183752166675561 ], [ -70.653748042092985, -34.183653807035732 ], [ -70.653878794594036, -34.1836059643406 ], [ -70.654023630536045, -34.183569452063985 ], [ -70.654166891287758, -34.183452321362978 ], [ -70.654184305518669, -34.183279289812894 ], [ -70.654140145824371, -34.183147405576783 ], [ -70.653988042750342, -34.183034829094858 ], [ -70.653960607065713, -34.182933629544408 ], [ -70.653960456293873, -34.182933076114288 ], [ -70.6539604153715, -34.182932925176118 ], [ -70.653958442959208, -34.1829256523014 ], [ -70.65385114964694, -34.182776432220699 ], [ -70.653750238569017, -34.182672783069478 ], [ -70.653660937531399, -34.182600936285112 ], [ -70.653642708128345, -34.182518215146828 ], [ -70.653651702882911, -34.182409303412676 ], [ -70.653714768609376, -34.182304126335701 ], [ -70.653802596887388, -34.182187743299586 ], [ -70.653946530129446, -34.18210516333302 ], [ -70.654083197698967, -34.182005402300767 ], [ -70.654168351098747, -34.181974243795999 ], [ -70.654213947490504, -34.181957559316174 ], [ -70.654379790910653, -34.181932283828651 ], [ -70.654628444448804, -34.181888610560264 ], [ -70.655051477257686, -34.181901911560431 ], [ -70.655306947049496, -34.181852385642976 ], [ -70.655735524839045, -34.181794761807197 ], [ -70.655817320820987, -34.181724538754217 ], [ -70.655932523731991, -34.181590505888693 ], [ -70.656040797069693, -34.181456565559742 ], [ -70.656129746759561, -34.18139776527574 ], [ -70.656184164042244, -34.181345191352207 ], [ -70.656251426597706, -34.181240604697884 ], [ -70.656359586424827, -34.181100905406637 ], [ -70.656481940840735, -34.180978294121068 ], [ -70.656583171921753, -34.180838689096198 ], [ -70.656602011079869, -34.180667940986886 ], [ -70.65660056975176, -34.18059421735223 ], [ -70.656599019404624, -34.180514917115829 ], [ -70.656597733075444, -34.180449121159135 ], [ -70.656570642567331, -34.180126930785434 ], [ -70.656627788646674, -34.179971077675582 ], [ -70.656629202914885, -34.179967219932678 ], [ -70.656633209888369, -34.179956292818709 ], [ -70.65664773493998, -34.179928117037974 ], [ -70.656357291477434, -34.179818880355064 ], [ -70.656178279504587, -34.179646333996686 ], [ -70.65609585482845, -34.179506430062197 ], [ -70.655925934674841, -34.179524724674472 ], [ -70.655663196458136, -34.179521113796675 ], [ -70.655469383029683, -34.179518957359655 ], [ -70.655259551057981, -34.179505087816423 ], [ -70.655026458760972, -34.179476024730768 ], [ -70.654795978342861, -34.179433803153024 ], [ -70.654695135301196, -34.179414883530733 ], [ -70.654612923599089, -34.179394519559864 ], [ -70.654530617719573, -34.1793693857718 ], [ -70.65446452516899, -34.179439466532273 ] ] ] } },
{ "type": "Feature", "properties": { "zona": "96" }, "geometry": { "type": "Polygon", "coordinates": [ [ [ -70.642071487447396, -34.186770618290041 ], [ -70.642119925162973, -34.186911787184066 ], [ -70.642136408479473, -34.186962384249391 ], [ -70.642163320049761, -34.187106605075478 ], [ -70.642190428549497, -34.187172090776528 ], [ -70.642231271386095, -34.187235245589946 ], [ -70.642277057791347, -34.187375634737258 ], [ -70.642324454964481, -34.187510276331324 ], [ -70.6423673814311, -34.187592012131333 ], [ -70.642407267252295, -34.18765016969617 ], [ -70.642434459467623, -34.187675572456669 ], [ -70.642460373244191, -34.18768238339333 ], [ -70.642483980912516, -34.187774636760437 ], [ -70.642547158326252, -34.188012373277452 ], [ -70.642631152275129, -34.188328658135298 ], [ -70.642686202388973, -34.188502563750603 ], [ -70.642826053048225, -34.188955756183496 ], [ -70.642902435863888, -34.189193315588504 ], [ -70.642907915209207, -34.18935738707772 ], [ -70.642898024291185, -34.189498760572242 ], [ -70.642878264717083, -34.189575370789917 ], [ -70.642831087303605, -34.18974825944143 ], [ -70.642702753733829, -34.189940843864456 ], [ -70.64261965167843, -34.190067450899797 ], [ -70.642535318374428, -34.190189780346294 ], [ -70.642412430358902, -34.190307854039027 ], [ -70.642377684120063, -34.190351979062569 ], [ -70.642451896327671, -34.190329513478488 ], [ -70.642557450437224, -34.190294698320749 ], [ -70.642681638434283, -34.190258441451093 ], [ -70.642716082124167, -34.190257980183162 ], [ -70.642758330446256, -34.190266997028885 ], [ -70.642800641411171, -34.190233028627226 ], [ -70.642865390484587, -34.190196374627071 ], [ -70.642988740150358, -34.190131736922503 ], [ -70.643062091401333, -34.190064904945793 ], [ -70.643140942920027, -34.189985594198397 ], [ -70.643277497073825, -34.189802442174873 ], [ -70.643345014507787, -34.189671749477007 ], [ -70.643394570700309, -34.18950312279415 ], [ -70.643408681476743, -34.189401775375899 ], [ -70.643412849017793, -34.189320601137936 ], [ -70.643408090606712, -34.189193739685948 ], [ -70.643410239220088, -34.189126907401011 ], [ -70.643439240432414, -34.188845946676828 ], [ -70.643473834151678, -34.188616443774919 ], [ -70.643533520172383, -34.188200510857797 ], [ -70.643569371173484, -34.187976717934653 ], [ -70.643586778770981, -34.187926859077379 ], [ -70.643610092696548, -34.187885510926222 ], [ -70.643637017473893, -34.187852703333753 ], [ -70.643686588565217, -34.187803367521582 ], [ -70.643759511540551, -34.187714592859329 ], [ -70.643827842362484, -34.187625878791188 ], [ -70.643880932463176, -34.187521145065197 ], [ -70.643935930175232, -34.187396345780911 ], [ -70.644013573614771, -34.187195849615719 ], [ -70.644081162845637, -34.187009803965459 ], [ -70.644106383966886, -34.186948389287267 ], [ -70.644146585218522, -34.186889635904336 ], [ -70.64423733877868, -34.186772946186608 ], [ -70.64431627881055, -34.186698404558456 ], [ -70.644386921598624, -34.186669781816207 ], [ -70.644449918209574, -34.186661303310075 ], [ -70.644513117437413, -34.186663319054297 ], [ -70.644575225604186, -34.186668212375061 ], [ -70.644633795856095, -34.186668381160523 ], [ -70.644686868054507, -34.18664910125397 ], [ -70.644715438353899, -34.186614797947811 ], [ -70.644738547624797, -34.186562954431942 ], [ -70.644777210817551, -34.186425012909908 ], [ -70.644877692561522, -34.186084878810412 ], [ -70.645055507342917, -34.185484130253606 ], [ -70.645064061338957, -34.185392399214642 ], [ -70.645073115245381, -34.185237676765404 ], [ -70.645060087249647, -34.185098996389456 ], [ -70.645019143792169, -34.184942081421205 ], [ -70.645004672294945, -34.184817735299987 ], [ -70.645025030177479, -34.184712962997438 ], [ -70.645057805369177, -34.184626634009845 ], [ -70.645094634894789, -34.18457174344956 ], [ -70.645268060835136, -34.184366145862164 ], [ -70.645582388852389, -34.184009782025022 ], [ -70.645696931155967, -34.183876548277219 ], [ -70.645773476801779, -34.183738097321203 ], [ -70.645809915301342, -34.183574418465994 ], [ -70.645871460938011, -34.183373183075204 ], [ -70.645924145368369, -34.183159183572052 ], [ -70.645934100255658, -34.183057851012578 ], [ -70.645959723343452, -34.183032723263651 ], [ -70.645976852796423, -34.182956657306967 ], [ -70.645957615709847, -34.18284732043989 ], [ -70.645937727937124, -34.182769331813915 ], [ -70.645907397183024, -34.182744925939687 ], [ -70.645865758056559, -34.182729499681535 ], [ -70.645818864728881, -34.182717006882285 ], [ -70.645778592136367, -34.182712776136007 ], [ -70.645731999952631, -34.182715786260324 ], [ -70.645689134018255, -34.182725905189386 ], [ -70.645652900341929, -34.182744881166848 ], [ -70.645634615551941, -34.182764213302818 ], [ -70.645596947708697, -34.182857169044127 ], [ -70.645543147067926, -34.182969428029942 ], [ -70.6454959533406, -34.183052371599771 ], [ -70.645471604698727, -34.183092064886551 ], [ -70.645435926675717, -34.183139663177329 ], [ -70.6453896826023, -34.183197543095297 ], [ -70.645303950868225, -34.183291740343762 ], [ -70.645098997452692, -34.183507304652501 ], [ -70.64503715285656, -34.183574936623216 ], [ -70.644999823550123, -34.183604067024241 ], [ -70.644963382569159, -34.183619825516857 ], [ -70.644930181891041, -34.183625041743653 ], [ -70.644846079574961, -34.183610900494479 ], [ -70.644760884076362, -34.183599635925297 ], [ -70.644680428549066, -34.183595943572122 ], [ -70.644621990055469, -34.183602453002209 ], [ -70.644567162319632, -34.183617502948238 ], [ -70.644451433385257, -34.183689674902361 ], [ -70.644349536192962, -34.183764523428174 ], [ -70.644301670582493, -34.183783297847491 ], [ -70.644258661099855, -34.183794387566479 ], [ -70.644185032858587, -34.183808719076609 ], [ -70.644094560639331, -34.183821383564457 ], [ -70.644023585758106, -34.183832832665395 ], [ -70.643953870689046, -34.183849990809442 ], [ -70.643883432587486, -34.183889107540963 ], [ -70.643847287438746, -34.183920130685962 ], [ -70.643824307658036, -34.183965053364844 ], [ -70.643806646933527, -34.184016585660743 ], [ -70.64376618701624, -34.184076773446492 ], [ -70.643708529571825, -34.184138383734158 ], [ -70.643674782500966, -34.184174623650833 ], [ -70.643640942849927, -34.184206092859441 ], [ -70.64355442261656, -34.184259739799295 ], [ -70.643478016612548, -34.184316831033733 ], [ -70.643434201299485, -34.184352011885217 ], [ -70.643403532510121, -34.184398946452134 ], [ -70.643385593851193, -34.184436167496045 ], [ -70.643366312550938, -34.184478177561608 ], [ -70.643313770580477, -34.184507511253443 ], [ -70.64324859091063, -34.184551329127544 ], [ -70.643143506758364, -34.1846099963931 ], [ -70.643068142113506, -34.18464679358808 ], [ -70.64298268616443, -34.184681339021573 ], [ -70.642871421670804, -34.184717423922365 ], [ -70.642543161186509, -34.184814867076646 ], [ -70.642326210120672, -34.184878610418657 ], [ -70.642057222618391, -34.184960764368867 ], [ -70.641648089666631, -34.185075609829255 ], [ -70.64157520055592, -34.185101457583308 ], [ -70.641760942422493, -34.185797541726728 ], [ -70.642196171030804, -34.18573827342621 ], [ -70.642212981909353, -34.185894558437361 ], [ -70.642210497272529, -34.186003385066691 ], [ -70.642180337746609, -34.186165547821318 ], [ -70.642116119416741, -34.186555297098536 ], [ -70.642094430089017, -34.186621197095384 ], [ -70.642071487447396, -34.186770618290041 ] ] ] } },
{ "type": "Feature", "properties": { "zona": "99" }, "geometry": { "type": "Polygon", "coordinates": [ [ [ -70.620556591328238, -34.188692353334183 ], [ -70.619581902634195, -34.192522558327063 ], [ -70.619803798853241, -34.192865574207559 ], [ -70.620356939539604, -34.193263859180071 ], [ -70.620819406043381, -34.193424757447431 ], [ -70.62161471638646, -34.193724403552181 ], [ -70.622042316388857, -34.193563670267054 ], [ -70.622776567444419, -34.193673249859643 ], [ -70.623371869040469, -34.19402324717975 ], [ -70.62391182374725, -34.194481336840681 ], [ -70.624508965728253, -34.194926736729613 ], [ -70.625075120793781, -34.195253252651348 ], [ -70.62574197687178, -34.195590361031527 ], [ -70.626039643474186, -34.19578981899943 ], [ -70.62608810131546, -34.1958222889495 ], [ -70.626102320629769, -34.195831669578233 ], [ -70.626190891960022, -34.195507263548393 ], [ -70.626247919362825, -34.195528256239214 ], [ -70.626286713627579, -34.195542537430534 ], [ -70.626469000924615, -34.195608126891166 ], [ -70.626779136795193, -34.195714750675826 ], [ -70.626794960358481, -34.195720191035015 ], [ -70.62682034046297, -34.195727455078398 ], [ -70.626992978467086, -34.195776862168806 ], [ -70.62706566086068, -34.195797663041489 ], [ -70.627150373496718, -34.195817771354925 ], [ -70.627192435173768, -34.195828869090889 ], [ -70.627235011793402, -34.195838188084664 ], [ -70.627558434894752, -34.195894467743891 ], [ -70.627580248685973, -34.195897359581316 ], [ -70.627602063494137, -34.195900247794448 ], [ -70.627623878320975, -34.19590313690513 ], [ -70.627667486843933, -34.195909170584287 ], [ -70.627689387287504, -34.195911093697994 ], [ -70.62779877115662, -34.195922003856374 ], [ -70.627864619792646, -34.195926007379875 ], [ -70.627952520625513, -34.195930117643414 ], [ -70.628018493050732, -34.19593265683811 ], [ -70.628040478351892, -34.195933574237472 ], [ -70.628062590835484, -34.195932978648521 ], [ -70.628150563456686, -34.195936250111487 ], [ -70.628172629801369, -34.195936189839863 ], [ -70.628238904499725, -34.195935146846423 ], [ -70.628239772644676, -34.195935146142517 ], [ -70.628261027058358, -34.195935131800773 ], [ -70.628393000072208, -34.195928918911953 ], [ -70.628458763931064, -34.195923658887942 ], [ -70.628544271715953, -34.195906088692638 ], [ -70.62856581961087, -34.195901980163391 ], [ -70.628586935473038, -34.195896736680993 ], [ -70.628607362053458, -34.195889678151616 ], [ -70.62884459445327, -34.19586398384417 ], [ -70.628859558113248, -34.195877405726748 ], [ -70.628902658334681, -34.195869365234117 ], [ -70.628924315341848, -34.195865740322802 ], [ -70.629137653376034, -34.195820284906716 ], [ -70.629200764182087, -34.195804214644049 ], [ -70.629241547526163, -34.195789973868379 ], [ -70.629324954337122, -34.195766551774597 ], [ -70.629470119407287, -34.195722535189645 ], [ -70.629594176913969, -34.195683856663862 ], [ -70.629636266799778, -34.195672666077783 ], [ -70.62980238120727, -34.195622728650342 ], [ -70.630008471134389, -34.195556746431727 ], [ -70.63007155007972, -34.195539829426686 ], [ -70.630112856008068, -34.195526818590132 ], [ -70.630133292013738, -34.195519810180905 ], [ -70.630153794255364, -34.195512973117992 ], [ -70.630163758763658, -34.1955099993394 ], [ -70.630174555176595, -34.195506777348996 ], [ -70.630196002444748, -34.195502299262991 ], [ -70.630237638021725, -34.19549017941921 ], [ -70.630258299545247, -34.19548372525972 ], [ -70.630321439308204, -34.195467267200293 ], [ -70.63034203123793, -34.195460637213252 ], [ -70.630447988455529, -34.195435057060507 ], [ -70.630468498278375, -34.195428221648235 ], [ -70.630489685739064, -34.195423102229682 ], [ -70.630511148095124, -34.195418677090423 ], [ -70.630532504362222, -34.195413983741169 ], [ -70.630553856078848, -34.195409279627974 ], [ -70.630575207810338, -34.195404576412642 ], [ -70.630596559521933, -34.195399872292143 ], [ -70.630617912333278, -34.195395169055068 ], [ -70.630639264039829, -34.195390464927279 ], [ -70.630660615709147, -34.195385758992842 ], [ -70.630681967393301, -34.19538105395624 ], [ -70.630703326018391, -34.195376371366876 ], [ -70.6307246903433, -34.19537170312568 ], [ -70.630746017136318, -34.195366889299912 ], [ -70.63076734616601, -34.195362079047641 ], [ -70.630789030186662, -34.195358741101749 ], [ -70.630811005388722, -34.195356604890414 ], [ -70.630832614017066, -34.195352958646673 ], [ -70.630853922979753, -34.195348064785591 ], [ -70.630875261527777, -34.19534329857278 ], [ -70.630896623542327, -34.195338624020486 ], [ -70.630917971285427, -34.195333884729884 ], [ -70.630939288283585, -34.195329014192168 ], [ -70.630960869705859, -34.195325251964888 ], [ -70.630982787392611, -34.195322891055831 ], [ -70.631004671089173, -34.19532034303549 ], [ -70.631026469595383, -34.195317372332134 ], [ -70.631048274045355, -34.195314428597683 ], [ -70.63107007980426, -34.195311496564443 ], [ -70.631091885544137, -34.195308563625858 ], [ -70.631113692384631, -34.195305631570506 ], [ -70.631135498121139, -34.195302698624253 ], [ -70.631157303856, -34.195299765674193 ], [ -70.631179109589198, -34.195296832720267 ], [ -70.631200920094486, -34.195293922242215 ], [ -70.631222729287444, -34.195291000055285 ], [ -70.631244500643618, -34.195287747433689 ], [ -70.631266437444154, -34.19528604177593 ], [ -70.631288567856402, -34.195286162242837 ], [ -70.631310464606273, -34.195284067563527 ], [ -70.631332240834624, -34.195280842815194 ], [ -70.631354014370359, -34.195277591046974 ], [ -70.631375915725187, -34.195275566629554 ], [ -70.631398048529633, -34.195275698767368 ], [ -70.631419962728771, -34.195273777869943 ], [ -70.631441743966448, -34.195270588202966 ], [ -70.631463812042355, -34.195270120639321 ], [ -70.63148586545725, -34.195269511695464 ], [ -70.631507635224665, -34.195266233800126 ], [ -70.631529569616802, -34.195264516404976 ], [ -70.631551698572153, -34.195264617907554 ], [ -70.631573559658818, -34.195262193623556 ], [ -70.63159537010398, -34.195259281272989 ], [ -70.631617440761588, -34.195258835288833 ], [ -70.631639549776523, -34.19525874677629 ], [ -70.631661636387676, -34.195258452963927 ], [ -70.631683750836004, -34.195258421179986 ], [ -70.631705821527021, -34.19525797698293 ], [ -70.631727662816104, -34.195255426693052 ], [ -70.631749429080244, -34.195252192986196 ], [ -70.63177121809241, -34.195249069885371 ], [ -70.631793119206009, -34.195246752335414 ], [ -70.631815112847761, -34.195245069268474 ], [ -70.631837145019162, -34.195243639972134 ], [ -70.631859163535964, -34.195242121582496 ], [ -70.631881166913587, -34.195240493379572 ], [ -70.631903169118459, -34.195238860679687 ], [ -70.631925171357082, -34.195237229778876 ], [ -70.631947173698862, -34.195235604283106 ], [ -70.631969177141983, -34.195233979670483 ], [ -70.631991179516504, -34.195232355969885 ], [ -70.63201318297493, -34.195230732250899 ], [ -70.632035186415024, -34.195229107626488 ], [ -70.632057188786519, -34.195227483914103 ], [ -70.632079192224595, -34.195225859281848 ], [ -70.632101194576691, -34.195224234660103 ], [ -70.632123198030115, -34.195222610921512 ], [ -70.632145201465136, -34.195220986277491 ], [ -70.632167203814248, -34.195219361643986 ], [ -70.632189207247251, -34.19521773699212 ], [ -70.632211209611711, -34.195216113252265 ], [ -70.632233213042682, -34.195214488592541 ], [ -70.632255216472643, -34.195212863928894 ], [ -70.632277218834105, -34.195211240177265 ], [ -70.632299222244683, -34.195209614604281 ], [ -70.632321218301016, -34.195207889033476 ], [ -70.632343208105297, -34.195206064351929 ], [ -70.632365213483865, -34.195204484729032 ], [ -70.632387258971946, -34.195203522251688 ], [ -70.632409353122341, -34.195203339116972 ], [ -70.632431457066161, -34.19520332627441 ], [ -70.632453527974221, -34.195202781848351 ], [ -70.632475548907408, -34.195201446366802 ], [ -70.632497544504886, -34.195199697325627 ], [ -70.632519534475691, -34.195197881627607 ], [ -70.632541532901172, -34.195196166806582 ], [ -70.632563522556978, -34.19519433487379 ], [ -70.632585524627345, -34.195192696643197 ], [ -70.632607562424411, -34.195191617004113 ], [ -70.632629651291467, -34.195191385206755 ], [ -70.632651758286627, -34.195191418272003 ], [ -70.632673835022771, -34.195190951277304 ], [ -70.63269587345799, -34.195189792261871 ], [ -70.632717902463185, -34.195188481877828 ], [ -70.632739923887826, -34.195187059776501 ], [ -70.632761941629667, -34.195185559270016 ], [ -70.632783958484126, -34.195184012783272 ], [ -70.632805971909093, -34.195182457320996 ], [ -70.632827989022346, -34.195180924348833 ], [ -70.632850008314563, -34.195179448152558 ], [ -70.632872029351276, -34.195178006194759 ], [ -70.63289405148933, -34.195176565120065 ], [ -70.632916071474057, -34.195175124971826 ], [ -70.632938093627686, -34.195173684790767 ], [ -70.632960114678099, -34.195172243718723 ], [ -70.632982136847275, -34.195170804431299 ], [ -70.633004157913248, -34.195169364252877 ], [ -70.63302618006324, -34.195167924056086 ], [ -70.633048201110014, -34.195166482968318 ], [ -70.63307022325813, -34.195165042763648 ], [ -70.633092244320451, -34.195163602569494 ], [ -70.633114266484142, -34.195162163258466 ], [ -70.63313628752725, -34.195160722154952 ], [ -70.633158308569435, -34.195159281047502 ], [ -70.633180329610724, -34.19515783993613 ], [ -70.633202351822902, -34.195156403313831 ], [ -70.633224379225709, -34.195155010803163 ], [ -70.633246409475461, -34.195153653417968 ], [ -70.63326844203327, -34.195152303211891 ], [ -70.633290470952971, -34.195150933212332 ], [ -70.633312494575918, -34.195149513684335 ], [ -70.633334511347741, -34.195148020302021 ], [ -70.63335651527008, -34.195146423388202 ], [ -70.633378503512304, -34.19514468871499 ], [ -70.633400470952282, -34.195142775772894 ], [ -70.633422422798873, -34.195140729578895 ], [ -70.63344436663948, -34.195138605939036 ], [ -70.633466307822104, -34.19513645708232 ], [ -70.633488252866798, -34.1951343397307 ], [ -70.633510207156448, -34.19513230791614 ], [ -70.63353217715904, -34.195130415656095 ], [ -70.633554167961947, -34.195128701657104 ], [ -70.63356106561092, -34.195128205818563 ], [ -70.633576173271393, -34.195127120916624 ], [ -70.633598190274213, -34.195125640108181 ], [ -70.63362021517672, -34.195124231328776 ], [ -70.633642245270053, -34.195122866660881 ], [ -70.633664276795187, -34.195121520004548 ], [ -70.633686308093417, -34.195120161624828 ], [ -70.633708335423009, -34.195118766323205 ], [ -70.633730356457676, -34.195117326015094 ], [ -70.633752377439251, -34.195115882998607 ], [ -70.633774399504802, -34.195114439963668 ], [ -70.633796420484543, -34.195112996939322 ], [ -70.633818441445968, -34.195111553009504 ], [ -70.633840462423876, -34.195110109977264 ], [ -70.633862484485775, -34.195108666926636 ], [ -70.633884505479244, -34.195107224787996 ], [ -70.633906526715279, -34.1951057952664 ], [ -70.633928551639983, -34.195104388234874 ], [ -70.633950577822588, -34.195102990199928 ], [ -70.633972602832429, -34.195101587667999 ], [ -70.633994627545718, -34.195100169806722 ], [ -70.63401664844676, -34.19509872313705 ], [ -70.634038664189731, -34.195097234150936 ], [ -70.634060675633421, -34.195095691114538 ], [ -70.63408268190156, -34.195094104860232 ], [ -70.634104686596771, -34.195092493374581 ], [ -70.634126688686308, -34.195090859376556 ], [ -70.634148689359392, -34.195089208260619 ], [ -70.634170687583307, -34.195087542745767 ], [ -70.634192685632257, -34.195085868212033 ], [ -70.634214682490907, -34.195084188279864 ], [ -70.634236680415995, -34.19508250742782 ], [ -70.634258678392271, -34.195080829276321 ], [ -70.634280676489269, -34.195079157431394 ], [ -70.634302674811394, -34.195077497301952 ], [ -70.634324675563235, -34.195075850662143 ], [ -70.634346677799101, -34.195074224738342 ], [ -70.634368682656117, -34.195072622220565 ], [ -70.634390691271392, -34.195071045798855 ], [ -70.634412701596915, -34.195069501812597 ], [ -70.634434715854709, -34.195067992937346 ], [ -70.634456734201393, -34.195066527286592 ], [ -70.634478756584812, -34.195065102155787 ], [ -70.634500782883194, -34.195063711234539 ], [ -70.634522811924683, -34.195062350029751 ], [ -70.634544842519972, -34.195061013146933 ], [ -70.634566875632203, -34.19505969426119 ], [ -70.634588910054674, -34.195058387076486 ], [ -70.634610944632925, -34.195057088001278 ], [ -70.634632980295223, -34.195055788907695 ], [ -70.634655013717264, -34.195054486233076 ], [ -70.634677048014566, -34.195053172722133 ], [ -70.63469907984539, -34.195051843910768 ], [ -70.634721110190227, -34.195050494375515 ], [ -70.634743136740042, -34.195049116933347 ], [ -70.634765160492677, -34.195047707062351 ], [ -70.634787181343754, -34.195046259353553 ], [ -70.634809197018996, -34.195044768426889 ], [ -70.634831209879565, -34.195043244169888 ], [ -70.634853220047304, -34.195041692893035 ], [ -70.634875227556961, -34.195040116399326 ], [ -70.634897233545715, -34.195038517378748 ], [ -70.63491923589585, -34.195036898564751 ], [ -70.634941237966487, -34.195035265322929 ], [ -70.634963238655359, -34.195033616766196 ], [ -70.634985238066903, -34.195031958303574 ], [ -70.635007237303313, -34.195030290822075 ], [ -70.635029235349407, -34.195028617942121 ], [ -70.635051233359647, -34.195026943255293 ], [ -70.63507323028395, -34.195025268578981 ], [ -70.635095229429268, -34.195023596574316 ], [ -70.635117226542931, -34.195021931806629 ], [ -70.635139227066958, -34.195020275105058 ], [ -70.635161227798832, -34.195018629217529 ], [ -70.635183229823468, -34.195016994129539 ], [ -70.635205230535888, -34.195015347332671 ], [ -70.63522722993612, -34.195013688826897 ], [ -70.635249228111149, -34.195012023119716 ], [ -70.635271226145903, -34.195010350196625 ], [ -70.635293224109986, -34.195008673663672 ], [ -70.635315222073032, -34.195006997126775 ], [ -70.635337220087266, -34.195005323290438 ], [ -70.635359218204925, -34.195003654859136 ], [ -70.635381217545685, -34.195001993621425 ], [ -70.63540321821408, -34.195000344986269 ], [ -70.635425220210081, -34.194998708953626 ], [ -70.635447222535817, -34.194997090045462 ], [ -70.635469228498252, -34.194995490922892 ], [ -70.635491235979842, -34.194993914319284 ], [ -70.635513246100317, -34.194992362023164 ], [ -70.635535257861847, -34.194990838556485 ], [ -70.635557273521314, -34.194989348397783 ], [ -70.635579294250675, -34.194987896040075 ], [ -70.635601316725612, -34.194986477920757 ], [ -70.635623343046319, -34.194985090404941 ], [ -70.635645371988659, -34.194983726295114 ], [ -70.63566740241545, -34.19498238290123 ], [ -70.635689434239723, -34.194981055715864 ], [ -70.63571146735697, -34.194979739330044 ], [ -70.635733500595251, -34.194978429250718 ], [ -70.635755533850102, -34.194977120068941 ], [ -70.63577756813676, -34.194975808164315 ], [ -70.635799601180963, -34.194974488156745 ], [ -70.635821631793306, -34.19497315465177 ], [ -70.635843662091347, -34.194971804915923 ], [ -70.635865689783387, -34.194970432667716 ], [ -70.635887715902101, -34.194969035188208 ], [ -70.635909738120844, -34.194967604392858 ], [ -70.635931757733545, -34.194966151085161 ], [ -70.635953778377967, -34.194964695054566 ], [ -70.63597579790175, -34.194963237231519 ], [ -70.635997817372399, -34.194961776700076 ], [ -70.636019836842067, -34.194960316164675 ], [ -70.636041856258586, -34.194958852920884 ], [ -70.636063874554466, -34.194957387884607 ], [ -70.636085893899462, -34.194955921026967 ], [ -70.636107912141227, -34.194954453278378 ], [ -70.636129931432123, -34.194952983708376 ], [ -70.636151948534874, -34.194951513261906 ], [ -70.636173967754232, -34.194950040078062 ], [ -70.636195985887767, -34.194948566904756 ], [ -70.636218003968153, -34.194947091023053 ], [ -70.63622003929332, -34.194946953861241 ], [ -70.636240022047559, -34.194945615137414 ], [ -70.636262040091225, -34.194944137444836 ], [ -70.636284058116544, -34.194942658846841 ], [ -70.636306075038576, -34.194941179357905 ], [ -70.636328093009766, -34.19493969804757 ], [ -70.636350109877696, -34.19493821584625 ], [ -70.636372126727267, -34.194936732739549 ], [ -70.636394144643376, -34.19493524871293 ], [ -70.636416161473662, -34.19493376469687 ], [ -70.636438179353064, -34.194932278859397 ], [ -70.636460196146615, -34.194930793032462 ], [ -70.636482212921834, -34.194929306300125 ], [ -70.636504229678707, -34.19492781866235 ], [ -70.636526247519498, -34.194926331006151 ], [ -70.636548264239622, -34.194924841557544 ], [ -70.636570279891345, -34.194923353020947 ], [ -70.636592296609606, -34.19492186356446 ], [ -70.63661431441183, -34.194920374089556 ], [ -70.636636330025851, -34.194918883738204 ], [ -70.636658346723863, -34.194917393368435 ], [ -70.636680364505864, -34.194915902980249 ], [ -70.636702380099678, -34.194914411715594 ], [ -70.636724396794861, -34.194912921334016 ], [ -70.636746413471698, -34.194911430047028 ], [ -70.636768430147583, -34.194909938756098 ], [ -70.636790445755025, -34.194908448377213 ], [ -70.636812463513948, -34.194906957063942 ], [ -70.636834480204442, -34.194905466662739 ], [ -70.636856495809099, -34.194903976272045 ], [ -70.636878512497702, -34.194902485862968 ], [ -70.636900529202791, -34.194900996351443 ], [ -70.636922545889533, -34.194899505934487 ], [ -70.636944562610154, -34.194898017316618 ], [ -70.636966580397342, -34.194896527778823 ], [ -70.63698859604861, -34.194895040069035 ], [ -70.637010612801276, -34.194893553242345 ], [ -70.637032629553019, -34.194892066411697 ], [ -70.637054647371301, -34.194890578661187 ], [ -70.637076664155998, -34.19488909362569 ], [ -70.637098679610915, -34.1948875959798 ], [ -70.637120692197996, -34.194886062299211 ], [ -70.637142703350676, -34.194884510599266 ], [ -70.637164713574322, -34.194882967023347 ], [ -70.637186726106265, -34.194881430626481 ], [ -70.637208737587144, -34.194879896043147 ], [ -70.637230750117141, -34.194878359638423 ], [ -70.637252761596102, -34.194876825047245 ], [ -70.63727477524391, -34.194875290423155 ], [ -70.63729678670353, -34.194873754922625 ], [ -70.637318799212267, -34.194872217600697 ], [ -70.637340809532759, -34.1948706794023 ], [ -70.637362821934943, -34.194869136663534 ], [ -70.637384833286134, -34.194867595738316 ], [ -70.637406844653782, -34.19486605571069 ], [ -70.637428857192518, -34.194864520172082 ], [ -70.637450868645388, -34.194862984644061 ], [ -70.637472881199614, -34.194861449999117 ], [ -70.637494892633143, -34.194859913561729 ], [ -70.63751690518545, -34.194858378908918 ], [ -70.637538916634469, -34.194856843365152 ], [ -70.637560929167421, -34.194855307802982 ], [ -70.637582941699421, -34.194853772236897 ], [ -70.637604954213003, -34.194852235765374 ], [ -70.637626965675608, -34.194850701107413 ], [ -70.637648978187272, -34.194849164628025 ], [ -70.637670989630507, -34.194847629060718 ], [ -70.637693002175126, -34.194846094376473 ], [ -70.637715013598992, -34.194844557899806 ], [ -70.637737021684103, -34.194842961048067 ], [ -70.637759022848428, -34.194841230829311 ], [ -70.637781030826915, -34.194839628560764 ], [ -70.637803062992845, -34.194838435349197 ], [ -70.637825146689252, -34.194837998895906 ], [ -70.637847260957372, -34.194838021009211 ], [ -70.637869351983511, -34.194837851361143 ], [ -70.637891352597777, -34.194836654046412 ], [ -70.637913185896068, -34.194833651000295 ], [ -70.63793514235897, -34.194831966433249 ], [ -70.637957267152075, -34.19483208396921 ], [ -70.637979260559945, -34.194830794758865 ], [ -70.638001096720231, -34.194827827728012 ], [ -70.638023065698221, -34.194826285450908 ], [ -70.638045192816037, -34.194826411055509 ], [ -70.638067183876274, -34.194825112843496 ], [ -70.638089036694467, -34.194822334035408 ], [ -70.638110889423885, -34.194819550716005 ], [ -70.638132742430685, -34.194816781816641 ], [ -70.638154737403781, -34.19481551780234 ], [ -70.638176863398172, -34.194815641594758 ], [ -70.638198840621698, -34.194814189348783 ], [ -70.638220694272533, -34.19481139788202 ], [ -70.638242558166752, -34.19480874333702 ], [ -70.638264426517395, -34.194806150947699 ], [ -70.638286296247898, -34.194803573865457 ], [ -70.638308169423439, -34.194801006652291 ], [ -70.63833004147773, -34.194798437646789 ], [ -70.638351913530514, -34.194795868637406 ], [ -70.63837378453178, -34.194793301441635 ], [ -70.63839565659903, -34.194790733326009 ], [ -70.638417527300888, -34.194788150797116 ], [ -70.638439395709312, -34.194785561982897 ], [ -70.638461266565102, -34.194782987559734 ], [ -70.638483139746199, -34.194780421217139 ], [ -70.638505009357118, -34.194777838687308 ], [ -70.638526877759574, -34.194775249857656 ], [ -70.638548748644311, -34.194772677222005 ], [ -70.638570621801975, -34.194770109962477 ], [ -70.638592524749328, -34.194767680265265 ], [ -70.638614389437649, -34.194765068024786 ], [ -70.638635976029917, -34.19476120699764 ], [ -70.638657442631782, -34.194756809239102 ], [ -70.638679152790814, -34.194753557924123 ], [ -70.63870114854376, -34.194751662593205 ], [ -70.638723024728847, -34.194749196259558 ], [ -70.638744539096891, -34.19474502418101 ], [ -70.638766023566589, -34.194740709123707 ], [ -70.638787849592831, -34.194738006294656 ], [ -70.638790629643694, -34.194737772574385 ], [ -70.638809855992235, -34.194736156790121 ], [ -70.638831629378046, -34.194733201271518 ], [ -70.638853151888441, -34.19472905792054 ], [ -70.638874638622255, -34.194724748224417 ], [ -70.638896114682467, -34.19472039177743 ], [ -70.638917646859596, -34.194716299684444 ], [ -70.638939457356813, -34.194713523996199 ], [ -70.638961462520953, -34.194711667267299 ], [ -70.638983245463038, -34.194708757582276 ], [ -70.639004764599349, -34.194704608839558 ], [ -70.639026245370275, -34.194700272144956 ], [ -70.639034970465843, -34.194698602780122 ], [ -70.639047771604638, -34.194696153958631 ], [ -70.639069297854206, -34.194692036670062 ], [ -70.639090825221317, -34.19468792116627 ], [ -70.639112351483817, -34.194683804771742 ], [ -70.639133879966224, -34.194679691048997 ], [ -70.639155427026168, -34.194675640195058 ], [ -70.639176916104987, -34.194671397142784 ], [ -70.6391982556503, -34.194666661037395 ], [ -70.639219536076851, -34.194661730043805 ], [ -70.63926248662834, -34.19465507027806 ], [ -70.639285039903314, -34.194650640754553 ], [ -70.639307616461707, -34.194646292972855 ], [ -70.63933019198501, -34.194641947906057 ], [ -70.639352767488418, -34.194637601933643 ], [ -70.639375347538348, -34.194633266717091 ], [ -70.639397968576205, -34.194629086947195 ], [ -70.639420556983325, -34.194624791286635 ], [ -70.639442752841418, -34.194619277226174 ], [ -70.639464547548968, -34.194612717110765 ], [ -70.639478949527998, -34.194608990742417 ], [ -70.639486662341682, -34.194606995827208 ], [ -70.639509233995994, -34.194602620120726 ], [ -70.639531878269253, -34.194598520269416 ], [ -70.639551795171315, -34.194594908635779 ], [ -70.639554521350533, -34.194594415019502 ], [ -70.639577035087569, -34.194589850712283 ], [ -70.639599032222421, -34.194583826197928 ], [ -70.639643190855352, -34.194572251973526 ], [ -70.639799918745496, -34.194549549614166 ], [ -70.639789012532859, -34.19453457617518 ], [ -70.639789520549328, -34.194534471997081 ], [ -70.6397894359731, -34.194534251303111 ], [ -70.639788838245011, -34.194532860716677 ], [ -70.639788745318526, -34.194532713174169 ], [ -70.639785626271134, -34.194527768326296 ], [ -70.639784602995121, -34.19452614537321 ], [ -70.639783838324576, -34.194524931953495 ], [ -70.639780667801588, -34.194519906638298 ], [ -70.639778345865011, -34.194516225272928 ], [ -70.639776498621615, -34.194513296814939 ], [ -70.639775072987391, -34.194512078705614 ], [ -70.639774631627958, -34.194511702274148 ], [ -70.639769825108303, -34.194507596949407 ], [ -70.639736816203182, -34.194479405720358 ], [ -70.639699895720469, -34.194447875380277 ], [ -70.639694293646087, -34.19444309086699 ], [ -70.639603280213919, -34.194365362280699 ], [ -70.639569738480191, -34.194336716442947 ], [ -70.639544810043105, -34.194315426265106 ], [ -70.639482950274115, -34.194262596800833 ], [ -70.639380782809681, -34.194175341605941 ], [ -70.639358174502689, -34.194164924053894 ], [ -70.639253998747407, -34.194116920689481 ], [ -70.639185233174388, -34.19410518396063 ], [ -70.639093933467663, -34.194109567311251 ], [ -70.63906813087543, -34.194115656112437 ], [ -70.638980222039677, -34.194136399175953 ], [ -70.638877562851036, -34.194144099214569 ], [ -70.638824207380878, -34.19414164795301 ], [ -70.638755013373213, -34.19410776759824 ], [ -70.638616382149536, -34.193982670127944 ], [ -70.638579896512667, -34.193949744969999 ], [ -70.638468237577683, -34.193848986188499 ], [ -70.638429863946044, -34.19383367888949 ], [ -70.638376570955856, -34.193834390753771 ], [ -70.637784247895752, -34.193822619196027 ], [ -70.637779676499662, -34.193822528745443 ], [ -70.637718392985803, -34.193821310917528 ], [ -70.637552229908323, -34.193818009038317 ], [ -70.637507317032913, -34.193817116286795 ], [ -70.637471009598329, -34.19381639448428 ], [ -70.637467169870831, -34.193816317699202 ], [ -70.637456215214058, -34.193816099644877 ], [ -70.637450660281246, -34.193815989849909 ], [ -70.637443017747344, -34.193815837588907 ], [ -70.63744293090393, -34.193815836043065 ], [ -70.637439999821169, -34.193815777785666 ], [ -70.637404860494371, -34.193815080045617 ], [ -70.637227597304758, -34.193811557099089 ], [ -70.637174660874948, -34.193810505313984 ], [ -70.63713859661388, -34.193809788282685 ], [ -70.636985642052863, -34.19381405607195 ], [ -70.636757137477872, -34.193820431048081 ], [ -70.636725002329214, -34.193821327855709 ], [ -70.636621530807304, -34.19382421530797 ], [ -70.636305663968514, -34.193833029229182 ], [ -70.636224132476841, -34.193835304443184 ], [ -70.636174255661544, -34.193836695669241 ], [ -70.636052089108588, -34.19384010524324 ], [ -70.635959232089178, -34.193829367933951 ], [ -70.635862272664497, -34.193818155953309 ], [ -70.635833740620157, -34.193814857430667 ], [ -70.635409715541172, -34.1937658238027 ], [ -70.635365170820094, -34.193760672811571 ], [ -70.635325165625147, -34.193756209714834 ], [ -70.634995325748037, -34.193719412335554 ], [ -70.634984424540676, -34.193718196037253 ], [ -70.63490917099729, -34.193709800414887 ], [ -70.634875673765265, -34.193706357746613 ], [ -70.634854543766593, -34.193704185781712 ], [ -70.634527646068221, -34.193670588729809 ], [ -70.634516255102682, -34.193669803629668 ], [ -70.634438793741737, -34.193664466039927 ], [ -70.634282077021481, -34.193653665831228 ], [ -70.634226480481317, -34.193649833922592 ], [ -70.634199293428026, -34.193647959861266 ], [ -70.634115220062924, -34.193642166417845 ], [ -70.634104431088403, -34.193641422854292 ], [ -70.63407517699433, -34.193640627717485 ], [ -70.634022485094889, -34.193639195290523 ], [ -70.633978128391078, -34.193637989050501 ], [ -70.633966010470175, -34.193637659036476 ], [ -70.633948233709475, -34.193637176266797 ], [ -70.633913090839002, -34.193632184447054 ], [ -70.633879196061145, -34.193627368961465 ], [ -70.633842428590043, -34.193622146278337 ], [ -70.633839143451027, -34.193621678757935 ], [ -70.633837425264389, -34.193621434733373 ], [ -70.63383684746691, -34.193621353158768 ], [ -70.633836275111236, -34.193621272413417 ], [ -70.633826053026198, -34.193619819730209 ], [ -70.633824570467667, -34.193619302048617 ], [ -70.63378529070549, -34.19360557796243 ], [ -70.633763210654109, -34.193597862920463 ], [ -70.633712982681757, -34.193580314330859 ], [ -70.633692345883233, -34.193573103956481 ], [ -70.63369185534286, -34.193572932849733 ], [ -70.633629388865018, -34.193551107124392 ], [ -70.63362338320924, -34.193549007635738 ], [ -70.633561078476447, -34.193527239234776 ], [ -70.633548785340778, -34.193522943911915 ], [ -70.633489475254692, -34.193502221271281 ], [ -70.633469255840808, -34.193495156790377 ], [ -70.63341692047841, -34.193476870575267 ], [ -70.633401349798874, -34.193471431308645 ], [ -70.633355425416838, -34.193455385248768 ], [ -70.633328795056158, -34.193446079657321 ], [ -70.633298929751973, -34.193435644890307 ], [ -70.633268073543917, -34.193424864422816 ], [ -70.633235217990048, -34.193413383776978 ], [ -70.633208621547112, -34.193404091233219 ], [ -70.633181887440699, -34.193394750019863 ], [ -70.633148604746481, -34.193383120842299 ], [ -70.633123713753307, -34.193374424157518 ], [ -70.633094929011307, -34.193364367204317 ], [ -70.63307364008358, -34.193356929153808 ], [ -70.633043224216408, -34.193346302371751 ], [ -70.632997492243675, -34.193330323046638 ], [ -70.63298025002679, -34.193324298214968 ], [ -70.632971182089918, -34.193321130337658 ], [ -70.632950025659071, -34.193315328940379 ], [ -70.632922441492511, -34.193307766372307 ], [ -70.632886598954371, -34.193297937685266 ], [ -70.632868065144962, -34.193292856106055 ], [ -70.632863042509456, -34.193291479302928 ], [ -70.632851042262899, -34.193288188141281 ], [ -70.632850457531958, -34.193288028203987 ], [ -70.63283891659502, -34.19328486438242 ], [ -70.632835224888893, -34.19328385219319 ], [ -70.632825240686515, -34.193281114002183 ], [ -70.632823571549508, -34.193280655600816 ], [ -70.632818156184442, -34.193279171307886 ], [ -70.632814154650944, -34.193278073971399 ], [ -70.632813852469468, -34.193277991428133 ], [ -70.632792874221636, -34.193271018090677 ], [ -70.632817800400858, -34.193223566501771 ], [ -70.632850373300172, -34.193200467065274 ], [ -70.632951616400945, -34.193199100091512 ], [ -70.633107553773129, -34.19319699447788 ], [ -70.633356562398404, -34.19320482780514 ], [ -70.633558602738987, -34.193223108693395 ], [ -70.633794760716597, -34.193237642222357 ], [ -70.634024014046815, -34.193244608852254 ], [ -70.634293450453555, -34.193236008964597 ], [ -70.63473811179756, -34.193198292406549 ], [ -70.635042498016674, -34.193185646338186 ], [ -70.635224633260975, -34.193161268747772 ], [ -70.635535940277279, -34.193105584349176 ], [ -70.63564157172965, -34.193104175809992 ], [ -70.635893794464423, -34.193140894036915 ], [ -70.636141815529783, -34.193198943950144 ], [ -70.636348703360184, -34.193206400817303 ], [ -70.636730748554257, -34.193186034203514 ], [ -70.63680384412379, -34.193165017887338 ], [ -70.636125680073206, -34.193016601290132 ], [ -70.635968086398492, -34.193003434027766 ], [ -70.635749087158402, -34.192962455572051 ], [ -70.63549653338552, -34.192908563513136 ], [ -70.635145447370647, -34.192938626266823 ], [ -70.634872424274661, -34.192921357017639 ], [ -70.634488426599049, -34.192810762043841 ], [ -70.634102120314978, -34.19265486592262 ], [ -70.633689199674293, -34.1924587639975 ], [ -70.633055106435819, -34.19215895903524 ], [ -70.632907447289952, -34.19209507602411 ], [ -70.632660395426441, -34.192058282750239 ], [ -70.632585354147707, -34.192052839824932 ], [ -70.632501522416774, -34.19203820912405 ], [ -70.632457026233951, -34.192008739907514 ], [ -70.632380529265888, -34.191883070577397 ], [ -70.632245181057684, -34.19178753000466 ], [ -70.631972557695292, -34.191675206311281 ], [ -70.631405295898659, -34.191487705232419 ], [ -70.630929264402354, -34.191338479323058 ], [ -70.63064172332858, -34.191256412556157 ], [ -70.630280517295333, -34.191165780301894 ], [ -70.63002230372382, -34.191115769163289 ], [ -70.629847235025707, -34.191089465596662 ], [ -70.629747291627254, -34.191087930542665 ], [ -70.629209344559285, -34.191122752621105 ], [ -70.628830676582751, -34.19113923348332 ], [ -70.628674676271629, -34.191148939845561 ], [ -70.628577248479289, -34.191158822390015 ], [ -70.62833696373977, -34.191204957222347 ], [ -70.62812062362292, -34.191242184802064 ], [ -70.627995806288737, -34.191261019396762 ], [ -70.627913469909615, -34.191279290085404 ], [ -70.627827504617017, -34.191288065882972 ], [ -70.627711651564937, -34.191295329271526 ], [ -70.627587835156703, -34.191306515233727 ], [ -70.62742186763198, -34.191335438252693 ], [ -70.627283381110317, -34.191360179459615 ], [ -70.627222767259894, -34.191373390458942 ], [ -70.627140173981942, -34.191378303124189 ], [ -70.627027618540296, -34.191377887187215 ], [ -70.626914806546282, -34.191364114534913 ], [ -70.62684808610895, -34.191358319448902 ], [ -70.626747213361341, -34.19136824623525 ], [ -70.626678507753638, -34.191378700388704 ], [ -70.62661698418303, -34.191404329140504 ], [ -70.626540278502091, -34.191416798265756 ], [ -70.626465685168071, -34.191419696336965 ], [ -70.626386353031606, -34.191415022256287 ], [ -70.626312541090542, -34.191398822977135 ], [ -70.626214051293871, -34.191353366000897 ], [ -70.626067588650912, -34.191261783040957 ], [ -70.625982730377117, -34.191208511128913 ], [ -70.625964287157217, -34.191204938587518 ], [ -70.625866303492515, -34.19112607366889 ], [ -70.625634252411118, -34.190943053992804 ], [ -70.625472188191424, -34.19081636714867 ], [ -70.625206604468275, -34.190621384990145 ], [ -70.624939785824452, -34.190481770342224 ], [ -70.624676468416354, -34.19034497081217 ], [ -70.624674204360588, -34.190286786954864 ], [ -70.624663279174428, -34.190082599778187 ], [ -70.624653078927466, -34.190076541800423 ], [ -70.624616538904718, -34.19005483870491 ], [ -70.62460742420069, -34.190049424608311 ], [ -70.624604675737672, -34.190047791908704 ], [ -70.624537068502406, -34.190007635167426 ], [ -70.624513385041411, -34.189993568943727 ], [ -70.624507970569567, -34.189993640650485 ], [ -70.624392019920876, -34.189995175288061 ], [ -70.624371823320899, -34.189995442741278 ], [ -70.624366408848573, -34.189995514441783 ], [ -70.624325150999297, -34.190015525518483 ], [ -70.624259517917309, -34.190047359104476 ], [ -70.624165894525902, -34.190087821310179 ], [ -70.624044662690523, -34.190095028895058 ], [ -70.62397107008762, -34.190127203963861 ], [ -70.62382329825391, -34.190191811515803 ], [ -70.623736903445774, -34.190135353595338 ], [ -70.62371614980681, -34.190121791274706 ], [ -70.623543594480765, -34.190072880486362 ], [ -70.623451744355606, -34.190046845880559 ], [ -70.623417717112886, -34.190030486179836 ], [ -70.623353463218479, -34.189977916272689 ], [ -70.623341807452348, -34.18996837963725 ], [ -70.623339179314641, -34.189966229527094 ], [ -70.623314327438436, -34.189946503946452 ], [ -70.62324650656376, -34.189892671873636 ], [ -70.623131407890341, -34.189869123252066 ], [ -70.623128887036032, -34.18986860745526 ], [ -70.623080296021342, -34.189857885012685 ], [ -70.622992860344525, -34.189839995581906 ], [ -70.622931594647469, -34.189843122724554 ], [ -70.622924439845406, -34.189843487905826 ], [ -70.622844663797267, -34.189847559648491 ], [ -70.622699223989216, -34.189853963512896 ], [ -70.622662763211039, -34.189855569392755 ], [ -70.622543645306621, -34.189800346021208 ], [ -70.622533501602874, -34.189795644219323 ], [ -70.622882936349939, -34.189803909138917 ], [ -70.622976451669345, -34.189757845988268 ], [ -70.623094950505376, -34.189717493778801 ], [ -70.623130530541147, -34.189705378043335 ], [ -70.623275487133938, -34.189543198145685 ], [ -70.623282687807219, -34.189531071978521 ], [ -70.623332050868129, -34.189447950133925 ], [ -70.623360669616716, -34.189399759882512 ], [ -70.6232513108679, -34.18932276201631 ], [ -70.623219425427052, -34.189318378638951 ], [ -70.623075426951203, -34.189298584844018 ], [ -70.623028212994925, -34.189292094908055 ], [ -70.62291114651002, -34.189164770375257 ], [ -70.622835922513602, -34.189109733001111 ], [ -70.622793537912159, -34.189077892773184 ], [ -70.622733305794526, -34.189032646362563 ], [ -70.622678112512489, -34.188967322075882 ], [ -70.622622870186191, -34.188786759132341 ], [ -70.622380595486078, -34.188739817578501 ], [ -70.62159012337365, -34.1886906239246 ], [ -70.620784845448171, -34.188617762807873 ], [ -70.620556591328238, -34.188692353334183 ] ] ] } },
{ "type": "Feature", "properties": { "zona": "98" }, "geometry": { "type": "Polygon", "coordinates": [ [ [ -70.639925584557858, -34.194526686159698 ], [ -70.639968144665076, -34.194561122132285 ], [ -70.639968453468356, -34.194561658137467 ], [ -70.639976304933441, -34.194575342357261 ], [ -70.640021755447378, -34.194660800813459 ], [ -70.640077887676512, -34.194915330752004 ], [ -70.640136569934597, -34.195081187772765 ], [ -70.640127194946515, -34.195158791248026 ], [ -70.640111208476867, -34.195291114206775 ], [ -70.640110827868099, -34.195294267222096 ], [ -70.640114258385566, -34.19530593477235 ], [ -70.640139411000348, -34.195391504979511 ], [ -70.640179345468226, -34.195527357942133 ], [ -70.640213885361931, -34.19554816867727 ], [ -70.640239616773925, -34.19555491575138 ], [ -70.640265968251583, -34.195593564809691 ], [ -70.640262320275681, -34.195625523876032 ], [ -70.640321043446605, -34.195840732597063 ], [ -70.640340400252398, -34.195911671306384 ], [ -70.640372546988445, -34.195955258232736 ], [ -70.640397367275256, -34.1959889123358 ], [ -70.640387453339542, -34.196137957757635 ], [ -70.640388825480983, -34.196208851135893 ], [ -70.640402585528392, -34.196258305315702 ], [ -70.640403234054062, -34.196258563553002 ], [ -70.640455334760688, -34.196471738084988 ], [ -70.640607689511498, -34.196649079704521 ], [ -70.640610483384179, -34.196653645643991 ], [ -70.640693167482624, -34.196788757036728 ], [ -70.640700820386002, -34.196925148000297 ], [ -70.640650981433268, -34.197087100061779 ], [ -70.640630143685485, -34.197104880391933 ], [ -70.640396956426144, -34.197303846993002 ], [ -70.640370026894956, -34.197350739816564 ], [ -70.640325514144422, -34.197428249639188 ], [ -70.640312802779221, -34.197441346780153 ], [ -70.639907114656353, -34.197555047334667 ], [ -70.639885838423311, -34.197557596040532 ], [ -70.63974008596675, -34.197592945541587 ], [ -70.639614048739801, -34.197682952735555 ], [ -70.639569692896742, -34.197734532871458 ], [ -70.639498798550463, -34.197816972225787 ], [ -70.639461861403703, -34.197899283164112 ], [ -70.639438990651826, -34.197950250539208 ], [ -70.639413053057254, -34.198042755426243 ], [ -70.639426287020555, -34.198075305771447 ], [ -70.639465223222004, -34.198171072505559 ], [ -70.639471282998954, -34.198185976384302 ], [ -70.639555561050784, -34.198242448443473 ], [ -70.639589246987782, -34.198239842106631 ], [ -70.63964554335746, -34.198235486225158 ], [ -70.639713731293469, -34.198176975096921 ], [ -70.639766095318393, -34.19807076319097 ], [ -70.639773761910646, -34.198055213227761 ], [ -70.639835019027586, -34.197996795597263 ], [ -70.639980108034266, -34.197971815675537 ], [ -70.640095592974788, -34.197994170790729 ], [ -70.640125861700056, -34.198001831966636 ], [ -70.640359391777778, -34.198060936983815 ], [ -70.640657941483767, -34.198038336620414 ], [ -70.640707715785041, -34.198004143731595 ], [ -70.640735952921048, -34.197984746799165 ], [ -70.640872325666251, -34.197867723359643 ], [ -70.64105841948782, -34.197612102054201 ], [ -70.641122161209935, -34.197524544650911 ], [ -70.641209151061574, -34.197431148553591 ], [ -70.641285137717929, -34.197349565263053 ], [ -70.641339054293695, -34.197290379471013 ], [ -70.64136956847824, -34.197225161394428 ], [ -70.641359886554824, -34.19722109162484 ], [ -70.641402582071919, -34.197141646310186 ], [ -70.641428078694645, -34.197094204357526 ], [ -70.641438716421973, -34.197074410686803 ], [ -70.641530146909389, -34.197050585292793 ], [ -70.641561052186077, -34.197055770477803 ], [ -70.64162238637752, -34.197066198598435 ], [ -70.641870374122377, -34.197109013261993 ], [ -70.64193489427295, -34.197144612626673 ], [ -70.641987934457418, -34.197191707547987 ], [ -70.642016745840195, -34.197217289726943 ], [ -70.642165175758493, -34.197349083407111 ], [ -70.642208893198216, -34.197387899868431 ], [ -70.642244098101315, -34.197421112451352 ], [ -70.642261202462777, -34.197427003441291 ], [ -70.642261555343651, -34.197427124957883 ], [ -70.64227777367293, -34.197432710401792 ], [ -70.642689582068797, -34.197110358207453 ], [ -70.642716806111039, -34.19709281571965 ], [ -70.64308378828818, -34.197420006404514 ], [ -70.643137051426692, -34.197442196682083 ], [ -70.643197944485451, -34.197443289845026 ], [ -70.643261836764893, -34.197421438070023 ], [ -70.643356306183833, -34.197377227679027 ], [ -70.643486258812786, -34.19732681580286 ], [ -70.643660789143922, -34.197265308524173 ], [ -70.643760147000208, -34.197236302131884 ], [ -70.643845522657671, -34.197226568974699 ], [ -70.64443686405717, -34.19715995056356 ], [ -70.644500451610583, -34.197151941011533 ], [ -70.644582956357695, -34.197142245836005 ], [ -70.644665405494607, -34.197129688373671 ], [ -70.644725270381954, -34.197107412835955 ], [ -70.644790134879528, -34.19707648129188 ], [ -70.645270656750526, -34.196715027278621 ], [ -70.645630420873559, -34.196433923107506 ], [ -70.645954597839946, -34.196183356283356 ], [ -70.646091712539587, -34.196058408176228 ], [ -70.646413551763942, -34.19577637879631 ], [ -70.646562415625212, -34.195635525639993 ], [ -70.646613026957624, -34.195580449640062 ], [ -70.646648081436425, -34.195522719496672 ], [ -70.646693108915173, -34.195446245650999 ], [ -70.646778883153615, -34.195250411632934 ], [ -70.646868516393582, -34.194987245331518 ], [ -70.646892616514577, -34.194927276236868 ], [ -70.647718734203494, -34.195063624904648 ], [ -70.647917658856059, -34.195105328117251 ], [ -70.647974633838444, -34.195111720513722 ], [ -70.648022579147323, -34.1950967614357 ], [ -70.648070162381643, -34.195063197407372 ], [ -70.648108911950303, -34.195018301055342 ], [ -70.648282458029612, -34.194729670472711 ], [ -70.648327427907716, -34.194650333845097 ], [ -70.648450632148013, -34.194253586441654 ], [ -70.648444601317493, -34.194209291809024 ], [ -70.648435233167518, -34.194082014806675 ], [ -70.648440283763833, -34.19398746870305 ], [ -70.648454723060752, -34.193925362213633 ], [ -70.648477633994588, -34.193811728216161 ], [ -70.648574910795318, -34.193581388083096 ], [ -70.647899387587586, -34.193441622335918 ], [ -70.646167758161212, -34.193100321320273 ], [ -70.645614601277401, -34.193002767681293 ], [ -70.645273856344986, -34.192961531061776 ], [ -70.64497970474433, -34.192954024379759 ], [ -70.644623886090699, -34.192964521721215 ], [ -70.644449699055727, -34.19298403499706 ], [ -70.644076583037403, -34.193050113285182 ], [ -70.643949248136551, -34.193077268482291 ], [ -70.643766376080592, -34.193122664911513 ], [ -70.643557969390841, -34.193183910203437 ], [ -70.642905225680664, -34.193428851183803 ], [ -70.642244029215647, -34.193682251893598 ], [ -70.641424789503588, -34.194003374652709 ], [ -70.64059684018028, -34.194319836578707 ], [ -70.640324305177174, -34.194405792951805 ], [ -70.639925584557858, -34.194526686159698 ] ] ] } },
{ "type": "Feature", "properties": { "zona": "87" }, "geometry": { "type": "Polygon", "coordinates": [ [ [ -70.659961849725349, -34.200267105014582 ], [ -70.659846517413811, -34.200395384047489 ], [ -70.659803519766456, -34.200467460798862 ], [ -70.659739130302725, -34.200575394556679 ], [ -70.659715783537948, -34.200628390912065 ], [ -70.659672760786918, -34.200726050716234 ], [ -70.659619235674896, -34.200824693929739 ], [ -70.659468572123814, -34.200918890408673 ], [ -70.65937346520974, -34.201018096142818 ], [ -70.659368001526744, -34.201093049070032 ], [ -70.659251200213362, -34.201146468430252 ], [ -70.659202912515809, -34.201158642105938 ], [ -70.65913620310377, -34.20129202288156 ], [ -70.659119519585943, -34.201311749218746 ], [ -70.659081999996388, -34.201356114736143 ], [ -70.659005236321676, -34.201400929047516 ], [ -70.659007380091566, -34.201510337553358 ], [ -70.658976811542686, -34.201557032841173 ], [ -70.658973255216239, -34.201562465129626 ], [ -70.658919878688238, -34.201643999466725 ], [ -70.658782510533385, -34.201709216987346 ], [ -70.658770794504065, -34.201714283522648 ], [ -70.658713769414675, -34.201738945911067 ], [ -70.658645705108981, -34.201803225947721 ], [ -70.65864649475094, -34.201843533969971 ], [ -70.65861330912972, -34.201918861779014 ], [ -70.658509237774766, -34.201914509888198 ], [ -70.658303240138792, -34.202015213445677 ], [ -70.658165757022132, -34.202074671641569 ], [ -70.658007144940939, -34.202117135627894 ], [ -70.657948655776352, -34.202150688602458 ], [ -70.657904313689258, -34.202176125071219 ], [ -70.657830446136771, -34.202298081523047 ], [ -70.657831094896267, -34.202331213749339 ], [ -70.657833490530152, -34.202453558592886 ], [ -70.657844366810266, -34.202655007791527 ], [ -70.657888863320409, -34.202925640697735 ], [ -70.657889196023262, -34.202927666878395 ], [ -70.656764401984233, -34.202698270223479 ], [ -70.656723884514136, -34.202912658616434 ], [ -70.656700974254832, -34.203150594944489 ], [ -70.65658973024874, -34.20330822026564 ], [ -70.656543145905076, -34.203394520371106 ], [ -70.656530116530718, -34.203464894789072 ], [ -70.656535159083091, -34.203539316589961 ], [ -70.656597527513085, -34.203863988714566 ], [ -70.656619974605889, -34.204028727015185 ], [ -70.656611224253723, -34.204132648287384 ], [ -70.656565109283591, -34.204510906901874 ], [ -70.656412333255759, -34.205466583499735 ], [ -70.656349569976996, -34.205927892702874 ], [ -70.65631414984091, -34.20624568391937 ], [ -70.656369227993082, -34.206333165874192 ], [ -70.657040557920254, -34.206880886504671 ], [ -70.657054340242269, -34.206924837751394 ], [ -70.657047817394059, -34.206958326562535 ], [ -70.657030580811764, -34.207031327503124 ], [ -70.656921068380285, -34.207451516236667 ], [ -70.656909912075406, -34.207468367757421 ], [ -70.656869859596966, -34.207476066768521 ], [ -70.656839622351598, -34.207471703380826 ], [ -70.656811335520672, -34.207471668049017 ], [ -70.656778608139732, -34.207472110199646 ], [ -70.65654519819212, -34.207518923804983 ], [ -70.656247333561893, -34.207573764455177 ], [ -70.65571690625211, -34.207674689921106 ], [ -70.655521972331783, -34.207706666372786 ], [ -70.655496214729922, -34.207711094383242 ], [ -70.655391495986265, -34.207727776852217 ], [ -70.655308889227499, -34.207732708897822 ], [ -70.655202073782675, -34.207733196628318 ], [ -70.655091719996079, -34.207728960107701 ], [ -70.654974269824422, -34.207714321408631 ], [ -70.654861040795979, -34.207680539787354 ], [ -70.654727805682867, -34.207622215324768 ], [ -70.654653359342774, -34.207574549380979 ], [ -70.654504095037097, -34.207460135615491 ], [ -70.654475394068385, -34.207438856251009 ], [ -70.654391309422266, -34.207471006256284 ], [ -70.654303798505893, -34.207511553272766 ], [ -70.654257764162296, -34.207543785929623 ], [ -70.65420652477701, -34.207603525478838 ], [ -70.65413059522551, -34.207685667689248 ], [ -70.654088348180849, -34.207727989064423 ], [ -70.654031155625077, -34.207777072935698 ], [ -70.653994416510344, -34.207807391108666 ], [ -70.653959714711561, -34.207831717803522 ], [ -70.653902902454234, -34.207863499653811 ], [ -70.653831170117954, -34.207903236600067 ], [ -70.653660511567438, -34.207987251143322 ], [ -70.653527252177227, -34.208037957434854 ], [ -70.653460240510242, -34.208062122698763 ], [ -70.653393759680213, -34.208076737843847 ], [ -70.653299358400247, -34.208095307405344 ], [ -70.653210395350555, -34.208098295763762 ], [ -70.653157295321236, -34.208099608532933 ], [ -70.653080324190398, -34.208091699234075 ], [ -70.653012612574585, -34.20808008613902 ], [ -70.652948525308176, -34.208070214072912 ], [ -70.652899627094158, -34.20806610124022 ], [ -70.65283350352432, -34.208062221452536 ], [ -70.652768920263412, -34.208063687920756 ], [ -70.652704429058772, -34.208069925028681 ], [ -70.652647162108735, -34.208078450703383 ], [ -70.652486454219343, -34.208120578888987 ], [ -70.652342369639911, -34.208168446877686 ], [ -70.651806202640415, -34.208380372682484 ], [ -70.651312433603309, -34.208594588239329 ], [ -70.651073174819814, -34.208695151610087 ], [ -70.650892550983215, -34.208798503214581 ], [ -70.650782799573065, -34.208869406981918 ], [ -70.650631846161559, -34.208948024018163 ], [ -70.650495768148119, -34.208994231135918 ], [ -70.650388582321426, -34.20902000939121 ], [ -70.650256003905781, -34.209069033018864 ], [ -70.64994848154069, -34.209203435630236 ], [ -70.649420725503077, -34.209442436655408 ], [ -70.649398512276179, -34.209454907782337 ], [ -70.649326441173329, -34.20948779901105 ], [ -70.649245659089246, -34.20952460180051 ], [ -70.649181787578698, -34.209553803732547 ], [ -70.649126966785914, -34.20957887666308 ], [ -70.649059424169465, -34.209609845682884 ], [ -70.648966883150564, -34.209651839834194 ], [ -70.64896808034554, -34.209653568569365 ], [ -70.648992946712724, -34.209685463569897 ], [ -70.648998307825451, -34.209692340154696 ], [ -70.648998979080403, -34.209693201290769 ], [ -70.649041482547773, -34.209788316946472 ], [ -70.649042474383165, -34.209790535372591 ], [ -70.649073720057146, -34.209883067475836 ], [ -70.649079261535391, -34.209899479151566 ], [ -70.6491574115459, -34.209996346256254 ], [ -70.649234825712313, -34.210071760401881 ], [ -70.649249902289583, -34.21008644688095 ], [ -70.64925073870856, -34.210087261609807 ], [ -70.649251929629102, -34.210091397123897 ], [ -70.649253998535812, -34.210093411700704 ], [ -70.649277553327735, -34.210116359351169 ], [ -70.649326016787739, -34.210177424141762 ], [ -70.649327306398234, -34.210179048833723 ], [ -70.649322843434916, -34.210305827029003 ], [ -70.649289534684655, -34.210352470262734 ], [ -70.649268852736526, -34.210381432215399 ], [ -70.649266452574437, -34.210386815317378 ], [ -70.649222353460999, -34.210485735842404 ], [ -70.649216733101639, -34.210541536981289 ], [ -70.649210735423466, -34.210601090752895 ], [ -70.649255689084356, -34.210773284158321 ], [ -70.649278839232849, -34.210893930761415 ], [ -70.649280339420116, -34.210920175055413 ], [ -70.64928063592167, -34.210925364989102 ], [ -70.649289361588785, -34.211078106724017 ], [ -70.649345148116709, -34.211094636115376 ], [ -70.649442186787212, -34.211093330907026 ], [ -70.649498263934547, -34.21107915808097 ], [ -70.649531099071083, -34.211070858793995 ], [ -70.64962215661501, -34.21106963389861 ], [ -70.649624671884794, -34.211069600062537 ], [ -70.649651978508146, -34.211067339106279 ], [ -70.64971811734037, -34.211061863195972 ], [ -70.649841376389276, -34.211060204925666 ], [ -70.649897465373144, -34.211059450289348 ], [ -70.649999467169437, -34.211090477649179 ], [ -70.650080516096651, -34.21112988072592 ], [ -70.650109708635014, -34.211144073265849 ], [ -70.650131298250258, -34.211155270690938 ], [ -70.650176683647345, -34.211178811687319 ], [ -70.650361382263497, -34.211250845325118 ], [ -70.650505324666341, -34.211232707676302 ], [ -70.650598581774531, -34.21121525300812 ], [ -70.650601071875457, -34.211213371861902 ], [ -70.650687911063599, -34.211147779409416 ], [ -70.650694662590254, -34.211142680362023 ], [ -70.650743894791475, -34.211067499313394 ], [ -70.650761494491519, -34.210970063052656 ], [ -70.650761069948757, -34.210948295782828 ], [ -70.650760167836438, -34.210902042362555 ], [ -70.650759395236946, -34.210862429284496 ], [ -70.650756819605547, -34.210730369762729 ], [ -70.650846831185135, -34.21066062534932 ], [ -70.650887702411666, -34.210605872602819 ], [ -70.650991741818018, -34.2105781695929 ], [ -70.651069087137202, -34.210544727559309 ], [ -70.651130583606346, -34.210498541126576 ], [ -70.65118447206504, -34.210462175867015 ], [ -70.651226599970485, -34.210422729055438 ], [ -70.651326923994219, -34.210374731137428 ], [ -70.651396569102417, -34.210339442167012 ], [ -70.651462911957637, -34.210341788624383 ], [ -70.651545039378533, -34.21035364212657 ], [ -70.651701624319614, -34.210383932948567 ], [ -70.651768852176019, -34.210431626647654 ], [ -70.651820990828767, -34.210505442662367 ], [ -70.651880801745889, -34.210572676429763 ], [ -70.65194105419782, -34.210662583429531 ], [ -70.652007622146058, -34.210825757698899 ], [ -70.652053620479776, -34.210902259594938 ], [ -70.652095278604079, -34.210971541244703 ], [ -70.652162455342577, -34.211057448575374 ], [ -70.65225750758816, -34.211107905100555 ], [ -70.652382986299429, -34.211148559227603 ], [ -70.652414634527048, -34.211158812764552 ], [ -70.652531391381132, -34.211196641043919 ], [ -70.652700272349847, -34.211237489031546 ], [ -70.652853719560767, -34.211306699271525 ], [ -70.653101850003921, -34.211450594898231 ], [ -70.65329392988798, -34.211603073556041 ], [ -70.653378515227899, -34.211688722931974 ], [ -70.653436802349077, -34.211747742819945 ], [ -70.653524798458307, -34.211836844779192 ], [ -70.653625151833964, -34.211992322579079 ], [ -70.65367290719594, -34.212155862247066 ], [ -70.653684565479566, -34.212353341654342 ], [ -70.653690755202717, -34.212512529255989 ], [ -70.653683617409285, -34.21255512725611 ], [ -70.653656563302292, -34.212716593660808 ], [ -70.653617093571782, -34.212892083337152 ], [ -70.653591863687609, -34.212998045808 ], [ -70.653576248690314, -34.213055806944688 ], [ -70.653559370390496, -34.213118241604164 ], [ -70.653584723836147, -34.213231419233196 ], [ -70.653562633250885, -34.213298459838313 ], [ -70.653539936193312, -34.213334406441703 ], [ -70.653524973529272, -34.213367006156389 ], [ -70.653533594002738, -34.213409009321083 ], [ -70.653526745540972, -34.213457700847549 ], [ -70.653504996607467, -34.213542232935232 ], [ -70.653496034752109, -34.213558811097606 ], [ -70.653448537363985, -34.213646673267448 ], [ -70.653337935332445, -34.2137745218905 ], [ -70.653318558562987, -34.213802366805339 ], [ -70.653296149537709, -34.213834567337237 ], [ -70.653282540444337, -34.213854121603717 ], [ -70.653281032782814, -34.213856288027905 ], [ -70.653243118414053, -34.213911878154391 ], [ -70.65324419616266, -34.213949656571359 ], [ -70.653249812652533, -34.213988298059476 ], [ -70.653252814538504, -34.214008946682512 ], [ -70.65329646290769, -34.214047236808234 ], [ -70.653347796217375, -34.214079308727541 ], [ -70.653367530252638, -34.214091637891855 ], [ -70.653408499447522, -34.214098460661084 ], [ -70.653457523752891, -34.214106624768725 ], [ -70.653461328247431, -34.214107795300855 ], [ -70.653482912488641, -34.214124655895624 ], [ -70.653678123145681, -34.213975343156157 ], [ -70.653903489346646, -34.213780484120988 ], [ -70.653984526513582, -34.213694934069267 ], [ -70.654072090488583, -34.21359068620086 ], [ -70.654137791835524, -34.213513930908761 ], [ -70.654198268639107, -34.213434383096612 ], [ -70.654281687444097, -34.213294403485591 ], [ -70.654484379952635, -34.212909462558777 ], [ -70.65463565629166, -34.212626849912013 ], [ -70.654784313100023, -34.212298465888537 ], [ -70.654960252199913, -34.212212468602296 ], [ -70.655120397600001, -34.21219038545793 ], [ -70.655365602163343, -34.212246720832248 ], [ -70.655582154938728, -34.212306424805575 ], [ -70.65571535583004, -34.212270807533216 ], [ -70.655900560467572, -34.212049289479531 ], [ -70.656046872538909, -34.211777478668836 ], [ -70.656390273147792, -34.211377989279356 ], [ -70.656644217184237, -34.211220674194429 ], [ -70.657358533016861, -34.210830246967753 ], [ -70.657331736358643, -34.210558030491754 ], [ -70.657265841491125, -34.210272623993326 ], [ -70.657191639558135, -34.210010015124865 ], [ -70.657176588752534, -34.209945324342755 ], [ -70.657159109672477, -34.20975660485076 ], [ -70.657155206139919, -34.209674585632214 ], [ -70.657176866492932, -34.20960748980162 ], [ -70.657228346518394, -34.209538082944363 ], [ -70.658815378580655, -34.208086571458963 ], [ -70.659616028231696, -34.20732659505083 ], [ -70.659957883447163, -34.207040442743342 ], [ -70.661025048340107, -34.206107456745656 ], [ -70.661823749531877, -34.205396402041771 ], [ -70.662837827756448, -34.204540466042687 ], [ -70.664625306142767, -34.202992321200483 ], [ -70.666267688421911, -34.201644781395139 ], [ -70.667243823307302, -34.200770022243589 ], [ -70.667132156054734, -34.200714562274257 ], [ -70.667119615399656, -34.200713375651326 ], [ -70.666979821049068, -34.200700153950294 ], [ -70.666970818042387, -34.200700276318386 ], [ -70.666799630709804, -34.200702602955971 ], [ -70.666728006350112, -34.200708836082569 ], [ -70.666564337764569, -34.200723080152692 ], [ -70.666560604394519, -34.2007227440455 ], [ -70.666542912724651, -34.200721150347697 ], [ -70.666453224755017, -34.200713069581738 ], [ -70.6662423137753, -34.200704415700578 ], [ -70.666114561741736, -34.200688503682748 ], [ -70.666043149735202, -34.200679608958069 ], [ -70.666033836069303, -34.200678448721476 ], [ -70.666024833060618, -34.20067857102007 ], [ -70.665791272323887, -34.200681742621143 ], [ -70.665782269313709, -34.200681864901945 ], [ -70.665647865366878, -34.200683690326436 ], [ -70.665461991928765, -34.20068621544938 ], [ -70.665444751887364, -34.200686449560422 ], [ -70.665243658140142, -34.200683419937974 ], [ -70.665073347259039, -34.200671600489301 ], [ -70.665035406103385, -34.200668967678681 ], [ -70.664949379583021, -34.200651762080007 ], [ -70.664819658366483, -34.200625817640507 ], [ -70.664736764407564, -34.200603114856754 ], [ -70.664659353399458, -34.200581913804974 ], [ -70.66450552652671, -34.200514882858464 ], [ -70.664465215062421, -34.200497223292956 ], [ -70.664115632931768, -34.200344075697089 ], [ -70.664036681878471, -34.200309487445196 ], [ -70.663969906934454, -34.200280234445486 ], [ -70.663739394079073, -34.200191203930956 ], [ -70.663550188730611, -34.200093082405949 ], [ -70.663501273266576, -34.200067714981103 ], [ -70.663416578238028, -34.200053938413703 ], [ -70.66317441591373, -34.200014548589188 ], [ -70.663170293705548, -34.200015464731884 ], [ -70.663165412962499, -34.200014670675877 ], [ -70.663004506131074, -34.200050422774773 ], [ -70.662996501575449, -34.200052201299933 ], [ -70.662972155103574, -34.200057610817389 ], [ -70.662934728820957, -34.200064158011244 ], [ -70.662757991860005, -34.200095073883297 ], [ -70.662585750750665, -34.200149248883015 ], [ -70.662528672749929, -34.200165080469681 ], [ -70.662454752283764, -34.200185584014363 ], [ -70.662375543866546, -34.200212137604453 ], [ -70.662275694191393, -34.200245610283865 ], [ -70.662203743760813, -34.200269729933879 ], [ -70.662186164495139, -34.200275622879779 ], [ -70.662073980476549, -34.20033251886646 ], [ -70.661973508522536, -34.200284264970094 ], [ -70.661977725475012, -34.200145969368293 ], [ -70.662051021132854, -34.199995219061208 ], [ -70.66200902825048, -34.199870905064195 ], [ -70.661983428819212, -34.199795119591386 ], [ -70.661977422456161, -34.199777338775675 ], [ -70.661871094398791, -34.199657821704783 ], [ -70.661786461592115, -34.199584088568926 ], [ -70.66178386235481, -34.199451647312813 ], [ -70.661763184550693, -34.19933885425678 ], [ -70.661762283990697, -34.1993339421551 ], [ -70.661754179477214, -34.199338975365734 ], [ -70.661745594820275, -34.199341385660112 ], [ -70.661653895178063, -34.199367128751007 ], [ -70.661516272751697, -34.199405763635617 ], [ -70.661464002706381, -34.199420437603912 ], [ -70.661212770531989, -34.199490964903283 ], [ -70.660944029622343, -34.199566407842433 ], [ -70.660197448154904, -34.199775987908936 ], [ -70.660159544200027, -34.199786628229376 ], [ -70.660150978888808, -34.199789033642844 ], [ -70.660153798592447, -34.199803714285707 ], [ -70.660087881950346, -34.19997740353655 ], [ -70.660015599906231, -34.200179979010599 ], [ -70.659961849725349, -34.200267105014582 ] ] ] } },
{ "type": "Feature", "properties": { "zona": "93" }, "geometry": { "type": "Polygon", "coordinates": [ [ [ -70.648022579147323, -34.195096761435686 ], [ -70.647974633838444, -34.195111720513708 ], [ -70.647917658856059, -34.195105328117251 ], [ -70.647718734203494, -34.195063624904627 ], [ -70.646892616514577, -34.194927276236868 ], [ -70.646868516393582, -34.194987245331511 ], [ -70.64677888315363, -34.195250411632934 ], [ -70.646693108915173, -34.195446245650992 ], [ -70.64664808143641, -34.195522719496672 ], [ -70.646613026957624, -34.195580449640048 ], [ -70.646562415625212, -34.195635525639993 ], [ -70.646413551763928, -34.195776378796296 ], [ -70.646091712539558, -34.196058408176206 ], [ -70.645954597839946, -34.196183356283335 ], [ -70.645630420873545, -34.196433923107506 ], [ -70.645270656750498, -34.196715027278621 ], [ -70.644790134879514, -34.19707648129188 ], [ -70.64472527038194, -34.197107412835948 ], [ -70.644665405494607, -34.197129688373643 ], [ -70.644582956357695, -34.197142245836005 ], [ -70.644500451610568, -34.197151941011533 ], [ -70.64443686405717, -34.197159950563545 ], [ -70.643845522657671, -34.197226568974692 ], [ -70.643760147000194, -34.197236302131884 ], [ -70.643660789143922, -34.197265308524173 ], [ -70.643486258812786, -34.197326815802853 ], [ -70.643356306183833, -34.197377227679013 ], [ -70.643261836764893, -34.197421438070023 ], [ -70.643197944485451, -34.197443289845012 ], [ -70.643137051426677, -34.197442196682069 ], [ -70.643083788288166, -34.197420006404514 ], [ -70.642716806111025, -34.197092815719657 ], [ -70.642689582068769, -34.197110358207432 ], [ -70.642277773672916, -34.197432710401777 ], [ -70.642261555343651, -34.197427124957883 ], [ -70.642261202462777, -34.197427003441291 ], [ -70.642243642524562, -34.197441212601909 ], [ -70.642232043463181, -34.197450598871292 ], [ -70.642228039867973, -34.197453552426339 ], [ -70.642214092641865, -34.197463846611797 ], [ -70.642212593699341, -34.19746495235907 ], [ -70.64221368232657, -34.197465799832685 ], [ -70.642214438426379, -34.197466400177184 ], [ -70.642214628059364, -34.197466553636623 ], [ -70.642215314739914, -34.197467211719307 ], [ -70.642216083226515, -34.197467947156753 ], [ -70.642221869580851, -34.197473486529205 ], [ -70.64229489862619, -34.197543406858365 ], [ -70.642318130302073, -34.197566876087919 ], [ -70.642423351550448, -34.197673173704658 ], [ -70.642460457278645, -34.197710659291758 ], [ -70.642573459669833, -34.197789306664404 ], [ -70.642652355924412, -34.197833377783795 ], [ -70.64273116340064, -34.197877399543238 ], [ -70.64284975779178, -34.197916131726764 ], [ -70.64293415051975, -34.197978359216869 ], [ -70.642984226701842, -34.198058328811882 ], [ -70.642982922646411, -34.198071268905466 ], [ -70.642972601110401, -34.198173682652161 ], [ -70.64288496542045, -34.198301576007466 ], [ -70.642741552531035, -34.198412935719801 ], [ -70.642632533340162, -34.198510585591791 ], [ -70.642557638898225, -34.198580707669976 ], [ -70.642566246139893, -34.198666991204973 ], [ -70.642629624103506, -34.198717982589507 ], [ -70.642680257909262, -34.198826743227656 ], [ -70.642730335458992, -34.19890671199208 ], [ -70.642826497950523, -34.198905423974274 ], [ -70.64282735938437, -34.198905411534021 ], [ -70.642958174144127, -34.198903660157164 ], [ -70.642959035595396, -34.19890364861746 ], [ -70.643138362829475, -34.198901246280748 ], [ -70.643139224280617, -34.198901234739786 ], [ -70.643147383659752, -34.198903111026034 ], [ -70.643257596785745, -34.19892844902985 ], [ -70.643404810696794, -34.199012874442232 ], [ -70.643532575178511, -34.199166680232203 ], [ -70.643909950377477, -34.199601936770328 ], [ -70.644335273001076, -34.200092487727169 ], [ -70.64438544306023, -34.200160502161843 ], [ -70.644520385076603, -34.200343442718356 ], [ -70.644558055489767, -34.200498454453069 ], [ -70.644470532896563, -34.200632106696879 ], [ -70.644327452756045, -34.200760743544102 ], [ -70.644245742130764, -34.200836719144164 ], [ -70.644243460384544, -34.200842727267329 ], [ -70.644243274489881, -34.200843213985671 ], [ -70.644219360715184, -34.200906191824437 ], [ -70.644303198345654, -34.200939626440757 ], [ -70.644469753273682, -34.200948913760634 ], [ -70.644650840987424, -34.200992564567422 ], [ -70.645105598150039, -34.201277919093044 ], [ -70.645267350010286, -34.201396706628408 ], [ -70.645408421631871, -34.201521532508416 ], [ -70.645453586911344, -34.201705244430443 ], [ -70.645380148045192, -34.201850228771796 ], [ -70.645264118505835, -34.201943943397183 ], [ -70.645134452853924, -34.202049362162988 ], [ -70.645134831265352, -34.202068892945483 ], [ -70.645133971622073, -34.202068999157767 ], [ -70.645134097531155, -34.202075479063588 ], [ -70.645134131653421, -34.202077235164943 ], [ -70.645134144247848, -34.202077883335832 ], [ -70.645134202802311, -34.202077880746927 ], [ -70.64513471107999, -34.202103983357901 ], [ -70.645197756426711, -34.20213769804117 ], [ -70.645255902234467, -34.202164844432502 ], [ -70.645281706494529, -34.202176891565038 ], [ -70.645392819724691, -34.202186920436091 ], [ -70.645470062834249, -34.202237724239147 ], [ -70.64564798357523, -34.202474949469853 ], [ -70.645783694850564, -34.202680486177222 ], [ -70.645892244753199, -34.202915186500064 ], [ -70.645951607611337, -34.203115986471602 ], [ -70.646051212325148, -34.203247128246481 ], [ -70.646233200391308, -34.203336843524269 ], [ -70.646421225123092, -34.20338040029079 ], [ -70.646540056082756, -34.203430644168904 ], [ -70.646641159028178, -34.203491549884845 ], [ -70.64668034902121, -34.203515159235018 ], [ -70.646765532132179, -34.203617694775168 ], [ -70.646795831426473, -34.203749765589812 ], [ -70.646807480450832, -34.204063524484972 ], [ -70.646811177988724, -34.204253553703971 ], [ -70.646850265455456, -34.204362254630063 ], [ -70.646877138049533, -34.204436984817349 ], [ -70.647041811357937, -34.204705490664857 ], [ -70.64718602947957, -34.204991549832549 ], [ -70.647267351935355, -34.205173557029127 ], [ -70.647316498318105, -34.205283553699367 ], [ -70.647383354760407, -34.205439326499636 ], [ -70.647385597786268, -34.205444552515658 ], [ -70.647387895769498, -34.205452881525773 ], [ -70.647396380188852, -34.205472650558221 ], [ -70.647396705872652, -34.205489386680611 ], [ -70.647398117324215, -34.205561917689906 ], [ -70.647398565389267, -34.205584942591329 ], [ -70.647398621386472, -34.205587820140558 ], [ -70.647352006782057, -34.205668513948346 ], [ -70.647338260827766, -34.20569230932179 ], [ -70.647234633179352, -34.205710980997722 ], [ -70.647163721428996, -34.205706340057674 ], [ -70.647135342177023, -34.205704483144167 ], [ -70.647117471326339, -34.205703312870206 ], [ -70.647095283015318, -34.205701860630235 ], [ -70.647046113371047, -34.205710434526537 ], [ -70.647029702574173, -34.205713296074826 ], [ -70.647009196649734, -34.205716871778286 ], [ -70.646985255416766, -34.205721047272014 ], [ -70.646968732397283, -34.205735043900198 ], [ -70.646896589534862, -34.205796159496195 ], [ -70.646857739177548, -34.205848200287846 ], [ -70.646788317415997, -34.205941192179736 ], [ -70.646787190889953, -34.205942700561152 ], [ -70.646774969530853, -34.205959071348857 ], [ -70.646754557165806, -34.206007742753471 ], [ -70.646722052950537, -34.206085247722989 ], [ -70.646702090725526, -34.206132848139013 ], [ -70.646695765829094, -34.206222250587842 ], [ -70.646693427731591, -34.206255321133234 ], [ -70.646690063658923, -34.206302880822612 ], [ -70.646685823630222, -34.206362822116887 ], [ -70.646685859420998, -34.206364662054021 ], [ -70.646687041202611, -34.206425415137467 ], [ -70.646687645805713, -34.206456440735792 ], [ -70.646689251789681, -34.206539000813962 ], [ -70.6466891967723, -34.206539129597445 ], [ -70.646689251031034, -34.20654197470828 ], [ -70.646649457714787, -34.206634667873502 ], [ -70.646567742688347, -34.206710644168872 ], [ -70.646486537866181, -34.206774524154206 ], [ -70.646485802415697, -34.206775103015801 ], [ -70.646332178525483, -34.206833066902895 ], [ -70.646327511098249, -34.20683482750669 ], [ -70.646197934115037, -34.206867476236148 ], [ -70.646182632070747, -34.206871331819748 ], [ -70.646121709254274, -34.206947028720577 ], [ -70.646103017161209, -34.207029331053853 ], [ -70.646131394939559, -34.207085618956519 ], [ -70.646175368699062, -34.20710315513324 ], [ -70.64618729023492, -34.207107908596512 ], [ -70.646242963744101, -34.207118680768303 ], [ -70.646340555817233, -34.207146170804137 ], [ -70.646383150684869, -34.207197438151574 ], [ -70.646433346774543, -34.20728316288568 ], [ -70.646469235525942, -34.207346040651871 ], [ -70.646525690022244, -34.207397121867295 ], [ -70.64660942194935, -34.207424796869546 ], [ -70.64676235221026, -34.207445783313133 ], [ -70.646957317720464, -34.20748924407598 ], [ -70.647077888667567, -34.207541801204741 ], [ -70.647111145641816, -34.207556297889433 ], [ -70.647230396330244, -34.207662865982819 ], [ -70.647238143676105, -34.207669789950472 ], [ -70.647358884166664, -34.207817926277372 ], [ -70.647401335231834, -34.207888244986805 ], [ -70.647452013757032, -34.207972193610303 ], [ -70.64753733834074, -34.208108418543389 ], [ -70.647537877119632, -34.208109277861013 ], [ -70.647629324987861, -34.208177168133332 ], [ -70.647637970878208, -34.208192835733023 ], [ -70.647681067673702, -34.208270935645139 ], [ -70.647737748801902, -34.208333533642943 ], [ -70.64776763355124, -34.208430803133147 ], [ -70.647768571004207, -34.208433854591917 ], [ -70.647770003614681, -34.208441490069525 ], [ -70.647774759217469, -34.208456968268777 ], [ -70.647776315612788, -34.208536920272202 ], [ -70.647777057477612, -34.208575029744111 ], [ -70.647777113248267, -34.208577894670604 ], [ -70.647773643962935, -34.208584671747268 ], [ -70.647770337823857, -34.208591131930326 ], [ -70.647723681572629, -34.208682291820921 ], [ -70.647719050971915, -34.208687118743633 ], [ -70.647710086625807, -34.208696466522731 ], [ -70.647631012636424, -34.208778922081727 ], [ -70.647628552148547, -34.208781488079822 ], [ -70.647595750600289, -34.208820975194186 ], [ -70.647560809992896, -34.208863038405944 ], [ -70.647557851794247, -34.208903546577801 ], [ -70.647555538750254, -34.208935211901156 ], [ -70.647575901569283, -34.208954858288479 ], [ -70.647625991772202, -34.209003185838391 ], [ -70.647643594553927, -34.20901307478114 ], [ -70.647649947175637, -34.209016643210468 ], [ -70.647696087961165, -34.209042563677194 ], [ -70.647738683530605, -34.209093829599738 ], [ -70.647753890607049, -34.209162745039826 ], [ -70.647762234684194, -34.209182471730045 ], [ -70.647786818709619, -34.209240593786063 ], [ -70.64779749628741, -34.209265837419565 ], [ -70.647894981375259, -34.209287567393019 ], [ -70.647998386789055, -34.209257377676494 ], [ -70.648030323890211, -34.209237321579209 ], [ -70.648125439222738, -34.209177590910407 ], [ -70.64817646665027, -34.20914554679122 ], [ -70.648277705239053, -34.20917554440728 ], [ -70.648343822906014, -34.209195135635973 ], [ -70.648524705905643, -34.209227263597001 ], [ -70.648531866616452, -34.209230580356568 ], [ -70.648657631558791, -34.209288837065401 ], [ -70.648694809276435, -34.209335512671835 ], [ -70.648754222975612, -34.209410106017287 ], [ -70.648798345526643, -34.209465501655366 ], [ -70.64884651845469, -34.209534032314821 ], [ -70.648862520700547, -34.209556798458891 ], [ -70.648887675852095, -34.209577557832368 ], [ -70.648920103804556, -34.209604320464628 ], [ -70.648935478682787, -34.209623796532448 ], [ -70.648936044008423, -34.209624513014226 ], [ -70.64895907630472, -34.209653689643261 ], [ -70.648965819349797, -34.209650607056254 ], [ -70.648966883150564, -34.209651839834194 ], [ -70.649059424169465, -34.209609845682884 ], [ -70.649126966785914, -34.20957887666308 ], [ -70.649181787578698, -34.209553803732547 ], [ -70.649245659089246, -34.20952460180051 ], [ -70.649326441173329, -34.20948779901105 ], [ -70.649398512276179, -34.209454907782337 ], [ -70.649420725503077, -34.209442436655408 ], [ -70.64994848154069, -34.209203435630236 ], [ -70.650256003905781, -34.209069033018864 ], [ -70.650388582321426, -34.20902000939121 ], [ -70.650495768148119, -34.208994231135918 ], [ -70.650631846161559, -34.208948024018163 ], [ -70.650782799573065, -34.208869406981918 ], [ -70.650892550983215, -34.208798503214581 ], [ -70.651073174819814, -34.208695151610087 ], [ -70.651312433603309, -34.208594588239329 ], [ -70.651806202640415, -34.208380372682484 ], [ -70.652342369639911, -34.208168446877686 ], [ -70.652486454219343, -34.208120578888987 ], [ -70.652647162108735, -34.208078450703383 ], [ -70.652704429058772, -34.208069925028681 ], [ -70.652768920263412, -34.208063687920756 ], [ -70.65283350352432, -34.208062221452536 ], [ -70.652899627094158, -34.20806610124022 ], [ -70.652948525308176, -34.208070214072912 ], [ -70.653012612574585, -34.20808008613902 ], [ -70.653080324190398, -34.208091699234075 ], [ -70.653157295321236, -34.208099608532933 ], [ -70.653210395350555, -34.208098295763762 ], [ -70.653299358400247, -34.208095307405344 ], [ -70.653393759680213, -34.208076737843847 ], [ -70.653460240510242, -34.208062122698763 ], [ -70.653527252177227, -34.208037957434854 ], [ -70.653660511567438, -34.207987251143322 ], [ -70.653831170117954, -34.207903236600067 ], [ -70.653902902454234, -34.207863499653811 ], [ -70.653959714711561, -34.207831717803522 ], [ -70.653994416510344, -34.207807391108666 ], [ -70.654031155625077, -34.207777072935698 ], [ -70.654088348180849, -34.207727989064423 ], [ -70.65413059522551, -34.207685667689248 ], [ -70.65420652477701, -34.207603525478838 ], [ -70.654257764162296, -34.207543785929623 ], [ -70.654303798505893, -34.207511553272766 ], [ -70.654391309422266, -34.207471006256284 ], [ -70.654475394068385, -34.207438856251009 ], [ -70.654504095037097, -34.207460135615491 ], [ -70.654653359342774, -34.207574549380979 ], [ -70.654727805682867, -34.207622215324768 ], [ -70.654861040795979, -34.207680539787354 ], [ -70.654974269824422, -34.207714321408631 ], [ -70.655091719996079, -34.207728960107701 ], [ -70.655202073782675, -34.207733196628318 ], [ -70.655308889227499, -34.207732708897822 ], [ -70.655391495986265, -34.207727776852217 ], [ -70.655496214729922, -34.207711094383242 ], [ -70.655521972331783, -34.207706666372786 ], [ -70.65571690625211, -34.207674689921106 ], [ -70.656247333561893, -34.207573764455177 ], [ -70.65654519819212, -34.207518923804983 ], [ -70.656778608139732, -34.207472110199646 ], [ -70.656811335520672, -34.207471668049017 ], [ -70.656839622351598, -34.207471703380826 ], [ -70.656869859596966, -34.207476066768521 ], [ -70.656909912075406, -34.207468367757421 ], [ -70.656921068380285, -34.207451516236667 ], [ -70.657030580811764, -34.207031327503124 ], [ -70.657047817394059, -34.206958326562535 ], [ -70.657054340242269, -34.206924837751394 ], [ -70.657040557920254, -34.206880886504671 ], [ -70.656369227993082, -34.206333165874192 ], [ -70.65631414984091, -34.20624568391937 ], [ -70.656349569976996, -34.205927892702874 ], [ -70.656412333255759, -34.205466583499735 ], [ -70.656565109283591, -34.204510906901874 ], [ -70.656611224253723, -34.204132648287384 ], [ -70.656619974605889, -34.204028727015185 ], [ -70.656597527513085, -34.203863988714566 ], [ -70.656535159083091, -34.203539316589961 ], [ -70.656530116530718, -34.203464894789072 ], [ -70.656543145905076, -34.203394520371106 ], [ -70.65658973024874, -34.20330822026564 ], [ -70.656700974254832, -34.203150594944489 ], [ -70.656723884514136, -34.202912658616434 ], [ -70.656764401984233, -34.202698270223479 ], [ -70.657889196023262, -34.202927666878395 ], [ -70.657888863320409, -34.202925640697735 ], [ -70.657844366810266, -34.202655007791527 ], [ -70.657833490530152, -34.202453558592886 ], [ -70.657831094896267, -34.202331213749339 ], [ -70.657830446136771, -34.202298081523047 ], [ -70.657904313689258, -34.202176125071219 ], [ -70.657948655776352, -34.202150688602458 ], [ -70.658007144940939, -34.202117135627894 ], [ -70.658165757022132, -34.202074671641569 ], [ -70.658303240138792, -34.202015213445677 ], [ -70.658509237774766, -34.201914509888198 ], [ -70.65861330912972, -34.201918861779014 ], [ -70.65864649475094, -34.201843533969971 ], [ -70.658645705108981, -34.201803225947721 ], [ -70.658713769414675, -34.201738945911067 ], [ -70.658770794504065, -34.201714283522648 ], [ -70.658782510533385, -34.201709216987346 ], [ -70.658919878688238, -34.201643999466725 ], [ -70.658973255216239, -34.201562465129626 ], [ -70.658976811542686, -34.201557032841173 ], [ -70.659007380091566, -34.201510337553358 ], [ -70.659005236321676, -34.201400929047516 ], [ -70.659081999996388, -34.201356114736143 ], [ -70.659119519585943, -34.201311749218746 ], [ -70.65913620310377, -34.20129202288156 ], [ -70.659202912515809, -34.201158642105938 ], [ -70.659251200213362, -34.201146468430252 ], [ -70.659368001526744, -34.201093049070032 ], [ -70.65937346520974, -34.201018096142818 ], [ -70.659468572123814, -34.200918890408673 ], [ -70.659619235674896, -34.200824693929739 ], [ -70.659672760786918, -34.200726050716234 ], [ -70.659715783537948, -34.200628390912065 ], [ -70.659739130302725, -34.200575394556679 ], [ -70.659803519766456, -34.200467460798862 ], [ -70.659846517413811, -34.200395384047489 ], [ -70.659961849725349, -34.200267105014582 ], [ -70.660015599906231, -34.200179979010599 ], [ -70.660087881950346, -34.19997740353655 ], [ -70.660153798592447, -34.199803714285707 ], [ -70.660150978888808, -34.199789033642844 ], [ -70.660150540174271, -34.199786750108785 ], [ -70.660107472743817, -34.199562423717509 ], [ -70.660094195678624, -34.199507831923135 ], [ -70.660069773428134, -34.199407415772448 ], [ -70.660005706403297, -34.199321884408981 ], [ -70.659896754308562, -34.199284022273424 ], [ -70.659894032443788, -34.199283076233591 ], [ -70.659887748165147, -34.199284144161354 ], [ -70.659783486245828, -34.199301852006656 ], [ -70.659632712689373, -34.199390291753069 ], [ -70.65948830409981, -34.199449845087457 ], [ -70.659315949130473, -34.199498255945393 ], [ -70.659306945131533, -34.199498377761991 ], [ -70.659117045258682, -34.199500946794956 ], [ -70.659108040173592, -34.19950106861166 ], [ -70.658884690457114, -34.199423450541914 ], [ -70.658744053402742, -34.199321675330573 ], [ -70.658689589733967, -34.199276022800646 ], [ -70.65863128756483, -34.199227152509799 ], [ -70.658541065225918, -34.199133334659663 ], [ -70.658419234478188, -34.199018342480052 ], [ -70.658342998366621, -34.198842256958628 ], [ -70.658289145742515, -34.198588497334711 ], [ -70.658282870251625, -34.198558924526075 ], [ -70.658271954933127, -34.198507492670778 ], [ -70.658338270141826, -34.198433146220893 ], [ -70.658428390817733, -34.198370719633253 ], [ -70.658539227529388, -34.198312910102572 ], [ -70.658632437345261, -34.19825778612546 ], [ -70.658702419973167, -34.19820969403807 ], [ -70.658748733423238, -34.19817786718442 ], [ -70.658848046501788, -34.198083757486152 ], [ -70.658963530325295, -34.197945561081852 ], [ -70.658964885464684, -34.197943939489406 ], [ -70.659014407439571, -34.197817990616976 ], [ -70.659031559591085, -34.197632001946069 ], [ -70.659013597922865, -34.197511286927352 ], [ -70.658961568807996, -34.197422449620909 ], [ -70.658938292730525, -34.197382707222815 ], [ -70.658832090426046, -34.197269232607837 ], [ -70.65868503528435, -34.197193463160168 ], [ -70.65843947929207, -34.197131984119117 ], [ -70.658199290613211, -34.197079071422323 ], [ -70.65800023326814, -34.19704481525212 ], [ -70.657896731344707, -34.197027003142587 ], [ -70.657630893296002, -34.196991716643318 ], [ -70.657407312261441, -34.196990418882244 ], [ -70.657292626985637, -34.196974688871919 ], [ -70.65717735012683, -34.196928726562938 ], [ -70.656958461019769, -34.196795173785667 ], [ -70.656748360539126, -34.196685693318152 ], [ -70.656459790731333, -34.196551353129934 ], [ -70.65616023603036, -34.196386920381329 ], [ -70.655786903182133, -34.196171643716077 ], [ -70.655405365062137, -34.19596209255414 ], [ -70.655311119614652, -34.195875276951256 ], [ -70.655114183150729, -34.195693865794212 ], [ -70.655107259203888, -34.195687346888469 ], [ -70.655106601423896, -34.195686728165064 ], [ -70.65508111010044, -34.195662729217119 ], [ -70.655188389530181, -34.195590427717924 ], [ -70.655241852243606, -34.195505249006146 ], [ -70.655422224036528, -34.195126332508529 ], [ -70.655468564046586, -34.194994180763139 ], [ -70.655130164015546, -34.194932516975264 ], [ -70.654756773343138, -34.194866934722526 ], [ -70.654219335983527, -34.194752030373095 ], [ -70.653474444873169, -34.194599838797814 ], [ -70.652264244179889, -34.194338551314651 ], [ -70.652245611407565, -34.194334528137325 ], [ -70.651058786111776, -34.194088159193917 ], [ -70.650320720411983, -34.193932039376037 ], [ -70.650250964273695, -34.193918037235477 ], [ -70.649707428273871, -34.193808936224286 ], [ -70.649706354102193, -34.193808720731845 ], [ -70.648609702375126, -34.19358858692776 ], [ -70.648574910795304, -34.193581388083089 ], [ -70.648477633994574, -34.193811728216154 ], [ -70.648454723060723, -34.193925362213633 ], [ -70.648440283763819, -34.19398746870305 ], [ -70.64843523316749, -34.194082014806668 ], [ -70.648444601317479, -34.194209291809024 ], [ -70.648450632147998, -34.19425358644164 ], [ -70.648327427907702, -34.194650333845097 ], [ -70.648282458029612, -34.194729670472704 ], [ -70.648108911950303, -34.195018301055335 ], [ -70.648070162381643, -34.195063197407357 ], [ -70.648022579147323, -34.195096761435686 ] ] ] } },
{ "type": "Feature", "properties": { "zona": "88" }, "geometry": { "type": "Polygon", "coordinates": [ [ [ -70.65571535583004, -34.212270807533216 ], [ -70.655582154938728, -34.212306424805575 ], [ -70.655365602163343, -34.212246720832248 ], [ -70.655120397600001, -34.21219038545793 ], [ -70.654960252199913, -34.212212468602296 ], [ -70.654784313100023, -34.212298465888537 ], [ -70.65463565629166, -34.212626849912013 ], [ -70.654484379952635, -34.212909462558777 ], [ -70.654281687444097, -34.213294403485591 ], [ -70.654198268639107, -34.213434383096612 ], [ -70.654137791835524, -34.213513930908761 ], [ -70.654072090488583, -34.21359068620086 ], [ -70.653984526513582, -34.213694934069267 ], [ -70.653903489346646, -34.213780484120988 ], [ -70.653678123145681, -34.213975343156157 ], [ -70.653482912488641, -34.214124655895624 ], [ -70.653530526560132, -34.214129083320387 ], [ -70.653578483512447, -34.21414383712392 ], [ -70.653598773794869, -34.214150079343938 ], [ -70.653738653427524, -34.214203271889353 ], [ -70.653793745686272, -34.214228448857639 ], [ -70.653918513098347, -34.214226766071718 ], [ -70.653980581347056, -34.214209728562317 ], [ -70.654073586565715, -34.214179315076436 ], [ -70.654166149569534, -34.214126225590718 ], [ -70.654299972618702, -34.214038425812561 ], [ -70.65444279452872, -34.213979047560919 ], [ -70.654601472058786, -34.213942761987312 ], [ -70.65474348873083, -34.213933759890722 ], [ -70.65476278843542, -34.21393447060165 ], [ -70.654872281222083, -34.213938501591834 ], [ -70.654970515966141, -34.213976055322668 ], [ -70.655053154085678, -34.214013818581812 ], [ -70.655120261132311, -34.214055033105296 ], [ -70.655238940938631, -34.21414090981127 ], [ -70.655303522172332, -34.214202423603901 ], [ -70.655428105921445, -34.214321089051531 ], [ -70.655519620707935, -34.214413811969528 ], [ -70.655603653617447, -34.214522836151147 ], [ -70.655663849569493, -34.214609502039622 ], [ -70.655700715428111, -34.214699722795928 ], [ -70.655725756731158, -34.214783623436972 ], [ -70.655794132217792, -34.214889618104614 ], [ -70.655902004385737, -34.215020999328999 ], [ -70.655981442232729, -34.215094445664761 ], [ -70.656091882745855, -34.215157752684298 ], [ -70.656253454693044, -34.215243049052518 ], [ -70.656454207844291, -34.215337535564295 ], [ -70.656621765126161, -34.215449642592866 ], [ -70.656701521053591, -34.215539283554101 ], [ -70.656808571044834, -34.215628555672446 ], [ -70.656912356485179, -34.215750270624255 ], [ -70.656984441909259, -34.215846495701634 ], [ -70.65702546243989, -34.215949619395651 ], [ -70.657063345219782, -34.216091664957638 ], [ -70.65708613849236, -34.216259834379251 ], [ -70.657096346824929, -34.216382814625014 ], [ -70.65711045418945, -34.21650574127262 ], [ -70.657201214220592, -34.216758850317021 ], [ -70.657217181783238, -34.216785643741716 ], [ -70.657277834268754, -34.216887412713561 ], [ -70.657385076953929, -34.216986402213905 ], [ -70.657526841264854, -34.21705576422972 ], [ -70.657792674520294, -34.217167187562922 ], [ -70.657886696857176, -34.217188597308116 ], [ -70.658035371441869, -34.217212506059859 ], [ -70.658156624786159, -34.217230306592008 ], [ -70.658235623431963, -34.217281077253176 ], [ -70.658299024894461, -34.217332058802086 ], [ -70.658375202760212, -34.217437946383768 ], [ -70.658428811780865, -34.217586259410886 ], [ -70.658436329415224, -34.217770833600035 ], [ -70.658432213388778, -34.217958806817045 ], [ -70.658461983964941, -34.218084762173916 ], [ -70.65848733500188, -34.218141181650836 ], [ -70.658506841974528, -34.218184592605574 ], [ -70.658563779442176, -34.218303701608058 ], [ -70.658576732985907, -34.218396429691175 ], [ -70.658595537657504, -34.218531040158851 ], [ -70.658617001456022, -34.21863118788719 ], [ -70.658642555987242, -34.218740999911354 ], [ -70.658702250208137, -34.218801751907861 ], [ -70.658817041266516, -34.218887678431607 ], [ -70.658911447834171, -34.218928519623745 ], [ -70.659045417312356, -34.218997985250873 ], [ -70.659104730915246, -34.219039302015915 ], [ -70.65913335968159, -34.219106953895128 ], [ -70.659107589006226, -34.219185060600346 ], [ -70.659074465713573, -34.219285947743352 ], [ -70.659062779318177, -34.219355479675102 ], [ -70.65905700131934, -34.2193898619782 ], [ -70.659059541792175, -34.21951942455928 ], [ -70.659092133364567, -34.219590262699889 ], [ -70.65923803648073, -34.219830636350281 ], [ -70.659250472978187, -34.219861741493744 ], [ -70.659336471754173, -34.220076836191041 ], [ -70.659339096476984, -34.220116077770101 ], [ -70.659340517736538, -34.22013734903598 ], [ -70.659343651117908, -34.220184205965928 ], [ -70.659345887449334, -34.220217646628285 ], [ -70.659347509856758, -34.220241923307817 ], [ -70.659373573039218, -34.220377648173645 ], [ -70.659402901325805, -34.220480930059686 ], [ -70.65942449372254, -34.220587555610045 ], [ -70.659450621772152, -34.220726519448881 ], [ -70.659480902162272, -34.220878386589504 ], [ -70.659523333643932, -34.221099859791728 ], [ -70.659528699371435, -34.221127864003229 ], [ -70.659577905481129, -34.221250316047119 ], [ -70.659607423869616, -34.22136331401979 ], [ -70.659610155983785, -34.221502593575359 ], [ -70.659640311004182, -34.221647982592209 ], [ -70.659663515526432, -34.221756240905506 ], [ -70.659683243046885, -34.22184827926241 ], [ -70.659688442305907, -34.221863475891936 ], [ -70.65976599616485, -34.222090154355421 ], [ -70.659816018283664, -34.222267650591291 ], [ -70.65995464726501, -34.222759564227168 ], [ -70.659965750716495, -34.222927891090862 ], [ -70.65995640434798, -34.223047895767046 ], [ -70.659947768174277, -34.223076960576535 ], [ -70.659945947493014, -34.223083089864119 ], [ -70.65993612471398, -34.223127363801915 ], [ -70.659899685568988, -34.223173188352575 ], [ -70.659845972251418, -34.223216859900084 ], [ -70.659780537488132, -34.223248761261829 ], [ -70.659706301823931, -34.223271237931087 ], [ -70.659643365293007, -34.223284018715326 ], [ -70.659565930461511, -34.223289838768039 ], [ -70.65947705822343, -34.223298198623922 ], [ -70.659368084889906, -34.223306831368063 ], [ -70.659267584865518, -34.223308192400005 ], [ -70.659190196722562, -34.223316395729512 ], [ -70.659089558510871, -34.223310600639017 ], [ -70.659017772133723, -34.223311572014644 ], [ -70.658937466699072, -34.223317429612024 ], [ -70.658843177498639, -34.223342563946609 ], [ -70.658757783586339, -34.223381891755331 ], [ -70.658708749868012, -34.223417341649863 ], [ -70.658703974925388, -34.223420793105774 ], [ -70.658677904257758, -34.223448243367606 ], [ -70.658660637954597, -34.223466422968066 ], [ -70.658638607166893, -34.223491135052662 ], [ -70.658702918182385, -34.22351715880346 ], [ -70.65902999985002, -34.223649520577851 ], [ -70.659614827685274, -34.223886186134415 ], [ -70.65994674334793, -34.224021780265836 ], [ -70.6582321055281, -34.227317323452418 ], [ -70.660236646320854, -34.228471166116599 ], [ -70.661287489470624, -34.227132811963948 ], [ -70.662099550050996, -34.226799722613549 ], [ -70.663189195404541, -34.225246104026375 ], [ -70.663647508997229, -34.224452571392 ], [ -70.663323497057135, -34.223311782515736 ], [ -70.663549561206523, -34.22166251288629 ], [ -70.6641992746043, -34.219649621738981 ], [ -70.665415886919391, -34.217986899990215 ], [ -70.667067355740826, -34.216532976025704 ], [ -70.668926339309891, -34.214682550093663 ], [ -70.671146723342375, -34.213686059770666 ], [ -70.673189839043417, -34.212441440681822 ], [ -70.669794438132314, -34.208649342374073 ], [ -70.669795484529274, -34.20855433109341 ], [ -70.669568625106677, -34.208207648347319 ], [ -70.66942823576376, -34.208078340477797 ], [ -70.669119995331172, -34.207883321169646 ], [ -70.668729040889588, -34.207789631113108 ], [ -70.668528245797233, -34.207727946227941 ], [ -70.668341782702427, -34.207664873958208 ], [ -70.668109879774974, -34.207554702295795 ], [ -70.667257860217561, -34.207160702479172 ], [ -70.666643416463785, -34.206873214633454 ], [ -70.665687261685804, -34.206440059440389 ], [ -70.665094734969927, -34.206171352657449 ], [ -70.664968306177357, -34.206094337270528 ], [ -70.664677496508602, -34.205908613609779 ], [ -70.664290707429103, -34.205660967658893 ], [ -70.66403759518397, -34.205493817548714 ], [ -70.663912697598263, -34.205421552162896 ], [ -70.663787964285333, -34.205357634351344 ], [ -70.663670337193921, -34.205290041979666 ], [ -70.66355120558066, -34.205218890969938 ], [ -70.663474098237458, -34.205167448623484 ], [ -70.663376498081973, -34.205096005379062 ], [ -70.663214404735129, -34.204957441561106 ], [ -70.663069747377335, -34.204829376060587 ], [ -70.662953868073316, -34.204704499989624 ], [ -70.662880248102056, -34.204611258476781 ], [ -70.662837827756448, -34.204540466042687 ], [ -70.661823749531877, -34.205396402041771 ], [ -70.661025048340107, -34.206107456745656 ], [ -70.659957883447163, -34.207040442743342 ], [ -70.659616028231696, -34.20732659505083 ], [ -70.658815378580655, -34.208086571458963 ], [ -70.657228346518394, -34.209538082944363 ], [ -70.657176866492932, -34.20960748980162 ], [ -70.657155206139919, -34.209674585632214 ], [ -70.657159109672477, -34.20975660485076 ], [ -70.657176588752534, -34.209945324342755 ], [ -70.657191639558135, -34.210010015124865 ], [ -70.657265841491125, -34.210272623993326 ], [ -70.657331736358643, -34.210558030491754 ], [ -70.657358533016861, -34.210830246967753 ], [ -70.656644217184237, -34.211220674194429 ], [ -70.656390273147792, -34.211377989279356 ], [ -70.656046872538909, -34.211777478668836 ], [ -70.655900560467572, -34.212049289479531 ], [ -70.65571535583004, -34.212270807533216 ] ] ] } },
{ "type": "Feature", "properties": { "zona": "81" }, "geometry": { "type": "Polygon", "coordinates": [ [ [ -70.683389428424221, -34.194444989433784 ], [ -70.679185954800019, -34.195223976124197 ], [ -70.676291772428698, -34.195771698418689 ], [ -70.676051292275943, -34.195807193360295 ], [ -70.67570747466749, -34.195844099698014 ], [ -70.675337610858065, -34.195870624068412 ], [ -70.674536611945555, -34.195874405527782 ], [ -70.673450164742633, -34.195817658689329 ], [ -70.673044695475795, -34.195812613890403 ], [ -70.669196892534202, -34.199067127187796 ], [ -70.667247362805682, -34.200766850566296 ], [ -70.667243823307302, -34.200770022243589 ], [ -70.666267688421911, -34.201644781395146 ], [ -70.664625306142767, -34.202992321200483 ], [ -70.662837827756448, -34.204540466042708 ], [ -70.66288024810207, -34.204611258476781 ], [ -70.66295386807333, -34.204704499989624 ], [ -70.663069747377335, -34.204829376060594 ], [ -70.663214404735129, -34.204957441561106 ], [ -70.663376498081988, -34.205096005379062 ], [ -70.663474098237458, -34.205167448623492 ], [ -70.66355120558066, -34.205218890969938 ], [ -70.663670337193921, -34.205290041979666 ], [ -70.663787964285333, -34.205357634351365 ], [ -70.663912697598278, -34.205421552162889 ], [ -70.664037595183984, -34.205493817548714 ], [ -70.664290707429103, -34.205660967658879 ], [ -70.664677496508602, -34.205908613609779 ], [ -70.664968306177343, -34.206094337270528 ], [ -70.665094734969927, -34.206171352657456 ], [ -70.665687261685804, -34.206440059440389 ], [ -70.666643416463785, -34.206873214633454 ], [ -70.667257860217575, -34.207160702479172 ], [ -70.668109879774974, -34.207554702295802 ], [ -70.668341782702427, -34.207664873958215 ], [ -70.668528245797248, -34.207727946227955 ], [ -70.668729040889602, -34.207789631113116 ], [ -70.669119995331172, -34.207883321169646 ], [ -70.669428235763746, -34.208078340477797 ], [ -70.669568625106692, -34.208207648347319 ], [ -70.669795484529274, -34.208554331093431 ], [ -70.669798045559574, -34.208321801413994 ], [ -70.669805744894703, -34.208310736177964 ], [ -70.669808245406273, -34.208309354059473 ], [ -70.670402500461691, -34.207981212851237 ], [ -70.67140012537179, -34.20742673538809 ], [ -70.671743772220466, -34.207163381385335 ], [ -70.672043730468062, -34.206972788507429 ], [ -70.672045356870314, -34.206971938554162 ], [ -70.672576401859615, -34.206651436980856 ], [ -70.672913923400799, -34.206462360368711 ], [ -70.67320440543827, -34.206299632661228 ], [ -70.673207270449112, -34.206298028187341 ], [ -70.673210496127481, -34.206296221316045 ], [ -70.673249501513709, -34.20627436798015 ], [ -70.673281175428045, -34.206256627315582 ], [ -70.673537248375965, -34.206113344097105 ], [ -70.674171483375076, -34.205758464292188 ], [ -70.675271497254514, -34.205135979723885 ], [ -70.675485409564061, -34.205014928630263 ], [ -70.675558039771161, -34.204973828772246 ], [ -70.675622459291361, -34.204937374899274 ], [ -70.675631005613042, -34.204931759447049 ], [ -70.675638288818746, -34.204926975504755 ], [ -70.675670801748126, -34.20490561589591 ], [ -70.675913412329876, -34.204746228518474 ], [ -70.676842386885994, -34.204175339998983 ], [ -70.679066452771437, -34.202826698678145 ], [ -70.681016459326699, -34.201647848564306 ], [ -70.681509620169038, -34.20134123420187 ], [ -70.681968331755556, -34.201041515092747 ], [ -70.682427307223335, -34.200763541030618 ], [ -70.683113476130501, -34.20032971728449 ], [ -70.683846695855181, -34.199892935412066 ], [ -70.684429131789983, -34.199544716616217 ], [ -70.684853538030325, -34.199267867590976 ], [ -70.685408259674844, -34.198920027669963 ], [ -70.685860204975086, -34.198634145710415 ], [ -70.686065530691479, -34.198498696743336 ], [ -70.68620159135186, -34.198364208755535 ], [ -70.686358645312708, -34.198240957731628 ], [ -70.686890383641, -34.1979245626788 ], [ -70.687342802810832, -34.197664613082097 ], [ -70.687768695162333, -34.19746844920455 ], [ -70.688780012522358, -34.196863466882938 ], [ -70.689287722530096, -34.196596977041651 ], [ -70.689732877782205, -34.196319823906492 ], [ -70.690482543846556, -34.195864388778105 ], [ -70.69175783328177, -34.195089606920234 ], [ -70.693162832139762, -34.194224793068734 ], [ -70.696885252573821, -34.191957843750892 ], [ -70.694717878161399, -34.192353045613906 ], [ -70.692840673745664, -34.192701051537533 ], [ -70.691110258470772, -34.193032092580815 ], [ -70.689873120787482, -34.193263865701681 ], [ -70.688457232296159, -34.193530891721586 ], [ -70.6872948911967, -34.193734767920326 ], [ -70.68559995472252, -34.194047350926724 ], [ -70.683389428424221, -34.194444989433784 ] ] ] } },
{ "type": "Feature", "properties": { "zona": "71" }, "geometry": { "type": "Polygon", "coordinates": [ [ [ -70.695697634104832, -34.176401703322853 ], [ -70.695175065020692, -34.176887314991852 ], [ -70.695196317637226, -34.177054624786315 ], [ -70.695197119184016, -34.177094695129597 ], [ -70.695184260264682, -34.17714068014493 ], [ -70.695148748004641, -34.177202246980201 ], [ -70.695129879416925, -34.177292214324325 ], [ -70.695129148092732, -34.177370478325187 ], [ -70.6951613607784, -34.177488369445626 ], [ -70.695542921196875, -34.178538575903261 ], [ -70.69599573035012, -34.179820650316564 ], [ -70.696270714198675, -34.180593665485347 ], [ -70.6966256340325, -34.181573616123714 ], [ -70.696914749700582, -34.182363611742815 ], [ -70.697367842386896, -34.183597434755193 ], [ -70.697769103724767, -34.184739706551483 ], [ -70.697773840134829, -34.184740583293987 ], [ -70.69778159366291, -34.184762394938325 ], [ -70.697786381733593, -34.184775866158496 ], [ -70.697834737192537, -34.184911902711697 ], [ -70.697867965081088, -34.185005381955811 ], [ -70.697922192153925, -34.185157938720167 ], [ -70.69792958473694, -34.185178736407586 ], [ -70.69794128703748, -34.185211656646452 ], [ -70.698022520620512, -34.185440188871148 ], [ -70.698132680243049, -34.185750093756823 ], [ -70.698180141184494, -34.185883614103069 ], [ -70.698237544406382, -34.18604510602254 ], [ -70.698280985665235, -34.186167319426126 ], [ -70.698576209870183, -34.186997863201093 ], [ -70.698578481000624, -34.187004252881273 ], [ -70.698969758111275, -34.188105025616125 ], [ -70.699047963164787, -34.188325038919416 ], [ -70.699155329964313, -34.188627092192938 ], [ -70.699454076249964, -34.189467539434283 ], [ -70.699501415300219, -34.189600713654912 ], [ -70.699567749488125, -34.189787330911585 ], [ -70.699592631272836, -34.189857326370763 ], [ -70.699668587026792, -34.190071010526374 ], [ -70.6996774111809, -34.190095834245213 ], [ -70.699683529339055, -34.190113046196963 ], [ -70.69971892960956, -34.190212636290347 ], [ -70.69972606442613, -34.190232708824205 ], [ -70.69973090609038, -34.190246330693135 ], [ -70.699740857343613, -34.190274326356089 ], [ -70.699744537490162, -34.190284681169452 ], [ -70.699748677629046, -34.190296328982072 ], [ -70.699751598712965, -34.19030454642467 ], [ -70.699753553861271, -34.190314106382829 ], [ -70.699080427702782, -34.190721383322348 ], [ -70.698614084675114, -34.19100340142581 ], [ -70.698181864944956, -34.191269199592064 ], [ -70.697866248179338, -34.191465386522765 ], [ -70.697523577240872, -34.191686998573118 ], [ -70.697379861335151, -34.191789215067196 ], [ -70.697222376025451, -34.191896368562553 ], [ -70.709255236156039, -34.18958144217568 ], [ -70.708973736196384, -34.189009457030309 ], [ -70.708660639295928, -34.188517573307642 ], [ -70.708579953727877, -34.188388910608388 ], [ -70.708460452088417, -34.188157721512553 ], [ -70.7082188354712, -34.187565592687307 ], [ -70.707731713430533, -34.186415741893633 ], [ -70.707455572027698, -34.186015413449432 ], [ -70.707284534132199, -34.185733788718842 ], [ -70.707319976414524, -34.185687171758801 ], [ -70.707318722050644, -34.18568571581342 ], [ -70.707317841008987, -34.18568469380773 ], [ -70.707317214369453, -34.185683965827479 ], [ -70.707305438926937, -34.185668597662307 ], [ -70.707304916301339, -34.185667916025274 ], [ -70.707304844988229, -34.185667823239363 ], [ -70.707303601329329, -34.185666198523926 ], [ -70.707302801244353, -34.1856651555536 ], [ -70.707297933742566, -34.18565880398377 ], [ -70.707296832821498, -34.185657208841711 ], [ -70.707296539988732, -34.185656784602273 ], [ -70.707296045979248, -34.185656069203411 ], [ -70.707295242375324, -34.185654905452076 ], [ -70.707294979720899, -34.185654524976705 ], [ -70.707294525943155, -34.185653867629433 ], [ -70.707236901003029, -34.185570406084722 ], [ -70.707202530413326, -34.185520625488543 ], [ -70.707179071657933, -34.18548664888673 ], [ -70.707149500405535, -34.185443819537184 ], [ -70.707074446868447, -34.185335113453156 ], [ -70.707056603344668, -34.185309268807501 ], [ -70.707043797179693, -34.185290721981673 ], [ -70.706952857526829, -34.185159007776072 ], [ -70.706918126519824, -34.185103277173781 ], [ -70.706844972229149, -34.184985890736655 ], [ -70.706842736415638, -34.184982305062782 ], [ -70.706787933356097, -34.184894365772898 ], [ -70.706541547050932, -34.184499005167154 ], [ -70.706464789000492, -34.184375837210347 ], [ -70.706431483825, -34.184322395012138 ], [ -70.7064179051997, -34.184300605466603 ], [ -70.706414143321396, -34.184294568506303 ], [ -70.706315587109572, -34.184136423115014 ], [ -70.706292229999974, -34.184098943545962 ], [ -70.706290898689133, -34.184096951236398 ], [ -70.706231723364581, -34.184008326763902 ], [ -70.706162273396046, -34.183904314902748 ], [ -70.705902035336067, -34.18351456753355 ], [ -70.705877226880588, -34.183477413740739 ], [ -70.705823477346513, -34.18339691651282 ], [ -70.705823452738571, -34.183396879884633 ], [ -70.705823429233519, -34.18339684414282 ], [ -70.70566812401772, -34.183164250760733 ], [ -70.705660665319712, -34.183153080305694 ], [ -70.70560816286357, -34.183072743271339 ], [ -70.705602284324968, -34.183063746522116 ], [ -70.705581922856595, -34.183032591270482 ], [ -70.705560512399686, -34.182999829313047 ], [ -70.705510236785017, -34.182922897713368 ], [ -70.705495955336005, -34.182901043884137 ], [ -70.705462738750413, -34.182850216941539 ], [ -70.705380982060063, -34.182725114104556 ], [ -70.705374791302162, -34.182715642872054 ], [ -70.705345706913974, -34.18267113899644 ], [ -70.705297930421594, -34.182598031905492 ], [ -70.70525731087227, -34.182535874943781 ], [ -70.705164140557102, -34.182393306549635 ], [ -70.705162294512647, -34.182390480981184 ], [ -70.70513482245363, -34.182348446081853 ], [ -70.705125854281675, -34.182334723072188 ], [ -70.705114400115121, -34.182316135588763 ], [ -70.70505014629866, -34.182211877672238 ], [ -70.70497789543748, -34.182094643346126 ], [ -70.704959402016485, -34.182064634248022 ], [ -70.704931553166148, -34.182019446722023 ], [ -70.704869185279932, -34.181918249064871 ], [ -70.704868843164363, -34.181917692951515 ], [ -70.704859765548392, -34.181914002139642 ], [ -70.704838839472288, -34.181880048453856 ], [ -70.704819365873718, -34.181848449701199 ], [ -70.704805416279413, -34.181825814792063 ], [ -70.704755933816685, -34.181745523749605 ], [ -70.704698622584175, -34.18165252987955 ], [ -70.704688291652943, -34.181637073735018 ], [ -70.7046446512676, -34.181571786283584 ], [ -70.704484847746613, -34.181332711780577 ], [ -70.704478763337491, -34.181323608723886 ], [ -70.704353086541687, -34.181135591186155 ], [ -70.70433189026727, -34.181103881022558 ], [ -70.704295522027493, -34.181054450990132 ], [ -70.704255805144712, -34.181000469610758 ], [ -70.704131009327341, -34.180830850842398 ], [ -70.704027433775508, -34.18069007526816 ], [ -70.703905392800863, -34.180495917422526 ], [ -70.703805411938092, -34.180343291840693 ], [ -70.703793943834484, -34.180325169698904 ], [ -70.703784827864212, -34.180310765130912 ], [ -70.703666886154679, -34.180124386010519 ], [ -70.703656581828611, -34.18011050379836 ], [ -70.703619365937485, -34.180060370254282 ], [ -70.703583254078012, -34.180011721824208 ], [ -70.703566778364717, -34.179989525806192 ], [ -70.703533824447931, -34.179934970540899 ], [ -70.703471874086446, -34.179832411911583 ], [ -70.703354115934886, -34.1796482941185 ], [ -70.703350207908642, -34.17964246737899 ], [ -70.703257955220906, -34.179504902686809 ], [ -70.703249968827166, -34.179489685273168 ], [ -70.703234530885766, -34.179448829984828 ], [ -70.703217800437415, -34.179404557996691 ], [ -70.703210143800078, -34.179389336001755 ], [ -70.703131294952343, -34.179263898061606 ], [ -70.70311433938366, -34.179236923222732 ], [ -70.703060814180944, -34.179160243912008 ], [ -70.702937600076595, -34.17897486145845 ], [ -70.702934885468409, -34.178970973061887 ], [ -70.70288078743512, -34.178890499072395 ], [ -70.702869994915957, -34.178874445013648 ], [ -70.702864925233797, -34.178866903985202 ], [ -70.702826688440382, -34.178810025971458 ], [ -70.702815249516902, -34.178793010631402 ], [ -70.70281049468386, -34.178785425554722 ], [ -70.702783330891904, -34.178742090020528 ], [ -70.702780203612846, -34.178737101842103 ], [ -70.702750529047108, -34.178689760551997 ], [ -70.702693340385025, -34.178590012770556 ], [ -70.702657286824135, -34.178519367628653 ], [ -70.702651928742867, -34.178504112790982 ], [ -70.702650591723852, -34.178496751689281 ], [ -70.702648249554514, -34.178483858973735 ], [ -70.702635949408446, -34.178416146568992 ], [ -70.702630027630448, -34.178324884747347 ], [ -70.702627761935801, -34.178309587891789 ], [ -70.70261181737375, -34.178240736695443 ], [ -70.70260639749516, -34.178225482712378 ], [ -70.70257972592718, -34.178169857093977 ], [ -70.702572422292093, -34.178158044958963 ], [ -70.702570327535909, -34.178154657421366 ], [ -70.702554735267569, -34.178134009863982 ], [ -70.702553462400175, -34.178132325085492 ], [ -70.70254239211863, -34.178117666198801 ], [ -70.702529609795093, -34.178100739805267 ], [ -70.702439435995004, -34.177981334116524 ], [ -70.702381096584233, -34.177904082861659 ], [ -70.702375607148241, -34.177896812739945 ], [ -70.702366674729177, -34.177884984419116 ], [ -70.702283905695609, -34.17776512238035 ], [ -70.702244364816082, -34.17769955797317 ], [ -70.70206829416631, -34.17740760799812 ], [ -70.70173614741762, -34.176911762154994 ], [ -70.70170303605677, -34.176860860475912 ], [ -70.701649396624191, -34.176778403851017 ], [ -70.701540707459387, -34.176611318907412 ], [ -70.701533982708597, -34.176600982000878 ], [ -70.701478795332832, -34.176516143682591 ], [ -70.701430292516037, -34.176441581490401 ], [ -70.701408232001867, -34.176407669931059 ], [ -70.701382266751764, -34.17636775567685 ], [ -70.701335521703271, -34.176295895862033 ], [ -70.701319545575416, -34.176271334586957 ], [ -70.701289708905534, -34.176231666965329 ], [ -70.701261188678941, -34.176193748448505 ], [ -70.701239401134231, -34.176164780798338 ], [ -70.701182896980612, -34.176089657669912 ], [ -70.701167224618146, -34.176068820766005 ], [ -70.701094973626255, -34.175972763432455 ], [ -70.701028778062522, -34.175884612220216 ], [ -70.701042535542783, -34.17576496993869 ], [ -70.701008185640347, -34.175768045852827 ], [ -70.69591302701896, -34.17648752194588 ], [ -70.695697634104832, -34.176401703322853 ] ] ] } },
{ "type": "Feature", "properties": { "zona": "61" }, "geometry": { "type": "Polygon", "coordinates": [ [ [ -70.709991840716427, -34.191810989179316 ], [ -70.710001226891123, -34.191829630220482 ], [ -70.7100011587072, -34.191829746590528 ], [ -70.7099978769823, -34.191835321656065 ], [ -70.709996199424879, -34.191838172820404 ], [ -70.709991214901848, -34.191841694074249 ], [ -70.709737761892725, -34.192020833472206 ], [ -70.7097066803844, -34.192040019677634 ], [ -70.709625703525646, -34.192083778742962 ], [ -70.709564304754906, -34.192116957382574 ], [ -70.709485233083484, -34.192159687096215 ], [ -70.709455202215395, -34.192177169684697 ], [ -70.709279578377135, -34.19228678329295 ], [ -70.709242375423301, -34.192310002395139 ], [ -70.709145626556577, -34.192365154081202 ], [ -70.709123203242939, -34.192400641523847 ], [ -70.709114407014965, -34.192418166284448 ], [ -70.709109386872825, -34.192430680800598 ], [ -70.709108886559406, -34.19243358137458 ], [ -70.709105204171863, -34.192454904135666 ], [ -70.709104750399106, -34.192487643604807 ], [ -70.709107529532019, -34.192533141473511 ], [ -70.709119301706323, -34.192589741281203 ], [ -70.709123875340481, -34.192611723574032 ], [ -70.709174738665112, -34.192733121417923 ], [ -70.709179090198759, -34.192743505341745 ], [ -70.709186402777007, -34.192758552249387 ], [ -70.709266868460318, -34.192900894654343 ], [ -70.709432914384024, -34.193155658545081 ], [ -70.709456957490744, -34.193197193671637 ], [ -70.709462791719275, -34.193207271075778 ], [ -70.709473117890226, -34.193229309336523 ], [ -70.709486601739329, -34.193271502894412 ], [ -70.709513914671874, -34.193386270267212 ], [ -70.70951608627999, -34.193393915394338 ], [ -70.709545763478133, -34.193498450511598 ], [ -70.709554090387542, -34.193537238022813 ], [ -70.70957129544901, -34.193617391476394 ], [ -70.709590225643865, -34.193695487514582 ], [ -70.709593968293859, -34.193705806868444 ], [ -70.709617651727044, -34.193771119769565 ], [ -70.709643097447426, -34.193817293557963 ], [ -70.709666337960869, -34.193851738820463 ], [ -70.70987032439929, -34.193991438316765 ], [ -70.709902945651464, -34.194010859141386 ], [ -70.709996025835821, -34.194057928545014 ], [ -70.710027751301894, -34.194075976790799 ], [ -70.710242234261017, -34.194211524789516 ], [ -70.71030452632516, -34.194250891586975 ], [ -70.710340630177214, -34.194276175367726 ], [ -70.710627512406489, -34.194496637423761 ], [ -70.710783440788575, -34.194632773841683 ], [ -70.710809894677851, -34.194659996406607 ], [ -70.71086686264934, -34.194731281202287 ], [ -70.710872592860866, -34.194738451955423 ], [ -70.710884510856189, -34.194753365978613 ], [ -70.710968883656335, -34.194871214390453 ], [ -70.711134549807085, -34.195085405723994 ], [ -70.711240273814866, -34.195229234707291 ], [ -70.71142976266745, -34.195374884883464 ], [ -70.71146272416695, -34.195394988534311 ], [ -70.711549948483906, -34.195434087017148 ], [ -70.711776359648852, -34.195535571231417 ], [ -70.712502259966243, -34.19582665105758 ], [ -70.712569282858695, -34.195855683691903 ], [ -70.712730191255204, -34.195925388166096 ], [ -70.71275979969856, -34.195940644681016 ], [ -70.712926105787332, -34.196039626095931 ], [ -70.712979700305638, -34.196071524127781 ], [ -70.713015241985687, -34.196095761737929 ], [ -70.713117865866707, -34.196174633187354 ], [ -70.713161296282664, -34.196208012147878 ], [ -70.713323724489115, -34.196339154480242 ], [ -70.713355076138811, -34.19636820254869 ], [ -70.713450640345357, -34.196472008218507 ], [ -70.713470309575982, -34.196496260037605 ], [ -70.713559203883577, -34.196622881073232 ], [ -70.71356690504129, -34.196638733805663 ], [ -70.713584161734232, -34.196703892174909 ], [ -70.713593434548727, -34.19673890419385 ], [ -70.713598678723258, -34.196849831839607 ], [ -70.7136059238359, -34.196924391577404 ], [ -70.71367513753782, -34.197157233382327 ], [ -70.713713265935226, -34.197285501363019 ], [ -70.713714324454131, -34.197289062767645 ], [ -70.713720614365599, -34.19730349246489 ], [ -70.71374804377038, -34.197351212898305 ], [ -70.713798923112748, -34.197439730090039 ], [ -70.713806374377427, -34.197450253563304 ], [ -70.71381441104073, -34.197461604744191 ], [ -70.713882793871008, -34.197542836735394 ], [ -70.71394803009332, -34.197620332676088 ], [ -70.713971151833107, -34.197646249411662 ], [ -70.714012461710681, -34.19768991827344 ], [ -70.714159477445932, -34.197845330693589 ], [ -70.714256290086269, -34.197942859429645 ], [ -70.714449665669648, -34.198137664060994 ], [ -70.714541398574667, -34.198230074206542 ], [ -70.714876835279952, -34.198544484481232 ], [ -70.714904624452771, -34.198570531438406 ], [ -70.715010896112304, -34.198651808259257 ], [ -70.715044530357488, -34.198672873541135 ], [ -70.715124032681771, -34.198711582319731 ], [ -70.71519473834239, -34.198746006494154 ], [ -70.715234089681033, -34.198791773542119 ], [ -70.715253911519952, -34.198814827243901 ], [ -70.715304685926341, -34.198873879949865 ], [ -70.715313329318917, -34.198883933089618 ], [ -70.715327091963459, -34.198904660341896 ], [ -70.715354172437813, -34.198962405093461 ], [ -70.715377673409918, -34.199012519113367 ], [ -70.715388764658641, -34.199031390124368 ], [ -70.715409583589192, -34.199060802256568 ], [ -70.715436094642683, -34.199098255594294 ], [ -70.715549908135984, -34.19925904586183 ], [ -70.715557889430471, -34.199270321949307 ], [ -70.715658571532472, -34.199395463528511 ], [ -70.715704741835737, -34.199452849171024 ], [ -70.715711378939204, -34.199460072819193 ], [ -70.715766829400408, -34.199520419684191 ], [ -70.715768304377946, -34.199521873349752 ], [ -70.715819563136407, -34.199572334743365 ], [ -70.715843484497327, -34.199595883738091 ], [ -70.715859147536563, -34.199611304809899 ], [ -70.715867743684512, -34.199619715647785 ], [ -70.715868143650667, -34.199622744314858 ], [ -70.715872293269598, -34.199620052356693 ], [ -70.715942007340672, -34.199578022921102 ], [ -70.716390869810397, -34.199309681777635 ], [ -70.716595680444044, -34.199187564744562 ], [ -70.716775796935778, -34.199080144701334 ], [ -70.716966266916884, -34.198966777838464 ], [ -70.717118244283697, -34.198876395942122 ], [ -70.717375907446765, -34.198722723432162 ], [ -70.717418745490278, -34.198696624950969 ], [ -70.717583798383174, -34.198598576080101 ], [ -70.717616653333423, -34.198578572246916 ], [ -70.717791685611701, -34.19847427604558 ], [ -70.718003742169714, -34.198347168843782 ], [ -70.718199658157786, -34.19823066971923 ], [ -70.718423168372823, -34.19809759882957 ], [ -70.718639582473131, -34.197967986758542 ], [ -70.718805893322042, -34.197868697731415 ], [ -70.718979663835086, -34.197765791762478 ], [ -70.719161210132398, -34.197656507855172 ], [ -70.719220726486071, -34.197620888240778 ], [ -70.719500540063507, -34.197454893663561 ], [ -70.719578962698222, -34.19740752911644 ], [ -70.7196867308203, -34.197343796361864 ], [ -70.719789128294266, -34.197282582462762 ], [ -70.719902896918811, -34.197215788830206 ], [ -70.719909797979682, -34.197211636154577 ], [ -70.719817795713269, -34.197103946240134 ], [ -70.719737884544202, -34.197010131784452 ], [ -70.719661795914064, -34.196921302444828 ], [ -70.719625890738115, -34.196877029539777 ], [ -70.719072403196918, -34.196250689076159 ], [ -70.71745683741095, -34.19431459186066 ], [ -70.716233511479217, -34.192769100321051 ], [ -70.715957028989919, -34.192419795395736 ], [ -70.713900698240138, -34.189901556444767 ], [ -70.713566301472795, -34.190067003163307 ], [ -70.712685113284422, -34.190560285541721 ], [ -70.712076950886896, -34.190880263976844 ], [ -70.711255824065816, -34.191345977436626 ], [ -70.710565147258691, -34.191720541598031 ], [ -70.710377728141424, -34.191811716165901 ], [ -70.710277187415969, -34.191837548249616 ], [ -70.710068337536626, -34.191822901079767 ], [ -70.709991840716427, -34.191810989179316 ] ] ] } },
{ "type": "Feature", "properties": { "zona": "72" }, "geometry": { "type": "Polygon", "coordinates": [ [ [ -70.697222376025451, -34.191896368562553 ], [ -70.696885252573821, -34.191957843750892 ], [ -70.693162832139762, -34.194224793068734 ], [ -70.696975861602056, -34.199135336762943 ], [ -70.703239311722243, -34.195814491477897 ], [ -70.708551909464376, -34.20345203292527 ], [ -70.715868143650667, -34.199622744314858 ], [ -70.715867743684512, -34.199619715647785 ], [ -70.715859147536563, -34.199611304809899 ], [ -70.715843484497327, -34.199595883738091 ], [ -70.715819563136407, -34.199572334743365 ], [ -70.715768304377946, -34.199521873349752 ], [ -70.715766829400408, -34.199520419684191 ], [ -70.715711378939204, -34.199460072819193 ], [ -70.715704741835737, -34.199452849171024 ], [ -70.715658571532472, -34.199395463528511 ], [ -70.715557889430471, -34.199270321949307 ], [ -70.715549908135984, -34.19925904586183 ], [ -70.715436094642683, -34.199098255594294 ], [ -70.715409583589192, -34.199060802256568 ], [ -70.715388764658641, -34.199031390124368 ], [ -70.715377673409918, -34.199012519113367 ], [ -70.715354172437813, -34.198962405093461 ], [ -70.715327091963459, -34.198904660341896 ], [ -70.715313329318917, -34.198883933089618 ], [ -70.715304685926341, -34.198873879949865 ], [ -70.715253911519952, -34.198814827243901 ], [ -70.715234089681033, -34.198791773542119 ], [ -70.71519473834239, -34.198746006494154 ], [ -70.715124032681771, -34.198711582319731 ], [ -70.715044530357488, -34.198672873541135 ], [ -70.715010896112304, -34.198651808259257 ], [ -70.714904624452771, -34.198570531438406 ], [ -70.714876835279952, -34.198544484481232 ], [ -70.714541398574667, -34.198230074206542 ], [ -70.714449665669648, -34.198137664060994 ], [ -70.714256290086269, -34.197942859429645 ], [ -70.714159477445932, -34.197845330693589 ], [ -70.714012461710681, -34.19768991827344 ], [ -70.713971151833107, -34.197646249411662 ], [ -70.71394803009332, -34.197620332676088 ], [ -70.713882793871008, -34.197542836735394 ], [ -70.71381441104073, -34.197461604744191 ], [ -70.713806374377427, -34.197450253563304 ], [ -70.713798923112748, -34.197439730090039 ], [ -70.71374804377038, -34.197351212898305 ], [ -70.713720614365599, -34.19730349246489 ], [ -70.713714324454131, -34.197289062767645 ], [ -70.713713265935226, -34.197285501363019 ], [ -70.71367513753782, -34.197157233382327 ], [ -70.7136059238359, -34.196924391577404 ], [ -70.713598678723258, -34.196849831839607 ], [ -70.713593434548727, -34.19673890419385 ], [ -70.713584161734232, -34.196703892174909 ], [ -70.71356690504129, -34.196638733805663 ], [ -70.713559203883577, -34.196622881073232 ], [ -70.713470309575982, -34.196496260037605 ], [ -70.713450640345357, -34.196472008218507 ], [ -70.713355076138811, -34.19636820254869 ], [ -70.713323724489115, -34.196339154480242 ], [ -70.713161296282664, -34.196208012147878 ], [ -70.713117865866707, -34.196174633187354 ], [ -70.713015241985687, -34.196095761737929 ], [ -70.712979700305638, -34.196071524127781 ], [ -70.712926105787332, -34.196039626095931 ], [ -70.71275979969856, -34.195940644681016 ], [ -70.712730191255204, -34.195925388166096 ], [ -70.712569282858695, -34.195855683691903 ], [ -70.712502259966243, -34.19582665105758 ], [ -70.711776359648852, -34.195535571231417 ], [ -70.711549948483906, -34.195434087017148 ], [ -70.71146272416695, -34.195394988534311 ], [ -70.71142976266745, -34.195374884883464 ], [ -70.711240273814866, -34.195229234707291 ], [ -70.711134549807085, -34.195085405723994 ], [ -70.710968883656335, -34.194871214390453 ], [ -70.710884510856189, -34.194753365978613 ], [ -70.710872592860866, -34.194738451955423 ], [ -70.71086686264934, -34.194731281202287 ], [ -70.710809894677851, -34.194659996406607 ], [ -70.710783440788575, -34.194632773841683 ], [ -70.710627512406489, -34.194496637423761 ], [ -70.710340630177214, -34.194276175367726 ], [ -70.71030452632516, -34.194250891586975 ], [ -70.710242234261017, -34.194211524789516 ], [ -70.710027751301894, -34.194075976790799 ], [ -70.709996025835821, -34.194057928545014 ], [ -70.709902945651464, -34.194010859141386 ], [ -70.70987032439929, -34.193991438316765 ], [ -70.709666337960869, -34.193851738820463 ], [ -70.709643097447426, -34.193817293557963 ], [ -70.709617651727044, -34.193771119769565 ], [ -70.709593968293859, -34.193705806868444 ], [ -70.709590225643865, -34.193695487514582 ], [ -70.70957129544901, -34.193617391476394 ], [ -70.709554090387542, -34.193537238022813 ], [ -70.709545763478133, -34.193498450511598 ], [ -70.70951608627999, -34.193393915394338 ], [ -70.709513914671874, -34.193386270267212 ], [ -70.709486601739329, -34.193271502894412 ], [ -70.709473117890226, -34.193229309336523 ], [ -70.709462791719275, -34.193207271075778 ], [ -70.709456957490744, -34.193197193671637 ], [ -70.709432914384024, -34.193155658545081 ], [ -70.709266868460318, -34.192900894654343 ], [ -70.709186402777007, -34.192758552249387 ], [ -70.709179090198759, -34.192743505341745 ], [ -70.709174738665112, -34.192733121417923 ], [ -70.709123875340481, -34.192611723574032 ], [ -70.709119301706323, -34.192589741281203 ], [ -70.709107529532019, -34.192533141473511 ], [ -70.709104750399106, -34.192487643604807 ], [ -70.709105204171863, -34.192454904135666 ], [ -70.709108886559406, -34.19243358137458 ], [ -70.709109386872825, -34.192430680800598 ], [ -70.709114407014965, -34.192418166284448 ], [ -70.709123203242939, -34.192400641523847 ], [ -70.709145626556577, -34.192365154081202 ], [ -70.709242375423301, -34.192310002395139 ], [ -70.709279578377135, -34.19228678329295 ], [ -70.709455202215395, -34.192177169684697 ], [ -70.709485233083484, -34.192159687096215 ], [ -70.709564304754906, -34.192116957382574 ], [ -70.709625703525646, -34.192083778742962 ], [ -70.7097066803844, -34.192040019677634 ], [ -70.709737761892725, -34.192020833472206 ], [ -70.709991214901848, -34.191841694074249 ], [ -70.709996199424879, -34.191838172820404 ], [ -70.7099978769823, -34.191835321656065 ], [ -70.7100011587072, -34.191829746590528 ], [ -70.710001226891123, -34.191829630220482 ], [ -70.709991840716427, -34.191810989179316 ], [ -70.709986510640604, -34.191767564771304 ], [ -70.709914458762455, -34.191180587215513 ], [ -70.709795123675917, -34.190957986153101 ], [ -70.709692431780084, -34.190706523529848 ], [ -70.709466652754813, -34.190046420230509 ], [ -70.709294664198737, -34.189661555672323 ], [ -70.709255236156039, -34.18958144217568 ], [ -70.697222376025451, -34.191896368562553 ] ] ] } },
{ "type": "Feature", "properties": { "zona": "39" }, "geometry": { "type": "Polygon", "coordinates": [ [ [ -70.741627945778205, -34.192103335962059 ], [ -70.740934484737039, -34.193035630888119 ], [ -70.740908121192689, -34.193020104347298 ], [ -70.74090563280609, -34.193023210887517 ], [ -70.740898101049979, -34.193031613513249 ], [ -70.740890163158269, -34.193041374466603 ], [ -70.740881929465544, -34.193052582352365 ], [ -70.740875530702425, -34.193063313339287 ], [ -70.740869652113332, -34.193072954892031 ], [ -70.740863988634374, -34.193082503220474 ], [ -70.740858080395881, -34.193090702459017 ], [ -70.740850991822612, -34.193099549646284 ], [ -70.740844743311825, -34.193107032346468 ], [ -70.740838402993887, -34.193115327887526 ], [ -70.740831321828153, -34.193124535652203 ], [ -70.740823933743087, -34.193134649481642 ], [ -70.740816770032353, -34.193145120809717 ], [ -70.740809389355306, -34.193155595216766 ], [ -70.740802111600175, -34.193165797649897 ], [ -70.7407960141785, -34.193175352134162 ], [ -70.740791200014584, -34.193183986696191 ], [ -70.740785985271842, -34.19319425001963 ], [ -70.740779794186892, -34.193204527199676 ], [ -70.740772918855214, -34.193213191014308 ], [ -70.740765628121096, -34.19322276243323 ], [ -70.740759405533566, -34.193231507153989 ], [ -70.740752028547888, -34.193242161847103 ], [ -70.740744442006857, -34.193253180197495 ], [ -70.740736531869445, -34.193264293310897 ], [ -70.740728836842095, -34.193275313200012 ], [ -70.740721147371133, -34.193286603522537 ], [ -70.740714106940104, -34.19329779446246 ], [ -70.740708026174502, -34.193308160244229 ], [ -70.740702061282505, -34.193318884163141 ], [ -70.740696141914455, -34.193326543428348 ], [ -70.740689911901413, -34.193334927567449 ], [ -70.740682926215058, -34.193343502772429 ], [ -70.740677335978148, -34.193351336805875 ], [ -70.740671115225226, -34.193360171667166 ], [ -70.740664570876092, -34.19336910129141 ], [ -70.740658348249312, -34.193377845106056 ], [ -70.740653131645118, -34.193388019181221 ], [ -70.74064682091317, -34.193397756125592 ], [ -70.740641348434238, -34.193406040242529 ], [ -70.740635591247482, -34.193416311257835 ], [ -70.740631429802804, -34.19342502672167 ], [ -70.740627170990848, -34.19343428459257 ], [ -70.740622261282084, -34.193443551700398 ], [ -70.740617340456154, -34.193452277940409 ], [ -70.740611684335505, -34.19346218683674 ], [ -70.740605380951948, -34.19347016985067 ], [ -70.740604915596478, -34.193470758958668 ], [ -70.740598777372824, -34.193478330252539 ], [ -70.740591047108225, -34.193487637386127 ], [ -70.740584289481106, -34.193496750374706 ], [ -70.740578166075025, -34.193505042824533 ], [ -70.740571640231863, -34.193514873890422 ], [ -70.740566070352926, -34.193523699510003 ], [ -70.74055966225292, -34.193533979758918 ], [ -70.740552619928408, -34.193545080545796 ], [ -70.740545585012612, -34.19355654191078 ], [ -70.740538318308367, -34.193567285197389 ], [ -70.74053115637993, -34.193577846654911 ], [ -70.740524847491614, -34.193587674639652 ], [ -70.740518856640065, -34.193597137427354 ], [ -70.740512963154487, -34.193606057807663 ], [ -70.740506069238222, -34.19361382016249 ], [ -70.740500611534301, -34.193622824529179 ], [ -70.74049438889125, -34.193631569237695 ], [ -70.740487618274713, -34.193640051209108 ], [ -70.740482046526637, -34.193648786680605 ], [ -70.740475695018787, -34.19365654133685 ], [ -70.740470340234324, -34.193665273729103 ], [ -70.740465204267224, -34.193674093186956 ], [ -70.740460623663196, -34.193683535058625 ], [ -70.740456798771021, -34.193692787668098 ], [ -70.740452130078538, -34.193703223571084 ], [ -70.740447225893647, -34.19371276110644 ], [ -70.740441872955429, -34.193721583642187 ], [ -70.740436304902573, -34.193730499401028 ], [ -70.740431058592677, -34.193739230252383 ], [ -70.740425093655588, -34.193749955060554 ], [ -70.740419306780552, -34.19375878375282 ], [ -70.740413315905727, -34.193768246535846 ], [ -70.740407323177067, -34.193777619173972 ], [ -70.740401231226471, -34.193787444074282 ], [ -70.740395249610074, -34.193797357579605 ], [ -70.7403891698564, -34.193807723331695 ], [ -70.740389063993391, -34.193807905175625 ], [ -70.740382453704996, -34.193818909651732 ], [ -70.740375839710012, -34.193829733838307 ], [ -70.740369644826387, -34.193839830710367 ], [ -70.740364602502424, -34.19384792746817 ], [ -70.740358826729405, -34.193857297025538 ], [ -70.740353127946875, -34.193865132584868 ], [ -70.740347331794695, -34.193873510550929 ], [ -70.740340568554501, -34.193882353093422 ], [ -70.740333790493537, -34.1938904744786 ], [ -70.740327001335316, -34.193898055897172 ], [ -70.74032022325332, -34.193906176380224 ], [ -70.740312807255776, -34.193914938012291 ], [ -70.740307001834339, -34.193922865253526 ], [ -70.740300244143285, -34.193931978227809 ], [ -70.740292638960568, -34.193942095106593 ], [ -70.740284393990422, -34.193952762088081 ], [ -70.740276038682509, -34.193963340463654 ], [ -70.740268003265527, -34.193973643787182 ], [ -70.74026038325654, -34.193983039507131 ], [ -70.74025266956275, -34.193993157021382 ], [ -70.740245352791035, -34.194001467288835 ], [ -70.740243525170158, -34.194003515753195 ], [ -70.740238670228749, -34.194008956117614 ], [ -70.740231675181377, -34.194017080576003 ], [ -70.740224479836641, -34.194026019414004 ], [ -70.740216637294495, -34.194035147775971 ], [ -70.74020902653595, -34.194044994216107 ], [ -70.740202607241386, -34.194054733580323 ], [ -70.740196292724264, -34.194064291115836 ], [ -70.740190973079919, -34.194074736244872 ], [ -70.740187955648807, -34.194086320030053 ], [ -70.740185756110534, -34.194095459400017 ], [ -70.740182797168671, -34.194104608642526 ], [ -70.74017912514833, -34.194116022274656 ], [ -70.740175507894762, -34.194124820173428 ], [ -70.740170925402069, -34.194134172792154 ], [ -70.740165997082798, -34.194142538437276 ], [ -70.740160631142274, -34.194150730850971 ], [ -70.740154719022698, -34.194158747966483 ], [ -70.740148257112097, -34.194166414001792 ], [ -70.74014189999798, -34.194173899109856 ], [ -70.740134476550367, -34.19418230015355 ], [ -70.740126727650363, -34.194190705814158 ], [ -70.740119945822059, -34.194198645997822 ], [ -70.740113496907853, -34.194206944846698 ], [ -70.740107053493446, -34.194215511424815 ], [ -70.740101141401482, -34.194223530340857 ], [ -70.740094909413926, -34.194231824307799 ], [ -70.740088585611147, -34.194240931115139 ], [ -70.740084006807351, -34.194250464020193 ], [ -70.740080183665768, -34.1942598049609 ], [ -70.740074928045743, -34.194268085976724 ], [ -70.740070663577285, -34.194277073396378 ], [ -70.740065845576183, -34.194285527643416 ], [ -70.740060165260417, -34.194294264636589 ], [ -70.740054370903295, -34.194302732734691 ], [ -70.740048135201306, -34.19431084641019 ], [ -70.740043752983482, -34.194319384644892 ], [ -70.74003817929497, -34.194328029953468 ], [ -70.74003316284157, -34.194337388723696 ], [ -70.740028675841387, -34.19434610878622 ], [ -70.740023324673743, -34.194355021450008 ], [ -70.740017199301036, -34.194363223729695 ], [ -70.740011393822428, -34.19437115095819 ], [ -70.740007368535501, -34.194381217033374 ], [ -70.740002570877124, -34.194390661967624 ], [ -70.739996655077874, -34.194398501491307 ], [ -70.739989751791214, -34.194405813096445 ], [ -70.739985791565189, -34.194411493236913 ], [ -70.739984165127169, -34.194413827390377 ], [ -70.739976609082547, -34.194421058084153 ], [ -70.739970489256919, -34.194429530795595 ], [ -70.739962936913841, -34.194436941777845 ], [ -70.739957784181186, -34.194444949914796 ], [ -70.739951989803956, -34.1944534180085 ], [ -70.739947276561423, -34.19446169042309 ], [ -70.739939867886349, -34.194470812613062 ], [ -70.739933229728535, -34.194480465799195 ], [ -70.739926383824283, -34.19449057098317 ], [ -70.739922492934497, -34.194501897541784 ], [ -70.739917822283061, -34.194512243281842 ], [ -70.73991126295293, -34.194520451712449 ], [ -70.73990546671412, -34.194528829659525 ], [ -70.739897914356717, -34.194536240638087 ], [ -70.739890520485972, -34.194546083982402 ], [ -70.739885947200534, -34.194555887314685 ], [ -70.739879097599399, -34.19456581310844 ], [ -70.739871990266323, -34.194573757896272 ], [ -70.739864346104156, -34.194581982614984 ], [ -70.739859083017649, -34.194589902142425 ], [ -70.739854163902294, -34.194598718499364 ], [ -70.739848494656442, -34.194607996351408 ], [ -70.739844660380953, -34.19461679731922 ], [ -70.739839728299003, -34.194624982663186 ], [ -70.739833707670073, -34.194633003106361 ], [ -70.739828442725738, -34.194640832487984 ], [ -70.739821771189227, -34.194648862163803 ], [ -70.739814432060143, -34.194656088869252 ], [ -70.739806353948097, -34.194664319740028 ], [ -70.739800445501416, -34.19467251893213 ], [ -70.73979260285553, -34.194681647269313 ], [ -70.739784644316131, -34.194690416566289 ], [ -70.739776707997706, -34.194700267598428 ], [ -70.739770707728326, -34.19470927962977 ], [ -70.739764292039069, -34.194719199262423 ], [ -70.739757521265489, -34.194727681196994 ], [ -70.739751728701577, -34.194736239426696 ], [ -70.739745160079281, -34.194743997125983 ], [ -70.739738477415884, -34.194751485929821 ], [ -70.739730522568152, -34.194760435512855 ], [ -70.739723299332027, -34.194768022154442 ], [ -70.739715669934412, -34.194776967120276 ], [ -70.739708049775757, -34.194786361907397 ], [ -70.739701806617489, -34.1947941158897 ], [ -70.739693949135571, -34.194802523063956 ], [ -70.739686542256138, -34.194811735384526 ], [ -70.73968010617989, -34.194820663422142 ], [ -70.739675641340824, -34.194830465208632 ], [ -70.739671279429899, -34.194839995022342 ], [ -70.739664596771107, -34.194847484723908 ], [ -70.739656419363925, -34.194856166044623 ], [ -70.739649532677333, -34.194864288933907 ], [ -70.739642226865342, -34.194873139134742 ], [ -70.739633856575566, -34.194882996313211 ], [ -70.739627390860718, -34.19489048203409 ], [ -70.739620498613434, -34.194898334487931 ], [ -70.73961361377178, -34.194906547519977 ], [ -70.739606524921683, -34.194915394641527 ], [ -70.73959901139024, -34.194924698640563 ], [ -70.739591291998195, -34.194934546584335 ], [ -70.739584019504775, -34.194945019385514 ], [ -70.73957685736444, -34.194955581693733 ], [ -70.739569801818305, -34.194966050515433 ], [ -70.73956350012665, -34.194976239033778 ], [ -70.739557939309591, -34.19498551533497 ], [ -70.73955123883951, -34.194997421854026 ], [ -70.739546027564046, -34.195007866320637 ], [ -70.739540564117902, -34.195016600214636 ], [ -70.739534541582117, -34.195024530499751 ], [ -70.739526406751224, -34.195035286040678 ], [ -70.739520167243313, -34.195043219402329 ], [ -70.739513824785888, -34.195051423834805 ], [ -70.7395079107485, -34.19505935348154 ], [ -70.739502327700748, -34.195067548044747 ], [ -70.739496430307256, -34.195076288091322 ], [ -70.739490216716106, -34.195085483476603 ], [ -70.739483692481983, -34.195095404634451 ], [ -70.739476418110442, -34.195105787285215 ], [ -70.739469152995099, -34.195116620658766 ], [ -70.739462110402414, -34.195127721388758 ], [ -70.739454523531919, -34.19513873966649 ], [ -70.739447148074603, -34.195149484432754 ], [ -70.739440625663775, -34.195159494831735 ], [ -70.73943441022773, -34.195168600971236 ], [ -70.739429045987436, -34.195176882598986 ], [ -70.739423372955116, -34.195185980143897 ], [ -70.739417712863883, -34.195195707799613 ], [ -70.739410713958094, -34.195203652827288 ], [ -70.739404360387837, -34.195211317288148 ], [ -70.73939706933335, -34.19522088863279 ], [ -70.7393899637716, -34.195228924441068 ], [ -70.739381460863825, -34.195237611261852 ], [ -70.739374114259704, -34.195244478265856 ], [ -70.739365794992068, -34.195251539405021 ], [ -70.739355745516747, -34.19525889559312 ], [ -70.739344934792797, -34.19526617240497 ], [ -70.73933336652297, -34.195273550129706 ], [ -70.739321472795893, -34.195280932468719 ], [ -70.739309577196735, -34.195288223760556 ], [ -70.739298328840292, -34.195295327334371 ], [ -70.739288064235041, -34.195302776738664 ], [ -70.739279730161769, -34.195309117616588 ], [ -70.739269231901943, -34.195315757892892 ], [ -70.73926067528302, -34.195321830510984 ], [ -70.739252357849637, -34.195328981787561 ], [ -70.73924319474996, -34.195337227106378 ], [ -70.73923585182871, -34.1953442743919 ], [ -70.739227427757214, -34.195351517349906 ], [ -70.739219555366859, -34.195359203338874 ], [ -70.739211912904807, -34.195367517263243 ], [ -70.739204272292568, -34.195375921331838 ], [ -70.739197720233634, -34.195384490305948 ], [ -70.739192361510916, -34.195393042358155 ], [ -70.739185739841687, -34.19540350590772 ], [ -70.739180175253878, -34.19541260190401 ], [ -70.739174513287452, -34.1954222403063 ], [ -70.739168602877257, -34.195430349325861 ], [ -70.739162685060833, -34.195438097766555 ], [ -70.73915622296559, -34.19544576375381 ], [ -70.739147916618975, -34.195453455891737 ], [ -70.739138510607589, -34.195460442254735 ], [ -70.739129727737847, -34.195466067217573 ], [ -70.739120834530354, -34.195471603573417 ], [ -70.739111916551579, -34.195476990596177 ], [ -70.739110022108392, -34.195477584633295 ], [ -70.739099563823018, -34.195480888906879 ], [ -70.739088890417307, -34.195484286400742 ], [ -70.739074126037465, -34.195489274805588 ], [ -70.739059788174046, -34.195493895575751 ], [ -70.739047077626608, -34.195498495074148 ], [ -70.739034050858834, -34.19550354900769 ], [ -70.739026614688271, -34.195506902399472 ], [ -70.739023588644372, -34.1955078776721 ], [ -70.739010878092714, -34.195512477166858 ], [ -70.738997851320505, -34.195517531096655 ], [ -70.738987529277409, -34.195522185992708 ], [ -70.738977310165254, -34.195526568915803 ], [ -70.738964722883665, -34.195531887123629 ], [ -70.73895418571712, -34.1955366352379 ], [ -70.738943120930657, -34.195542112199171 ], [ -70.738931429293686, -34.195548770268722 ], [ -70.738922532362068, -34.195554126321476 ], [ -70.738913321079096, -34.195560027855834 ], [ -70.738903896525926, -34.195566112755053 ], [ -70.73889415019849, -34.195572381655658 ], [ -70.738884514243082, -34.195578740965033 ], [ -70.738874446176737, -34.195585195669111 ], [ -70.738864707267282, -34.195591826047604 ], [ -70.738854753236254, -34.195598549646107 ], [ -70.738845334227364, -34.195604904975042 ], [ -70.738836343606366, -34.195610983717188 ], [ -70.738825229546748, -34.195619346835649 ], [ -70.738815615773348, -34.195626786974429 ], [ -70.738806628849673, -34.19563304600387 ], [ -70.738797741155679, -34.195638852771339 ], [ -70.738787564589884, -34.195645309006622 ], [ -70.738777075521966, -34.19565240086775 ], [ -70.738766259144626, -34.195659407197205 ], [ -70.738754696322317, -34.195667055304114 ], [ -70.738742501092773, -34.195675614084337 ], [ -70.738734385745104, -34.195682041094571 ], [ -70.738725726117195, -34.195688385649213 ], [ -70.738716967237991, -34.195695181563153 ], [ -70.738708212096029, -34.195702159568711 ], [ -70.738699455064776, -34.195709045626117 ], [ -70.738691016122942, -34.195715568293473 ], [ -70.738680465104224, -34.195724136220797 ], [ -70.738679459079037, -34.195723498546492 ], [ -70.738669420592046, -34.195731395549373 ], [ -70.738660457706331, -34.195738826449393 ], [ -70.73865322318737, -34.195745872164288 ], [ -70.738644813831812, -34.195753836241963 ], [ -70.738637263106838, -34.195761337292915 ], [ -70.738630054494394, -34.195769645031973 ], [ -70.738622434146322, -34.195779040658088 ], [ -70.738616200052121, -34.195787244411164 ], [ -70.738609436464387, -34.195796085964368 ], [ -70.738602463343554, -34.19580529297447 ], [ -70.73859624813575, -34.195812989698332 ], [ -70.738594949642916, -34.19581459781795 ], [ -70.738587542538781, -34.195823809175671 ], [ -70.738580034368468, -34.195833383550877 ], [ -70.738572516943094, -34.195842507202329 ], [ -70.738565108001964, -34.195851629315555 ], [ -70.738557592424058, -34.195860843110815 ], [ -70.738549637349067, -34.195869792622752 ], [ -70.738542097709413, -34.195877834536361 ], [ -70.738533942315229, -34.195887598424981 ], [ -70.738527708204757, -34.195895802173908 ], [ -70.738521683662356, -34.195903642268362 ], [ -70.73851481897232, -34.195912845933229 ], [ -70.738509346128907, -34.19592112996321 ], [ -70.738503895454826, -34.195930493926191 ], [ -70.73849834928491, -34.195940492242329 ], [ -70.738493744307505, -34.195948763068323 ], [ -70.738489034544443, -34.195957215721251 ], [ -70.73848443324799, -34.195965665934835 ], [ -70.738479723501612, -34.195974119488895 ], [ -70.73847523440908, -34.195982749355281 ], [ -70.738470528343555, -34.195991382296917 ], [ -70.738466151436427, -34.19600019091461 ], [ -70.7384623169402, -34.196008990942204 ], [ -70.738458592816883, -34.196017881379575 ], [ -70.73845447914367, -34.196028940538461 ], [ -70.738451518104014, -34.196037999599639 ], [ -70.73844876848429, -34.196046785151303 ], [ -70.738445704509076, -34.19605611618406 ], [ -70.738442737897472, -34.196064903909551 ], [ -70.73843925664994, -34.196075053296504 ], [ -70.738435468411723, -34.196086106940307 ], [ -70.738431584677244, -34.196097794937323 ], [ -70.738427824213844, -34.196110201652544 ], [ -70.738423953412678, -34.196122519760671 ], [ -70.738420731677209, -34.196134738497953 ], [ -70.738417732464995, -34.196147224593844 ], [ -70.738414851009424, -34.196160160776827 ], [ -70.738412399760094, -34.196172908716832 ], [ -70.738410685726194, -34.196184565058402 ], [ -70.738409596702184, -34.196194950148453 ], [ -70.738408737604317, -34.196205963175885 ], [ -70.73840730091456, -34.196215271142755 ], [ -70.738406101553039, -34.196225567625724 ], [ -70.738405426117737, -34.19623495497359 ], [ -70.738404324138983, -34.196244709050774 ], [ -70.738402887448245, -34.196254017017573 ], [ -70.73840094163485, -34.196264955276867 ], [ -70.73839877699767, -34.196275806466765 ], [ -70.738395520093718, -34.196286312454518 ], [ -70.738391726308436, -34.196297096564493 ], [ -70.738388029905551, -34.196307338268632 ], [ -70.738384210211237, -34.196316860352901 ], [ -70.738379636662373, -34.196326663634657 ], [ -70.738373435815248, -34.19633648998083 ], [ -70.738366776964227, -34.196345150596485 ], [ -70.738359489398732, -34.196354902173717 ], [ -70.738352540244577, -34.196365280150431 ], [ -70.738345910996927, -34.196375383079904 ], [ -70.738339721245325, -34.19638575029262 ], [ -70.738335116229862, -34.196394021113306 ], [ -70.738329645171476, -34.196402394379376 ], [ -70.738325150472718, -34.196410752905358 ], [ -70.738319449504431, -34.1964184991349 ], [ -70.738314318706372, -34.196427588944985 ], [ -70.738310598214738, -34.196436657864766 ], [ -70.738305906931032, -34.196446012859667 ], [ -70.738299489093748, -34.196455842277651 ], [ -70.738294120963403, -34.196463943570649 ], [ -70.738288763934591, -34.196472585731513 ], [ -70.738284291451876, -34.196482026893754 ], [ -70.738279070663907, -34.196492019686879 ], [ -70.73827384247312, -34.19650165190108 ], [ -70.738269239295718, -34.196510012864223 ], [ -70.738263924820856, -34.196520728351764 ], [ -70.73825856963596, -34.196529460656137 ], [ -70.73825451444057, -34.196538084365109 ], [ -70.738251330839233, -34.196546876062946 ], [ -70.738245633537716, -34.196554801677301 ], [ -70.738238615889983, -34.196561844294969 ], [ -70.738230390083459, -34.196568182667583 ], [ -70.738221610739572, -34.196573987859161 ], [ -70.73821216382045, -34.196578990973052 ], [ -70.738202613964418, -34.196584266057798 ], [ -70.738193168893346, -34.19658935931497 ], [ -70.738183493895235, -34.196593824633638 ], [ -70.738172526305647, -34.196598759124662 ], [ -70.738161558714751, -34.196603693614762 ], [ -70.738140953125409, -34.196614896313037 ], [ -70.738131846459552, -34.19662061596614 ], [ -70.738123067103288, -34.196626421150981 ], [ -70.738114341386023, -34.196632830621873 ], [ -70.738114312330723, -34.196633529858154 ], [ -70.738108261264628, -34.196639976266582 ], [ -70.738101806404003, -34.196648003682789 ], [ -70.738095673265391, -34.196655844394208 ], [ -70.738088365290352, -34.196664604365097 ], [ -70.738082020744656, -34.19667271948618 ], [ -70.738076115696146, -34.19668109889146 ], [ -70.738070637193502, -34.196689111568226 ], [ -70.738064320397328, -34.196698578858779 ], [ -70.738059169203623, -34.196706677067596 ], [ -70.738053499626474, -34.196715954844024 ], [ -70.738047818928507, -34.196724690850616 ], [ -70.738040943059119, -34.196733355426211 ], [ -70.738035054654063, -34.196742546131901 ], [ -70.738029596495579, -34.19675155039856 ], [ -70.738024125384825, -34.196759923652138 ], [ -70.738017806728266, -34.196769300795843 ], [ -70.73801276401305, -34.196777397465539 ], [ -70.738007844603686, -34.196786214656676 ], [ -70.738003041043967, -34.196795389086162 ], [ -70.737997915740735, -34.196804749318297 ], [ -70.737992575312262, -34.196814202769566 ], [ -70.737987556643787, -34.196823471319306 ], [ -70.737983391070415, -34.196832006412798 ], [ -70.737978183177432, -34.196842630207158 ], [ -70.737973418482468, -34.196853698575531 ], [ -70.737969503182654, -34.196863853198401 ], [ -70.737963916171438, -34.196871867408113 ], [ -70.73795726093806, -34.19688070829276 ], [ -70.737949436395198, -34.196890737968239 ], [ -70.737942771908422, -34.19689912812872 ], [ -70.737936447682742, -34.196908234834524 ], [ -70.73792928330883, -34.19691870600861 ], [ -70.73792126953569, -34.196930090927331 ], [ -70.737916449326931, -34.196938454952992 ], [ -70.737911741323131, -34.196946998632065 ], [ -70.737906500095178, -34.196955998917772 ], [ -70.73790126626632, -34.196965359782062 ], [ -70.737895712561496, -34.196974997494856 ], [ -70.737890368392954, -34.196984269751269 ], [ -70.737885241235006, -34.196993540735903 ], [ -70.737881077493554, -34.197002165970964 ], [ -70.737875792541061, -34.197014323758395 ], [ -70.737871327385776, -34.197024125485875 ], [ -70.737866082467505, -34.197032946382087 ], [ -70.737860422098592, -34.197042674873892 ], [ -70.737854835065804, -34.197050689079106 ], [ -70.737848724094732, -34.197059612417036 ], [ -70.737842590922511, -34.197067454018374 ], [ -70.737837011286416, -34.197075828801623 ], [ -70.737831766380026, -34.197084650597965 ], [ -70.737824127311058, -34.197093143830536 ], [ -70.737817358008954, -34.197101715811378 ], [ -70.737810182504944, -34.197111646110983 ], [ -70.73780427923171, -34.197120114747605 ], [ -70.737798707006789, -34.197128851009481 ], [ -70.737792927036864, -34.197138040167474 ], [ -70.737787148915672, -34.19714731946992 ], [ -70.737781370793257, -34.197156598772082 ], [ -70.737776769383601, -34.197165049863166 ], [ -70.737771123795468, -34.197175499508816 ], [ -70.73776456222582, -34.197183618590664 ], [ -70.737757452630134, -34.197191473120917 ], [ -70.737749396261449, -34.197200784701423 ], [ -70.737742617694025, -34.197208905955009 ], [ -70.737735416274049, -34.197217574224887 ], [ -70.737728010826501, -34.197226876581439 ], [ -70.737720064788832, -34.197236276767782 ], [ -70.737711912873237, -34.197246220896005 ], [ -70.737703882392495, -34.197256794499523 ], [ -70.737695964097156, -34.197267546854881 ], [ -70.737690044171998, -34.197275205085688 ], [ -70.737683809881617, -34.197283408795613 ], [ -70.737677682227954, -34.197291520823491 ], [ -70.737671982974675, -34.197299356268772 ], [ -70.737664618209251, -34.19731064180516 ], [ -70.737659159976673, -34.19731964605684 ], [ -70.737653365180762, -34.197328114051274 ], [ -70.737646468857406, -34.197335786113548 ], [ -70.737638831616096, -34.197344370381643 ], [ -70.737631933440341, -34.197351952298462 ], [ -70.737624388035954, -34.197359723726429 ], [ -70.737616735992091, -34.197367586835668 ], [ -70.73760908949609, -34.19737572037856 ], [ -70.737601023845272, -34.197384581226608 ], [ -70.737592535339687, -34.197393989090337 ], [ -70.737585429428776, -34.197402024802223 ], [ -70.73757834016412, -34.197410871816004 ], [ -70.737571056137426, -34.197420804541238 ], [ -70.737563468804893, -34.197431821810468 ], [ -70.737556221750452, -34.19744355652746 ], [ -70.737549195369425, -34.197455468459573 ], [ -70.737542928420808, -34.197467370534071 ], [ -70.73753708613701, -34.197478813934111 ], [ -70.737531990338411, -34.197489616463869 ], [ -70.737528062011208, -34.19749914006124 ], [ -70.737525371443922, -34.197510810225069 ], [ -70.737520025371708, -34.197519993223615 ], [ -70.737512906495979, -34.197527397918748 ], [ -70.737504296531029, -34.197536176300908 ], [ -70.737497389079735, -34.197543307487273 ], [ -70.737489950284782, -34.197550987226016 ], [ -70.737482529984888, -34.197559568411378 ], [ -70.737475563981974, -34.197569135040467 ], [ -70.737469364792915, -34.197579051489804 ], [ -70.737463494784592, -34.197589144519 ], [ -70.737457523648246, -34.197599597860787 ], [ -70.737450905299184, -34.197610241614406 ], [ -70.737443851146196, -34.197620801370483 ], [ -70.737436791442661, -34.197631090692063 ], [ -70.737430367869976, -34.197640649634508 ], [ -70.73742544093588, -34.197649105324231 ], [ -70.737420197784076, -34.197658016347866 ], [ -70.737413656471418, -34.197667126102829 ], [ -70.737406863039055, -34.197674526181757 ], [ -70.737400205837247, -34.197683276894111 ], [ -70.737394955282511, -34.197691827337934 ], [ -70.737389476652879, -34.197699839986981 ], [ -70.737382394723383, -34.197709046667789 ], [ -70.737376392163867, -34.197717969348908 ], [ -70.737369860089728, -34.197727529825265 ], [ -70.737363451298677, -34.197737809922145 ], [ -70.73735704250619, -34.197748090018756 ], [ -70.737350326742188, -34.197759276172469 ], [ -70.737342961895706, -34.197770561691293 ], [ -70.737335701836741, -34.197781665383516 ], [ -70.737328978669439, -34.197792490957355 ], [ -70.737323424829725, -34.197802127745206 ], [ -70.737318424527885, -34.197812297717256 ], [ -70.737313940774357, -34.197821197979387 ], [ -70.737308158857431, -34.197830296971894 ], [ -70.737301632315734, -34.19784012787909 ], [ -70.73729519391695, -34.197848965657435 ], [ -70.737288450395368, -34.197858799637473 ], [ -70.737281282147009, -34.19786908958622 ], [ -70.737273578889059, -34.197879749599977 ], [ -70.73726598594871, -34.197890497319776 ], [ -70.737259145028617, -34.19790087370334 ], [ -70.737252300408045, -34.197911069797115 ], [ -70.737245249905158, -34.197921809832216 ], [ -70.73723820494881, -34.197932820301077 ], [ -70.73723116368943, -34.197944011058986 ], [ -70.737224343104302, -34.197955379032571 ], [ -70.737218055713612, -34.197966288598849 ], [ -70.737212941353292, -34.197976189669561 ], [ -70.737207854732532, -34.197987442910744 ], [ -70.73720437879625, -34.197997861799259 ], [ -70.737201301675796, -34.198006561791523 ], [ -70.737198467423397, -34.198016520736338 ], [ -70.737195750905926, -34.198026928867932 ], [ -70.737193137328461, -34.198037065028721 ], [ -70.737188799026725, -34.198047766644272 ], [ -70.737183596512637, -34.198058660842356 ], [ -70.737178778019754, -34.198067114986493 ], [ -70.737173635908945, -34.198075663885085 ], [ -70.737168383459021, -34.198084124175431 ], [ -70.737162366038405, -34.198092324787908 ], [ -70.737155484404823, -34.198100717982619 ], [ -70.737148587975284, -34.198108390019279 ], [ -70.73714062330005, -34.198116888724208 ], [ -70.737133502492966, -34.198124203254473 ], [ -70.737125383093343, -34.19813044987729 ], [ -70.737119464907749, -34.198138198227682 ], [ -70.737112459983109, -34.198145871799078 ], [ -70.73710389552862, -34.198151583698674 ], [ -70.737096127480712, -34.198159087735895 ], [ -70.737087903284589, -34.198165516182414 ], [ -70.73707857385638, -34.198170968402231 ], [ -70.737069685779559, -34.19817677505398 ], [ -70.737060687363353, -34.198182493096986 ], [ -70.737051343137637, -34.198187224157131 ], [ -70.737039419216174, -34.198193163974729 ], [ -70.737029637333862, -34.198197720890008 ], [ -70.737020683769927, -34.198201922521953 ], [ -70.73700930118747, -34.198204997153752 ], [ -70.736996124708384, -34.198208069237957 ], [ -70.736983172602848, -34.198211498826652 ], [ -70.736972382879003, -34.198214537105663 ], [ -70.736960624150129, -34.198217949790823 ], [ -70.73694897390925, -34.198221360938405 ], [ -70.736935595240055, -34.198225157246902 ], [ -70.736924268614956, -34.198228473638153 ], [ -70.73691207962419, -34.198232072753946 ], [ -70.736898381031708, -34.198236144101891 ], [ -70.736884149238065, -34.198240673853967 ], [ -70.736869386091996, -34.198245752154705 ], [ -70.736854622925591, -34.198250829552258 ], [ -70.736849963034302, -34.198252574525767 ], [ -70.736844607425468, -34.198254579124914 ], [ -70.73683449081291, -34.198258689910581 ], [ -70.73682448636788, -34.198262978547085 ], [ -70.736814481958731, -34.198267268985717 ], [ -70.736804690810274, -34.198271375159983 ], [ -70.736792112226581, -34.198277143882876 ], [ -70.736779862806216, -34.198283088285045 ], [ -70.736769963165074, -34.198287195992961 ], [ -70.736757895590287, -34.198291424570634 ], [ -70.736745294813346, -34.198296111552182 ], [ -70.736732493696834, -34.198301612907528 ], [ -70.736722934309498, -34.198306437160802 ], [ -70.736713279374058, -34.198311893962703 ], [ -70.736703744019664, -34.198317890095986 ], [ -70.7366947529584, -34.198323968692129 ], [ -70.736686635355454, -34.19833030543203 ], [ -70.736678848765237, -34.198336907996953 ], [ -70.736671181755952, -34.198344049893556 ], [ -70.736663417349163, -34.198351734194333 ], [ -70.736654912004965, -34.198360330695323 ], [ -70.736644698564177, -34.19837030394585 ], [ -70.736637461808229, -34.198377259406286 ], [ -70.736629474870583, -34.198384676343203 ], [ -70.736621052125884, -34.198392009279608 ], [ -70.736612406854988, -34.198399074853619 ], [ -70.73660109741958, -34.198408522594008 ], [ -70.736590319335406, -34.198417421784264 ], [ -70.736582006922092, -34.198424843326741 ], [ -70.73657304909942, -34.198432543618232 ], [ -70.736564308290653, -34.198440242639762 ], [ -70.736554587360743, -34.198447774294827 ], [ -70.736544969372275, -34.198455033978874 ], [ -70.736535332895201, -34.198461392214831 ], [ -70.736525687173213, -34.19846729972641 ], [ -70.736514963951322, -34.198473583177048 ], [ -70.736504981666499, -34.198478954426911 ], [ -70.736493269096854, -34.198484620687204 ], [ -70.736479601868695, -34.198490224450623 ], [ -70.736465061177924, -34.198495570066669 ], [ -70.736451480252057, -34.198500090554163 ], [ -70.736439734401003, -34.198504134204242 ], [ -70.736437685333726, -34.198504865646761 ], [ -70.736428422506236, -34.198508171709179 ], [ -70.736416991029586, -34.198511669880702 ], [ -70.736406421921302, -34.198514885329033 ], [ -70.736394880104797, -34.198518294889794 ], [ -70.736382262654558, -34.198522171434284 ], [ -70.736371268810075, -34.198525842845797 ], [ -70.736359734384592, -34.198529612982284 ], [ -70.73634756196104, -34.198534023346532 ], [ -70.736339879797271, -34.198536776819182 ], [ -70.736334203546548, -34.198538811183738 ], [ -70.736320094928374, -34.198544059593196 ], [ -70.73630577121493, -34.198549403020515 ], [ -70.736291885135827, -34.198554919690707 ], [ -70.736278219730607, -34.198560613577129 ], [ -70.736266608229585, -34.198565917701657 ], [ -70.736256723334975, -34.198570747429152 ], [ -70.736246323680817, -34.19857693520342 ], [ -70.736236891207042, -34.198582659332018 ], [ -70.736226811491775, -34.19858857296439 ], [ -70.736217700787122, -34.198594112194577 ], [ -70.736207836199767, -34.198599932609078 ], [ -70.736196787468131, -34.198606220640436 ], [ -70.736185302928405, -34.198612424669257 ], [ -70.736173608801153, -34.198618992347633 ], [ -70.736162025009946, -34.198625648633922 ], [ -70.736151097699107, -34.198632566138812 ], [ -70.736140722075703, -34.198639926687747 ], [ -70.736130784105328, -34.198647461382343 ], [ -70.736121182691548, -34.198655532337504 ], [ -70.736112452889216, -34.198663771295593 ], [ -70.736103647864113, -34.19867363439436 ], [ -70.736096115140526, -34.198682036747869 ], [ -70.736088565781301, -34.198689627798203 ], [ -70.736080040013988, -34.198697232669431 ], [ -70.736071929721518, -34.198703929949801 ], [ -70.736062631586222, -34.198710914556514 ], [ -70.736051814594006, -34.198717920662119 ], [ -70.736040346661952, -34.198724935980842 ], [ -70.736032431002499, -34.198729693632345 ], [ -70.736031127440484, -34.198730476733552 ], [ -70.736021588311729, -34.198736293428283 ], [ -70.736011946199483, -34.198742380289332 ], [ -70.73600252847632, -34.19874882555883 ], [ -70.73599344176526, -34.198755536655042 ], [ -70.735985009687411, -34.198762418826377 ], [ -70.735977438133574, -34.198768928133184 ], [ -70.735969552198057, -34.19877598291496 ], [ -70.735961213821099, -34.198782142391103 ], [ -70.735952664007712, -34.198788575372163 ], [ -70.735944331172547, -34.198795005281461 ], [ -70.735936217163783, -34.19880152226385 ], [ -70.735928334917929, -34.198808757332628 ], [ -70.735920368205811, -34.198817165818397 ], [ -70.735913793379083, -34.198824652893769 ], [ -70.735907005267677, -34.198832323329434 ], [ -70.735900868094035, -34.198839984551448 ], [ -70.735894764184039, -34.198849268378865 ], [ -70.735889967695158, -34.198858804213735 ], [ -70.735885059019282, -34.198868161294484 ], [ -70.735881242633312, -34.19887786359871 ], [ -70.735876856076629, -34.19888622140914 ], [ -70.735871596055802, -34.198894321069339 ], [ -70.735865591388759, -34.198903152636113 ], [ -70.735858595527063, -34.198911276864195 ], [ -70.735851932525861, -34.198919757064409 ], [ -70.735845600537175, -34.198928503092027 ], [ -70.735839349317317, -34.19893589541249 ], [ -70.735833765668076, -34.198944089822469 ], [ -70.735827295618151, -34.198951395068555 ], [ -70.73582018386702, -34.198959160251071 ], [ -70.735813294638504, -34.198967192796523 ], [ -70.735806205060271, -34.198976039715426 ], [ -70.735799749789209, -34.198984066118271 ], [ -70.735793827727335, -34.198991634119693 ], [ -70.735787911208249, -34.198999472555116 ], [ -70.735781459629564, -34.199007679246613 ], [ -70.735774037182821, -34.199016170191143 ], [ -70.73576618077432, -34.199024667276994 ], [ -70.735759297079241, -34.199032970253931 ], [ -70.735751646560516, -34.199040923399451 ], [ -70.73574463404573, -34.199048236318681 ], [ -70.735737627073419, -34.199055819671806 ], [ -70.735730085040743, -34.199063771280692 ], [ -70.73572211457126, -34.199071998563582 ], [ -70.735714469607672, -34.199080223042728 ], [ -70.735707146398852, -34.199088261724249 ], [ -70.73570101288486, -34.199096103226609 ], [ -70.735695973510801, -34.19910438009871 ], [ -70.735692480716168, -34.19911398764679 ], [ -70.73569278505957, -34.1991235405551 ], [ -70.735696557431339, -34.199132865844554 ], [ -70.735698966675798, -34.199136945345437 ], [ -70.735701841257281, -34.199141808157876 ], [ -70.735709053886467, -34.199149550951923 ], [ -70.735716889740374, -34.199155932361613 ], [ -70.735724453695823, -34.199161649452343 ], [ -70.735727781515052, -34.199164164111004 ], [ -70.735730267201035, -34.199166043260753 ], [ -70.735736275820557, -34.199170584892926 ], [ -70.735752027219434, -34.19918231141817 ], [ -70.73596069094863, -34.198994519429313 ], [ -70.736031572537271, -34.198950571323259 ], [ -70.736216364664031, -34.198851371590706 ], [ -70.736502968140854, -34.198685678104866 ], [ -70.736982620757303, -34.198412871797849 ], [ -70.737026586214157, -34.198386601813645 ], [ -70.737260902934068, -34.198261608157623 ], [ -70.737434054549396, -34.198164320828361 ], [ -70.737560272152422, -34.198088573660158 ], [ -70.737728375561105, -34.197990164482292 ], [ -70.73799876135574, -34.197839011082451 ], [ -70.738167022859727, -34.197748352870477 ], [ -70.738392736537065, -34.197624075949996 ], [ -70.738634795743323, -34.197491813115946 ], [ -70.738920573597724, -34.19732135395774 ], [ -70.739159662532046, -34.197184360379055 ], [ -70.739213538971555, -34.197151388254319 ], [ -70.739280718301785, -34.197102122938034 ], [ -70.739369825545708, -34.197037039923515 ], [ -70.739504707080201, -34.196928959789822 ], [ -70.739699922536701, -34.196787816486911 ], [ -70.739995553237705, -34.196573078281887 ], [ -70.740221158204164, -34.19640883678175 ], [ -70.740512394646544, -34.196189984798785 ], [ -70.740681435789185, -34.196067700945783 ], [ -70.740938219517815, -34.195883930089174 ], [ -70.74107816750481, -34.19579903773181 ], [ -70.741325912026099, -34.195671459936719 ], [ -70.741774020940625, -34.195458012492232 ], [ -70.742069376550106, -34.195300172925961 ], [ -70.742235434052219, -34.19522147015801 ], [ -70.74464931157118, -34.193981418661309 ], [ -70.745136216973776, -34.193734446256947 ], [ -70.745437943634968, -34.193574160038793 ], [ -70.745520871322185, -34.193530036042837 ], [ -70.745825476846875, -34.193375873800136 ], [ -70.746294207919021, -34.193161161703536 ], [ -70.746731026301916, -34.192958354014635 ], [ -70.746875811085943, -34.192906667436354 ], [ -70.747476587962637, -34.192691025101368 ], [ -70.748110262801362, -34.19245582364762 ], [ -70.74885694340783, -34.19218751650844 ], [ -70.749487402616367, -34.191963805579441 ], [ -70.75017140339375, -34.191719287936778 ], [ -70.750714005395565, -34.191523545590528 ], [ -70.751244074254529, -34.191332750755876 ], [ -70.75177788084423, -34.191156215787288 ], [ -70.752290350795946, -34.190980937350744 ], [ -70.75240611144666, -34.190914390363758 ], [ -70.752455679258048, -34.190867875448561 ], [ -70.752483830654924, -34.190785402543 ], [ -70.752501709391126, -34.190657412143047 ], [ -70.752479230029152, -34.190642186984114 ], [ -70.75176753802026, -34.190213370489708 ], [ -70.75053647752118, -34.189725544099616 ], [ -70.749604732593369, -34.189317033402702 ], [ -70.744692486345954, -34.187579601826968 ], [ -70.744448714114029, -34.187861981717077 ], [ -70.744434166575928, -34.187883743058556 ], [ -70.743999756419385, -34.18853358092759 ], [ -70.743960038498656, -34.188592993870373 ], [ -70.74382147015983, -34.188800276760986 ], [ -70.743819176392094, -34.188803180412201 ], [ -70.743812842261732, -34.188811747428709 ], [ -70.743805664405585, -34.188821496858075 ], [ -70.743798280747768, -34.188831791139947 ], [ -70.743791753766303, -34.188841532217147 ], [ -70.743785636565008, -34.188850095246643 ], [ -70.743778999248406, -34.188859747720826 ], [ -70.743772687360135, -34.188869395568339 ], [ -70.743767546444587, -34.188877944717902 ], [ -70.743762646605688, -34.188887662661955 ], [ -70.743761661883667, -34.188889744279813 ], [ -70.743377095721513, -34.189465009717757 ], [ -70.743374847199547, -34.189468373491188 ], [ -70.743173775333034, -34.189778768978663 ], [ -70.74258865991608, -34.190643576756734 ], [ -70.741627945778205, -34.192103335962059 ] ] ] } },
{ "type": "Feature", "properties": { "zona": "70" }, "geometry": { "type": "Polygon", "coordinates": [ [ [ -70.682015651286093, -34.171039821053768 ], [ -70.686440200417081, -34.172738778988197 ], [ -70.692799520282691, -34.175246958745049 ], [ -70.695697634104832, -34.176401703322853 ], [ -70.69591302701896, -34.17648752194588 ], [ -70.701008185640347, -34.175768045852827 ], [ -70.701042535542783, -34.17576496993869 ], [ -70.70099764795026, -34.175723135793262 ], [ -70.700767585431691, -34.175416171157323 ], [ -70.699736824545568, -34.174115879087729 ], [ -70.69926906733501, -34.173549766142109 ], [ -70.698550801782417, -34.1726578784941 ], [ -70.697661861308134, -34.171556011070841 ], [ -70.697058885210637, -34.170829525211438 ], [ -70.69643662670245, -34.170079841798753 ], [ -70.696373956220455, -34.170066579243581 ], [ -70.696368726987487, -34.170060007669989 ], [ -70.696364827584702, -34.170055106631537 ], [ -70.696285891649808, -34.169955902356804 ], [ -70.696235363426453, -34.169891919632853 ], [ -70.696222214942694, -34.169875270803296 ], [ -70.696208808210443, -34.169858293709417 ], [ -70.695977576633879, -34.169565482520717 ], [ -70.695943108803149, -34.169530611523903 ], [ -70.695897351072318, -34.169492110242935 ], [ -70.695835571860556, -34.169451684291012 ], [ -70.695805062077696, -34.169434133792329 ], [ -70.695738223518816, -34.169400988771599 ], [ -70.695707793622915, -34.1693874299607 ], [ -70.695698941854346, -34.169383932790488 ], [ -70.695538412685167, -34.169320506018401 ], [ -70.695507988329865, -34.169307221203105 ], [ -70.695400937123523, -34.169254119343847 ], [ -70.69538178101233, -34.169245550787323 ], [ -70.695323946240464, -34.169223544510366 ], [ -70.695277303268838, -34.169205796589708 ], [ -70.695186870534059, -34.16917138662081 ], [ -70.695142669385419, -34.16914972210386 ], [ -70.695123107832472, -34.169140134753199 ], [ -70.69506260277241, -34.169114461876546 ], [ -70.695043414657903, -34.169104289547619 ], [ -70.6948682651187, -34.168992956174478 ], [ -70.694863817259844, -34.168990188016267 ], [ -70.694733048841258, -34.168908805190597 ], [ -70.694718648539364, -34.168899843514197 ], [ -70.694616627586356, -34.168845653428988 ], [ -70.69453948367277, -34.168804677055235 ], [ -70.694528500409973, -34.168798525715914 ], [ -70.694479604982348, -34.168771134935007 ], [ -70.694391372378917, -34.168721710090828 ], [ -70.694291013090009, -34.16865673654884 ], [ -70.694239262910614, -34.168623230846777 ], [ -70.694081820904941, -34.168534747565921 ], [ -70.693904997236189, -34.168437233108698 ], [ -70.693400540617617, -34.168154244449092 ], [ -70.693344365737275, -34.168122730908458 ], [ -70.692957394079286, -34.167888475506643 ], [ -70.692915533908462, -34.167864083520435 ], [ -70.692912995173714, -34.167862604558863 ], [ -70.692903901573828, -34.16785730527306 ], [ -70.692775150318951, -34.16778228385234 ], [ -70.692702093371949, -34.167739715172154 ], [ -70.692387227485838, -34.167546741232258 ], [ -70.692330002752513, -34.167511669073278 ], [ -70.692170335069306, -34.167419957839726 ], [ -70.692088793824496, -34.167373122523635 ], [ -70.691909369101239, -34.167270062015596 ], [ -70.691812186746304, -34.167212329372894 ], [ -70.691743088108268, -34.167171279027116 ], [ -70.691619980725818, -34.167098144288332 ], [ -70.691609121019198, -34.167091802515692 ], [ -70.691553020185168, -34.167059038222234 ], [ -70.691429421167712, -34.16698685506708 ], [ -70.69138429102756, -34.166960498582036 ], [ -70.691350848198084, -34.16694096841583 ], [ -70.69129653219187, -34.166911689799072 ], [ -70.691278240808472, -34.166901830022887 ], [ -70.691259281604374, -34.166891610644868 ], [ -70.69124883500281, -34.166887430883065 ], [ -70.691247758974356, -34.166887001165968 ], [ -70.69124014464559, -34.166883954602291 ], [ -70.691237427515247, -34.166883155256414 ], [ -70.691177861506972, -34.166864338581128 ], [ -70.691177808755853, -34.166864413249343 ], [ -70.691169081211783, -34.166862281040679 ], [ -70.69116224611389, -34.166860610579342 ], [ -70.691161784990541, -34.166860497907713 ], [ -70.691161155904453, -34.16686028565659 ], [ -70.691160686272411, -34.166860127114447 ], [ -70.691160038623707, -34.166859908807105 ], [ -70.691159524220865, -34.166859735552777 ], [ -70.691158630848051, -34.166859434968678 ], [ -70.691157805182698, -34.166859156896123 ], [ -70.691156256515669, -34.166858635404857 ], [ -70.691154802848786, -34.166858145066179 ], [ -70.691148774142007, -34.166856112720183 ], [ -70.6911442012713, -34.166854570682837 ], [ -70.691094537712374, -34.166833862733988 ], [ -70.691031593920229, -34.166812339584759 ], [ -70.691026599015061, -34.166810632032266 ], [ -70.690979337662355, -34.166795490618568 ], [ -70.690962587465407, -34.166790125374874 ], [ -70.690940129369054, -34.166782929845525 ], [ -70.690933126530183, -34.166781387923848 ], [ -70.690840540186869, -34.16676099905952 ], [ -70.690759549766895, -34.166741497237204 ], [ -70.69064675223062, -34.166708425380733 ], [ -70.690595543742887, -34.166693411242171 ], [ -70.690402651269025, -34.166646343369095 ], [ -70.690214850919148, -34.166600517950961 ], [ -70.69018533394771, -34.166593315819512 ], [ -70.690052080693761, -34.166555025580706 ], [ -70.689962787390471, -34.166529367916759 ], [ -70.689925898712445, -34.166518767670929 ], [ -70.689495785790001, -34.166395176450649 ], [ -70.689400061859743, -34.166369670937065 ], [ -70.68850197947441, -34.166130385664609 ], [ -70.688489688519326, -34.16612711112414 ], [ -70.688444602406406, -34.166115098418253 ], [ -70.688433246083932, -34.166112072510323 ], [ -70.688375963912122, -34.166096810075508 ], [ -70.687965215584427, -34.165993097729071 ], [ -70.687958342447317, -34.165991362686029 ], [ -70.687666265664234, -34.165917614897268 ], [ -70.687391111597819, -34.165848139590587 ], [ -70.687021696661006, -34.165745418306017 ], [ -70.686922439454477, -34.165717818721397 ], [ -70.686762478543017, -34.165673340117038 ], [ -70.686090075251983, -34.165486368645567 ], [ -70.686069893053272, -34.165479026417962 ], [ -70.68599582102415, -34.16545207910719 ], [ -70.685740738994724, -34.165359278925152 ], [ -70.685511320928711, -34.16527277677789 ], [ -70.684826239276134, -34.166347617492463 ], [ -70.683262580280086, -34.168836008054534 ], [ -70.681994301389778, -34.170881341179722 ], [ -70.682015651286093, -34.171039821053768 ] ] ] } },
{ "type": "Feature", "properties": { "zona": "40" }, "geometry": { "type": "Polygon", "coordinates": [ [ [ -70.72807786882835, -34.156162354937166 ], [ -70.731951449280984, -34.155704495071873 ], [ -70.731274784262098, -34.152247959645884 ], [ -70.73116783632787, -34.151765872480198 ], [ -70.730787449737718, -34.150051153072383 ], [ -70.730471957574565, -34.148511991819589 ], [ -70.730284560311745, -34.148187779600001 ], [ -70.729169250482585, -34.146686131062673 ], [ -70.728845762325619, -34.146426058502307 ], [ -70.728146745770005, -34.15543810844693 ], [ -70.72807786882835, -34.156162354937166 ] ] ] } },
{ "type": "Feature", "properties": { "zona": "32" }, "geometry": { "type": "Polygon", "coordinates": [ [ [ -70.731951449280984, -34.155704495071873 ], [ -70.737701176511862, -34.155019199169672 ], [ -70.737492351629427, -34.154216936370318 ], [ -70.737230654383396, -34.152873145424707 ], [ -70.736939559677111, -34.151550765123716 ], [ -70.736907119155489, -34.151387359136677 ], [ -70.736678466118221, -34.150235593108619 ], [ -70.734628397119465, -34.150805344135343 ], [ -70.733710398180108, -34.151044489660592 ], [ -70.73116783632787, -34.151765872480198 ], [ -70.731274784262098, -34.152247959645884 ], [ -70.731951449280984, -34.155704495071873 ] ] ] } },
{ "type": "Feature", "properties": { "zona": "4" }, "geometry": { "type": "Polygon", "coordinates": [ [ [ -70.756398371556429, -34.156904353360446 ], [ -70.756785218005376, -34.157137392076173 ], [ -70.756984272484232, -34.157257302806265 ], [ -70.757120540457024, -34.157333234487375 ], [ -70.757148392493818, -34.157348754253363 ], [ -70.757430124576189, -34.157505741902348 ], [ -70.757479440855334, -34.157535443366704 ], [ -70.757808089510462, -34.157733376381387 ], [ -70.758307618985469, -34.158034223656983 ], [ -70.758350020234801, -34.158059760092399 ], [ -70.75834750278095, -34.158064132522334 ], [ -70.758314872896136, -34.158120805404145 ], [ -70.75829022076401, -34.158163622053486 ], [ -70.758245958175877, -34.158269835755398 ], [ -70.7582051116147, -34.158391452209813 ], [ -70.758121444481517, -34.158539433209327 ], [ -70.757966818026503, -34.158701306263538 ], [ -70.757854302138199, -34.158800275019246 ], [ -70.757829917924553, -34.158821723339024 ], [ -70.75777766397232, -34.158862282420493 ], [ -70.757674436665951, -34.158942406417943 ], [ -70.757561616887187, -34.159029001373 ], [ -70.757550030379164, -34.159067793901215 ], [ -70.757551272227047, -34.1590700129277 ], [ -70.75758863151232, -34.159136769222883 ], [ -70.757677279287549, -34.159236707776969 ], [ -70.757690130726019, -34.159251196035576 ], [ -70.757754312208021, -34.159371818373593 ], [ -70.757777159145718, -34.159414756860407 ], [ -70.757777282751348, -34.159420719904915 ], [ -70.757779827298322, -34.159543474787192 ], [ -70.757729695869429, -34.159602903066506 ], [ -70.75765888979025, -34.159686839689506 ], [ -70.757595748490331, -34.159738952178053 ], [ -70.757509654120938, -34.159810008399973 ], [ -70.757496658245842, -34.159821418932346 ], [ -70.757360578044441, -34.159940898700668 ], [ -70.757319470537496, -34.160001702783028 ], [ -70.75729536723486, -34.160037355293952 ], [ -70.757276174701715, -34.160065741872593 ], [ -70.757267403559979, -34.16007871505245 ], [ -70.757228574662747, -34.160178967891468 ], [ -70.757138024966181, -34.160412758823583 ], [ -70.757110460743462, -34.160510562865433 ], [ -70.757070736676553, -34.16065151243459 ], [ -70.757065884549831, -34.160668728828846 ], [ -70.757059453168054, -34.16070313546026 ], [ -70.757017519663634, -34.160927468356128 ], [ -70.757015849864274, -34.160936400263196 ], [ -70.757015688720173, -34.160937260998928 ], [ -70.75701272234059, -34.160949527060609 ], [ -70.757010552256702, -34.160958500396006 ], [ -70.757011585868128, -34.160960700358572 ], [ -70.757068869275841, -34.161082623492092 ], [ -70.757276232278699, -34.160998170090281 ], [ -70.757752718503212, -34.160797254266157 ], [ -70.759201718840885, -34.160186249838652 ], [ -70.759273699142383, -34.160142235613165 ], [ -70.759302348467699, -34.160124717214806 ], [ -70.759405354651648, -34.160087248568161 ], [ -70.759755889310256, -34.159944817343622 ], [ -70.76116350621993, -34.159346830593591 ], [ -70.761857777141927, -34.159088618121871 ], [ -70.764781243565579, -34.15800126612077 ], [ -70.764899949503132, -34.157957112684308 ], [ -70.766454966333455, -34.157366374367108 ], [ -70.766432007982601, -34.157310070328585 ], [ -70.76513885980718, -34.154138562642736 ], [ -70.764398517735202, -34.152347945759935 ], [ -70.766012351664543, -34.15060697137158 ], [ -70.766226393432135, -34.150550211411478 ], [ -70.766315560731741, -34.150698039406755 ], [ -70.770622730065554, -34.149692994862328 ], [ -70.772032879511798, -34.149344622641777 ], [ -70.771571552026046, -34.148306816527288 ], [ -70.770622180415486, -34.148496669516781 ], [ -70.768299846778234, -34.142101364802762 ], [ -70.76367859929799, -34.143210764012061 ], [ -70.761607433440588, -34.137583665214564 ], [ -70.753294668520553, -34.148436075854427 ], [ -70.753293069498866, -34.148438163083753 ], [ -70.753294026116379, -34.148440316233497 ], [ -70.753303995924227, -34.14846274818531 ], [ -70.753332734881212, -34.148527407917641 ], [ -70.753344812305485, -34.148561188469095 ], [ -70.753410549864043, -34.148745051724426 ], [ -70.753417759350114, -34.148763854933918 ], [ -70.753458148226741, -34.14886919847924 ], [ -70.753492366249432, -34.148958445333626 ], [ -70.753519338140023, -34.149028793916749 ], [ -70.753576659217956, -34.149178295819489 ], [ -70.753615094285777, -34.149294770905975 ], [ -70.753630115217447, -34.149340291139985 ], [ -70.75369954644006, -34.149545792116392 ], [ -70.753806929415333, -34.149849172626546 ], [ -70.753844674807581, -34.14995581167603 ], [ -70.753879697319448, -34.150054759242131 ], [ -70.754037427493415, -34.150504551492183 ], [ -70.754089114845584, -34.15065194515384 ], [ -70.754255999584473, -34.151127558380672 ], [ -70.754268976960574, -34.151163176265094 ], [ -70.754407782506732, -34.151544142911881 ], [ -70.754479112461397, -34.151744557568897 ], [ -70.754618972856946, -34.152137516029292 ], [ -70.754630294798659, -34.152169799557754 ], [ -70.754687643311428, -34.152333316622268 ], [ -70.754723694343696, -34.152436110304329 ], [ -70.754759744346984, -34.152538902184006 ], [ -70.754841157639532, -34.152771039253778 ], [ -70.754846377581543, -34.152785923040632 ], [ -70.754854498005926, -34.152803465760577 ], [ -70.754875664642114, -34.152863820346795 ], [ -70.754892415754767, -34.152911581601074 ], [ -70.754898932443851, -34.152930162005539 ], [ -70.754941223308592, -34.153049448339708 ], [ -70.755065535055564, -34.15340008202201 ], [ -70.755091746089633, -34.153474012399833 ], [ -70.755120663222058, -34.153555575305127 ], [ -70.755193028129725, -34.153762693282644 ], [ -70.75520641498936, -34.153801008834762 ], [ -70.755286337520829, -34.154029760402203 ], [ -70.755333506688174, -34.154166051216826 ], [ -70.755341854226572, -34.154190169835971 ], [ -70.755369599176547, -34.154270333558934 ], [ -70.755371705360275, -34.15427641897103 ], [ -70.755507317515836, -34.154610570707561 ], [ -70.755539944434219, -34.154690963806537 ], [ -70.75558198727586, -34.154819338660609 ], [ -70.755633421168184, -34.154976387830821 ], [ -70.75571927836296, -34.155238544289531 ], [ -70.755729698227142, -34.155270360192453 ], [ -70.755779450560198, -34.155422273074116 ], [ -70.755791724103346, -34.155459748797895 ], [ -70.755802649301174, -34.155493107332177 ], [ -70.755836568508229, -34.155592656207737 ], [ -70.755887533464673, -34.15574223185746 ], [ -70.755897255843237, -34.155770765732001 ], [ -70.755958132194053, -34.155949428723169 ], [ -70.75599579649321, -34.156059967335764 ], [ -70.756013149987339, -34.156110896941129 ], [ -70.756055671909664, -34.156235691386399 ], [ -70.756096406776805, -34.156355240748262 ], [ -70.75610432477113, -34.15637847856496 ], [ -70.756151268327983, -34.156516248737319 ], [ -70.75616455268657, -34.156555235644284 ], [ -70.756191951129892, -34.156635644159302 ], [ -70.756269887240506, -34.156826953040117 ], [ -70.756398371556429, -34.156904353360446 ] ] ] } },
{ "type": "Feature", "properties": { "zona": "5" }, "geometry": { "type": "Polygon", "coordinates": [ [ [ -70.76645708826922, -34.157371578288512 ], [ -70.768681570634541, -34.1565264676276 ], [ -70.772311241783981, -34.15514738634193 ], [ -70.770622730065568, -34.149692994862328 ], [ -70.766315560731755, -34.150698039406755 ], [ -70.766226393432135, -34.150550211411506 ], [ -70.766012351664543, -34.150606971371595 ], [ -70.764398517735216, -34.152347945759935 ], [ -70.765138859807237, -34.154138562642785 ], [ -70.76645708826922, -34.157371578288512 ] ] ] } }
]
}
