{
"type": "FeatureCollection",
"name": "Talca",
"crs": { "type": "name", "properties": { "name": "urn:ogc:def:crs:OGC:1.3:CRS84" } },
"features": [
{ "type": "Feature", "properties": { "zona": "1" }, "geometry": { "type": "Polygon", "coordinates": [ [ [ -71.709198, -35.42499 ], [ -71.70767, -35.423565 ], [ -71.706634, -35.422598 ], [ -71.704607, -35.420914 ], [ -71.703579, -35.419871 ], [ -71.702607, -35.418759 ], [ -71.701712, -35.417477 ], [ -71.700937, -35.41663 ], [ -71.700141, -35.415759 ], [ -71.69828, -35.414782 ], [ -71.697648, -35.414243 ], [ -71.6961, -35.412926 ], [ -71.694847, -35.409385 ], [ -71.694211, -35.408328 ], [ -71.69355, -35.407231 ], [ -71.692931, -35.406203 ], [ -71.691645, -35.404766 ], [ -71.690353, -35.403323 ], [ -71.690794, -35.401462 ], [ -71.690119, -35.400417 ], [ -71.689321, -35.399181 ], [ -71.688555, -35.396724 ], [ -71.68788, -35.394813 ], [ -71.686964, -35.392759 ], [ -71.685972, -35.391896 ], [ -71.685265, -35.391282 ], [ -71.683796, -35.390301 ], [ -71.682398, -35.389518 ], [ -71.680518, -35.389518 ], [ -71.678862, -35.389442 ], [ -71.676802, -35.389278 ], [ -71.675791, -35.388106 ], [ -71.675403, -35.387657 ], [ -71.67534, -35.386888 ], [ -71.675256, -35.385856 ], [ -71.674517, -35.384959 ], [ -71.672646, -35.382689 ], [ -71.668262, -35.377451 ], [ -71.665758, -35.379853 ], [ -71.664859, -35.380586 ], [ -71.662988, -35.382111 ], [ -71.661856, -35.383034 ], [ -71.660257, -35.383947 ], [ -71.659326, -35.38458 ], [ -71.658731, -35.384458 ], [ -71.658387, -35.385585 ], [ -71.658476, -35.39009 ], [ -71.658017, -35.393845 ], [ -71.65807, -35.394559 ], [ -71.658263, -35.395196 ], [ -71.658277, -35.395242 ], [ -71.658357, -35.39532 ], [ -71.658755, -35.396168 ], [ -71.659422, -35.397727 ], [ -71.65999, -35.399107 ], [ -71.660443, -35.400231 ], [ -71.661192, -35.400867 ], [ -71.661983, -35.401657 ], [ -71.662871, -35.402763 ], [ -71.663766, -35.403428 ], [ -71.664207, -35.403534 ], [ -71.665145, -35.403729 ], [ -71.666521, -35.403972 ], [ -71.667527, -35.404109 ], [ -71.668395, -35.404093 ], [ -71.669182, -35.404334 ], [ -71.67092, -35.405364 ], [ -71.672305, -35.406221 ], [ -71.674058, -35.407255 ], [ -71.675496, -35.408135 ], [ -71.67596, -35.408876 ], [ -71.677046, -35.410449 ], [ -71.67757, -35.411286 ], [ -71.677459, -35.411399 ], [ -71.677826, -35.411695 ], [ -71.678596, -35.412532 ], [ -71.67906, -35.413086 ], [ -71.679562, -35.413928 ], [ -71.680094, -35.414385 ], [ -71.68073, -35.414876 ], [ -71.681818, -35.416515 ], [ -71.681843, -35.416509 ], [ -71.681784, -35.416702 ], [ -71.682996, -35.41904 ], [ -71.68319, -35.419454 ], [ -71.683373, -35.420361 ], [ -71.685546, -35.420375 ], [ -71.687613, -35.420611 ], [ -71.688936, -35.420982 ], [ -71.689067, -35.420949 ], [ -71.690373, -35.420991 ], [ -71.690508, -35.42078 ], [ -71.691679, -35.420651 ], [ -71.692985, -35.420012 ], [ -71.694134, -35.419288 ], [ -71.694865, -35.419331 ], [ -71.695924, -35.419297 ], [ -71.696563, -35.419891 ], [ -71.697051, -35.420344 ], [ -71.697991, -35.421217 ], [ -71.698744, -35.422292 ], [ -71.69988, -35.423886 ], [ -71.700969, -35.425193 ], [ -71.701962, -35.426373 ], [ -71.702996, -35.426811 ], [ -71.703694, -35.426696 ], [ -71.704582, -35.427164 ], [ -71.705209, -35.428143 ], [ -71.705436, -35.428158 ], [ -71.706387, -35.427518 ], [ -71.706672, -35.427164 ], [ -71.708123, -35.426507 ], [ -71.708396, -35.426227 ], [ -71.708448, -35.425461 ], [ -71.709198, -35.42499 ] ] ] } },
{ "type": "Feature", "properties": { "zona": "2" }, "geometry": { "type": "Polygon", "coordinates": [ [ [ -71.658731, -35.384458 ], [ -71.657813, -35.382936 ], [ -71.656856, -35.382375 ], [ -71.655219, -35.381524 ], [ -71.653271, -35.380869 ], [ -71.652755, -35.380695 ], [ -71.649986, -35.38116 ], [ -71.648516, -35.382176 ], [ -71.647786, -35.38268 ], [ -71.647846, -35.382874 ], [ -71.647933, -35.383157 ], [ -71.647879, -35.383175 ], [ -71.648695, -35.385632 ], [ -71.649559, -35.388348 ], [ -71.649489, -35.388483 ], [ -71.64957, -35.388578 ], [ -71.650246, -35.391425 ], [ -71.650858, -35.39413 ], [ -71.651351, -35.396097 ], [ -71.651323, -35.396335 ], [ -71.651456, -35.396917 ], [ -71.651675, -35.396925 ], [ -71.652317, -35.396976 ], [ -71.65296, -35.397114 ], [ -71.653364, -35.397265 ], [ -71.653686, -35.397421 ], [ -71.653721, -35.397393 ], [ -71.654368, -35.39719 ], [ -71.655264, -35.396986 ], [ -71.655501, -35.396515 ], [ -71.654401, -35.395789 ], [ -71.658263, -35.395196 ], [ -71.65807, -35.394559 ], [ -71.658017, -35.393845 ], [ -71.658476, -35.39009 ], [ -71.658387, -35.385585 ], [ -71.658731, -35.384458 ] ] ] } },
{ "type": "Feature", "properties": { "zona": "3" }, "geometry": { "type": "Polygon", "coordinates": [ [ [ -71.579676, -35.359625 ], [ -71.577049, -35.359099 ], [ -71.578299, -35.362362 ], [ -71.570246, -35.373619 ], [ -71.567244, -35.376637 ], [ -71.563693, -35.377126 ], [ -71.565193, -35.381368 ], [ -71.572446, -35.379655 ], [ -71.575441, -35.378593 ], [ -71.59227, -35.372093 ], [ -71.592735, -35.371815 ], [ -71.592109, -35.371351 ], [ -71.585333, -35.365847 ], [ -71.585007, -35.365572 ], [ -71.583651, -35.364091 ], [ -71.579676, -35.359625 ] ] ] } },
{ "type": "Feature", "properties": { "zona": "4" }, "geometry": { "type": "Polygon", "coordinates": [ [ [ -71.575441, -35.378593 ], [ -71.576793, -35.379818 ], [ -71.579722, -35.379206 ], [ -71.580172, -35.383738 ], [ -71.583402, -35.387168 ], [ -71.583853, -35.388087 ], [ -71.581975, -35.391149 ], [ -71.572208, -35.391638 ], [ -71.570179, -35.393046 ], [ -71.565597, -35.390779 ], [ -71.561238, -35.393167 ], [ -71.560035, -35.394881 ], [ -71.556127, -35.397575 ], [ -71.557177, -35.402598 ], [ -71.561384, -35.404252 ], [ -71.564915, -35.406458 ], [ -71.564915, -35.408418 ], [ -71.56296, -35.409949 ], [ -71.565814, -35.413073 ], [ -71.569346, -35.414053 ], [ -71.572137, -35.413935 ], [ -71.576561, -35.413748 ], [ -71.577091, -35.413367 ], [ -71.577289, -35.413226 ], [ -71.577663, -35.412962 ], [ -71.578592, -35.412456 ], [ -71.579399, -35.412004 ], [ -71.580411, -35.411391 ], [ -71.58176, -35.410573 ], [ -71.582667, -35.410021 ], [ -71.583845, -35.409297 ], [ -71.584857, -35.408602 ], [ -71.58632, -35.407482 ], [ -71.587402, -35.406564 ], [ -71.588259, -35.405671 ], [ -71.588261, -35.40562 ], [ -71.588707, -35.40513 ], [ -71.589026, -35.404697 ], [ -71.5892, -35.40446 ], [ -71.589416, -35.404327 ], [ -71.589957, -35.403994 ], [ -71.590574, -35.403778 ], [ -71.591264, -35.403713 ], [ -71.591774, -35.403813 ], [ -71.59218, -35.403984 ], [ -71.592746, -35.40429 ], [ -71.593494, -35.403925 ], [ -71.594129, -35.403704 ], [ -71.594868, -35.403441 ], [ -71.595536, -35.403277 ], [ -71.596407, -35.40291 ], [ -71.597085, -35.402678 ], [ -71.59743, -35.402635 ], [ -71.598342, -35.402602 ], [ -71.599474, -35.402644 ], [ -71.600059, -35.402788 ], [ -71.600351, -35.402789 ], [ -71.601212, -35.402723 ], [ -71.602162, -35.402295 ], [ -71.602799, -35.401962 ], [ -71.603193, -35.401697 ], [ -71.603313, -35.401579 ], [ -71.603552, -35.401345 ], [ -71.603695, -35.400878 ], [ -71.603819, -35.400476 ], [ -71.603848, -35.400006 ], [ -71.604085, -35.399396 ], [ -71.604135, -35.399315 ], [ -71.604566, -35.398906 ], [ -71.605039, -35.398628 ], [ -71.605464, -35.398399 ], [ -71.605777, -35.398346 ], [ -71.606469, -35.398337 ], [ -71.60683, -35.39843 ], [ -71.607112, -35.398576 ], [ -71.607438, -35.398892 ], [ -71.607792, -35.399278 ], [ -71.607984, -35.399446 ], [ -71.608466, -35.399747 ], [ -71.609291, -35.400058 ], [ -71.60949, -35.400068 ], [ -71.610014, -35.400093 ], [ -71.610476, -35.400089 ], [ -71.611039, -35.400083 ], [ -71.611374, -35.399976 ], [ -71.611515, -35.399699 ], [ -71.611753, -35.39945 ], [ -71.612279, -35.398967 ], [ -71.612588, -35.3987 ], [ -71.612995, -35.398483 ], [ -71.61368, -35.398238 ], [ -71.614388, -35.397974 ], [ -71.614536, -35.397919 ], [ -71.614782, -35.397774 ], [ -71.61513, -35.39761 ], [ -71.615602, -35.397452 ], [ -71.615899, -35.397311 ], [ -71.616051, -35.397142 ], [ -71.616451, -35.396874 ], [ -71.616767, -35.396673 ], [ -71.61709, -35.396415 ], [ -71.617353, -35.396331 ], [ -71.607511, -35.387028 ], [ -71.59227, -35.372093 ], [ -71.575441, -35.378593 ] ] ] } },
{ "type": "Feature", "properties": { "zona": "5" }, "geometry": { "type": "Polygon", "coordinates": [ [ [ -71.570491, -35.454829 ], [ -71.568534, -35.456751 ], [ -71.565414, -35.460064 ], [ -71.562961, -35.462668 ], [ -71.560288, -35.465306 ], [ -71.558923, -35.466652 ], [ -71.556355, -35.469186 ], [ -71.558301, -35.472905 ], [ -71.558517, -35.473475 ], [ -71.558624, -35.473402 ], [ -71.561263, -35.471977 ], [ -71.567565, -35.468041 ], [ -71.570235, -35.466502 ], [ -71.574712, -35.463547 ], [ -71.575462, -35.462631 ], [ -71.57635, -35.461655 ], [ -71.570491, -35.454829 ] ] ] } },
{ "type": "Feature", "properties": { "zona": "6" }, "geometry": { "type": "Polygon", "coordinates": [ [ [ -71.548571, -35.481961 ], [ -71.54693, -35.483499 ], [ -71.547442, -35.48394 ], [ -71.548509, -35.48486 ], [ -71.549097, -35.485944 ], [ -71.550459, -35.48549 ], [ -71.552379, -35.487684 ], [ -71.555722, -35.486045 ], [ -71.556311, -35.486423 ], [ -71.558137, -35.485364 ], [ -71.559716, -35.487432 ], [ -71.560212, -35.487608 ], [ -71.561636, -35.487154 ], [ -71.561953, -35.486658 ], [ -71.563504, -35.484231 ], [ -71.564793, -35.482213 ], [ -71.565321, -35.481082 ], [ -71.56631, -35.47896 ], [ -71.566305, -35.477106 ], [ -71.566113, -35.475042 ], [ -71.561263, -35.471977 ], [ -71.558624, -35.473402 ], [ -71.558517, -35.473475 ], [ -71.55618, -35.475086 ], [ -71.553533, -35.477506 ], [ -71.548571, -35.481961 ] ] ] } },
{ "type": "Feature", "properties": { "zona": "7" }, "geometry": { "type": "Polygon", "coordinates": [ [ [ -71.566305, -35.477106 ], [ -71.568985, -35.476098 ], [ -71.571247, -35.475472 ], [ -71.573684, -35.474799 ], [ -71.575615, -35.473903 ], [ -71.576445, -35.473818 ], [ -71.577391, -35.47314 ], [ -71.579173, -35.471564 ], [ -71.579995, -35.4711 ], [ -71.581053, -35.471765 ], [ -71.586732, -35.468652 ], [ -71.585651, -35.466229 ], [ -71.584543, -35.465515 ], [ -71.583877, -35.465086 ], [ -71.583758, -35.463877 ], [ -71.584353, -35.463395 ], [ -71.580346, -35.459704 ], [ -71.580342, -35.459255 ], [ -71.580299, -35.459055 ], [ -71.579815, -35.458734 ], [ -71.579289, -35.458397 ], [ -71.57635, -35.461655 ], [ -71.575462, -35.462631 ], [ -71.574712, -35.463547 ], [ -71.570235, -35.466502 ], [ -71.567565, -35.468041 ], [ -71.561263, -35.471977 ], [ -71.566113, -35.475042 ], [ -71.566305, -35.477106 ] ] ] } },
{ "type": "Feature", "properties": { "zona": "8" }, "geometry": { "type": "Polygon", "coordinates": [ [ [ -71.651456, -35.396917 ], [ -71.651323, -35.396335 ], [ -71.651351, -35.396097 ], [ -71.650858, -35.39413 ], [ -71.650246, -35.391425 ], [ -71.64957, -35.388578 ], [ -71.649489, -35.388483 ], [ -71.649559, -35.388348 ], [ -71.648695, -35.385632 ], [ -71.647879, -35.383175 ], [ -71.647933, -35.383157 ], [ -71.647846, -35.382874 ], [ -71.647772, -35.382851 ], [ -71.646234, -35.383043 ], [ -71.644792, -35.383312 ], [ -71.642716, -35.384388 ], [ -71.642183, -35.384664 ], [ -71.642203, -35.387199 ], [ -71.641175, -35.388331 ], [ -71.639708, -35.38846 ], [ -71.638812, -35.388363 ], [ -71.636949, -35.388125 ], [ -71.636462, -35.389336 ], [ -71.636078, -35.391546 ], [ -71.63665, -35.39264 ], [ -71.637389, -35.393177 ], [ -71.638559, -35.394029 ], [ -71.641167, -35.397613 ], [ -71.642168, -35.398962 ], [ -71.642738, -35.398819 ], [ -71.645368, -35.398189 ], [ -71.646931, -35.397892 ], [ -71.648346, -35.397504 ], [ -71.650052, -35.397132 ], [ -71.651456, -35.396917 ] ] ] } },
{ "type": "Feature", "properties": { "zona": "9" }, "geometry": { "type": "Polygon", "coordinates": [ [ [ -71.642168, -35.398962 ], [ -71.641167, -35.397613 ], [ -71.638559, -35.394029 ], [ -71.637389, -35.393177 ], [ -71.63665, -35.39264 ], [ -71.636078, -35.391546 ], [ -71.636462, -35.389336 ], [ -71.636949, -35.388125 ], [ -71.636994, -35.388014 ], [ -71.635013, -35.387103 ], [ -71.632962, -35.386847 ], [ -71.632543, -35.387069 ], [ -71.631113, -35.387524 ], [ -71.630075, -35.387623 ], [ -71.629118, -35.388417 ], [ -71.628289, -35.389144 ], [ -71.626844, -35.390364 ], [ -71.625768, -35.391365 ], [ -71.62517, -35.391821 ], [ -71.626902, -35.394428 ], [ -71.628819, -35.398034 ], [ -71.629424, -35.398897 ], [ -71.628375, -35.399571 ], [ -71.628349, -35.399645 ], [ -71.630839, -35.400334 ], [ -71.630983, -35.400077 ], [ -71.631901, -35.399652 ], [ -71.633212, -35.399647 ], [ -71.635019, -35.399703 ], [ -71.636623, -35.399764 ], [ -71.637903, -35.399712 ], [ -71.639325, -35.399561 ], [ -71.64138, -35.399159 ], [ -71.642168, -35.398962 ] ] ] } },
{ "type": "Feature", "properties": { "zona": "10" }, "geometry": { "type": "Polygon", "coordinates": [ [ [ -71.607511, -35.387028 ], [ -71.617353, -35.396331 ], [ -71.617662, -35.39581 ], [ -71.618671, -35.39533 ], [ -71.61953, -35.395078 ], [ -71.620985, -35.394495 ], [ -71.622252, -35.393856 ], [ -71.624523, -35.39224 ], [ -71.62517, -35.391821 ], [ -71.625768, -35.391365 ], [ -71.626844, -35.390364 ], [ -71.628289, -35.389144 ], [ -71.629118, -35.388417 ], [ -71.630075, -35.387623 ], [ -71.631113, -35.387524 ], [ -71.6285, -35.381513 ], [ -71.626209, -35.380871 ], [ -71.623452, -35.382353 ], [ -71.620497, -35.382652 ], [ -71.616439, -35.383062 ], [ -71.613548, -35.382845 ], [ -71.612475, -35.381623 ], [ -71.608822, -35.385768 ], [ -71.607731, -35.386817 ], [ -71.607511, -35.387028 ] ] ] } },
{ "type": "Feature", "properties": { "zona": "11" }, "geometry": { "type": "Polygon", "coordinates": [ [ [ -71.723816, -35.447425 ], [ -71.722666, -35.445509 ], [ -71.721829, -35.44436 ], [ -71.721933, -35.443296 ], [ -71.721723, -35.441943 ], [ -71.720887, -35.439933 ], [ -71.719893, -35.437762 ], [ -71.719213, -35.436485 ], [ -71.717489, -35.435038 ], [ -71.716528, -35.433788 ], [ -71.714938, -35.431721 ], [ -71.713361, -35.429753 ], [ -71.71088, -35.426856 ], [ -71.709198, -35.42499 ], [ -71.708448, -35.425461 ], [ -71.708396, -35.426227 ], [ -71.708123, -35.426507 ], [ -71.706672, -35.427164 ], [ -71.706387, -35.427518 ], [ -71.705436, -35.428158 ], [ -71.705209, -35.428143 ], [ -71.704582, -35.427164 ], [ -71.703694, -35.426696 ], [ -71.702996, -35.426811 ], [ -71.701962, -35.426373 ], [ -71.700969, -35.425193 ], [ -71.69988, -35.423886 ], [ -71.698744, -35.422292 ], [ -71.697991, -35.421217 ], [ -71.697051, -35.420344 ], [ -71.696563, -35.419891 ], [ -71.695924, -35.419297 ], [ -71.694865, -35.419331 ], [ -71.694134, -35.419288 ], [ -71.692985, -35.420012 ], [ -71.691679, -35.420651 ], [ -71.690508, -35.42078 ], [ -71.690373, -35.420991 ], [ -71.689067, -35.420949 ], [ -71.688936, -35.420982 ], [ -71.687613, -35.420611 ], [ -71.685546, -35.420375 ], [ -71.683373, -35.420361 ], [ -71.68339, -35.420445 ], [ -71.683409, -35.420444 ], [ -71.68339, -35.420465 ], [ -71.683581, -35.422225 ], [ -71.683764, -35.424267 ], [ -71.683968, -35.424475 ], [ -71.684127, -35.425008 ], [ -71.684605, -35.42539 ], [ -71.685009, -35.425876 ], [ -71.685399, -35.426354 ], [ -71.685854, -35.426831 ], [ -71.686391, -35.42704 ], [ -71.686952, -35.427208 ], [ -71.688034, -35.427403 ], [ -71.68883, -35.427474 ], [ -71.689997, -35.4275 ], [ -71.690386, -35.427546 ], [ -71.691146, -35.427885 ], [ -71.691767, -35.428286 ], [ -71.692483, -35.428685 ], [ -71.693173, -35.429025 ], [ -71.693742, -35.429436 ], [ -71.69383, -35.430119 ], [ -71.693538, -35.430657 ], [ -71.69352, -35.430737 ], [ -71.69347, -35.430952 ], [ -71.693661, -35.43166 ], [ -71.694037, -35.432226 ], [ -71.694134, -35.432182 ], [ -71.694032, -35.432264 ], [ -71.694066, -35.432283 ], [ -71.694245, -35.432512 ], [ -71.694751, -35.432947 ], [ -71.696007, -35.433829 ], [ -71.696932, -35.434313 ], [ -71.698263, -35.434755 ], [ -71.700165, -35.435318 ], [ -71.701068, -35.435548 ], [ -71.702067, -35.435803 ], [ -71.703947, -35.435995 ], [ -71.705169, -35.436233 ], [ -71.705936, -35.436766 ], [ -71.706846, -35.437637 ], [ -71.707342, -35.438253 ], [ -71.707323, -35.438848 ], [ -71.706821, -35.44009 ], [ -71.706758, -35.440202 ], [ -71.706782, -35.440194 ], [ -71.706783, -35.440199 ], [ -71.706687, -35.440679 ], [ -71.706696, -35.440945 ], [ -71.706937, -35.441593 ], [ -71.707086, -35.442171 ], [ -71.707207, -35.44287 ], [ -71.70732, -35.443752 ], [ -71.707488, -35.44414 ], [ -71.707728, -35.444504 ], [ -71.707371, -35.444654 ], [ -71.709192, -35.44532 ], [ -71.710437, -35.44649 ], [ -71.711789, -35.447079 ], [ -71.713405, -35.446977 ], [ -71.715812, -35.447419 ], [ -71.718485, -35.447851 ], [ -71.720628, -35.447851 ], [ -71.721935, -35.447595 ], [ -71.723816, -35.447425 ] ] ] } },
{ "type": "Feature", "properties": { "zona": "12" }, "geometry": { "type": "Polygon", "coordinates": [ [ [ -71.657133, -35.506547 ], [ -71.657168, -35.50689 ], [ -71.658842, -35.50889 ], [ -71.663781, -35.516887 ], [ -71.664404, -35.517864 ], [ -71.666228, -35.519553 ], [ -71.677234, -35.521548 ], [ -71.677579, -35.521554 ], [ -71.674373, -35.51784 ], [ -71.669129, -35.511712 ], [ -71.668101, -35.5094 ], [ -71.665645, -35.504487 ], [ -71.662676, -35.496938 ], [ -71.659492, -35.489028 ], [ -71.658648, -35.489982 ], [ -71.658886, -35.490244 ], [ -71.658255, -35.49326 ], [ -71.65771, -35.495608 ], [ -71.657421, -35.497586 ], [ -71.657327, -35.499381 ], [ -71.657205, -35.50261 ], [ -71.657039, -35.505646 ], [ -71.657133, -35.506547 ] ] ] } },
{ "type": "Feature", "properties": { "zona": "13" }, "geometry": { "type": "Polygon", "coordinates": [ [ [ -71.677579, -35.521554 ], [ -71.681188, -35.525734 ], [ -71.683274, -35.528116 ], [ -71.684868, -35.529937 ], [ -71.68748, -35.532601 ], [ -71.689984, -35.535155 ], [ -71.691698, -35.537485 ], [ -71.693413, -35.540271 ], [ -71.691846, -35.537037 ], [ -71.687617, -35.528222 ], [ -71.687599, -35.528184 ], [ -71.687152, -35.527263 ], [ -71.685699, -35.52427 ], [ -71.684323, -35.521429 ], [ -71.6843, -35.521381 ], [ -71.683477, -35.519683 ], [ -71.681377, -35.515357 ], [ -71.678863, -35.51508 ], [ -71.676493, -35.514779 ], [ -71.675923, -35.515474 ], [ -71.674925, -35.515776 ], [ -71.674373, -35.51784 ], [ -71.677579, -35.521554 ] ] ] } },
{ "type": "Feature", "properties": { "zona": "14" }, "geometry": { "type": "Polygon", "coordinates": [ [ [ -71.693413, -35.540271 ], [ -71.694782, -35.543096 ], [ -71.696859, -35.547419 ], [ -71.697112, -35.547288 ], [ -71.697584, -35.547335 ], [ -71.697912, -35.547623 ], [ -71.698302, -35.547821 ], [ -71.698696, -35.547997 ], [ -71.699078, -35.54793 ], [ -71.699147, -35.547678 ], [ -71.69913, -35.547533 ], [ -71.698905, -35.547044 ], [ -71.698536, -35.54649 ], [ -71.698263, -35.54608 ], [ -71.698006, -35.545579 ], [ -71.698025, -35.545175 ], [ -71.698108, -35.54471 ], [ -71.697749, -35.544114 ], [ -71.697893, -35.544023 ], [ -71.69793, -35.543999 ], [ -71.698426, -35.543226 ], [ -71.698674, -35.542126 ], [ -71.6996, -35.541778 ], [ -71.699604, -35.541517 ], [ -71.705326, -35.542312 ], [ -71.70509, -35.540893 ], [ -71.704698, -35.539894 ], [ -71.705, -35.538667 ], [ -71.704962, -35.536664 ], [ -71.705262, -35.527205 ], [ -71.705327, -35.525297 ], [ -71.698099, -35.524426 ], [ -71.6973, -35.524528 ], [ -71.697099, -35.524359 ], [ -71.696856, -35.524588 ], [ -71.69662, -35.524883 ], [ -71.696413, -35.525286 ], [ -71.696311, -35.525594 ], [ -71.696217, -35.526065 ], [ -71.696217, -35.526488 ], [ -71.696291, -35.526848 ], [ -71.696401, -35.527281 ], [ -71.694882, -35.52732 ], [ -71.693373, -35.527359 ], [ -71.693254, -35.527336 ], [ -71.69321, -35.527324 ], [ -71.69287, -35.527179 ], [ -71.692649, -35.527307 ], [ -71.692523, -35.527428 ], [ -71.692229, -35.527627 ], [ -71.691826, -35.527689 ], [ -71.691741, -35.527477 ], [ -71.69124, -35.527333 ], [ -71.690768, -35.527267 ], [ -71.69029, -35.527434 ], [ -71.689988, -35.527543 ], [ -71.689789, -35.527634 ], [ -71.68945, -35.527808 ], [ -71.689179, -35.527869 ], [ -71.688785, -35.52792 ], [ -71.688243, -35.528019 ], [ -71.687961, -35.528058 ], [ -71.687651, -35.528148 ], [ -71.687599, -35.528184 ], [ -71.687617, -35.528222 ], [ -71.691846, -35.537037 ], [ -71.693413, -35.540271 ] ] ] } },
{ "type": "Feature", "properties": { "zona": "15" }, "geometry": { "type": "Polygon", "coordinates": [ [ [ -71.706721, -35.518504 ], [ -71.706729, -35.518467 ], [ -71.707761, -35.51556 ], [ -71.70811, -35.514578 ], [ -71.708365, -35.51409 ], [ -71.709903, -35.511147 ], [ -71.709883, -35.511111 ], [ -71.701755, -35.509411 ], [ -71.700469, -35.509187 ], [ -71.700176, -35.509778 ], [ -71.700477, -35.510049 ], [ -71.697578, -35.514908 ], [ -71.696339, -35.517171 ], [ -71.700403, -35.518411 ], [ -71.706719, -35.518501 ], [ -71.706721, -35.518504 ] ] ] } },
{ "type": "Feature", "properties": { "zona": "16" }, "geometry": { "type": "Polygon", "coordinates": [ [ [ -71.724019, -35.476286 ], [ -71.724026, -35.476251 ], [ -71.723233, -35.474569 ], [ -71.722315, -35.472373 ], [ -71.72202, -35.47158 ], [ -71.72173, -35.469733 ], [ -71.723248, -35.464736 ], [ -71.723222, -35.464682 ], [ -71.723357, -35.464505 ], [ -71.724584, -35.462897 ], [ -71.7246, -35.462808 ], [ -71.724664, -35.462453 ], [ -71.724995, -35.461622 ], [ -71.724649, -35.461215 ], [ -71.724439, -35.46107 ], [ -71.724389, -35.461035 ], [ -71.724215, -35.460879 ], [ -71.723996, -35.460807 ], [ -71.723398, -35.46142 ], [ -71.722436, -35.462024 ], [ -71.721705, -35.462123 ], [ -71.721003, -35.462223 ], [ -71.720333, -35.462848 ], [ -71.720271, -35.462893 ], [ -71.719235, -35.463365 ], [ -71.7189, -35.464183 ], [ -71.71886, -35.464279 ], [ -71.717405, -35.464801 ], [ -71.71496, -35.464951 ], [ -71.703868, -35.464963 ], [ -71.703097, -35.464788 ], [ -71.701734, -35.464478 ], [ -71.701635, -35.464417 ], [ -71.700696, -35.464739 ], [ -71.700379, -35.464713 ], [ -71.699488, -35.464766 ], [ -71.698728, -35.464766 ], [ -71.698133, -35.465143 ], [ -71.697473, -35.465923 ], [ -71.696042, -35.466309 ], [ -71.695736, -35.466486 ], [ -71.696357, -35.468469 ], [ -71.697394, -35.472699 ], [ -71.699119, -35.475706 ], [ -71.699815, -35.476918 ], [ -71.699683, -35.476925 ], [ -71.699829, -35.477001 ], [ -71.701664, -35.481103 ], [ -71.701883, -35.482008 ], [ -71.70189, -35.482038 ], [ -71.70259, -35.482793 ], [ -71.703286, -35.483565 ], [ -71.703342, -35.483575 ], [ -71.703652, -35.484237 ], [ -71.704865, -35.486822 ], [ -71.705305, -35.487759 ], [ -71.705267, -35.488365 ], [ -71.705752, -35.488165 ], [ -71.712573, -35.485036 ], [ -71.712513, -35.484763 ], [ -71.712053, -35.484415 ], [ -71.714035, -35.483534 ], [ -71.713754, -35.483063 ], [ -71.717806, -35.480573 ], [ -71.716646, -35.478656 ], [ -71.719417, -35.477001 ], [ -71.720098, -35.476116 ], [ -71.723986, -35.476251 ], [ -71.724019, -35.476286 ] ] ] } },
{ "type": "Feature", "properties": { "zona": "17" }, "geometry": { "type": "Polygon", "coordinates": [ [ [ -71.695736, -35.466486 ], [ -71.696042, -35.466309 ], [ -71.697473, -35.465923 ], [ -71.698133, -35.465143 ], [ -71.698728, -35.464766 ], [ -71.699488, -35.464766 ], [ -71.700379, -35.464713 ], [ -71.700696, -35.464739 ], [ -71.701635, -35.464417 ], [ -71.701734, -35.464478 ], [ -71.703097, -35.464788 ], [ -71.703868, -35.464963 ], [ -71.71496, -35.464951 ], [ -71.717405, -35.464801 ], [ -71.71886, -35.464279 ], [ -71.7189, -35.464183 ], [ -71.719235, -35.463365 ], [ -71.720271, -35.462893 ], [ -71.720333, -35.462848 ], [ -71.721003, -35.462223 ], [ -71.721705, -35.462123 ], [ -71.722436, -35.462024 ], [ -71.723398, -35.46142 ], [ -71.723996, -35.460807 ], [ -71.723882, -35.460768 ], [ -71.722751, -35.460389 ], [ -71.720851, -35.45954 ], [ -71.720719, -35.459367 ], [ -71.71938, -35.459178 ], [ -71.71792, -35.45892 ], [ -71.716942, -35.4588 ], [ -71.71593, -35.458441 ], [ -71.714649, -35.458105 ], [ -71.713063, -35.457561 ], [ -71.712466, -35.457446 ], [ -71.711528, -35.457516 ], [ -71.710714, -35.457396 ], [ -71.708765, -35.457315 ], [ -71.707365, -35.457117 ], [ -71.705394, -35.456921 ], [ -71.703174, -35.456722 ], [ -71.701762, -35.456504 ], [ -71.700829, -35.456412 ], [ -71.700051, -35.456274 ], [ -71.699083, -35.455993 ], [ -71.699045, -35.455982 ], [ -71.698018, -35.455688 ], [ -71.69709, -35.455503 ], [ -71.695963, -35.455352 ], [ -71.695311, -35.455288 ], [ -71.694432, -35.455325 ], [ -71.692892, -35.455452 ], [ -71.692202, -35.455537 ], [ -71.692172, -35.455494 ], [ -71.692167, -35.455526 ], [ -71.692512, -35.456526 ], [ -71.692671, -35.456817 ], [ -71.695106, -35.464545 ], [ -71.69566, -35.466245 ], [ -71.695736, -35.466486 ] ] ] } },
{ "type": "Feature", "properties": { "zona": "18" }, "geometry": { "type": "Polygon", "coordinates": [ [ [ -71.692172, -35.455494 ], [ -71.692202, -35.455537 ], [ -71.692892, -35.455452 ], [ -71.694432, -35.455325 ], [ -71.695311, -35.455288 ], [ -71.695963, -35.455352 ], [ -71.69709, -35.455503 ], [ -71.698018, -35.455688 ], [ -71.699045, -35.455982 ], [ -71.699156, -35.455916 ], [ -71.699351, -35.455906 ], [ -71.699611, -35.455991 ], [ -71.699621, -35.455993 ], [ -71.699851, -35.456029 ], [ -71.700089, -35.455992 ], [ -71.700462, -35.45582 ], [ -71.701114, -35.455462 ], [ -71.702734, -35.45455 ], [ -71.702874, -35.454374 ], [ -71.702945, -35.454132 ], [ -71.702039, -35.453112 ], [ -71.701394, -35.45264 ], [ -71.700976, -35.45191 ], [ -71.700613, -35.451501 ], [ -71.699352, -35.450268 ], [ -71.697148, -35.448026 ], [ -71.696881, -35.448169 ], [ -71.696425, -35.448641 ], [ -71.696342, -35.44879 ], [ -71.696332, -35.448807 ], [ -71.696306, -35.449112 ], [ -71.696208, -35.449555 ], [ -71.695984, -35.449831 ], [ -71.695799, -35.449975 ], [ -71.695596, -35.449992 ], [ -71.695127, -35.449963 ], [ -71.694666, -35.449869 ], [ -71.694522, -35.44983 ], [ -71.694387, -35.449843 ], [ -71.694251, -35.44987 ], [ -71.694002, -35.449963 ], [ -71.693887, -35.450002 ], [ -71.693736, -35.450031 ], [ -71.693626, -35.450062 ], [ -71.693551, -35.450109 ], [ -71.693459, -35.450211 ], [ -71.693314, -35.450314 ], [ -71.692864, -35.450551 ], [ -71.692511, -35.450635 ], [ -71.692313, -35.450722 ], [ -71.692235, -35.450764 ], [ -71.692083, -35.450898 ], [ -71.691932, -35.451061 ], [ -71.691821, -35.451148 ], [ -71.691628, -35.451236 ], [ -71.691372, -35.451312 ], [ -71.691091, -35.45129 ], [ -71.690718, -35.451222 ], [ -71.690445, -35.451152 ], [ -71.690279, -35.451121 ], [ -71.690257, -35.451518 ], [ -71.690222, -35.45198 ], [ -71.690095, -35.452546 ], [ -71.689808, -35.453237 ], [ -71.689838, -35.453241 ], [ -71.690401, -35.453319 ], [ -71.690519, -35.453474 ], [ -71.690964, -35.454006 ], [ -71.691975, -35.455214 ], [ -71.692172, -35.455494 ] ] ] } },
{ "type": "Feature", "properties": { "zona": "19" }, "geometry": { "type": "Polygon", "coordinates": [ [ [ -71.696342, -35.44879 ], [ -71.696425, -35.448641 ], [ -71.696881, -35.448169 ], [ -71.697148, -35.448026 ], [ -71.697253, -35.447969 ], [ -71.69771, -35.447685 ], [ -71.698101, -35.447611 ], [ -71.69843, -35.447633 ], [ -71.698629, -35.447718 ], [ -71.699052, -35.447715 ], [ -71.699428, -35.447647 ], [ -71.6996, -35.447553 ], [ -71.699851, -35.447446 ], [ -71.700022, -35.447317 ], [ -71.70018, -35.44726 ], [ -71.70036, -35.447173 ], [ -71.700531, -35.447009 ], [ -71.700404, -35.446907 ], [ -71.700016, -35.446601 ], [ -71.699193, -35.445922 ], [ -71.69898, -35.445994 ], [ -71.69875, -35.445727 ], [ -71.697765, -35.444964 ], [ -71.700019, -35.444105 ], [ -71.699624, -35.44363 ], [ -71.699122, -35.442999 ], [ -71.698397, -35.442162 ], [ -71.698313, -35.442125 ], [ -71.69592, -35.44299 ], [ -71.695786, -35.443017 ], [ -71.695674, -35.443016 ], [ -71.695573, -35.442989 ], [ -71.695476, -35.44292 ], [ -71.695333, -35.442902 ], [ -71.695081, -35.442979 ], [ -71.694552, -35.443185 ], [ -71.69449, -35.443285 ], [ -71.694458, -35.44341 ], [ -71.694356, -35.443517 ], [ -71.694083, -35.443633 ], [ -71.692043, -35.444354 ], [ -71.691941, -35.44439 ], [ -71.691919, -35.444398 ], [ -71.693185, -35.446681 ], [ -71.694489, -35.448955 ], [ -71.696207, -35.448372 ], [ -71.696293, -35.448608 ], [ -71.696342, -35.44879 ] ] ] } },
{ "type": "Feature", "properties": { "zona": "20" }, "geometry": { "type": "Polygon", "coordinates": [ [ [ -71.706758, -35.440202 ], [ -71.706821, -35.44009 ], [ -71.707323, -35.438848 ], [ -71.707342, -35.438253 ], [ -71.706846, -35.437637 ], [ -71.705936, -35.436766 ], [ -71.705169, -35.436233 ], [ -71.703947, -35.435995 ], [ -71.702067, -35.435803 ], [ -71.701068, -35.435548 ], [ -71.701033, -35.435601 ], [ -71.700822, -35.435908 ], [ -71.700701, -35.436106 ], [ -71.700902, -35.43662 ], [ -71.700728, -35.436697 ], [ -71.700676, -35.436775 ], [ -71.700502, -35.436894 ], [ -71.700356, -35.43707 ], [ -71.700149, -35.437209 ], [ -71.699912, -35.437268 ], [ -71.699622, -35.43734 ], [ -71.699352, -35.437411 ], [ -71.699134, -35.437482 ], [ -71.698793, -35.437654 ], [ -71.698406, -35.437718 ], [ -71.698347, -35.437668 ], [ -71.698079, -35.437634 ], [ -71.697871, -35.4376 ], [ -71.69771, -35.437577 ], [ -71.697552, -35.437535 ], [ -71.697109, -35.437536 ], [ -71.696926, -35.43763 ], [ -71.696788, -35.437721 ], [ -71.696565, -35.437893 ], [ -71.69647, -35.438032 ], [ -71.69627, -35.438025 ], [ -71.696177, -35.438022 ], [ -71.695968, -35.438015 ], [ -71.695712, -35.438006 ], [ -71.695509, -35.438036 ], [ -71.69516, -35.437958 ], [ -71.69473, -35.437854 ], [ -71.694595, -35.437839 ], [ -71.694495, -35.437837 ], [ -71.694511, -35.43785 ], [ -71.698458, -35.442099 ], [ -71.69851, -35.442117 ], [ -71.698397, -35.442162 ], [ -71.699122, -35.442999 ], [ -71.703251, -35.441359 ], [ -71.703293, -35.441404 ], [ -71.703306, -35.441423 ], [ -71.704722, -35.440922 ], [ -71.706425, -35.440325 ], [ -71.706758, -35.440202 ] ] ] } },
{ "type": "Feature", "properties": { "zona": "21" }, "geometry": { "type": "Polygon", "coordinates": [ [ [ -71.701068, -35.435548 ], [ -71.700165, -35.435318 ], [ -71.698263, -35.434755 ], [ -71.696932, -35.434313 ], [ -71.696007, -35.433829 ], [ -71.694751, -35.432947 ], [ -71.694245, -35.432512 ], [ -71.694066, -35.432283 ], [ -71.694032, -35.432264 ], [ -71.693825, -35.432429 ], [ -71.69357, -35.432584 ], [ -71.693167, -35.432828 ], [ -71.693036, -35.432907 ], [ -71.692912, -35.432985 ], [ -71.692632, -35.433152 ], [ -71.691663, -35.433739 ], [ -71.690631, -35.434364 ], [ -71.690552, -35.434412 ], [ -71.689694, -35.434964 ], [ -71.688545, -35.435708 ], [ -71.68764, -35.436262 ], [ -71.686034, -35.437258 ], [ -71.682712, -35.43927 ], [ -71.68285, -35.439441 ], [ -71.686452, -35.443851 ], [ -71.686523, -35.44382 ], [ -71.686725, -35.443673 ], [ -71.686764, -35.443456 ], [ -71.687145, -35.443022 ], [ -71.687259, -35.442837 ], [ -71.687561, -35.442732 ], [ -71.687962, -35.442533 ], [ -71.689102, -35.442342 ], [ -71.689466, -35.442157 ], [ -71.690206, -35.442099 ], [ -71.690628, -35.441933 ], [ -71.690882, -35.441623 ], [ -71.691548, -35.440718 ], [ -71.691832, -35.440235 ], [ -71.69203, -35.439829 ], [ -71.69212, -35.439596 ], [ -71.692223, -35.439328 ], [ -71.692254, -35.439154 ], [ -71.692384, -35.438733 ], [ -71.692415, -35.438572 ], [ -71.692433, -35.43848 ], [ -71.692786, -35.438193 ], [ -71.692897, -35.438065 ], [ -71.693046, -35.437996 ], [ -71.693308, -35.437949 ], [ -71.69351, -35.437857 ], [ -71.693789, -35.437863 ], [ -71.694016, -35.437824 ], [ -71.694226, -35.437824 ], [ -71.694409, -35.437835 ], [ -71.694495, -35.437837 ], [ -71.694595, -35.437839 ], [ -71.69473, -35.437854 ], [ -71.69516, -35.437958 ], [ -71.695509, -35.438036 ], [ -71.695712, -35.438006 ], [ -71.695968, -35.438015 ], [ -71.696177, -35.438022 ], [ -71.69627, -35.438025 ], [ -71.69647, -35.438032 ], [ -71.696565, -35.437893 ], [ -71.696788, -35.437721 ], [ -71.696926, -35.43763 ], [ -71.697109, -35.437536 ], [ -71.697552, -35.437535 ], [ -71.69771, -35.437577 ], [ -71.697871, -35.4376 ], [ -71.698079, -35.437634 ], [ -71.698347, -35.437668 ], [ -71.698406, -35.437718 ], [ -71.698793, -35.437654 ], [ -71.699134, -35.437482 ], [ -71.699352, -35.437411 ], [ -71.699622, -35.43734 ], [ -71.699912, -35.437268 ], [ -71.700149, -35.437209 ], [ -71.700356, -35.43707 ], [ -71.700502, -35.436894 ], [ -71.700676, -35.436775 ], [ -71.700728, -35.436697 ], [ -71.700902, -35.43662 ], [ -71.700701, -35.436106 ], [ -71.700822, -35.435908 ], [ -71.701033, -35.435601 ], [ -71.701068, -35.435548 ] ] ] } },
{ "type": "Feature", "properties": { "zona": "22" }, "geometry": { "type": "Polygon", "coordinates": [ [ [ -71.681377, -35.515357 ], [ -71.683477, -35.519683 ], [ -71.6843, -35.521381 ], [ -71.68432, -35.521373 ], [ -71.686848, -35.520502 ], [ -71.689892, -35.521031 ], [ -71.689914, -35.521009 ], [ -71.690624, -35.520555 ], [ -71.690761, -35.520037 ], [ -71.690816, -35.520028 ], [ -71.691411, -35.519246 ], [ -71.692278, -35.516558 ], [ -71.692285, -35.516482 ], [ -71.689035, -35.51593 ], [ -71.689031, -35.514957 ], [ -71.680603, -35.513688 ], [ -71.680565, -35.513686 ], [ -71.681377, -35.515357 ] ] ] } },
{ "type": "Feature", "properties": { "zona": "23" }, "geometry": { "type": "Polygon", "coordinates": [ [ [ -71.687152, -35.527263 ], [ -71.687599, -35.528184 ], [ -71.687651, -35.528148 ], [ -71.687961, -35.528058 ], [ -71.688243, -35.528019 ], [ -71.688785, -35.52792 ], [ -71.689179, -35.527869 ], [ -71.68945, -35.527808 ], [ -71.689789, -35.527634 ], [ -71.689988, -35.527543 ], [ -71.69029, -35.527434 ], [ -71.690768, -35.527267 ], [ -71.69124, -35.527333 ], [ -71.691741, -35.527477 ], [ -71.691826, -35.527689 ], [ -71.692229, -35.527627 ], [ -71.692523, -35.527428 ], [ -71.692649, -35.527307 ], [ -71.69287, -35.527179 ], [ -71.69321, -35.527324 ], [ -71.693254, -35.527336 ], [ -71.693373, -35.527359 ], [ -71.694882, -35.52732 ], [ -71.696401, -35.527281 ], [ -71.696291, -35.526848 ], [ -71.696217, -35.526488 ], [ -71.696217, -35.526065 ], [ -71.696311, -35.525594 ], [ -71.696413, -35.525286 ], [ -71.69662, -35.524883 ], [ -71.696856, -35.524588 ], [ -71.697099, -35.524359 ], [ -71.698627, -35.523121 ], [ -71.698857, -35.52263 ], [ -71.696443, -35.52216 ], [ -71.696389, -35.522097 ], [ -71.694776, -35.521847 ], [ -71.694769, -35.521852 ], [ -71.694374, -35.52207 ], [ -71.693994, -35.522299 ], [ -71.693757, -35.522662 ], [ -71.693649, -35.523073 ], [ -71.692732, -35.522974 ], [ -71.691963, -35.523102 ], [ -71.69091, -35.523274 ], [ -71.690561, -35.523438 ], [ -71.690147, -35.523686 ], [ -71.689895, -35.524573 ], [ -71.689235, -35.525278 ], [ -71.6888, -35.525824 ], [ -71.687762, -35.526938 ], [ -71.687161, -35.527252 ], [ -71.687152, -35.527263 ] ] ] } },
{ "type": "Feature", "properties": { "zona": "24" }, "geometry": { "type": "Polygon", "coordinates": [ [ [ -71.705267, -35.488365 ], [ -71.705305, -35.487759 ], [ -71.704865, -35.486822 ], [ -71.7024, -35.487235 ], [ -71.698049, -35.488013 ], [ -71.697813, -35.488496 ], [ -71.695833, -35.488137 ], [ -71.694126, -35.492069 ], [ -71.692883, -35.49165 ], [ -71.692984, -35.492394 ], [ -71.685592, -35.492848 ], [ -71.677195, -35.493122 ], [ -71.677293, -35.492724 ], [ -71.677075, -35.492159 ], [ -71.675084, -35.492365 ], [ -71.672971, -35.493469 ], [ -71.67186, -35.493845 ], [ -71.671009, -35.494102 ], [ -71.671016, -35.494117 ], [ -71.671962, -35.496066 ], [ -71.677362, -35.507184 ], [ -71.679103, -35.510751 ], [ -71.680531, -35.513615 ], [ -71.680565, -35.513686 ], [ -71.680603, -35.513688 ], [ -71.689031, -35.514957 ], [ -71.689035, -35.51593 ], [ -71.692285, -35.516482 ], [ -71.696339, -35.517171 ], [ -71.697578, -35.514908 ], [ -71.700477, -35.510049 ], [ -71.700176, -35.509778 ], [ -71.700469, -35.509187 ], [ -71.701755, -35.509411 ], [ -71.701954, -35.508522 ], [ -71.702494, -35.507011 ], [ -71.702354, -35.505694 ], [ -71.702292, -35.504251 ], [ -71.702008, -35.50392 ], [ -71.701933, -35.503577 ], [ -71.704368, -35.496747 ], [ -71.70496, -35.493239 ], [ -71.705039, -35.491977 ], [ -71.705042, -35.49194 ], [ -71.705267, -35.488365 ] ] ] } },
{ "type": "Feature", "properties": { "zona": "25" }, "geometry": { "type": "Polygon", "coordinates": [ [ [ -71.694495, -35.437837 ], [ -71.694409, -35.437835 ], [ -71.694226, -35.437824 ], [ -71.694016, -35.437824 ], [ -71.693789, -35.437863 ], [ -71.69351, -35.437857 ], [ -71.693308, -35.437949 ], [ -71.693046, -35.437996 ], [ -71.692897, -35.438065 ], [ -71.692786, -35.438193 ], [ -71.692433, -35.43848 ], [ -71.692415, -35.438572 ], [ -71.692384, -35.438733 ], [ -71.692254, -35.439154 ], [ -71.692223, -35.439328 ], [ -71.69212, -35.439596 ], [ -71.69203, -35.439829 ], [ -71.691832, -35.440235 ], [ -71.691548, -35.440718 ], [ -71.690882, -35.441623 ], [ -71.690628, -35.441933 ], [ -71.691019, -35.442598 ], [ -71.691841, -35.444096 ], [ -71.691998, -35.44431 ], [ -71.692043, -35.444354 ], [ -71.694083, -35.443633 ], [ -71.694356, -35.443517 ], [ -71.694458, -35.44341 ], [ -71.69449, -35.443285 ], [ -71.694552, -35.443185 ], [ -71.695081, -35.442979 ], [ -71.695333, -35.442902 ], [ -71.695476, -35.44292 ], [ -71.695573, -35.442989 ], [ -71.695674, -35.443016 ], [ -71.695786, -35.443017 ], [ -71.69592, -35.44299 ], [ -71.698313, -35.442125 ], [ -71.698397, -35.442162 ], [ -71.69851, -35.442117 ], [ -71.698458, -35.442099 ], [ -71.694511, -35.43785 ], [ -71.694495, -35.437837 ] ] ] } },
{ "type": "Feature", "properties": { "zona": "26" }, "geometry": { "type": "Polygon", "coordinates": [ [ [ -71.724215, -35.460879 ], [ -71.725178, -35.46024 ], [ -71.72527, -35.460179 ], [ -71.726235, -35.459458 ], [ -71.728017, -35.45946 ], [ -71.72953, -35.459334 ], [ -71.730385, -35.45861 ], [ -71.731124, -35.45861 ], [ -71.731975, -35.459397 ], [ -71.733521, -35.460276 ], [ -71.73433, -35.460966 ], [ -71.736336, -35.461748 ], [ -71.736909, -35.462561 ], [ -71.739491, -35.462808 ], [ -71.73925, -35.461771 ], [ -71.738572, -35.459423 ], [ -71.737408, -35.45709 ], [ -71.736507, -35.45582 ], [ -71.735564, -35.45449 ], [ -71.734878, -35.453667 ], [ -71.73352, -35.452249 ], [ -71.73267, -35.451361 ], [ -71.726947, -35.449304 ], [ -71.726471, -35.448923 ], [ -71.725255, -35.447951 ], [ -71.723816, -35.447425 ], [ -71.721935, -35.447595 ], [ -71.720628, -35.447851 ], [ -71.718485, -35.447851 ], [ -71.715812, -35.447419 ], [ -71.713405, -35.446977 ], [ -71.711789, -35.447079 ], [ -71.710437, -35.44649 ], [ -71.709192, -35.44532 ], [ -71.707371, -35.444654 ], [ -71.706813, -35.444842 ], [ -71.706345, -35.444913 ], [ -71.706043, -35.444919 ], [ -71.705588, -35.444927 ], [ -71.705223, -35.445018 ], [ -71.704957, -35.445131 ], [ -71.704483, -35.445387 ], [ -71.703493, -35.445946 ], [ -71.70322, -35.44608 ], [ -71.703113, -35.446247 ], [ -71.702994, -35.446401 ], [ -71.702522, -35.446442 ], [ -71.702296, -35.446337 ], [ -71.702045, -35.446214 ], [ -71.701913, -35.446214 ], [ -71.701753, -35.446257 ], [ -71.701403, -35.446357 ], [ -71.701099, -35.446486 ], [ -71.700804, -35.44664 ], [ -71.700646, -35.446808 ], [ -71.700557, -35.446983 ], [ -71.700531, -35.447009 ], [ -71.70036, -35.447173 ], [ -71.70018, -35.44726 ], [ -71.700022, -35.447317 ], [ -71.699851, -35.447446 ], [ -71.6996, -35.447553 ], [ -71.699428, -35.447647 ], [ -71.699052, -35.447715 ], [ -71.698629, -35.447718 ], [ -71.69843, -35.447633 ], [ -71.698101, -35.447611 ], [ -71.69771, -35.447685 ], [ -71.697253, -35.447969 ], [ -71.697148, -35.448026 ], [ -71.699352, -35.450268 ], [ -71.700613, -35.451501 ], [ -71.700976, -35.45191 ], [ -71.701394, -35.45264 ], [ -71.702039, -35.453112 ], [ -71.702945, -35.454132 ], [ -71.702874, -35.454374 ], [ -71.702734, -35.45455 ], [ -71.701114, -35.455462 ], [ -71.700462, -35.45582 ], [ -71.700089, -35.455992 ], [ -71.699851, -35.456029 ], [ -71.699621, -35.455993 ], [ -71.699611, -35.455991 ], [ -71.699351, -35.455906 ], [ -71.699156, -35.455916 ], [ -71.699045, -35.455982 ], [ -71.699083, -35.455993 ], [ -71.700051, -35.456274 ], [ -71.700829, -35.456412 ], [ -71.701762, -35.456504 ], [ -71.703174, -35.456722 ], [ -71.705394, -35.456921 ], [ -71.707365, -35.457117 ], [ -71.708765, -35.457315 ], [ -71.710714, -35.457396 ], [ -71.711528, -35.457516 ], [ -71.712466, -35.457446 ], [ -71.713063, -35.457561 ], [ -71.714649, -35.458105 ], [ -71.71593, -35.458441 ], [ -71.716942, -35.4588 ], [ -71.71792, -35.45892 ], [ -71.71938, -35.459178 ], [ -71.720719, -35.459367 ], [ -71.720851, -35.45954 ], [ -71.722751, -35.460389 ], [ -71.723882, -35.460768 ], [ -71.723996, -35.460807 ], [ -71.724215, -35.460879 ] ] ] } },
{ "type": "Feature", "properties": { "zona": "27" }, "geometry": { "type": "Polygon", "coordinates": [ [ [ -71.700531, -35.447009 ], [ -71.700557, -35.446983 ], [ -71.700646, -35.446808 ], [ -71.700804, -35.44664 ], [ -71.701099, -35.446486 ], [ -71.701403, -35.446357 ], [ -71.701753, -35.446257 ], [ -71.701913, -35.446214 ], [ -71.702045, -35.446214 ], [ -71.702296, -35.446337 ], [ -71.702522, -35.446442 ], [ -71.702994, -35.446401 ], [ -71.703113, -35.446247 ], [ -71.70322, -35.44608 ], [ -71.703493, -35.445946 ], [ -71.704483, -35.445387 ], [ -71.704957, -35.445131 ], [ -71.705223, -35.445018 ], [ -71.705588, -35.444927 ], [ -71.706043, -35.444919 ], [ -71.706345, -35.444913 ], [ -71.706813, -35.444842 ], [ -71.707371, -35.444654 ], [ -71.707728, -35.444504 ], [ -71.707488, -35.44414 ], [ -71.70732, -35.443752 ], [ -71.707207, -35.44287 ], [ -71.707086, -35.442171 ], [ -71.706937, -35.441593 ], [ -71.706696, -35.440945 ], [ -71.706687, -35.440679 ], [ -71.706783, -35.440199 ], [ -71.706782, -35.440194 ], [ -71.706758, -35.440202 ], [ -71.706425, -35.440325 ], [ -71.704722, -35.440922 ], [ -71.703306, -35.441423 ], [ -71.703293, -35.441404 ], [ -71.703251, -35.441359 ], [ -71.699122, -35.442999 ], [ -71.699624, -35.44363 ], [ -71.700019, -35.444105 ], [ -71.697765, -35.444964 ], [ -71.69875, -35.445727 ], [ -71.69898, -35.445994 ], [ -71.699193, -35.445922 ], [ -71.700016, -35.446601 ], [ -71.700404, -35.446907 ], [ -71.700531, -35.447009 ] ] ] } },
{ "type": "Feature", "properties": { "zona": "28" }, "geometry": { "type": "Polygon", "coordinates": [ [ [ -71.582189, -35.447513 ], [ -71.579102, -35.449423 ], [ -71.570491, -35.454829 ], [ -71.57635, -35.461655 ], [ -71.579289, -35.458397 ], [ -71.58048, -35.457107 ], [ -71.581661, -35.455714 ], [ -71.582805, -35.454829 ], [ -71.585825, -35.453856 ], [ -71.588147, -35.453167 ], [ -71.589513, -35.452758 ], [ -71.589501, -35.452736 ], [ -71.588069, -35.450506 ], [ -71.586342, -35.451496 ], [ -71.582559, -35.447359 ], [ -71.582189, -35.447513 ] ] ] } },
{ "type": "Feature", "properties": { "zona": "29" }, "geometry": { "type": "Polygon", "coordinates": [ [ [ -71.584353, -35.463395 ], [ -71.586173, -35.463361 ], [ -71.587151, -35.464004 ], [ -71.588994, -35.463116 ], [ -71.591439, -35.462442 ], [ -71.592079, -35.462748 ], [ -71.595272, -35.46142 ], [ -71.596329, -35.461001 ], [ -71.597608, -35.461001 ], [ -71.599318, -35.460842 ], [ -71.600112, -35.460768 ], [ -71.599907, -35.460418 ], [ -71.599626, -35.460009 ], [ -71.599527, -35.459744 ], [ -71.599048, -35.459458 ], [ -71.598745, -35.459187 ], [ -71.595581, -35.45739 ], [ -71.594612, -35.45656 ], [ -71.594393, -35.455897 ], [ -71.594644, -35.454775 ], [ -71.594174, -35.454265 ], [ -71.593879, -35.453813 ], [ -71.593541, -35.452773 ], [ -71.593321, -35.452254 ], [ -71.593016, -35.451536 ], [ -71.590954, -35.452332 ], [ -71.590553, -35.45245 ], [ -71.589726, -35.452694 ], [ -71.589513, -35.452758 ], [ -71.588147, -35.453167 ], [ -71.585825, -35.453856 ], [ -71.582805, -35.454829 ], [ -71.581661, -35.455714 ], [ -71.58048, -35.457107 ], [ -71.579289, -35.458397 ], [ -71.579815, -35.458734 ], [ -71.580299, -35.459055 ], [ -71.580342, -35.459255 ], [ -71.580346, -35.459704 ], [ -71.584353, -35.463395 ] ] ] } },
{ "type": "Feature", "properties": { "zona": "30" }, "geometry": { "type": "Polygon", "coordinates": [ [ [ -71.600112, -35.460768 ], [ -71.600593, -35.461584 ], [ -71.601099, -35.461473 ], [ -71.602242, -35.461222 ], [ -71.603035, -35.461048 ], [ -71.604241, -35.460496 ], [ -71.60554, -35.459901 ], [ -71.606342, -35.459751 ], [ -71.607631, -35.459495 ], [ -71.608796, -35.459186 ], [ -71.610048, -35.458345 ], [ -71.610189, -35.458293 ], [ -71.609667, -35.456689 ], [ -71.609235, -35.45498 ], [ -71.609202, -35.454672 ], [ -71.607281, -35.450509 ], [ -71.607154, -35.450177 ], [ -71.605256, -35.445211 ], [ -71.605249, -35.4452 ], [ -71.603784, -35.446255 ], [ -71.602342, -35.447198 ], [ -71.601843, -35.447525 ], [ -71.598933, -35.449113 ], [ -71.597714, -35.449639 ], [ -71.595279, -35.450623 ], [ -71.593016, -35.451536 ], [ -71.593321, -35.452254 ], [ -71.593541, -35.452773 ], [ -71.593879, -35.453813 ], [ -71.594174, -35.454265 ], [ -71.594644, -35.454775 ], [ -71.594393, -35.455897 ], [ -71.594612, -35.45656 ], [ -71.595581, -35.45739 ], [ -71.598745, -35.459187 ], [ -71.599048, -35.459458 ], [ -71.599527, -35.459744 ], [ -71.599626, -35.460009 ], [ -71.599907, -35.460418 ], [ -71.600112, -35.460768 ] ] ] } },
{ "type": "Feature", "properties": { "zona": "31" }, "geometry": { "type": "Polygon", "coordinates": [ [ [ -71.610189, -35.458293 ], [ -71.611161, -35.458245 ], [ -71.612558, -35.458346 ], [ -71.613583, -35.45849 ], [ -71.61495, -35.45873 ], [ -71.616813, -35.45873 ], [ -71.618871, -35.457655 ], [ -71.619765, -35.457613 ], [ -71.620597, -35.458212 ], [ -71.621736, -35.458367 ], [ -71.622674, -35.458831 ], [ -71.622873, -35.458988 ], [ -71.623314, -35.459336 ], [ -71.623626, -35.459456 ], [ -71.623792, -35.459403 ], [ -71.624163, -35.459096 ], [ -71.624162, -35.458901 ], [ -71.624007, -35.458872 ], [ -71.623914, -35.458684 ], [ -71.623702, -35.458417 ], [ -71.623195, -35.457186 ], [ -71.622573, -35.455801 ], [ -71.622098, -35.455116 ], [ -71.621974, -35.454872 ], [ -71.621871, -35.454669 ], [ -71.62121, -35.453464 ], [ -71.62001, -35.451445 ], [ -71.615612, -35.452753 ], [ -71.614769, -35.453054 ], [ -71.61334, -35.453567 ], [ -71.609202, -35.454672 ], [ -71.609235, -35.45498 ], [ -71.609667, -35.456689 ], [ -71.610189, -35.458293 ] ] ] } },
{ "type": "Feature", "properties": { "zona": "33" }, "geometry": { "type": "Polygon", "coordinates": [ [ [ -71.624163, -35.459096 ], [ -71.624492, -35.459238 ], [ -71.62502, -35.460037 ], [ -71.640338, -35.459265 ], [ -71.640598, -35.45907 ], [ -71.64147, -35.458834 ], [ -71.641791, -35.458632 ], [ -71.642136, -35.45858 ], [ -71.642404, -35.458406 ], [ -71.642918, -35.457987 ], [ -71.64373, -35.457424 ], [ -71.644456, -35.457042 ], [ -71.64442, -35.456865 ], [ -71.64435, -35.456358 ], [ -71.644235, -35.455535 ], [ -71.644142, -35.454729 ], [ -71.64403, -35.453621 ], [ -71.643983, -35.452565 ], [ -71.643955, -35.452209 ], [ -71.643905, -35.451566 ], [ -71.643403, -35.451754 ], [ -71.643159, -35.45186 ], [ -71.642666, -35.452071 ], [ -71.642441, -35.452165 ], [ -71.642172, -35.452278 ], [ -71.641971, -35.452417 ], [ -71.64167, -35.452818 ], [ -71.641373, -35.452789 ], [ -71.641618, -35.452552 ], [ -71.641641, -35.452387 ], [ -71.64167, -35.452292 ], [ -71.641634, -35.452176 ], [ -71.641291, -35.452075 ], [ -71.641004, -35.45227 ], [ -71.640896, -35.452358 ], [ -71.640787, -35.452397 ], [ -71.640281, -35.452327 ], [ -71.640082, -35.452182 ], [ -71.639943, -35.451857 ], [ -71.639944, -35.451685 ], [ -71.639956, -35.451572 ], [ -71.640056, -35.451327 ], [ -71.640226, -35.451152 ], [ -71.640488, -35.450966 ], [ -71.639735, -35.45139 ], [ -71.638691, -35.45203 ], [ -71.634445, -35.453556 ], [ -71.63049, -35.455066 ], [ -71.630535, -35.455364 ], [ -71.630573, -35.455842 ], [ -71.630583, -35.455976 ], [ -71.630506, -35.456368 ], [ -71.630458, -35.456608 ], [ -71.630413, -35.456836 ], [ -71.630176, -35.457197 ], [ -71.629971, -35.45751 ], [ -71.62975, -35.457867 ], [ -71.629731, -35.458148 ], [ -71.629712, -35.458434 ], [ -71.629703, -35.45858 ], [ -71.629373, -35.458918 ], [ -71.629198, -35.458911 ], [ -71.628957, -35.458901 ], [ -71.628585, -35.458669 ], [ -71.628468, -35.458574 ], [ -71.628279, -35.45842 ], [ -71.627897, -35.458453 ], [ -71.627423, -35.458539 ], [ -71.627195, -35.458601 ], [ -71.62702, -35.458648 ], [ -71.626653, -35.458697 ], [ -71.626289, -35.458713 ], [ -71.625916, -35.458718 ], [ -71.625497, -35.458705 ], [ -71.625201, -35.458695 ], [ -71.624949, -35.458687 ], [ -71.624603, -35.458781 ], [ -71.624322, -35.458857 ], [ -71.624162, -35.458901 ], [ -71.624163, -35.459096 ] ] ] } },
{ "type": "Feature", "properties": { "zona": "34" }, "geometry": { "type": "Polygon", "coordinates": [ [ [ -71.643955, -35.452209 ], [ -71.643983, -35.452565 ], [ -71.64403, -35.453621 ], [ -71.644142, -35.454729 ], [ -71.644235, -35.455535 ], [ -71.64435, -35.456358 ], [ -71.64442, -35.456865 ], [ -71.644456, -35.457042 ], [ -71.644948, -35.45665 ], [ -71.645314, -35.456396 ], [ -71.645841, -35.456221 ], [ -71.646118, -35.456145 ], [ -71.646304, -35.456094 ], [ -71.646725, -35.455991 ], [ -71.645379, -35.452852 ], [ -71.645001, -35.451918 ], [ -71.643955, -35.452209 ] ] ] } },
{ "type": "Feature", "properties": { "zona": "36" }, "geometry": { "type": "Polygon", "coordinates": [ [ [ -71.692172, -35.455494 ], [ -71.691975, -35.455214 ], [ -71.690964, -35.454006 ], [ -71.690519, -35.453474 ], [ -71.690401, -35.453319 ], [ -71.689838, -35.453241 ], [ -71.688944, -35.4543 ], [ -71.688172, -35.455186 ], [ -71.686594, -35.457935 ], [ -71.686406, -35.458004 ], [ -71.685268, -35.460367 ], [ -71.685267, -35.460368 ], [ -71.681654, -35.466585 ], [ -71.681024, -35.467548 ], [ -71.678748, -35.470546 ], [ -71.677818, -35.471533 ], [ -71.673458, -35.475179 ], [ -71.673461, -35.47518 ], [ -71.677748, -35.47527 ], [ -71.683992, -35.475369 ], [ -71.699088, -35.475719 ], [ -71.699119, -35.475706 ], [ -71.697394, -35.472699 ], [ -71.696357, -35.468469 ], [ -71.695736, -35.466486 ], [ -71.69566, -35.466245 ], [ -71.695106, -35.464545 ], [ -71.692671, -35.456817 ], [ -71.692512, -35.456526 ], [ -71.692167, -35.455526 ], [ -71.692172, -35.455494 ] ] ] } },
{ "type": "Feature", "properties": { "zona": "37" }, "geometry": { "type": "Polygon", "coordinates": [ [ [ -71.686406, -35.458004 ], [ -71.686594, -35.457935 ], [ -71.684413, -35.45481 ], [ -71.68422, -35.454796 ], [ -71.683788, -35.454007 ], [ -71.683772, -35.453943 ], [ -71.680825, -35.454584 ], [ -71.679575, -35.4548 ], [ -71.676884, -35.4555 ], [ -71.676625, -35.455567 ], [ -71.67775, -35.459186 ], [ -71.678777, -35.460891 ], [ -71.680235, -35.460288 ], [ -71.686406, -35.458004 ] ] ] } },
{ "type": "Feature", "properties": { "zona": "38" }, "geometry": { "type": "Polygon", "coordinates": [ [ [ -71.642168, -35.398962 ], [ -71.64138, -35.399159 ], [ -71.639325, -35.399561 ], [ -71.637903, -35.399712 ], [ -71.636623, -35.399764 ], [ -71.635019, -35.399703 ], [ -71.633212, -35.399647 ], [ -71.631901, -35.399652 ], [ -71.630983, -35.400077 ], [ -71.630839, -35.400334 ], [ -71.632053, -35.400724 ], [ -71.633634, -35.401232 ], [ -71.63776, -35.403033 ], [ -71.641109, -35.404593 ], [ -71.642473, -35.405224 ], [ -71.643335, -35.405622 ], [ -71.645192, -35.403588 ], [ -71.647021, -35.401589 ], [ -71.647073, -35.401506 ], [ -71.646142, -35.401008 ], [ -71.645077, -35.400506 ], [ -71.644281, -35.400226 ], [ -71.643352, -35.399876 ], [ -71.642997, -35.399693 ], [ -71.642309, -35.39916 ], [ -71.642168, -35.398962 ] ] ] } },
{ "type": "Feature", "properties": { "zona": "39" }, "geometry": { "type": "Polygon", "coordinates": [ [ [ -71.632053, -35.400724 ], [ -71.630839, -35.400334 ], [ -71.628349, -35.399645 ], [ -71.627698, -35.399465 ], [ -71.625149, -35.39934 ], [ -71.624439, -35.399305 ], [ -71.620078, -35.399247 ], [ -71.620735, -35.399671 ], [ -71.621999, -35.400628 ], [ -71.622783, -35.40111 ], [ -71.623232, -35.401356 ], [ -71.623405, -35.401515 ], [ -71.62388, -35.401665 ], [ -71.624499, -35.402071 ], [ -71.624987, -35.402557 ], [ -71.625617, -35.403384 ], [ -71.625835, -35.403822 ], [ -71.625905, -35.403962 ], [ -71.626255, -35.404772 ], [ -71.626547, -35.404982 ], [ -71.626612, -35.404926 ], [ -71.62833, -35.404023 ], [ -71.627603, -35.403254 ], [ -71.631301, -35.401589 ], [ -71.631959, -35.400834 ], [ -71.632053, -35.400724 ] ] ] } },
{ "type": "Feature", "properties": { "zona": "40" }, "geometry": { "type": "Polygon", "coordinates": [ [ [ -71.645001, -35.451918 ], [ -71.645379, -35.452852 ], [ -71.646725, -35.455991 ], [ -71.64693, -35.455872 ], [ -71.647495, -35.455627 ], [ -71.648482, -35.455411 ], [ -71.648919, -35.455378 ], [ -71.649161, -35.455374 ], [ -71.649452, -35.455403 ], [ -71.649991, -35.455513 ], [ -71.650252, -35.455554 ], [ -71.650425, -35.45557 ], [ -71.650759, -35.455582 ], [ -71.65087, -35.455565 ], [ -71.651024, -35.455459 ], [ -71.651104, -35.455323 ], [ -71.651254, -35.455182 ], [ -71.651438, -35.45505 ], [ -71.651825, -35.454902 ], [ -71.652004, -35.454867 ], [ -71.652175, -35.454836 ], [ -71.652307, -35.45482 ], [ -71.652291, -35.4547 ], [ -71.652249, -35.454377 ], [ -71.652116, -35.453348 ], [ -71.652067, -35.45295 ], [ -71.651968, -35.452132 ], [ -71.651953, -35.452001 ], [ -71.651923, -35.451746 ], [ -71.65192, -35.451688 ], [ -71.651903, -35.451575 ], [ -71.651442, -35.447901 ], [ -71.6514, -35.44756 ], [ -71.6513, -35.446767 ], [ -71.650476, -35.440241 ], [ -71.650484, -35.440162 ], [ -71.650136, -35.440191 ], [ -71.64976, -35.440304 ], [ -71.648979, -35.440632 ], [ -71.648371, -35.440769 ], [ -71.647599, -35.440867 ], [ -71.647247, -35.440803 ], [ -71.647145, -35.44079 ], [ -71.646963, -35.440766 ], [ -71.646281, -35.440739 ], [ -71.64486, -35.441086 ], [ -71.644782, -35.441102 ], [ -71.643928, -35.441379 ], [ -71.643304, -35.441915 ], [ -71.642911, -35.442448 ], [ -71.642662, -35.443037 ], [ -71.642654, -35.443341 ], [ -71.642815, -35.443671 ], [ -71.642918, -35.443969 ], [ -71.6429, -35.444159 ], [ -71.642727, -35.44452 ], [ -71.642393, -35.444885 ], [ -71.642214, -35.445031 ], [ -71.645001, -35.451918 ] ] ] } },
{ "type": "Feature", "properties": { "zona": "35" }, "geometry": { "type": "Polygon", "coordinates": [ [ [ -71.652307, -35.45482 ], [ -71.652175, -35.454836 ], [ -71.652004, -35.454867 ], [ -71.651825, -35.454902 ], [ -71.651438, -35.45505 ], [ -71.651254, -35.455182 ], [ -71.651104, -35.455323 ], [ -71.651024, -35.455459 ], [ -71.65087, -35.455565 ], [ -71.650759, -35.455582 ], [ -71.650425, -35.45557 ], [ -71.650252, -35.455554 ], [ -71.649991, -35.455513 ], [ -71.649452, -35.455403 ], [ -71.649161, -35.455374 ], [ -71.648919, -35.455378 ], [ -71.648482, -35.455411 ], [ -71.647495, -35.455627 ], [ -71.64693, -35.455872 ], [ -71.646725, -35.455991 ], [ -71.651745, -35.468825 ], [ -71.652294, -35.470044 ], [ -71.653188, -35.472675 ], [ -71.653442, -35.4726 ], [ -71.653639, -35.472491 ], [ -71.653986, -35.4723 ], [ -71.654472, -35.472031 ], [ -71.654678, -35.472018 ], [ -71.655013, -35.471865 ], [ -71.655598, -35.471957 ], [ -71.656086, -35.47193 ], [ -71.656919, -35.471979 ], [ -71.657115, -35.471979 ], [ -71.657741, -35.472198 ], [ -71.658222, -35.472305 ], [ -71.658671, -35.472485 ], [ -71.659448, -35.472633 ], [ -71.659993, -35.472691 ], [ -71.660813, -35.472669 ], [ -71.659404, -35.469625 ], [ -71.656632, -35.464153 ], [ -71.656588, -35.464053 ], [ -71.656508, -35.464127 ], [ -71.655884, -35.462829 ], [ -71.654862, -35.460717 ], [ -71.654293, -35.459545 ], [ -71.654081, -35.459108 ], [ -71.653037, -35.456958 ], [ -71.652667, -35.456174 ], [ -71.652558, -35.455861 ], [ -71.652436, -35.455359 ], [ -71.652436, -35.45532 ], [ -71.652429, -35.455315 ], [ -71.652401, -35.455146 ], [ -71.652358, -35.454843 ], [ -71.652356, -35.454844 ], [ -71.652307, -35.45482 ] ] ] } },
{ "type": "Feature", "properties": { "zona": "41" }, "geometry": { "type": "Polygon", "coordinates": [ [ [ -71.654081, -35.459108 ], [ -71.654293, -35.459545 ], [ -71.654862, -35.460717 ], [ -71.655884, -35.462829 ], [ -71.656508, -35.464127 ], [ -71.656588, -35.464053 ], [ -71.656632, -35.464153 ], [ -71.658589, -35.4636 ], [ -71.660131, -35.463515 ], [ -71.661933, -35.463217 ], [ -71.663188, -35.462941 ], [ -71.663817, -35.46211 ], [ -71.664218, -35.461711 ], [ -71.664883, -35.461108 ], [ -71.664993, -35.460939 ], [ -71.665829, -35.460206 ], [ -71.666747, -35.459084 ], [ -71.667216, -35.458127 ], [ -71.668145, -35.457072 ], [ -71.668364, -35.456817 ], [ -71.669122, -35.455933 ], [ -71.671356, -35.455528 ], [ -71.671364, -35.455431 ], [ -71.671235, -35.454828 ], [ -71.670902, -35.452933 ], [ -71.669409, -35.453537 ], [ -71.668417, -35.453849 ], [ -71.667203, -35.454232 ], [ -71.666262, -35.454529 ], [ -71.665537, -35.454804 ], [ -71.665092, -35.454974 ], [ -71.665152, -35.455015 ], [ -71.654116, -35.459097 ], [ -71.654081, -35.459108 ] ] ] } },
{ "type": "Feature", "properties": { "zona": "42" }, "geometry": { "type": "Polygon", "coordinates": [ [ [ -71.676884, -35.4555 ], [ -71.679575, -35.4548 ], [ -71.678638, -35.450939 ], [ -71.678636, -35.450938 ], [ -71.678396, -35.45117 ], [ -71.677752, -35.451318 ], [ -71.677009, -35.451442 ], [ -71.675652, -35.451711 ], [ -71.675405, -35.451746 ], [ -71.675047, -35.45182 ], [ -71.674603, -35.45191 ], [ -71.674369, -35.451952 ], [ -71.67416, -35.452 ], [ -71.673782, -35.452069 ], [ -71.673457, -35.452144 ], [ -71.672942, -35.452181 ], [ -71.672662, -35.452165 ], [ -71.672562, -35.452249 ], [ -71.672534, -35.452273 ], [ -71.671765, -35.452244 ], [ -71.671505, -35.45224 ], [ -71.671275, -35.452197 ], [ -71.670738, -35.452162 ], [ -71.670877, -35.452696 ], [ -71.670902, -35.452933 ], [ -71.671235, -35.454828 ], [ -71.671364, -35.455431 ], [ -71.671356, -35.455528 ], [ -71.671395, -35.455521 ], [ -71.671594, -35.455964 ], [ -71.671845, -35.456401 ], [ -71.676744, -35.455439 ], [ -71.676884, -35.4555 ] ] ] } },
{ "type": "Feature", "properties": { "zona": "43" }, "geometry": { "type": "Polygon", "coordinates": [ [ [ -71.642473, -35.405224 ], [ -71.641109, -35.404593 ], [ -71.63776, -35.403033 ], [ -71.633634, -35.401232 ], [ -71.632053, -35.400724 ], [ -71.631959, -35.400834 ], [ -71.631301, -35.401589 ], [ -71.627603, -35.403254 ], [ -71.62833, -35.404023 ], [ -71.626612, -35.404926 ], [ -71.626547, -35.404982 ], [ -71.627886, -35.405948 ], [ -71.633744, -35.409789 ], [ -71.634257, -35.410118 ], [ -71.634278, -35.410094 ], [ -71.636857, -35.408299 ], [ -71.638353, -35.407338 ], [ -71.639238, -35.406912 ], [ -71.639965, -35.406184 ], [ -71.640037, -35.406083 ], [ -71.640852, -35.405991 ], [ -71.640914, -35.405957 ], [ -71.641582, -35.406059 ], [ -71.642385, -35.405327 ], [ -71.642473, -35.405224 ] ] ] } },
{ "type": "Feature", "properties": { "zona": "44" }, "geometry": { "type": "Polygon", "coordinates": [ [ [ -71.626547, -35.404982 ], [ -71.626255, -35.404772 ], [ -71.626919, -35.40631 ], [ -71.627926, -35.409146 ], [ -71.628198, -35.409813 ], [ -71.629928, -35.414044 ], [ -71.629949, -35.414042 ], [ -71.63113, -35.413835 ], [ -71.631779, -35.41372 ], [ -71.632205, -35.413682 ], [ -71.633157, -35.413499 ], [ -71.633608, -35.413398 ], [ -71.634396, -35.413291 ], [ -71.634869, -35.41321 ], [ -71.635922, -35.412975 ], [ -71.637005, -35.412838 ], [ -71.638098, -35.41295 ], [ -71.638253, -35.412784 ], [ -71.638337, -35.412736 ], [ -71.634257, -35.410118 ], [ -71.633744, -35.409789 ], [ -71.627886, -35.405948 ], [ -71.626547, -35.404982 ] ] ] } },
{ "type": "Feature", "properties": { "zona": "45" }, "geometry": { "type": "Polygon", "coordinates": [ [ [ -71.632957, -35.440818 ], [ -71.628938, -35.442738 ], [ -71.627183, -35.443634 ], [ -71.627186, -35.443645 ], [ -71.627277, -35.443813 ], [ -71.62871, -35.445908 ], [ -71.632534, -35.444119 ], [ -71.634364, -35.443184 ], [ -71.634564, -35.443098 ], [ -71.634782, -35.442863 ], [ -71.633238, -35.440672 ], [ -71.632957, -35.440818 ] ] ] } },
{ "type": "Feature", "properties": { "zona": "46" }, "geometry": { "type": "Polygon", "coordinates": [ [ [ -71.627183, -35.443634 ], [ -71.628938, -35.442738 ], [ -71.632957, -35.440818 ], [ -71.632939, -35.440733 ], [ -71.632026, -35.439172 ], [ -71.630384, -35.436604 ], [ -71.626201, -35.438612 ], [ -71.625587, -35.437691 ], [ -71.623783, -35.438598 ], [ -71.623971, -35.438895 ], [ -71.625119, -35.440698 ], [ -71.625989, -35.442063 ], [ -71.627022, -35.443716 ], [ -71.627183, -35.443634 ] ] ] } },
{ "type": "Feature", "properties": { "zona": "47" }, "geometry": { "type": "Polygon", "coordinates": [ [ [ -71.630384, -35.436604 ], [ -71.632026, -35.439172 ], [ -71.632939, -35.440733 ], [ -71.632957, -35.440818 ], [ -71.633238, -35.440672 ], [ -71.635562, -35.439457 ], [ -71.635679, -35.439396 ], [ -71.636472, -35.438977 ], [ -71.637283, -35.43871 ], [ -71.637781, -35.438619 ], [ -71.63952, -35.438169 ], [ -71.639392, -35.437836 ], [ -71.637928, -35.43423 ], [ -71.637445, -35.433041 ], [ -71.636987, -35.431954 ], [ -71.635635, -35.432376 ], [ -71.634564, -35.432714 ], [ -71.633314, -35.433109 ], [ -71.631583, -35.433676 ], [ -71.629505, -35.434357 ], [ -71.629498, -35.43436 ], [ -71.629504, -35.434361 ], [ -71.630067, -35.436121 ], [ -71.630384, -35.436604 ] ] ] } },
{ "type": "Feature", "properties": { "zona": "48" }, "geometry": { "type": "Polygon", "coordinates": [ [ [ -71.638337, -35.412736 ], [ -71.638253, -35.412784 ], [ -71.638098, -35.41295 ], [ -71.637005, -35.412838 ], [ -71.635922, -35.412975 ], [ -71.634869, -35.41321 ], [ -71.634396, -35.413291 ], [ -71.633608, -35.413398 ], [ -71.633157, -35.413499 ], [ -71.632205, -35.413682 ], [ -71.631779, -35.41372 ], [ -71.63113, -35.413835 ], [ -71.629949, -35.414042 ], [ -71.629928, -35.414044 ], [ -71.629992, -35.4142 ], [ -71.630457, -35.415339 ], [ -71.631617, -35.418195 ], [ -71.632231, -35.419787 ], [ -71.63299, -35.419588 ], [ -71.63363, -35.419381 ], [ -71.634058, -35.419206 ], [ -71.634524, -35.419002 ], [ -71.635172, -35.418701 ], [ -71.635204, -35.418689 ], [ -71.635222, -35.418678 ], [ -71.635687, -35.418382 ], [ -71.636475, -35.417779 ], [ -71.637283, -35.417084 ], [ -71.638045, -35.416484 ], [ -71.639781, -35.415077 ], [ -71.64048, -35.41453 ], [ -71.640653, -35.414409 ], [ -71.64072, -35.414362 ], [ -71.640781, -35.414314 ], [ -71.640748, -35.414293 ], [ -71.638719, -35.412981 ], [ -71.638337, -35.412736 ] ] ] } },
{ "type": "Feature", "properties": { "zona": "49" }, "geometry": { "type": "Polygon", "coordinates": [ [ [ -71.632231, -35.419787 ], [ -71.631617, -35.418195 ], [ -71.630457, -35.415339 ], [ -71.629992, -35.4142 ], [ -71.629633, -35.414368 ], [ -71.628983, -35.414371 ], [ -71.628948, -35.41436 ], [ -71.628443, -35.414202 ], [ -71.628405, -35.41419 ], [ -71.627257, -35.414455 ], [ -71.627538, -35.415535 ], [ -71.627748, -35.41631 ], [ -71.627957, -35.416927 ], [ -71.628301, -35.417919 ], [ -71.628615, -35.418564 ], [ -71.628592, -35.418616 ], [ -71.629002, -35.418712 ], [ -71.629081, -35.418819 ], [ -71.629442, -35.418974 ], [ -71.629485, -35.418961 ], [ -71.629488, -35.418974 ], [ -71.629926, -35.41898 ], [ -71.629965, -35.41898 ], [ -71.630645, -35.420201 ], [ -71.631008, -35.420105 ], [ -71.632193, -35.419786 ], [ -71.63224, -35.41981 ], [ -71.632231, -35.419787 ] ] ] } },
{ "type": "Feature", "properties": { "zona": "50" }, "geometry": { "type": "Polygon", "coordinates": [ [ [ -71.631008, -35.420105 ], [ -71.630645, -35.420201 ], [ -71.629965, -35.41898 ], [ -71.629926, -35.41898 ], [ -71.625105, -35.422722 ], [ -71.624985, -35.422906 ], [ -71.623961, -35.422711 ], [ -71.623668, -35.422766 ], [ -71.623389, -35.423644 ], [ -71.623486, -35.423904 ], [ -71.624998, -35.424232 ], [ -71.627568, -35.424727 ], [ -71.63033, -35.425368 ], [ -71.631233, -35.425577 ], [ -71.631235, -35.425579 ], [ -71.631245, -35.425504 ], [ -71.632372, -35.425784 ], [ -71.634721, -35.426243 ], [ -71.634492, -35.425653 ], [ -71.6343, -35.425155 ], [ -71.633492, -35.423059 ], [ -71.633488, -35.423058 ], [ -71.632247, -35.423401 ], [ -71.631717, -35.422008 ], [ -71.63143, -35.421422 ], [ -71.63121, -35.421486 ], [ -71.630835, -35.420634 ], [ -71.631008, -35.420105 ] ] ] } },
{ "type": "Feature", "properties": { "zona": "51" }, "geometry": { "type": "Polygon", "coordinates": [ [ [ -71.631235, -35.425579 ], [ -71.631233, -35.425577 ], [ -71.63033, -35.425368 ], [ -71.627568, -35.424727 ], [ -71.624998, -35.424232 ], [ -71.623486, -35.423904 ], [ -71.623985, -35.424796 ], [ -71.624952, -35.427132 ], [ -71.625185, -35.427697 ], [ -71.625287, -35.42767 ], [ -71.62564, -35.427569 ], [ -71.626058, -35.427443 ], [ -71.630918, -35.426139 ], [ -71.631069, -35.426102 ], [ -71.631232, -35.425596 ], [ -71.631235, -35.425579 ] ] ] } },
{ "type": "Feature", "properties": { "zona": "52" }, "geometry": { "type": "Polygon", "coordinates": [ [ [ -71.629505, -35.434357 ], [ -71.631583, -35.433676 ], [ -71.631527, -35.433531 ], [ -71.631066, -35.432598 ], [ -71.630758, -35.431977 ], [ -71.630083, -35.430794 ], [ -71.63007, -35.43075 ], [ -71.62808, -35.431363 ], [ -71.628095, -35.431395 ], [ -71.629505, -35.434357 ] ] ] } },
{ "type": "Feature", "properties": { "zona": "53" }, "geometry": { "type": "Polygon", "coordinates": [ [ [ -71.631583, -35.433676 ], [ -71.633314, -35.433109 ], [ -71.634564, -35.432714 ], [ -71.634541, -35.432664 ], [ -71.633792, -35.431199 ], [ -71.633097, -35.42984 ], [ -71.633087, -35.429822 ], [ -71.63007, -35.43075 ], [ -71.630083, -35.430794 ], [ -71.630758, -35.431977 ], [ -71.631066, -35.432598 ], [ -71.631527, -35.433531 ], [ -71.631583, -35.433676 ] ] ] } },
{ "type": "Feature", "properties": { "zona": "54" }, "geometry": { "type": "Polygon", "coordinates": [ [ [ -71.63224, -35.41981 ], [ -71.632193, -35.419786 ], [ -71.631008, -35.420105 ], [ -71.630835, -35.420634 ], [ -71.63121, -35.421486 ], [ -71.63143, -35.421422 ], [ -71.631717, -35.422008 ], [ -71.632247, -35.423401 ], [ -71.633488, -35.423058 ], [ -71.633492, -35.423059 ], [ -71.632974, -35.421716 ], [ -71.63224, -35.41981 ] ] ] } },
{ "type": "Feature", "properties": { "zona": "55" }, "geometry": { "type": "Polygon", "coordinates": [ [ [ -71.65046, -35.473734 ], [ -71.650573, -35.474456 ], [ -71.649867, -35.475805 ], [ -71.648631, -35.476345 ], [ -71.647304, -35.47637 ], [ -71.646098, -35.47632 ], [ -71.645073, -35.477327 ], [ -71.645585, -35.478064 ], [ -71.646852, -35.478186 ], [ -71.648208, -35.478186 ], [ -71.64845, -35.478456 ], [ -71.646399, -35.482876 ], [ -71.645856, -35.483146 ], [ -71.64663, -35.485017 ], [ -71.647165, -35.48613 ], [ -71.647955, -35.487471 ], [ -71.649057, -35.489341 ], [ -71.650307, -35.493713 ], [ -71.653949, -35.503567 ], [ -71.656984, -35.506552 ], [ -71.657133, -35.506547 ], [ -71.657039, -35.505646 ], [ -71.657205, -35.50261 ], [ -71.657327, -35.499381 ], [ -71.657421, -35.497586 ], [ -71.65771, -35.495608 ], [ -71.658255, -35.49326 ], [ -71.658886, -35.490244 ], [ -71.658648, -35.489982 ], [ -71.659492, -35.489028 ], [ -71.659379, -35.488734 ], [ -71.656251, -35.480621 ], [ -71.653188, -35.472675 ], [ -71.652294, -35.470044 ], [ -71.651745, -35.468825 ], [ -71.650659, -35.468928 ], [ -71.650256, -35.472274 ], [ -71.65046, -35.473734 ] ] ] } },
{ "type": "Feature", "properties": { "zona": "56" }, "geometry": { "type": "Polygon", "coordinates": [ [ [ -71.660813, -35.472669 ], [ -71.659993, -35.472691 ], [ -71.659448, -35.472633 ], [ -71.658671, -35.472485 ], [ -71.658222, -35.472305 ], [ -71.657741, -35.472198 ], [ -71.657115, -35.471979 ], [ -71.656919, -35.471979 ], [ -71.656086, -35.47193 ], [ -71.655598, -35.471957 ], [ -71.655013, -35.471865 ], [ -71.654678, -35.472018 ], [ -71.654472, -35.472031 ], [ -71.653986, -35.4723 ], [ -71.653639, -35.472491 ], [ -71.653442, -35.4726 ], [ -71.653188, -35.472675 ], [ -71.656251, -35.480621 ], [ -71.659379, -35.488734 ], [ -71.659492, -35.489028 ], [ -71.659963, -35.488779 ], [ -71.660556, -35.487227 ], [ -71.661224, -35.486419 ], [ -71.661898, -35.485549 ], [ -71.663218, -35.483955 ], [ -71.665359, -35.482175 ], [ -71.660813, -35.472669 ] ] ] } },
{ "type": "Feature", "properties": { "zona": "57" }, "geometry": { "type": "Polygon", "coordinates": [ [ [ -71.680565, -35.513686 ], [ -71.680531, -35.513615 ], [ -71.679103, -35.510751 ], [ -71.677362, -35.507184 ], [ -71.671962, -35.496066 ], [ -71.671016, -35.494117 ], [ -71.671009, -35.494102 ], [ -71.66945, -35.49091 ], [ -71.669415, -35.490839 ], [ -71.665357, -35.482375 ], [ -71.665359, -35.482175 ], [ -71.663218, -35.483955 ], [ -71.661898, -35.485549 ], [ -71.661224, -35.486419 ], [ -71.660556, -35.487227 ], [ -71.659963, -35.488779 ], [ -71.659492, -35.489028 ], [ -71.662676, -35.496938 ], [ -71.665645, -35.504487 ], [ -71.668101, -35.5094 ], [ -71.669129, -35.511712 ], [ -71.674373, -35.51784 ], [ -71.674925, -35.515776 ], [ -71.675923, -35.515474 ], [ -71.676493, -35.514779 ], [ -71.678863, -35.51508 ], [ -71.681377, -35.515357 ], [ -71.680565, -35.513686 ] ] ] } },
{ "type": "Feature", "properties": { "zona": "58" }, "geometry": { "type": "Polygon", "coordinates": [ [ [ -71.668145, -35.457072 ], [ -71.667216, -35.458127 ], [ -71.666747, -35.459084 ], [ -71.665829, -35.460206 ], [ -71.664993, -35.460939 ], [ -71.664883, -35.461108 ], [ -71.664218, -35.461711 ], [ -71.663817, -35.46211 ], [ -71.663188, -35.462941 ], [ -71.661933, -35.463217 ], [ -71.660131, -35.463515 ], [ -71.658589, -35.4636 ], [ -71.656632, -35.464153 ], [ -71.659404, -35.469625 ], [ -71.665522, -35.467123 ], [ -71.672658, -35.464204 ], [ -71.674969, -35.463351 ], [ -71.675097, -35.463293 ], [ -71.674955, -35.46282 ], [ -71.674632, -35.46297 ], [ -71.674628, -35.462965 ], [ -71.674596, -35.462928 ], [ -71.674407, -35.462714 ], [ -71.674216, -35.462464 ], [ -71.673835, -35.461958 ], [ -71.673752, -35.461821 ], [ -71.673735, -35.461815 ], [ -71.673594, -35.461656 ], [ -71.6735, -35.461535 ], [ -71.673389, -35.461393 ], [ -71.67322, -35.461177 ], [ -71.673024, -35.461026 ], [ -71.672911, -35.460946 ], [ -71.672787, -35.460869 ], [ -71.672463, -35.460654 ], [ -71.672297, -35.460541 ], [ -71.671749, -35.460163 ], [ -71.671113, -35.459703 ], [ -71.67057, -35.459332 ], [ -71.670209, -35.459064 ], [ -71.670031, -35.458906 ], [ -71.669785, -35.458627 ], [ -71.669527, -35.458333 ], [ -71.669233, -35.458086 ], [ -71.668186, -35.457207 ], [ -71.668161, -35.457186 ], [ -71.668169, -35.457092 ], [ -71.668145, -35.457072 ] ] ] } },
{ "type": "Feature", "properties": { "zona": "59" }, "geometry": { "type": "Polygon", "coordinates": [ [ [ -71.673458, -35.475179 ], [ -71.677818, -35.471533 ], [ -71.678748, -35.470546 ], [ -71.681024, -35.467548 ], [ -71.681654, -35.466585 ], [ -71.681073, -35.465371 ], [ -71.678307, -35.466405 ], [ -71.677019, -35.465076 ], [ -71.675097, -35.463293 ], [ -71.674969, -35.463351 ], [ -71.672658, -35.464204 ], [ -71.665522, -35.467123 ], [ -71.659404, -35.469625 ], [ -71.660813, -35.472669 ], [ -71.665359, -35.482175 ], [ -71.665382, -35.482224 ], [ -71.672668, -35.47584 ], [ -71.673458, -35.475179 ] ] ] } },
{ "type": "Feature", "properties": { "zona": "60" }, "geometry": { "type": "Polygon", "coordinates": [ [ [ -71.681654, -35.466585 ], [ -71.685267, -35.460368 ], [ -71.685268, -35.460367 ], [ -71.686406, -35.458004 ], [ -71.680235, -35.460288 ], [ -71.678777, -35.460891 ], [ -71.674955, -35.46282 ], [ -71.675097, -35.463293 ], [ -71.677019, -35.465076 ], [ -71.678307, -35.466405 ], [ -71.681073, -35.465371 ], [ -71.681654, -35.466585 ] ] ] } },
{ "type": "Feature", "properties": { "zona": "61" }, "geometry": { "type": "Polygon", "coordinates": [ [ [ -71.640338, -35.459265 ], [ -71.640241, -35.459395 ], [ -71.64037, -35.460107 ], [ -71.640559, -35.460426 ], [ -71.640877, -35.460964 ], [ -71.641534, -35.461347 ], [ -71.641751, -35.461652 ], [ -71.642359, -35.462508 ], [ -71.642519, -35.462893 ], [ -71.642807, -35.463588 ], [ -71.642946, -35.463926 ], [ -71.642752, -35.464803 ], [ -71.642567, -35.465574 ], [ -71.642495, -35.465849 ], [ -71.642377, -35.466299 ], [ -71.642497, -35.466743 ], [ -71.642942, -35.466561 ], [ -71.643186, -35.466703 ], [ -71.64298, -35.467525 ], [ -71.642657, -35.467943 ], [ -71.642594, -35.468346 ], [ -71.642527, -35.468775 ], [ -71.642132, -35.469522 ], [ -71.641791, -35.469834 ], [ -71.641908, -35.470515 ], [ -71.642463, -35.470515 ], [ -71.64357, -35.470727 ], [ -71.644186, -35.470811 ], [ -71.644701, -35.470882 ], [ -71.645595, -35.470892 ], [ -71.646315, -35.470901 ], [ -71.646824, -35.47112 ], [ -71.647478, -35.471401 ], [ -71.647832, -35.471643 ], [ -71.648262, -35.471935 ], [ -71.648879, -35.472356 ], [ -71.649127, -35.472572 ], [ -71.649585, -35.472971 ], [ -71.649883, -35.473231 ], [ -71.65046, -35.473734 ], [ -71.650256, -35.472274 ], [ -71.650659, -35.468928 ], [ -71.645261, -35.46276 ], [ -71.644456, -35.457042 ], [ -71.64373, -35.457424 ], [ -71.642918, -35.457987 ], [ -71.642404, -35.458406 ], [ -71.642136, -35.45858 ], [ -71.641791, -35.458632 ], [ -71.64147, -35.458834 ], [ -71.640598, -35.45907 ], [ -71.640338, -35.459265 ] ] ] } },
{ "type": "Feature", "properties": { "zona": "62" }, "geometry": { "type": "Polygon", "coordinates": [ [ [ -71.651745, -35.468825 ], [ -71.646725, -35.455991 ], [ -71.646304, -35.456094 ], [ -71.646118, -35.456145 ], [ -71.645841, -35.456221 ], [ -71.645314, -35.456396 ], [ -71.644948, -35.45665 ], [ -71.644456, -35.457042 ], [ -71.645261, -35.46276 ], [ -71.650659, -35.468928 ], [ -71.651745, -35.468825 ] ] ] } },
{ "type": "Feature", "properties": { "zona": "63" }, "geometry": { "type": "Polygon", "coordinates": [ [ [ -71.683764, -35.424267 ], [ -71.683581, -35.422225 ], [ -71.68339, -35.420465 ], [ -71.683409, -35.420444 ], [ -71.68339, -35.420445 ], [ -71.681346, -35.420578 ], [ -71.679915, -35.420676 ], [ -71.679784, -35.420692 ], [ -71.678875, -35.420991 ], [ -71.67553, -35.421233 ], [ -71.67565, -35.421723 ], [ -71.675802, -35.422746 ], [ -71.675931, -35.423578 ], [ -71.676018, -35.424005 ], [ -71.675955, -35.424351 ], [ -71.675935, -35.424458 ], [ -71.675809, -35.424835 ], [ -71.676123, -35.424803 ], [ -71.677036, -35.424539 ], [ -71.678969, -35.423247 ], [ -71.680028, -35.423706 ], [ -71.680682, -35.42417 ], [ -71.680964, -35.424322 ], [ -71.681067, -35.424567 ], [ -71.681209, -35.424747 ], [ -71.681594, -35.424791 ], [ -71.682109, -35.42485 ], [ -71.682388, -35.424826 ], [ -71.683764, -35.424267 ] ] ] } },
{ "type": "Feature", "properties": { "zona": "64" }, "geometry": { "type": "Polygon", "coordinates": [ [ [ -71.678596, -35.412532 ], [ -71.677826, -35.411695 ], [ -71.677459, -35.411399 ], [ -71.67757, -35.411286 ], [ -71.677046, -35.410449 ], [ -71.67596, -35.408876 ], [ -71.675496, -35.408135 ], [ -71.674058, -35.407255 ], [ -71.672305, -35.406221 ], [ -71.67092, -35.405364 ], [ -71.669182, -35.404334 ], [ -71.668395, -35.404093 ], [ -71.667527, -35.404109 ], [ -71.666521, -35.403972 ], [ -71.665145, -35.403729 ], [ -71.664207, -35.403534 ], [ -71.663482, -35.404273 ], [ -71.663911, -35.404703 ], [ -71.664038, -35.404824 ], [ -71.664993, -35.405734 ], [ -71.665249, -35.406177 ], [ -71.665862, -35.407547 ], [ -71.666341, -35.408383 ], [ -71.666755, -35.408785 ], [ -71.66698, -35.408977 ], [ -71.668289, -35.410069 ], [ -71.669584, -35.411195 ], [ -71.670803, -35.412423 ], [ -71.670826, -35.412446 ], [ -71.671801, -35.413717 ], [ -71.672307, -35.414354 ], [ -71.672353, -35.414335 ], [ -71.672873, -35.41414 ], [ -71.674537, -35.413666 ], [ -71.678596, -35.412532 ] ] ] } },
{ "type": "Feature", "properties": { "zona": "65" }, "geometry": { "type": "Polygon", "coordinates": [ [ [ -71.664207, -35.403534 ], [ -71.663766, -35.403428 ], [ -71.662871, -35.402763 ], [ -71.661983, -35.401657 ], [ -71.661684, -35.401789 ], [ -71.661151, -35.401983 ], [ -71.660923, -35.402186 ], [ -71.659824, -35.402337 ], [ -71.659611, -35.402418 ], [ -71.658991, -35.402532 ], [ -71.658703, -35.40262 ], [ -71.658511, -35.402638 ], [ -71.658338, -35.40268 ], [ -71.658007, -35.402711 ], [ -71.657791, -35.402697 ], [ -71.657408, -35.402748 ], [ -71.656903, -35.402807 ], [ -71.656643, -35.402884 ], [ -71.656304, -35.403006 ], [ -71.655296, -35.4032 ], [ -71.654586, -35.403383 ], [ -71.654095, -35.403503 ], [ -71.653744, -35.403644 ], [ -71.653378, -35.403862 ], [ -71.653244, -35.404047 ], [ -71.653682, -35.405205 ], [ -71.653805, -35.405358 ], [ -71.656991, -35.407067 ], [ -71.657025, -35.407084 ], [ -71.657078, -35.40711 ], [ -71.657064, -35.407054 ], [ -71.65746, -35.406521 ], [ -71.658256, -35.406174 ], [ -71.659355, -35.405656 ], [ -71.660089, -35.405271 ], [ -71.661299, -35.404786 ], [ -71.662795, -35.404324 ], [ -71.663231, -35.404044 ], [ -71.663482, -35.404273 ], [ -71.664207, -35.403534 ] ] ] } },
{ "type": "Feature", "properties": { "zona": "67" }, "geometry": { "type": "Polygon", "coordinates": [ [ [ -71.670803, -35.412423 ], [ -71.669584, -35.411195 ], [ -71.668289, -35.410069 ], [ -71.66698, -35.408977 ], [ -71.666729, -35.409024 ], [ -71.666521, -35.409102 ], [ -71.666171, -35.409267 ], [ -71.664701, -35.409727 ], [ -71.663786, -35.40998 ], [ -71.662248, -35.410411 ], [ -71.662553, -35.410469 ], [ -71.663135, -35.411118 ], [ -71.663598, -35.411471 ], [ -71.663885, -35.411787 ], [ -71.664264, -35.412244 ], [ -71.664472, -35.412944 ], [ -71.664941, -35.413417 ], [ -71.665599, -35.414103 ], [ -71.665621, -35.414089 ], [ -71.670713, -35.412442 ], [ -71.670803, -35.412423 ] ] ] } },
{ "type": "Feature", "properties": { "zona": "68" }, "geometry": { "type": "Polygon", "coordinates": [ [ [ -71.663786, -35.40998 ], [ -71.664701, -35.409727 ], [ -71.666171, -35.409267 ], [ -71.666521, -35.409102 ], [ -71.666729, -35.409024 ], [ -71.66698, -35.408977 ], [ -71.666755, -35.408785 ], [ -71.666341, -35.408383 ], [ -71.665862, -35.407547 ], [ -71.665249, -35.406177 ], [ -71.664993, -35.405734 ], [ -71.664038, -35.404824 ], [ -71.664015, -35.404829 ], [ -71.662881, -35.405249 ], [ -71.662225, -35.405491 ], [ -71.661696, -35.405605 ], [ -71.661848, -35.40568 ], [ -71.661888, -35.405763 ], [ -71.663087, -35.408466 ], [ -71.663786, -35.40998 ] ] ] } },
{ "type": "Feature", "properties": { "zona": "69" }, "geometry": { "type": "Polygon", "coordinates": [ [ [ -71.663482, -35.404273 ], [ -71.663231, -35.404044 ], [ -71.662795, -35.404324 ], [ -71.661299, -35.404786 ], [ -71.660089, -35.405271 ], [ -71.659355, -35.405656 ], [ -71.658256, -35.406174 ], [ -71.65746, -35.406521 ], [ -71.657064, -35.407054 ], [ -71.657078, -35.40711 ], [ -71.657252, -35.407196 ], [ -71.6586, -35.407864 ], [ -71.659746, -35.40852 ], [ -71.659889, -35.408462 ], [ -71.660519, -35.40883 ], [ -71.661485, -35.409587 ], [ -71.662139, -35.410257 ], [ -71.662248, -35.410411 ], [ -71.663786, -35.40998 ], [ -71.663087, -35.408466 ], [ -71.661888, -35.405763 ], [ -71.661848, -35.40568 ], [ -71.661696, -35.405605 ], [ -71.662225, -35.405491 ], [ -71.662881, -35.405249 ], [ -71.664015, -35.404829 ], [ -71.664038, -35.404824 ], [ -71.663911, -35.404703 ], [ -71.663482, -35.404273 ] ] ] } },
{ "type": "Feature", "properties": { "zona": "66" }, "geometry": { "type": "Polygon", "coordinates": [ [ [ -71.665128, -35.424634 ], [ -71.665132, -35.424675 ], [ -71.665463, -35.428191 ], [ -71.665474, -35.428297 ], [ -71.665496, -35.428295 ], [ -71.66755, -35.428131 ], [ -71.669145, -35.427996 ], [ -71.670022, -35.427918 ], [ -71.67012, -35.427854 ], [ -71.670176, -35.427823 ], [ -71.670619, -35.426836 ], [ -71.670648, -35.426807 ], [ -71.670482, -35.42669 ], [ -71.670736, -35.426346 ], [ -71.670688, -35.425813 ], [ -71.670639, -35.424235 ], [ -71.667579, -35.42449 ], [ -71.665128, -35.424634 ] ] ] } },
{ "type": "Feature", "properties": { "zona": "70" }, "geometry": { "type": "Polygon", "coordinates": [ [ [ -71.665474, -35.428297 ], [ -71.665463, -35.428191 ], [ -71.665132, -35.424675 ], [ -71.665128, -35.424634 ], [ -71.661022, -35.424922 ], [ -71.659434, -35.425052 ], [ -71.658232, -35.425202 ], [ -71.658341, -35.426659 ], [ -71.65852, -35.42879 ], [ -71.658522, -35.428862 ], [ -71.66309, -35.428491 ], [ -71.665425, -35.428301 ], [ -71.665474, -35.428297 ] ] ] } },
{ "type": "Feature", "properties": { "zona": "71" }, "geometry": { "type": "Polygon", "coordinates": [ [ [ -71.663861, -35.416705 ], [ -71.662925, -35.416756 ], [ -71.662844, -35.415976 ], [ -71.66277, -35.415825 ], [ -71.662434, -35.415537 ], [ -71.662037, -35.415517 ], [ -71.661452, -35.415573 ], [ -71.661147, -35.415602 ], [ -71.659107, -35.415755 ], [ -71.657578, -35.415774 ], [ -71.657799, -35.418945 ], [ -71.658062, -35.422345 ], [ -71.658078, -35.422494 ], [ -71.664453, -35.422036 ], [ -71.66486, -35.422006 ], [ -71.664705, -35.420453 ], [ -71.664563, -35.419335 ], [ -71.664342, -35.417399 ], [ -71.664304, -35.417246 ], [ -71.664272, -35.41703 ], [ -71.663861, -35.416705 ] ] ] } },
{ "type": "Feature", "properties": { "zona": "72" }, "geometry": { "type": "Polygon", "coordinates": [ [ [ -71.661452, -35.415573 ], [ -71.662037, -35.415517 ], [ -71.662434, -35.415537 ], [ -71.66277, -35.415825 ], [ -71.662844, -35.415976 ], [ -71.662925, -35.416756 ], [ -71.663861, -35.416705 ], [ -71.665398, -35.416367 ], [ -71.665133, -35.415779 ], [ -71.666485, -35.415283 ], [ -71.665693, -35.414201 ], [ -71.665599, -35.414103 ], [ -71.664941, -35.413417 ], [ -71.664472, -35.412944 ], [ -71.664264, -35.412244 ], [ -71.663885, -35.411787 ], [ -71.663598, -35.411471 ], [ -71.663135, -35.411118 ], [ -71.662553, -35.410469 ], [ -71.662248, -35.410411 ], [ -71.66208, -35.410458 ], [ -71.660969, -35.410748 ], [ -71.661452, -35.415573 ] ] ] } },
{ "type": "Feature", "properties": { "zona": "74" }, "geometry": { "type": "Polygon", "coordinates": [ [ [ -71.670738, -35.452162 ], [ -71.671275, -35.452197 ], [ -71.671505, -35.45224 ], [ -71.671765, -35.452244 ], [ -71.672534, -35.452273 ], [ -71.672562, -35.452249 ], [ -71.671992, -35.451425 ], [ -71.671276, -35.450255 ], [ -71.670753, -35.449373 ], [ -71.668962, -35.446407 ], [ -71.66871, -35.44597 ], [ -71.668599, -35.445952 ], [ -71.667688, -35.446345 ], [ -71.667052, -35.446532 ], [ -71.666578, -35.446819 ], [ -71.665514, -35.447406 ], [ -71.66433, -35.447868 ], [ -71.663719, -35.448057 ], [ -71.662689, -35.448413 ], [ -71.661608, -35.448816 ], [ -71.660796, -35.449076 ], [ -71.660246, -35.451317 ], [ -71.660847, -35.451438 ], [ -71.661294, -35.451536 ], [ -71.661458, -35.451644 ], [ -71.661745, -35.451784 ], [ -71.661987, -35.451795 ], [ -71.662059, -35.4518 ], [ -71.662683, -35.45184 ], [ -71.663534, -35.452022 ], [ -71.664016, -35.452135 ], [ -71.664378, -35.452282 ], [ -71.664636, -35.452426 ], [ -71.664916, -35.452532 ], [ -71.665375, -35.452617 ], [ -71.665658, -35.45262 ], [ -71.66613, -35.452596 ], [ -71.666553, -35.452465 ], [ -71.666982, -35.452347 ], [ -71.667353, -35.45229 ], [ -71.667538, -35.452256 ], [ -71.668027, -35.452146 ], [ -71.668284, -35.452125 ], [ -71.668489, -35.452062 ], [ -71.668688, -35.452025 ], [ -71.669074, -35.451996 ], [ -71.669459, -35.451971 ], [ -71.669834, -35.452035 ], [ -71.670738, -35.452162 ] ] ] } },
{ "type": "Feature", "properties": { "zona": "73" }, "geometry": { "type": "Polygon", "coordinates": [ [ [ -71.660796, -35.449076 ], [ -71.661608, -35.448816 ], [ -71.662689, -35.448413 ], [ -71.663719, -35.448057 ], [ -71.66433, -35.447868 ], [ -71.665514, -35.447406 ], [ -71.666578, -35.446819 ], [ -71.667052, -35.446532 ], [ -71.667688, -35.446345 ], [ -71.668599, -35.445952 ], [ -71.66871, -35.44597 ], [ -71.668672, -35.445905 ], [ -71.668536, -35.445658 ], [ -71.668134, -35.445028 ], [ -71.668025, -35.444842 ], [ -71.667904, -35.444695 ], [ -71.667461, -35.444135 ], [ -71.667159, -35.443727 ], [ -71.666873, -35.443258 ], [ -71.66409, -35.444738 ], [ -71.661604, -35.445869 ], [ -71.659239, -35.446917 ], [ -71.660796, -35.449076 ] ] ] } },
{ "type": "Feature", "properties": { "zona": "75" }, "geometry": { "type": "Polygon", "coordinates": [ [ [ -71.661604, -35.445869 ], [ -71.66409, -35.444738 ], [ -71.666873, -35.443258 ], [ -71.666826, -35.443031 ], [ -71.666701, -35.441728 ], [ -71.66623, -35.43664 ], [ -71.666038, -35.434568 ], [ -71.665998, -35.434136 ], [ -71.665738, -35.434156 ], [ -71.665246, -35.434353 ], [ -71.664939, -35.434585 ], [ -71.664703, -35.434987 ], [ -71.66459, -35.435269 ], [ -71.664551, -35.435527 ], [ -71.664475, -35.435758 ], [ -71.66363, -35.436374 ], [ -71.660305, -35.438049 ], [ -71.660221, -35.438102 ], [ -71.659848, -35.438317 ], [ -71.658243, -35.439151 ], [ -71.658414, -35.439322 ], [ -71.658888, -35.439796 ], [ -71.659102, -35.44012 ], [ -71.659311, -35.440472 ], [ -71.659442, -35.440828 ], [ -71.659588, -35.441304 ], [ -71.65973, -35.441795 ], [ -71.660101, -35.443033 ], [ -71.660125, -35.44307 ], [ -71.660364, -35.443431 ], [ -71.660436, -35.44358 ], [ -71.660528, -35.44381 ], [ -71.660672, -35.444201 ], [ -71.660761, -35.444466 ], [ -71.660799, -35.444665 ], [ -71.660828, -35.444725 ], [ -71.660951, -35.444926 ], [ -71.661192, -35.445265 ], [ -71.661604, -35.445869 ] ] ] } },
{ "type": "Feature", "properties": { "zona": "76" }, "geometry": { "type": "Polygon", "coordinates": [ [ [ -71.660221, -35.438102 ], [ -71.660305, -35.438049 ], [ -71.66363, -35.436374 ], [ -71.664475, -35.435758 ], [ -71.664551, -35.435527 ], [ -71.66459, -35.435269 ], [ -71.664703, -35.434987 ], [ -71.664939, -35.434585 ], [ -71.665246, -35.434353 ], [ -71.665738, -35.434156 ], [ -71.665998, -35.434136 ], [ -71.666011, -35.434129 ], [ -71.665921, -35.432747 ], [ -71.665862, -35.432755 ], [ -71.658914, -35.433676 ], [ -71.65897, -35.434116 ], [ -71.659257, -35.435992 ], [ -71.6594, -35.437163 ], [ -71.660221, -35.438102 ] ] ] } },
{ "type": "Feature", "properties": { "zona": "77" }, "geometry": { "type": "Polygon", "coordinates": [ [ [ -71.665425, -35.428301 ], [ -71.66309, -35.428491 ], [ -71.658522, -35.428862 ], [ -71.658594, -35.429884 ], [ -71.658751, -35.431733 ], [ -71.65887, -35.432963 ], [ -71.658854, -35.433199 ], [ -71.658914, -35.433676 ], [ -71.665862, -35.432755 ], [ -71.665921, -35.432747 ], [ -71.665425, -35.428301 ] ] ] } },
{ "type": "Feature", "properties": { "zona": "78" }, "geometry": { "type": "Polygon", "coordinates": [ [ [ -71.658078, -35.422494 ], [ -71.658062, -35.422345 ], [ -71.657799, -35.418945 ], [ -71.657578, -35.415774 ], [ -71.657371, -35.415779 ], [ -71.656006, -35.415809 ], [ -71.655516, -35.415676 ], [ -71.655238, -35.415914 ], [ -71.654757, -35.416336 ], [ -71.654539, -35.416579 ], [ -71.653289, -35.418086 ], [ -71.651011, -35.42075 ], [ -71.649653, -35.422393 ], [ -71.649686, -35.422688 ], [ -71.649729, -35.423094 ], [ -71.650055, -35.423058 ], [ -71.651342, -35.422968 ], [ -71.657931, -35.422505 ], [ -71.658078, -35.422494 ] ] ] } },
{ "type": "Feature", "properties": { "zona": "79" }, "geometry": { "type": "Polygon", "coordinates": [ [ [ -71.649729, -35.423094 ], [ -71.649686, -35.422688 ], [ -71.649653, -35.422393 ], [ -71.651011, -35.42075 ], [ -71.653289, -35.418086 ], [ -71.654539, -35.416579 ], [ -71.654757, -35.416336 ], [ -71.655238, -35.415914 ], [ -71.655516, -35.415676 ], [ -71.653512, -35.413848 ], [ -71.653333, -35.413685 ], [ -71.650073, -35.415127 ], [ -71.64735, -35.416328 ], [ -71.645143, -35.417246 ], [ -71.645282, -35.417381 ], [ -71.645509, -35.4176 ], [ -71.646362, -35.418535 ], [ -71.646831, -35.419048 ], [ -71.646978, -35.419209 ], [ -71.647666, -35.420482 ], [ -71.648221, -35.421943 ], [ -71.648382, -35.423127 ], [ -71.649729, -35.423094 ] ] ] } },
{ "type": "Feature", "properties": { "zona": "80" }, "geometry": { "type": "Polygon", "coordinates": [ [ [ -71.648382, -35.423127 ], [ -71.648221, -35.421943 ], [ -71.647666, -35.420482 ], [ -71.646978, -35.419209 ], [ -71.646831, -35.419048 ], [ -71.646803, -35.419045 ], [ -71.644651, -35.419619 ], [ -71.643186, -35.420013 ], [ -71.640218, -35.420835 ], [ -71.641047, -35.4226 ], [ -71.641809, -35.422576 ], [ -71.64219, -35.423417 ], [ -71.642307, -35.423746 ], [ -71.642349, -35.423903 ], [ -71.642517, -35.424034 ], [ -71.642947, -35.42381 ], [ -71.643354, -35.423624 ], [ -71.643574, -35.42342 ], [ -71.643928, -35.423368 ], [ -71.64416, -35.423308 ], [ -71.644322, -35.423266 ], [ -71.644681, -35.423265 ], [ -71.644942, -35.423323 ], [ -71.645093, -35.423405 ], [ -71.645181, -35.423472 ], [ -71.645251, -35.423566 ], [ -71.64536, -35.423585 ], [ -71.64677, -35.423821 ], [ -71.647129, -35.423879 ], [ -71.647143, -35.423889 ], [ -71.647459, -35.423564 ], [ -71.648382, -35.423127 ] ] ] } },
{ "type": "Feature", "properties": { "zona": "81" }, "geometry": { "type": "Polygon", "coordinates": [ [ [ -71.635222, -35.418678 ], [ -71.635204, -35.418689 ], [ -71.635172, -35.418701 ], [ -71.634524, -35.419002 ], [ -71.634058, -35.419206 ], [ -71.63363, -35.419381 ], [ -71.63299, -35.419588 ], [ -71.632231, -35.419787 ], [ -71.63224, -35.41981 ], [ -71.632974, -35.421716 ], [ -71.633492, -35.423059 ], [ -71.6343, -35.425155 ], [ -71.634548, -35.425158 ], [ -71.634745, -35.425205 ], [ -71.634746, -35.425235 ], [ -71.634868, -35.42545 ], [ -71.635038, -35.425588 ], [ -71.635139, -35.425635 ], [ -71.635414, -35.42568 ], [ -71.635565, -35.42568 ], [ -71.635734, -35.425603 ], [ -71.635913, -35.42545 ], [ -71.636242, -35.425036 ], [ -71.636647, -35.424576 ], [ -71.636873, -35.424223 ], [ -71.637315, -35.423738 ], [ -71.636508, -35.421886 ], [ -71.636494, -35.421851 ], [ -71.635264, -35.418747 ], [ -71.635222, -35.418678 ] ] ] } },
{ "type": "Feature", "properties": { "zona": "82" }, "geometry": { "type": "Polygon", "coordinates": [ [ [ -71.69352, -35.430737 ], [ -71.693538, -35.430657 ], [ -71.69383, -35.430119 ], [ -71.693742, -35.429436 ], [ -71.693173, -35.429025 ], [ -71.692483, -35.428685 ], [ -71.691767, -35.428286 ], [ -71.691146, -35.427885 ], [ -71.690386, -35.427546 ], [ -71.689997, -35.4275 ], [ -71.68883, -35.427474 ], [ -71.688034, -35.427403 ], [ -71.686952, -35.427208 ], [ -71.686043, -35.427902 ], [ -71.68299, -35.430188 ], [ -71.682859, -35.43021 ], [ -71.682521, -35.43035 ], [ -71.682166, -35.430595 ], [ -71.681916, -35.430702 ], [ -71.681752, -35.430735 ], [ -71.68162, -35.430728 ], [ -71.681543, -35.430705 ], [ -71.68145, -35.4307 ], [ -71.681368, -35.430707 ], [ -71.681225, -35.430742 ], [ -71.680973, -35.430854 ], [ -71.680874, -35.430877 ], [ -71.680687, -35.430959 ], [ -71.68033, -35.431131 ], [ -71.680061, -35.431274 ], [ -71.679805, -35.431388 ], [ -71.679676, -35.431463 ], [ -71.679441, -35.431596 ], [ -71.679083, -35.431807 ], [ -71.678893, -35.431945 ], [ -71.678737, -35.432097 ], [ -71.678672, -35.43214 ], [ -71.678611, -35.432171 ], [ -71.678315, -35.432288 ], [ -71.678063, -35.432359 ], [ -71.679711, -35.434802 ], [ -71.679932, -35.435129 ], [ -71.681694, -35.437883 ], [ -71.68236, -35.437507 ], [ -71.683986, -35.436588 ], [ -71.684631, -35.436107 ], [ -71.684637, -35.435353 ], [ -71.685496, -35.434354 ], [ -71.686904, -35.433149 ], [ -71.687897, -35.43272 ], [ -71.689773, -35.431976 ], [ -71.691776, -35.431238 ], [ -71.692858, -35.430829 ], [ -71.69352, -35.430737 ] ] ] } },
{ "type": "Feature", "properties": { "zona": "83" }, "geometry": { "type": "Polygon", "coordinates": [ [ [ -71.686952, -35.427208 ], [ -71.686391, -35.42704 ], [ -71.685854, -35.426831 ], [ -71.685399, -35.426354 ], [ -71.685009, -35.425876 ], [ -71.684605, -35.42539 ], [ -71.684127, -35.425008 ], [ -71.683968, -35.424475 ], [ -71.683764, -35.424267 ], [ -71.682388, -35.424826 ], [ -71.681205, -35.426449 ], [ -71.680573, -35.427268 ], [ -71.679346, -35.428139 ], [ -71.677362, -35.429529 ], [ -71.676459, -35.430187 ], [ -71.676432, -35.430203 ], [ -71.676577, -35.43042 ], [ -71.67689, -35.430722 ], [ -71.677652, -35.431751 ], [ -71.677803, -35.431974 ], [ -71.678063, -35.432359 ], [ -71.678315, -35.432288 ], [ -71.678611, -35.432171 ], [ -71.678672, -35.43214 ], [ -71.678737, -35.432097 ], [ -71.678893, -35.431945 ], [ -71.679083, -35.431807 ], [ -71.679441, -35.431596 ], [ -71.679676, -35.431463 ], [ -71.679805, -35.431388 ], [ -71.680061, -35.431274 ], [ -71.68033, -35.431131 ], [ -71.680687, -35.430959 ], [ -71.680874, -35.430877 ], [ -71.680973, -35.430854 ], [ -71.681225, -35.430742 ], [ -71.681368, -35.430707 ], [ -71.68145, -35.4307 ], [ -71.681543, -35.430705 ], [ -71.68162, -35.430728 ], [ -71.681752, -35.430735 ], [ -71.681916, -35.430702 ], [ -71.682166, -35.430595 ], [ -71.682521, -35.43035 ], [ -71.682859, -35.43021 ], [ -71.68299, -35.430188 ], [ -71.686043, -35.427902 ], [ -71.686952, -35.427208 ] ] ] } },
{ "type": "Feature", "properties": { "zona": "84" }, "geometry": { "type": "Polygon", "coordinates": [ [ [ -71.686452, -35.443851 ], [ -71.68285, -35.439441 ], [ -71.682712, -35.43927 ], [ -71.682081, -35.438487 ], [ -71.680777, -35.439002 ], [ -71.675065, -35.441608 ], [ -71.675277, -35.441888 ], [ -71.675822, -35.443051 ], [ -71.676242, -35.444047 ], [ -71.676658, -35.445182 ], [ -71.676684, -35.445333 ], [ -71.677336, -35.447034 ], [ -71.677563, -35.447555 ], [ -71.678151, -35.448577 ], [ -71.678165, -35.448741 ], [ -71.678436, -35.449954 ], [ -71.678657, -35.450918 ], [ -71.678911, -35.451023 ], [ -71.679016, -35.450921 ], [ -71.679208, -35.450832 ], [ -71.679545, -35.450767 ], [ -71.680083, -35.450693 ], [ -71.680996, -35.450728 ], [ -71.682308, -35.450712 ], [ -71.683207, -35.450565 ], [ -71.68358, -35.450559 ], [ -71.683888, -35.450645 ], [ -71.684234, -35.450746 ], [ -71.684661, -35.450836 ], [ -71.684971, -35.450819 ], [ -71.685101, -35.450726 ], [ -71.685248, -35.450534 ], [ -71.685381, -35.450455 ], [ -71.685541, -35.450502 ], [ -71.685784, -35.450713 ], [ -71.6859, -35.450762 ], [ -71.68614, -35.450898 ], [ -71.686485, -35.451037 ], [ -71.686702, -35.451059 ], [ -71.687144, -35.451032 ], [ -71.687758, -35.451003 ], [ -71.687931, -35.450994 ], [ -71.688533, -35.450995 ], [ -71.689032, -35.451019 ], [ -71.689598, -35.451071 ], [ -71.689844, -35.451086 ], [ -71.689991, -35.451102 ], [ -71.690279, -35.451121 ], [ -71.690311, -35.450543 ], [ -71.690338, -35.449816 ], [ -71.690313, -35.448933 ], [ -71.690259, -35.448612 ], [ -71.689998, -35.448203 ], [ -71.689745, -35.447917 ], [ -71.688789, -35.446835 ], [ -71.688036, -35.445846 ], [ -71.687407, -35.445021 ], [ -71.686452, -35.443851 ] ] ] } },
{ "type": "Feature", "properties": { "zona": "85" }, "geometry": { "type": "Polygon", "coordinates": [ [ [ -71.681694, -35.437883 ], [ -71.679932, -35.435129 ], [ -71.679711, -35.434802 ], [ -71.678063, -35.432359 ], [ -71.677803, -35.431974 ], [ -71.675641, -35.43292 ], [ -71.674591, -35.433423 ], [ -71.672586, -35.434392 ], [ -71.672468, -35.434375 ], [ -71.672323, -35.434425 ], [ -71.673033, -35.43625 ], [ -71.673804, -35.438258 ], [ -71.674102, -35.439037 ], [ -71.674871, -35.441021 ], [ -71.675065, -35.441608 ], [ -71.680777, -35.439002 ], [ -71.682081, -35.438487 ], [ -71.681694, -35.437883 ] ] ] } },
{ "type": "Feature", "properties": { "zona": "86" }, "geometry": { "type": "Polygon", "coordinates": [ [ [ -71.675065, -35.441608 ], [ -71.674871, -35.441021 ], [ -71.674102, -35.439037 ], [ -71.673804, -35.438258 ], [ -71.673033, -35.43625 ], [ -71.672323, -35.434425 ], [ -71.672236, -35.434431 ], [ -71.671076, -35.43471 ], [ -71.671059, -35.434662 ], [ -71.6708, -35.434817 ], [ -71.669777, -35.435266 ], [ -71.669504, -35.435415 ], [ -71.667495, -35.436369 ], [ -71.667243, -35.436468 ], [ -71.666266, -35.436632 ], [ -71.66623, -35.43664 ], [ -71.666701, -35.441728 ], [ -71.666826, -35.443031 ], [ -71.666873, -35.443258 ], [ -71.667159, -35.443727 ], [ -71.667461, -35.444135 ], [ -71.667904, -35.444695 ], [ -71.668025, -35.444842 ], [ -71.668134, -35.445028 ], [ -71.668536, -35.445658 ], [ -71.668672, -35.445905 ], [ -71.668772, -35.445801 ], [ -71.669916, -35.444833 ], [ -71.670752, -35.444114 ], [ -71.672309, -35.443185 ], [ -71.674854, -35.441704 ], [ -71.675065, -35.441608 ] ] ] } },
{ "type": "Feature", "properties": { "zona": "87" }, "geometry": { "type": "Polygon", "coordinates": [ [ [ -71.690279, -35.451121 ], [ -71.690445, -35.451152 ], [ -71.690718, -35.451222 ], [ -71.691091, -35.45129 ], [ -71.691372, -35.451312 ], [ -71.691628, -35.451236 ], [ -71.691821, -35.451148 ], [ -71.691932, -35.451061 ], [ -71.692083, -35.450898 ], [ -71.692235, -35.450764 ], [ -71.692313, -35.450722 ], [ -71.692511, -35.450635 ], [ -71.692864, -35.450551 ], [ -71.693314, -35.450314 ], [ -71.693459, -35.450211 ], [ -71.693551, -35.450109 ], [ -71.693626, -35.450062 ], [ -71.693736, -35.450031 ], [ -71.693887, -35.450002 ], [ -71.694002, -35.449963 ], [ -71.694251, -35.44987 ], [ -71.694387, -35.449843 ], [ -71.694522, -35.44983 ], [ -71.694666, -35.449869 ], [ -71.695127, -35.449963 ], [ -71.695596, -35.449992 ], [ -71.695799, -35.449975 ], [ -71.695984, -35.449831 ], [ -71.696208, -35.449555 ], [ -71.696306, -35.449112 ], [ -71.696332, -35.448807 ], [ -71.696342, -35.44879 ], [ -71.696293, -35.448608 ], [ -71.696207, -35.448372 ], [ -71.694489, -35.448955 ], [ -71.693185, -35.446681 ], [ -71.689752, -35.4479 ], [ -71.689745, -35.447917 ], [ -71.689998, -35.448203 ], [ -71.690259, -35.448612 ], [ -71.690313, -35.448933 ], [ -71.690338, -35.449816 ], [ -71.690311, -35.450543 ], [ -71.690279, -35.451121 ] ] ] } },
{ "type": "Feature", "properties": { "zona": "88" }, "geometry": { "type": "Polygon", "coordinates": [ [ [ -71.690628, -35.441933 ], [ -71.690206, -35.442099 ], [ -71.689466, -35.442157 ], [ -71.689102, -35.442342 ], [ -71.687962, -35.442533 ], [ -71.687561, -35.442732 ], [ -71.687259, -35.442837 ], [ -71.687145, -35.443022 ], [ -71.686764, -35.443456 ], [ -71.686725, -35.443673 ], [ -71.686523, -35.44382 ], [ -71.686452, -35.443851 ], [ -71.687407, -35.445021 ], [ -71.688036, -35.445846 ], [ -71.688789, -35.446835 ], [ -71.689745, -35.447917 ], [ -71.689752, -35.4479 ], [ -71.693185, -35.446681 ], [ -71.691919, -35.444398 ], [ -71.691941, -35.44439 ], [ -71.692043, -35.444354 ], [ -71.691998, -35.44431 ], [ -71.691841, -35.444096 ], [ -71.691019, -35.442598 ], [ -71.690628, -35.441933 ] ] ] } },
{ "type": "Feature", "properties": { "zona": "89" }, "geometry": { "type": "Polygon", "coordinates": [ [ [ -71.678657, -35.450918 ], [ -71.678436, -35.449954 ], [ -71.678165, -35.448741 ], [ -71.678151, -35.448577 ], [ -71.677563, -35.447555 ], [ -71.677336, -35.447034 ], [ -71.676684, -35.445333 ], [ -71.676658, -35.445182 ], [ -71.676242, -35.444047 ], [ -71.675822, -35.443051 ], [ -71.675277, -35.441888 ], [ -71.675065, -35.441608 ], [ -71.674854, -35.441704 ], [ -71.672309, -35.443185 ], [ -71.670752, -35.444114 ], [ -71.669916, -35.444833 ], [ -71.668772, -35.445801 ], [ -71.668672, -35.445905 ], [ -71.66871, -35.44597 ], [ -71.668962, -35.446407 ], [ -71.670753, -35.449373 ], [ -71.671276, -35.450255 ], [ -71.671992, -35.451425 ], [ -71.672562, -35.452249 ], [ -71.672662, -35.452165 ], [ -71.672942, -35.452181 ], [ -71.673457, -35.452144 ], [ -71.673782, -35.452069 ], [ -71.67416, -35.452 ], [ -71.674369, -35.451952 ], [ -71.674603, -35.45191 ], [ -71.675047, -35.45182 ], [ -71.675405, -35.451746 ], [ -71.675652, -35.451711 ], [ -71.677009, -35.451442 ], [ -71.677752, -35.451318 ], [ -71.678396, -35.45117 ], [ -71.678636, -35.450938 ], [ -71.678657, -35.450918 ] ] ] } },
{ "type": "Feature", "properties": { "zona": "90" }, "geometry": { "type": "Polygon", "coordinates": [ [ [ -71.675809, -35.424835 ], [ -71.675935, -35.424458 ], [ -71.675955, -35.424351 ], [ -71.675778, -35.424748 ], [ -71.675411, -35.424831 ], [ -71.675112, -35.424931 ], [ -71.674537, -35.425589 ], [ -71.673956, -35.425968 ], [ -71.673774, -35.426143 ], [ -71.673436, -35.426189 ], [ -71.673075, -35.426159 ], [ -71.672816, -35.426087 ], [ -71.672276, -35.425937 ], [ -71.672155, -35.425948 ], [ -71.671452, -35.426133 ], [ -71.671365, -35.426183 ], [ -71.67122, -35.42631 ], [ -71.671143, -35.426377 ], [ -71.670959, -35.426525 ], [ -71.670825, -35.426631 ], [ -71.670648, -35.426807 ], [ -71.670619, -35.426836 ], [ -71.670176, -35.427823 ], [ -71.67012, -35.427854 ], [ -71.670305, -35.427925 ], [ -71.670516, -35.428067 ], [ -71.67194, -35.429064 ], [ -71.672168, -35.429148 ], [ -71.672469, -35.429259 ], [ -71.673154, -35.429287 ], [ -71.67511, -35.429323 ], [ -71.675464, -35.429365 ], [ -71.675919, -35.429437 ], [ -71.67587, -35.429364 ], [ -71.675719, -35.429085 ], [ -71.675628, -35.428917 ], [ -71.675425, -35.428349 ], [ -71.675281, -35.427091 ], [ -71.675336, -35.426116 ], [ -71.67561, -35.42543 ], [ -71.675809, -35.424835 ] ] ] } },
{ "type": "Feature", "properties": { "zona": "91" }, "geometry": { "type": "Polygon", "coordinates": [ [ [ -71.666011, -35.434129 ], [ -71.665998, -35.434136 ], [ -71.666038, -35.434568 ], [ -71.66623, -35.43664 ], [ -71.666266, -35.436632 ], [ -71.667243, -35.436468 ], [ -71.667495, -35.436369 ], [ -71.669504, -35.435415 ], [ -71.669777, -35.435266 ], [ -71.6708, -35.434817 ], [ -71.671059, -35.434662 ], [ -71.670997, -35.434482 ], [ -71.670574, -35.433079 ], [ -71.670458, -35.43276 ], [ -71.670299, -35.43253 ], [ -71.670014, -35.432162 ], [ -71.669968, -35.432051 ], [ -71.66998, -35.432034 ], [ -71.668676, -35.430405 ], [ -71.668627, -35.430349 ], [ -71.668492, -35.430471 ], [ -71.66839, -35.430915 ], [ -71.668602, -35.431385 ], [ -71.668659, -35.431875 ], [ -71.668465, -35.432199 ], [ -71.668359, -35.432302 ], [ -71.668223, -35.432435 ], [ -71.667608, -35.432815 ], [ -71.6674, -35.432941 ], [ -71.66713, -35.433247 ], [ -71.666778, -35.43361 ], [ -71.666424, -35.433919 ], [ -71.666011, -35.434129 ] ] ] } },
{ "type": "Feature", "properties": { "zona": "92" }, "geometry": { "type": "Polygon", "coordinates": [ [ [ -71.677803, -35.431974 ], [ -71.677652, -35.431751 ], [ -71.67689, -35.430722 ], [ -71.676577, -35.43042 ], [ -71.676432, -35.430203 ], [ -71.675919, -35.429437 ], [ -71.675464, -35.429365 ], [ -71.67511, -35.429323 ], [ -71.673154, -35.429287 ], [ -71.672469, -35.429259 ], [ -71.672168, -35.429148 ], [ -71.67194, -35.429064 ], [ -71.670516, -35.428067 ], [ -71.670305, -35.427925 ], [ -71.67012, -35.427854 ], [ -71.67011, -35.42791 ], [ -71.670001, -35.42852 ], [ -71.66955, -35.429619 ], [ -71.669235, -35.43002 ], [ -71.668775, -35.430215 ], [ -71.668627, -35.430349 ], [ -71.668676, -35.430405 ], [ -71.66998, -35.432034 ], [ -71.669968, -35.432051 ], [ -71.670014, -35.432162 ], [ -71.670299, -35.43253 ], [ -71.670458, -35.43276 ], [ -71.670574, -35.433079 ], [ -71.670997, -35.434482 ], [ -71.671059, -35.434662 ], [ -71.671076, -35.43471 ], [ -71.672236, -35.434431 ], [ -71.672323, -35.434425 ], [ -71.672468, -35.434375 ], [ -71.672586, -35.434392 ], [ -71.674591, -35.433423 ], [ -71.675641, -35.43292 ], [ -71.677803, -35.431974 ] ] ] } },
{ "type": "Feature", "properties": { "zona": "93" }, "geometry": { "type": "Polygon", "coordinates": [ [ [ -71.668627, -35.430349 ], [ -71.668775, -35.430215 ], [ -71.669235, -35.43002 ], [ -71.66955, -35.429619 ], [ -71.670001, -35.42852 ], [ -71.67011, -35.42791 ], [ -71.67012, -35.427854 ], [ -71.670022, -35.427918 ], [ -71.669145, -35.427996 ], [ -71.66755, -35.428131 ], [ -71.665496, -35.428295 ], [ -71.665474, -35.428297 ], [ -71.665425, -35.428301 ], [ -71.665921, -35.432747 ], [ -71.666011, -35.434129 ], [ -71.666424, -35.433919 ], [ -71.666778, -35.43361 ], [ -71.66713, -35.433247 ], [ -71.6674, -35.432941 ], [ -71.667608, -35.432815 ], [ -71.668223, -35.432435 ], [ -71.668359, -35.432302 ], [ -71.668465, -35.432199 ], [ -71.668659, -35.431875 ], [ -71.668602, -35.431385 ], [ -71.66839, -35.430915 ], [ -71.668492, -35.430471 ], [ -71.668627, -35.430349 ] ] ] } },
{ "type": "Feature", "properties": { "zona": "94" }, "geometry": { "type": "Polygon", "coordinates": [ [ [ -71.68339, -35.420445 ], [ -71.683373, -35.420361 ], [ -71.68319, -35.419454 ], [ -71.682996, -35.41904 ], [ -71.681784, -35.416702 ], [ -71.681843, -35.416509 ], [ -71.681818, -35.416515 ], [ -71.68073, -35.414876 ], [ -71.680094, -35.414385 ], [ -71.679562, -35.413928 ], [ -71.67906, -35.413086 ], [ -71.678596, -35.412532 ], [ -71.674537, -35.413666 ], [ -71.672873, -35.41414 ], [ -71.672353, -35.414335 ], [ -71.672307, -35.414354 ], [ -71.672895, -35.415095 ], [ -71.673789, -35.41622 ], [ -71.673957, -35.416462 ], [ -71.674204, -35.416976 ], [ -71.674437, -35.417878 ], [ -71.674805, -35.418671 ], [ -71.675081, -35.419298 ], [ -71.675539, -35.420004 ], [ -71.675483, -35.420515 ], [ -71.675511, -35.420943 ], [ -71.67553, -35.421233 ], [ -71.678875, -35.420991 ], [ -71.679784, -35.420692 ], [ -71.679915, -35.420676 ], [ -71.681346, -35.420578 ], [ -71.68339, -35.420445 ] ] ] } },
{ "type": "Feature", "properties": { "zona": "95" }, "geometry": { "type": "Polygon", "coordinates": [ [ [ -71.672307, -35.414354 ], [ -71.671801, -35.413717 ], [ -71.670826, -35.412446 ], [ -71.670803, -35.412423 ], [ -71.670713, -35.412442 ], [ -71.665621, -35.414089 ], [ -71.665599, -35.414103 ], [ -71.665693, -35.414201 ], [ -71.666485, -35.415283 ], [ -71.666499, -35.415303 ], [ -71.666535, -35.415264 ], [ -71.666946, -35.415115 ], [ -71.667904, -35.416391 ], [ -71.669438, -35.418782 ], [ -71.669414, -35.418817 ], [ -71.669537, -35.418859 ], [ -71.669778, -35.419325 ], [ -71.670021, -35.419764 ], [ -71.672123, -35.419121 ], [ -71.671412, -35.417071 ], [ -71.672716, -35.4167 ], [ -71.673957, -35.416462 ], [ -71.673789, -35.41622 ], [ -71.672895, -35.415095 ], [ -71.672307, -35.414354 ] ] ] } },
{ "type": "Feature", "properties": { "zona": "96" }, "geometry": { "type": "Polygon", "coordinates": [ [ [ -71.670021, -35.419764 ], [ -71.669778, -35.419325 ], [ -71.669537, -35.418859 ], [ -71.669414, -35.418817 ], [ -71.669438, -35.418782 ], [ -71.667904, -35.416391 ], [ -71.666946, -35.415115 ], [ -71.666535, -35.415264 ], [ -71.666499, -35.415303 ], [ -71.666485, -35.415283 ], [ -71.665133, -35.415779 ], [ -71.665398, -35.416367 ], [ -71.663861, -35.416705 ], [ -71.664272, -35.41703 ], [ -71.664304, -35.417246 ], [ -71.664342, -35.417399 ], [ -71.664563, -35.419335 ], [ -71.664705, -35.420453 ], [ -71.66486, -35.422006 ], [ -71.670378, -35.421606 ], [ -71.670906, -35.421568 ], [ -71.671165, -35.42155 ], [ -71.671066, -35.421202 ], [ -71.670021, -35.419764 ] ] ] } },
{ "type": "Feature", "properties": { "zona": "97" }, "geometry": { "type": "Polygon", "coordinates": [ [ [ -71.642214, -35.445031 ], [ -71.642393, -35.444885 ], [ -71.642727, -35.44452 ], [ -71.6429, -35.444159 ], [ -71.642918, -35.443969 ], [ -71.642815, -35.443671 ], [ -71.642654, -35.443341 ], [ -71.642662, -35.443037 ], [ -71.642911, -35.442448 ], [ -71.643304, -35.441915 ], [ -71.643928, -35.441379 ], [ -71.644782, -35.441102 ], [ -71.64486, -35.441086 ], [ -71.646281, -35.440739 ], [ -71.646963, -35.440766 ], [ -71.647145, -35.44079 ], [ -71.647247, -35.440803 ], [ -71.647599, -35.440867 ], [ -71.648371, -35.440769 ], [ -71.648979, -35.440632 ], [ -71.64976, -35.440304 ], [ -71.650136, -35.440191 ], [ -71.650484, -35.440162 ], [ -71.650422, -35.43965 ], [ -71.650421, -35.439637 ], [ -71.650026, -35.436404 ], [ -71.648594, -35.436512 ], [ -71.647493, -35.436594 ], [ -71.646085, -35.436673 ], [ -71.644643, -35.436771 ], [ -71.6441, -35.43688 ], [ -71.641859, -35.437492 ], [ -71.639852, -35.43806 ], [ -71.63952, -35.438169 ], [ -71.640261, -35.440091 ], [ -71.641168, -35.442445 ], [ -71.64119, -35.442498 ], [ -71.642214, -35.445031 ] ] ] } },
{ "type": "Feature", "properties": { "zona": "98" }, "geometry": { "type": "Polygon", "coordinates": [ [ [ -71.64119, -35.442498 ], [ -71.641168, -35.442445 ], [ -71.640261, -35.440091 ], [ -71.63952, -35.438169 ], [ -71.637781, -35.438619 ], [ -71.637283, -35.43871 ], [ -71.636472, -35.438977 ], [ -71.635679, -35.439396 ], [ -71.635562, -35.439457 ], [ -71.636997, -35.441057 ], [ -71.637275, -35.441493 ], [ -71.6373, -35.441567 ], [ -71.638307, -35.44305 ], [ -71.639057, -35.444061 ], [ -71.640485, -35.443486 ], [ -71.640684, -35.442926 ], [ -71.640873, -35.442613 ], [ -71.640894, -35.442279 ], [ -71.641162, -35.442487 ], [ -71.64119, -35.442498 ] ] ] } },
{ "type": "Feature", "properties": { "zona": "99" }, "geometry": { "type": "Polygon", "coordinates": [ [ [ -71.637928, -35.43423 ], [ -71.639392, -35.437836 ], [ -71.63952, -35.438169 ], [ -71.639852, -35.43806 ], [ -71.641859, -35.437492 ], [ -71.6441, -35.43688 ], [ -71.644643, -35.436771 ], [ -71.646085, -35.436673 ], [ -71.647493, -35.436594 ], [ -71.648594, -35.436512 ], [ -71.650026, -35.436404 ], [ -71.650021, -35.436379 ], [ -71.650054, -35.436377 ], [ -71.649799, -35.434528 ], [ -71.649536, -35.432626 ], [ -71.649533, -35.4326 ], [ -71.649499, -35.432596 ], [ -71.648253, -35.432669 ], [ -71.645815, -35.432797 ], [ -71.642836, -35.433029 ], [ -71.641917, -35.433073 ], [ -71.641667, -35.433135 ], [ -71.641386, -35.433212 ], [ -71.638801, -35.433918 ], [ -71.637928, -35.43423 ] ] ] } },
{ "type": "Feature", "properties": { "zona": "100" }, "geometry": { "type": "Polygon", "coordinates": [ [ [ -71.658243, -35.439151 ], [ -71.659848, -35.438317 ], [ -71.660221, -35.438102 ], [ -71.6594, -35.437163 ], [ -71.659257, -35.435992 ], [ -71.65897, -35.434116 ], [ -71.658914, -35.433676 ], [ -71.657522, -35.43384 ], [ -71.657363, -35.433786 ], [ -71.657109, -35.433792 ], [ -71.654505, -35.434078 ], [ -71.653032, -35.434211 ], [ -71.652908, -35.434171 ], [ -71.650993, -35.434464 ], [ -71.650938, -35.434469 ], [ -71.650123, -35.434507 ], [ -71.649799, -35.434528 ], [ -71.650054, -35.436377 ], [ -71.650021, -35.436379 ], [ -71.650026, -35.436404 ], [ -71.650421, -35.439637 ], [ -71.650422, -35.43965 ], [ -71.650484, -35.440162 ], [ -71.651227, -35.440183 ], [ -71.651841, -35.440241 ], [ -71.653118, -35.440263 ], [ -71.65454, -35.440536 ], [ -71.655818, -35.440645 ], [ -71.656375, -35.440502 ], [ -71.657044, -35.440028 ], [ -71.658243, -35.439151 ] ] ] } },
{ "type": "Feature", "properties": { "zona": "101" }, "geometry": { "type": "Polygon", "coordinates": [ [ [ -71.641386, -35.433212 ], [ -71.641667, -35.433135 ], [ -71.641917, -35.433073 ], [ -71.642836, -35.433029 ], [ -71.645815, -35.432797 ], [ -71.648253, -35.432669 ], [ -71.649499, -35.432596 ], [ -71.649533, -35.4326 ], [ -71.649094, -35.428496 ], [ -71.648973, -35.427361 ], [ -71.647653, -35.427484 ], [ -71.645187, -35.427715 ], [ -71.64045, -35.428075 ], [ -71.640156, -35.428237 ], [ -71.640483, -35.429006 ], [ -71.640546, -35.429589 ], [ -71.640078, -35.430446 ], [ -71.639834, -35.431 ], [ -71.639886, -35.431082 ], [ -71.640173, -35.431541 ], [ -71.641386, -35.433212 ] ] ] } },
{ "type": "Feature", "properties": { "zona": "102" }, "geometry": { "type": "Polygon", "coordinates": [ [ [ -71.660246, -35.451317 ], [ -71.660796, -35.449076 ], [ -71.659239, -35.446917 ], [ -71.657018, -35.447901 ], [ -71.656207, -35.448261 ], [ -71.655538, -35.44852 ], [ -71.655306, -35.448539 ], [ -71.654219, -35.448358 ], [ -71.652352, -35.448039 ], [ -71.651442, -35.447901 ], [ -71.651903, -35.451575 ], [ -71.65192, -35.451688 ], [ -71.651923, -35.451746 ], [ -71.651953, -35.452001 ], [ -71.651968, -35.452132 ], [ -71.652067, -35.45295 ], [ -71.652116, -35.453348 ], [ -71.652249, -35.454377 ], [ -71.652291, -35.4547 ], [ -71.652307, -35.45482 ], [ -71.652356, -35.454844 ], [ -71.652358, -35.454843 ], [ -71.652378, -35.454841 ], [ -71.652377, -35.454832 ], [ -71.652434, -35.4548 ], [ -71.652827, -35.454577 ], [ -71.653452, -35.454127 ], [ -71.653848, -35.453826 ], [ -71.653945, -35.453745 ], [ -71.65414, -35.453604 ], [ -71.654451, -35.453376 ], [ -71.65476, -35.453175 ], [ -71.655169, -35.452892 ], [ -71.655479, -35.452632 ], [ -71.655573, -35.452568 ], [ -71.656276, -35.452041 ], [ -71.656437, -35.451917 ], [ -71.656532, -35.451862 ], [ -71.656691, -35.451794 ], [ -71.656871, -35.451737 ], [ -71.65698, -35.451697 ], [ -71.6572, -35.45163 ], [ -71.657409, -35.451567 ], [ -71.657617, -35.451527 ], [ -71.657799, -35.4515 ], [ -71.657876, -35.451467 ], [ -71.657952, -35.451422 ], [ -71.658051, -35.451355 ], [ -71.658122, -35.451283 ], [ -71.658189, -35.451204 ], [ -71.658299, -35.451098 ], [ -71.658467, -35.451068 ], [ -71.658832, -35.451039 ], [ -71.659006, -35.451032 ], [ -71.659143, -35.451025 ], [ -71.659532, -35.45109 ], [ -71.659915, -35.451198 ], [ -71.660093, -35.451305 ], [ -71.660214, -35.45131 ], [ -71.660246, -35.451317 ] ] ] } },
{ "type": "Feature", "properties": { "zona": "103" }, "geometry": { "type": "Polygon", "coordinates": [ [ [ -71.659239, -35.446917 ], [ -71.661604, -35.445869 ], [ -71.661192, -35.445265 ], [ -71.660951, -35.444926 ], [ -71.660828, -35.444725 ], [ -71.660799, -35.444665 ], [ -71.660761, -35.444466 ], [ -71.660672, -35.444201 ], [ -71.660528, -35.44381 ], [ -71.660436, -35.44358 ], [ -71.660364, -35.443431 ], [ -71.660125, -35.44307 ], [ -71.660101, -35.443033 ], [ -71.65973, -35.441795 ], [ -71.659588, -35.441304 ], [ -71.659442, -35.440828 ], [ -71.659311, -35.440472 ], [ -71.659102, -35.44012 ], [ -71.658888, -35.439796 ], [ -71.658414, -35.439322 ], [ -71.658243, -35.439151 ], [ -71.657044, -35.440028 ], [ -71.656375, -35.440502 ], [ -71.655818, -35.440645 ], [ -71.65454, -35.440536 ], [ -71.653118, -35.440263 ], [ -71.651841, -35.440241 ], [ -71.651227, -35.440183 ], [ -71.650484, -35.440162 ], [ -71.650476, -35.440241 ], [ -71.6513, -35.446767 ], [ -71.6514, -35.44756 ], [ -71.651442, -35.447901 ], [ -71.652352, -35.448039 ], [ -71.654219, -35.448358 ], [ -71.655306, -35.448539 ], [ -71.655538, -35.44852 ], [ -71.656207, -35.448261 ], [ -71.657018, -35.447901 ], [ -71.659239, -35.446917 ] ] ] } },
{ "type": "Feature", "properties": { "zona": "104" }, "geometry": { "type": "Polygon", "coordinates": [ [ [ -71.658522, -35.428862 ], [ -71.65852, -35.42879 ], [ -71.658341, -35.426659 ], [ -71.658232, -35.425202 ], [ -71.656087, -35.425389 ], [ -71.652951, -35.425623 ], [ -71.651752, -35.425699 ], [ -71.651877, -35.426783 ], [ -71.652032, -35.428207 ], [ -71.652256, -35.429376 ], [ -71.655375, -35.429117 ], [ -71.658405, -35.428871 ], [ -71.658522, -35.428862 ] ] ] } },
{ "type": "Feature", "properties": { "zona": "105" }, "geometry": { "type": "Polygon", "coordinates": [ [ [ -71.649799, -35.434528 ], [ -71.650123, -35.434507 ], [ -71.650938, -35.434469 ], [ -71.65043, -35.429529 ], [ -71.650288, -35.428396 ], [ -71.649094, -35.428496 ], [ -71.649533, -35.4326 ], [ -71.649536, -35.432626 ], [ -71.649799, -35.434528 ] ] ] } },
{ "type": "Feature", "properties": { "zona": "106" }, "geometry": { "type": "Polygon", "coordinates": [ [ [ -71.658914, -35.433676 ], [ -71.658854, -35.433199 ], [ -71.65887, -35.432963 ], [ -71.658751, -35.431733 ], [ -71.658594, -35.429884 ], [ -71.658522, -35.428862 ], [ -71.658405, -35.428871 ], [ -71.655375, -35.429117 ], [ -71.652256, -35.429376 ], [ -71.651174, -35.429466 ], [ -71.650739, -35.429503 ], [ -71.65043, -35.429529 ], [ -71.650938, -35.434469 ], [ -71.650993, -35.434464 ], [ -71.652908, -35.434171 ], [ -71.653032, -35.434211 ], [ -71.654505, -35.434078 ], [ -71.657109, -35.433792 ], [ -71.657363, -35.433786 ], [ -71.657522, -35.43384 ], [ -71.658914, -35.433676 ] ] ] } },
{ "type": "Feature", "properties": { "zona": "107" }, "geometry": { "type": "Polygon", "coordinates": [ [ [ -71.645001, -35.451918 ], [ -71.642214, -35.445031 ], [ -71.641986, -35.445372 ], [ -71.641722, -35.445683 ], [ -71.641542, -35.445914 ], [ -71.641511, -35.446068 ], [ -71.64136, -35.446322 ], [ -71.641288, -35.446442 ], [ -71.641128, -35.446596 ], [ -71.640943, -35.446742 ], [ -71.640722, -35.44687 ], [ -71.64067, -35.446898 ], [ -71.640466, -35.447061 ], [ -71.640425, -35.44706 ], [ -71.640222, -35.447465 ], [ -71.640029, -35.447675 ], [ -71.639965, -35.447705 ], [ -71.640008, -35.44806 ], [ -71.640074, -35.448757 ], [ -71.640039, -35.449128 ], [ -71.640052, -35.449515 ], [ -71.640067, -35.449844 ], [ -71.640063, -35.450133 ], [ -71.640063, -35.450137 ], [ -71.640096, -35.450303 ], [ -71.640319, -35.450609 ], [ -71.640397, -35.45067 ], [ -71.640463, -35.450727 ], [ -71.640515, -35.450803 ], [ -71.640488, -35.450966 ], [ -71.640226, -35.451152 ], [ -71.640056, -35.451327 ], [ -71.639956, -35.451572 ], [ -71.639944, -35.451685 ], [ -71.639943, -35.451857 ], [ -71.640082, -35.452182 ], [ -71.640281, -35.452327 ], [ -71.640787, -35.452397 ], [ -71.640896, -35.452358 ], [ -71.641004, -35.45227 ], [ -71.641291, -35.452075 ], [ -71.641634, -35.452176 ], [ -71.64167, -35.452292 ], [ -71.641641, -35.452387 ], [ -71.641618, -35.452552 ], [ -71.641373, -35.452789 ], [ -71.64167, -35.452818 ], [ -71.641971, -35.452417 ], [ -71.642172, -35.452278 ], [ -71.642441, -35.452165 ], [ -71.642666, -35.452071 ], [ -71.643159, -35.45186 ], [ -71.643403, -35.451754 ], [ -71.643905, -35.451566 ], [ -71.643955, -35.452209 ], [ -71.645001, -35.451918 ] ] ] } },
{ "type": "Feature", "properties": { "zona": "108" }, "geometry": { "type": "Polygon", "coordinates": [ [ [ -71.639965, -35.447705 ], [ -71.640029, -35.447675 ], [ -71.640222, -35.447465 ], [ -71.640425, -35.44706 ], [ -71.640466, -35.447061 ], [ -71.64067, -35.446898 ], [ -71.640633, -35.446722 ], [ -71.640385, -35.446186 ], [ -71.640235, -35.445813 ], [ -71.639826, -35.445283 ], [ -71.639504, -35.444787 ], [ -71.639057, -35.444061 ], [ -71.637464, -35.444771 ], [ -71.636678, -35.445105 ], [ -71.636384, -35.445236 ], [ -71.636114, -35.445356 ], [ -71.636943, -35.446578 ], [ -71.636965, -35.446605 ], [ -71.638126, -35.448092 ], [ -71.638485, -35.448551 ], [ -71.638601, -35.448524 ], [ -71.638964, -35.448547 ], [ -71.639396, -35.448322 ], [ -71.639474, -35.448243 ], [ -71.639965, -35.447705 ] ] ] } },
{ "type": "Feature", "properties": { "zona": "109" }, "geometry": { "type": "Polygon", "coordinates": [ [ [ -71.642214, -35.445031 ], [ -71.64119, -35.442498 ], [ -71.641162, -35.442487 ], [ -71.640894, -35.442279 ], [ -71.640873, -35.442613 ], [ -71.640684, -35.442926 ], [ -71.640485, -35.443486 ], [ -71.639057, -35.444061 ], [ -71.639504, -35.444787 ], [ -71.639826, -35.445283 ], [ -71.640235, -35.445813 ], [ -71.640385, -35.446186 ], [ -71.640633, -35.446722 ], [ -71.64067, -35.446898 ], [ -71.640722, -35.44687 ], [ -71.640943, -35.446742 ], [ -71.641128, -35.446596 ], [ -71.641288, -35.446442 ], [ -71.64136, -35.446322 ], [ -71.641511, -35.446068 ], [ -71.641542, -35.445914 ], [ -71.641722, -35.445683 ], [ -71.641986, -35.445372 ], [ -71.642214, -35.445031 ] ] ] } },
{ "type": "Feature", "properties": { "zona": "110" }, "geometry": { "type": "Polygon", "coordinates": [ [ [ -71.639057, -35.444061 ], [ -71.638307, -35.44305 ], [ -71.6373, -35.441567 ], [ -71.637275, -35.441493 ], [ -71.636997, -35.441057 ], [ -71.635562, -35.439457 ], [ -71.633238, -35.440672 ], [ -71.634782, -35.442863 ], [ -71.634807, -35.4429 ], [ -71.636384, -35.445236 ], [ -71.636678, -35.445105 ], [ -71.637464, -35.444771 ], [ -71.639057, -35.444061 ] ] ] } },
{ "type": "Feature", "properties": { "zona": "111" }, "geometry": { "type": "Polygon", "coordinates": [ [ [ -71.636384, -35.445236 ], [ -71.634807, -35.4429 ], [ -71.634782, -35.442863 ], [ -71.634564, -35.443098 ], [ -71.634364, -35.443184 ], [ -71.632534, -35.444119 ], [ -71.62871, -35.445908 ], [ -71.630289, -35.448474 ], [ -71.631105, -35.449558 ], [ -71.63127, -35.449914 ], [ -71.631574, -35.450473 ], [ -71.631587, -35.450488 ], [ -71.631646, -35.450447 ], [ -71.631769, -35.45039 ], [ -71.631929, -35.450369 ], [ -71.632132, -35.450333 ], [ -71.632237, -35.450303 ], [ -71.632333, -35.450243 ], [ -71.632525, -35.450157 ], [ -71.632746, -35.450031 ], [ -71.633007, -35.449863 ], [ -71.633506, -35.449595 ], [ -71.633948, -35.449446 ], [ -71.634202, -35.449364 ], [ -71.634826, -35.449251 ], [ -71.635488, -35.449088 ], [ -71.636008, -35.448882 ], [ -71.636048, -35.448867 ], [ -71.636218, -35.448801 ], [ -71.636593, -35.448721 ], [ -71.636964, -35.448726 ], [ -71.637239, -35.448747 ], [ -71.637443, -35.448774 ], [ -71.637614, -35.448789 ], [ -71.637804, -35.448803 ], [ -71.637956, -35.448777 ], [ -71.638453, -35.448559 ], [ -71.638485, -35.448551 ], [ -71.638126, -35.448092 ], [ -71.636965, -35.446605 ], [ -71.636943, -35.446578 ], [ -71.636114, -35.445356 ], [ -71.636384, -35.445236 ] ] ] } },
{ "type": "Feature", "properties": { "zona": "32" }, "geometry": { "type": "Polygon", "coordinates": [ [ [ -71.631587, -35.450488 ], [ -71.631574, -35.450473 ], [ -71.63127, -35.449914 ], [ -71.631105, -35.449558 ], [ -71.630289, -35.448474 ], [ -71.62871, -35.445908 ], [ -71.625966, -35.447254 ], [ -71.624102, -35.448097 ], [ -71.624609, -35.448652 ], [ -71.626844, -35.451135 ], [ -71.62688, -35.451175 ], [ -71.627248, -35.451543 ], [ -71.627712, -35.45189 ], [ -71.628206, -35.452179 ], [ -71.629005, -35.452647 ], [ -71.629763, -35.453123 ], [ -71.629768, -35.453126 ], [ -71.62978, -35.453093 ], [ -71.629794, -35.453043 ], [ -71.629864, -35.452901 ], [ -71.629995, -35.452592 ], [ -71.630013, -35.452533 ], [ -71.630159, -35.452296 ], [ -71.630354, -35.452075 ], [ -71.630457, -35.451951 ], [ -71.630589, -35.451741 ], [ -71.630752, -35.451566 ], [ -71.630809, -35.451506 ], [ -71.630957, -35.451381 ], [ -71.631129, -35.451265 ], [ -71.631174, -35.451237 ], [ -71.631246, -35.451145 ], [ -71.631268, -35.45105 ], [ -71.631277, -35.450906 ], [ -71.631293, -35.450838 ], [ -71.631314, -35.450752 ], [ -71.631343, -35.450688 ], [ -71.631408, -35.450623 ], [ -71.631526, -35.450531 ], [ -71.631587, -35.450488 ] ] ] } },
{ "type": "Feature", "properties": { "zona": "112" }, "geometry": { "type": "Polygon", "coordinates": [ [ [ -71.637928, -35.43423 ], [ -71.638801, -35.433918 ], [ -71.641386, -35.433212 ], [ -71.640173, -35.431541 ], [ -71.639886, -35.431082 ], [ -71.636989, -35.431948 ], [ -71.636987, -35.431953 ], [ -71.636987, -35.431954 ], [ -71.637445, -35.433041 ], [ -71.637928, -35.43423 ] ] ] } },
{ "type": "Feature", "properties": { "zona": "113" }, "geometry": { "type": "Polygon", "coordinates": [ [ [ -71.636987, -35.431954 ], [ -71.636987, -35.431953 ], [ -71.636375, -35.430433 ], [ -71.635829, -35.429075 ], [ -71.63581, -35.429065 ], [ -71.633097, -35.42984 ], [ -71.633792, -35.431199 ], [ -71.634541, -35.432664 ], [ -71.634564, -35.432714 ], [ -71.635635, -35.432376 ], [ -71.636987, -35.431954 ] ] ] } },
{ "type": "Feature", "properties": { "zona": "114" }, "geometry": { "type": "Polygon", "coordinates": [ [ [ -71.639886, -35.431082 ], [ -71.639834, -35.431 ], [ -71.640078, -35.430446 ], [ -71.640546, -35.429589 ], [ -71.640483, -35.429006 ], [ -71.640156, -35.428237 ], [ -71.639962, -35.427783 ], [ -71.63898, -35.42819 ], [ -71.638383, -35.428367 ], [ -71.637366, -35.428643 ], [ -71.636732, -35.428815 ], [ -71.635825, -35.429066 ], [ -71.635829, -35.429075 ], [ -71.636375, -35.430433 ], [ -71.636987, -35.431953 ], [ -71.636989, -35.431948 ], [ -71.639886, -35.431082 ] ] ] } },
{ "type": "Feature", "properties": { "zona": "115" }, "geometry": { "type": "Polygon", "coordinates": [ [ [ -71.647143, -35.423889 ], [ -71.647129, -35.423879 ], [ -71.64677, -35.423821 ], [ -71.64536, -35.423585 ], [ -71.645251, -35.423566 ], [ -71.645181, -35.423472 ], [ -71.645093, -35.423405 ], [ -71.644942, -35.423323 ], [ -71.644681, -35.423265 ], [ -71.644322, -35.423266 ], [ -71.64416, -35.423308 ], [ -71.643928, -35.423368 ], [ -71.643574, -35.42342 ], [ -71.643354, -35.423624 ], [ -71.642947, -35.42381 ], [ -71.642517, -35.424034 ], [ -71.642064, -35.424236 ], [ -71.64169, -35.424257 ], [ -71.641142, -35.424306 ], [ -71.640552, -35.424378 ], [ -71.639789, -35.424379 ], [ -71.639275, -35.424493 ], [ -71.638958, -35.4247 ], [ -71.638778, -35.424817 ], [ -71.638486, -35.425119 ], [ -71.638137, -35.425184 ], [ -71.639237, -35.42694 ], [ -71.639962, -35.427783 ], [ -71.641011, -35.427388 ], [ -71.642574, -35.426705 ], [ -71.644412, -35.425882 ], [ -71.645073, -35.425557 ], [ -71.645467, -35.425363 ], [ -71.646291, -35.424906 ], [ -71.646851, -35.424188 ], [ -71.647143, -35.423889 ] ] ] } },
{ "type": "Feature", "properties": { "zona": "116" }, "geometry": { "type": "Polygon", "coordinates": [ [ [ -71.639962, -35.427783 ], [ -71.639237, -35.42694 ], [ -71.638137, -35.425184 ], [ -71.638082, -35.425095 ], [ -71.637315, -35.423738 ], [ -71.636873, -35.424223 ], [ -71.636647, -35.424576 ], [ -71.636242, -35.425036 ], [ -71.635913, -35.42545 ], [ -71.635734, -35.425603 ], [ -71.635565, -35.42568 ], [ -71.635414, -35.42568 ], [ -71.635139, -35.425635 ], [ -71.635038, -35.425588 ], [ -71.634868, -35.42545 ], [ -71.634746, -35.425235 ], [ -71.634745, -35.425205 ], [ -71.634548, -35.425158 ], [ -71.6343, -35.425155 ], [ -71.634492, -35.425653 ], [ -71.634721, -35.426243 ], [ -71.635658, -35.428652 ], [ -71.635825, -35.429066 ], [ -71.636732, -35.428815 ], [ -71.637366, -35.428643 ], [ -71.638383, -35.428367 ], [ -71.63898, -35.42819 ], [ -71.639962, -35.427783 ] ] ] } },
{ "type": "Feature", "properties": { "zona": "117" }, "geometry": { "type": "Polygon", "coordinates": [ [ [ -71.635829, -35.429075 ], [ -71.635825, -35.429066 ], [ -71.635658, -35.428652 ], [ -71.634721, -35.426243 ], [ -71.632372, -35.425784 ], [ -71.631245, -35.425504 ], [ -71.631235, -35.425579 ], [ -71.631232, -35.425596 ], [ -71.631069, -35.426102 ], [ -71.630918, -35.426139 ], [ -71.626058, -35.427443 ], [ -71.627805, -35.430786 ], [ -71.62808, -35.431363 ], [ -71.63007, -35.43075 ], [ -71.633087, -35.429822 ], [ -71.633097, -35.42984 ], [ -71.63581, -35.429065 ], [ -71.635829, -35.429075 ] ] ] } },
{ "type": "Feature", "properties": { "zona": "118" }, "geometry": { "type": "Polygon", "coordinates": [ [ [ -71.657025, -35.407084 ], [ -71.656991, -35.407067 ], [ -71.653805, -35.405358 ], [ -71.653682, -35.405205 ], [ -71.653244, -35.404047 ], [ -71.652427, -35.404828 ], [ -71.651266, -35.405937 ], [ -71.649779, -35.407338 ], [ -71.648764, -35.408251 ], [ -71.648501, -35.408562 ], [ -71.648189, -35.408987 ], [ -71.648461, -35.409231 ], [ -71.648793, -35.409536 ], [ -71.650133, -35.410765 ], [ -71.650827, -35.410442 ], [ -71.652281, -35.409805 ], [ -71.654921, -35.40855 ], [ -71.655746, -35.408145 ], [ -71.656428, -35.407796 ], [ -71.656592, -35.407673 ], [ -71.656988, -35.407173 ], [ -71.657025, -35.407084 ] ] ] } },
{ "type": "Feature", "properties": { "zona": "119" }, "geometry": { "type": "Polygon", "coordinates": [ [ [ -71.651456, -35.396917 ], [ -71.650052, -35.397132 ], [ -71.648346, -35.397504 ], [ -71.646931, -35.397892 ], [ -71.645368, -35.398189 ], [ -71.642738, -35.398819 ], [ -71.642168, -35.398962 ], [ -71.642309, -35.39916 ], [ -71.642997, -35.399693 ], [ -71.643352, -35.399876 ], [ -71.644281, -35.400226 ], [ -71.645077, -35.400506 ], [ -71.646142, -35.401008 ], [ -71.647073, -35.401506 ], [ -71.647305, -35.401631 ], [ -71.648526, -35.402447 ], [ -71.649374, -35.402968 ], [ -71.651116, -35.404083 ], [ -71.65239, -35.404804 ], [ -71.652427, -35.404828 ], [ -71.653244, -35.404047 ], [ -71.65298, -35.40335 ], [ -71.652812, -35.402974 ], [ -71.652692, -35.402117 ], [ -71.652255, -35.400803 ], [ -71.652167, -35.400568 ], [ -71.652104, -35.39981 ], [ -71.651941, -35.39921 ], [ -71.651489, -35.397059 ], [ -71.651456, -35.396917 ] ] ] } },
{ "type": "Feature", "properties": { "zona": "120" }, "geometry": { "type": "Polygon", "coordinates": [ [ [ -71.648189, -35.408987 ], [ -71.648501, -35.408562 ], [ -71.648764, -35.408251 ], [ -71.649779, -35.407338 ], [ -71.651266, -35.405937 ], [ -71.652427, -35.404828 ], [ -71.65239, -35.404804 ], [ -71.651116, -35.404083 ], [ -71.649374, -35.402968 ], [ -71.648526, -35.402447 ], [ -71.647305, -35.401631 ], [ -71.647073, -35.401506 ], [ -71.647021, -35.401589 ], [ -71.645192, -35.403588 ], [ -71.643335, -35.405622 ], [ -71.644106, -35.405979 ], [ -71.646149, -35.407155 ], [ -71.648189, -35.408987 ] ] ] } },
{ "type": "Feature", "properties": { "zona": "121" }, "geometry": { "type": "Polygon", "coordinates": [ [ [ -71.640748, -35.414293 ], [ -71.640781, -35.414314 ], [ -71.641307, -35.414654 ], [ -71.644893, -35.417005 ], [ -71.645143, -35.417246 ], [ -71.64735, -35.416328 ], [ -71.650073, -35.415127 ], [ -71.653333, -35.413685 ], [ -71.652838, -35.413234 ], [ -71.650419, -35.411027 ], [ -71.650133, -35.410765 ], [ -71.648554, -35.412308 ], [ -71.648299, -35.412576 ], [ -71.647927, -35.412743 ], [ -71.646597, -35.413294 ], [ -71.645666, -35.413682 ], [ -71.645536, -35.413697 ], [ -71.645296, -35.413693 ], [ -71.644373, -35.41362 ], [ -71.643737, -35.413551 ], [ -71.64322, -35.413464 ], [ -71.642955, -35.413359 ], [ -71.642596, -35.413296 ], [ -71.642579, -35.413356 ], [ -71.64163, -35.413251 ], [ -71.64075, -35.414263 ], [ -71.640748, -35.414293 ] ] ] } },
{ "type": "Feature", "properties": { "zona": "122" }, "geometry": { "type": "Polygon", "coordinates": [ [ [ -71.650133, -35.410765 ], [ -71.648793, -35.409536 ], [ -71.648461, -35.409231 ], [ -71.648189, -35.408987 ], [ -71.646149, -35.407155 ], [ -71.644106, -35.405979 ], [ -71.643335, -35.405622 ], [ -71.642473, -35.405224 ], [ -71.642385, -35.405327 ], [ -71.641582, -35.406059 ], [ -71.640914, -35.405957 ], [ -71.640852, -35.405991 ], [ -71.640037, -35.406083 ], [ -71.639965, -35.406184 ], [ -71.639238, -35.406912 ], [ -71.638353, -35.407338 ], [ -71.636857, -35.408299 ], [ -71.634278, -35.410094 ], [ -71.634257, -35.410118 ], [ -71.638337, -35.412736 ], [ -71.638719, -35.412981 ], [ -71.640748, -35.414293 ], [ -71.64075, -35.414263 ], [ -71.64163, -35.413251 ], [ -71.642579, -35.413356 ], [ -71.642596, -35.413296 ], [ -71.642955, -35.413359 ], [ -71.64322, -35.413464 ], [ -71.643737, -35.413551 ], [ -71.644373, -35.41362 ], [ -71.645296, -35.413693 ], [ -71.645536, -35.413697 ], [ -71.645666, -35.413682 ], [ -71.646597, -35.413294 ], [ -71.647927, -35.412743 ], [ -71.648299, -35.412576 ], [ -71.648554, -35.412308 ], [ -71.650133, -35.410765 ] ] ] } },
{ "type": "Feature", "properties": { "zona": "123" }, "geometry": { "type": "Polygon", "coordinates": [ [ [ -71.657078, -35.40711 ], [ -71.657025, -35.407084 ], [ -71.656988, -35.407173 ], [ -71.656592, -35.407673 ], [ -71.656428, -35.407796 ], [ -71.655746, -35.408145 ], [ -71.654921, -35.40855 ], [ -71.652281, -35.409805 ], [ -71.650827, -35.410442 ], [ -71.650133, -35.410765 ], [ -71.650419, -35.411027 ], [ -71.652838, -35.413234 ], [ -71.652847, -35.41323 ], [ -71.653091, -35.413086 ], [ -71.653459, -35.412869 ], [ -71.654633, -35.412481 ], [ -71.655787, -35.412174 ], [ -71.656994, -35.411851 ], [ -71.658405, -35.411462 ], [ -71.660969, -35.410748 ], [ -71.66208, -35.410458 ], [ -71.662248, -35.410411 ], [ -71.662139, -35.410257 ], [ -71.661485, -35.409587 ], [ -71.660519, -35.40883 ], [ -71.659889, -35.408462 ], [ -71.659746, -35.40852 ], [ -71.6586, -35.407864 ], [ -71.657252, -35.407196 ], [ -71.657078, -35.40711 ] ] ] } },
{ "type": "Feature", "properties": { "zona": "124" }, "geometry": { "type": "Polygon", "coordinates": [ [ [ -71.661452, -35.415573 ], [ -71.660969, -35.410748 ], [ -71.658405, -35.411462 ], [ -71.656994, -35.411851 ], [ -71.655787, -35.412174 ], [ -71.654633, -35.412481 ], [ -71.653459, -35.412869 ], [ -71.653091, -35.413086 ], [ -71.652847, -35.41323 ], [ -71.652838, -35.413234 ], [ -71.653333, -35.413685 ], [ -71.653512, -35.413848 ], [ -71.655516, -35.415676 ], [ -71.656006, -35.415809 ], [ -71.657371, -35.415779 ], [ -71.657578, -35.415774 ], [ -71.659107, -35.415755 ], [ -71.661147, -35.415602 ], [ -71.661452, -35.415573 ] ] ] } },
{ "type": "Feature", "properties": { "zona": "125" }, "geometry": { "type": "Polygon", "coordinates": [ [ [ -71.661983, -35.401657 ], [ -71.661192, -35.400867 ], [ -71.660443, -35.400231 ], [ -71.65999, -35.399107 ], [ -71.659422, -35.397727 ], [ -71.658755, -35.396168 ], [ -71.658357, -35.39532 ], [ -71.658277, -35.395242 ], [ -71.658263, -35.395196 ], [ -71.654401, -35.395789 ], [ -71.655501, -35.396515 ], [ -71.655264, -35.396986 ], [ -71.654368, -35.39719 ], [ -71.653721, -35.397393 ], [ -71.653686, -35.397421 ], [ -71.653364, -35.397265 ], [ -71.65296, -35.397114 ], [ -71.652317, -35.396976 ], [ -71.651675, -35.396925 ], [ -71.651456, -35.396917 ], [ -71.651489, -35.397059 ], [ -71.651941, -35.39921 ], [ -71.652104, -35.39981 ], [ -71.652167, -35.400568 ], [ -71.652255, -35.400803 ], [ -71.652692, -35.402117 ], [ -71.652812, -35.402974 ], [ -71.65298, -35.40335 ], [ -71.653244, -35.404047 ], [ -71.653378, -35.403862 ], [ -71.653744, -35.403644 ], [ -71.654095, -35.403503 ], [ -71.654586, -35.403383 ], [ -71.655296, -35.4032 ], [ -71.656304, -35.403006 ], [ -71.656643, -35.402884 ], [ -71.656903, -35.402807 ], [ -71.657408, -35.402748 ], [ -71.657791, -35.402697 ], [ -71.658007, -35.402711 ], [ -71.658338, -35.40268 ], [ -71.658511, -35.402638 ], [ -71.658703, -35.40262 ], [ -71.658991, -35.402532 ], [ -71.659611, -35.402418 ], [ -71.659824, -35.402337 ], [ -71.660923, -35.402186 ], [ -71.661151, -35.401983 ], [ -71.661684, -35.401789 ], [ -71.661983, -35.401657 ] ] ] } },
{ "type": "Feature", "properties": { "zona": "126" }, "geometry": { "type": "Polygon", "coordinates": [ [ [ -71.646831, -35.419048 ], [ -71.646362, -35.418535 ], [ -71.645509, -35.4176 ], [ -71.645282, -35.417381 ], [ -71.645143, -35.417246 ], [ -71.644893, -35.417005 ], [ -71.641307, -35.414654 ], [ -71.640781, -35.414314 ], [ -71.64072, -35.414362 ], [ -71.640653, -35.414409 ], [ -71.64048, -35.41453 ], [ -71.639781, -35.415077 ], [ -71.638045, -35.416484 ], [ -71.637283, -35.417084 ], [ -71.636475, -35.417779 ], [ -71.637635, -35.418711 ], [ -71.63812, -35.419097 ], [ -71.638412, -35.419363 ], [ -71.638445, -35.419588 ], [ -71.638406, -35.419636 ], [ -71.638173, -35.419736 ], [ -71.63857, -35.420554 ], [ -71.638864, -35.421207 ], [ -71.638884, -35.421202 ], [ -71.639961, -35.420906 ], [ -71.640218, -35.420835 ], [ -71.643186, -35.420013 ], [ -71.644651, -35.419619 ], [ -71.646803, -35.419045 ], [ -71.646831, -35.419048 ] ] ] } },
{ "type": "Feature", "properties": { "zona": "127" }, "geometry": { "type": "Polygon", "coordinates": [ [ [ -71.642517, -35.424034 ], [ -71.642349, -35.423903 ], [ -71.642307, -35.423746 ], [ -71.64219, -35.423417 ], [ -71.641809, -35.422576 ], [ -71.641047, -35.4226 ], [ -71.640218, -35.420835 ], [ -71.639961, -35.420906 ], [ -71.638884, -35.421202 ], [ -71.638864, -35.421207 ], [ -71.63857, -35.420554 ], [ -71.638173, -35.419736 ], [ -71.638406, -35.419636 ], [ -71.638445, -35.419588 ], [ -71.638412, -35.419363 ], [ -71.63812, -35.419097 ], [ -71.637635, -35.418711 ], [ -71.636475, -35.417779 ], [ -71.635687, -35.418382 ], [ -71.635222, -35.418678 ], [ -71.635264, -35.418747 ], [ -71.636494, -35.421851 ], [ -71.636508, -35.421886 ], [ -71.637315, -35.423738 ], [ -71.638082, -35.425095 ], [ -71.638137, -35.425184 ], [ -71.638486, -35.425119 ], [ -71.638778, -35.424817 ], [ -71.638958, -35.4247 ], [ -71.639275, -35.424493 ], [ -71.639789, -35.424379 ], [ -71.640552, -35.424378 ], [ -71.641142, -35.424306 ], [ -71.64169, -35.424257 ], [ -71.642064, -35.424236 ], [ -71.642517, -35.424034 ] ] ] } },
{ "type": "Feature", "properties": { "zona": "128" }, "geometry": { "type": "Polygon", "coordinates": [ [ [ -71.577091, -35.413367 ], [ -71.581605, -35.422039 ], [ -71.591136, -35.421737 ], [ -71.597979, -35.422959 ], [ -71.599544, -35.423355 ], [ -71.599521, -35.42324 ], [ -71.595951, -35.416598 ], [ -71.595241, -35.41531 ], [ -71.593608, -35.412344 ], [ -71.593222, -35.412344 ], [ -71.589211, -35.405146 ], [ -71.589026, -35.404697 ], [ -71.588707, -35.40513 ], [ -71.588261, -35.40562 ], [ -71.588259, -35.405671 ], [ -71.587402, -35.406564 ], [ -71.58632, -35.407482 ], [ -71.584857, -35.408602 ], [ -71.583845, -35.409297 ], [ -71.582667, -35.410021 ], [ -71.58176, -35.410573 ], [ -71.580411, -35.411391 ], [ -71.579399, -35.412004 ], [ -71.578592, -35.412456 ], [ -71.577663, -35.412962 ], [ -71.577289, -35.413226 ], [ -71.577091, -35.413367 ] ] ] } },
{ "type": "Feature", "properties": { "zona": "129" }, "geometry": { "type": "Polygon", "coordinates": [ [ [ -71.581605, -35.422039 ], [ -71.581551, -35.422041 ], [ -71.583995, -35.426684 ], [ -71.584057, -35.42671 ], [ -71.589625, -35.424491 ], [ -71.591302, -35.425173 ], [ -71.591371, -35.425815 ], [ -71.592339, -35.425569 ], [ -71.595815, -35.430522 ], [ -71.597156, -35.429035 ], [ -71.597322, -35.429037 ], [ -71.597766, -35.428512 ], [ -71.597968, -35.427031 ], [ -71.599659, -35.426171 ], [ -71.59969, -35.42617 ], [ -71.599669, -35.426134 ], [ -71.603014, -35.424344 ], [ -71.603156, -35.424336 ], [ -71.603108, -35.424256 ], [ -71.599544, -35.423355 ], [ -71.597979, -35.422959 ], [ -71.591136, -35.421737 ], [ -71.581605, -35.422039 ] ] ] } },
{ "type": "Feature", "properties": { "zona": "130" }, "geometry": { "type": "Polygon", "coordinates": [ [ [ -71.584057, -35.42671 ], [ -71.584037, -35.426718 ], [ -71.590591, -35.437924 ], [ -71.592545, -35.440159 ], [ -71.59371, -35.441554 ], [ -71.594691, -35.441241 ], [ -71.595468, -35.440992 ], [ -71.59565, -35.440853 ], [ -71.596599, -35.440437 ], [ -71.59751, -35.440269 ], [ -71.597459, -35.440231 ], [ -71.59467, -35.4368 ], [ -71.59333, -35.435151 ], [ -71.599472, -35.432622 ], [ -71.59732, -35.429039 ], [ -71.597322, -35.429037 ], [ -71.597156, -35.429035 ], [ -71.595815, -35.430522 ], [ -71.592339, -35.425569 ], [ -71.591371, -35.425815 ], [ -71.591302, -35.425173 ], [ -71.589625, -35.424491 ], [ -71.584057, -35.42671 ] ] ] } },
{ "type": "Feature", "properties": { "zona": "131" }, "geometry": { "type": "Polygon", "coordinates": [ [ [ -71.592545, -35.440159 ], [ -71.58085, -35.444144 ], [ -71.581304, -35.446474 ], [ -71.581805, -35.446842 ], [ -71.582189, -35.447513 ], [ -71.582559, -35.447359 ], [ -71.586342, -35.451496 ], [ -71.588069, -35.450506 ], [ -71.589501, -35.452736 ], [ -71.589513, -35.452758 ], [ -71.589726, -35.452694 ], [ -71.590553, -35.45245 ], [ -71.590954, -35.452332 ], [ -71.593016, -35.451536 ], [ -71.595279, -35.450623 ], [ -71.597714, -35.449639 ], [ -71.598933, -35.449113 ], [ -71.601843, -35.447525 ], [ -71.602342, -35.447198 ], [ -71.60231, -35.447065 ], [ -71.599613, -35.443435 ], [ -71.599339, -35.443512 ], [ -71.598086, -35.443053 ], [ -71.597145, -35.442902 ], [ -71.596757, -35.442371 ], [ -71.596235, -35.441659 ], [ -71.59565, -35.440853 ], [ -71.595468, -35.440992 ], [ -71.594691, -35.441241 ], [ -71.59371, -35.441554 ], [ -71.592545, -35.440159 ] ] ] } },
{ "type": "Feature", "properties": { "zona": "132" }, "geometry": { "type": "Polygon", "coordinates": [ [ [ -71.603313, -35.401579 ], [ -71.603193, -35.401697 ], [ -71.602799, -35.401962 ], [ -71.602162, -35.402295 ], [ -71.601212, -35.402723 ], [ -71.600351, -35.402789 ], [ -71.600059, -35.402788 ], [ -71.599474, -35.402644 ], [ -71.598342, -35.402602 ], [ -71.59743, -35.402635 ], [ -71.597085, -35.402678 ], [ -71.596407, -35.40291 ], [ -71.595536, -35.403277 ], [ -71.594868, -35.403441 ], [ -71.594129, -35.403704 ], [ -71.593494, -35.403925 ], [ -71.592746, -35.40429 ], [ -71.59218, -35.403984 ], [ -71.591774, -35.403813 ], [ -71.591264, -35.403713 ], [ -71.590574, -35.403778 ], [ -71.589957, -35.403994 ], [ -71.589416, -35.404327 ], [ -71.5892, -35.40446 ], [ -71.589026, -35.404697 ], [ -71.589211, -35.405146 ], [ -71.593222, -35.412344 ], [ -71.593608, -35.412344 ], [ -71.595241, -35.41531 ], [ -71.595327, -35.41528 ], [ -71.600249, -35.41325 ], [ -71.600937, -35.414462 ], [ -71.600941, -35.414492 ], [ -71.600952, -35.414487 ], [ -71.601194, -35.414915 ], [ -71.602128, -35.413991 ], [ -71.602351, -35.41372 ], [ -71.603305, -35.412735 ], [ -71.604707, -35.412529 ], [ -71.604662, -35.412444 ], [ -71.604594, -35.411818 ], [ -71.60874, -35.411289 ], [ -71.60783, -35.410039 ], [ -71.607024, -35.407844 ], [ -71.610033, -35.407256 ], [ -71.609432, -35.406091 ], [ -71.605351, -35.405283 ], [ -71.60528, -35.405153 ], [ -71.605189, -35.404117 ], [ -71.604859, -35.403826 ], [ -71.604842, -35.40351 ], [ -71.604532, -35.402519 ], [ -71.604304, -35.402616 ], [ -71.603313, -35.401579 ] ] ] } },
{ "type": "Feature", "properties": { "zona": "133" }, "geometry": { "type": "Polygon", "coordinates": [ [ [ -71.604707, -35.412529 ], [ -71.603305, -35.412735 ], [ -71.602351, -35.41372 ], [ -71.602128, -35.413991 ], [ -71.601194, -35.414915 ], [ -71.600952, -35.414487 ], [ -71.600941, -35.414492 ], [ -71.600937, -35.414462 ], [ -71.600249, -35.41325 ], [ -71.595327, -35.41528 ], [ -71.595241, -35.41531 ], [ -71.595951, -35.416598 ], [ -71.599521, -35.42324 ], [ -71.599544, -35.423355 ], [ -71.603108, -35.424256 ], [ -71.604608, -35.423329 ], [ -71.607403, -35.42191 ], [ -71.608964, -35.420855 ], [ -71.609756, -35.42032 ], [ -71.610131, -35.420087 ], [ -71.60943, -35.418908 ], [ -71.60895, -35.417978 ], [ -71.60874, -35.417632 ], [ -71.608151, -35.41691 ], [ -71.606943, -35.416611 ], [ -71.605209, -35.413437 ], [ -71.605208, -35.413437 ], [ -71.605192, -35.413446 ], [ -71.604707, -35.412529 ] ] ] } },
{ "type": "Feature", "properties": { "zona": "134" }, "geometry": { "type": "Polygon", "coordinates": [ [ [ -71.608964, -35.420855 ], [ -71.607403, -35.42191 ], [ -71.604608, -35.423329 ], [ -71.603108, -35.424256 ], [ -71.603156, -35.424336 ], [ -71.605469, -35.428224 ], [ -71.60635, -35.429705 ], [ -71.607117, -35.430994 ], [ -71.60712, -35.430991 ], [ -71.607694, -35.430623 ], [ -71.612947, -35.428358 ], [ -71.614122, -35.427808 ], [ -71.613886, -35.427596 ], [ -71.613387, -35.427006 ], [ -71.613138, -35.42665 ], [ -71.613002, -35.426582 ], [ -71.61259, -35.426197 ], [ -71.612257, -35.425472 ], [ -71.61225, -35.425455 ], [ -71.611684, -35.424507 ], [ -71.610997, -35.423764 ], [ -71.61063, -35.423242 ], [ -71.610175, -35.422339 ], [ -71.609802, -35.421632 ], [ -71.609548, -35.421148 ], [ -71.608964, -35.420855 ] ] ] } },
{ "type": "Feature", "properties": { "zona": "135" }, "geometry": { "type": "Polygon", "coordinates": [ [ [ -71.599472, -35.432622 ], [ -71.59333, -35.435151 ], [ -71.59467, -35.4368 ], [ -71.597459, -35.440231 ], [ -71.59751, -35.440269 ], [ -71.59926, -35.439944 ], [ -71.60149, -35.439258 ], [ -71.603687, -35.438583 ], [ -71.603661, -35.43859 ], [ -71.601685, -35.435713 ], [ -71.600933, -35.434616 ], [ -71.599524, -35.432676 ], [ -71.599482, -35.432618 ], [ -71.599472, -35.432622 ] ] ] } },
{ "type": "Feature", "properties": { "zona": "136" }, "geometry": { "type": "Polygon", "coordinates": [ [ [ -71.603687, -35.438583 ], [ -71.60149, -35.439258 ], [ -71.59926, -35.439944 ], [ -71.59751, -35.440269 ], [ -71.596599, -35.440437 ], [ -71.59565, -35.440853 ], [ -71.596235, -35.441659 ], [ -71.596757, -35.442371 ], [ -71.597145, -35.442902 ], [ -71.598086, -35.443053 ], [ -71.599339, -35.443512 ], [ -71.599613, -35.443435 ], [ -71.60231, -35.447065 ], [ -71.602342, -35.447198 ], [ -71.603784, -35.446255 ], [ -71.605249, -35.4452 ], [ -71.606941, -35.443981 ], [ -71.606503, -35.443088 ], [ -71.605424, -35.440924 ], [ -71.604791, -35.440047 ], [ -71.603679, -35.438612 ], [ -71.603687, -35.438583 ] ] ] } },
{ "type": "Feature", "properties": { "zona": "137" }, "geometry": { "type": "Polygon", "coordinates": [ [ [ -71.610131, -35.420087 ], [ -71.609756, -35.42032 ], [ -71.608964, -35.420855 ], [ -71.609548, -35.421148 ], [ -71.609802, -35.421632 ], [ -71.610175, -35.422339 ], [ -71.61063, -35.423242 ], [ -71.610997, -35.423764 ], [ -71.611684, -35.424507 ], [ -71.61225, -35.425455 ], [ -71.612257, -35.425472 ], [ -71.612258, -35.425472 ], [ -71.616533, -35.423752 ], [ -71.616525, -35.423738 ], [ -71.616771, -35.423641 ], [ -71.616917, -35.423611 ], [ -71.617044, -35.423639 ], [ -71.617198, -35.423815 ], [ -71.617322, -35.423972 ], [ -71.617465, -35.424068 ], [ -71.617662, -35.424098 ], [ -71.618003, -35.424099 ], [ -71.61863, -35.423961 ], [ -71.618664, -35.42392 ], [ -71.618712, -35.423503 ], [ -71.618807, -35.423292 ], [ -71.6186, -35.422556 ], [ -71.618482, -35.422045 ], [ -71.61833, -35.421537 ], [ -71.618249, -35.420899 ], [ -71.618192, -35.420719 ], [ -71.617796, -35.42014 ], [ -71.617435, -35.419548 ], [ -71.617156, -35.418937 ], [ -71.61566, -35.416281 ], [ -71.615518, -35.416398 ], [ -71.614464, -35.417249 ], [ -71.612324, -35.418655 ], [ -71.611511, -35.419209 ], [ -71.610827, -35.419653 ], [ -71.610131, -35.420087 ] ] ] } },
{ "type": "Feature", "properties": { "zona": "138" }, "geometry": { "type": "Polygon", "coordinates": [ [ [ -71.629926, -35.41898 ], [ -71.629488, -35.418974 ], [ -71.629485, -35.418961 ], [ -71.629442, -35.418974 ], [ -71.629081, -35.418819 ], [ -71.629002, -35.418712 ], [ -71.628592, -35.418616 ], [ -71.628469, -35.418587 ], [ -71.628348, -35.418564 ], [ -71.627606, -35.418424 ], [ -71.627287, -35.418342 ], [ -71.626828, -35.418267 ], [ -71.6266, -35.41827 ], [ -71.626236, -35.418303 ], [ -71.625597, -35.418403 ], [ -71.62542, -35.418428 ], [ -71.624832, -35.418555 ], [ -71.624585, -35.418699 ], [ -71.62413, -35.418945 ], [ -71.623883, -35.419079 ], [ -71.623714, -35.419078 ], [ -71.623499, -35.419006 ], [ -71.623364, -35.418978 ], [ -71.623031, -35.418939 ], [ -71.62266, -35.418944 ], [ -71.622287, -35.418938 ], [ -71.62205, -35.418935 ], [ -71.62176, -35.418878 ], [ -71.621705, -35.418873 ], [ -71.621539, -35.418906 ], [ -71.62145, -35.418963 ], [ -71.621307, -35.419112 ], [ -71.621203, -35.41923 ], [ -71.621148, -35.419239 ], [ -71.620752, -35.419192 ], [ -71.620376, -35.419069 ], [ -71.6196, -35.418701 ], [ -71.619273, -35.418537 ], [ -71.619015, -35.418438 ], [ -71.618679, -35.418504 ], [ -71.617783, -35.418726 ], [ -71.617394, -35.418811 ], [ -71.61728, -35.418842 ], [ -71.617156, -35.418937 ], [ -71.617435, -35.419548 ], [ -71.617796, -35.42014 ], [ -71.618192, -35.420719 ], [ -71.618249, -35.420899 ], [ -71.61833, -35.421537 ], [ -71.618482, -35.422045 ], [ -71.6186, -35.422556 ], [ -71.618807, -35.423292 ], [ -71.618712, -35.423503 ], [ -71.618664, -35.42392 ], [ -71.619363, -35.423692 ], [ -71.620797, -35.42361 ], [ -71.621047, -35.42364 ], [ -71.622753, -35.423891 ], [ -71.623486, -35.423904 ], [ -71.623389, -35.423644 ], [ -71.623668, -35.422766 ], [ -71.623961, -35.422711 ], [ -71.624985, -35.422906 ], [ -71.625105, -35.422722 ], [ -71.629926, -35.41898 ] ] ] } },
{ "type": "Feature", "properties": { "zona": "139" }, "geometry": { "type": "Polygon", "coordinates": [ [ [ -71.606941, -35.443981 ], [ -71.605249, -35.4452 ], [ -71.605256, -35.445211 ], [ -71.607154, -35.450177 ], [ -71.607219, -35.450163 ], [ -71.6115, -35.449043 ], [ -71.614228, -35.448169 ], [ -71.617521, -35.447078 ], [ -71.617545, -35.447055 ], [ -71.613677, -35.440035 ], [ -71.613208, -35.439558 ], [ -71.612439, -35.440064 ], [ -71.610742, -35.441243 ], [ -71.609361, -35.442238 ], [ -71.606941, -35.443981 ] ] ] } },
{ "type": "Feature", "properties": { "zona": "140" }, "geometry": { "type": "Polygon", "coordinates": [ [ [ -71.617545, -35.447055 ], [ -71.617521, -35.447078 ], [ -71.614228, -35.448169 ], [ -71.6115, -35.449043 ], [ -71.607219, -35.450163 ], [ -71.607154, -35.450177 ], [ -71.607281, -35.450509 ], [ -71.609202, -35.454672 ], [ -71.61334, -35.453567 ], [ -71.614769, -35.453054 ], [ -71.615612, -35.452753 ], [ -71.62001, -35.451445 ], [ -71.618293, -35.44827 ], [ -71.618293, -35.448269 ], [ -71.618213, -35.44831 ], [ -71.617707, -35.447349 ], [ -71.617545, -35.447055 ] ] ] } },
{ "type": "Feature", "properties": { "zona": "141" }, "geometry": { "type": "Polygon", "coordinates": [ [ [ -71.603687, -35.438583 ], [ -71.603679, -35.438612 ], [ -71.604791, -35.440047 ], [ -71.605424, -35.440924 ], [ -71.606503, -35.443088 ], [ -71.606941, -35.443981 ], [ -71.609361, -35.442238 ], [ -71.610742, -35.441243 ], [ -71.612439, -35.440064 ], [ -71.613208, -35.439558 ], [ -71.612921, -35.439049 ], [ -71.610974, -35.436584 ], [ -71.610913, -35.436505 ], [ -71.610782, -35.436489 ], [ -71.606866, -35.437703 ], [ -71.603687, -35.438583 ] ] ] } },
{ "type": "Feature", "properties": { "zona": "142" }, "geometry": { "type": "Polygon", "coordinates": [ [ [ -71.613208, -35.439558 ], [ -71.613677, -35.440035 ], [ -71.617545, -35.447055 ], [ -71.617707, -35.447349 ], [ -71.618213, -35.44831 ], [ -71.618293, -35.448269 ], [ -71.622335, -35.446167 ], [ -71.622352, -35.446156 ], [ -71.619714, -35.443266 ], [ -71.619713, -35.443265 ], [ -71.615848, -35.438715 ], [ -71.614328, -35.439213 ], [ -71.613208, -35.439558 ] ] ] } },
{ "type": "Feature", "properties": { "zona": "143" }, "geometry": { "type": "Polygon", "coordinates": [ [ [ -71.616533, -35.423752 ], [ -71.612258, -35.425472 ], [ -71.612257, -35.425472 ], [ -71.61259, -35.426197 ], [ -71.613002, -35.426582 ], [ -71.613138, -35.42665 ], [ -71.613387, -35.427006 ], [ -71.613886, -35.427596 ], [ -71.614122, -35.427808 ], [ -71.612947, -35.428358 ], [ -71.613626, -35.429497 ], [ -71.613905, -35.429963 ], [ -71.61468, -35.431251 ], [ -71.61607, -35.430788 ], [ -71.62026, -35.429391 ], [ -71.61943, -35.427926 ], [ -71.618929, -35.426945 ], [ -71.61888, -35.426885 ], [ -71.61882, -35.426815 ], [ -71.61862, -35.426679 ], [ -71.618448, -35.426569 ], [ -71.618313, -35.426476 ], [ -71.618013, -35.426071 ], [ -71.617832, -35.425826 ], [ -71.617593, -35.425455 ], [ -71.616533, -35.423752 ] ] ] } },
{ "type": "Feature", "properties": { "zona": "144" }, "geometry": { "type": "Polygon", "coordinates": [ [ [ -71.61468, -35.431251 ], [ -71.613905, -35.429963 ], [ -71.613626, -35.429497 ], [ -71.612947, -35.428358 ], [ -71.607694, -35.430623 ], [ -71.60712, -35.430991 ], [ -71.607117, -35.430994 ], [ -71.607764, -35.432081 ], [ -71.608457, -35.433128 ], [ -71.608509, -35.433206 ], [ -71.611703, -35.432209 ], [ -71.613491, -35.431648 ], [ -71.61468, -35.431251 ] ] ] } },
{ "type": "Feature", "properties": { "zona": "145" }, "geometry": { "type": "Polygon", "coordinates": [ [ [ -71.610913, -35.436505 ], [ -71.610974, -35.436584 ], [ -71.612921, -35.439049 ], [ -71.613208, -35.439558 ], [ -71.614328, -35.439213 ], [ -71.615848, -35.438715 ], [ -71.617969, -35.438019 ], [ -71.617489, -35.437092 ], [ -71.617236, -35.436464 ], [ -71.616911, -35.435642 ], [ -71.616467, -35.434835 ], [ -71.616376, -35.4348 ], [ -71.610825, -35.436389 ], [ -71.610913, -35.436505 ] ] ] } },
{ "type": "Feature", "properties": { "zona": "146" }, "geometry": { "type": "Polygon", "coordinates": [ [ [ -71.625119, -35.440698 ], [ -71.623971, -35.438895 ], [ -71.623783, -35.438598 ], [ -71.622484, -35.436546 ], [ -71.621744, -35.436781 ], [ -71.621694, -35.436797 ], [ -71.617969, -35.438019 ], [ -71.615848, -35.438715 ], [ -71.619713, -35.443265 ], [ -71.619714, -35.443266 ], [ -71.619722, -35.443254 ], [ -71.621281, -35.442371 ], [ -71.620418, -35.441083 ], [ -71.621879, -35.440368 ], [ -71.622524, -35.441268 ], [ -71.625119, -35.440698 ] ] ] } },
{ "type": "Feature", "properties": { "zona": "147" }, "geometry": { "type": "Polygon", "coordinates": [ [ [ -71.630384, -35.436604 ], [ -71.630067, -35.436121 ], [ -71.629504, -35.434361 ], [ -71.629498, -35.43436 ], [ -71.629088, -35.434494 ], [ -71.625588, -35.435573 ], [ -71.624412, -35.435935 ], [ -71.624085, -35.436036 ], [ -71.622814, -35.436441 ], [ -71.622484, -35.436546 ], [ -71.623783, -35.438598 ], [ -71.625587, -35.437691 ], [ -71.626201, -35.438612 ], [ -71.630384, -35.436604 ] ] ] } },
{ "type": "Feature", "properties": { "zona": "148" }, "geometry": { "type": "Polygon", "coordinates": [ [ [ -71.62871, -35.445908 ], [ -71.627277, -35.443813 ], [ -71.627186, -35.443645 ], [ -71.627183, -35.443634 ], [ -71.627022, -35.443716 ], [ -71.623086, -35.445718 ], [ -71.622352, -35.446156 ], [ -71.622335, -35.446167 ], [ -71.624102, -35.448097 ], [ -71.625966, -35.447254 ], [ -71.62871, -35.445908 ] ] ] } },
{ "type": "Feature", "properties": { "zona": "149" }, "geometry": { "type": "Polygon", "coordinates": [ [ [ -71.627022, -35.443716 ], [ -71.625989, -35.442063 ], [ -71.625119, -35.440698 ], [ -71.622524, -35.441268 ], [ -71.621879, -35.440368 ], [ -71.620418, -35.441083 ], [ -71.621281, -35.442371 ], [ -71.619722, -35.443254 ], [ -71.619714, -35.443266 ], [ -71.622352, -35.446156 ], [ -71.623086, -35.445718 ], [ -71.627022, -35.443716 ] ] ] } },
{ "type": "Feature", "properties": { "zona": "150" }, "geometry": { "type": "Polygon", "coordinates": [ [ [ -71.623486, -35.423904 ], [ -71.622753, -35.423891 ], [ -71.621047, -35.42364 ], [ -71.620797, -35.42361 ], [ -71.619363, -35.423692 ], [ -71.618664, -35.42392 ], [ -71.61863, -35.423961 ], [ -71.618003, -35.424099 ], [ -71.617662, -35.424098 ], [ -71.617465, -35.424068 ], [ -71.617322, -35.423972 ], [ -71.617198, -35.423815 ], [ -71.617044, -35.423639 ], [ -71.616917, -35.423611 ], [ -71.616771, -35.423641 ], [ -71.616525, -35.423738 ], [ -71.616533, -35.423752 ], [ -71.617593, -35.425455 ], [ -71.617832, -35.425826 ], [ -71.618013, -35.426071 ], [ -71.618313, -35.426476 ], [ -71.618448, -35.426569 ], [ -71.61862, -35.426679 ], [ -71.61882, -35.426815 ], [ -71.61888, -35.426885 ], [ -71.618929, -35.426945 ], [ -71.61943, -35.427926 ], [ -71.62026, -35.429391 ], [ -71.620291, -35.42938 ], [ -71.620335, -35.429405 ], [ -71.622503, -35.4287 ], [ -71.623978, -35.428223 ], [ -71.62466, -35.428002 ], [ -71.624842, -35.427862 ], [ -71.625026, -35.42775 ], [ -71.625185, -35.427697 ], [ -71.624952, -35.427132 ], [ -71.623985, -35.424796 ], [ -71.623486, -35.423904 ] ] ] } },
{ "type": "Feature", "properties": { "zona": "151" }, "geometry": { "type": "Polygon", "coordinates": [ [ [ -71.622484, -35.436546 ], [ -71.622814, -35.436441 ], [ -71.621404, -35.433329 ], [ -71.620964, -35.433463 ], [ -71.61774, -35.434409 ], [ -71.617676, -35.434428 ], [ -71.616376, -35.4348 ], [ -71.616467, -35.434835 ], [ -71.616911, -35.435642 ], [ -71.617236, -35.436464 ], [ -71.617489, -35.437092 ], [ -71.617969, -35.438019 ], [ -71.621694, -35.436797 ], [ -71.621744, -35.436781 ], [ -71.622484, -35.436546 ] ] ] } },
{ "type": "Feature", "properties": { "zona": "152" }, "geometry": { "type": "Polygon", "coordinates": [ [ [ -71.62808, -35.431363 ], [ -71.627805, -35.430786 ], [ -71.626058, -35.427443 ], [ -71.62564, -35.427569 ], [ -71.625287, -35.42767 ], [ -71.625185, -35.427697 ], [ -71.625026, -35.42775 ], [ -71.624842, -35.427862 ], [ -71.62466, -35.428002 ], [ -71.623978, -35.428223 ], [ -71.622503, -35.4287 ], [ -71.620335, -35.429405 ], [ -71.620641, -35.429573 ], [ -71.62091, -35.429854 ], [ -71.621399, -35.430366 ], [ -71.621927, -35.431086 ], [ -71.623208, -35.432783 ], [ -71.623247, -35.432834 ], [ -71.626061, -35.432042 ], [ -71.62679, -35.43182 ], [ -71.628095, -35.431395 ], [ -71.62808, -35.431363 ] ] ] } },
{ "type": "Feature", "properties": { "zona": "153" }, "geometry": { "type": "Polygon", "coordinates": [ [ [ -71.623208, -35.432783 ], [ -71.621927, -35.431086 ], [ -71.621399, -35.430366 ], [ -71.62091, -35.429854 ], [ -71.620641, -35.429573 ], [ -71.620335, -35.429405 ], [ -71.620291, -35.42938 ], [ -71.62026, -35.429391 ], [ -71.61607, -35.430788 ], [ -71.61468, -35.431251 ], [ -71.613491, -35.431648 ], [ -71.611703, -35.432209 ], [ -71.608509, -35.433206 ], [ -71.609046, -35.434055 ], [ -71.610825, -35.436389 ], [ -71.616376, -35.4348 ], [ -71.617676, -35.434428 ], [ -71.61774, -35.434409 ], [ -71.620964, -35.433463 ], [ -71.621404, -35.433329 ], [ -71.623208, -35.432783 ] ] ] } },
{ "type": "Feature", "properties": { "zona": "154" }, "geometry": { "type": "Polygon", "coordinates": [ [ [ -71.629498, -35.43436 ], [ -71.629505, -35.434357 ], [ -71.628095, -35.431395 ], [ -71.62679, -35.43182 ], [ -71.626061, -35.432042 ], [ -71.623247, -35.432834 ], [ -71.623208, -35.432783 ], [ -71.621404, -35.433329 ], [ -71.622814, -35.436441 ], [ -71.624085, -35.436036 ], [ -71.624412, -35.435935 ], [ -71.625588, -35.435573 ], [ -71.629088, -35.434494 ], [ -71.629498, -35.43436 ] ] ] } },
{ "type": "Feature", "properties": { "zona": "155" }, "geometry": { "type": "Polygon", "coordinates": [ [ [ -71.60635, -35.429705 ], [ -71.605469, -35.428224 ], [ -71.603156, -35.424336 ], [ -71.603014, -35.424344 ], [ -71.599669, -35.426134 ], [ -71.59969, -35.42617 ], [ -71.599659, -35.426171 ], [ -71.597968, -35.427031 ], [ -71.597766, -35.428512 ], [ -71.597322, -35.429037 ], [ -71.59732, -35.429039 ], [ -71.599472, -35.432622 ], [ -71.599482, -35.432618 ], [ -71.600089, -35.432403 ], [ -71.601346, -35.431616 ], [ -71.602544, -35.431109 ], [ -71.606265, -35.429726 ], [ -71.60635, -35.429705 ] ] ] } },
{ "type": "Feature", "properties": { "zona": "156" }, "geometry": { "type": "Polygon", "coordinates": [ [ [ -71.608457, -35.433128 ], [ -71.607764, -35.432081 ], [ -71.607117, -35.430994 ], [ -71.60635, -35.429705 ], [ -71.606265, -35.429726 ], [ -71.602544, -35.431109 ], [ -71.601346, -35.431616 ], [ -71.600089, -35.432403 ], [ -71.599482, -35.432618 ], [ -71.599524, -35.432676 ], [ -71.600933, -35.434616 ], [ -71.601685, -35.435713 ], [ -71.602372, -35.435438 ], [ -71.604223, -35.43474 ], [ -71.605598, -35.43422 ], [ -71.608457, -35.433128 ] ] ] } },
{ "type": "Feature", "properties": { "zona": "157" }, "geometry": { "type": "Polygon", "coordinates": [ [ [ -71.610825, -35.436389 ], [ -71.609046, -35.434055 ], [ -71.608509, -35.433206 ], [ -71.608457, -35.433128 ], [ -71.605598, -35.43422 ], [ -71.604223, -35.43474 ], [ -71.602372, -35.435438 ], [ -71.601685, -35.435713 ], [ -71.603661, -35.43859 ], [ -71.603687, -35.438583 ], [ -71.606866, -35.437703 ], [ -71.610782, -35.436489 ], [ -71.610913, -35.436505 ], [ -71.610825, -35.436389 ] ] ] } },
{ "type": "Feature", "properties": { "zona": "158" }, "geometry": { "type": "Polygon", "coordinates": [ [ [ -71.617353, -35.396331 ], [ -71.61709, -35.396415 ], [ -71.616767, -35.396673 ], [ -71.616451, -35.396874 ], [ -71.616051, -35.397142 ], [ -71.615899, -35.397311 ], [ -71.615602, -35.397452 ], [ -71.61513, -35.39761 ], [ -71.614782, -35.397774 ], [ -71.614536, -35.397919 ], [ -71.614388, -35.397974 ], [ -71.61368, -35.398238 ], [ -71.612995, -35.398483 ], [ -71.612588, -35.3987 ], [ -71.612279, -35.398967 ], [ -71.611753, -35.39945 ], [ -71.611515, -35.399699 ], [ -71.611374, -35.399976 ], [ -71.611039, -35.400083 ], [ -71.610476, -35.400089 ], [ -71.610014, -35.400093 ], [ -71.60949, -35.400068 ], [ -71.609291, -35.400058 ], [ -71.608466, -35.399747 ], [ -71.607984, -35.399446 ], [ -71.607792, -35.399278 ], [ -71.607438, -35.398892 ], [ -71.607112, -35.398576 ], [ -71.60683, -35.39843 ], [ -71.606469, -35.398337 ], [ -71.605777, -35.398346 ], [ -71.605464, -35.398399 ], [ -71.605039, -35.398628 ], [ -71.604566, -35.398906 ], [ -71.604135, -35.399315 ], [ -71.604085, -35.399396 ], [ -71.603848, -35.400006 ], [ -71.603819, -35.400476 ], [ -71.603695, -35.400878 ], [ -71.603552, -35.401345 ], [ -71.603313, -35.401579 ], [ -71.604304, -35.402616 ], [ -71.604532, -35.402519 ], [ -71.604842, -35.40351 ], [ -71.604859, -35.403826 ], [ -71.605189, -35.404117 ], [ -71.60528, -35.405153 ], [ -71.605351, -35.405283 ], [ -71.609432, -35.406091 ], [ -71.610033, -35.407256 ], [ -71.610384, -35.407096 ], [ -71.610849, -35.407692 ], [ -71.61085, -35.407692 ], [ -71.61085, -35.407691 ], [ -71.613886, -35.406288 ], [ -71.614534, -35.407088 ], [ -71.616405, -35.406105 ], [ -71.621237, -35.403813 ], [ -71.62194, -35.403707 ], [ -71.622303, -35.403583 ], [ -71.623395, -35.40321 ], [ -71.623355, -35.403083 ], [ -71.619516, -35.39926 ], [ -71.620078, -35.399247 ], [ -71.618951, -35.398074 ], [ -71.617353, -35.396331 ] ] ] } },
{ "type": "Feature", "properties": { "zona": "159" }, "geometry": { "type": "Polygon", "coordinates": [ [ [ -71.626255, -35.404772 ], [ -71.625905, -35.403962 ], [ -71.625835, -35.403822 ], [ -71.625617, -35.403384 ], [ -71.624987, -35.402557 ], [ -71.624499, -35.402071 ], [ -71.62388, -35.401665 ], [ -71.623405, -35.401515 ], [ -71.623232, -35.401356 ], [ -71.622783, -35.40111 ], [ -71.621999, -35.400628 ], [ -71.620735, -35.399671 ], [ -71.620078, -35.399247 ], [ -71.619516, -35.39926 ], [ -71.623355, -35.403083 ], [ -71.623395, -35.40321 ], [ -71.623642, -35.403126 ], [ -71.624854, -35.40399 ], [ -71.624848, -35.404026 ], [ -71.624787, -35.40442 ], [ -71.62464, -35.404728 ], [ -71.623944, -35.405348 ], [ -71.624091, -35.405581 ], [ -71.625116, -35.407493 ], [ -71.625627, -35.408448 ], [ -71.625932, -35.409089 ], [ -71.626231, -35.409537 ], [ -71.626757, -35.410368 ], [ -71.626802, -35.410452 ], [ -71.626887, -35.410349 ], [ -71.627522, -35.41001 ], [ -71.628198, -35.409813 ], [ -71.627926, -35.409146 ], [ -71.626919, -35.40631 ], [ -71.626255, -35.404772 ] ] ] } },
{ "type": "Feature", "properties": { "zona": "160" }, "geometry": { "type": "Polygon", "coordinates": [ [ [ -71.626757, -35.410368 ], [ -71.626231, -35.409537 ], [ -71.625932, -35.409089 ], [ -71.625627, -35.408448 ], [ -71.625116, -35.407493 ], [ -71.624091, -35.405581 ], [ -71.623944, -35.405348 ], [ -71.62464, -35.404728 ], [ -71.624787, -35.40442 ], [ -71.624848, -35.404026 ], [ -71.624854, -35.40399 ], [ -71.623642, -35.403126 ], [ -71.623395, -35.40321 ], [ -71.622303, -35.403583 ], [ -71.62194, -35.403707 ], [ -71.621237, -35.403813 ], [ -71.616405, -35.406105 ], [ -71.61748, -35.407581 ], [ -71.618081, -35.408474 ], [ -71.61876, -35.409482 ], [ -71.619469, -35.410534 ], [ -71.621014, -35.412346 ], [ -71.621026, -35.412338 ], [ -71.622534, -35.41151 ], [ -71.623816, -35.411008 ], [ -71.626757, -35.410368 ] ] ] } },
{ "type": "Feature", "properties": { "zona": "161" }, "geometry": { "type": "Polygon", "coordinates": [ [ [ -71.616405, -35.406105 ], [ -71.614534, -35.407088 ], [ -71.613886, -35.406288 ], [ -71.61085, -35.407691 ], [ -71.61085, -35.407692 ], [ -71.610849, -35.407692 ], [ -71.610384, -35.407096 ], [ -71.610033, -35.407256 ], [ -71.607024, -35.407844 ], [ -71.60783, -35.410039 ], [ -71.60874, -35.411289 ], [ -71.604594, -35.411818 ], [ -71.604662, -35.412444 ], [ -71.604707, -35.412529 ], [ -71.605192, -35.413446 ], [ -71.605208, -35.413437 ], [ -71.605209, -35.413437 ], [ -71.606943, -35.416611 ], [ -71.608151, -35.41691 ], [ -71.60874, -35.417632 ], [ -71.60895, -35.417978 ], [ -71.60943, -35.418908 ], [ -71.610131, -35.420087 ], [ -71.610827, -35.419653 ], [ -71.611511, -35.419209 ], [ -71.612324, -35.418655 ], [ -71.614464, -35.417249 ], [ -71.615518, -35.416398 ], [ -71.61566, -35.416281 ], [ -71.616897, -35.415259 ], [ -71.617087, -35.415101 ], [ -71.619159, -35.413768 ], [ -71.619253, -35.413773 ], [ -71.619289, -35.413639 ], [ -71.621014, -35.412346 ], [ -71.619469, -35.410534 ], [ -71.61876, -35.409482 ], [ -71.618081, -35.408474 ], [ -71.61748, -35.407581 ], [ -71.616405, -35.406105 ] ] ] } },
{ "type": "Feature", "properties": { "zona": "162" }, "geometry": { "type": "Polygon", "coordinates": [ [ [ -71.629928, -35.414044 ], [ -71.628198, -35.409813 ], [ -71.627522, -35.41001 ], [ -71.626887, -35.410349 ], [ -71.626802, -35.410452 ], [ -71.628698, -35.413993 ], [ -71.628948, -35.41436 ], [ -71.628983, -35.414371 ], [ -71.629633, -35.414368 ], [ -71.629992, -35.4142 ], [ -71.629928, -35.414044 ] ] ] } },
{ "type": "Feature", "properties": { "zona": "163" }, "geometry": { "type": "Polygon", "coordinates": [ [ [ -71.626802, -35.410452 ], [ -71.626757, -35.410368 ], [ -71.623816, -35.411008 ], [ -71.622534, -35.41151 ], [ -71.621026, -35.412338 ], [ -71.619289, -35.413639 ], [ -71.619253, -35.413773 ], [ -71.619527, -35.413789 ], [ -71.621351, -35.414522 ], [ -71.62307, -35.415257 ], [ -71.62632, -35.414671 ], [ -71.627257, -35.414455 ], [ -71.628405, -35.41419 ], [ -71.628443, -35.414202 ], [ -71.628948, -35.41436 ], [ -71.628698, -35.413993 ], [ -71.626802, -35.410452 ] ] ] } },
{ "type": "Feature", "properties": { "zona": "164" }, "geometry": { "type": "Polygon", "coordinates": [ [ [ -71.627257, -35.414455 ], [ -71.62632, -35.414671 ], [ -71.62307, -35.415257 ], [ -71.621351, -35.414522 ], [ -71.619527, -35.413789 ], [ -71.619253, -35.413773 ], [ -71.619159, -35.413768 ], [ -71.617087, -35.415101 ], [ -71.616897, -35.415259 ], [ -71.61566, -35.416281 ], [ -71.617156, -35.418937 ], [ -71.61728, -35.418842 ], [ -71.617394, -35.418811 ], [ -71.617783, -35.418726 ], [ -71.618679, -35.418504 ], [ -71.619015, -35.418438 ], [ -71.619273, -35.418537 ], [ -71.6196, -35.418701 ], [ -71.620376, -35.419069 ], [ -71.620752, -35.419192 ], [ -71.621148, -35.419239 ], [ -71.621203, -35.41923 ], [ -71.621307, -35.419112 ], [ -71.62145, -35.418963 ], [ -71.621539, -35.418906 ], [ -71.621705, -35.418873 ], [ -71.62176, -35.418878 ], [ -71.62205, -35.418935 ], [ -71.622287, -35.418938 ], [ -71.62266, -35.418944 ], [ -71.623031, -35.418939 ], [ -71.623364, -35.418978 ], [ -71.623499, -35.419006 ], [ -71.623714, -35.419078 ], [ -71.623883, -35.419079 ], [ -71.62413, -35.418945 ], [ -71.624585, -35.418699 ], [ -71.624832, -35.418555 ], [ -71.62542, -35.418428 ], [ -71.625597, -35.418403 ], [ -71.626236, -35.418303 ], [ -71.6266, -35.41827 ], [ -71.626828, -35.418267 ], [ -71.627287, -35.418342 ], [ -71.627606, -35.418424 ], [ -71.628348, -35.418564 ], [ -71.628469, -35.418587 ], [ -71.628592, -35.418616 ], [ -71.628615, -35.418564 ], [ -71.628301, -35.417919 ], [ -71.627957, -35.416927 ], [ -71.627748, -35.41631 ], [ -71.627538, -35.415535 ], [ -71.627257, -35.414455 ] ] ] } },
{ "type": "Feature", "properties": { "zona": "165" }, "geometry": { "type": "Polygon", "coordinates": [ [ [ -71.628349, -35.399645 ], [ -71.628375, -35.399571 ], [ -71.629424, -35.398897 ], [ -71.628819, -35.398034 ], [ -71.626902, -35.394428 ], [ -71.62517, -35.391821 ], [ -71.624523, -35.39224 ], [ -71.622252, -35.393856 ], [ -71.620985, -35.394495 ], [ -71.61953, -35.395078 ], [ -71.618671, -35.39533 ], [ -71.617662, -35.39581 ], [ -71.617353, -35.396331 ], [ -71.618951, -35.398074 ], [ -71.620078, -35.399247 ], [ -71.624439, -35.399305 ], [ -71.625149, -35.39934 ], [ -71.627698, -35.399465 ], [ -71.628349, -35.399645 ] ] ] } },
{ "type": "Feature", "properties": { "zona": "166" }, "geometry": { "type": "Polygon", "coordinates": [ [ [ -71.652755, -35.380695 ], [ -71.651323, -35.379845 ], [ -71.649558, -35.37853 ], [ -71.645597, -35.377894 ], [ -71.644325, -35.37769 ], [ -71.642121, -35.376914 ], [ -71.640652, -35.376172 ], [ -71.638383, -35.374852 ], [ -71.63551, -35.372881 ], [ -71.633339, -35.371246 ], [ -71.629601, -35.371097 ], [ -71.626539, -35.369417 ], [ -71.625604, -35.366383 ], [ -71.626234, -35.364123 ], [ -71.626603, -35.362803 ], [ -71.626731, -35.360312 ], [ -71.621941, -35.355114 ], [ -71.62079, -35.355097 ], [ -71.617149, -35.355177 ], [ -71.615163, -35.355333 ], [ -71.612839, -35.356737 ], [ -71.612577, -35.360836 ], [ -71.611062, -35.362014 ], [ -71.604152, -35.362291 ], [ -71.600682, -35.363711 ], [ -71.593851, -35.366468 ], [ -71.591341, -35.367416 ], [ -71.590176, -35.368301 ], [ -71.593463, -35.371387 ], [ -71.598689, -35.376294 ], [ -71.601375, -35.379527 ], [ -71.607572, -35.386784 ], [ -71.607731, -35.386817 ], [ -71.608822, -35.385768 ], [ -71.612475, -35.381623 ], [ -71.613548, -35.382845 ], [ -71.616439, -35.383062 ], [ -71.620497, -35.382652 ], [ -71.623452, -35.382353 ], [ -71.626209, -35.380871 ], [ -71.6285, -35.381513 ], [ -71.631113, -35.387524 ], [ -71.632543, -35.387069 ], [ -71.632962, -35.386847 ], [ -71.635013, -35.387103 ], [ -71.636994, -35.388014 ], [ -71.636949, -35.388125 ], [ -71.638812, -35.388363 ], [ -71.639708, -35.38846 ], [ -71.641175, -35.388331 ], [ -71.642203, -35.387199 ], [ -71.642183, -35.384664 ], [ -71.642716, -35.384388 ], [ -71.644792, -35.383312 ], [ -71.646234, -35.383043 ], [ -71.647772, -35.382851 ], [ -71.647846, -35.382874 ], [ -71.647786, -35.38268 ], [ -71.648516, -35.382176 ], [ -71.649986, -35.38116 ], [ -71.652755, -35.380695 ] ] ] } },
{ "type": "Feature", "properties": { "zona": "167" }, "geometry": { "type": "Polygon", "coordinates": [ [ [ -71.612839, -35.356737 ], [ -71.612309, -35.356853 ], [ -71.609175, -35.35782 ], [ -71.608715, -35.357962 ], [ -71.60723, -35.357829 ], [ -71.606653, -35.357464 ], [ -71.605502, -35.356737 ], [ -71.604922, -35.35637 ], [ -71.603763, -35.355321 ], [ -71.602765, -35.354442 ], [ -71.601752, -35.353616 ], [ -71.600477, -35.352574 ], [ -71.598555, -35.353875 ], [ -71.597733, -35.354519 ], [ -71.596857, -35.35534 ], [ -71.595383, -35.355679 ], [ -71.594541, -35.355486 ], [ -71.593986, -35.354845 ], [ -71.593702, -35.354517 ], [ -71.59345, -35.353589 ], [ -71.592047, -35.352996 ], [ -71.590008, -35.352642 ], [ -71.589247, -35.353028 ], [ -71.588562, -35.353376 ], [ -71.587931, -35.354182 ], [ -71.58742, -35.354422 ], [ -71.586428, -35.354888 ], [ -71.584821, -35.354939 ], [ -71.583131, -35.354569 ], [ -71.581737, -35.354208 ], [ -71.581441, -35.35406 ], [ -71.579682, -35.353176 ], [ -71.578142, -35.352806 ], [ -71.577616, -35.352676 ], [ -71.576753, -35.352396 ], [ -71.576279, -35.352562 ], [ -71.5778, -35.355475 ], [ -71.579022, -35.356678 ], [ -71.580912, -35.358538 ], [ -71.583386, -35.361117 ], [ -71.585339, -35.363313 ], [ -71.586838, -35.364999 ], [ -71.590176, -35.368301 ], [ -71.591341, -35.367416 ], [ -71.593851, -35.366468 ], [ -71.600682, -35.363711 ], [ -71.604152, -35.362291 ], [ -71.611062, -35.362014 ], [ -71.612577, -35.360836 ], [ -71.612839, -35.356737 ] ] ] } },
{ "type": "Feature", "properties": { "zona": "168" }, "geometry": { "type": "Polygon", "coordinates": [ [ [ -71.576279, -35.352562 ], [ -71.576152, -35.352521 ], [ -71.575332, -35.352692 ], [ -71.574506, -35.352652 ], [ -71.577557, -35.357236 ], [ -71.579676, -35.359625 ], [ -71.583651, -35.364091 ], [ -71.585306, -35.363326 ], [ -71.585339, -35.363313 ], [ -71.583386, -35.361117 ], [ -71.580912, -35.358538 ], [ -71.579022, -35.356678 ], [ -71.5778, -35.355475 ], [ -71.576279, -35.352562 ] ] ] } },
{ "type": "Feature", "properties": { "zona": "169" }, "geometry": { "type": "Polygon", "coordinates": [ [ [ -71.607731, -35.386817 ], [ -71.607572, -35.386784 ], [ -71.601375, -35.379527 ], [ -71.598689, -35.376294 ], [ -71.593463, -35.371387 ], [ -71.593421, -35.371405 ], [ -71.592735, -35.371815 ], [ -71.59227, -35.372093 ], [ -71.607511, -35.387028 ], [ -71.607731, -35.386817 ] ] ] } },
{ "type": "Feature", "properties": { "zona": "170" }, "geometry": { "type": "Polygon", "coordinates": [ [ [ -71.593463, -35.371387 ], [ -71.590176, -35.368301 ], [ -71.586838, -35.364999 ], [ -71.585339, -35.363313 ], [ -71.585306, -35.363326 ], [ -71.583651, -35.364091 ], [ -71.585007, -35.365572 ], [ -71.585333, -35.365847 ], [ -71.592109, -35.371351 ], [ -71.592735, -35.371815 ], [ -71.593421, -35.371405 ], [ -71.593463, -35.371387 ] ] ] } },
{ "type": "Feature", "properties": { "zona": "171" }, "geometry": { "type": "Polygon", "coordinates": [ [ [ -71.556355, -35.469186 ], [ -71.554254, -35.465767 ], [ -71.551154, -35.469022 ], [ -71.548801, -35.472307 ], [ -71.549024, -35.473596 ], [ -71.549175, -35.474467 ], [ -71.548577, -35.474923 ], [ -71.546821, -35.475592 ], [ -71.546074, -35.477265 ], [ -71.546336, -35.477356 ], [ -71.548571, -35.481961 ], [ -71.553533, -35.477506 ], [ -71.55618, -35.475086 ], [ -71.558517, -35.473475 ], [ -71.558301, -35.472905 ], [ -71.556355, -35.469186 ] ] ] } },
{ "type": "Feature", "properties": { "zona": "172" }, "geometry": { "type": "Polygon", "coordinates": [ [ [ -71.704865, -35.486822 ], [ -71.703652, -35.484237 ], [ -71.703342, -35.483575 ], [ -71.703286, -35.483565 ], [ -71.70259, -35.482793 ], [ -71.70189, -35.482038 ], [ -71.701883, -35.482008 ], [ -71.701664, -35.481103 ], [ -71.699829, -35.477001 ], [ -71.699683, -35.476925 ], [ -71.699815, -35.476918 ], [ -71.699119, -35.475706 ], [ -71.699088, -35.475719 ], [ -71.683992, -35.475369 ], [ -71.677748, -35.47527 ], [ -71.673461, -35.47518 ], [ -71.673458, -35.475179 ], [ -71.672668, -35.47584 ], [ -71.665382, -35.482224 ], [ -71.665359, -35.482175 ], [ -71.665357, -35.482375 ], [ -71.669415, -35.490839 ], [ -71.66945, -35.49091 ], [ -71.671009, -35.494102 ], [ -71.67186, -35.493845 ], [ -71.672971, -35.493469 ], [ -71.675084, -35.492365 ], [ -71.677075, -35.492159 ], [ -71.677293, -35.492724 ], [ -71.677195, -35.493122 ], [ -71.685592, -35.492848 ], [ -71.692984, -35.492394 ], [ -71.692883, -35.49165 ], [ -71.694126, -35.492069 ], [ -71.695833, -35.488137 ], [ -71.697813, -35.488496 ], [ -71.698049, -35.488013 ], [ -71.7024, -35.487235 ], [ -71.704865, -35.486822 ] ] ] } },
{ "type": "Feature", "properties": { "zona": "173" }, "geometry": { "type": "Polygon", "coordinates": [ [ [ -71.717038, -35.502245 ], [ -71.71867, -35.500636 ], [ -71.720888, -35.498635 ], [ -71.720902, -35.49742 ], [ -71.725422, -35.489646 ], [ -71.73083, -35.486145 ], [ -71.72772, -35.481187 ], [ -71.725109, -35.477433 ], [ -71.724019, -35.476286 ], [ -71.723986, -35.476251 ], [ -71.720098, -35.476116 ], [ -71.719417, -35.477001 ], [ -71.716646, -35.478656 ], [ -71.717806, -35.480573 ], [ -71.713754, -35.483063 ], [ -71.714035, -35.483534 ], [ -71.712053, -35.484415 ], [ -71.712513, -35.484763 ], [ -71.712573, -35.485036 ], [ -71.705752, -35.488165 ], [ -71.705267, -35.488365 ], [ -71.705042, -35.49194 ], [ -71.705039, -35.491977 ], [ -71.70496, -35.493239 ], [ -71.704368, -35.496747 ], [ -71.701933, -35.503577 ], [ -71.702008, -35.50392 ], [ -71.702511, -35.50336 ], [ -71.703604, -35.502679 ], [ -71.703997, -35.502385 ], [ -71.708797, -35.500655 ], [ -71.709561, -35.49937 ], [ -71.710526, -35.499318 ], [ -71.712221, -35.498747 ], [ -71.716909, -35.502159 ], [ -71.717038, -35.502245 ] ] ] } },
{ "type": "Feature", "properties": { "zona": "174" }, "geometry": { "type": "Polygon", "coordinates": [ [ [ -71.709883, -35.511111 ], [ -71.710171, -35.511171 ], [ -71.710929, -35.510156 ], [ -71.713092, -35.50726 ], [ -71.717038, -35.502245 ], [ -71.716909, -35.502159 ], [ -71.712221, -35.498747 ], [ -71.710526, -35.499318 ], [ -71.709561, -35.49937 ], [ -71.708797, -35.500655 ], [ -71.703997, -35.502385 ], [ -71.703604, -35.502679 ], [ -71.702511, -35.50336 ], [ -71.702008, -35.50392 ], [ -71.702292, -35.504251 ], [ -71.702354, -35.505694 ], [ -71.702494, -35.507011 ], [ -71.701954, -35.508522 ], [ -71.701755, -35.509411 ], [ -71.709883, -35.511111 ] ] ] } },
{ "type": "Feature", "properties": { "zona": "175" }, "geometry": { "type": "Polygon", "coordinates": [ [ [ -71.705327, -35.525297 ], [ -71.705747, -35.523245 ], [ -71.706306, -35.52052 ], [ -71.706721, -35.518504 ], [ -71.706719, -35.518501 ], [ -71.700403, -35.518411 ], [ -71.699441, -35.521378 ], [ -71.698857, -35.52263 ], [ -71.698627, -35.523121 ], [ -71.697099, -35.524359 ], [ -71.6973, -35.524528 ], [ -71.698099, -35.524426 ], [ -71.705327, -35.525297 ] ] ] } },
{ "type": "Feature", "properties": { "zona": "176" }, "geometry": { "type": "Polygon", "coordinates": [ [ [ -71.687152, -35.527263 ], [ -71.687161, -35.527252 ], [ -71.687762, -35.526938 ], [ -71.6888, -35.525824 ], [ -71.689235, -35.525278 ], [ -71.689895, -35.524573 ], [ -71.690147, -35.523686 ], [ -71.690561, -35.523438 ], [ -71.69091, -35.523274 ], [ -71.691963, -35.523102 ], [ -71.692732, -35.522974 ], [ -71.693649, -35.523073 ], [ -71.693757, -35.522662 ], [ -71.693994, -35.522299 ], [ -71.694374, -35.52207 ], [ -71.694769, -35.521852 ], [ -71.694776, -35.521847 ], [ -71.693063, -35.521582 ], [ -71.689892, -35.521031 ], [ -71.686848, -35.520502 ], [ -71.68432, -35.521373 ], [ -71.6843, -35.521381 ], [ -71.684323, -35.521429 ], [ -71.685699, -35.52427 ], [ -71.687152, -35.527263 ] ] ] } },
{ "type": "Feature", "properties": { "zona": "177" }, "geometry": { "type": "Polygon", "coordinates": [ [ [ -71.700403, -35.518411 ], [ -71.696339, -35.517171 ], [ -71.692285, -35.516482 ], [ -71.692278, -35.516558 ], [ -71.691411, -35.519246 ], [ -71.690816, -35.520028 ], [ -71.690761, -35.520037 ], [ -71.690624, -35.520555 ], [ -71.689914, -35.521009 ], [ -71.689892, -35.521031 ], [ -71.693063, -35.521582 ], [ -71.694776, -35.521847 ], [ -71.696389, -35.522097 ], [ -71.696443, -35.52216 ], [ -71.698857, -35.52263 ], [ -71.699441, -35.521378 ], [ -71.700403, -35.518411 ] ] ] } },
{ "type": "Feature", "properties": { "zona": "178" }, "geometry": { "type": "Polygon", "coordinates": [ [ [ -71.678777, -35.460891 ], [ -71.67775, -35.459186 ], [ -71.676625, -35.455567 ], [ -71.676884, -35.4555 ], [ -71.676744, -35.455439 ], [ -71.671845, -35.456401 ], [ -71.671594, -35.455964 ], [ -71.671395, -35.455521 ], [ -71.671356, -35.455528 ], [ -71.669122, -35.455933 ], [ -71.668364, -35.456817 ], [ -71.668145, -35.457072 ], [ -71.668169, -35.457092 ], [ -71.668161, -35.457186 ], [ -71.668186, -35.457207 ], [ -71.669233, -35.458086 ], [ -71.669527, -35.458333 ], [ -71.669785, -35.458627 ], [ -71.670031, -35.458906 ], [ -71.670209, -35.459064 ], [ -71.67057, -35.459332 ], [ -71.671113, -35.459703 ], [ -71.671749, -35.460163 ], [ -71.672297, -35.460541 ], [ -71.672463, -35.460654 ], [ -71.672787, -35.460869 ], [ -71.672911, -35.460946 ], [ -71.673024, -35.461026 ], [ -71.67322, -35.461177 ], [ -71.673389, -35.461393 ], [ -71.6735, -35.461535 ], [ -71.673594, -35.461656 ], [ -71.673735, -35.461815 ], [ -71.673752, -35.461821 ], [ -71.673835, -35.461958 ], [ -71.674216, -35.462464 ], [ -71.674407, -35.462714 ], [ -71.674596, -35.462928 ], [ -71.674628, -35.462965 ], [ -71.674632, -35.46297 ], [ -71.674955, -35.46282 ], [ -71.678777, -35.460891 ] ] ] } },
{ "type": "Feature", "properties": { "zona": "179" }, "geometry": { "type": "Polygon", "coordinates": [ [ [ -71.689808, -35.453237 ], [ -71.690095, -35.452546 ], [ -71.690222, -35.45198 ], [ -71.690257, -35.451518 ], [ -71.690279, -35.451121 ], [ -71.689991, -35.451102 ], [ -71.689844, -35.451086 ], [ -71.689598, -35.451071 ], [ -71.689032, -35.451019 ], [ -71.688533, -35.450995 ], [ -71.687931, -35.450994 ], [ -71.687758, -35.451003 ], [ -71.687144, -35.451032 ], [ -71.686702, -35.451059 ], [ -71.686485, -35.451037 ], [ -71.68614, -35.450898 ], [ -71.6859, -35.450762 ], [ -71.685784, -35.450713 ], [ -71.685541, -35.450502 ], [ -71.685381, -35.450455 ], [ -71.685248, -35.450534 ], [ -71.685101, -35.450726 ], [ -71.684971, -35.450819 ], [ -71.684661, -35.450836 ], [ -71.684234, -35.450746 ], [ -71.683888, -35.450645 ], [ -71.68358, -35.450559 ], [ -71.683207, -35.450565 ], [ -71.682308, -35.450712 ], [ -71.680996, -35.450728 ], [ -71.680083, -35.450693 ], [ -71.679545, -35.450767 ], [ -71.679208, -35.450832 ], [ -71.679016, -35.450921 ], [ -71.678911, -35.451023 ], [ -71.678657, -35.450918 ], [ -71.678636, -35.450938 ], [ -71.678638, -35.450939 ], [ -71.679575, -35.4548 ], [ -71.680825, -35.454584 ], [ -71.683772, -35.453943 ], [ -71.684072, -35.453878 ], [ -71.685417, -35.453724 ], [ -71.686571, -35.453818 ], [ -71.687194, -35.453665 ], [ -71.689022, -35.453362 ], [ -71.689808, -35.453237 ] ] ] } },
{ "type": "Feature", "properties": { "zona": "180" }, "geometry": { "type": "Polygon", "coordinates": [ [ [ -71.689838, -35.453241 ], [ -71.689808, -35.453237 ], [ -71.689022, -35.453362 ], [ -71.687194, -35.453665 ], [ -71.686571, -35.453818 ], [ -71.685417, -35.453724 ], [ -71.684072, -35.453878 ], [ -71.683772, -35.453943 ], [ -71.683788, -35.454007 ], [ -71.68422, -35.454796 ], [ -71.684413, -35.45481 ], [ -71.686594, -35.457935 ], [ -71.688172, -35.455186 ], [ -71.688944, -35.4543 ], [ -71.689838, -35.453241 ] ] ] } },
{ "type": "Feature", "properties": { "zona": "181" }, "geometry": { "type": "Polygon", "coordinates": [ [ [ -71.63049, -35.455066 ], [ -71.634445, -35.453556 ], [ -71.638691, -35.45203 ], [ -71.639735, -35.45139 ], [ -71.640488, -35.450966 ], [ -71.640515, -35.450803 ], [ -71.640463, -35.450727 ], [ -71.640397, -35.45067 ], [ -71.640319, -35.450609 ], [ -71.640096, -35.450303 ], [ -71.640063, -35.450137 ], [ -71.640063, -35.450133 ], [ -71.640067, -35.449844 ], [ -71.640052, -35.449515 ], [ -71.640039, -35.449128 ], [ -71.640074, -35.448757 ], [ -71.640008, -35.44806 ], [ -71.639965, -35.447705 ], [ -71.639474, -35.448243 ], [ -71.639396, -35.448322 ], [ -71.638964, -35.448547 ], [ -71.638601, -35.448524 ], [ -71.638485, -35.448551 ], [ -71.638453, -35.448559 ], [ -71.637956, -35.448777 ], [ -71.637804, -35.448803 ], [ -71.637614, -35.448789 ], [ -71.637443, -35.448774 ], [ -71.637239, -35.448747 ], [ -71.636964, -35.448726 ], [ -71.636593, -35.448721 ], [ -71.636218, -35.448801 ], [ -71.636048, -35.448867 ], [ -71.636008, -35.448882 ], [ -71.635488, -35.449088 ], [ -71.634826, -35.449251 ], [ -71.634202, -35.449364 ], [ -71.633948, -35.449446 ], [ -71.633506, -35.449595 ], [ -71.633007, -35.449863 ], [ -71.632746, -35.450031 ], [ -71.632525, -35.450157 ], [ -71.632333, -35.450243 ], [ -71.632237, -35.450303 ], [ -71.632132, -35.450333 ], [ -71.631929, -35.450369 ], [ -71.631769, -35.45039 ], [ -71.631646, -35.450447 ], [ -71.631587, -35.450488 ], [ -71.631526, -35.450531 ], [ -71.631408, -35.450623 ], [ -71.631343, -35.450688 ], [ -71.631314, -35.450752 ], [ -71.631293, -35.450838 ], [ -71.631277, -35.450906 ], [ -71.631268, -35.45105 ], [ -71.631246, -35.451145 ], [ -71.631174, -35.451237 ], [ -71.631129, -35.451265 ], [ -71.630957, -35.451381 ], [ -71.630809, -35.451506 ], [ -71.630752, -35.451566 ], [ -71.630589, -35.451741 ], [ -71.630457, -35.451951 ], [ -71.630354, -35.452075 ], [ -71.630159, -35.452296 ], [ -71.630013, -35.452533 ], [ -71.629995, -35.452592 ], [ -71.629864, -35.452901 ], [ -71.629794, -35.453043 ], [ -71.62978, -35.453093 ], [ -71.629768, -35.453126 ], [ -71.629763, -35.453123 ], [ -71.629699, -35.45324 ], [ -71.62935, -35.45386 ], [ -71.630263, -35.454333 ], [ -71.630443, -35.45475 ], [ -71.63049, -35.455066 ] ] ] } },
{ "type": "Feature", "properties": { "zona": "182" }, "geometry": { "type": "Polygon", "coordinates": [ [ [ -71.670902, -35.452933 ], [ -71.670877, -35.452696 ], [ -71.670738, -35.452162 ], [ -71.669834, -35.452035 ], [ -71.669459, -35.451971 ], [ -71.669074, -35.451996 ], [ -71.668688, -35.452025 ], [ -71.668489, -35.452062 ], [ -71.668284, -35.452125 ], [ -71.668027, -35.452146 ], [ -71.667538, -35.452256 ], [ -71.667353, -35.45229 ], [ -71.666982, -35.452347 ], [ -71.666553, -35.452465 ], [ -71.66613, -35.452596 ], [ -71.665658, -35.45262 ], [ -71.665375, -35.452617 ], [ -71.664916, -35.452532 ], [ -71.664636, -35.452426 ], [ -71.664378, -35.452282 ], [ -71.664016, -35.452135 ], [ -71.663534, -35.452022 ], [ -71.662683, -35.45184 ], [ -71.662059, -35.4518 ], [ -71.661987, -35.451795 ], [ -71.661745, -35.451784 ], [ -71.661458, -35.451644 ], [ -71.661294, -35.451536 ], [ -71.660847, -35.451438 ], [ -71.660246, -35.451317 ], [ -71.660214, -35.45131 ], [ -71.660093, -35.451305 ], [ -71.659915, -35.451198 ], [ -71.659532, -35.45109 ], [ -71.659143, -35.451025 ], [ -71.659006, -35.451032 ], [ -71.658832, -35.451039 ], [ -71.658467, -35.451068 ], [ -71.658299, -35.451098 ], [ -71.658189, -35.451204 ], [ -71.658122, -35.451283 ], [ -71.658051, -35.451355 ], [ -71.657952, -35.451422 ], [ -71.657876, -35.451467 ], [ -71.657799, -35.4515 ], [ -71.657617, -35.451527 ], [ -71.657409, -35.451567 ], [ -71.6572, -35.45163 ], [ -71.65698, -35.451697 ], [ -71.656871, -35.451737 ], [ -71.656691, -35.451794 ], [ -71.656532, -35.451862 ], [ -71.656437, -35.451917 ], [ -71.656276, -35.452041 ], [ -71.655573, -35.452568 ], [ -71.655479, -35.452632 ], [ -71.655169, -35.452892 ], [ -71.65476, -35.453175 ], [ -71.654451, -35.453376 ], [ -71.65414, -35.453604 ], [ -71.653945, -35.453745 ], [ -71.653848, -35.453826 ], [ -71.653452, -35.454127 ], [ -71.652827, -35.454577 ], [ -71.652434, -35.4548 ], [ -71.652377, -35.454832 ], [ -71.652378, -35.454841 ], [ -71.652358, -35.454843 ], [ -71.652401, -35.455146 ], [ -71.652429, -35.455315 ], [ -71.652436, -35.45532 ], [ -71.652436, -35.455359 ], [ -71.652558, -35.455861 ], [ -71.652667, -35.456174 ], [ -71.653037, -35.456958 ], [ -71.654081, -35.459108 ], [ -71.654116, -35.459097 ], [ -71.665152, -35.455015 ], [ -71.665092, -35.454974 ], [ -71.665537, -35.454804 ], [ -71.666262, -35.454529 ], [ -71.667203, -35.454232 ], [ -71.668417, -35.453849 ], [ -71.669409, -35.453537 ], [ -71.670902, -35.452933 ] ] ] } },
{ "type": "Feature", "properties": { "zona": "183" }, "geometry": { "type": "Polygon", "coordinates": [ [ [ -71.624162, -35.458901 ], [ -71.624322, -35.458857 ], [ -71.624603, -35.458781 ], [ -71.624949, -35.458687 ], [ -71.625201, -35.458695 ], [ -71.625497, -35.458705 ], [ -71.625916, -35.458718 ], [ -71.626289, -35.458713 ], [ -71.626653, -35.458697 ], [ -71.62702, -35.458648 ], [ -71.627195, -35.458601 ], [ -71.627423, -35.458539 ], [ -71.627897, -35.458453 ], [ -71.628279, -35.45842 ], [ -71.628468, -35.458574 ], [ -71.628585, -35.458669 ], [ -71.628957, -35.458901 ], [ -71.629198, -35.458911 ], [ -71.629373, -35.458918 ], [ -71.629703, -35.45858 ], [ -71.629712, -35.458434 ], [ -71.629731, -35.458148 ], [ -71.62975, -35.457867 ], [ -71.629971, -35.45751 ], [ -71.630176, -35.457197 ], [ -71.630413, -35.456836 ], [ -71.630458, -35.456608 ], [ -71.630506, -35.456368 ], [ -71.630583, -35.455976 ], [ -71.630573, -35.455842 ], [ -71.630535, -35.455364 ], [ -71.63049, -35.455066 ], [ -71.630443, -35.45475 ], [ -71.630263, -35.454333 ], [ -71.62935, -35.45386 ], [ -71.629699, -35.45324 ], [ -71.629763, -35.453123 ], [ -71.629005, -35.452647 ], [ -71.628206, -35.452179 ], [ -71.627712, -35.45189 ], [ -71.627248, -35.451543 ], [ -71.62688, -35.451175 ], [ -71.626844, -35.451135 ], [ -71.624609, -35.448652 ], [ -71.624102, -35.448097 ], [ -71.622335, -35.446167 ], [ -71.618293, -35.448269 ], [ -71.618293, -35.44827 ], [ -71.62001, -35.451445 ], [ -71.62121, -35.453464 ], [ -71.621871, -35.454669 ], [ -71.621974, -35.454872 ], [ -71.622098, -35.455116 ], [ -71.622573, -35.455801 ], [ -71.623195, -35.457186 ], [ -71.623702, -35.458417 ], [ -71.623914, -35.458684 ], [ -71.624007, -35.458872 ], [ -71.624162, -35.458901 ] ] ] } },
{ "type": "Feature", "properties": { "zona": "184" }, "geometry": { "type": "Polygon", "coordinates": [ [ [ -71.694032, -35.432264 ], [ -71.694134, -35.432182 ], [ -71.694037, -35.432226 ], [ -71.693661, -35.43166 ], [ -71.69347, -35.430952 ], [ -71.69352, -35.430737 ], [ -71.692858, -35.430829 ], [ -71.691776, -35.431238 ], [ -71.689773, -35.431976 ], [ -71.687897, -35.43272 ], [ -71.686904, -35.433149 ], [ -71.685496, -35.434354 ], [ -71.684637, -35.435353 ], [ -71.684631, -35.436107 ], [ -71.683986, -35.436588 ], [ -71.68236, -35.437507 ], [ -71.681694, -35.437883 ], [ -71.682081, -35.438487 ], [ -71.682712, -35.43927 ], [ -71.686034, -35.437258 ], [ -71.68764, -35.436262 ], [ -71.688545, -35.435708 ], [ -71.689694, -35.434964 ], [ -71.690552, -35.434412 ], [ -71.690631, -35.434364 ], [ -71.691663, -35.433739 ], [ -71.692632, -35.433152 ], [ -71.692912, -35.432985 ], [ -71.693036, -35.432907 ], [ -71.693167, -35.432828 ], [ -71.69357, -35.432584 ], [ -71.693825, -35.432429 ], [ -71.694032, -35.432264 ] ] ] } },
{ "type": "Feature", "properties": { "zona": "185" }, "geometry": { "type": "Polygon", "coordinates": [ [ [ -71.676432, -35.430203 ], [ -71.676459, -35.430187 ], [ -71.677362, -35.429529 ], [ -71.679346, -35.428139 ], [ -71.680573, -35.427268 ], [ -71.681205, -35.426449 ], [ -71.682388, -35.424826 ], [ -71.682109, -35.42485 ], [ -71.681594, -35.424791 ], [ -71.681209, -35.424747 ], [ -71.681067, -35.424567 ], [ -71.680964, -35.424322 ], [ -71.680682, -35.42417 ], [ -71.680028, -35.423706 ], [ -71.678969, -35.423247 ], [ -71.677036, -35.424539 ], [ -71.676123, -35.424803 ], [ -71.675809, -35.424835 ], [ -71.67561, -35.42543 ], [ -71.675336, -35.426116 ], [ -71.675281, -35.427091 ], [ -71.675425, -35.428349 ], [ -71.675628, -35.428917 ], [ -71.675719, -35.429085 ], [ -71.67587, -35.429364 ], [ -71.675919, -35.429437 ], [ -71.676432, -35.430203 ] ] ] } },
{ "type": "Feature", "properties": { "zona": "186" }, "geometry": { "type": "Polygon", "coordinates": [ [ [ -71.640156, -35.428237 ], [ -71.64045, -35.428075 ], [ -71.645187, -35.427715 ], [ -71.64498, -35.42609 ], [ -71.645073, -35.425557 ], [ -71.644412, -35.425882 ], [ -71.642574, -35.426705 ], [ -71.641011, -35.427388 ], [ -71.639962, -35.427783 ], [ -71.640156, -35.428237 ] ] ] } },
{ "type": "Feature", "properties": { "zona": "187" }, "geometry": { "type": "Polygon", "coordinates": [ [ [ -71.648382, -35.423127 ], [ -71.647459, -35.423564 ], [ -71.647143, -35.423889 ], [ -71.646851, -35.424188 ], [ -71.646291, -35.424906 ], [ -71.645467, -35.425363 ], [ -71.645073, -35.425557 ], [ -71.64498, -35.42609 ], [ -71.645187, -35.427715 ], [ -71.647653, -35.427484 ], [ -71.648973, -35.427361 ], [ -71.648737, -35.426529 ], [ -71.648711, -35.426283 ], [ -71.648382, -35.423127 ] ] ] } },
{ "type": "Feature", "properties": { "zona": "188" }, "geometry": { "type": "Polygon", "coordinates": [ [ [ -71.67553, -35.421233 ], [ -71.675511, -35.420943 ], [ -71.675483, -35.420515 ], [ -71.675539, -35.420004 ], [ -71.675081, -35.419298 ], [ -71.674805, -35.418671 ], [ -71.674437, -35.417878 ], [ -71.674204, -35.416976 ], [ -71.673957, -35.416462 ], [ -71.672716, -35.4167 ], [ -71.671412, -35.417071 ], [ -71.672123, -35.419121 ], [ -71.670021, -35.419764 ], [ -71.671066, -35.421202 ], [ -71.671165, -35.42155 ], [ -71.67553, -35.421233 ] ] ] } },
{ "type": "Feature", "properties": { "zona": "189" }, "geometry": { "type": "Polygon", "coordinates": [ [ [ -71.67553, -35.421233 ], [ -71.671165, -35.42155 ], [ -71.670906, -35.421568 ], [ -71.670378, -35.421606 ], [ -71.670639, -35.424235 ], [ -71.670688, -35.425813 ], [ -71.670736, -35.426346 ], [ -71.670482, -35.42669 ], [ -71.670648, -35.426807 ], [ -71.670825, -35.426631 ], [ -71.670959, -35.426525 ], [ -71.671143, -35.426377 ], [ -71.67122, -35.42631 ], [ -71.671365, -35.426183 ], [ -71.671452, -35.426133 ], [ -71.672155, -35.425948 ], [ -71.672276, -35.425937 ], [ -71.672816, -35.426087 ], [ -71.673075, -35.426159 ], [ -71.673436, -35.426189 ], [ -71.673774, -35.426143 ], [ -71.673956, -35.425968 ], [ -71.674537, -35.425589 ], [ -71.675112, -35.424931 ], [ -71.675411, -35.424831 ], [ -71.675778, -35.424748 ], [ -71.675955, -35.424351 ], [ -71.676018, -35.424005 ], [ -71.675931, -35.423578 ], [ -71.675802, -35.422746 ], [ -71.67565, -35.421723 ], [ -71.67553, -35.421233 ] ] ] } },
{ "type": "Feature", "properties": { "zona": "190" }, "geometry": { "type": "Polygon", "coordinates": [ [ [ -71.670639, -35.424235 ], [ -71.670378, -35.421606 ], [ -71.66486, -35.422006 ], [ -71.665128, -35.424634 ], [ -71.667579, -35.42449 ], [ -71.670639, -35.424235 ] ] ] } },
{ "type": "Feature", "properties": { "zona": "191" }, "geometry": { "type": "Polygon", "coordinates": [ [ [ -71.665128, -35.424634 ], [ -71.66486, -35.422006 ], [ -71.664453, -35.422036 ], [ -71.658078, -35.422494 ], [ -71.658232, -35.425202 ], [ -71.659434, -35.425052 ], [ -71.661022, -35.424922 ], [ -71.665128, -35.424634 ] ] ] } },
{ "type": "Feature", "properties": { "zona": "192" }, "geometry": { "type": "Polygon", "coordinates": [ [ [ -71.658232, -35.425202 ], [ -71.658078, -35.422494 ], [ -71.657931, -35.422505 ], [ -71.651342, -35.422968 ], [ -71.651344, -35.423015 ], [ -71.651752, -35.425699 ], [ -71.652951, -35.425623 ], [ -71.656087, -35.425389 ], [ -71.658232, -35.425202 ] ] ] } },
{ "type": "Feature", "properties": { "zona": "193" }, "geometry": { "type": "Polygon", "coordinates": [ [ [ -71.651752, -35.425699 ], [ -71.651344, -35.423015 ], [ -71.651342, -35.422968 ], [ -71.650055, -35.423058 ], [ -71.649729, -35.423094 ], [ -71.648382, -35.423127 ], [ -71.648711, -35.426283 ], [ -71.648938, -35.426283 ], [ -71.649545, -35.42618 ], [ -71.650079, -35.425829 ], [ -71.650394, -35.425807 ], [ -71.651752, -35.425699 ] ] ] } },
{ "type": "Feature", "properties": { "zona": "194" }, "geometry": { "type": "Polygon", "coordinates": [ [ [ -71.65043, -35.429529 ], [ -71.650739, -35.429503 ], [ -71.651174, -35.429466 ], [ -71.652256, -35.429376 ], [ -71.652032, -35.428207 ], [ -71.651877, -35.426783 ], [ -71.651752, -35.425699 ], [ -71.650394, -35.425807 ], [ -71.650079, -35.425829 ], [ -71.649545, -35.42618 ], [ -71.648938, -35.426283 ], [ -71.648711, -35.426283 ], [ -71.648737, -35.426529 ], [ -71.648973, -35.427361 ], [ -71.649094, -35.428496 ], [ -71.650288, -35.428396 ], [ -71.65043, -35.429529 ] ] ] } }
]
}
