{
"type": "FeatureCollection",
"name": "Temuco - Padre las Casas",
"crs": { "type": "name", "properties": { "name": "urn:ogc:def:crs:OGC:1.3:CRS84" } },
"features": [
{ "type": "Feature", "properties": { "zona": "80" }, "geometry": { "type": "Polygon", "coordinates": [ [ [ -72.738560999990199, -38.764768000002277 ], [ -72.732854999990067, -38.764635000002293 ], [ -72.731099999990036, -38.765474000002271 ], [ -72.723853999989871, -38.769055000002268 ], [ -72.721717999989806, -38.769809000002283 ], [ -72.721815999989801, -38.769997000002277 ], [ -72.723114999989846, -38.772473000002286 ], [ -72.723403999989856, -38.775061000002296 ], [ -72.727155999989932, -38.775399000002281 ], [ -72.733073999990069, -38.773598000002295 ], [ -72.749959999990466, -38.77720000000231 ], [ -72.754000999990552, -38.776749000002297 ], [ -72.756135999990605, -38.776045000002298 ], [ -72.756864999990611, -38.770791000002291 ], [ -72.755931999990594, -38.770658000002292 ], [ -72.756596999990606, -38.768483000002298 ], [ -72.756596999990606, -38.768148000002292 ], [ -72.756854999990622, -38.76746200000229 ], [ -72.757028999990624, -38.766828000002292 ], [ -72.75695099999065, -38.766827000002294 ], [ -72.75294599999053, -38.7661410000023 ], [ -72.747908999990415, -38.764981000002294 ], [ -72.746755999990384, -38.764745000002286 ], [ -72.746088999990377, -38.764839000002283 ], [ -72.74400999999034, -38.765029000002286 ], [ -72.742629999990285, -38.764863000002293 ], [ -72.740186999990229, -38.764840000002295 ], [ -72.738560999990199, -38.764768000002277 ] ] ] } },
{ "type": "Feature", "properties": { "zona": "79" }, "geometry": { "type": "Polygon", "coordinates": [ [ [ -72.738778999990203, -38.755968000002291 ], [ -72.738120999990187, -38.756147000002279 ], [ -72.735640999990153, -38.756282000002273 ], [ -72.737988999990193, -38.761694000002272 ], [ -72.738603999990204, -38.762285000002286 ], [ -72.73915899999021, -38.762551000002283 ], [ -72.740077999990234, -38.762751000002275 ], [ -72.739735999990216, -38.764385000002292 ], [ -72.738560999990199, -38.764768000002277 ], [ -72.740186999990229, -38.764840000002295 ], [ -72.742629999990285, -38.764863000002293 ], [ -72.74400999999034, -38.765029000002286 ], [ -72.746088999990377, -38.764839000002283 ], [ -72.746755999990384, -38.764745000002286 ], [ -72.747908999990415, -38.764981000002294 ], [ -72.75294599999053, -38.7661410000023 ], [ -72.75695099999065, -38.766827000002294 ], [ -72.757028999990624, -38.766828000002292 ], [ -72.757626999990634, -38.764652000002293 ], [ -72.757626999990634, -38.764317000002293 ], [ -72.757626999990634, -38.764033000002286 ], [ -72.757669999990625, -38.763715000002286 ], [ -72.75771299999063, -38.763230000002288 ], [ -72.75781999999063, -38.762142000002285 ], [ -72.757825999990629, -38.761868000002288 ], [ -72.75375999999055, -38.761691000002294 ], [ -72.753790999990542, -38.760689000002294 ], [ -72.757892999990631, -38.760618000002296 ], [ -72.761023999990712, -38.760532000002279 ], [ -72.761071999990719, -38.759895000002295 ], [ -72.762944999990765, -38.759534000002297 ], [ -72.762816999990747, -38.758298000002284 ], [ -72.76148799999072, -38.758211000002284 ], [ -72.760623999990685, -38.758286000002286 ], [ -72.759904999990695, -38.756372000002287 ], [ -72.759414999990668, -38.754133000002277 ], [ -72.760639999990701, -38.754128000002275 ], [ -72.760206999990686, -38.743549000002282 ], [ -72.757897999990632, -38.742649000002274 ], [ -72.75501999999058, -38.741334000002283 ], [ -72.753711999990543, -38.740736000002279 ], [ -72.752268999990505, -38.740173000002279 ], [ -72.750392999990481, -38.740736000002272 ], [ -72.748948999990432, -38.741298000002281 ], [ -72.745918999990366, -38.740736000002286 ], [ -72.745914999990362, -38.753143000002297 ], [ -72.745141999990366, -38.753387000002277 ], [ -72.744466999990323, -38.753182000002283 ], [ -72.74374199999032, -38.753323000002268 ], [ -72.743676999990313, -38.754774000002286 ], [ -72.7436089999903, -38.755929000002268 ], [ -72.738778999990203, -38.755968000002291 ] ] ] } },
{ "type": "Feature", "properties": { "zona": "81" }, "geometry": { "type": "Polygon", "coordinates": [ [ [ -72.761023999990712, -38.760532000002279 ], [ -72.757892999990631, -38.760618000002296 ], [ -72.753790999990542, -38.760689000002294 ], [ -72.75375999999055, -38.761691000002294 ], [ -72.757825999990629, -38.761868000002288 ], [ -72.75781999999063, -38.762142000002285 ], [ -72.75771299999063, -38.763230000002288 ], [ -72.757669999990625, -38.763715000002286 ], [ -72.757626999990634, -38.764033000002286 ], [ -72.757626999990634, -38.764317000002293 ], [ -72.757626999990634, -38.764652000002293 ], [ -72.757028999990624, -38.766828000002292 ], [ -72.758862999990669, -38.766850000002286 ], [ -72.760622999990701, -38.766992000002304 ], [ -72.76201899999073, -38.7671820000023 ], [ -72.762867999990746, -38.767347000002289 ], [ -72.766084999990824, -38.767939000002293 ], [ -72.767934999990857, -38.768175000002302 ], [ -72.769270999990894, -38.768246000002293 ], [ -72.770392999990918, -38.767962000002306 ], [ -72.773426999990988, -38.767134000002308 ], [ -72.774132999990982, -38.766953000002289 ], [ -72.776177999991049, -38.766753000002311 ], [ -72.779044999991086, -38.766585000002301 ], [ -72.779774999991119, -38.766539000002311 ], [ -72.778403999991085, -38.762681000002303 ], [ -72.776953999991065, -38.758843000002308 ], [ -72.775108999991019, -38.75375100000231 ], [ -72.760639999990701, -38.754128000002275 ], [ -72.759414999990668, -38.754133000002277 ], [ -72.759904999990695, -38.756372000002287 ], [ -72.760623999990685, -38.758286000002286 ], [ -72.76148799999072, -38.758211000002284 ], [ -72.762816999990747, -38.758298000002284 ], [ -72.762944999990765, -38.759534000002297 ], [ -72.761071999990719, -38.759895000002295 ], [ -72.761023999990712, -38.760532000002279 ] ] ] } },
{ "type": "Feature", "properties": { "zona": "82" }, "geometry": { "type": "Polygon", "coordinates": [ [ [ -72.756135999990605, -38.776045000002298 ], [ -72.757752999990629, -38.775511000002311 ], [ -72.760783999990707, -38.77708700000229 ], [ -72.763814999990771, -38.778212000002299 ], [ -72.766700999990832, -38.778100000002311 ], [ -72.771463999990928, -38.779788000002306 ], [ -72.783009999991179, -38.77922500000232 ], [ -72.794915999991431, -38.780799000002318 ], [ -72.79749699999148, -38.7807640000023 ], [ -72.79953399999151, -38.779705000002338 ], [ -72.79785899999149, -38.775999000002308 ], [ -72.796998999991487, -38.774834000002315 ], [ -72.796998999991487, -38.773245000002312 ], [ -72.796092999991458, -38.771939000002305 ], [ -72.79582199999146, -38.771022000002311 ], [ -72.795096999991443, -38.770104000002306 ], [ -72.795368999991439, -38.769363000002301 ], [ -72.793693999991419, -38.766115000002308 ], [ -72.791112999991356, -38.765833000002317 ], [ -72.779774999991119, -38.766539000002311 ], [ -72.779044999991086, -38.766585000002301 ], [ -72.776177999991049, -38.766753000002311 ], [ -72.774132999990982, -38.766953000002289 ], [ -72.773426999990988, -38.767134000002308 ], [ -72.770392999990918, -38.767962000002306 ], [ -72.769270999990894, -38.768246000002293 ], [ -72.767934999990857, -38.768175000002302 ], [ -72.766084999990824, -38.767939000002293 ], [ -72.762867999990746, -38.767347000002289 ], [ -72.76201899999073, -38.7671820000023 ], [ -72.760622999990701, -38.766992000002304 ], [ -72.758862999990669, -38.766850000002286 ], [ -72.757028999990624, -38.766828000002292 ], [ -72.756854999990622, -38.76746200000229 ], [ -72.756596999990606, -38.768148000002292 ], [ -72.756596999990606, -38.768483000002298 ], [ -72.755931999990594, -38.770658000002292 ], [ -72.756864999990611, -38.770791000002291 ], [ -72.756135999990605, -38.776045000002298 ] ] ] } },
{ "type": "Feature", "properties": { "zona": "78" }, "geometry": { "type": "Polygon", "coordinates": [ [ [ -72.654432999988089, -38.735445000002215 ], [ -72.654066999988075, -38.73559500000222 ], [ -72.65412699998808, -38.736266000002225 ], [ -72.654819999988106, -38.736743000002221 ], [ -72.655390999988114, -38.736812000002232 ], [ -72.656843999988155, -38.737162000002236 ], [ -72.65742099998819, -38.73742800000224 ], [ -72.65754899998818, -38.738178000002243 ], [ -72.658104999988197, -38.738328000002241 ], [ -72.658381999988208, -38.738695000002217 ], [ -72.65878799998822, -38.738745000002233 ], [ -72.659172999988215, -38.739011000002229 ], [ -72.659364999988227, -38.739628000002249 ], [ -72.658958999988215, -38.739678000002236 ], [ -72.66092599998828, -38.745404000002232 ], [ -72.662828999988321, -38.750588000002239 ], [ -72.664456999988374, -38.755209000002239 ], [ -72.665030999988389, -38.756623000002236 ], [ -72.662794999988321, -38.757353000002247 ], [ -72.660981999988252, -38.757165000002232 ], [ -72.658563999988232, -38.757235000002233 ], [ -72.656294999988148, -38.757579000002245 ], [ -72.659236999988224, -38.757972000002233 ], [ -72.65928499998823, -38.758823000002245 ], [ -72.661297999988278, -38.758786000002232 ], [ -72.664807999988369, -38.758630000002242 ], [ -72.668704999988492, -38.76166900000225 ], [ -72.669570999988494, -38.767296000002268 ], [ -72.673322999988599, -38.76965900000225 ], [ -72.677508999988717, -38.772248000002264 ], [ -72.681405999988812, -38.774273000002268 ], [ -72.688476999988993, -38.766733000002262 ], [ -72.697280999989218, -38.767521000002262 ], [ -72.703053999989365, -38.765608000002267 ], [ -72.708105999989471, -38.767183000002269 ], [ -72.711135999989551, -38.767071000002275 ], [ -72.717774999989715, -38.766283000002282 ], [ -72.720228999989786, -38.766958000002269 ], [ -72.721717999989806, -38.769809000002283 ], [ -72.723853999989871, -38.769055000002268 ], [ -72.731099999990036, -38.765474000002271 ], [ -72.732854999990067, -38.764635000002293 ], [ -72.738560999990199, -38.764768000002277 ], [ -72.739735999990216, -38.764385000002292 ], [ -72.740077999990234, -38.762751000002275 ], [ -72.73915899999021, -38.762551000002283 ], [ -72.738603999990204, -38.762285000002286 ], [ -72.737988999990193, -38.761694000002272 ], [ -72.735640999990153, -38.756282000002273 ], [ -72.738120999990187, -38.756147000002279 ], [ -72.738778999990203, -38.755968000002291 ], [ -72.740112999990231, -38.754953000002288 ], [ -72.739914999990233, -38.753297000002277 ], [ -72.739239999990218, -38.752734000002278 ], [ -72.736865999990158, -38.751790000002273 ], [ -72.736564999990151, -38.743400000002275 ], [ -72.734841999990124, -38.743219000002277 ], [ -72.7346769999901, -38.746997000002288 ], [ -72.71171399998957, -38.747488000002271 ], [ -72.713282999989588, -38.753314000002256 ], [ -72.710674999989536, -38.75095400000226 ], [ -72.70965099998952, -38.750337000002268 ], [ -72.708113999989465, -38.749284000002255 ], [ -72.705362999989404, -38.746700000002271 ], [ -72.701066999989322, -38.745230000002259 ], [ -72.703266999989367, -38.751274000002255 ], [ -72.703936999989381, -38.753960000002266 ], [ -72.703654999989354, -38.75501100000227 ], [ -72.703052999989339, -38.755920000002249 ], [ -72.702644999989346, -38.75652600000226 ], [ -72.702819999989345, -38.757647000002265 ], [ -72.701927999989323, -38.75754100000227 ], [ -72.701808999989325, -38.757011000002272 ], [ -72.701964999989329, -38.756374000002268 ], [ -72.702138999989344, -38.755829000002265 ], [ -72.702405999989324, -38.755527000002274 ], [ -72.702002999989318, -38.755435000002272 ], [ -72.701847999989326, -38.755041000002251 ], [ -72.701711999989342, -38.754738000002263 ], [ -72.700992999989296, -38.754405000002258 ], [ -72.700588999989293, -38.754706000002258 ], [ -72.700468999989297, -38.754541000002263 ], [ -72.700506999989287, -38.754087000002265 ], [ -72.700409999989276, -38.753920000002282 ], [ -72.699690999989286, -38.753981000002263 ], [ -72.69955499998926, -38.753859000002272 ], [ -72.699344999989265, -38.753587000002256 ], [ -72.699399999989268, -38.753314000002256 ], [ -72.699010999989255, -38.752935000002267 ], [ -72.699010999989255, -38.752420000002253 ], [ -72.699263999989256, -38.752162000002258 ], [ -72.699185999989254, -38.751844000002258 ], [ -72.698777999989247, -38.751405000002258 ], [ -72.69886499998924, -38.750907000002258 ], [ -72.69878399998926, -38.750525000002256 ], [ -72.698097999989244, -38.750347000002243 ], [ -72.697508999989211, -38.750105000002257 ], [ -72.697574999989229, -38.749761000002259 ], [ -72.697476999989206, -38.749404000002258 ], [ -72.697240999989205, -38.749110000002261 ], [ -72.696937999989203, -38.748894000002252 ], [ -72.696904999989215, -38.748640000002247 ], [ -72.696169999989195, -38.748461000002251 ], [ -72.695368999989171, -38.748002000002259 ], [ -72.694944999989147, -38.747617000002251 ], [ -72.694633999989151, -38.747442000002259 ], [ -72.693898999989131, -38.747353000002249 ], [ -72.693539999989113, -38.747213000002255 ], [ -72.693375999989101, -38.747072000002255 ], [ -72.693735999989116, -38.746805000002254 ], [ -72.694127999989135, -38.746499000002267 ], [ -72.694388999989158, -38.746130000002246 ], [ -72.694110999989121, -38.745824000002258 ], [ -72.693816999989124, -38.745900000002244 ], [ -72.69365399998911, -38.746104000002248 ], [ -72.693130999989108, -38.74613000000226 ], [ -72.692902999989101, -38.745824000002251 ], [ -72.693081999989104, -38.745518000002249 ], [ -72.693539999989113, -38.744677000002241 ], [ -72.693114999989106, -38.744308000002263 ], [ -72.692457999989088, -38.744484000002252 ], [ -72.691405999989072, -38.744633000002246 ], [ -72.690831999989044, -38.744707000002258 ], [ -72.69044999998907, -38.743812000002258 ], [ -72.689396999989015, -38.744409000002271 ], [ -72.688631999989013, -38.743514000002257 ], [ -72.687962999988983, -38.744260000002242 ], [ -72.686049999988924, -38.744260000002242 ], [ -72.680214999988777, -38.744633000002239 ], [ -72.669118999988484, -38.743439000002247 ], [ -72.663442999988334, -38.74056700000223 ], [ -72.654432999988089, -38.735445000002215 ] ] ] } },
{ "type": "Feature", "properties": { "zona": "86" }, "geometry": { "type": "Polygon", "coordinates": [ [ [ -72.598523999986497, -38.725983000002181 ], [ -72.602672999986609, -38.725807000002199 ], [ -72.603004999986624, -38.724886000002201 ], [ -72.603506999986635, -38.724563000002185 ], [ -72.603993999986656, -38.724483000002195 ], [ -72.604429999986664, -38.724263000002196 ], [ -72.604759999986683, -38.723983000002193 ], [ -72.604939999986684, -38.723779000002196 ], [ -72.605004999986676, -38.723664000002188 ], [ -72.605004999986676, -38.723524000002193 ], [ -72.604852999986676, -38.722909000002197 ], [ -72.605506999986716, -38.722421000002186 ], [ -72.605478999986701, -38.721799000002193 ], [ -72.605080999986697, -38.721201000002196 ], [ -72.605023999986685, -38.720646000002191 ], [ -72.605080999986697, -38.719714000002185 ], [ -72.605615999986696, -38.718365000002201 ], [ -72.609085999986789, -38.717714000002196 ], [ -72.613805999986951, -38.713559000002192 ], [ -72.614515999986949, -38.713612000002193 ], [ -72.616307999987015, -38.713743000002204 ], [ -72.617485999987039, -38.7134660000022 ], [ -72.619572999987113, -38.7128410000022 ], [ -72.619936999987118, -38.712179000002195 ], [ -72.620178999987118, -38.711630000002202 ], [ -72.620057999987125, -38.710437000002202 ], [ -72.619815999987111, -38.709869000002193 ], [ -72.61968699998711, -38.709684000002191 ], [ -72.622644999987187, -38.709132000002199 ], [ -72.621950999987163, -38.706196000002201 ], [ -72.621952999987158, -38.705724000002185 ], [ -72.622532999987172, -38.705594000002193 ], [ -72.622712999987186, -38.705804000002203 ], [ -72.62498599998726, -38.705279000002186 ], [ -72.625254999987277, -38.704917000002197 ], [ -72.625386999987285, -38.704482000002201 ], [ -72.624528999987248, -38.69655600000219 ], [ -72.605548999986695, -38.701250000002183 ], [ -72.605373999986696, -38.701752000002188 ], [ -72.605898999986692, -38.703255000002173 ], [ -72.60607399998672, -38.704167000002194 ], [ -72.60607399998672, -38.705580000002179 ], [ -72.60607399998672, -38.706035000002181 ], [ -72.604964999986663, -38.704942000002177 ], [ -72.604497999986677, -38.704577000002189 ], [ -72.603679999986639, -38.704304000002196 ], [ -72.602453999986594, -38.703893000002182 ], [ -72.600292999986522, -38.70352900000217 ], [ -72.599299999986528, -38.703529000002185 ], [ -72.598365999986484, -38.70348300000218 ], [ -72.597664999986449, -38.703483000002173 ], [ -72.597021999986438, -38.704076000002168 ], [ -72.596145999986405, -38.704805000002175 ], [ -72.595853999986403, -38.705033000002182 ], [ -72.594802999986371, -38.705124000002179 ], [ -72.593342999986305, -38.705033000002189 ], [ -72.593376999986347, -38.705624000002182 ], [ -72.593695999986338, -38.705931000002181 ], [ -72.596582999986424, -38.707713000002173 ], [ -72.597858999986457, -38.70943800000218 ], [ -72.598399999986484, -38.710166000002182 ], [ -72.598988999986531, -38.711105000002178 ], [ -72.599528999986504, -38.712235000002188 ], [ -72.599479999986514, -38.713193000002164 ], [ -72.599234999986507, -38.714669000002203 ], [ -72.598901999986495, -38.716351000002184 ], [ -72.598536999986479, -38.71865300000217 ], [ -72.598493999986488, -38.718971000002192 ], [ -72.598785999986504, -38.719393000002192 ], [ -72.599267999986509, -38.719826000002193 ], [ -72.599734999986524, -38.720612000002184 ], [ -72.600187999986545, -38.721763000002184 ], [ -72.600260999986546, -38.722321000002196 ], [ -72.600629999986552, -38.722592000002194 ], [ -72.600953999986572, -38.722812000002186 ], [ -72.601120999986563, -38.723064000002196 ], [ -72.601279999986573, -38.723531000002204 ], [ -72.601399999986583, -38.723898000002187 ], [ -72.601362999986577, -38.724117000002195 ], [ -72.601139999986572, -38.724367000002189 ], [ -72.600445999986547, -38.724792000002182 ], [ -72.599191999986516, -38.725576000002192 ], [ -72.598523999986497, -38.725983000002181 ] ] ] } },
{ "type": "Feature", "properties": { "zona": "88" }, "geometry": { "type": "Polygon", "coordinates": [ [ [ -72.593342999986305, -38.705033000002189 ], [ -72.591550999986268, -38.705289000002182 ], [ -72.589562999986214, -38.705557000002173 ], [ -72.588602999986179, -38.705235000002169 ], [ -72.580647999985928, -38.684630000002166 ], [ -72.579207999985897, -38.684202000002159 ], [ -72.578110999985839, -38.683988000002152 ], [ -72.577081999985808, -38.684095000002166 ], [ -72.576190999985783, -38.683934000002154 ], [ -72.574338999985741, -38.683453000002167 ], [ -72.573721999985707, -38.682757000002155 ], [ -72.572829999985686, -38.682115000002156 ], [ -72.571321999985642, -38.682704000002168 ], [ -72.570635999985612, -38.682811000002154 ], [ -72.569606999985567, -38.682704000002154 ], [ -72.567481999985517, -38.681901000002149 ], [ -72.566726999985491, -38.682008000002156 ], [ -72.565698999985457, -38.681847000002158 ], [ -72.554246999985097, -38.684724000002134 ], [ -72.556154999985139, -38.689622000002139 ], [ -72.561900999985326, -38.703570000002145 ], [ -72.565311999985454, -38.704244000002163 ], [ -72.565433999985459, -38.704982000002168 ], [ -72.565481999985465, -38.705380000002158 ], [ -72.564947999985449, -38.706175000002162 ], [ -72.564826999985428, -38.706648000002154 ], [ -72.564875999985446, -38.706989000002146 ], [ -72.564753999985427, -38.707254000002159 ], [ -72.565190999985447, -38.707784000002171 ], [ -72.565530999985455, -38.708144000002164 ], [ -72.565627999985466, -38.708485000002156 ], [ -72.565821999985474, -38.708863000002182 ], [ -72.566306999985471, -38.709299000002176 ], [ -72.566282999985489, -38.709848000002168 ], [ -72.566355999985475, -38.709943000002156 ], [ -72.566306999985471, -38.710170000002165 ], [ -72.566500999985507, -38.710340000002169 ], [ -72.566355999985475, -38.710567000002165 ], [ -72.566160999985485, -38.710776000002163 ], [ -72.566254999985489, -38.711142000002148 ], [ -72.570198999985607, -38.709284000002157 ], [ -72.570566999985616, -38.709457000002153 ], [ -72.575010999985764, -38.708116000002171 ], [ -72.57601799998578, -38.708384000002162 ], [ -72.576385999985803, -38.708326000002167 ], [ -72.576729999985815, -38.708077000002156 ], [ -72.578816999985889, -38.707330000002166 ], [ -72.579601999985897, -38.70706100000217 ], [ -72.580485999985925, -38.707042000002154 ], [ -72.581787999985991, -38.706544000002175 ], [ -72.582548999986003, -38.70606500000217 ], [ -72.583014999986005, -38.70568200000217 ], [ -72.583604999986022, -38.705222000002173 ], [ -72.584537999986054, -38.704954000002168 ], [ -72.585151999986067, -38.705088000002178 ], [ -72.585838999986095, -38.705356000002162 ], [ -72.58637899998611, -38.705567000002176 ], [ -72.587115999986139, -38.707196000002178 ], [ -72.587336999986135, -38.70706100000217 ], [ -72.588171999986173, -38.70677400000217 ], [ -72.58888399998618, -38.706640000002182 ], [ -72.589472999986214, -38.706506000002172 ], [ -72.589767999986236, -38.706544000002168 ], [ -72.590233999986239, -38.706659000002183 ], [ -72.590626999986242, -38.70662100000218 ], [ -72.591117999986253, -38.706448000002176 ], [ -72.591903999986286, -38.706142000002174 ], [ -72.593082999986308, -38.705835000002175 ], [ -72.593376999986347, -38.705624000002182 ], [ -72.593342999986305, -38.705033000002189 ] ] ] } },
{ "type": "Feature", "properties": { "zona": "87" }, "geometry": { "type": "Polygon", "coordinates": [ [ [ -72.598523999986497, -38.725983000002181 ], [ -72.599191999986516, -38.725576000002192 ], [ -72.600445999986547, -38.724792000002182 ], [ -72.601139999986572, -38.724367000002189 ], [ -72.601362999986577, -38.724117000002195 ], [ -72.601399999986583, -38.723898000002187 ], [ -72.601279999986573, -38.723531000002204 ], [ -72.601120999986563, -38.723064000002196 ], [ -72.600953999986572, -38.722812000002186 ], [ -72.600629999986552, -38.722592000002194 ], [ -72.600260999986546, -38.722321000002196 ], [ -72.600187999986545, -38.721763000002184 ], [ -72.599734999986524, -38.720612000002184 ], [ -72.599267999986509, -38.719826000002193 ], [ -72.598785999986504, -38.719393000002192 ], [ -72.598493999986488, -38.718971000002192 ], [ -72.598536999986479, -38.71865300000217 ], [ -72.598901999986495, -38.716351000002184 ], [ -72.599234999986507, -38.714669000002203 ], [ -72.599479999986514, -38.713193000002164 ], [ -72.599528999986504, -38.712235000002188 ], [ -72.598988999986531, -38.711105000002178 ], [ -72.598399999986484, -38.710166000002182 ], [ -72.597858999986457, -38.70943800000218 ], [ -72.596582999986424, -38.707713000002173 ], [ -72.593695999986338, -38.705931000002181 ], [ -72.593376999986347, -38.705624000002182 ], [ -72.593082999986308, -38.705835000002175 ], [ -72.591903999986286, -38.706142000002174 ], [ -72.591117999986253, -38.706448000002176 ], [ -72.590626999986242, -38.70662100000218 ], [ -72.590233999986239, -38.706659000002183 ], [ -72.589767999986236, -38.706544000002168 ], [ -72.589472999986214, -38.706506000002172 ], [ -72.58888399998618, -38.706640000002182 ], [ -72.588171999986173, -38.70677400000217 ], [ -72.587336999986135, -38.70706100000217 ], [ -72.587115999986139, -38.707196000002178 ], [ -72.58637899998611, -38.705567000002176 ], [ -72.585838999986095, -38.705356000002162 ], [ -72.585151999986067, -38.705088000002178 ], [ -72.584537999986054, -38.704954000002168 ], [ -72.583604999986022, -38.705222000002173 ], [ -72.583014999986005, -38.70568200000217 ], [ -72.582548999986003, -38.70606500000217 ], [ -72.581787999985991, -38.706544000002175 ], [ -72.580485999985925, -38.707042000002154 ], [ -72.579601999985897, -38.70706100000217 ], [ -72.578816999985889, -38.707330000002166 ], [ -72.576729999985815, -38.708077000002156 ], [ -72.576385999985803, -38.708326000002167 ], [ -72.57601799998578, -38.708384000002162 ], [ -72.575010999985764, -38.708116000002171 ], [ -72.570566999985616, -38.709457000002153 ], [ -72.570198999985607, -38.709284000002157 ], [ -72.566254999985489, -38.711142000002148 ], [ -72.566030999985472, -38.711938000002164 ], [ -72.566458999985485, -38.712304000002163 ], [ -72.566805999985505, -38.712256000002149 ], [ -72.568233999985537, -38.713355000002167 ], [ -72.569889999985605, -38.714567000002155 ], [ -72.570011999985596, -38.714997000002164 ], [ -72.570358999985615, -38.715618000002159 ], [ -72.570133999985615, -38.715968000002178 ], [ -72.57017499998561, -38.716382000002156 ], [ -72.570072999985612, -38.716716000002172 ], [ -72.569809999985594, -38.716920000002169 ], [ -72.569512999985577, -38.717386000002172 ], [ -72.569204999985587, -38.717746000002172 ], [ -72.569389999985574, -38.717964000002155 ], [ -72.569709999985605, -38.71839600000218 ], [ -72.570072999985612, -38.718802000002164 ], [ -72.570399999985611, -38.719118000002162 ], [ -72.570655999985618, -38.719296000002181 ], [ -72.571068999985627, -38.719540000002169 ], [ -72.572676999985688, -38.720206000002172 ], [ -72.573102999985707, -38.720372000002179 ], [ -72.573764999985713, -38.72062200000218 ], [ -72.574711999985752, -38.720900000002153 ], [ -72.575327999985774, -38.721112000002179 ], [ -72.57572699998579, -38.721508000002174 ], [ -72.576869999985831, -38.722512000002169 ], [ -72.578247999985877, -38.722909000002176 ], [ -72.578592999985872, -38.723503000002182 ], [ -72.57839299998588, -38.724055000002167 ], [ -72.578682999985872, -38.725257000002173 ], [ -72.578972999985879, -38.725795000002179 ], [ -72.578918999985888, -38.726417000002179 ], [ -72.57904599998588, -38.726601000002169 ], [ -72.579625999985907, -38.726757000002188 ], [ -72.580351999985922, -38.726700000002175 ], [ -72.581276999985974, -38.726941000002178 ], [ -72.581720999985976, -38.727238000002181 ], [ -72.582355999985978, -38.727422000002178 ], [ -72.582717999986002, -38.727408000002185 ], [ -72.583134999986044, -38.727408000002193 ], [ -72.583697999986057, -38.727662000002177 ], [ -72.583987999986036, -38.728157000002177 ], [ -72.585311999986089, -38.728638000002185 ], [ -72.586725999986129, -38.728667000002183 ], [ -72.58743399998616, -38.728865000002187 ], [ -72.588212999986183, -38.729176000002177 ], [ -72.588829999986203, -38.729261000002204 ], [ -72.589790999986207, -38.729544000002193 ], [ -72.590080999986242, -38.729756000002176 ], [ -72.591132999986272, -38.730435000002196 ], [ -72.591985999986292, -38.730704000002198 ], [ -72.592592999986309, -38.730747000002197 ], [ -72.594514999986373, -38.730803000002197 ], [ -72.594975999986389, -38.730693000002198 ], [ -72.59518199998638, -38.730577000002192 ], [ -72.595196999986385, -38.730516000002197 ], [ -72.595288999986394, -38.730477000002189 ], [ -72.595886999986405, -38.730355000002184 ], [ -72.596241999986432, -38.730266000002203 ], [ -72.59651299998643, -38.73010500000219 ], [ -72.595814999986416, -38.727718000002191 ], [ -72.595814999986416, -38.727602000002186 ], [ -72.595935999986409, -38.727469000002181 ], [ -72.596149999986423, -38.727341000002198 ], [ -72.596873999986443, -38.726920000002188 ], [ -72.597990999986479, -38.726260000002192 ], [ -72.598523999986497, -38.725983000002181 ] ] ] } },
{ "type": "Feature", "properties": { "zona": "20" }, "geometry": { "type": "Polygon", "coordinates": [ [ [ -72.563028999985377, -38.733185000002166 ], [ -72.571095999985644, -38.735084000002182 ], [ -72.57143299998566, -38.734092000002171 ], [ -72.571049999985647, -38.733978000002175 ], [ -72.571814999985662, -38.732061000002183 ], [ -72.572791999985697, -38.731506000002184 ], [ -72.571766999985655, -38.730902000002175 ], [ -72.567664999985524, -38.728397000002182 ], [ -72.567449999985513, -38.728881000002168 ], [ -72.56650799998549, -38.728383000002161 ], [ -72.566315999985505, -38.728292000002163 ], [ -72.565988999985493, -38.729099000002172 ], [ -72.565634999985477, -38.729258000002183 ], [ -72.56546699998546, -38.729756000002169 ], [ -72.565530999985455, -38.729813000002174 ], [ -72.564288999985422, -38.72958000000218 ], [ -72.563028999985377, -38.733185000002166 ] ] ] } },
{ "type": "Feature", "properties": { "zona": "64" }, "geometry": { "type": "Polygon", "coordinates": [ [ [ -72.556620999985171, -38.717965000002152 ], [ -72.55027099998496, -38.708612000002155 ], [ -72.549429999984937, -38.707332000002154 ], [ -72.547880999984883, -38.705685000002156 ], [ -72.547262999984881, -38.705887000002136 ], [ -72.545478999984809, -38.708338000002144 ], [ -72.545254999984792, -38.708373000002148 ], [ -72.544106999984763, -38.709595000002146 ], [ -72.540480999984638, -38.713641000002141 ], [ -72.541328999984657, -38.715241000002159 ], [ -72.542106999984696, -38.716730000002158 ], [ -72.54323799998474, -38.718661000002157 ], [ -72.545005999984795, -38.719709000002155 ], [ -72.546560999984834, -38.720316000002171 ], [ -72.547762999984883, -38.721033000002144 ], [ -72.548399999984909, -38.722688000002172 ], [ -72.548823999984918, -38.724839000002149 ], [ -72.554505999985111, -38.724058000002159 ], [ -72.556400999985158, -38.723600000002158 ], [ -72.555933999985143, -38.722148000002157 ], [ -72.555901999985167, -38.721796000002151 ], [ -72.555984999985142, -38.720954000002166 ], [ -72.556162999985162, -38.71904400000215 ], [ -72.556312999985167, -38.718218000002153 ], [ -72.556567999985177, -38.718589000002169 ], [ -72.556589999985178, -38.718574000002164 ], [ -72.556665999985171, -38.718371000002158 ], [ -72.556770999985176, -38.718272000002173 ], [ -72.556830999985181, -38.718264000002158 ], [ -72.556620999985171, -38.717965000002152 ] ] ] } },
{ "type": "Feature", "properties": { "zona": "63" }, "geometry": { "type": "Polygon", "coordinates": [ [ [ -72.564288999985422, -38.72958000000218 ], [ -72.561089999985313, -38.728829000002165 ], [ -72.560781999985323, -38.728796000002177 ], [ -72.560809999985324, -38.729037000002165 ], [ -72.560669999985308, -38.729201000002163 ], [ -72.560165999985287, -38.729343000002174 ], [ -72.557219999985207, -38.72999600000216 ], [ -72.557151999985194, -38.729998000002148 ], [ -72.556936999985183, -38.729631000002172 ], [ -72.556918999985186, -38.72955300000217 ], [ -72.556839999985186, -38.729277000002163 ], [ -72.556794999985172, -38.72919100000216 ], [ -72.556395999985156, -38.72964400000216 ], [ -72.555715999985139, -38.730459000002163 ], [ -72.555414999985146, -38.730833000002185 ], [ -72.554865999985111, -38.730905000002174 ], [ -72.551156999984997, -38.731128000002144 ], [ -72.552924999985066, -38.732727000002171 ], [ -72.555417999985139, -38.733996000002179 ], [ -72.557469999985202, -38.734954000002176 ], [ -72.55972799998527, -38.735994000002179 ], [ -72.561651999985344, -38.737122000002167 ], [ -72.563028999985377, -38.733185000002166 ], [ -72.564288999985422, -38.72958000000218 ] ] ] } },
{ "type": "Feature", "properties": { "zona": "32" }, "geometry": { "type": "Polygon", "coordinates": [ [ [ -72.546786999984846, -38.691063000002146 ], [ -72.547125999984843, -38.69223700000213 ], [ -72.547125999984843, -38.693221000002133 ], [ -72.547416999984861, -38.694054000002161 ], [ -72.548144999984885, -38.694811000002154 ], [ -72.548920999984915, -38.695493000002145 ], [ -72.546531999984836, -38.699925000002132 ], [ -72.552565999985035, -38.705431000002143 ], [ -72.560658999985307, -38.712714000002158 ], [ -72.562730999985376, -38.711198000002156 ], [ -72.561771999985325, -38.710546000002161 ], [ -72.562974999985386, -38.708763000002151 ], [ -72.563135999985377, -38.708028000002152 ], [ -72.563204999985373, -38.706782000002164 ], [ -72.561900999985326, -38.703570000002145 ], [ -72.556154999985139, -38.689622000002139 ], [ -72.553788999985073, -38.690005000002145 ], [ -72.549952999984953, -38.688834000002139 ], [ -72.547991999984873, -38.689014000002139 ], [ -72.546203999984826, -38.689262000002138 ], [ -72.546786999984846, -38.691063000002146 ] ] ] } },
{ "type": "Feature", "properties": { "zona": "47" }, "geometry": { "type": "Polygon", "coordinates": [ [ [ -72.548920999984915, -38.695493000002145 ], [ -72.548144999984885, -38.694811000002154 ], [ -72.547416999984861, -38.694054000002161 ], [ -72.547125999984843, -38.693221000002133 ], [ -72.547125999984843, -38.69223700000213 ], [ -72.546786999984846, -38.691063000002146 ], [ -72.546203999984826, -38.689262000002138 ], [ -72.547991999984873, -38.689014000002139 ], [ -72.549952999984953, -38.688834000002139 ], [ -72.553788999985073, -38.690005000002145 ], [ -72.556154999985139, -38.689622000002139 ], [ -72.554246999985097, -38.684724000002134 ], [ -72.552873999985039, -38.681749000002135 ], [ -72.544433999984747, -38.683339000002128 ], [ -72.543948999984735, -38.681446000002147 ], [ -72.543657999984717, -38.680689000002147 ], [ -72.542395999984691, -38.680234000002145 ], [ -72.54103899998465, -38.681060000002141 ], [ -72.537611999984534, -38.679532000002155 ], [ -72.534348999984402, -38.670489000002114 ], [ -72.533532999984388, -38.670680000002122 ], [ -72.521155999983961, -38.673776000002114 ], [ -72.523077999984039, -38.678008000002116 ], [ -72.520441999983973, -38.679309000002114 ], [ -72.54048399998463, -38.69443500000213 ], [ -72.546531999984836, -38.699925000002132 ], [ -72.548920999984915, -38.695493000002145 ] ] ] } },
{ "type": "Feature", "properties": { "zona": "84" }, "geometry": { "type": "Polygon", "coordinates": [ [ [ -72.552565999985035, -38.705431000002143 ], [ -72.546531999984836, -38.699925000002132 ], [ -72.54048399998463, -38.69443500000213 ], [ -72.520441999983973, -38.679309000002114 ], [ -72.51633799998379, -38.680549000002109 ], [ -72.512674999983673, -38.681101000002108 ], [ -72.51311699998368, -38.6825480000021 ], [ -72.514086999983718, -38.683064000002119 ], [ -72.513248999983688, -38.683753000002106 ], [ -72.512851999983681, -38.684615000002111 ], [ -72.511197999983622, -38.686688000002107 ], [ -72.513173999983692, -38.68824200000212 ], [ -72.542953999984718, -38.702866000002146 ], [ -72.543164999984725, -38.702410000002153 ], [ -72.544257999984751, -38.703000000002135 ], [ -72.544677999984756, -38.702738000002142 ], [ -72.545518999984807, -38.703000000002149 ], [ -72.546317999984836, -38.703131000002145 ], [ -72.547537999984868, -38.704050000002148 ], [ -72.548840999984918, -38.704543000002161 ], [ -72.550380999984981, -38.704701000002139 ], [ -72.551178999984984, -38.705431000002143 ], [ -72.552010999985015, -38.705783000002157 ], [ -72.552565999985035, -38.705431000002143 ] ] ] } },
{ "type": "Feature", "properties": { "zona": "27" }, "geometry": { "type": "Polygon", "coordinates": [ [ [ -72.560658999985307, -38.712714000002158 ], [ -72.552565999985035, -38.705431000002143 ], [ -72.552010999985015, -38.705783000002157 ], [ -72.551178999984984, -38.705431000002143 ], [ -72.550380999984981, -38.704701000002139 ], [ -72.548840999984918, -38.704543000002161 ], [ -72.547537999984868, -38.704050000002148 ], [ -72.546317999984836, -38.703131000002145 ], [ -72.545518999984807, -38.703000000002149 ], [ -72.544677999984756, -38.702738000002142 ], [ -72.544257999984751, -38.703000000002135 ], [ -72.543164999984725, -38.702410000002153 ], [ -72.542953999984718, -38.702866000002146 ], [ -72.545670999984807, -38.704287000002154 ], [ -72.546696999984846, -38.704936000002149 ], [ -72.547297999984849, -38.705299000002135 ], [ -72.547880999984883, -38.705685000002156 ], [ -72.549429999984937, -38.707332000002154 ], [ -72.55027099998496, -38.708612000002155 ], [ -72.556620999985171, -38.717965000002152 ], [ -72.556872999985174, -38.717901000002172 ], [ -72.561583999985331, -38.718358000002155 ], [ -72.562256999985365, -38.716061000002156 ], [ -72.564233999985419, -38.716389000002152 ], [ -72.56452799998543, -38.716258000002156 ], [ -72.560658999985307, -38.712714000002158 ] ] ] } },
{ "type": "Feature", "properties": { "zona": "19" }, "geometry": { "type": "Polygon", "coordinates": [ [ [ -72.56873899998557, -38.740081000002192 ], [ -72.57132299998564, -38.741877000002177 ], [ -72.572193999985686, -38.74105400000218 ], [ -72.572438999985692, -38.740043000002196 ], [ -72.579684999985915, -38.738982000002188 ], [ -72.580166999985934, -38.738677000002191 ], [ -72.579824999985917, -38.738640000002185 ], [ -72.579405999985894, -38.738520000002197 ], [ -72.578790999985884, -38.738073000002167 ], [ -72.575019999985756, -38.734587000002165 ], [ -72.57455899998574, -38.733944000002182 ], [ -72.574307999985749, -38.733715000002178 ], [ -72.574405999985743, -38.733650000002186 ], [ -72.574083999985746, -38.733182000002188 ], [ -72.574089999985745, -38.733112000002187 ], [ -72.574133999985733, -38.733056000002172 ], [ -72.57418199998574, -38.732822000002194 ], [ -72.574172999985734, -38.73275900000219 ], [ -72.573477999985727, -38.732148000002177 ], [ -72.572791999985697, -38.731506000002184 ], [ -72.571814999985662, -38.732061000002183 ], [ -72.571049999985647, -38.733978000002175 ], [ -72.57143299998566, -38.734092000002171 ], [ -72.571095999985644, -38.735084000002182 ], [ -72.570056999985624, -38.737488000002173 ], [ -72.569884999985618, -38.737969000002181 ], [ -72.56976999998561, -38.738562000002176 ], [ -72.569706999985613, -38.738846000002177 ], [ -72.56965399998559, -38.739170000002183 ], [ -72.569269999985593, -38.73953300000219 ], [ -72.56921499998559, -38.739585000002187 ], [ -72.569115999985584, -38.739678000002179 ], [ -72.56873899998557, -38.740081000002192 ] ] ] } },
{ "type": "Feature", "properties": { "zona": "24" }, "geometry": { "type": "Polygon", "coordinates": [ [ [ -72.583618999986044, -38.733943000002171 ], [ -72.582515999986001, -38.729924000002185 ], [ -72.579925999985917, -38.728543000002176 ], [ -72.577471999985846, -38.72738600000217 ], [ -72.575646999985793, -38.726363000002173 ], [ -72.574235999985731, -38.725231000002168 ], [ -72.573554999985731, -38.725422000002176 ], [ -72.571766999985655, -38.730902000002175 ], [ -72.572791999985697, -38.731506000002184 ], [ -72.573477999985727, -38.732148000002177 ], [ -72.574172999985734, -38.73275900000219 ], [ -72.57420999998574, -38.732713000002185 ], [ -72.574446999985739, -38.732713000002178 ], [ -72.574852999985751, -38.732571000002167 ], [ -72.575354999985777, -38.732931000002182 ], [ -72.577560999985849, -38.734885000002173 ], [ -72.583618999986044, -38.733943000002171 ] ] ] } },
{ "type": "Feature", "properties": { "zona": "62" }, "geometry": { "type": "Polygon", "coordinates": [ [ [ -72.579684999985915, -38.738982000002188 ], [ -72.572438999985692, -38.740043000002196 ], [ -72.572193999985686, -38.74105400000218 ], [ -72.57132299998564, -38.741877000002177 ], [ -72.572400999985689, -38.742757000002186 ], [ -72.5733759999857, -38.74379800000218 ], [ -72.574844999985757, -38.745191000002173 ], [ -72.576966999985828, -38.746879000002195 ], [ -72.578249999985886, -38.74783900000218 ], [ -72.580711999985951, -38.748720000002187 ], [ -72.582610999986002, -38.748760000002193 ], [ -72.585029999986091, -38.749048000002176 ], [ -72.584088999986037, -38.747742000002191 ], [ -72.583613999986056, -38.747540000002189 ], [ -72.582750999986018, -38.746968000002191 ], [ -72.581952999986001, -38.746228000002183 ], [ -72.581715999985988, -38.746245000002197 ], [ -72.581478999985961, -38.745521000002185 ], [ -72.581046999985944, -38.745101000002194 ], [ -72.579684999985915, -38.738982000002188 ] ] ] } },
{ "type": "Feature", "properties": { "zona": "18" }, "geometry": { "type": "Polygon", "coordinates": [ [ [ -72.580315999985928, -38.738581000002178 ], [ -72.580166999985934, -38.738677000002191 ], [ -72.579684999985915, -38.738982000002188 ], [ -72.581046999985944, -38.745101000002194 ], [ -72.581478999985961, -38.745521000002185 ], [ -72.581715999985988, -38.746245000002197 ], [ -72.581952999986001, -38.746228000002183 ], [ -72.582750999986018, -38.746968000002191 ], [ -72.583613999986056, -38.747540000002189 ], [ -72.584088999986037, -38.747742000002191 ], [ -72.585029999986091, -38.749048000002176 ], [ -72.585637999986119, -38.749120000002186 ], [ -72.588100999986182, -38.749360000002198 ], [ -72.58842999998619, -38.747466000002191 ], [ -72.588376999986181, -38.746881000002197 ], [ -72.58819899998619, -38.746142000002195 ], [ -72.587732999986173, -38.744393000002191 ], [ -72.587546999986159, -38.743852000002185 ], [ -72.586962999986142, -38.743541000002196 ], [ -72.586421999986115, -38.743126000002199 ], [ -72.586150999986117, -38.742829000002203 ], [ -72.585761999986104, -38.742420000002198 ], [ -72.585626999986104, -38.742274000002183 ], [ -72.585025999986087, -38.741647000002189 ], [ -72.583883999986043, -38.740631000002182 ], [ -72.58310899998601, -38.740030000002172 ], [ -72.582351999986003, -38.739580000002178 ], [ -72.582033999985981, -38.739558000002177 ], [ -72.581415999985964, -38.739288000002176 ], [ -72.580945999985957, -38.739058000002181 ], [ -72.580831999985946, -38.738988000002188 ], [ -72.580531999985936, -38.738749000002187 ], [ -72.580315999985928, -38.738581000002178 ] ] ] } },
{ "type": "Feature", "properties": { "zona": "21" }, "geometry": { "type": "Polygon", "coordinates": [ [ [ -72.561651999985344, -38.737122000002167 ], [ -72.563175999985404, -38.737733000002173 ], [ -72.567320999985512, -38.739276000002164 ], [ -72.568378999985555, -38.740075000002186 ], [ -72.56873899998557, -38.740081000002192 ], [ -72.569115999985584, -38.739678000002179 ], [ -72.56921499998559, -38.739585000002187 ], [ -72.569269999985593, -38.73953300000219 ], [ -72.56965399998559, -38.739170000002183 ], [ -72.569706999985613, -38.738846000002177 ], [ -72.56976999998561, -38.738562000002176 ], [ -72.569884999985618, -38.737969000002181 ], [ -72.570056999985624, -38.737488000002173 ], [ -72.571095999985644, -38.735084000002182 ], [ -72.563028999985377, -38.733185000002166 ], [ -72.561651999985344, -38.737122000002167 ] ] ] } },
{ "type": "Feature", "properties": { "zona": "30" }, "geometry": { "type": "Polygon", "coordinates": [ [ [ -72.582515999986001, -38.729924000002185 ], [ -72.581720999985976, -38.727238000002181 ], [ -72.581276999985974, -38.726941000002178 ], [ -72.580351999985922, -38.726700000002175 ], [ -72.579625999985907, -38.726757000002188 ], [ -72.57904599998588, -38.726601000002169 ], [ -72.578918999985888, -38.726417000002179 ], [ -72.578972999985879, -38.725795000002179 ], [ -72.578682999985872, -38.725257000002173 ], [ -72.57839299998588, -38.724055000002167 ], [ -72.578592999985872, -38.723503000002182 ], [ -72.578247999985877, -38.722909000002176 ], [ -72.576869999985831, -38.722512000002169 ], [ -72.57572699998579, -38.721508000002174 ], [ -72.574390999985766, -38.725072000002172 ], [ -72.574235999985731, -38.725231000002168 ], [ -72.575646999985793, -38.726363000002173 ], [ -72.577471999985846, -38.72738600000217 ], [ -72.579925999985917, -38.728543000002176 ], [ -72.582515999986001, -38.729924000002185 ] ] ] } },
{ "type": "Feature", "properties": { "zona": "31" }, "geometry": { "type": "Polygon", "coordinates": [ [ [ -72.562730999985376, -38.711198000002156 ], [ -72.560658999985307, -38.712714000002158 ], [ -72.56452799998543, -38.716258000002156 ], [ -72.567889999985525, -38.71923000000217 ], [ -72.568480999985553, -38.717561000002163 ], [ -72.568672999985566, -38.717561000002156 ], [ -72.568912999985571, -38.717614000002165 ], [ -72.569204999985587, -38.717746000002172 ], [ -72.569512999985577, -38.717386000002172 ], [ -72.569809999985594, -38.716920000002169 ], [ -72.570072999985612, -38.716716000002172 ], [ -72.57017499998561, -38.716382000002156 ], [ -72.570133999985615, -38.715968000002178 ], [ -72.570358999985615, -38.715618000002159 ], [ -72.570011999985596, -38.714997000002164 ], [ -72.569889999985605, -38.714567000002155 ], [ -72.568233999985537, -38.713355000002167 ], [ -72.566805999985505, -38.712256000002149 ], [ -72.566458999985485, -38.712304000002163 ], [ -72.566030999985472, -38.711938000002164 ], [ -72.566254999985489, -38.711142000002148 ], [ -72.566160999985485, -38.710776000002163 ], [ -72.566355999985475, -38.710567000002165 ], [ -72.566500999985507, -38.710340000002169 ], [ -72.566306999985471, -38.710170000002165 ], [ -72.566355999985475, -38.709943000002156 ], [ -72.566282999985489, -38.709848000002168 ], [ -72.566306999985471, -38.709299000002176 ], [ -72.565821999985474, -38.708863000002182 ], [ -72.565627999985466, -38.708485000002156 ], [ -72.565530999985455, -38.708144000002164 ], [ -72.565190999985447, -38.707784000002171 ], [ -72.564753999985427, -38.707254000002159 ], [ -72.564875999985446, -38.706989000002146 ], [ -72.564826999985428, -38.706648000002154 ], [ -72.564947999985449, -38.706175000002162 ], [ -72.565481999985465, -38.705380000002158 ], [ -72.565433999985459, -38.704982000002168 ], [ -72.565311999985454, -38.704244000002163 ], [ -72.561900999985326, -38.703570000002145 ], [ -72.563204999985373, -38.706782000002164 ], [ -72.563135999985377, -38.708028000002152 ], [ -72.562974999985386, -38.708763000002151 ], [ -72.561771999985325, -38.710546000002161 ], [ -72.562730999985376, -38.711198000002156 ] ] ] } },
{ "type": "Feature", "properties": { "zona": "26" }, "geometry": { "type": "Polygon", "coordinates": [ [ [ -72.567889999985525, -38.71923000000217 ], [ -72.56452799998543, -38.716258000002156 ], [ -72.564233999985419, -38.716389000002152 ], [ -72.562256999985365, -38.716061000002156 ], [ -72.561583999985331, -38.718358000002155 ], [ -72.556872999985174, -38.717901000002172 ], [ -72.556620999985171, -38.717965000002152 ], [ -72.556830999985181, -38.718264000002158 ], [ -72.560490999985305, -38.723445000002165 ], [ -72.561163999985311, -38.724125000002168 ], [ -72.561541999985337, -38.724493000002163 ], [ -72.561774999985346, -38.72467000000217 ], [ -72.562066999985348, -38.72488500000216 ], [ -72.562752999985364, -38.723024000002162 ], [ -72.563208999985406, -38.723024000002155 ], [ -72.564520999985433, -38.718885000002167 ], [ -72.567658999985525, -38.719864000002175 ], [ -72.567889999985525, -38.71923000000217 ] ] ] } },
{ "type": "Feature", "properties": { "zona": "22" }, "geometry": { "type": "Polygon", "coordinates": [ [ [ -72.562066999985348, -38.72488500000216 ], [ -72.561774999985346, -38.72467000000217 ], [ -72.561541999985337, -38.724493000002163 ], [ -72.561163999985311, -38.724125000002168 ], [ -72.561022999985312, -38.724411000002149 ], [ -72.560761999985303, -38.724172000002156 ], [ -72.559617999985292, -38.727316000002169 ], [ -72.560781999985323, -38.728796000002177 ], [ -72.561089999985313, -38.728829000002165 ], [ -72.564288999985422, -38.72958000000218 ], [ -72.565530999985455, -38.729813000002174 ], [ -72.56546699998546, -38.729756000002169 ], [ -72.565634999985477, -38.729258000002183 ], [ -72.565988999985493, -38.729099000002172 ], [ -72.566315999985505, -38.728292000002163 ], [ -72.56650799998549, -38.728383000002161 ], [ -72.567449999985513, -38.728881000002168 ], [ -72.567664999985524, -38.728397000002182 ], [ -72.562580999985357, -38.725294000002165 ], [ -72.562066999985348, -38.72488500000216 ] ] ] } },
{ "type": "Feature", "properties": { "zona": "65" }, "geometry": { "type": "Polygon", "coordinates": [ [ [ -72.567664999985524, -38.728397000002182 ], [ -72.570151999985598, -38.721427000002159 ], [ -72.567889999985525, -38.71923000000217 ], [ -72.567658999985525, -38.719864000002175 ], [ -72.564520999985433, -38.718885000002167 ], [ -72.563208999985406, -38.723024000002155 ], [ -72.562752999985364, -38.723024000002162 ], [ -72.562066999985348, -38.72488500000216 ], [ -72.562580999985357, -38.725294000002165 ], [ -72.567664999985524, -38.728397000002182 ] ] ] } },
{ "type": "Feature", "properties": { "zona": "29" }, "geometry": { "type": "Polygon", "coordinates": [ [ [ -72.567889999985525, -38.71923000000217 ], [ -72.570151999985598, -38.721427000002159 ], [ -72.574235999985731, -38.725231000002168 ], [ -72.574390999985766, -38.725072000002172 ], [ -72.57572699998579, -38.721508000002174 ], [ -72.575327999985774, -38.721112000002179 ], [ -72.574711999985752, -38.720900000002153 ], [ -72.573764999985713, -38.72062200000218 ], [ -72.573102999985707, -38.720372000002179 ], [ -72.572676999985688, -38.720206000002172 ], [ -72.571068999985627, -38.719540000002169 ], [ -72.570655999985618, -38.719296000002181 ], [ -72.570399999985611, -38.719118000002162 ], [ -72.570072999985612, -38.718802000002164 ], [ -72.569709999985605, -38.71839600000218 ], [ -72.569389999985574, -38.717964000002155 ], [ -72.569204999985587, -38.717746000002172 ], [ -72.568912999985571, -38.717614000002165 ], [ -72.568672999985566, -38.717561000002156 ], [ -72.568480999985553, -38.717561000002163 ], [ -72.567889999985525, -38.71923000000217 ] ] ] } },
{ "type": "Feature", "properties": { "zona": "25" }, "geometry": { "type": "Polygon", "coordinates": [ [ [ -72.571766999985655, -38.730902000002175 ], [ -72.573554999985731, -38.725422000002176 ], [ -72.574235999985731, -38.725231000002168 ], [ -72.570151999985598, -38.721427000002159 ], [ -72.567664999985524, -38.728397000002182 ], [ -72.571766999985655, -38.730902000002175 ] ] ] } },
{ "type": "Feature", "properties": { "zona": "23" }, "geometry": { "type": "Polygon", "coordinates": [ [ [ -72.561163999985311, -38.724125000002168 ], [ -72.560490999985305, -38.723445000002165 ], [ -72.556830999985181, -38.718264000002158 ], [ -72.556770999985176, -38.718272000002173 ], [ -72.556665999985171, -38.718371000002158 ], [ -72.556589999985178, -38.718574000002164 ], [ -72.556567999985177, -38.718589000002169 ], [ -72.556312999985167, -38.718218000002153 ], [ -72.556162999985162, -38.71904400000215 ], [ -72.555984999985142, -38.720954000002166 ], [ -72.555901999985167, -38.721796000002151 ], [ -72.555933999985143, -38.722148000002157 ], [ -72.556400999985158, -38.723600000002158 ], [ -72.554505999985111, -38.724058000002159 ], [ -72.548823999984918, -38.724839000002149 ], [ -72.551156999984997, -38.731128000002144 ], [ -72.554865999985111, -38.730905000002174 ], [ -72.555414999985146, -38.730833000002185 ], [ -72.555715999985139, -38.730459000002163 ], [ -72.556395999985156, -38.72964400000216 ], [ -72.556794999985172, -38.72919100000216 ], [ -72.556839999985186, -38.729277000002163 ], [ -72.556918999985186, -38.72955300000217 ], [ -72.556936999985183, -38.729631000002172 ], [ -72.557151999985194, -38.729998000002148 ], [ -72.557219999985207, -38.72999600000216 ], [ -72.560165999985287, -38.729343000002174 ], [ -72.560669999985308, -38.729201000002163 ], [ -72.560809999985324, -38.729037000002165 ], [ -72.560781999985323, -38.728796000002177 ], [ -72.559617999985292, -38.727316000002169 ], [ -72.560761999985303, -38.724172000002156 ], [ -72.561022999985312, -38.724411000002149 ], [ -72.561163999985311, -38.724125000002168 ] ] ] } },
{ "type": "Feature", "properties": { "zona": "77" }, "geometry": { "type": "Polygon", "coordinates": [ [ [ -72.511197999983622, -38.686688000002107 ], [ -72.510661999983597, -38.687668000002112 ], [ -72.511775999983627, -38.689407000002106 ], [ -72.51322399998368, -38.691493000002126 ], [ -72.514448999983742, -38.693405000002116 ], [ -72.515673999983761, -38.695143000002119 ], [ -72.516453999983796, -38.697577000002113 ], [ -72.517232999983833, -38.698360000002118 ], [ -72.518012999983867, -38.69862000000213 ], [ -72.520351999983944, -38.698794000002124 ], [ -72.522133999984007, -38.699576000002125 ], [ -72.524806999984094, -38.700793000002115 ], [ -72.526477999984152, -38.702097000002126 ], [ -72.527368999984176, -38.70322700000213 ], [ -72.528816999984244, -38.703140000002129 ], [ -72.529707999984268, -38.704096000002124 ], [ -72.531266999984325, -38.705139000002134 ], [ -72.531935999984356, -38.705922000002126 ], [ -72.533494999984413, -38.706617000002147 ], [ -72.536501999984509, -38.707573000002142 ], [ -72.537651999984533, -38.70851100000214 ], [ -72.538712999984583, -38.709669000002144 ], [ -72.539136999984592, -38.710828000002145 ], [ -72.540480999984638, -38.713641000002141 ], [ -72.544106999984763, -38.709595000002146 ], [ -72.545254999984792, -38.708373000002148 ], [ -72.545478999984809, -38.708338000002144 ], [ -72.547262999984881, -38.705887000002136 ], [ -72.547880999984883, -38.705685000002156 ], [ -72.547297999984849, -38.705299000002135 ], [ -72.546696999984846, -38.704936000002149 ], [ -72.545670999984807, -38.704287000002154 ], [ -72.542953999984718, -38.702866000002146 ], [ -72.513173999983692, -38.68824200000212 ], [ -72.511197999983622, -38.686688000002107 ] ] ] } },
{ "type": "Feature", "properties": { "zona": "53" }, "geometry": { "type": "Polygon", "coordinates": [ [ [ -72.614889999987014, -38.786782000002219 ], [ -72.622612999987211, -38.797878000002243 ], [ -72.622519999987233, -38.792863000002235 ], [ -72.622251999987199, -38.787494000002226 ], [ -72.621267999987182, -38.786239000002219 ], [ -72.618316999987073, -38.77557300000224 ], [ -72.617958999987067, -38.771808000002231 ], [ -72.622620999987205, -38.768924000002222 ], [ -72.614574999986971, -38.767576000002215 ], [ -72.611266999986881, -38.765641000002212 ], [ -72.609160999986827, -38.764528000002215 ], [ -72.609113999986818, -38.765558000002216 ], [ -72.608992999986825, -38.766276000002222 ], [ -72.60842699998679, -38.76929100000222 ], [ -72.607913999986778, -38.770811000002212 ], [ -72.60731299998676, -38.773280000002224 ], [ -72.607523999986768, -38.775169000002215 ], [ -72.609862999986831, -38.778856000002222 ], [ -72.614889999987014, -38.786782000002219 ] ] ] } },
{ "type": "Feature", "properties": { "zona": "54" }, "geometry": { "type": "Polygon", "coordinates": [ [ [ -72.650625999987994, -38.764469000002236 ], [ -72.6471679999879, -38.764703000002243 ], [ -72.643859999987825, -38.764527000002246 ], [ -72.640852999987729, -38.763882000002233 ], [ -72.63574099998759, -38.76241700000223 ], [ -72.634041999987517, -38.762304000002231 ], [ -72.633409999987521, -38.762065000002245 ], [ -72.627620999987343, -38.761948000002235 ], [ -72.624538999987266, -38.762475000002226 ], [ -72.620779999987136, -38.76218200000222 ], [ -72.61822399998708, -38.761830000002213 ], [ -72.615742999987006, -38.760658000002223 ], [ -72.613562999986954, -38.759603000002222 ], [ -72.612284999986912, -38.758723000002206 ], [ -72.610880999986861, -38.758115000002213 ], [ -72.609333999986802, -38.75850200000221 ], [ -72.60935499998682, -38.761670000002205 ], [ -72.609238999986829, -38.763796000002216 ], [ -72.609160999986827, -38.764528000002215 ], [ -72.611266999986881, -38.765641000002212 ], [ -72.614574999986971, -38.767576000002215 ], [ -72.622620999987205, -38.768924000002222 ], [ -72.628598999987375, -38.769876000002228 ], [ -72.635703999987584, -38.77103500000225 ], [ -72.646155999987869, -38.772208000002244 ], [ -72.655930999988144, -38.772677000002247 ], [ -72.656456999988166, -38.769921000002256 ], [ -72.656456999988166, -38.767224000002244 ], [ -72.65928499998823, -38.758823000002245 ], [ -72.653633999988088, -38.763355000002242 ], [ -72.650625999987994, -38.764469000002236 ] ] ] } },
{ "type": "Feature", "properties": { "zona": "76" }, "geometry": { "type": "Polygon", "coordinates": [ [ [ -72.599918999986556, -38.782053000002222 ], [ -72.602320999986617, -38.782694000002216 ], [ -72.614889999987014, -38.786782000002219 ], [ -72.609862999986831, -38.778856000002222 ], [ -72.602140999986617, -38.780354000002227 ], [ -72.600739999986573, -38.780697000002228 ], [ -72.599918999986556, -38.782053000002222 ] ] ] } },
{ "type": "Feature", "properties": { "zona": "69" }, "geometry": { "type": "Polygon", "coordinates": [ [ [ -72.588100999986182, -38.749360000002198 ], [ -72.585637999986119, -38.749120000002186 ], [ -72.585029999986091, -38.749048000002176 ], [ -72.582610999986002, -38.748760000002193 ], [ -72.580711999985951, -38.748720000002187 ], [ -72.578249999985886, -38.74783900000218 ], [ -72.573826999985727, -38.749019000002185 ], [ -72.578195999985866, -38.750948000002197 ], [ -72.582196999985996, -38.753370000002199 ], [ -72.583565999986035, -38.75571000000221 ], [ -72.583881999986062, -38.763675000002195 ], [ -72.583617999986046, -38.764783000002204 ], [ -72.582880999986031, -38.766015000002199 ], [ -72.582564999986019, -38.767451000002218 ], [ -72.583056999986027, -38.768005000002205 ], [ -72.584741999986065, -38.767495000002206 ], [ -72.585970999986117, -38.767062000002198 ], [ -72.586998999986136, -38.767183000002206 ], [ -72.587030999986141, -38.7662510000022 ], [ -72.587492999986168, -38.764891000002201 ], [ -72.588313999986198, -38.764131000002195 ], [ -72.589442999986218, -38.763931000002209 ], [ -72.589955999986259, -38.763611000002193 ], [ -72.59082799998626, -38.763010000002204 ], [ -72.59072499998625, -38.762130000002202 ], [ -72.591038999986267, -38.760970000002203 ], [ -72.591514999986288, -38.759765000002204 ], [ -72.592485999986309, -38.759100000002199 ], [ -72.592227999986306, -38.758621000002208 ], [ -72.592188999986305, -38.758374000002192 ], [ -72.588935999986205, -38.754134000002196 ], [ -72.589172999986204, -38.754011000002208 ], [ -72.589427999986228, -38.753902000002199 ], [ -72.589314999986229, -38.753443000002193 ], [ -72.588520999986201, -38.752825000002211 ], [ -72.587894999986176, -38.75140500000218 ], [ -72.587894999986176, -38.750119000002186 ], [ -72.588100999986182, -38.749360000002198 ] ] ] } },
{ "type": "Feature", "properties": { "zona": "70" }, "geometry": { "type": "Polygon", "coordinates": [ [ [ -72.586998999986136, -38.767183000002206 ], [ -72.585970999986117, -38.767062000002198 ], [ -72.584741999986065, -38.767495000002206 ], [ -72.583056999986027, -38.768005000002205 ], [ -72.582564999986019, -38.767451000002218 ], [ -72.581458999985969, -38.768231000002196 ], [ -72.580899999985959, -38.768087000002211 ], [ -72.57999999998593, -38.767568000002193 ], [ -72.579405999985909, -38.767596000002193 ], [ -72.578396999985884, -38.7675680000022 ], [ -72.578270999985875, -38.767469000002201 ], [ -72.577208999985842, -38.767497000002194 ], [ -72.576056999985809, -38.767118000002185 ], [ -72.575281999985791, -38.767146000002207 ], [ -72.573211999985716, -38.768087000002204 ], [ -72.571230999985659, -38.768452000002192 ], [ -72.567845999985551, -38.767947000002195 ], [ -72.568853999985592, -38.770221000002202 ], [ -72.568943999985592, -38.770684000002198 ], [ -72.569249999985601, -38.774081000002198 ], [ -72.574615999985767, -38.774562000002199 ], [ -72.577235999985859, -38.774797000002181 ], [ -72.582511999986011, -38.776131000002209 ], [ -72.585394999986121, -38.772549000002201 ], [ -72.58677799998614, -38.770858000002207 ], [ -72.586828999986139, -38.77006600000221 ], [ -72.586979999986141, -38.7677310000022 ], [ -72.586998999986136, -38.767183000002206 ] ] ] } },
{ "type": "Feature", "properties": { "zona": "89" }, "geometry": { "type": "Polygon", "coordinates": [ [ [ -72.582511999986011, -38.776131000002209 ], [ -72.577235999985859, -38.774797000002181 ], [ -72.574615999985767, -38.774562000002199 ], [ -72.574313999985748, -38.775344000002207 ], [ -72.573842999985729, -38.776118000002199 ], [ -72.573172999985744, -38.7767370000022 ], [ -72.572750999985715, -38.777105000002202 ], [ -72.572353999985708, -38.777356000002193 ], [ -72.570964999985648, -38.777898000002203 ], [ -72.56974899998562, -38.7782650000022 ], [ -72.569127999985582, -38.778439000002194 ], [ -72.567490999985523, -38.779213000002201 ], [ -72.568060999985562, -38.779735000002184 ], [ -72.568582999985551, -38.779793000002208 ], [ -72.569127999985582, -38.780122000002208 ], [ -72.569698999985604, -38.780470000002204 ], [ -72.570294999985634, -38.781051000002194 ], [ -72.572031999985683, -38.781805000002201 ], [ -72.572626999985701, -38.781863000002204 ], [ -72.573172999985744, -38.781863000002218 ], [ -72.573768999985731, -38.781612000002198 ], [ -72.576199999985818, -38.782811000002198 ], [ -72.576522999985826, -38.783120000002206 ], [ -72.577142999985838, -38.7836040000022 ], [ -72.578184999985865, -38.784145000002205 ], [ -72.578581999985886, -38.784010000002198 ], [ -72.578631999985888, -38.783101000002198 ], [ -72.583172999986033, -38.778749000002207 ], [ -72.583718999986061, -38.778826000002198 ], [ -72.585329999986101, -38.777358000002202 ], [ -72.582511999986011, -38.776131000002209 ] ] ] } },
{ "type": "Feature", "properties": { "zona": "72" }, "geometry": { "type": "Polygon", "coordinates": [ [ [ -72.594999999986399, -38.761945000002207 ], [ -72.594162999986366, -38.76153000000221 ], [ -72.591038999986267, -38.760970000002203 ], [ -72.59072499998625, -38.762130000002202 ], [ -72.59082799998626, -38.763010000002204 ], [ -72.589955999986259, -38.763611000002193 ], [ -72.589442999986218, -38.763931000002209 ], [ -72.588313999986198, -38.764131000002195 ], [ -72.587492999986168, -38.764891000002201 ], [ -72.587030999986141, -38.7662510000022 ], [ -72.586998999986136, -38.767183000002206 ], [ -72.586979999986141, -38.7677310000022 ], [ -72.586828999986139, -38.77006600000221 ], [ -72.58775099998617, -38.770089000002201 ], [ -72.588345999986203, -38.770225000002206 ], [ -72.58994499998623, -38.770083000002202 ], [ -72.590002999986254, -38.768974000002203 ], [ -72.590021999986234, -38.767835000002215 ], [ -72.590424999986269, -38.767415000002202 ], [ -72.591097999986275, -38.767010000002188 ], [ -72.591674999986296, -38.766726000002201 ], [ -72.592539999986329, -38.766321000002215 ], [ -72.593230999986346, -38.765991000002195 ], [ -72.593596999986346, -38.765737000002204 ], [ -72.594653999986377, -38.764088000002211 ], [ -72.594461999986379, -38.763369000002214 ], [ -72.594999999986399, -38.761945000002207 ] ] ] } },
{ "type": "Feature", "properties": { "zona": "46" }, "geometry": { "type": "Polygon", "coordinates": [ [ [ -72.594999999986399, -38.761945000002207 ], [ -72.594461999986379, -38.763369000002214 ], [ -72.594653999986377, -38.764088000002211 ], [ -72.593596999986346, -38.765737000002204 ], [ -72.593230999986346, -38.765991000002195 ], [ -72.592539999986329, -38.766321000002215 ], [ -72.591674999986296, -38.766726000002201 ], [ -72.591097999986275, -38.767010000002188 ], [ -72.590424999986269, -38.767415000002202 ], [ -72.590021999986234, -38.767835000002215 ], [ -72.590002999986254, -38.768974000002203 ], [ -72.58994499998623, -38.770083000002202 ], [ -72.594268999986369, -38.770189000002205 ], [ -72.597247999986465, -38.770262000002212 ], [ -72.597478999986464, -38.770772000002218 ], [ -72.597491999986488, -38.770969000002225 ], [ -72.598212999986501, -38.770982000002206 ], [ -72.598230999986498, -38.771257000002215 ], [ -72.59909299998651, -38.771236000002212 ], [ -72.599573999986532, -38.771221000002214 ], [ -72.599534999986531, -38.770132000002206 ], [ -72.598938999986515, -38.770087000002206 ], [ -72.599098999986509, -38.767903000002207 ], [ -72.599818999986539, -38.767060000002218 ], [ -72.600339999986559, -38.766405000002216 ], [ -72.60057999998655, -38.765188000002212 ], [ -72.600837999986553, -38.764946000002212 ], [ -72.599344999986528, -38.764131000002209 ], [ -72.598831999986515, -38.764091000002217 ], [ -72.596830999986466, -38.76305000000221 ], [ -72.596779999986438, -38.762850000002217 ], [ -72.594999999986399, -38.761945000002207 ] ] ] } },
{ "type": "Feature", "properties": { "zona": "43" }, "geometry": { "type": "Polygon", "coordinates": [ [ [ -72.608992999986825, -38.766276000002222 ], [ -72.609113999986818, -38.765558000002216 ], [ -72.609160999986827, -38.764528000002215 ], [ -72.609238999986829, -38.763796000002216 ], [ -72.60935499998682, -38.761670000002205 ], [ -72.609333999986802, -38.75850200000221 ], [ -72.605985999986729, -38.7580160000022 ], [ -72.60467699998668, -38.757395000002205 ], [ -72.602571999986608, -38.756463000002206 ], [ -72.600353999986552, -38.755398000002209 ], [ -72.596257999986406, -38.753490000002202 ], [ -72.593697999986361, -38.751938000002198 ], [ -72.593076999986323, -38.751321000002193 ], [ -72.590870999986251, -38.750400000002209 ], [ -72.588100999986182, -38.749360000002198 ], [ -72.587894999986176, -38.750119000002186 ], [ -72.587894999986176, -38.75140500000218 ], [ -72.588520999986201, -38.752825000002211 ], [ -72.589298999986227, -38.753242000002196 ], [ -72.589430999986206, -38.753313000002201 ], [ -72.592047999986292, -38.754555000002192 ], [ -72.598191999986497, -38.758104000002206 ], [ -72.600167999986553, -38.759230000002219 ], [ -72.603709999986648, -38.761476000002226 ], [ -72.6049559999867, -38.762299000002209 ], [ -72.607065999986759, -38.763694000002218 ], [ -72.607862999986779, -38.764360000002206 ], [ -72.608374999986793, -38.765247000002212 ], [ -72.608992999986825, -38.766276000002222 ] ] ] } },
{ "type": "Feature", "properties": { "zona": "68" }, "geometry": { "type": "Polygon", "coordinates": [ [ [ -72.6049559999867, -38.762299000002209 ], [ -72.603709999986648, -38.761476000002226 ], [ -72.600167999986553, -38.759230000002219 ], [ -72.599351999986524, -38.760057000002206 ], [ -72.59783699998647, -38.759297000002199 ], [ -72.597403999986469, -38.759128000002207 ], [ -72.594999999986399, -38.761945000002207 ], [ -72.596779999986438, -38.762850000002217 ], [ -72.596830999986466, -38.76305000000221 ], [ -72.598831999986515, -38.764091000002217 ], [ -72.599344999986528, -38.764131000002209 ], [ -72.600837999986553, -38.764946000002212 ], [ -72.602382999986631, -38.763227000002217 ], [ -72.602720999986644, -38.763027000002218 ], [ -72.603192999986632, -38.762964000002206 ], [ -72.603962999986663, -38.762921000002208 ], [ -72.604177999986661, -38.762858000002204 ], [ -72.604474999986678, -38.762785000002218 ], [ -72.60452899998667, -38.762753000002213 ], [ -72.6049559999867, -38.762299000002209 ] ] ] } },
{ "type": "Feature", "properties": { "zona": "44" }, "geometry": { "type": "Polygon", "coordinates": [ [ [ -72.608992999986825, -38.766276000002222 ], [ -72.608374999986793, -38.765247000002212 ], [ -72.607862999986779, -38.764360000002206 ], [ -72.607065999986759, -38.763694000002218 ], [ -72.6049559999867, -38.762299000002209 ], [ -72.60452899998667, -38.762753000002213 ], [ -72.604474999986678, -38.762785000002218 ], [ -72.604177999986661, -38.762858000002204 ], [ -72.603962999986663, -38.762921000002208 ], [ -72.603192999986632, -38.762964000002206 ], [ -72.602720999986644, -38.763027000002218 ], [ -72.602382999986631, -38.763227000002217 ], [ -72.600837999986553, -38.764946000002212 ], [ -72.600883999986564, -38.764971000002227 ], [ -72.603449999986651, -38.766411000002222 ], [ -72.60605299998673, -38.767905000002209 ], [ -72.605554999986708, -38.768520000002212 ], [ -72.606307999986726, -38.769116000002228 ], [ -72.60842699998679, -38.76929100000222 ], [ -72.608992999986825, -38.766276000002222 ] ] ] } },
{ "type": "Feature", "properties": { "zona": "52" }, "geometry": { "type": "Polygon", "coordinates": [ [ [ -72.588345999986203, -38.770225000002206 ], [ -72.58775099998617, -38.770089000002201 ], [ -72.586828999986139, -38.77006600000221 ], [ -72.58677799998614, -38.770858000002207 ], [ -72.585394999986121, -38.772549000002201 ], [ -72.582511999986011, -38.776131000002209 ], [ -72.585329999986101, -38.777358000002202 ], [ -72.588410999986181, -38.778700000002196 ], [ -72.589911999986242, -38.779231000002206 ], [ -72.591512999986278, -38.779917000002222 ], [ -72.592753999986328, -38.780260000002208 ], [ -72.594194999986371, -38.780604000002221 ], [ -72.596556999986433, -38.781415000002205 ], [ -72.599398999986519, -38.781914000002232 ], [ -72.599918999986556, -38.782053000002222 ], [ -72.599230999986531, -38.780222000002226 ], [ -72.598475999986491, -38.777419000002219 ], [ -72.598187999986493, -38.776018000002217 ], [ -72.598187999986493, -38.775261000002224 ], [ -72.598043999986487, -38.774252000002221 ], [ -72.597648999986461, -38.772879000002213 ], [ -72.597468999986475, -38.771982000002211 ], [ -72.597491999986488, -38.770969000002225 ], [ -72.597478999986464, -38.770772000002218 ], [ -72.597247999986465, -38.770262000002212 ], [ -72.594268999986369, -38.770189000002205 ], [ -72.58994499998623, -38.770083000002202 ], [ -72.588345999986203, -38.770225000002206 ] ] ] } },
{ "type": "Feature", "properties": { "zona": "83" }, "geometry": { "type": "Polygon", "coordinates": [ [ [ -72.597491999986488, -38.770969000002225 ], [ -72.597468999986475, -38.771982000002211 ], [ -72.597648999986461, -38.772879000002213 ], [ -72.598043999986487, -38.774252000002221 ], [ -72.598187999986493, -38.775261000002224 ], [ -72.598187999986493, -38.776018000002217 ], [ -72.598475999986491, -38.777419000002219 ], [ -72.599230999986531, -38.780222000002226 ], [ -72.599918999986556, -38.782053000002222 ], [ -72.600739999986573, -38.780697000002228 ], [ -72.602140999986617, -38.780354000002227 ], [ -72.600779999986571, -38.777046000002223 ], [ -72.600539999986566, -38.776328000002223 ], [ -72.600699999986574, -38.775923000002216 ], [ -72.60117999998657, -38.775455000002225 ], [ -72.601860999986613, -38.774831000002216 ], [ -72.602180999986615, -38.774269000002214 ], [ -72.603060999986639, -38.773333000002211 ], [ -72.603981999986672, -38.772147000002214 ], [ -72.604328999986677, -38.771038000002228 ], [ -72.603709999986648, -38.770990000002207 ], [ -72.60339399998665, -38.770962000002214 ], [ -72.602118999986629, -38.770555000002204 ], [ -72.60198599998661, -38.771388000002226 ], [ -72.599573999986532, -38.771221000002214 ], [ -72.59909299998651, -38.771236000002212 ], [ -72.598230999986498, -38.771257000002215 ], [ -72.598212999986501, -38.770982000002206 ], [ -72.597491999986488, -38.770969000002225 ] ] ] } },
{ "type": "Feature", "properties": { "zona": "71" }, "geometry": { "type": "Polygon", "coordinates": [ [ [ -72.60842699998679, -38.76929100000222 ], [ -72.606307999986726, -38.769116000002228 ], [ -72.605554999986708, -38.768520000002212 ], [ -72.60605299998673, -38.767905000002209 ], [ -72.603449999986651, -38.766411000002222 ], [ -72.600883999986564, -38.764971000002227 ], [ -72.600837999986553, -38.764946000002212 ], [ -72.60057999998655, -38.765188000002212 ], [ -72.600339999986559, -38.766405000002216 ], [ -72.599818999986539, -38.767060000002218 ], [ -72.599098999986509, -38.767903000002207 ], [ -72.598938999986515, -38.770087000002206 ], [ -72.599534999986531, -38.770132000002206 ], [ -72.599573999986532, -38.771221000002214 ], [ -72.60198599998661, -38.771388000002226 ], [ -72.602118999986629, -38.770555000002204 ], [ -72.60339399998665, -38.770962000002214 ], [ -72.603709999986648, -38.770990000002207 ], [ -72.604328999986677, -38.771038000002228 ], [ -72.60470499998668, -38.770962000002228 ], [ -72.605039999986701, -38.770691000002209 ], [ -72.60526399998669, -38.769902000002212 ], [ -72.607913999986778, -38.770811000002212 ], [ -72.60842699998679, -38.76929100000222 ] ] ] } },
{ "type": "Feature", "properties": { "zona": "73" }, "geometry": { "type": "Polygon", "coordinates": [ [ [ -72.604328999986677, -38.771038000002228 ], [ -72.603981999986672, -38.772147000002214 ], [ -72.603060999986639, -38.773333000002211 ], [ -72.602180999986615, -38.774269000002214 ], [ -72.601860999986613, -38.774831000002216 ], [ -72.60117999998657, -38.775455000002225 ], [ -72.600699999986574, -38.775923000002216 ], [ -72.600539999986566, -38.776328000002223 ], [ -72.600779999986571, -38.777046000002223 ], [ -72.602140999986617, -38.780354000002227 ], [ -72.609862999986831, -38.778856000002222 ], [ -72.607523999986768, -38.775169000002215 ], [ -72.60731299998676, -38.773280000002224 ], [ -72.607913999986778, -38.770811000002212 ], [ -72.60526399998669, -38.769902000002212 ], [ -72.605039999986701, -38.770691000002209 ], [ -72.60470499998668, -38.770962000002228 ], [ -72.604328999986677, -38.771038000002228 ] ] ] } },
{ "type": "Feature", "properties": { "zona": "45" }, "geometry": { "type": "Polygon", "coordinates": [ [ [ -72.588520999986201, -38.752825000002211 ], [ -72.589314999986229, -38.753443000002193 ], [ -72.589427999986228, -38.753902000002199 ], [ -72.589172999986204, -38.754011000002208 ], [ -72.588935999986205, -38.754134000002196 ], [ -72.592188999986305, -38.758374000002192 ], [ -72.592227999986306, -38.758621000002208 ], [ -72.592485999986309, -38.759100000002199 ], [ -72.591514999986288, -38.759765000002204 ], [ -72.591038999986267, -38.760970000002203 ], [ -72.594162999986366, -38.76153000000221 ], [ -72.594999999986399, -38.761945000002207 ], [ -72.597403999986469, -38.759128000002207 ], [ -72.59783699998647, -38.759297000002199 ], [ -72.599351999986524, -38.760057000002206 ], [ -72.600167999986553, -38.759230000002219 ], [ -72.598191999986497, -38.758104000002206 ], [ -72.592047999986292, -38.754555000002192 ], [ -72.589430999986206, -38.753313000002201 ], [ -72.589298999986227, -38.753242000002196 ], [ -72.588520999986201, -38.752825000002211 ] ] ] } },
{ "type": "Feature", "properties": { "zona": "16" }, "geometry": { "type": "Polygon", "coordinates": [ [ [ -72.620580999987155, -38.754227000002224 ], [ -72.619162999987111, -38.753306000002205 ], [ -72.616460999987027, -38.751265000002206 ], [ -72.609773999986828, -38.745929000002214 ], [ -72.60928199998682, -38.745831000002198 ], [ -72.608904999986805, -38.745299000002191 ], [ -72.609333999986802, -38.75850200000221 ], [ -72.610880999986861, -38.758115000002213 ], [ -72.612284999986912, -38.758723000002206 ], [ -72.613562999986954, -38.759603000002222 ], [ -72.615742999987006, -38.760658000002223 ], [ -72.618106999987063, -38.754214000002207 ], [ -72.620580999987155, -38.754227000002224 ] ] ] } },
{ "type": "Feature", "properties": { "zona": "13" }, "geometry": { "type": "Polygon", "coordinates": [ [ [ -72.616617999987028, -38.744733000002206 ], [ -72.616766999987036, -38.745153000002198 ], [ -72.611719999986875, -38.744066000002213 ], [ -72.608561999986776, -38.743262000002204 ], [ -72.60767499998677, -38.743071000002203 ], [ -72.605851999986712, -38.742824000002202 ], [ -72.605245999986693, -38.742577000002207 ], [ -72.608904999986805, -38.745299000002191 ], [ -72.60928199998682, -38.745831000002198 ], [ -72.609773999986828, -38.745929000002214 ], [ -72.616460999987027, -38.751265000002206 ], [ -72.616987999987046, -38.750881000002224 ], [ -72.617514999987051, -38.750443000002207 ], [ -72.617970999987094, -38.750306000002219 ], [ -72.618484999987075, -38.750209000002215 ], [ -72.619105999987113, -38.749995000002208 ], [ -72.619062999987094, -38.74980300000221 ], [ -72.618932999987109, -38.749533000002209 ], [ -72.618051999987074, -38.748665000002212 ], [ -72.620896999987153, -38.746874000002229 ], [ -72.622226999987205, -38.745974000002214 ], [ -72.618378999987073, -38.745129000002223 ], [ -72.61703699998705, -38.744822000002209 ], [ -72.616617999987028, -38.744733000002206 ] ] ] } },
{ "type": "Feature", "properties": { "zona": "42" }, "geometry": { "type": "Polygon", "coordinates": [ [ [ -72.638623999987644, -38.74972200000223 ], [ -72.636884999987601, -38.749269000002215 ], [ -72.638422999987668, -38.753129000002232 ], [ -72.638871999987657, -38.754883000002231 ], [ -72.639239999987709, -38.756063000002221 ], [ -72.639262999987679, -38.756181000002222 ], [ -72.640707999987725, -38.756623000002229 ], [ -72.6471229999879, -38.75694500000224 ], [ -72.656294999988148, -38.757579000002245 ], [ -72.658563999988232, -38.757235000002233 ], [ -72.660981999988252, -38.757165000002232 ], [ -72.662794999988321, -38.757353000002247 ], [ -72.665030999988389, -38.756623000002236 ], [ -72.664456999988374, -38.755209000002239 ], [ -72.659158999988236, -38.754171000002223 ], [ -72.648800999987927, -38.751964000002232 ], [ -72.64625299998788, -38.751361000002241 ], [ -72.639783999987699, -38.74993400000222 ], [ -72.638623999987644, -38.74972200000223 ] ] ] } },
{ "type": "Feature", "properties": { "zona": "67" }, "geometry": { "type": "Polygon", "coordinates": [ [ [ -72.656294999988148, -38.757579000002245 ], [ -72.6471229999879, -38.75694500000224 ], [ -72.640707999987725, -38.756623000002229 ], [ -72.639262999987679, -38.756181000002222 ], [ -72.640852999987729, -38.763882000002233 ], [ -72.643859999987825, -38.764527000002246 ], [ -72.6471679999879, -38.764703000002243 ], [ -72.650625999987994, -38.764469000002236 ], [ -72.653633999988088, -38.763355000002242 ], [ -72.65928499998823, -38.758823000002245 ], [ -72.659236999988224, -38.757972000002233 ], [ -72.656294999988148, -38.757579000002245 ] ] ] } },
{ "type": "Feature", "properties": { "zona": "14" }, "geometry": { "type": "Polygon", "coordinates": [ [ [ -72.639262999987679, -38.756181000002222 ], [ -72.635007999987565, -38.754908000002239 ], [ -72.632583999987489, -38.754854000002226 ], [ -72.630862999987428, -38.754799000002237 ], [ -72.626436999987305, -38.754689000002223 ], [ -72.625857999987304, -38.754643000002211 ], [ -72.625674999987282, -38.755246000002224 ], [ -72.626287999987312, -38.755262000002212 ], [ -72.624538999987266, -38.762475000002226 ], [ -72.627620999987343, -38.761948000002235 ], [ -72.633409999987521, -38.762065000002245 ], [ -72.634041999987517, -38.762304000002231 ], [ -72.63574099998759, -38.76241700000223 ], [ -72.640852999987729, -38.763882000002233 ], [ -72.639262999987679, -38.756181000002222 ] ] ] } },
{ "type": "Feature", "properties": { "zona": "12" }, "geometry": { "type": "Polygon", "coordinates": [ [ [ -72.626115999987306, -38.74681400000221 ], [ -72.622226999987205, -38.745974000002214 ], [ -72.620896999987153, -38.746874000002229 ], [ -72.618051999987074, -38.748665000002212 ], [ -72.618932999987109, -38.749533000002209 ], [ -72.619062999987094, -38.74980300000221 ], [ -72.619105999987113, -38.749995000002208 ], [ -72.618484999987075, -38.750209000002215 ], [ -72.617970999987094, -38.750306000002219 ], [ -72.617514999987051, -38.750443000002207 ], [ -72.616987999987046, -38.750881000002224 ], [ -72.616460999987027, -38.751265000002206 ], [ -72.619162999987111, -38.753306000002205 ], [ -72.620580999987155, -38.754227000002224 ], [ -72.625857999987304, -38.754643000002211 ], [ -72.626436999987305, -38.754689000002223 ], [ -72.630862999987428, -38.754799000002237 ], [ -72.632583999987489, -38.754854000002226 ], [ -72.635007999987565, -38.754908000002239 ], [ -72.639262999987679, -38.756181000002222 ], [ -72.639239999987709, -38.756063000002221 ], [ -72.638871999987657, -38.754883000002231 ], [ -72.638422999987668, -38.753129000002232 ], [ -72.636884999987601, -38.749269000002215 ], [ -72.626115999987306, -38.74681400000221 ] ] ] } },
{ "type": "Feature", "properties": { "zona": "15" }, "geometry": { "type": "Polygon", "coordinates": [ [ [ -72.625857999987304, -38.754643000002211 ], [ -72.620580999987155, -38.754227000002224 ], [ -72.618106999987063, -38.754214000002207 ], [ -72.615742999987006, -38.760658000002223 ], [ -72.61822399998708, -38.761830000002213 ], [ -72.620779999987136, -38.76218200000222 ], [ -72.624538999987266, -38.762475000002226 ], [ -72.626287999987312, -38.755262000002212 ], [ -72.625674999987282, -38.755246000002224 ], [ -72.625857999987304, -38.754643000002211 ] ] ] } },
{ "type": "Feature", "properties": { "zona": "17" }, "geometry": { "type": "Polygon", "coordinates": [ [ [ -72.587546999986159, -38.743852000002185 ], [ -72.587732999986173, -38.744393000002191 ], [ -72.58819899998619, -38.746142000002195 ], [ -72.588376999986181, -38.746881000002197 ], [ -72.58842999998619, -38.747466000002191 ], [ -72.588100999986182, -38.749360000002198 ], [ -72.590870999986251, -38.750400000002209 ], [ -72.593076999986323, -38.751321000002193 ], [ -72.593697999986361, -38.751938000002198 ], [ -72.596257999986406, -38.753490000002202 ], [ -72.600353999986552, -38.755398000002209 ], [ -72.602571999986608, -38.756463000002206 ], [ -72.60467699998668, -38.757395000002205 ], [ -72.605985999986729, -38.7580160000022 ], [ -72.609333999986802, -38.75850200000221 ], [ -72.608904999986805, -38.745299000002191 ], [ -72.605245999986693, -38.742577000002207 ], [ -72.602445999986614, -38.742918000002192 ], [ -72.598502999986493, -38.743567000002209 ], [ -72.598586999986495, -38.743969000002203 ], [ -72.593212999986335, -38.745143000002201 ], [ -72.592785999986319, -38.74523200000219 ], [ -72.592130999986296, -38.745232000002183 ], [ -72.59188899998631, -38.745244000002209 ], [ -72.591261999986273, -38.745185000002195 ], [ -72.589653999986211, -38.744670000002188 ], [ -72.589230999986214, -38.744518000002195 ], [ -72.588452999986188, -38.744221000002199 ], [ -72.587546999986159, -38.743852000002185 ] ] ] } },
{ "type": "Feature", "properties": { "zona": "39" }, "geometry": { "type": "Polygon", "coordinates": [ [ [ -72.617557999987056, -38.738460000002206 ], [ -72.617656999987062, -38.738366000002195 ], [ -72.617305999987039, -38.737941000002202 ], [ -72.617812999987066, -38.737637000002202 ], [ -72.619408999987101, -38.737090000002219 ], [ -72.628167999987369, -38.734939000002207 ], [ -72.626317999987293, -38.730107000002207 ], [ -72.62526499998728, -38.729970000002218 ], [ -72.625173999987283, -38.730117000002217 ], [ -72.624761999987257, -38.730036000002208 ], [ -72.61679899998704, -38.732874000002205 ], [ -72.610029999986821, -38.73526700000221 ], [ -72.610226999986835, -38.735578000002207 ], [ -72.613316999986935, -38.7373930000022 ], [ -72.614750999986967, -38.738489000002211 ], [ -72.614935999986983, -38.738877000002205 ], [ -72.617557999987056, -38.738460000002206 ] ] ] } },
{ "type": "Feature", "properties": { "zona": "10" }, "geometry": { "type": "Polygon", "coordinates": [ [ [ -72.602445999986614, -38.742918000002192 ], [ -72.605245999986693, -38.742577000002207 ], [ -72.605851999986712, -38.742824000002202 ], [ -72.60767499998677, -38.743071000002203 ], [ -72.608561999986776, -38.743262000002204 ], [ -72.611719999986875, -38.744066000002213 ], [ -72.616766999987036, -38.745153000002198 ], [ -72.616617999987028, -38.744733000002206 ], [ -72.615940999987004, -38.742995000002203 ], [ -72.615634999987009, -38.741742000002198 ], [ -72.614935999986983, -38.738877000002205 ], [ -72.614750999986967, -38.738489000002211 ], [ -72.613316999986935, -38.7373930000022 ], [ -72.605386999986692, -38.7391660000022 ], [ -72.605832999986703, -38.740344000002203 ], [ -72.604020999986659, -38.7405590000022 ], [ -72.602099999986606, -38.740865000002195 ], [ -72.602445999986614, -38.742918000002192 ] ] ] } },
{ "type": "Feature", "properties": { "zona": "40" }, "geometry": { "type": "Polygon", "coordinates": [ [ [ -72.610104999986831, -38.728625000002197 ], [ -72.607763999986773, -38.72935700000221 ], [ -72.606573999986722, -38.72980400000219 ], [ -72.610029999986821, -38.73526700000221 ], [ -72.61679899998704, -38.732874000002205 ], [ -72.624761999987257, -38.730036000002208 ], [ -72.625173999987283, -38.730117000002217 ], [ -72.62526499998728, -38.729970000002218 ], [ -72.625286999987281, -38.729816000002209 ], [ -72.623113999987211, -38.729126000002211 ], [ -72.622255999987175, -38.729019000002218 ], [ -72.620951999987142, -38.728858000002205 ], [ -72.613538999986929, -38.728055000002193 ], [ -72.611650999986878, -38.728617000002203 ], [ -72.610764999986856, -38.728264000002206 ], [ -72.610104999986831, -38.728625000002197 ] ] ] } },
{ "type": "Feature", "properties": { "zona": "85" }, "geometry": { "type": "Polygon", "coordinates": [ [ [ -72.626317999987293, -38.730107000002207 ], [ -72.628167999987369, -38.734939000002207 ], [ -72.632539999987472, -38.733908000002216 ], [ -72.63299999998749, -38.733779000002215 ], [ -72.632617999987488, -38.733379000002202 ], [ -72.632350999987494, -38.732921000002214 ], [ -72.631711999987459, -38.731023000002217 ], [ -72.631249999987446, -38.73074600000222 ], [ -72.630148999987426, -38.73058000000222 ], [ -72.626317999987293, -38.730107000002207 ] ] ] } },
{ "type": "Feature", "properties": { "zona": "41" }, "geometry": { "type": "Polygon", "coordinates": [ [ [ -72.641354999987726, -38.728429000002215 ], [ -72.638861999987668, -38.726454000002207 ], [ -72.638618999987656, -38.726157000002225 ], [ -72.638511999987642, -38.72593200000221 ], [ -72.638374999987647, -38.725635000002214 ], [ -72.638283999987635, -38.725528000002214 ], [ -72.63803999998764, -38.725302000002223 ], [ -72.637734999987629, -38.725005000002206 ], [ -72.637506999987622, -38.724969000002211 ], [ -72.637354999987622, -38.72489800000222 ], [ -72.637019999987601, -38.724803000002225 ], [ -72.636379999987625, -38.724530000002218 ], [ -72.635877999987585, -38.724399000002208 ], [ -72.635366999987568, -38.724364000002204 ], [ -72.635153999987551, -38.723175000002207 ], [ -72.63452399998755, -38.723452000002204 ], [ -72.633395999987499, -38.724041000002224 ], [ -72.632285999987474, -38.724727000002218 ], [ -72.63205499998746, -38.724914000002201 ], [ -72.631673999987441, -38.725046000002223 ], [ -72.630145999987434, -38.725309000002206 ], [ -72.628995999987382, -38.725599000002212 ], [ -72.62823499998737, -38.726011000002202 ], [ -72.627927999987349, -38.726174000002224 ], [ -72.626805999987312, -38.726555000002215 ], [ -72.626206999987303, -38.726575000002214 ], [ -72.626797999987318, -38.728535000002211 ], [ -72.626317999987293, -38.730107000002207 ], [ -72.630148999987426, -38.73058000000222 ], [ -72.631249999987446, -38.73074600000222 ], [ -72.631711999987459, -38.731023000002217 ], [ -72.632350999987494, -38.732921000002214 ], [ -72.632617999987488, -38.733379000002202 ], [ -72.63299999998749, -38.733779000002215 ], [ -72.633957999987544, -38.733549000002213 ], [ -72.635706999987576, -38.7333770000022 ], [ -72.636240999987592, -38.73326200000222 ], [ -72.640419999987699, -38.732314000002226 ], [ -72.641211999987732, -38.732113000002215 ], [ -72.642131999987754, -38.731624000002228 ], [ -72.642463999987754, -38.731567000002229 ], [ -72.642868999987769, -38.731811000002217 ], [ -72.643144999987783, -38.731998000002207 ], [ -72.643568999987806, -38.732041000002212 ], [ -72.643488999987795, -38.731804000002214 ], [ -72.643743999987791, -38.731766000002224 ], [ -72.64352499998779, -38.731539000002215 ], [ -72.643743999987791, -38.731236000002227 ], [ -72.643718999987797, -38.73108500000221 ], [ -72.64387699998781, -38.730933000002224 ], [ -72.643493999987797, -38.730199000002223 ], [ -72.643390999987787, -38.729958000002213 ], [ -72.643081999987771, -38.729515000002216 ], [ -72.642668999987777, -38.729093000002216 ], [ -72.642282999987756, -38.728751000002212 ], [ -72.641972999987757, -38.72867100000223 ], [ -72.641354999987726, -38.728429000002215 ] ] ] } },
{ "type": "Feature", "properties": { "zona": "57" }, "geometry": { "type": "Polygon", "coordinates": [ [ [ -72.649577999987955, -38.734784000002229 ], [ -72.648417999987913, -38.73440200000222 ], [ -72.646483999987879, -38.733738000002219 ], [ -72.645839999987857, -38.733054000002227 ], [ -72.645151999987831, -38.73244300000222 ], [ -72.644705999987835, -38.731888000002222 ], [ -72.64387699998781, -38.730933000002224 ], [ -72.643718999987797, -38.73108500000221 ], [ -72.643743999987791, -38.731236000002227 ], [ -72.64352499998779, -38.731539000002215 ], [ -72.643743999987791, -38.731766000002224 ], [ -72.643488999987795, -38.731804000002214 ], [ -72.643568999987806, -38.732041000002212 ], [ -72.643144999987783, -38.731998000002207 ], [ -72.642868999987769, -38.731811000002217 ], [ -72.642463999987754, -38.731567000002229 ], [ -72.642131999987754, -38.731624000002228 ], [ -72.641211999987732, -38.732113000002215 ], [ -72.640419999987699, -38.732314000002226 ], [ -72.636240999987592, -38.73326200000222 ], [ -72.635706999987576, -38.7333770000022 ], [ -72.633957999987544, -38.733549000002213 ], [ -72.63299999998749, -38.733779000002215 ], [ -72.634435999987545, -38.734195000002209 ], [ -72.635802999987575, -38.734477000002229 ], [ -72.639967999987689, -38.735482000002222 ], [ -72.640465999987725, -38.735602000002231 ], [ -72.642223999987763, -38.736024000002239 ], [ -72.644256999987817, -38.736488000002218 ], [ -72.645176999987825, -38.736678000002229 ], [ -72.646785999987898, -38.73670100000222 ], [ -72.647234999987887, -38.736678000002229 ], [ -72.647672999987904, -38.736542000002224 ], [ -72.648162999987932, -38.736570000002231 ], [ -72.648559999987938, -38.736853000002242 ], [ -72.648925999987938, -38.737321000002218 ], [ -72.649388999987949, -38.737486000002221 ], [ -72.649936999987958, -38.738069000002234 ], [ -72.650637999987993, -38.738281000002246 ], [ -72.651149999988007, -38.738570000002234 ], [ -72.651771999988014, -38.738879000002228 ], [ -72.65238099998804, -38.738879000002221 ], [ -72.652816999988062, -38.738508000002227 ], [ -72.653121999988059, -38.738002000002226 ], [ -72.653218999988056, -38.737819000002233 ], [ -72.65331299998806, -38.737271000002238 ], [ -72.653465999988072, -38.736438000002231 ], [ -72.65412699998808, -38.736266000002225 ], [ -72.654066999988075, -38.73559500000222 ], [ -72.654432999988089, -38.735445000002215 ], [ -72.653130999988051, -38.734868000002244 ], [ -72.649577999987955, -38.734784000002229 ] ] ] } },
{ "type": "Feature", "properties": { "zona": "7" }, "geometry": { "type": "Polygon", "coordinates": [ [ [ -72.629487999987404, -38.738389000002222 ], [ -72.630042999987424, -38.73983900000222 ], [ -72.631141999987449, -38.742827000002215 ], [ -72.631734999987458, -38.743341000002218 ], [ -72.633464999987524, -38.744909000002245 ], [ -72.636150999987578, -38.743445000002232 ], [ -72.63972799998767, -38.741388000002217 ], [ -72.640129999987707, -38.741614000002222 ], [ -72.645888999987861, -38.738360000002217 ], [ -72.645689999987852, -38.737980000002231 ], [ -72.648162999987932, -38.736570000002231 ], [ -72.647672999987904, -38.736542000002224 ], [ -72.647234999987887, -38.736678000002229 ], [ -72.646785999987898, -38.73670100000222 ], [ -72.645176999987825, -38.736678000002229 ], [ -72.644256999987817, -38.736488000002218 ], [ -72.642223999987763, -38.736024000002239 ], [ -72.640465999987725, -38.735602000002231 ], [ -72.6331479999875, -38.737479000002224 ], [ -72.629487999987404, -38.738389000002222 ] ] ] } },
{ "type": "Feature", "properties": { "zona": "58" }, "geometry": { "type": "Polygon", "coordinates": [ [ [ -72.650637999987993, -38.738281000002246 ], [ -72.649936999987958, -38.738069000002234 ], [ -72.649388999987949, -38.737486000002221 ], [ -72.648925999987938, -38.737321000002218 ], [ -72.648559999987938, -38.736853000002242 ], [ -72.648162999987932, -38.736570000002231 ], [ -72.645689999987852, -38.737980000002231 ], [ -72.645888999987861, -38.738360000002217 ], [ -72.640129999987707, -38.741614000002222 ], [ -72.63972799998767, -38.741388000002217 ], [ -72.636150999987578, -38.743445000002232 ], [ -72.633464999987524, -38.744909000002245 ], [ -72.633489999987518, -38.744932000002223 ], [ -72.635977999987574, -38.747971000002217 ], [ -72.636575999987599, -38.748805000002228 ], [ -72.636884999987601, -38.749269000002215 ], [ -72.638623999987644, -38.74972200000223 ], [ -72.639457999987684, -38.749368000002228 ], [ -72.641196999987741, -38.748930000002233 ], [ -72.642094999987762, -38.748136000002226 ], [ -72.643209999987775, -38.746785000002227 ], [ -72.643575999987817, -38.746393000002236 ], [ -72.644793999987854, -38.745014000002229 ], [ -72.647048999987888, -38.74257800000224 ], [ -72.646875999987884, -38.742470000002236 ], [ -72.64561199998785, -38.741671000002228 ], [ -72.645054999987835, -38.74131100000222 ], [ -72.645485999987855, -38.74086800000223 ], [ -72.646565999987871, -38.740003000002226 ], [ -72.647514999987919, -38.739339000002225 ], [ -72.648056999987929, -38.738974000002244 ], [ -72.648310999987928, -38.739168000002223 ], [ -72.648773999987952, -38.738877000002226 ], [ -72.648994999987949, -38.739011000002229 ], [ -72.649856999987989, -38.73847700000222 ], [ -72.650311999987977, -38.738654000002228 ], [ -72.650637999987993, -38.738281000002246 ] ] ] } },
{ "type": "Feature", "properties": { "zona": "50" }, "geometry": { "type": "Polygon", "coordinates": [ [ [ -72.65412699998808, -38.736266000002225 ], [ -72.653465999988072, -38.736438000002231 ], [ -72.65331299998806, -38.737271000002238 ], [ -72.653218999988056, -38.737819000002233 ], [ -72.653121999988059, -38.738002000002226 ], [ -72.652816999988062, -38.738508000002227 ], [ -72.65238099998804, -38.738879000002221 ], [ -72.651771999988014, -38.738879000002228 ], [ -72.651149999988007, -38.738570000002234 ], [ -72.650637999987993, -38.738281000002246 ], [ -72.650311999987977, -38.738654000002228 ], [ -72.649856999987989, -38.73847700000222 ], [ -72.648994999987949, -38.739011000002229 ], [ -72.648773999987952, -38.738877000002226 ], [ -72.648310999987928, -38.739168000002223 ], [ -72.648056999987929, -38.738974000002244 ], [ -72.647514999987919, -38.739339000002225 ], [ -72.646565999987871, -38.740003000002226 ], [ -72.645485999987855, -38.74086800000223 ], [ -72.645054999987835, -38.74131100000222 ], [ -72.64561199998785, -38.741671000002228 ], [ -72.646875999987884, -38.742470000002236 ], [ -72.647048999987888, -38.74257800000224 ], [ -72.644793999987854, -38.745014000002229 ], [ -72.643575999987817, -38.746393000002236 ], [ -72.643209999987775, -38.746785000002227 ], [ -72.642094999987762, -38.748136000002226 ], [ -72.641196999987741, -38.748930000002233 ], [ -72.639457999987684, -38.749368000002228 ], [ -72.638623999987644, -38.74972200000223 ], [ -72.639783999987699, -38.74993400000222 ], [ -72.64625299998788, -38.751361000002241 ], [ -72.648800999987927, -38.751964000002232 ], [ -72.659158999988236, -38.754171000002223 ], [ -72.664456999988374, -38.755209000002239 ], [ -72.662828999988321, -38.750588000002239 ], [ -72.66092599998828, -38.745404000002232 ], [ -72.658958999988215, -38.739678000002236 ], [ -72.659364999988227, -38.739628000002249 ], [ -72.659172999988215, -38.739011000002229 ], [ -72.65878799998822, -38.738745000002233 ], [ -72.658381999988208, -38.738695000002217 ], [ -72.658104999988197, -38.738328000002241 ], [ -72.65754899998818, -38.738178000002243 ], [ -72.65742099998819, -38.73742800000224 ], [ -72.656843999988155, -38.737162000002236 ], [ -72.655390999988114, -38.736812000002232 ], [ -72.654819999988106, -38.736743000002221 ], [ -72.65412699998808, -38.736266000002225 ] ] ] } },
{ "type": "Feature", "properties": { "zona": "9" }, "geometry": { "type": "Polygon", "coordinates": [ [ [ -72.62485799998727, -38.74346500000221 ], [ -72.626115999987306, -38.74681400000221 ], [ -72.636884999987601, -38.749269000002215 ], [ -72.636575999987599, -38.748805000002228 ], [ -72.635977999987574, -38.747971000002217 ], [ -72.633489999987518, -38.744932000002223 ], [ -72.633464999987524, -38.744909000002245 ], [ -72.631734999987458, -38.743341000002218 ], [ -72.631141999987449, -38.742827000002215 ], [ -72.630042999987424, -38.73983900000222 ], [ -72.629487999987404, -38.738389000002222 ], [ -72.623558999987225, -38.739881000002214 ], [ -72.62485799998727, -38.74346500000221 ] ] ] } },
{ "type": "Feature", "properties": { "zona": "56" }, "geometry": { "type": "Polygon", "coordinates": [ [ [ -72.629487999987404, -38.738389000002222 ], [ -72.6331479999875, -38.737479000002224 ], [ -72.640465999987725, -38.735602000002231 ], [ -72.639967999987689, -38.735482000002222 ], [ -72.635802999987575, -38.734477000002229 ], [ -72.634435999987545, -38.734195000002209 ], [ -72.63299999998749, -38.733779000002215 ], [ -72.632539999987472, -38.733908000002216 ], [ -72.628167999987369, -38.734939000002207 ], [ -72.629487999987404, -38.738389000002222 ] ] ] } },
{ "type": "Feature", "properties": { "zona": "61" }, "geometry": { "type": "Polygon", "coordinates": [ [ [ -72.619408999987101, -38.737090000002219 ], [ -72.617812999987066, -38.737637000002202 ], [ -72.617305999987039, -38.737941000002202 ], [ -72.617656999987062, -38.738366000002195 ], [ -72.617557999987056, -38.738460000002206 ], [ -72.614935999986983, -38.738877000002205 ], [ -72.615634999987009, -38.741742000002198 ], [ -72.617517999987058, -38.741340000002218 ], [ -72.618934999987104, -38.741039000002196 ], [ -72.620731999987143, -38.740593000002221 ], [ -72.619408999987101, -38.737090000002219 ] ] ] } },
{ "type": "Feature", "properties": { "zona": "8" }, "geometry": { "type": "Polygon", "coordinates": [ [ [ -72.628167999987369, -38.734939000002207 ], [ -72.619408999987101, -38.737090000002219 ], [ -72.620731999987143, -38.740593000002221 ], [ -72.621404999987178, -38.740399000002213 ], [ -72.623558999987225, -38.739881000002214 ], [ -72.629487999987404, -38.738389000002222 ], [ -72.628167999987369, -38.734939000002207 ] ] ] } },
{ "type": "Feature", "properties": { "zona": "60" }, "geometry": { "type": "Polygon", "coordinates": [ [ [ -72.622226999987205, -38.745974000002214 ], [ -72.626115999987306, -38.74681400000221 ], [ -72.62485799998727, -38.74346500000221 ], [ -72.61881099998709, -38.744776000002219 ], [ -72.618378999987073, -38.745129000002223 ], [ -72.622226999987205, -38.745974000002214 ] ] ] } },
{ "type": "Feature", "properties": { "zona": "59" }, "geometry": { "type": "Polygon", "coordinates": [ [ [ -72.62485799998727, -38.74346500000221 ], [ -72.623558999987225, -38.739881000002214 ], [ -72.621404999987178, -38.740399000002213 ], [ -72.620731999987143, -38.740593000002221 ], [ -72.618934999987104, -38.741039000002196 ], [ -72.617517999987058, -38.741340000002218 ], [ -72.615634999987009, -38.741742000002198 ], [ -72.615940999987004, -38.742995000002203 ], [ -72.616617999987028, -38.744733000002206 ], [ -72.61703699998705, -38.744822000002209 ], [ -72.618378999987073, -38.745129000002223 ], [ -72.61881099998709, -38.744776000002219 ], [ -72.62485799998727, -38.74346500000221 ] ] ] } },
{ "type": "Feature", "properties": { "zona": "11" }, "geometry": { "type": "Polygon", "coordinates": [ [ [ -72.613316999986935, -38.7373930000022 ], [ -72.610226999986835, -38.735578000002207 ], [ -72.610029999986821, -38.73526700000221 ], [ -72.606573999986722, -38.72980400000219 ], [ -72.605753999986703, -38.730112000002194 ], [ -72.603893999986653, -38.731331000002207 ], [ -72.601362999986577, -38.7330730000022 ], [ -72.600344999986547, -38.733636000002193 ], [ -72.601114999986564, -38.736826000002203 ], [ -72.600829999986559, -38.736965000002201 ], [ -72.60146299998658, -38.738903000002196 ], [ -72.603139999986624, -38.738721000002208 ], [ -72.604020999986659, -38.7405590000022 ], [ -72.605832999986703, -38.740344000002203 ], [ -72.605386999986692, -38.7391660000022 ], [ -72.613316999986935, -38.7373930000022 ] ] ] } },
{ "type": "Feature", "properties": { "zona": "38" }, "geometry": { "type": "Polygon", "coordinates": [ [ [ -72.62526499998728, -38.729970000002218 ], [ -72.626317999987293, -38.730107000002207 ], [ -72.626797999987318, -38.728535000002211 ], [ -72.626206999987303, -38.726575000002214 ], [ -72.625555999987299, -38.726534000002196 ], [ -72.623862999987253, -38.726981000002205 ], [ -72.622768999987201, -38.727083000002196 ], [ -72.621935999987187, -38.727144000002198 ], [ -72.621466999987163, -38.72708300000221 ], [ -72.620737999987156, -38.726900000002203 ], [ -72.619982999987116, -38.726575000002207 ], [ -72.616845999987035, -38.724430000002208 ], [ -72.616397999987029, -38.724535000002206 ], [ -72.615470999986997, -38.724880000002202 ], [ -72.614416999986972, -38.72538900000221 ], [ -72.613773999986947, -38.725913000002208 ], [ -72.611973999986901, -38.727290000002213 ], [ -72.610764999986856, -38.728264000002206 ], [ -72.611650999986878, -38.728617000002203 ], [ -72.613538999986929, -38.728055000002193 ], [ -72.620951999987142, -38.728858000002205 ], [ -72.622255999987175, -38.729019000002218 ], [ -72.623113999987211, -38.729126000002211 ], [ -72.625286999987281, -38.729816000002209 ], [ -72.62526499998728, -38.729970000002218 ] ] ] } },
{ "type": "Feature", "properties": { "zona": "34" }, "geometry": { "type": "Polygon", "coordinates": [ [ [ -72.603815999986651, -38.727396000002202 ], [ -72.604353999986671, -38.727864000002185 ], [ -72.604755999986693, -38.727958000002197 ], [ -72.605418999986696, -38.727895000002199 ], [ -72.606102999986732, -38.727817000002212 ], [ -72.606645999986725, -38.727911000002202 ], [ -72.607509999986746, -38.728021000002201 ], [ -72.608294999986782, -38.727942000002201 ], [ -72.608897999986795, -38.727754000002207 ], [ -72.609319999986809, -38.727456000002185 ], [ -72.610104999986831, -38.728625000002197 ], [ -72.610764999986856, -38.728264000002206 ], [ -72.611973999986901, -38.727290000002213 ], [ -72.613773999986947, -38.725913000002208 ], [ -72.614416999986972, -38.72538900000221 ], [ -72.61410099998696, -38.725028000002197 ], [ -72.614459999986948, -38.723564000002192 ], [ -72.614522999986974, -38.722841000002198 ], [ -72.614016999986944, -38.721674000002196 ], [ -72.61390999998693, -38.721544000002211 ], [ -72.613890999986936, -38.721361000002204 ], [ -72.613658999986939, -38.720950000002198 ], [ -72.613004999986927, -38.720424000002197 ], [ -72.6054119999867, -38.726298000002188 ], [ -72.604729999986688, -38.726788000002195 ], [ -72.604541999986665, -38.726922000002205 ], [ -72.604465999986672, -38.726945000002196 ], [ -72.604384999986664, -38.72693600000219 ], [ -72.604048999986659, -38.726906000002217 ], [ -72.603965999986656, -38.727069000002196 ], [ -72.603960999986654, -38.727316000002197 ], [ -72.603815999986651, -38.727396000002202 ] ] ] } },
{ "type": "Feature", "properties": { "zona": "33" }, "geometry": { "type": "Polygon", "coordinates": [ [ [ -72.609085999986789, -38.717714000002196 ], [ -72.609295999986813, -38.717933000002191 ], [ -72.612089999986893, -38.716462000002203 ], [ -72.612249999986901, -38.716611000002203 ], [ -72.612279999986896, -38.716724000002195 ], [ -72.612237999986888, -38.717055000002205 ], [ -72.612335999986897, -38.717411000002187 ], [ -72.612852999986941, -38.718562000002201 ], [ -72.613239999986916, -38.719545000002185 ], [ -72.613672999986946, -38.719930000002194 ], [ -72.613004999986927, -38.720424000002197 ], [ -72.613658999986939, -38.720950000002198 ], [ -72.613890999986936, -38.721361000002204 ], [ -72.61390999998693, -38.721544000002211 ], [ -72.614016999986944, -38.721674000002196 ], [ -72.614522999986974, -38.722841000002198 ], [ -72.614459999986948, -38.723564000002192 ], [ -72.61410099998696, -38.725028000002197 ], [ -72.614416999986972, -38.72538900000221 ], [ -72.615470999986997, -38.724880000002202 ], [ -72.616397999987029, -38.724535000002206 ], [ -72.616845999987035, -38.724430000002208 ], [ -72.617539999987045, -38.724267000002207 ], [ -72.617915999987048, -38.723910000002206 ], [ -72.618336999987079, -38.723318000002202 ], [ -72.618568999987076, -38.722413000002184 ], [ -72.618738999987073, -38.721550000002203 ], [ -72.619195999987099, -38.7207040000022 ], [ -72.619537999987102, -38.719813000002191 ], [ -72.619947999987119, -38.718949000002205 ], [ -72.620143999987121, -38.718698000002199 ], [ -72.620565999987136, -38.717943000002208 ], [ -72.620550999987131, -38.717669000002211 ], [ -72.620414999987133, -38.717412000002206 ], [ -72.620451999987139, -38.716918000002195 ], [ -72.620279999987119, -38.7161170000022 ], [ -72.619807999987103, -38.715632000002202 ], [ -72.61955199998711, -38.715144000002176 ], [ -72.619572999987113, -38.7128410000022 ], [ -72.617485999987039, -38.7134660000022 ], [ -72.616307999987015, -38.713743000002204 ], [ -72.614515999986949, -38.713612000002193 ], [ -72.613805999986951, -38.713559000002192 ], [ -72.609085999986789, -38.717714000002196 ] ] ] } },
{ "type": "Feature", "properties": { "zona": "51" }, "geometry": { "type": "Polygon", "coordinates": [ [ [ -72.635366999987568, -38.724364000002204 ], [ -72.635877999987585, -38.724399000002208 ], [ -72.636379999987625, -38.724530000002218 ], [ -72.637019999987601, -38.724803000002225 ], [ -72.637354999987622, -38.72489800000222 ], [ -72.637506999987622, -38.724969000002211 ], [ -72.637734999987629, -38.725005000002206 ], [ -72.63803999998764, -38.725302000002223 ], [ -72.638283999987635, -38.725528000002214 ], [ -72.638374999987647, -38.725635000002214 ], [ -72.638511999987642, -38.72593200000221 ], [ -72.638618999987656, -38.726157000002225 ], [ -72.638861999987668, -38.726454000002207 ], [ -72.641354999987726, -38.728429000002215 ], [ -72.641972999987757, -38.72867100000223 ], [ -72.642282999987756, -38.728751000002212 ], [ -72.642668999987777, -38.729093000002216 ], [ -72.643081999987771, -38.729515000002216 ], [ -72.643390999987787, -38.729958000002213 ], [ -72.643493999987797, -38.730199000002223 ], [ -72.64387699998781, -38.730933000002224 ], [ -72.644705999987835, -38.731888000002222 ], [ -72.645151999987831, -38.73244300000222 ], [ -72.645839999987857, -38.733054000002227 ], [ -72.646483999987879, -38.733738000002219 ], [ -72.648417999987913, -38.73440200000222 ], [ -72.649577999987955, -38.734784000002229 ], [ -72.653130999988051, -38.734868000002244 ], [ -72.654432999988089, -38.735445000002215 ], [ -72.663442999988334, -38.74056700000223 ], [ -72.669118999988484, -38.743439000002247 ], [ -72.680214999988777, -38.744633000002239 ], [ -72.686049999988924, -38.744260000002242 ], [ -72.687962999988983, -38.744260000002242 ], [ -72.688631999989013, -38.743514000002257 ], [ -72.689396999989015, -38.744409000002271 ], [ -72.69044999998907, -38.743812000002258 ], [ -72.690831999989044, -38.744707000002258 ], [ -72.691405999989072, -38.744633000002246 ], [ -72.692457999989088, -38.744484000002252 ], [ -72.693114999989106, -38.744308000002263 ], [ -72.693539999989113, -38.744677000002241 ], [ -72.693081999989104, -38.745518000002249 ], [ -72.692902999989101, -38.745824000002251 ], [ -72.693130999989108, -38.74613000000226 ], [ -72.69365399998911, -38.746104000002248 ], [ -72.693816999989124, -38.745900000002244 ], [ -72.694110999989121, -38.745824000002258 ], [ -72.694388999989158, -38.746130000002246 ], [ -72.694127999989135, -38.746499000002267 ], [ -72.693735999989116, -38.746805000002254 ], [ -72.693375999989101, -38.747072000002255 ], [ -72.693539999989113, -38.747213000002255 ], [ -72.693898999989131, -38.747353000002249 ], [ -72.694633999989151, -38.747442000002259 ], [ -72.694944999989147, -38.747617000002251 ], [ -72.695368999989171, -38.748002000002259 ], [ -72.696169999989195, -38.748461000002251 ], [ -72.696904999989215, -38.748640000002247 ], [ -72.696937999989203, -38.748894000002252 ], [ -72.697240999989205, -38.749110000002261 ], [ -72.697476999989206, -38.749404000002258 ], [ -72.697574999989229, -38.749761000002259 ], [ -72.697508999989211, -38.750105000002257 ], [ -72.698097999989244, -38.750347000002243 ], [ -72.69878399998926, -38.750525000002256 ], [ -72.69886499998924, -38.750907000002258 ], [ -72.698777999989247, -38.751405000002258 ], [ -72.699185999989254, -38.751844000002258 ], [ -72.699263999989256, -38.752162000002258 ], [ -72.699010999989255, -38.752420000002253 ], [ -72.699010999989255, -38.752935000002267 ], [ -72.699399999989268, -38.753314000002256 ], [ -72.699344999989265, -38.753587000002256 ], [ -72.69955499998926, -38.753859000002272 ], [ -72.699690999989286, -38.753981000002263 ], [ -72.700409999989276, -38.753920000002282 ], [ -72.700506999989287, -38.754087000002265 ], [ -72.700468999989297, -38.754541000002263 ], [ -72.700588999989293, -38.754706000002258 ], [ -72.700992999989296, -38.754405000002258 ], [ -72.701711999989342, -38.754738000002263 ], [ -72.701847999989326, -38.755041000002251 ], [ -72.702002999989318, -38.755435000002272 ], [ -72.702405999989324, -38.755527000002274 ], [ -72.702138999989344, -38.755829000002265 ], [ -72.701964999989329, -38.756374000002268 ], [ -72.701808999989325, -38.757011000002272 ], [ -72.701927999989323, -38.75754100000227 ], [ -72.702819999989345, -38.757647000002265 ], [ -72.702644999989346, -38.75652600000226 ], [ -72.703052999989339, -38.755920000002249 ], [ -72.703654999989354, -38.75501100000227 ], [ -72.703936999989381, -38.753960000002266 ], [ -72.703266999989367, -38.751274000002255 ], [ -72.701066999989322, -38.745230000002259 ], [ -72.703744999989354, -38.740678000002262 ], [ -72.702501999989337, -38.73896200000226 ], [ -72.701927999989323, -38.737843000002243 ], [ -72.700970999989295, -38.735828000002243 ], [ -72.696857999989192, -38.735977000002265 ], [ -72.694753999989146, -38.735679000002243 ], [ -72.694466999989132, -38.733888000002253 ], [ -72.679162999988762, -38.733963000002241 ], [ -72.678970999988721, -38.733664000002236 ], [ -72.664174999988361, -38.733795000002239 ], [ -72.659643999988234, -38.722451000002224 ], [ -72.662518999988322, -38.722845000002216 ], [ -72.663857999988338, -38.723069000002219 ], [ -72.665483999988368, -38.723069000002226 ], [ -72.666918999988411, -38.723069000002219 ], [ -72.667396999988426, -38.723442000002237 ], [ -72.668257999988455, -38.723367000002227 ], [ -72.669023999988482, -38.723218000002227 ], [ -72.670266999988513, -38.723516000002235 ], [ -72.671510999988541, -38.723889000002224 ], [ -72.673136999988586, -38.724188000002229 ], [ -72.674188999988615, -38.724188000002229 ], [ -72.676005999988675, -38.724561000002232 ], [ -72.67715399998869, -38.724710000002233 ], [ -72.676319999988664, -38.723253000002238 ], [ -72.674679999988612, -38.719045000002254 ], [ -72.672729999988576, -38.718486000002237 ], [ -72.670739999988527, -38.71798900000222 ], [ -72.669744999988495, -38.717710000002242 ], [ -72.668907999988477, -38.717601000002233 ], [ -72.667495999988446, -38.717213000002225 ], [ -72.6664729999884, -38.717148000002233 ], [ -72.665457999988391, -38.717216000002225 ], [ -72.66452999998836, -38.71728400000223 ], [ -72.6624599999883, -38.717415000002219 ], [ -72.661424999988284, -38.717384000002212 ], [ -72.660469999988265, -38.717259000002223 ], [ -72.658499999988194, -38.716933000002236 ], [ -72.657833999988171, -38.717030000002225 ], [ -72.653951999988067, -38.717669000002211 ], [ -72.651505999988018, -38.717949000002207 ], [ -72.649578999987952, -38.718427000002201 ], [ -72.647739999987905, -38.719316000002223 ], [ -72.64554999998785, -38.720546000002216 ], [ -72.64472299998782, -38.721222000002221 ], [ -72.644125999987821, -38.721578000002218 ], [ -72.642428999987757, -38.721986000002211 ], [ -72.641340999987733, -38.722299000002216 ], [ -72.640017999987691, -38.722601000002228 ], [ -72.639714999987675, -38.722645000002224 ], [ -72.639122999987677, -38.722678000002198 ], [ -72.63819199998764, -38.722710000002202 ], [ -72.636845999987599, -38.722747000002208 ], [ -72.636161999987578, -38.722826000002208 ], [ -72.635827999987583, -38.722902000002222 ], [ -72.63564199998757, -38.722950000002214 ], [ -72.635153999987551, -38.723175000002207 ], [ -72.635366999987568, -38.724364000002204 ] ] ] } },
{ "type": "Feature", "properties": { "zona": "75" }, "geometry": { "type": "Polygon", "coordinates": [ [ [ -72.635393999987556, -38.721067000002208 ], [ -72.635211999987561, -38.721051000002227 ], [ -72.635058999987564, -38.721080000002218 ], [ -72.635000999987554, -38.721113000002198 ], [ -72.634986999987561, -38.721141000002206 ], [ -72.635025999987562, -38.721243000002218 ], [ -72.635113999987567, -38.721521000002213 ], [ -72.635134999987557, -38.721587000002209 ], [ -72.635191999987569, -38.721748000002208 ], [ -72.63564199998757, -38.722950000002214 ], [ -72.635827999987583, -38.722902000002222 ], [ -72.636161999987578, -38.722826000002208 ], [ -72.636845999987599, -38.722747000002208 ], [ -72.63819199998764, -38.722710000002202 ], [ -72.639122999987677, -38.722678000002198 ], [ -72.639714999987675, -38.722645000002224 ], [ -72.640017999987691, -38.722601000002228 ], [ -72.641340999987733, -38.722299000002216 ], [ -72.642428999987757, -38.721986000002211 ], [ -72.644125999987821, -38.721578000002218 ], [ -72.64472299998782, -38.721222000002221 ], [ -72.64554999998785, -38.720546000002216 ], [ -72.647739999987905, -38.719316000002223 ], [ -72.649578999987952, -38.718427000002201 ], [ -72.651505999988018, -38.717949000002207 ], [ -72.653951999988067, -38.717669000002211 ], [ -72.657833999988171, -38.717030000002225 ], [ -72.658499999988194, -38.716933000002236 ], [ -72.660469999988265, -38.717259000002223 ], [ -72.661424999988284, -38.717384000002212 ], [ -72.6624599999883, -38.717415000002219 ], [ -72.66452999998836, -38.71728400000223 ], [ -72.665457999988391, -38.717216000002225 ], [ -72.6664729999884, -38.717148000002233 ], [ -72.667495999988446, -38.717213000002225 ], [ -72.668907999988477, -38.717601000002233 ], [ -72.669744999988495, -38.717710000002242 ], [ -72.670739999988527, -38.71798900000222 ], [ -72.672729999988576, -38.718486000002237 ], [ -72.674679999988612, -38.719045000002254 ], [ -72.675865999988659, -38.719365000002227 ], [ -72.676880999988683, -38.719455000002228 ], [ -72.677979999988708, -38.719486000002242 ], [ -72.679700999988754, -38.719252000002228 ], [ -72.681870999988817, -38.718960000002227 ], [ -72.683741999988868, -38.718902000002231 ], [ -72.686136999988932, -38.719018000002229 ], [ -72.687932999988973, -38.71849300000224 ], [ -72.687708999988971, -38.718084000002243 ], [ -72.687708999988971, -38.717500000002232 ], [ -72.687858999988975, -38.716273000002246 ], [ -72.687783999988966, -38.715339000002238 ], [ -72.685687999988914, -38.709207000002223 ], [ -72.68553799998891, -38.705761000002227 ], [ -72.685238999988897, -38.705820000002227 ], [ -72.683666999988858, -38.705177000002223 ], [ -72.682095999988817, -38.704885000002221 ], [ -72.681047999988778, -38.704360000002232 ], [ -72.680074999988761, -38.704418000002228 ], [ -72.679550999988749, -38.704185000002212 ], [ -72.678952999988738, -38.703659000002212 ], [ -72.678521999988732, -38.703043000002218 ], [ -72.677574999988693, -38.703246000002238 ], [ -72.676642999988687, -38.703656000002226 ], [ -72.676092999988654, -38.703750000002223 ], [ -72.67580599998864, -38.703115000002221 ], [ -72.674682999988633, -38.702836000002229 ], [ -72.673893999988593, -38.702705000002219 ], [ -72.673248999988601, -38.702593000002238 ], [ -72.672435999988565, -38.702948000002216 ], [ -72.672124999988554, -38.703190000002223 ], [ -72.671861999988536, -38.703880000002215 ], [ -72.671431999988528, -38.70391800000224 ], [ -72.671335999988543, -38.70417900000222 ], [ -72.671096999988549, -38.70458900000223 ], [ -72.669925999988507, -38.704794000002231 ], [ -72.669351999988493, -38.704515000002225 ], [ -72.668969999988477, -38.704365000002227 ], [ -72.668562999988453, -38.704496000002223 ], [ -72.667941999988443, -38.705167000002213 ], [ -72.667845999988458, -38.705652000002218 ], [ -72.667702999988478, -38.705932000002221 ], [ -72.666961999988416, -38.706044000002208 ], [ -72.666650999988406, -38.706249000002209 ], [ -72.665837999988383, -38.706175000002212 ], [ -72.665312999988387, -38.706566000002212 ], [ -72.665096999988364, -38.706884000002219 ], [ -72.664547999988358, -38.706716000002217 ], [ -72.664116999988337, -38.706977000002212 ], [ -72.663686999988329, -38.706753000002223 ], [ -72.663354999988329, -38.70674400000221 ], [ -72.661464999988269, -38.707168000002206 ], [ -72.661384999988272, -38.707387000002214 ], [ -72.660982999988278, -38.708140000002217 ], [ -72.660620999988254, -38.708219000002217 ], [ -72.660298999988242, -38.708109000002224 ], [ -72.659896999988234, -38.708203000002221 ], [ -72.659233999988217, -38.708329000002223 ], [ -72.658790999988213, -38.708485000002227 ], [ -72.658087999988169, -38.708376000002218 ], [ -72.656800999988164, -38.708109000002217 ], [ -72.656177999988131, -38.707921000002202 ], [ -72.655092999988099, -38.708234000002193 ], [ -72.653825999988072, -38.708391000002216 ], [ -72.652720999988048, -38.708768000002209 ], [ -72.652418999988029, -38.708768000002209 ], [ -72.652076999988026, -38.70895600000221 ], [ -72.651594999988021, -38.708956000002217 ], [ -72.651031999987993, -38.70906600000221 ], [ -72.650508999987977, -38.709458000002208 ], [ -72.650187999987978, -38.70978700000223 ], [ -72.650388999987968, -38.710540000002204 ], [ -72.650328999987977, -38.710964000002214 ], [ -72.650287999987981, -38.71165400000222 ], [ -72.650086999987963, -38.71199900000223 ], [ -72.649684999987954, -38.712282000002212 ], [ -72.649302999987952, -38.712407000002202 ], [ -72.648477999987918, -38.712627000002207 ], [ -72.646769999987882, -38.712752000002205 ], [ -72.645261999987838, -38.713380000002218 ], [ -72.644457999987821, -38.713254000002216 ], [ -72.643853999987797, -38.713286000002221 ], [ -72.643451999987789, -38.713599000002219 ], [ -72.643049999987795, -38.71389700000222 ], [ -72.642808999987778, -38.714227000002204 ], [ -72.642587999987768, -38.715136000002204 ], [ -72.642225999987744, -38.715262000002198 ], [ -72.642004999987748, -38.715482000002211 ], [ -72.641722999987735, -38.715905000002209 ], [ -72.641441999987734, -38.715842000002219 ], [ -72.641119999987723, -38.715952000002204 ], [ -72.641280999987742, -38.7166740000022 ], [ -72.641477999987728, -38.717297000002212 ], [ -72.64175299998773, -38.717428000002208 ], [ -72.641705999987735, -38.717614000002207 ], [ -72.641657999987729, -38.717838000002203 ], [ -72.64200399998775, -38.717764000002219 ], [ -72.64200399998775, -38.717913000002206 ], [ -72.641836999987746, -38.718053000002215 ], [ -72.641693999987737, -38.718183000002213 ], [ -72.641262999987717, -38.718295000002207 ], [ -72.640939999987722, -38.71839800000221 ], [ -72.64095199998772, -38.718482000002211 ], [ -72.640832999987708, -38.718566000002205 ], [ -72.640724999987711, -38.718724000002219 ], [ -72.640987999987729, -38.718902000002203 ], [ -72.641214999987724, -38.718995000002202 ], [ -72.640904999987725, -38.719209000002202 ], [ -72.640127999987698, -38.719275000002213 ], [ -72.639625999987686, -38.719191000002219 ], [ -72.63945799998767, -38.719424000002206 ], [ -72.63948199998768, -38.719545000002206 ], [ -72.639421999987675, -38.719620000002209 ], [ -72.639373999987683, -38.719778000002201 ], [ -72.639290999987679, -38.720012000002214 ], [ -72.639182999987668, -38.720077000002206 ], [ -72.638979999987669, -38.720179000002226 ], [ -72.639015999987677, -38.720403000002214 ], [ -72.638955999987658, -38.720497000002219 ], [ -72.638752999987645, -38.720515000002223 ], [ -72.638286999987642, -38.720394000002209 ], [ -72.637903999987628, -38.720422000002216 ], [ -72.637712999987627, -38.720543000002216 ], [ -72.637556999987623, -38.720720000002224 ], [ -72.637497999987616, -38.720898000002208 ], [ -72.637736999987638, -38.721056000002207 ], [ -72.637640999987639, -38.721140000002208 ], [ -72.637198999987618, -38.721224000002209 ], [ -72.636791999987608, -38.721084000002215 ], [ -72.636313999987593, -38.721261000002215 ], [ -72.635955999987587, -38.721308000002225 ], [ -72.63570399998757, -38.72128000000221 ], [ -72.635715999987582, -38.72115900000221 ], [ -72.635608999987568, -38.721168000002216 ], [ -72.635393999987556, -38.721067000002208 ] ] ] } },
{ "type": "Feature", "properties": { "zona": "74" }, "geometry": { "type": "Polygon", "coordinates": [ [ [ -72.634819999987528, -38.714843000002212 ], [ -72.634374999987529, -38.716526000002204 ], [ -72.634040999987519, -38.716613000002198 ], [ -72.63417899998754, -38.717062000002215 ], [ -72.634397999987527, -38.717965000002216 ], [ -72.634820999987554, -38.719334000002199 ], [ -72.635040999987567, -38.720003000002215 ], [ -72.635393999987556, -38.721067000002208 ], [ -72.635608999987568, -38.721168000002216 ], [ -72.635715999987582, -38.72115900000221 ], [ -72.63570399998757, -38.72128000000221 ], [ -72.635955999987587, -38.721308000002225 ], [ -72.636313999987593, -38.721261000002215 ], [ -72.636791999987608, -38.721084000002215 ], [ -72.637198999987618, -38.721224000002209 ], [ -72.637640999987639, -38.721140000002208 ], [ -72.637736999987638, -38.721056000002207 ], [ -72.637497999987616, -38.720898000002208 ], [ -72.637556999987623, -38.720720000002224 ], [ -72.637712999987627, -38.720543000002216 ], [ -72.637903999987628, -38.720422000002216 ], [ -72.638286999987642, -38.720394000002209 ], [ -72.638752999987645, -38.720515000002223 ], [ -72.638955999987658, -38.720497000002219 ], [ -72.639015999987677, -38.720403000002214 ], [ -72.638979999987669, -38.720179000002226 ], [ -72.639182999987668, -38.720077000002206 ], [ -72.639290999987679, -38.720012000002214 ], [ -72.639373999987683, -38.719778000002201 ], [ -72.639421999987675, -38.719620000002209 ], [ -72.63948199998768, -38.719545000002206 ], [ -72.63945799998767, -38.719424000002206 ], [ -72.639625999987686, -38.719191000002219 ], [ -72.640127999987698, -38.719275000002213 ], [ -72.640904999987725, -38.719209000002202 ], [ -72.641214999987724, -38.718995000002202 ], [ -72.640987999987729, -38.718902000002203 ], [ -72.640724999987711, -38.718724000002219 ], [ -72.640832999987708, -38.718566000002205 ], [ -72.64095199998772, -38.718482000002211 ], [ -72.640939999987722, -38.71839800000221 ], [ -72.641262999987717, -38.718295000002207 ], [ -72.641693999987737, -38.718183000002213 ], [ -72.641836999987746, -38.718053000002215 ], [ -72.64200399998775, -38.717913000002206 ], [ -72.64200399998775, -38.717764000002219 ], [ -72.641657999987729, -38.717838000002203 ], [ -72.641705999987735, -38.717614000002207 ], [ -72.64175299998773, -38.717428000002208 ], [ -72.641477999987728, -38.717297000002212 ], [ -72.641280999987742, -38.7166740000022 ], [ -72.641119999987723, -38.715952000002204 ], [ -72.641441999987734, -38.715842000002219 ], [ -72.641722999987735, -38.715905000002209 ], [ -72.642004999987748, -38.715482000002211 ], [ -72.642225999987744, -38.715262000002198 ], [ -72.642587999987768, -38.715136000002204 ], [ -72.642808999987778, -38.714227000002204 ], [ -72.643049999987795, -38.71389700000222 ], [ -72.643451999987789, -38.713599000002219 ], [ -72.643853999987797, -38.713286000002221 ], [ -72.644457999987821, -38.713254000002216 ], [ -72.645261999987838, -38.713380000002218 ], [ -72.646769999987882, -38.712752000002205 ], [ -72.648477999987918, -38.712627000002207 ], [ -72.649302999987952, -38.712407000002202 ], [ -72.649684999987954, -38.712282000002212 ], [ -72.650086999987963, -38.71199900000223 ], [ -72.650287999987981, -38.71165400000222 ], [ -72.650328999987977, -38.710964000002214 ], [ -72.650388999987968, -38.710540000002204 ], [ -72.650187999987978, -38.70978700000223 ], [ -72.650508999987977, -38.709458000002208 ], [ -72.651031999987993, -38.70906600000221 ], [ -72.651594999988021, -38.708956000002217 ], [ -72.652076999988026, -38.70895600000221 ], [ -72.652418999988029, -38.708768000002209 ], [ -72.652720999988048, -38.708768000002209 ], [ -72.653825999988072, -38.708391000002216 ], [ -72.655092999988099, -38.708234000002193 ], [ -72.656177999988131, -38.707921000002202 ], [ -72.656800999988164, -38.708109000002217 ], [ -72.658087999988169, -38.708376000002218 ], [ -72.658790999988213, -38.708485000002227 ], [ -72.659233999988217, -38.708329000002223 ], [ -72.659896999988234, -38.708203000002221 ], [ -72.660298999988242, -38.708109000002224 ], [ -72.660620999988254, -38.708219000002217 ], [ -72.660982999988278, -38.708140000002217 ], [ -72.661384999988272, -38.707387000002214 ], [ -72.661464999988269, -38.707168000002206 ], [ -72.663354999988329, -38.70674400000221 ], [ -72.663686999988329, -38.706753000002223 ], [ -72.664116999988337, -38.706977000002212 ], [ -72.664547999988358, -38.706716000002217 ], [ -72.665096999988364, -38.706884000002219 ], [ -72.665312999988387, -38.706566000002212 ], [ -72.665837999988383, -38.706175000002212 ], [ -72.666650999988406, -38.706249000002209 ], [ -72.666961999988416, -38.706044000002208 ], [ -72.667702999988478, -38.705932000002221 ], [ -72.667845999988458, -38.705652000002218 ], [ -72.667941999988443, -38.705167000002213 ], [ -72.668562999988453, -38.704496000002223 ], [ -72.668969999988477, -38.704365000002227 ], [ -72.669351999988493, -38.704515000002225 ], [ -72.669925999988507, -38.704794000002231 ], [ -72.671096999988549, -38.70458900000223 ], [ -72.671335999988543, -38.70417900000222 ], [ -72.671431999988528, -38.70391800000224 ], [ -72.671861999988536, -38.703880000002215 ], [ -72.672124999988554, -38.703190000002223 ], [ -72.672435999988565, -38.702948000002216 ], [ -72.673248999988601, -38.702593000002238 ], [ -72.673893999988593, -38.702705000002219 ], [ -72.674682999988633, -38.702836000002229 ], [ -72.67580599998864, -38.703115000002221 ], [ -72.676092999988654, -38.703750000002223 ], [ -72.676642999988687, -38.703656000002226 ], [ -72.677574999988693, -38.703246000002238 ], [ -72.678521999988732, -38.703043000002218 ], [ -72.678503999988735, -38.70301700000222 ], [ -72.67805399998872, -38.702725000002225 ], [ -72.677081999988687, -38.703075000002215 ], [ -72.676257999988664, -38.703075000002222 ], [ -72.675958999988666, -38.702783000002213 ], [ -72.674985999988635, -38.702549000002215 ], [ -72.673563999988602, -38.701965000002232 ], [ -72.673114999988584, -38.702024000002226 ], [ -72.672515999988576, -38.702024000002233 ], [ -72.671393999988538, -38.701557000002232 ], [ -72.66667899998842, -38.700097000002224 ], [ -72.664882999988379, -38.695658000002233 ], [ -72.664582999988355, -38.694665000002225 ], [ -72.664839999988359, -38.692680000002206 ], [ -72.662220999988293, -38.693907000002206 ], [ -72.658030999988185, -38.696184000002219 ], [ -72.655561999988123, -38.696768000002209 ], [ -72.654214999988071, -38.69776100000221 ], [ -72.653990999988068, -38.69834500000222 ], [ -72.65331699998805, -38.698754000002211 ], [ -72.65264399998803, -38.699163000002216 ], [ -72.651296999988006, -38.699396000002217 ], [ -72.65047399998798, -38.699805000002193 ], [ -72.650024999987963, -38.70056400000221 ], [ -72.649650999987941, -38.701499000002215 ], [ -72.64950099998795, -38.702200000002208 ], [ -72.649126999987928, -38.70295900000221 ], [ -72.648664999987929, -38.70335300000221 ], [ -72.648303999987917, -38.703660000002209 ], [ -72.645759999987845, -38.704477000002207 ], [ -72.643739999987787, -38.705120000002211 ], [ -72.642092999987753, -38.706054000002212 ], [ -72.638576999987635, -38.707806000002208 ], [ -72.63327899998751, -38.712791000002198 ], [ -72.634438999987537, -38.714718000002208 ], [ -72.634819999987528, -38.714843000002212 ] ] ] } },
{ "type": "Feature", "properties": { "zona": "49" }, "geometry": { "type": "Polygon", "coordinates": [ [ [ -72.664839999988359, -38.692680000002206 ], [ -72.663218999988317, -38.689344000002215 ], [ -72.66195199998829, -38.687412000002197 ], [ -72.660925999988265, -38.685811000002197 ], [ -72.660864999988263, -38.680911000002205 ], [ -72.647526999987889, -38.682042000002191 ], [ -72.647284999987889, -38.689862000002201 ], [ -72.645475999987866, -38.690967000002203 ], [ -72.644568999987797, -38.691605000002205 ], [ -72.642818999987767, -38.691228000002191 ], [ -72.638593999987648, -38.691087000002199 ], [ -72.635696999987559, -38.691417000002197 ], [ -72.632313999987488, -38.693772000002198 ], [ -72.631830999987443, -38.695374000002197 ], [ -72.629898999987404, -38.6959860000022 ], [ -72.629777999987397, -38.697823000002202 ], [ -72.629234999987389, -38.699142000002205 ], [ -72.627180999987331, -38.699654000002184 ], [ -72.627905999987348, -38.701733000002207 ], [ -72.626034999987297, -38.702958000002198 ], [ -72.625386999987285, -38.704482000002201 ], [ -72.625254999987277, -38.704917000002197 ], [ -72.62498599998726, -38.705279000002186 ], [ -72.622712999987186, -38.705804000002203 ], [ -72.622846999987203, -38.706574000002185 ], [ -72.624133999987237, -38.706341000002197 ], [ -72.624357999987254, -38.706924000002211 ], [ -72.625239999987272, -38.706726000002206 ], [ -72.625409999987284, -38.707189000002181 ], [ -72.625767999987289, -38.708183000002208 ], [ -72.625174999987266, -38.708428000002186 ], [ -72.625886999987287, -38.710010000002192 ], [ -72.626490999987311, -38.709842000002197 ], [ -72.626857999987323, -38.710456000002203 ], [ -72.627385999987354, -38.710364000002187 ], [ -72.627601999987334, -38.710987000002191 ], [ -72.628896999987376, -38.710734000002198 ], [ -72.629521999987389, -38.712771000002199 ], [ -72.6303959999874, -38.712552000002191 ], [ -72.63046099998742, -38.712746000002205 ], [ -72.630783999987429, -38.712687000002191 ], [ -72.631414999987456, -38.714478000002217 ], [ -72.632350999987494, -38.7136910000022 ], [ -72.63327899998751, -38.712791000002198 ], [ -72.638576999987635, -38.707806000002208 ], [ -72.642092999987753, -38.706054000002212 ], [ -72.643739999987787, -38.705120000002211 ], [ -72.645759999987845, -38.704477000002207 ], [ -72.648303999987917, -38.703660000002209 ], [ -72.648664999987929, -38.70335300000221 ], [ -72.649126999987928, -38.70295900000221 ], [ -72.64950099998795, -38.702200000002208 ], [ -72.649650999987941, -38.701499000002215 ], [ -72.650024999987963, -38.70056400000221 ], [ -72.65047399998798, -38.699805000002193 ], [ -72.651296999988006, -38.699396000002217 ], [ -72.65264399998803, -38.699163000002216 ], [ -72.65331699998805, -38.698754000002211 ], [ -72.653990999988068, -38.69834500000222 ], [ -72.654214999988071, -38.69776100000221 ], [ -72.655561999988123, -38.696768000002209 ], [ -72.658030999988185, -38.696184000002219 ], [ -72.662220999988293, -38.693907000002206 ], [ -72.664839999988359, -38.692680000002206 ] ] ] } },
{ "type": "Feature", "properties": { "zona": "66" }, "geometry": { "type": "Polygon", "coordinates": [ [ [ -72.631673999987441, -38.725046000002223 ], [ -72.63205499998746, -38.724914000002201 ], [ -72.632285999987474, -38.724727000002218 ], [ -72.633395999987499, -38.724041000002224 ], [ -72.63452399998755, -38.723452000002204 ], [ -72.635153999987551, -38.723175000002207 ], [ -72.63564199998757, -38.722950000002214 ], [ -72.635191999987569, -38.721748000002208 ], [ -72.635134999987557, -38.721587000002209 ], [ -72.635113999987567, -38.721521000002213 ], [ -72.635025999987562, -38.721243000002218 ], [ -72.634986999987561, -38.721141000002206 ], [ -72.635000999987554, -38.721113000002198 ], [ -72.635058999987564, -38.721080000002218 ], [ -72.635211999987561, -38.721051000002227 ], [ -72.635393999987556, -38.721067000002208 ], [ -72.635040999987567, -38.720003000002215 ], [ -72.634820999987554, -38.719334000002199 ], [ -72.634397999987527, -38.717965000002216 ], [ -72.63417899998754, -38.717062000002215 ], [ -72.634040999987519, -38.716613000002198 ], [ -72.634374999987529, -38.716526000002204 ], [ -72.634819999987528, -38.714843000002212 ], [ -72.634438999987537, -38.714718000002208 ], [ -72.63327899998751, -38.712791000002198 ], [ -72.632350999987494, -38.7136910000022 ], [ -72.631414999987456, -38.714478000002217 ], [ -72.630737999987417, -38.715047000002208 ], [ -72.630180999987402, -38.715384000002217 ], [ -72.628571999987358, -38.716157000002205 ], [ -72.627365999987333, -38.71680800000221 ], [ -72.626839999987311, -38.71697700000221 ], [ -72.625385999987273, -38.717267000002188 ], [ -72.624767999987284, -38.717484000002194 ], [ -72.623406999987225, -38.717967000002211 ], [ -72.623402999987221, -38.717968000002209 ], [ -72.625668999987283, -38.725466000002207 ], [ -72.626206999987303, -38.726575000002214 ], [ -72.626805999987312, -38.726555000002215 ], [ -72.627927999987349, -38.726174000002224 ], [ -72.62823499998737, -38.726011000002202 ], [ -72.628995999987382, -38.725599000002212 ], [ -72.630145999987434, -38.725309000002206 ], [ -72.631673999987441, -38.725046000002223 ] ] ] } },
{ "type": "Feature", "properties": { "zona": "48" }, "geometry": { "type": "Polygon", "coordinates": [ [ [ -72.625409999987284, -38.707189000002181 ], [ -72.625239999987272, -38.706726000002206 ], [ -72.624357999987254, -38.706924000002211 ], [ -72.624133999987237, -38.706341000002197 ], [ -72.622846999987203, -38.706574000002185 ], [ -72.622712999987186, -38.705804000002203 ], [ -72.622532999987172, -38.705594000002193 ], [ -72.621952999987158, -38.705724000002185 ], [ -72.621950999987163, -38.706196000002201 ], [ -72.622644999987187, -38.709132000002199 ], [ -72.61968699998711, -38.709684000002191 ], [ -72.619815999987111, -38.709869000002193 ], [ -72.620057999987125, -38.710437000002202 ], [ -72.620178999987118, -38.711630000002202 ], [ -72.619936999987118, -38.712179000002195 ], [ -72.619572999987113, -38.7128410000022 ], [ -72.61955199998711, -38.715144000002176 ], [ -72.619807999987103, -38.715632000002202 ], [ -72.620279999987119, -38.7161170000022 ], [ -72.620451999987139, -38.716918000002195 ], [ -72.620414999987133, -38.717412000002206 ], [ -72.620550999987131, -38.717669000002211 ], [ -72.620565999987136, -38.717943000002208 ], [ -72.620143999987121, -38.718698000002199 ], [ -72.619947999987119, -38.718949000002205 ], [ -72.620343999987142, -38.718763000002205 ], [ -72.622045999987193, -38.718401000002203 ], [ -72.623402999987221, -38.717968000002209 ], [ -72.623406999987225, -38.717967000002211 ], [ -72.624767999987284, -38.717484000002194 ], [ -72.625385999987273, -38.717267000002188 ], [ -72.626839999987311, -38.71697700000221 ], [ -72.627365999987333, -38.71680800000221 ], [ -72.628571999987358, -38.716157000002205 ], [ -72.630180999987402, -38.715384000002217 ], [ -72.630737999987417, -38.715047000002208 ], [ -72.631414999987456, -38.714478000002217 ], [ -72.630783999987429, -38.712687000002191 ], [ -72.63046099998742, -38.712746000002205 ], [ -72.6303959999874, -38.712552000002191 ], [ -72.629521999987389, -38.712771000002199 ], [ -72.628896999987376, -38.710734000002198 ], [ -72.627601999987334, -38.710987000002191 ], [ -72.627385999987354, -38.710364000002187 ], [ -72.626857999987323, -38.710456000002203 ], [ -72.626490999987311, -38.709842000002197 ], [ -72.625886999987287, -38.710010000002192 ], [ -72.625174999987266, -38.708428000002186 ], [ -72.625767999987289, -38.708183000002208 ], [ -72.625409999987284, -38.707189000002181 ] ] ] } },
{ "type": "Feature", "properties": { "zona": "37" }, "geometry": { "type": "Polygon", "coordinates": [ [ [ -72.616845999987035, -38.724430000002208 ], [ -72.619982999987116, -38.726575000002207 ], [ -72.620737999987156, -38.726900000002203 ], [ -72.621466999987163, -38.72708300000221 ], [ -72.621935999987187, -38.727144000002198 ], [ -72.622768999987201, -38.727083000002196 ], [ -72.623862999987253, -38.726981000002205 ], [ -72.625555999987299, -38.726534000002196 ], [ -72.626206999987303, -38.726575000002214 ], [ -72.625668999987283, -38.725466000002207 ], [ -72.623402999987221, -38.717968000002209 ], [ -72.622045999987193, -38.718401000002203 ], [ -72.620343999987142, -38.718763000002205 ], [ -72.619947999987119, -38.718949000002205 ], [ -72.619537999987102, -38.719813000002191 ], [ -72.619195999987099, -38.7207040000022 ], [ -72.618738999987073, -38.721550000002203 ], [ -72.618568999987076, -38.722413000002184 ], [ -72.618336999987079, -38.723318000002202 ], [ -72.617915999987048, -38.723910000002206 ], [ -72.617539999987045, -38.724267000002207 ], [ -72.616845999987035, -38.724430000002208 ] ] ] } },
{ "type": "Feature", "properties": { "zona": "36" }, "geometry": { "type": "Polygon", "coordinates": [ [ [ -72.602672999986609, -38.725807000002199 ], [ -72.598523999986497, -38.725983000002181 ], [ -72.597990999986479, -38.726260000002192 ], [ -72.596873999986443, -38.726920000002188 ], [ -72.598385999986476, -38.729853000002194 ], [ -72.599243999986513, -38.729687000002194 ], [ -72.599792999986519, -38.7314040000022 ], [ -72.600344999986547, -38.733636000002193 ], [ -72.601362999986577, -38.7330730000022 ], [ -72.603893999986653, -38.731331000002207 ], [ -72.605753999986703, -38.730112000002194 ], [ -72.606573999986722, -38.72980400000219 ], [ -72.607763999986773, -38.72935700000221 ], [ -72.610104999986831, -38.728625000002197 ], [ -72.609319999986809, -38.727456000002185 ], [ -72.608897999986795, -38.727754000002207 ], [ -72.608294999986782, -38.727942000002201 ], [ -72.607509999986746, -38.728021000002201 ], [ -72.606645999986725, -38.727911000002202 ], [ -72.606102999986732, -38.727817000002212 ], [ -72.605418999986696, -38.727895000002199 ], [ -72.604755999986693, -38.727958000002197 ], [ -72.604353999986671, -38.727864000002185 ], [ -72.603815999986651, -38.727396000002202 ], [ -72.60374499998666, -38.727325000002189 ], [ -72.603226999986617, -38.726755000002193 ], [ -72.603058999986629, -38.72662400000219 ], [ -72.602797999986606, -38.7263440000022 ], [ -72.602647999986615, -38.726154000002182 ], [ -72.602647999986615, -38.725955000002195 ], [ -72.602672999986609, -38.725807000002199 ] ] ] } },
{ "type": "Feature", "properties": { "zona": "35" }, "geometry": { "type": "Polygon", "coordinates": [ [ [ -72.609085999986789, -38.717714000002196 ], [ -72.605615999986696, -38.718365000002201 ], [ -72.605080999986697, -38.719714000002185 ], [ -72.605023999986685, -38.720646000002191 ], [ -72.605080999986697, -38.721201000002196 ], [ -72.605478999986701, -38.721799000002193 ], [ -72.605506999986716, -38.722421000002186 ], [ -72.604852999986676, -38.722909000002197 ], [ -72.605004999986676, -38.723524000002193 ], [ -72.605004999986676, -38.723664000002188 ], [ -72.604939999986684, -38.723779000002196 ], [ -72.604759999986683, -38.723983000002193 ], [ -72.604429999986664, -38.724263000002196 ], [ -72.603993999986656, -38.724483000002195 ], [ -72.603506999986635, -38.724563000002185 ], [ -72.603004999986624, -38.724886000002201 ], [ -72.602672999986609, -38.725807000002199 ], [ -72.602647999986615, -38.725955000002195 ], [ -72.602647999986615, -38.726154000002182 ], [ -72.602797999986606, -38.7263440000022 ], [ -72.603058999986629, -38.72662400000219 ], [ -72.603226999986617, -38.726755000002193 ], [ -72.60374499998666, -38.727325000002189 ], [ -72.603815999986651, -38.727396000002202 ], [ -72.603960999986654, -38.727316000002197 ], [ -72.603965999986656, -38.727069000002196 ], [ -72.604048999986659, -38.726906000002217 ], [ -72.604384999986664, -38.72693600000219 ], [ -72.604465999986672, -38.726945000002196 ], [ -72.604541999986665, -38.726922000002205 ], [ -72.604729999986688, -38.726788000002195 ], [ -72.6054119999867, -38.726298000002188 ], [ -72.613004999986927, -38.720424000002197 ], [ -72.613672999986946, -38.719930000002194 ], [ -72.613239999986916, -38.719545000002185 ], [ -72.612852999986941, -38.718562000002201 ], [ -72.612335999986897, -38.717411000002187 ], [ -72.612237999986888, -38.717055000002205 ], [ -72.612279999986896, -38.716724000002195 ], [ -72.612249999986901, -38.716611000002203 ], [ -72.612089999986893, -38.716462000002203 ], [ -72.609295999986813, -38.717933000002191 ], [ -72.609085999986789, -38.717714000002196 ] ] ] } },
{ "type": "Feature", "properties": { "zona": "91" }, "geometry": { "type": "Polygon", "coordinates": [ [ [ -72.59518199998638, -38.730577000002192 ], [ -72.595594999986403, -38.732048000002202 ], [ -72.59858299998649, -38.731570000002193 ], [ -72.599792999986519, -38.7314040000022 ], [ -72.599243999986513, -38.729687000002194 ], [ -72.598385999986476, -38.729853000002194 ], [ -72.596873999986443, -38.726920000002188 ], [ -72.596149999986423, -38.727341000002198 ], [ -72.595935999986409, -38.727469000002181 ], [ -72.595814999986416, -38.727602000002186 ], [ -72.595814999986416, -38.727718000002191 ], [ -72.59651299998643, -38.73010500000219 ], [ -72.596241999986432, -38.730266000002203 ], [ -72.595886999986405, -38.730355000002184 ], [ -72.595288999986394, -38.730477000002189 ], [ -72.595196999986385, -38.730516000002197 ], [ -72.59518199998638, -38.730577000002192 ] ] ] } },
{ "type": "Feature", "properties": { "zona": "28" }, "geometry": { "type": "Polygon", "coordinates": [ [ [ -72.593036999986325, -38.732514000002183 ], [ -72.592592999986309, -38.730747000002197 ], [ -72.591985999986292, -38.730704000002198 ], [ -72.591132999986272, -38.730435000002196 ], [ -72.590080999986242, -38.729756000002176 ], [ -72.589790999986207, -38.729544000002193 ], [ -72.588829999986203, -38.729261000002204 ], [ -72.588212999986183, -38.729176000002177 ], [ -72.58743399998616, -38.728865000002187 ], [ -72.586725999986129, -38.728667000002183 ], [ -72.585311999986089, -38.728638000002185 ], [ -72.583987999986036, -38.728157000002177 ], [ -72.583697999986057, -38.727662000002177 ], [ -72.583134999986044, -38.727408000002193 ], [ -72.582717999986002, -38.727408000002185 ], [ -72.582355999985978, -38.727422000002178 ], [ -72.581720999985976, -38.727238000002181 ], [ -72.582515999986001, -38.729924000002185 ], [ -72.583618999986044, -38.733943000002171 ], [ -72.589011999986212, -38.733048000002178 ], [ -72.590400999986244, -38.732891000002191 ], [ -72.593036999986325, -38.732514000002183 ] ] ] } },
{ "type": "Feature", "properties": { "zona": "6" }, "geometry": { "type": "Polygon", "coordinates": [ [ [ -72.592592999986309, -38.730747000002197 ], [ -72.593036999986325, -38.732514000002183 ], [ -72.590400999986244, -38.732891000002191 ], [ -72.589011999986212, -38.733048000002178 ], [ -72.589649999986207, -38.735318000002202 ], [ -72.591939999986295, -38.734951000002184 ], [ -72.600344999986547, -38.733636000002193 ], [ -72.599792999986519, -38.7314040000022 ], [ -72.59858299998649, -38.731570000002193 ], [ -72.595594999986403, -38.732048000002202 ], [ -72.59518199998638, -38.730577000002192 ], [ -72.594975999986389, -38.730693000002198 ], [ -72.594514999986373, -38.730803000002197 ], [ -72.592592999986309, -38.730747000002197 ] ] ] } },
{ "type": "Feature", "properties": { "zona": "4" }, "geometry": { "type": "Polygon", "coordinates": [ [ [ -72.580315999985928, -38.738581000002178 ], [ -72.580531999985936, -38.738749000002187 ], [ -72.580831999985946, -38.738988000002188 ], [ -72.580945999985957, -38.739058000002181 ], [ -72.581415999985964, -38.739288000002176 ], [ -72.582033999985981, -38.739558000002177 ], [ -72.582351999986003, -38.739580000002178 ], [ -72.58310899998601, -38.740030000002172 ], [ -72.583883999986043, -38.740631000002182 ], [ -72.585025999986087, -38.741647000002189 ], [ -72.585626999986104, -38.742274000002183 ], [ -72.58718299998614, -38.742114000002189 ], [ -72.585755999986105, -38.735931000002189 ], [ -72.57974499998592, -38.736781000002182 ], [ -72.580043999985932, -38.737104000002184 ], [ -72.58105899998597, -38.737953000002179 ], [ -72.581075999985956, -38.73800200000219 ], [ -72.581041999985956, -38.738046000002171 ], [ -72.580315999985928, -38.738581000002178 ] ] ] } },
{ "type": "Feature", "properties": { "zona": "1" }, "geometry": { "type": "Polygon", "coordinates": [ [ [ -72.585755999986105, -38.735931000002189 ], [ -72.589649999986207, -38.735318000002202 ], [ -72.589011999986212, -38.733048000002178 ], [ -72.583618999986044, -38.733943000002171 ], [ -72.577560999985849, -38.734885000002173 ], [ -72.57974499998592, -38.736781000002182 ], [ -72.585755999986105, -38.735931000002189 ] ] ] } },
{ "type": "Feature", "properties": { "zona": "5" }, "geometry": { "type": "Polygon", "coordinates": [ [ [ -72.59372099998636, -38.741058000002198 ], [ -72.58718299998614, -38.742114000002189 ], [ -72.585626999986104, -38.742274000002183 ], [ -72.585761999986104, -38.742420000002198 ], [ -72.586150999986117, -38.742829000002203 ], [ -72.586421999986115, -38.743126000002199 ], [ -72.586962999986142, -38.743541000002196 ], [ -72.587546999986159, -38.743852000002185 ], [ -72.588452999986188, -38.744221000002199 ], [ -72.589230999986214, -38.744518000002195 ], [ -72.589653999986211, -38.744670000002188 ], [ -72.591261999986273, -38.745185000002195 ], [ -72.59188899998631, -38.745244000002209 ], [ -72.592130999986296, -38.745232000002183 ], [ -72.592785999986319, -38.74523200000219 ], [ -72.593212999986335, -38.745143000002201 ], [ -72.598586999986495, -38.743969000002203 ], [ -72.598502999986493, -38.743567000002209 ], [ -72.602445999986614, -38.742918000002192 ], [ -72.602099999986606, -38.740865000002195 ], [ -72.602035999986597, -38.740435000002201 ], [ -72.601083999986571, -38.739886000002208 ], [ -72.59372099998636, -38.741058000002198 ] ] ] } },
{ "type": "Feature", "properties": { "zona": "2" }, "geometry": { "type": "Polygon", "coordinates": [ [ [ -72.600344999986547, -38.733636000002193 ], [ -72.591939999986295, -38.734951000002184 ], [ -72.601083999986571, -38.739886000002208 ], [ -72.602035999986597, -38.740435000002201 ], [ -72.602099999986606, -38.740865000002195 ], [ -72.604020999986659, -38.7405590000022 ], [ -72.603139999986624, -38.738721000002208 ], [ -72.60146299998658, -38.738903000002196 ], [ -72.600829999986559, -38.736965000002201 ], [ -72.601114999986564, -38.736826000002203 ], [ -72.600344999986547, -38.733636000002193 ] ] ] } },
{ "type": "Feature", "properties": { "zona": "55" }, "geometry": { "type": "Polygon", "coordinates": [ [ [ -72.59372099998636, -38.741058000002198 ], [ -72.601083999986571, -38.739886000002208 ], [ -72.591939999986295, -38.734951000002184 ], [ -72.592341999986317, -38.735331000002176 ], [ -72.592537999986291, -38.736044000002188 ], [ -72.593045999986316, -38.738049000002199 ], [ -72.59372099998636, -38.741058000002198 ] ] ] } },
{ "type": "Feature", "properties": { "zona": "3" }, "geometry": { "type": "Polygon", "coordinates": [ [ [ -72.58718299998614, -38.742114000002189 ], [ -72.59372099998636, -38.741058000002198 ], [ -72.593045999986316, -38.738049000002199 ], [ -72.592537999986291, -38.736044000002188 ], [ -72.592341999986317, -38.735331000002176 ], [ -72.591939999986295, -38.734951000002184 ], [ -72.589649999986207, -38.735318000002202 ], [ -72.585755999986105, -38.735931000002189 ], [ -72.58718299998614, -38.742114000002189 ] ] ] } },
{ "type": "Feature", "properties": { "zona": "90" }, "geometry": { "type": "Polygon", "coordinates": [ [ [ -72.580315999985928, -38.738581000002178 ], [ -72.581041999985956, -38.738046000002171 ], [ -72.581075999985956, -38.73800200000219 ], [ -72.58105899998597, -38.737953000002179 ], [ -72.580043999985932, -38.737104000002184 ], [ -72.57974499998592, -38.736781000002182 ], [ -72.577560999985849, -38.734885000002173 ], [ -72.575354999985777, -38.732931000002182 ], [ -72.574852999985751, -38.732571000002167 ], [ -72.574446999985739, -38.732713000002178 ], [ -72.57420999998574, -38.732713000002185 ], [ -72.574172999985734, -38.73275900000219 ], [ -72.57418199998574, -38.732822000002194 ], [ -72.574133999985733, -38.733056000002172 ], [ -72.574089999985745, -38.733112000002187 ], [ -72.574083999985746, -38.733182000002188 ], [ -72.574405999985743, -38.733650000002186 ], [ -72.574307999985749, -38.733715000002178 ], [ -72.57455899998574, -38.733944000002182 ], [ -72.575019999985756, -38.734587000002165 ], [ -72.578790999985884, -38.738073000002167 ], [ -72.579405999985894, -38.738520000002197 ], [ -72.579824999985917, -38.738640000002185 ], [ -72.580166999985934, -38.738677000002191 ], [ -72.580315999985928, -38.738581000002178 ] ] ] } }
]
}
