{
"type": "FeatureCollection",
"name": "Valdivia",
"crs": { "type": "name", "properties": { "name": "urn:ogc:def:crs:OGC:1.3:CRS84" } },
"features": [
{ "type": "Feature", "properties": { "zona": "36" }, "geometry": { "type": "Polygon", "coordinates": [ [ [ -73.252396999997472, -39.801163000002923 ], [ -73.25366999999747, -39.800301000002904 ], [ -73.255972999997525, -39.798951000002923 ], [ -73.256457999997522, -39.797740000002896 ], [ -73.256457999997494, -39.796576000002908 ], [ -73.256033999997513, -39.794620000002922 ], [ -73.256397999997503, -39.79280300000292 ], [ -73.257427999997518, -39.790707000002897 ], [ -73.258457999997518, -39.788938000002915 ], [ -73.259345878980824, -39.787875268124395 ], [ -73.257718629125904, -39.786477114885827 ], [ -73.247068936668512, -39.782796216596232 ], [ -73.24274024891686, -39.784866558295718 ], [ -73.238863754403653, -39.787611045513898 ], [ -73.237180516170966, -39.788672462134215 ], [ -73.233909999997351, -39.7907310000029 ], [ -73.230393999997304, -39.792175000002914 ], [ -73.229281999997298, -39.793238000002908 ], [ -73.226585999997283, -39.795813000002902 ], [ -73.22572099999725, -39.797918000002902 ], [ -73.224278999997281, -39.799358000002904 ], [ -73.226729999997303, -39.802127000002905 ], [ -73.229398999997301, -39.804493000002935 ], [ -73.23306564822596, -39.80743958537407 ], [ -73.233775949789049, -39.808214536477088 ], [ -73.234337997410307, -39.808603907530156 ], [ -73.234449426342479, -39.808667200712279 ], [ -73.234889988115214, -39.808245838648297 ], [ -73.235983545920291, -39.809235031725422 ], [ -73.238162345104541, -39.810574423561981 ], [ -73.23869999999738, -39.810141000002922 ], [ -73.240831999997383, -39.808600000002912 ], [ -73.244028999997411, -39.807132000002923 ], [ -73.24451599999739, -39.806379000002934 ], [ -73.245909999997423, -39.805960000002933 ], [ -73.246454999997425, -39.805401000002902 ], [ -73.247000999997425, -39.804423000002913 ], [ -73.247667999997432, -39.803305000002915 ], [ -73.248334999997454, -39.802607000002915 ], [ -73.24918399999747, -39.80204800000292 ], [ -73.250395999997451, -39.801722000002911 ], [ -73.252396999997472, -39.801163000002923 ] ] ] } },
{ "type": "Feature", "properties": { "zona": "37" }, "geometry": { "type": "Polygon", "coordinates": [ [ [ -73.224278999997281, -39.799358000002904 ], [ -73.22572099999725, -39.797918000002902 ], [ -73.226585999997283, -39.795813000002902 ], [ -73.229281999997298, -39.793238000002908 ], [ -73.230393999997304, -39.792175000002914 ], [ -73.229489999997341, -39.789243000002919 ], [ -73.229271999997295, -39.787905000002908 ], [ -73.228401999997288, -39.787203000002904 ], [ -73.227879999997285, -39.787069000002901 ], [ -73.227531999997282, -39.787403000002904 ], [ -73.227009999997279, -39.787671000002909 ], [ -73.225703999997265, -39.787637000002896 ], [ -73.224006999997272, -39.786333000002905 ], [ -73.222109999997244, -39.784755000002903 ], [ -73.22043799999723, -39.782822000002888 ], [ -73.221090999997244, -39.781618000002901 ], [ -73.221569999997257, -39.780548000002895 ], [ -73.222109999997244, -39.779659000002887 ], [ -73.222352999997256, -39.778742000002914 ], [ -73.221482999997221, -39.778073000002898 ], [ -73.220263999997243, -39.777939000002903 ], [ -73.219262999997213, -39.778374000002898 ], [ -73.218348999997218, -39.779177000002896 ], [ -73.2153899999972, -39.780280000002904 ], [ -73.214469999997164, -39.780878000002922 ], [ -73.213257999997182, -39.780447000002901 ], [ -73.211516999997173, -39.779444000002904 ], [ -73.210602999997135, -39.77914300000289 ], [ -73.20951499999714, -39.779210000002912 ], [ -73.208818999997106, -39.778842000002889 ], [ -73.207817999997118, -39.779076000002895 ], [ -73.20651299999713, -39.77937700000291 ], [ -73.205380999997118, -39.779310000002909 ], [ -73.203813999997081, -39.779845000002894 ], [ -73.202595999997101, -39.78074800000288 ], [ -73.201507999997091, -39.780748000002902 ], [ -73.200071999997064, -39.780347000002912 ], [ -73.199157999997041, -39.779979000002903 ], [ -73.198200999997056, -39.779110000002895 ], [ -73.197242999997044, -39.778976000002913 ], [ -73.196633999997047, -39.778608000002883 ], [ -73.195676999997048, -39.778307000002911 ], [ -73.194892999997009, -39.777839000002892 ], [ -73.192803999997011, -39.778976000002899 ], [ -73.194718999997036, -39.781451000002903 ], [ -73.196938999997045, -39.782487000002909 ], [ -73.206599999997096, -39.786835000002903 ], [ -73.205989999997115, -39.788005000002904 ], [ -73.205728999997092, -39.788808000002902 ], [ -73.204292999997094, -39.790346000002891 ], [ -73.209240999997121, -39.793208000002892 ], [ -73.210570999997159, -39.794775000002907 ], [ -73.211634999997159, -39.79647700000293 ], [ -73.212165999997168, -39.799065000002898 ], [ -73.212077999997177, -39.800699000002922 ], [ -73.211722999997164, -39.801993000002902 ], [ -73.21154599999717, -39.803764000002914 ], [ -73.210604999997159, -39.806487000002917 ], [ -73.210588157322675, -39.806599554821716 ], [ -73.214652738781183, -39.806286747604474 ], [ -73.213681999997178, -39.804999000002915 ], [ -73.213412254499616, -39.804181896380904 ], [ -73.213373613600751, -39.803585371809298 ], [ -73.213510999997183, -39.80289100000293 ], [ -73.213682518679548, -39.801839883835015 ], [ -73.21471099999718, -39.801903000002902 ], [ -73.21551263679396, -39.801937178610409 ], [ -73.217084228047042, -39.80175395997383 ], [ -73.21826206732284, -39.801619498502077 ], [ -73.219743751120149, -39.801446781363843 ], [ -73.22184711521227, -39.801194186594167 ], [ -73.222427999997251, -39.800981000002942 ], [ -73.224278999997281, -39.799358000002904 ] ] ] } },
{ "type": "Feature", "properties": { "zona": "35" }, "geometry": { "type": "Polygon", "coordinates": [ [ [ -73.229398999997301, -39.804493000002935 ], [ -73.226729999997303, -39.802127000002905 ], [ -73.224278999997281, -39.799358000002904 ], [ -73.222427999997251, -39.800981000002942 ], [ -73.22184711521227, -39.801194186594167 ], [ -73.219743751120149, -39.801446781363843 ], [ -73.21826206732284, -39.801619498502077 ], [ -73.217084228047042, -39.80175395997383 ], [ -73.21551263679396, -39.801937178610409 ], [ -73.21471099999718, -39.801903000002902 ], [ -73.213682518679548, -39.801839883835015 ], [ -73.213510999997183, -39.80289100000293 ], [ -73.213373613600751, -39.803585371809298 ], [ -73.213412254499616, -39.804181896380904 ], [ -73.213681999997178, -39.804999000002915 ], [ -73.214652738781183, -39.806286747604474 ], [ -73.210588157322675, -39.806599554821716 ], [ -73.210499999997126, -39.808309000002915 ], [ -73.210815999997152, -39.811022000002907 ], [ -73.210973999997179, -39.812399000002927 ], [ -73.211026999997159, -39.813533000002927 ], [ -73.21155399999715, -39.815193000002928 ], [ -73.21218799999717, -39.816686000002917 ], [ -73.213399999997179, -39.818486000002913 ], [ -73.216552999997191, -39.820845000002926 ], [ -73.218164194133308, -39.817814218284134 ], [ -73.220051080836427, -39.815368892631334 ], [ -73.221668958778807, -39.81328173547783 ], [ -73.222140195741062, -39.813226982367823 ], [ -73.224091686621534, -39.811383274355371 ], [ -73.223161347758719, -39.810782632845005 ], [ -73.222464073901122, -39.810733810598791 ], [ -73.222161248446014, -39.810321231307341 ], [ -73.222716405612275, -39.810067529564726 ], [ -73.224459245426971, -39.80930163311708 ], [ -73.224822515119286, -39.808997309497173 ], [ -73.230315451846494, -39.812557297713454 ], [ -73.230809415607155, -39.812278786432124 ], [ -73.231482623596165, -39.811639488757045 ], [ -73.232742969085351, -39.810401285072629 ], [ -73.233219837206022, -39.809884130781917 ], [ -73.234449426342479, -39.808667200712279 ], [ -73.234337997410307, -39.808603907530156 ], [ -73.233775949789049, -39.808214536477088 ], [ -73.23306564822596, -39.80743958537407 ], [ -73.229398999997301, -39.804493000002935 ] ] ] } },
{ "type": "Feature", "properties": { "zona": "34" }, "geometry": { "type": "Polygon", "coordinates": [ [ [ -73.238162950864151, -39.810574909506677 ], [ -73.235984151652715, -39.80923551768101 ], [ -73.234890593831295, -39.8082463246093 ], [ -73.234449426342479, -39.808667200712279 ], [ -73.233220442923965, -39.809884616751582 ], [ -73.232743574804289, -39.810401771044781 ], [ -73.231483229316524, -39.811639974735719 ], [ -73.230810021328068, -39.812279272414273 ], [ -73.230316057566242, -39.812557783698153 ], [ -73.224823120768903, -39.808997795509299 ], [ -73.224459851076546, -39.80930211913109 ], [ -73.222717011255753, -39.810068015587653 ], [ -73.222161854087645, -39.810321717333089 ], [ -73.222464073901122, -39.810733810598791 ], [ -73.223161347758719, -39.810782632845005 ], [ -73.224091686621534, -39.811383274355371 ], [ -73.222140195741062, -39.813226982367823 ], [ -73.221668958778807, -39.81328173547783 ], [ -73.220051080836427, -39.815368892631334 ], [ -73.218164194133308, -39.817814218284134 ], [ -73.216553605687864, -39.82084548605831 ], [ -73.218913605714434, -39.821954486046479 ], [ -73.2209796057315, -39.822200486036031 ], [ -73.223473605749589, -39.822200486023412 ], [ -73.225197624680632, -39.821195459721494 ], [ -73.228762605754127, -39.818231485996122 ], [ -73.229895605753541, -39.817199485990265 ], [ -73.231978605754648, -39.815559485979534 ], [ -73.233475605754904, -39.81431848597181 ], [ -73.235299605755245, -39.812805485962372 ], [ -73.235714605755973, -39.812539485960272 ], [ -73.238162950864151, -39.810574909506677 ] ] ] } },
{ "type": "Feature", "properties": { "zona": "33" }, "geometry": { "type": "Polygon", "coordinates": [ [ [ -73.204292999997094, -39.790346000002884 ], [ -73.19898399999704, -39.787671000002902 ], [ -73.196300999997035, -39.786194000002915 ], [ -73.194261999997025, -39.785377000002889 ], [ -73.192045999996964, -39.784560000002884 ], [ -73.189235999996953, -39.783792000002904 ], [ -73.187190999996957, -39.7841260000029 ], [ -73.185579999996932, -39.784828000002911 ], [ -73.183360999996907, -39.785497000002884 ], [ -73.18229599999691, -39.786399000002909 ], [ -73.179016999996904, -39.788714000002891 ], [ -73.176711999996854, -39.790825000002911 ], [ -73.17458099999682, -39.792811000002899 ], [ -73.175441999996849, -39.7943250000029 ], [ -73.176267999996867, -39.795581000002905 ], [ -73.176847999996866, -39.796189000002897 ], [ -73.177164999996833, -39.796432000002902 ], [ -73.177744999996889, -39.796635000002901 ], [ -73.179063999996885, -39.797243000002887 ], [ -73.179855999996889, -39.797770000002892 ], [ -73.181333999996866, -39.798297000002904 ], [ -73.182097119710193, -39.801433090831509 ], [ -73.186795876567658, -39.803264882502447 ], [ -73.191623999996963, -39.805798000002909 ], [ -73.191282890265825, -39.806783599637022 ], [ -73.200012682116011, -39.808149981064531 ], [ -73.202788728738071, -39.809551740932541 ], [ -73.204234688374939, -39.811442369911177 ], [ -73.205546076271261, -39.811528216320539 ], [ -73.207658454490485, -39.811405933732679 ], [ -73.210055348726982, -39.811230198197499 ], [ -73.210815999997138, -39.811022000002907 ], [ -73.210499999997111, -39.808309000002886 ], [ -73.210588157322647, -39.806599554821702 ], [ -73.210604999997145, -39.806487000002896 ], [ -73.211545999997156, -39.8037640000029 ], [ -73.21172299999715, -39.801993000002902 ], [ -73.212077999997135, -39.800699000002908 ], [ -73.212165999997168, -39.799065000002898 ], [ -73.211634999997159, -39.79647700000293 ], [ -73.210570999997131, -39.794775000002893 ], [ -73.209240999997107, -39.793208000002899 ], [ -73.204292999997094, -39.790346000002884 ] ] ] } },
{ "type": "Feature", "properties": { "zona": "13" }, "geometry": { "type": "Polygon", "coordinates": [ [ [ -73.22443699999728, -39.830493000002924 ], [ -73.225001999997275, -39.830448000002939 ], [ -73.227270999997288, -39.830104000002926 ], [ -73.228698999997292, -39.829931000002929 ], [ -73.231275999997308, -39.829587000002924 ], [ -73.233088781273452, -39.829744206926648 ], [ -73.2330949078423, -39.829012913567979 ], [ -73.233042420890015, -39.828937742132538 ], [ -73.233957769722636, -39.826551402633811 ], [ -73.233031999997337, -39.825945000002939 ], [ -73.232148999997321, -39.825455000002925 ], [ -73.232082999997331, -39.825418000002927 ], [ -73.230764999997305, -39.825297000002919 ], [ -73.2298159999973, -39.825175000002929 ], [ -73.229077999997301, -39.82509400000292 ], [ -73.228735999997298, -39.824912000002925 ], [ -73.228313999997283, -39.824649000002935 ], [ -73.227575999997271, -39.82410200000291 ], [ -73.22752899999729, -39.824038000002936 ], [ -73.224670999997244, -39.826049000002925 ], [ -73.222461999997222, -39.827886000002941 ], [ -73.221344999997243, -39.828815000002926 ], [ -73.222504999997227, -39.82953400000293 ], [ -73.223941999997237, -39.830402000002927 ], [ -73.22443699999728, -39.830493000002924 ] ] ] } },
{ "type": "Feature", "properties": { "zona": "16" }, "geometry": { "type": "Polygon", "coordinates": [ [ [ -73.231275999997308, -39.829587000002924 ], [ -73.228698999997292, -39.829931000002929 ], [ -73.227270999997288, -39.830104000002926 ], [ -73.225001999997275, -39.830448000002939 ], [ -73.22443699999728, -39.830493000002924 ], [ -73.224161999997264, -39.830749000002925 ], [ -73.223124999997239, -39.83145900000293 ], [ -73.222788999997235, -39.83165200000294 ], [ -73.222788999997235, -39.831953000002926 ], [ -73.222816999997249, -39.833932000002918 ], [ -73.222648999997247, -39.834965000002931 ], [ -73.222480999997259, -39.836040000002939 ], [ -73.222340999997257, -39.83638400000293 ], [ -73.222045999997249, -39.837143000002939 ], [ -73.222564999997246, -39.83735200000293 ], [ -73.223264999997255, -39.837524000002944 ], [ -73.224357999997252, -39.837718000002944 ], [ -73.226149999997276, -39.837847000002931 ], [ -73.227382999997303, -39.837954000002938 ], [ -73.228502999997318, -39.83801900000293 ], [ -73.229595999997315, -39.838062000002928 ], [ -73.23035199999731, -39.838019000002937 ], [ -73.231947999997331, -39.837868000002935 ], [ -73.233376999997333, -39.837718000002923 ], [ -73.233781999997333, -39.837700000002926 ], [ -73.234816999997321, -39.833607000002942 ], [ -73.235161999997345, -39.832259000002942 ], [ -73.235161999997359, -39.831946000002937 ], [ -73.234910999997339, -39.831296000002929 ], [ -73.234722999997345, -39.830790000002949 ], [ -73.234691999997352, -39.830260000002944 ], [ -73.234798999997324, -39.829766000002941 ], [ -73.23477899999736, -39.829757000002942 ], [ -73.233744999997327, -39.829737000002922 ], [ -73.233088781273452, -39.829744206926648 ], [ -73.231275999997308, -39.829587000002924 ] ] ] } },
{ "type": "Feature", "properties": { "zona": "17" }, "geometry": { "type": "Polygon", "coordinates": [ [ [ -73.222045999997249, -39.837143000002946 ], [ -73.222340999997272, -39.836384000002937 ], [ -73.222480999997259, -39.836040000002939 ], [ -73.222648999997247, -39.834965000002931 ], [ -73.222816999997264, -39.833932000002932 ], [ -73.222788999997263, -39.831953000002933 ], [ -73.222788999997263, -39.83165200000294 ], [ -73.223124999997268, -39.83145900000293 ], [ -73.224161999997264, -39.830749000002925 ], [ -73.22443699999728, -39.830493000002932 ], [ -73.223941999997251, -39.830402000002934 ], [ -73.222504999997241, -39.829534000002937 ], [ -73.22208099999726, -39.830059000002947 ], [ -73.221421999997233, -39.830764000002929 ], [ -73.221115999997252, -39.831053000002925 ], [ -73.220714999997242, -39.831289000002947 ], [ -73.220526999997247, -39.831397000002937 ], [ -73.220361999997237, -39.832754000002943 ], [ -73.220408999997247, -39.833586000002946 ], [ -73.220384999997236, -39.834309000002932 ], [ -73.220361999997237, -39.83487000000293 ], [ -73.220267999997233, -39.835412000002933 ], [ -73.220125999997222, -39.835937000002929 ], [ -73.219894999997237, -39.836407000002943 ], [ -73.222045999997249, -39.837143000002946 ] ] ] } },
{ "type": "Feature", "properties": { "zona": "43" }, "geometry": { "type": "Polygon", "coordinates": [ [ [ -73.233781999997333, -39.837700000002926 ], [ -73.233376999997333, -39.837718000002923 ], [ -73.231947999997331, -39.837868000002935 ], [ -73.23035199999731, -39.838019000002937 ], [ -73.229595999997315, -39.838062000002928 ], [ -73.228502999997318, -39.83801900000293 ], [ -73.227382999997303, -39.837954000002938 ], [ -73.226149999997276, -39.837847000002931 ], [ -73.224357999997252, -39.837718000002944 ], [ -73.223264999997255, -39.837524000002944 ], [ -73.222564999997246, -39.83735200000293 ], [ -73.222045999997249, -39.837143000002939 ], [ -73.22187299999726, -39.837466000002948 ], [ -73.221773999997239, -39.838093000002949 ], [ -73.221664999997259, -39.839603000002917 ], [ -73.22043799999723, -39.839442000002933 ], [ -73.219966999997226, -39.841342000002925 ], [ -73.219650999997214, -39.842462000002932 ], [ -73.219602999997221, -39.842752000002925 ], [ -73.219668999997225, -39.842937000002955 ], [ -73.219884999997234, -39.84329200000294 ], [ -73.220954999997247, -39.844651000002969 ], [ -73.221874999997254, -39.84587000000294 ], [ -73.222447093425473, -39.846674208502968 ], [ -73.223424694753533, -39.847618833003374 ], [ -73.223968145438747, -39.848370872460471 ], [ -73.225141473210115, -39.84964266350066 ], [ -73.225791261190878, -39.84984460285218 ], [ -73.226139344551513, -39.849952777290071 ], [ -73.22727995150656, -39.850185484525099 ], [ -73.228335366603048, -39.850107617378704 ], [ -73.229384607101011, -39.850074775812502 ], [ -73.229867714586618, -39.850152191645599 ], [ -73.230320539733171, -39.850310776955261 ], [ -73.230740254976169, -39.850525755099717 ], [ -73.231548778977654, -39.850955235562793 ], [ -73.231761732334377, -39.850791623421159 ], [ -73.231886001322422, -39.850769681084593 ], [ -73.231624959233642, -39.849624715764868 ], [ -73.231325922135028, -39.84872554106024 ], [ -73.231409698229612, -39.847664556088908 ], [ -73.232048059925589, -39.845259356567375 ], [ -73.23268199999734, -39.842918000002932 ], [ -73.232681999997325, -39.842195000002938 ], [ -73.232792999997329, -39.84174300000295 ], [ -73.233781999997333, -39.837700000002926 ] ] ] } },
{ "type": "Feature", "properties": { "zona": "15" }, "geometry": { "type": "Polygon", "coordinates": [ [ [ -73.234798999997352, -39.829766000002941 ], [ -73.234691999997366, -39.83026000000293 ], [ -73.234722999997345, -39.830790000002942 ], [ -73.234910999997354, -39.831296000002929 ], [ -73.235161999997359, -39.831946000002937 ], [ -73.235161999997359, -39.832259000002942 ], [ -73.234816999997335, -39.833607000002942 ], [ -73.233781999997333, -39.83770000000294 ], [ -73.234628999997355, -39.83758000000293 ], [ -73.235318999997347, -39.837459000002937 ], [ -73.237356999997374, -39.836400000002946 ], [ -73.239080999997398, -39.835485000002954 ], [ -73.24087399999739, -39.833703000002949 ], [ -73.2409939999974, -39.833583000002939 ], [ -73.241400999997396, -39.83286100000295 ], [ -73.241526999997404, -39.832451000002941 ], [ -73.241432999997414, -39.831657000002942 ], [ -73.241212999997401, -39.83091000000293 ], [ -73.240776999997379, -39.829821000002937 ], [ -73.239844999997402, -39.830042000002926 ], [ -73.239287999997387, -39.830225000002955 ], [ -73.238995999997371, -39.830429000002937 ], [ -73.237589999997368, -39.831753000002941 ], [ -73.236900999997374, -39.831305000002935 ], [ -73.23650299999737, -39.830755000002938 ], [ -73.235150999997359, -39.829920000002957 ], [ -73.234798999997352, -39.829766000002941 ] ] ] } },
{ "type": "Feature", "properties": { "zona": "42" }, "geometry": { "type": "Polygon", "coordinates": [ [ [ -73.240873999997405, -39.833703000002949 ], [ -73.239080999997384, -39.835485000002933 ], [ -73.237356999997388, -39.836400000002925 ], [ -73.235318999997332, -39.837459000002951 ], [ -73.234628999997341, -39.837580000002923 ], [ -73.233781999997333, -39.837700000002926 ], [ -73.232792999997329, -39.84174300000295 ], [ -73.232681999997325, -39.842195000002938 ], [ -73.23268199999734, -39.842918000002932 ], [ -73.232048059925589, -39.845259356567375 ], [ -73.246377999997435, -39.842021000002937 ], [ -73.245722643765731, -39.840117168923996 ], [ -73.245746425965407, -39.83869683623135 ], [ -73.245932372829813, -39.838194301582945 ], [ -73.246092134713422, -39.837748579706862 ], [ -73.246114999997431, -39.83736500000294 ], [ -73.246144999997441, -39.83723400000293 ], [ -73.246074999997418, -39.837134000002948 ], [ -73.245843999997419, -39.836842000002946 ], [ -73.243125999997417, -39.835124000002935 ], [ -73.24271799999741, -39.834907000002914 ], [ -73.242341999997407, -39.834570000002941 ], [ -73.240873999997405, -39.833703000002949 ] ] ] } },
{ "type": "Feature", "properties": { "zona": "14" }, "geometry": { "type": "Polygon", "coordinates": [ [ [ -73.240776999997365, -39.829821000002937 ], [ -73.241212999997387, -39.830910000002923 ], [ -73.2414329999974, -39.831657000002934 ], [ -73.241526999997404, -39.832451000002919 ], [ -73.241400999997367, -39.83286100000295 ], [ -73.240993999997386, -39.833583000002939 ], [ -73.240873999997405, -39.833703000002949 ], [ -73.242341999997407, -39.834570000002941 ], [ -73.24271799999741, -39.834907000002914 ], [ -73.243125999997417, -39.835124000002935 ], [ -73.245843999997419, -39.836842000002946 ], [ -73.246395999997446, -39.836872000002948 ], [ -73.246926999997456, -39.836503000002942 ], [ -73.247186999997439, -39.836488000002923 ], [ -73.247517999997456, -39.836719000002944 ], [ -73.247704999997438, -39.83674700000293 ], [ -73.24911499999746, -39.835894000002931 ], [ -73.255008999997514, -39.832620000002954 ], [ -73.25300199999748, -39.831921000002943 ], [ -73.252124999997463, -39.830838000002942 ], [ -73.251967999997461, -39.829538000002948 ], [ -73.252184523535476, -39.82732331606897 ], [ -73.250522349203436, -39.827559989119578 ], [ -73.244324999997417, -39.828994000002943 ], [ -73.2424969999974, -39.829431000002934 ], [ -73.241648999997381, -39.829614000002934 ], [ -73.240776999997365, -39.829821000002937 ] ] ] } },
{ "type": "Feature", "properties": { "zona": "19" }, "geometry": { "type": "Polygon", "coordinates": [ [ [ -73.392814005188484, -39.86050615338042 ], [ -73.392909999998352, -39.860699000002953 ], [ -73.392888999998362, -39.860932000002961 ], [ -73.392747999998349, -39.861219000002961 ], [ -73.392585999998346, -39.861552000002952 ], [ -73.392504999998323, -39.861878000002967 ], [ -73.392423999998343, -39.862499000002963 ], [ -73.392444999998332, -39.862732000002971 ], [ -73.392828999998329, -39.863104000002963 ], [ -73.393556999998381, -39.864268000002966 ], [ -73.393799999998365, -39.86460900000295 ], [ -73.393940999998335, -39.864733000002957 ], [ -73.394931999998363, -39.865168000002967 ], [ -73.395719999998363, -39.865633000002966 ], [ -73.396245999998371, -39.865882000002976 ], [ -73.398166999998395, -39.866595000002953 ], [ -73.398570999998341, -39.867139000002979 ], [ -73.398813999998396, -39.867464000002975 ], [ -73.399561999998383, -39.868830000002966 ], [ -73.399945999998394, -39.869528000002973 ], [ -73.400189999998389, -39.870087000002975 ], [ -73.40097118757086, -39.870458250761345 ], [ -73.401282674769959, -39.87003347325394 ], [ -73.401399213818891, -39.869677519627849 ], [ -73.401425617541705, -39.868873373021238 ], [ -73.402064999998387, -39.86875900000296 ], [ -73.401507999998387, -39.868462000002957 ], [ -73.399983999998398, -39.867263000002964 ], [ -73.39966399999841, -39.867014000002968 ], [ -73.399105999998369, -39.866630000002978 ], [ -73.397536999998366, -39.865186000002986 ], [ -73.395973999998361, -39.863747000002959 ], [ -73.394277999998351, -39.861760000002946 ], [ -73.393964999998346, -39.860697000002958 ], [ -73.394080334212703, -39.860569329794771 ], [ -73.393986794638039, -39.860548938264984 ], [ -73.393721626481309, -39.860479712994184 ], [ -73.393463908879824, -39.860438082763409 ], [ -73.39288025913369, -39.86049674056536 ], [ -73.392814005188484, -39.86050615338042 ] ] ] } },
{ "type": "Feature", "properties": { "zona": "54" }, "geometry": { "type": "Polygon", "coordinates": [ [ [ -73.402064999998387, -39.86875900000296 ], [ -73.401425617541705, -39.868873373021238 ], [ -73.401399213818891, -39.869677519627849 ], [ -73.401282674769959, -39.87003347325394 ], [ -73.40097118757086, -39.870458250761345 ], [ -73.400189999998389, -39.870087000002975 ], [ -73.398915999998394, -39.872586000002947 ], [ -73.398490999998373, -39.873284000002975 ], [ -73.39756099999839, -39.873563000002967 ], [ -73.396347999998355, -39.873780000002981 ], [ -73.395498999998367, -39.874044000002975 ], [ -73.395821943485743, -39.87458169556102 ], [ -73.396104999998371, -39.874944000002969 ], [ -73.396549999998342, -39.875099000002947 ], [ -73.396974999998378, -39.875301000002956 ], [ -73.397196999998357, -39.875379000002972 ], [ -73.397419999998377, -39.87537900000298 ], [ -73.398591999998359, -39.875161000002969 ], [ -73.39887499999837, -39.874975000002976 ], [ -73.399844999998379, -39.873884000002974 ], [ -73.399533999998368, -39.873602000002975 ], [ -73.400284999998362, -39.873113000002945 ], [ -73.400584999998387, -39.872536000002974 ], [ -73.400547999998409, -39.871585000002952 ], [ -73.401049999998392, -39.870942000002962 ], [ -73.401435999998384, -39.87089800000296 ], [ -73.401993999998382, -39.871019000002974 ], [ -73.402136999998405, -39.871206000002957 ], [ -73.402565999998373, -39.871216000002974 ], [ -73.402794999998392, -39.871151000002968 ], [ -73.402908999998388, -39.870843000002949 ], [ -73.403051999998425, -39.870657000002971 ], [ -73.4031519999984, -39.870174000002962 ], [ -73.4031519999984, -39.869812000002973 ], [ -73.403308999998401, -39.86950500000296 ], [ -73.40306599999839, -39.869362000002965 ], [ -73.402808999998399, -39.869373000002966 ], [ -73.402465999998398, -39.869208000002978 ], [ -73.402450999998379, -39.869000000002984 ], [ -73.402064999998387, -39.86875900000296 ] ] ] } },
{ "type": "Feature", "properties": { "zona": "62" }, "geometry": { "type": "Polygon", "coordinates": [ [ [ -73.25689166342903, -39.840936884568322 ], [ -73.256459038841257, -39.841858945192989 ], [ -73.256196393904816, -39.843924881217418 ], [ -73.255917957348885, -39.844975552660074 ], [ -73.255550349418826, -39.845726032533882 ], [ -73.255127266197448, -39.846192655432922 ], [ -73.254063154550678, -39.846933420539685 ], [ -73.253902956346394, -39.847177945898309 ], [ -73.255246999997468, -39.849881000002945 ], [ -73.255742999997494, -39.850959000002938 ], [ -73.255983999997483, -39.851557000002913 ], [ -73.256210999997478, -39.85196000000294 ], [ -73.256593999997492, -39.85226500000293 ], [ -73.256862999997509, -39.852678000002953 ], [ -73.257160999997495, -39.853396000002945 ], [ -73.257571999997481, -39.85451700000295 ], [ -73.261495999997521, -39.86193500000293 ], [ -73.262698999997554, -39.863351000002957 ], [ -73.263719599750118, -39.864641937289285 ], [ -73.26456137067153, -39.86560802072669 ], [ -73.26683026985981, -39.866900551543345 ], [ -73.267584947535056, -39.868380191950955 ], [ -73.268044229410435, -39.869798206688131 ], [ -73.268232999997565, -39.869630000002971 ], [ -73.269636999997601, -39.868153000002962 ], [ -73.274889999997626, -39.862920000002944 ], [ -73.282840999997674, -39.858435000002949 ], [ -73.270879999997575, -39.845006000002925 ], [ -73.268647870245417, -39.841297887375966 ], [ -73.268428077531041, -39.841435407059748 ], [ -73.267883359615055, -39.841872461041412 ], [ -73.267292315342004, -39.842061033907207 ], [ -73.266073425446649, -39.842094031666392 ], [ -73.265215027839616, -39.84195886192925 ], [ -73.264662765255537, -39.841526484776757 ], [ -73.26426175811909, -39.84104088049903 ], [ -73.264138353853951, -39.840795238734358 ], [ -73.263586890368941, -39.840624926416659 ], [ -73.262790971929604, -39.840749537563866 ], [ -73.262295382697758, -39.840982225452088 ], [ -73.261034662430205, -39.841088191116263 ], [ -73.260579399800434, -39.840973892549123 ], [ -73.260204915556699, -39.840916188535886 ], [ -73.259603553673344, -39.840938310899645 ], [ -73.258853880758608, -39.841061193899286 ], [ -73.258132101855239, -39.841135391803483 ], [ -73.257558633949841, -39.841108823265692 ], [ -73.25689166342903, -39.840936884568322 ] ] ] } },
{ "type": "Feature", "properties": { "zona": "4" }, "geometry": { "type": "Polygon", "coordinates": [ [ [ -73.252184523535476, -39.82732331606897 ], [ -73.251967999997461, -39.829538000002948 ], [ -73.252124999997463, -39.830838000002942 ], [ -73.25300199999748, -39.831921000002943 ], [ -73.255008999997514, -39.832620000002954 ], [ -73.264608999997549, -39.837902000002948 ], [ -73.263734999997538, -39.832414000002927 ], [ -73.265614999997581, -39.825614000002936 ], [ -73.263370999997534, -39.823705000002931 ], [ -73.261915999997555, -39.821795000002922 ], [ -73.261005999997522, -39.819327000002929 ], [ -73.260035999997513, -39.81457600000293 ], [ -73.259065999997517, -39.812853000002939 ], [ -73.257670999997501, -39.810012000002935 ], [ -73.252455999997494, -39.810990000002917 ], [ -73.248984999997433, -39.811548000002922 ], [ -73.248420999997421, -39.811624000002908 ], [ -73.249058999997473, -39.813660000002933 ], [ -73.250349999997439, -39.818104000002933 ], [ -73.251307999997451, -39.822567000002913 ], [ -73.252096999997462, -39.826130000002919 ], [ -73.252184523535476, -39.82732331606897 ] ] ] } },
{ "type": "Feature", "properties": { "zona": "12" }, "geometry": { "type": "Polygon", "coordinates": [ [ [ -73.235298999997354, -39.823475000002922 ], [ -73.235298999997354, -39.823556000002931 ], [ -73.233611999997322, -39.823374000002921 ], [ -73.233031999997337, -39.825945000002939 ], [ -73.233957769722636, -39.826551402633811 ], [ -73.233042420890015, -39.828937742132538 ], [ -73.2330949078423, -39.829012913567979 ], [ -73.233088781273452, -39.829744206926648 ], [ -73.233744999997327, -39.829737000002922 ], [ -73.23477899999736, -39.829757000002942 ], [ -73.234798999997324, -39.829766000002941 ], [ -73.235150999997359, -39.829920000002943 ], [ -73.23650299999737, -39.830755000002938 ], [ -73.23690099999736, -39.831305000002935 ], [ -73.237589999997368, -39.831753000002919 ], [ -73.2389959999974, -39.83042900000293 ], [ -73.239287999997387, -39.830225000002955 ], [ -73.239844999997402, -39.830042000002926 ], [ -73.240776999997365, -39.829821000002937 ], [ -73.241648999997381, -39.829614000002934 ], [ -73.2424969999974, -39.829431000002934 ], [ -73.244324999997417, -39.828994000002943 ], [ -73.243743999997392, -39.826864000002942 ], [ -73.243279999997412, -39.825357000002931 ], [ -73.243027999997395, -39.82486800000293 ], [ -73.243067999997379, -39.823656000002941 ], [ -73.243143999997386, -39.822751000002931 ], [ -73.240147999997376, -39.822471000002942 ], [ -73.239878999997387, -39.822535000002915 ], [ -73.238662999997388, -39.822725000002919 ], [ -73.235298999997354, -39.823475000002922 ] ] ] } },
{ "type": "Feature", "properties": { "zona": "10" }, "geometry": { "type": "Polygon", "coordinates": [ [ [ -73.230474999997284, -39.819507000002943 ], [ -73.228761999997303, -39.818231000002932 ], [ -73.225197018924362, -39.821194973709872 ], [ -73.229149754540373, -39.822199338991247 ], [ -73.228575990613919, -39.823234644694622 ], [ -73.22752899999729, -39.824038000002936 ], [ -73.227575999997271, -39.82410200000291 ], [ -73.228313999997283, -39.824649000002935 ], [ -73.228735999997298, -39.824912000002925 ], [ -73.229077999997301, -39.82509400000292 ], [ -73.2298159999973, -39.825175000002929 ], [ -73.230764999997305, -39.825297000002919 ], [ -73.232082999997331, -39.825418000002927 ], [ -73.232148999997321, -39.825455000002925 ], [ -73.233031999997337, -39.825945000002939 ], [ -73.233611999997322, -39.823374000002921 ], [ -73.235298999997354, -39.823556000002931 ], [ -73.235298999997354, -39.823475000002922 ], [ -73.235166999997332, -39.823191000002943 ], [ -73.234639999997327, -39.822685000002942 ], [ -73.234191999997336, -39.822361000002928 ], [ -73.230474999997284, -39.819507000002943 ] ] ] } },
{ "type": "Feature", "properties": { "zona": "41" }, "geometry": { "type": "Polygon", "coordinates": [ [ [ -73.233380256760654, -39.814396543261267 ], [ -73.231977999989439, -39.815558999985583 ], [ -73.229894999967414, -39.817198999985649 ], [ -73.228762000005759, -39.818230999992814 ], [ -73.229664059488854, -39.818902945807558 ], [ -73.230474999982761, -39.81950699998032 ], [ -73.231366000001429, -39.818832999997255 ], [ -73.232776000006382, -39.817893999980363 ], [ -73.234562999967366, -39.816931000004487 ], [ -73.234662999964954, -39.816881999992994 ], [ -73.235371999984523, -39.816532999982392 ], [ -73.234203841575223, -39.815174071507201 ], [ -73.233380256760654, -39.814396543261267 ] ] ] } },
{ "type": "Feature", "properties": { "zona": "9" }, "geometry": { "type": "Polygon", "coordinates": [ [ [ -73.234662999997354, -39.816882000002941 ], [ -73.234562999997365, -39.816931000002917 ], [ -73.232775999997344, -39.81789400000293 ], [ -73.231365999997323, -39.818833000002932 ], [ -73.230474999997313, -39.819507000002943 ], [ -73.23419199999735, -39.822361000002928 ], [ -73.234639999997356, -39.822685000002942 ], [ -73.234965999997357, -39.822656000002944 ], [ -73.23533999999735, -39.82259100000293 ], [ -73.235678999997347, -39.822617000002943 ], [ -73.236069999997355, -39.822578000002927 ], [ -73.236749999997357, -39.822017000002923 ], [ -73.237259999997363, -39.821417000002924 ], [ -73.237446999997374, -39.821051000002932 ], [ -73.237886999997386, -39.819877000002926 ], [ -73.237479999997362, -39.819751000002938 ], [ -73.23715599999737, -39.819486000002939 ], [ -73.236929999997358, -39.819238000002926 ], [ -73.237123999997365, -39.81906300000292 ], [ -73.237339999997374, -39.81891400000292 ], [ -73.23737199999735, -39.818699000002923 ], [ -73.237500999997351, -39.818260000002915 ], [ -73.237015999997354, -39.818144000002924 ], [ -73.237123999997365, -39.817805000002934 ], [ -73.237198999997361, -39.817609000002932 ], [ -73.234662999997354, -39.816882000002941 ] ] ] } },
{ "type": "Feature", "properties": { "zona": "7" }, "geometry": { "type": "Polygon", "coordinates": [ [ [ -73.235371999997355, -39.816533000002948 ], [ -73.234662999997354, -39.816882000002941 ], [ -73.237198999997361, -39.817609000002932 ], [ -73.237123999997365, -39.817805000002934 ], [ -73.237015999997354, -39.818144000002924 ], [ -73.237500999997351, -39.818260000002915 ], [ -73.23737199999735, -39.818699000002923 ], [ -73.237339999997374, -39.81891400000292 ], [ -73.237123999997365, -39.81906300000292 ], [ -73.236929999997358, -39.819238000002926 ], [ -73.23715599999737, -39.819486000002939 ], [ -73.237479999997362, -39.819751000002938 ], [ -73.237886999997386, -39.819877000002926 ], [ -73.238039999997369, -39.819924000002921 ], [ -73.238718999997388, -39.820015000002932 ], [ -73.239386999997379, -39.819924000002928 ], [ -73.239731999997403, -39.819825000002936 ], [ -73.239731999997403, -39.819477000002934 ], [ -73.240141999997377, -39.819403000002929 ], [ -73.240615999997402, -39.819221000002941 ], [ -73.241984999997399, -39.818384000002922 ], [ -73.24235199999741, -39.818301000002911 ], [ -73.242847999997423, -39.81826000000293 ], [ -73.242845999997428, -39.817968000002921 ], [ -73.242798999997419, -39.817850000002927 ], [ -73.242609999997413, -39.817374000002935 ], [ -73.243031999997427, -39.81715100000293 ], [ -73.243181999997404, -39.816922000002926 ], [ -73.243036999997415, -39.815712000002932 ], [ -73.240552999997391, -39.816120000002932 ], [ -73.240261999997401, -39.814892000002921 ], [ -73.239164999997385, -39.815173000002929 ], [ -73.238480999997378, -39.815354000002927 ], [ -73.236687999997372, -39.815942000002934 ], [ -73.23578499999735, -39.816329000002931 ], [ -73.235371999997355, -39.816533000002948 ] ] ] } },
{ "type": "Feature", "properties": { "zona": "40" }, "geometry": { "type": "Polygon", "coordinates": [ [ [ -73.233380256760654, -39.814396543261267 ], [ -73.234203841575223, -39.815174071507201 ], [ -73.235371999984523, -39.816532999982392 ], [ -73.23578499998645, -39.816329000008551 ], [ -73.236687999966094, -39.815942000007709 ], [ -73.238480999983082, -39.815353999987423 ], [ -73.238227999967833, -39.814974999997368 ], [ -73.238110999979568, -39.814791999980798 ], [ -73.237977999970525, -39.814665000006549 ], [ -73.237646999987405, -39.814428000005911 ], [ -73.237714000004644, -39.81427299998871 ], [ -73.236515088928911, -39.813277434555964 ], [ -73.236289503247519, -39.813096845008417 ], [ -73.235713999977975, -39.812539000000868 ], [ -73.23529899999933, -39.812804999996978 ], [ -73.233474999999459, -39.814317999997435 ], [ -73.233380256760654, -39.814396543261267 ] ] ] } },
{ "type": "Feature", "properties": { "zona": "8" }, "geometry": { "type": "Polygon", "coordinates": [ [ [ -73.240147999997376, -39.822471000002942 ], [ -73.243143999997415, -39.822751000002945 ], [ -73.246094999997439, -39.823026000002933 ], [ -73.246596999997436, -39.822989000002927 ], [ -73.249800999997461, -39.822658000002939 ], [ -73.251307999997479, -39.822567000002941 ], [ -73.250349999997468, -39.818104000002933 ], [ -73.24956099999747, -39.817957000002941 ], [ -73.248819999997451, -39.817865000002925 ], [ -73.248771999997459, -39.817626000002925 ], [ -73.247815999997442, -39.817792000002939 ], [ -73.245759999997418, -39.81812200000293 ], [ -73.245329999997423, -39.81810400000294 ], [ -73.244659999997438, -39.818031000002925 ], [ -73.242798999997419, -39.817850000002927 ], [ -73.242845999997428, -39.817968000002921 ], [ -73.242847999997423, -39.81826000000293 ], [ -73.242836999997408, -39.818864000002932 ], [ -73.24274599999741, -39.819826000002919 ], [ -73.242642999997415, -39.819953000002918 ], [ -73.24222999999742, -39.82028500000294 ], [ -73.241858999997405, -39.820507000002934 ], [ -73.241322999997408, -39.820761000002918 ], [ -73.240930999997389, -39.820967000002923 ], [ -73.240580999997391, -39.821299000002924 ], [ -73.240373999997388, -39.821553000002929 ], [ -73.240270999997378, -39.821790000002927 ], [ -73.240208999997392, -39.82210700000293 ], [ -73.240147999997376, -39.822471000002942 ] ] ] } },
{ "type": "Feature", "properties": { "zona": "11" }, "geometry": { "type": "Polygon", "coordinates": [ [ [ -73.251307999997451, -39.822567000002913 ], [ -73.249800999997461, -39.822658000002939 ], [ -73.246596999997436, -39.822989000002934 ], [ -73.246094999997439, -39.823026000002926 ], [ -73.243143999997386, -39.822751000002931 ], [ -73.243067999997379, -39.823656000002941 ], [ -73.243027999997395, -39.82486800000293 ], [ -73.243279999997412, -39.825357000002931 ], [ -73.243743999997392, -39.826864000002942 ], [ -73.244324999997417, -39.828994000002943 ], [ -73.250522349203436, -39.827559989119578 ], [ -73.252184523535476, -39.82732331606897 ], [ -73.252096999997462, -39.826130000002919 ], [ -73.251307999997451, -39.822567000002913 ] ] ] } },
{ "type": "Feature", "properties": { "zona": "5" }, "geometry": { "type": "Polygon", "coordinates": [ [ [ -73.243840643711039, -39.813271045214634 ], [ -73.244116700585735, -39.81438131145007 ], [ -73.244378717514522, -39.815389816684764 ], [ -73.244390908705881, -39.815484599062479 ], [ -73.244487515373962, -39.815963555127389 ], [ -73.244486348255222, -39.815995070082337 ], [ -73.244447154241342, -39.816057542138203 ], [ -73.244322311854773, -39.816114213201587 ], [ -73.243615984710559, -39.816553986193597 ], [ -73.243202778129444, -39.81680899894814 ], [ -73.243170723349536, -39.816827900429153 ], [ -73.243181999997418, -39.816922000002926 ], [ -73.243031999997427, -39.817151000002916 ], [ -73.242609999997384, -39.817374000002914 ], [ -73.242798999997405, -39.817850000002927 ], [ -73.244659999997424, -39.818031000002925 ], [ -73.245329999997395, -39.818104000002926 ], [ -73.245759999997404, -39.81812200000293 ], [ -73.247815999997442, -39.817792000002939 ], [ -73.248771999997459, -39.81762600000291 ], [ -73.248819999997451, -39.817865000002925 ], [ -73.24956099999747, -39.817957000002934 ], [ -73.250349999997439, -39.818104000002947 ], [ -73.249058999997473, -39.813660000002933 ], [ -73.248420999997435, -39.811624000002915 ], [ -73.247523999997441, -39.811790000002944 ], [ -73.246520999997415, -39.811983000002932 ], [ -73.245783999997442, -39.811971000002941 ], [ -73.245830999997438, -39.812200000002903 ], [ -73.245125999997427, -39.812416000002919 ], [ -73.243667999997385, -39.812681000002925 ], [ -73.243838583154613, -39.81326275770968 ], [ -73.243840999997417, -39.813271000002935 ], [ -73.243840643711039, -39.813271045214634 ] ] ] } },
{ "type": "Feature", "properties": { "zona": "49" }, "geometry": { "type": "Polygon", "coordinates": [ [ [ -73.293428922289976, -39.852620588821964 ], [ -73.293211955726306, -39.852487896773809 ], [ -73.292761902562148, -39.852087609588168 ], [ -73.292462358899101, -39.851622173322298 ], [ -73.292318885457235, -39.851180734543632 ], [ -73.292252519490162, -39.850736437211062 ], [ -73.29240819819826, -39.850134989423076 ], [ -73.292839301668621, -39.849612682015248 ], [ -73.293239265075243, -39.849210663023271 ], [ -73.293789720613645, -39.848743494497448 ], [ -73.294224515066801, -39.848280612945771 ], [ -73.294148867324509, -39.847687741838961 ], [ -73.294075076069632, -39.847124585618836 ], [ -73.294024999370464, -39.846322279210007 ], [ -73.293797012275533, -39.845764840807554 ], [ -73.293398142320981, -39.844945683499553 ], [ -73.293151624308223, -39.84409109225647 ], [ -73.292787614003174, -39.843211072296846 ], [ -73.292666024644376, -39.842500767456663 ], [ -73.292149693815446, -39.84165617560992 ], [ -73.292060727036187, -39.840229848040018 ], [ -73.292059946925988, -39.840222142523892 ], [ -73.290457999997727, -39.840374000002925 ], [ -73.289939999997742, -39.838872000002944 ], [ -73.288903999997714, -39.837546000002931 ], [ -73.288903999997757, -39.836883000002942 ], [ -73.289134999997742, -39.836353000002944 ], [ -73.28919199999774, -39.835690000002948 ], [ -73.288985217135632, -39.834770874641201 ], [ -73.288584965297559, -39.834547427197023 ], [ -73.288555341045736, -39.834071981923792 ], [ -73.288995721402372, -39.833616856014167 ], [ -73.288757389396366, -39.832767906692084 ], [ -73.288771659853722, -39.832004910297456 ], [ -73.288962045064821, -39.831092428544494 ], [ -73.289263908748751, -39.829985200502897 ], [ -73.289157807437817, -39.82927431662258 ], [ -73.289089676353541, -39.828180792235443 ], [ -73.28865453009287, -39.827148514244868 ], [ -73.288471971535458, -39.82620218948054 ], [ -73.288045732849682, -39.825312541656984 ], [ -73.287387664341821, -39.82466974637682 ], [ -73.286887949352035, -39.823592196777248 ], [ -73.286857847500741, -39.8221160277946 ], [ -73.286598876249073, -39.820934256025808 ], [ -73.286783353712138, -39.819926687178452 ], [ -73.286333508320908, -39.818656670865082 ], [ -73.286317276226939, -39.817982168747072 ], [ -73.286091314148109, -39.81745442038499 ], [ -73.285568999997693, -39.817165000002902 ], [ -73.284423999997713, -39.816803000002942 ], [ -73.283681999997683, -39.816337000002932 ], [ -73.283816999997683, -39.815664000002947 ], [ -73.284220999997686, -39.814680000002937 ], [ -73.284220999997686, -39.813748000002938 ], [ -73.284962999997703, -39.813282000002928 ], [ -73.284894999997675, -39.81271300000293 ], [ -73.285366999997706, -39.811574000002906 ], [ -73.285097999997731, -39.810591000002937 ], [ -73.284557999997702, -39.809918000002916 ], [ -73.28529999999769, -39.809038000002928 ], [ -73.284760999997715, -39.808831000002918 ], [ -73.284760999997715, -39.808106000002923 ], [ -73.283479999997695, -39.808261000002922 ], [ -73.283007999997693, -39.807588000002937 ], [ -73.283007999997693, -39.806397000002924 ], [ -73.283951999997683, -39.805569000002919 ], [ -73.2843559999977, -39.805000000002934 ], [ -73.283209999997709, -39.805362000002916 ], [ -73.273314999997609, -39.806170000002936 ], [ -73.27334599999763, -39.812354000002919 ], [ -73.270435999997602, -39.818874000002928 ], [ -73.265614999997581, -39.825614000002915 ], [ -73.263734999997553, -39.832414000002949 ], [ -73.264608999997563, -39.837902000002934 ], [ -73.267590999997594, -39.839542000002929 ], [ -73.270879999997575, -39.845006000002925 ], [ -73.282840999997674, -39.858435000002949 ], [ -73.28650399999772, -39.856685000002955 ], [ -73.289189999997717, -39.855435000002956 ], [ -73.291468999997747, -39.853373000002954 ], [ -73.293428922289976, -39.852620588821964 ] ] ] } },
{ "type": "Feature", "properties": { "zona": "2" }, "geometry": { "type": "Polygon", "coordinates": [ [ [ -73.257670999997501, -39.810012000002935 ], [ -73.259065999997517, -39.812853000002939 ], [ -73.260035999997513, -39.81457600000293 ], [ -73.261005999997522, -39.819327000002929 ], [ -73.261915999997555, -39.821795000002922 ], [ -73.263370999997534, -39.823705000002931 ], [ -73.265614999997581, -39.825614000002936 ], [ -73.270435999997616, -39.818874000002921 ], [ -73.273345999997616, -39.812354000002927 ], [ -73.273314999997609, -39.806170000002922 ], [ -73.270135999997606, -39.806547000002922 ], [ -73.270063206278735, -39.803059042529647 ], [ -73.265522303284897, -39.804510388748831 ], [ -73.265601226069734, -39.804690348483476 ], [ -73.263032904992116, -39.805559076686201 ], [ -73.263014944696025, -39.8056832383987 ], [ -73.263798154976939, -39.807077537662792 ], [ -73.263468828062273, -39.807563179464069 ], [ -73.263322275344066, -39.807565276223656 ], [ -73.262944201937728, -39.80674581067877 ], [ -73.262781310051565, -39.806861115643791 ], [ -73.262407560532083, -39.807195914277273 ], [ -73.262036828945782, -39.807204591398197 ], [ -73.261807634916835, -39.807101040799324 ], [ -73.261085178505013, -39.805905500441469 ], [ -73.260412832388326, -39.806217223190977 ], [ -73.257331241582023, -39.807173923884108 ], [ -73.256413438321047, -39.808253150426701 ], [ -73.256280063316026, -39.808394169202678 ], [ -73.256943999997503, -39.808917000002921 ], [ -73.257670999997501, -39.810012000002935 ] ] ] } },
{ "type": "Feature", "properties": { "zona": "3" }, "geometry": { "type": "Polygon", "coordinates": [ [ [ -73.248984999997433, -39.811548000002922 ], [ -73.252455999997494, -39.810990000002917 ], [ -73.257670999997501, -39.810012000002935 ], [ -73.256943999997503, -39.808917000002921 ], [ -73.256280063316026, -39.808394169202678 ], [ -73.256094999997515, -39.808265000002912 ], [ -73.255548999997487, -39.807241000002911 ], [ -73.252396999997472, -39.801163000002923 ], [ -73.250395999997451, -39.801722000002911 ], [ -73.24918399999747, -39.80204800000292 ], [ -73.248334999997454, -39.802607000002915 ], [ -73.247667999997432, -39.803305000002915 ], [ -73.247000999997425, -39.804423000002913 ], [ -73.246454999997425, -39.805401000002902 ], [ -73.245909999997423, -39.805960000002933 ], [ -73.24451599999739, -39.806379000002934 ], [ -73.244028999997411, -39.807132000002923 ], [ -73.245376999997404, -39.808071000002911 ], [ -73.248102999997428, -39.809900000002905 ], [ -73.248984999997433, -39.811548000002922 ] ] ] } },
{ "type": "Feature", "properties": { "zona": "30" }, "geometry": { "type": "Polygon", "coordinates": [ [ [ -73.22752899999729, -39.824038000002936 ], [ -73.228575990613919, -39.823234644694622 ], [ -73.229149754540373, -39.822199338991247 ], [ -73.225197018924362, -39.821194973709872 ], [ -73.223472999997256, -39.82220000000293 ], [ -73.220978999997243, -39.82220000000293 ], [ -73.218912999997229, -39.821954000002911 ], [ -73.216552999997191, -39.820845000002926 ], [ -73.216266900316782, -39.821526547605465 ], [ -73.216278000313835, -39.822104998786948 ], [ -73.2158307947645, -39.822433329459585 ], [ -73.21561700021023, -39.822440999270249 ], [ -73.215236211630682, -39.822698734605311 ], [ -73.215148774194077, -39.822941719543103 ], [ -73.215216230104602, -39.823172189731011 ], [ -73.21600627831171, -39.82385178300779 ], [ -73.21582249418924, -39.823935365647387 ], [ -73.214734999997191, -39.824049000002923 ], [ -73.215051999997186, -39.824228000002918 ], [ -73.215433999997202, -39.824471000002923 ], [ -73.218822999997215, -39.826798000002924 ], [ -73.220496999997223, -39.827318000002919 ], [ -73.222461999997222, -39.827886000002941 ], [ -73.224670999997244, -39.826049000002925 ], [ -73.22752899999729, -39.824038000002936 ] ] ] } },
{ "type": "Feature", "properties": { "zona": "6" }, "geometry": { "type": "Polygon", "coordinates": [ [ [ -73.234639999997356, -39.822685000002942 ], [ -73.235166999997332, -39.823191000002943 ], [ -73.235298999997354, -39.823475000002929 ], [ -73.238662999997388, -39.822725000002926 ], [ -73.239878999997401, -39.822535000002922 ], [ -73.240147999997376, -39.822471000002942 ], [ -73.240208999997392, -39.82210700000293 ], [ -73.240270999997378, -39.821790000002927 ], [ -73.240373999997388, -39.821553000002929 ], [ -73.240580999997391, -39.821299000002924 ], [ -73.240930999997389, -39.820967000002923 ], [ -73.241322999997408, -39.820761000002918 ], [ -73.241858999997405, -39.820507000002934 ], [ -73.24222999999742, -39.82028500000294 ], [ -73.242642999997415, -39.819953000002918 ], [ -73.24274599999741, -39.819826000002919 ], [ -73.242836999997408, -39.818864000002932 ], [ -73.242847999997423, -39.81826000000293 ], [ -73.24235199999741, -39.818301000002911 ], [ -73.241984999997399, -39.818384000002922 ], [ -73.240615999997402, -39.819221000002941 ], [ -73.240141999997377, -39.819403000002929 ], [ -73.239731999997403, -39.819477000002934 ], [ -73.239731999997403, -39.819825000002936 ], [ -73.239386999997379, -39.819924000002928 ], [ -73.238718999997388, -39.820015000002932 ], [ -73.238039999997369, -39.819924000002921 ], [ -73.237886999997386, -39.819877000002926 ], [ -73.237446999997374, -39.821051000002932 ], [ -73.237259999997363, -39.821417000002924 ], [ -73.236749999997357, -39.822017000002923 ], [ -73.236069999997355, -39.822578000002927 ], [ -73.235678999997347, -39.822617000002943 ], [ -73.23533999999735, -39.82259100000293 ], [ -73.234965999997357, -39.822656000002944 ], [ -73.234639999997356, -39.822685000002942 ] ] ] } },
{ "type": "Feature", "properties": { "zona": "32" }, "geometry": { "type": "Polygon", "coordinates": [ [ [ -73.207658454490499, -39.811405933732679 ], [ -73.205546076271233, -39.811528216320553 ], [ -73.204234688374967, -39.811442369911191 ], [ -73.202788728738085, -39.809551740932541 ], [ -73.200012682116039, -39.808149981064531 ], [ -73.191282890265839, -39.806783599637022 ], [ -73.188356826312514, -39.807037848000313 ], [ -73.186445256599825, -39.809212909623 ], [ -73.188935291660201, -39.814436380046544 ], [ -73.194033453595324, -39.820415545103067 ], [ -73.195633217506014, -39.824254373093233 ], [ -73.199590205434589, -39.824834557218345 ], [ -73.20150599999711, -39.824451000002931 ], [ -73.202707943901871, -39.825482502053205 ], [ -73.203641180480147, -39.825995174083403 ], [ -73.203695254755999, -39.825824146255691 ], [ -73.203756495864752, -39.825561933391555 ], [ -73.203884833362082, -39.82528741075614 ], [ -73.204196896083289, -39.825080569525014 ], [ -73.204684342275684, -39.824786814823774 ], [ -73.205047999997106, -39.824516000002923 ], [ -73.205567999997101, -39.824144000002924 ], [ -73.205949134908565, -39.823797425800919 ], [ -73.206378461930314, -39.823153059836173 ], [ -73.206499999997106, -39.822853000002929 ], [ -73.206537216470295, -39.822529046111093 ], [ -73.207052061708239, -39.822553691626361 ], [ -73.207138848601971, -39.822544902368996 ], [ -73.207370999997124, -39.822546000002916 ], [ -73.207367999997132, -39.822255000002926 ], [ -73.207388999997121, -39.822114000002919 ], [ -73.207422999997107, -39.821919000002922 ], [ -73.207412999997132, -39.821752000002938 ], [ -73.207413999997144, -39.821621000002928 ], [ -73.20752399999715, -39.821138000002911 ], [ -73.207673999997141, -39.820910000002925 ], [ -73.207866999997123, -39.820650000002942 ], [ -73.208048999997146, -39.820460000002917 ], [ -73.208369999997132, -39.820238000002917 ], [ -73.209020999997136, -39.819913000002941 ], [ -73.209764554209272, -39.819787201835645 ], [ -73.210210897215319, -39.820455569724821 ], [ -73.210608432139452, -39.820324639787408 ], [ -73.211261345390426, -39.82082731424709 ], [ -73.211559948206514, -39.821145043007853 ], [ -73.212230369117336, -39.82104096004678 ], [ -73.212769893898894, -39.820977763172081 ], [ -73.214213409383831, -39.823547087134784 ], [ -73.214734999997191, -39.824049000002923 ], [ -73.21582249418924, -39.823935365647387 ], [ -73.21600627831171, -39.82385178300779 ], [ -73.215216230104602, -39.823172189731011 ], [ -73.215148774194077, -39.822941719543103 ], [ -73.215236211630682, -39.822698734605311 ], [ -73.21561700021023, -39.822440999270249 ], [ -73.2158307947645, -39.822433329459585 ], [ -73.216278000313835, -39.822104998786948 ], [ -73.216266900316782, -39.821526547605465 ], [ -73.216552999997191, -39.820845000002926 ], [ -73.213399999997179, -39.818486000002913 ], [ -73.21218799999717, -39.816686000002917 ], [ -73.21155399999715, -39.815193000002928 ], [ -73.211026999997159, -39.813533000002927 ], [ -73.210973999997179, -39.812399000002927 ], [ -73.210815999997152, -39.811022000002907 ], [ -73.210055348726982, -39.811230198197514 ], [ -73.207658454490499, -39.811405933732679 ] ] ] } },
{ "type": "Feature", "properties": { "zona": "31" }, "geometry": { "type": "Polygon", "coordinates": [ [ [ -73.214213409383831, -39.823547087134784 ], [ -73.212769893898894, -39.820977763172081 ], [ -73.212230369117336, -39.82104096004678 ], [ -73.211559948206514, -39.821145043007853 ], [ -73.211261345390426, -39.82082731424709 ], [ -73.210608432139452, -39.820324639787408 ], [ -73.210210897215319, -39.820455569724821 ], [ -73.209764554209272, -39.819787201835645 ], [ -73.209020999997136, -39.819913000002941 ], [ -73.208369999997132, -39.820238000002917 ], [ -73.208048999997146, -39.820460000002917 ], [ -73.207866999997123, -39.820650000002942 ], [ -73.207673999997141, -39.820910000002925 ], [ -73.20752399999715, -39.821138000002911 ], [ -73.207413999997144, -39.821621000002928 ], [ -73.207412999997132, -39.821752000002938 ], [ -73.207422999997107, -39.821919000002922 ], [ -73.207388999997121, -39.822114000002919 ], [ -73.207367999997132, -39.822255000002926 ], [ -73.207370999997124, -39.822546000002916 ], [ -73.207138848601971, -39.822544902368996 ], [ -73.207052061708239, -39.822553691626361 ], [ -73.206537216470295, -39.822529046111093 ], [ -73.206499999997106, -39.822853000002929 ], [ -73.206378461930314, -39.823153059836173 ], [ -73.205949134908565, -39.823797425800919 ], [ -73.205567999997101, -39.824144000002924 ], [ -73.205047999997106, -39.824516000002923 ], [ -73.204684342275684, -39.824786814823774 ], [ -73.204196896083289, -39.825080569525014 ], [ -73.203884833362082, -39.82528741075614 ], [ -73.203756495864752, -39.825561933391555 ], [ -73.203695254755999, -39.825824146255691 ], [ -73.203641180480147, -39.825995174083403 ], [ -73.204562154892841, -39.826387629174803 ], [ -73.204657153420399, -39.826360495197704 ], [ -73.205944291353291, -39.826795176644488 ], [ -73.206971999997108, -39.827154000002935 ], [ -73.207241999997137, -39.826901000002927 ], [ -73.207636999997149, -39.826653000002942 ], [ -73.208199999997134, -39.826234000002927 ], [ -73.208858999997133, -39.825843000002919 ], [ -73.209607999997161, -39.825521000002936 ], [ -73.211675999997169, -39.824738000002945 ], [ -73.212663999997162, -39.824393000002935 ], [ -73.213173999997167, -39.824140000002913 ], [ -73.214213409383831, -39.823547087134784 ] ] ] } },
{ "type": "Feature", "properties": { "zona": "29" }, "geometry": { "type": "Polygon", "coordinates": [ [ [ -73.218822999997215, -39.826798000002924 ], [ -73.215433999997202, -39.824471000002923 ], [ -73.215051999997186, -39.824228000002918 ], [ -73.214734999997191, -39.824049000002923 ], [ -73.214213409383831, -39.823547087134784 ], [ -73.213173999997167, -39.824140000002913 ], [ -73.212663999997162, -39.824393000002935 ], [ -73.211675999997169, -39.824738000002945 ], [ -73.209607999997161, -39.825521000002936 ], [ -73.208858999997133, -39.825843000002919 ], [ -73.208199999997134, -39.826234000002927 ], [ -73.207636999997149, -39.826653000002942 ], [ -73.207241999997137, -39.826901000002927 ], [ -73.206971999997108, -39.827154000002935 ], [ -73.208379999997149, -39.82851200000291 ], [ -73.210686999997151, -39.830560000002933 ], [ -73.211585999997155, -39.831250000002932 ], [ -73.212154999997168, -39.831411000002923 ], [ -73.216319999997225, -39.827890000002917 ], [ -73.217727999997194, -39.826947000002924 ], [ -73.217997999997223, -39.826832000002923 ], [ -73.218822999997215, -39.826798000002924 ] ] ] } },
{ "type": "Feature", "properties": { "zona": "27" }, "geometry": { "type": "Polygon", "coordinates": [ [ [ -73.222461999997236, -39.827886000002941 ], [ -73.220496999997238, -39.827318000002919 ], [ -73.218822999997229, -39.826798000002924 ], [ -73.217997999997223, -39.826832000002923 ], [ -73.217727999997209, -39.826947000002924 ], [ -73.216319999997225, -39.827890000002924 ], [ -73.212154999997168, -39.831411000002923 ], [ -73.213064999997172, -39.83196600000295 ], [ -73.213443999997182, -39.832239000002943 ], [ -73.215570999997198, -39.833689000002934 ], [ -73.216613999997207, -39.834430000002939 ], [ -73.217188999997205, -39.834839000002937 ], [ -73.218027999997219, -39.83539100000295 ], [ -73.218837999997234, -39.83592700000294 ], [ -73.21955599999724, -39.836266000002936 ], [ -73.219894999997237, -39.836407000002943 ], [ -73.220125999997222, -39.835937000002929 ], [ -73.220267999997233, -39.835412000002933 ], [ -73.220361999997237, -39.83487000000293 ], [ -73.220384999997236, -39.834309000002932 ], [ -73.220408999997247, -39.833586000002946 ], [ -73.220361999997237, -39.832754000002943 ], [ -73.220526999997247, -39.831397000002937 ], [ -73.220714999997242, -39.831289000002947 ], [ -73.221115999997252, -39.831053000002925 ], [ -73.221421999997233, -39.830764000002929 ], [ -73.22208099999726, -39.830059000002947 ], [ -73.222504999997241, -39.829534000002937 ], [ -73.221344999997257, -39.82881500000294 ], [ -73.222461999997236, -39.827886000002941 ] ] ] } },
{ "type": "Feature", "properties": { "zona": "21" }, "geometry": { "type": "Polygon", "coordinates": [ [ [ -73.222045999997249, -39.837143000002946 ], [ -73.219894999997237, -39.836407000002943 ], [ -73.21955599999724, -39.836266000002936 ], [ -73.218837999997234, -39.83592700000294 ], [ -73.218027999997219, -39.83539100000295 ], [ -73.217188999997205, -39.834839000002937 ], [ -73.216613999997207, -39.834430000002939 ], [ -73.21298499999719, -39.837394000002938 ], [ -73.211846999997164, -39.836558000002938 ], [ -73.209928999997146, -39.838261000002937 ], [ -73.211059999997175, -39.838967000002924 ], [ -73.209595999997148, -39.840146000002925 ], [ -73.20992899999716, -39.840338000002937 ], [ -73.20994599999716, -39.840886000002925 ], [ -73.210053999997157, -39.84120100000294 ], [ -73.210011999997164, -39.841616000002929 ], [ -73.214214999997182, -39.841872000002923 ], [ -73.215504999997208, -39.84196800000295 ], [ -73.217269999997214, -39.84227300000294 ], [ -73.217544999997216, -39.840977000002937 ], [ -73.21996699999724, -39.841342000002932 ], [ -73.220437999997245, -39.839442000002947 ], [ -73.221664999997259, -39.839603000002946 ], [ -73.221773999997239, -39.838093000002949 ], [ -73.22187299999726, -39.837466000002948 ], [ -73.222045999997249, -39.837143000002946 ] ] ] } },
{ "type": "Feature", "properties": { "zona": "59" }, "geometry": { "type": "Polygon", "coordinates": [ [ [ -73.247461348807974, -39.854887485809627 ], [ -73.247529903752465, -39.855332673210732 ], [ -73.247239522502667, -39.857020716070892 ], [ -73.247084297612759, -39.857904313774462 ], [ -73.24635838387691, -39.859386134001582 ], [ -73.246327065544179, -39.860464286715207 ], [ -73.246268558478036, -39.860636220484551 ], [ -73.245909484328905, -39.861375697125482 ], [ -73.249256983050842, -39.863918847236704 ], [ -73.249237877487559, -39.863967287664593 ], [ -73.248833713374836, -39.864308477603352 ], [ -73.248842545019841, -39.864346971809866 ], [ -73.249153437212456, -39.86473079280988 ], [ -73.250143793521445, -39.865395558336942 ], [ -73.250413537287827, -39.865490045246581 ], [ -73.250468999997423, -39.865960000002929 ], [ -73.251299999997471, -39.866654000002939 ], [ -73.251922999997447, -39.867503000002955 ], [ -73.252461999997479, -39.867916000002964 ], [ -73.252716999997489, -39.86859100000293 ], [ -73.252915999997484, -39.86915700000295 ], [ -73.25456099999748, -39.869135000002949 ], [ -73.25694299999752, -39.869222000002964 ], [ -73.262177999997547, -39.872277000002946 ], [ -73.264302999997568, -39.872062000002948 ], [ -73.268044229410435, -39.869798206688131 ], [ -73.267584947535056, -39.868380191950955 ], [ -73.26683026985981, -39.866900551543345 ], [ -73.26456137067153, -39.86560802072669 ], [ -73.263719599750118, -39.864641937289285 ], [ -73.262698999997554, -39.863351000002957 ], [ -73.261495999997521, -39.86193500000293 ], [ -73.257571999997481, -39.85451700000295 ], [ -73.257160999997495, -39.853396000002945 ], [ -73.256862999997509, -39.852678000002953 ], [ -73.256593999997492, -39.85226500000293 ], [ -73.256210999997478, -39.85196000000294 ], [ -73.255983999997483, -39.85155700000292 ], [ -73.255742999997494, -39.850959000002938 ], [ -73.25532016298672, -39.850040014000747 ], [ -73.255135411163636, -39.850173949010333 ], [ -73.254707608436703, -39.850442316880702 ], [ -73.254610910349754, -39.850502976731697 ], [ -73.253104204204462, -39.851445894808094 ], [ -73.252712238755635, -39.851731326639204 ], [ -73.252497255112374, -39.851941754134145 ], [ -73.251928483660308, -39.852367705028264 ], [ -73.251492445146482, -39.852690492171845 ], [ -73.251353688778067, -39.852855537412708 ], [ -73.251224948440807, -39.853051766065803 ], [ -73.251017482636158, -39.85319638984712 ], [ -73.250486152536283, -39.853379870286517 ], [ -73.250351564349046, -39.853426346137084 ], [ -73.25010334514873, -39.85354133759494 ], [ -73.249660304175791, -39.853746581098903 ], [ -73.249197557775346, -39.853946653319753 ], [ -73.249140890865903, -39.85397115352383 ], [ -73.248650509904436, -39.854278767745136 ], [ -73.248460082750654, -39.854398220762057 ], [ -73.247461348807974, -39.854887485809627 ] ] ] } },
{ "type": "Feature", "properties": { "zona": "25" }, "geometry": { "type": "Polygon", "coordinates": [ [ [ -73.216613999997207, -39.834430000002939 ], [ -73.215570999997198, -39.833689000002934 ], [ -73.213443999997182, -39.832239000002943 ], [ -73.213064999997172, -39.83196600000295 ], [ -73.212154999997168, -39.831411000002923 ], [ -73.211914999997163, -39.831630000002939 ], [ -73.209843999997148, -39.831966000002943 ], [ -73.209176999997155, -39.832161000002941 ], [ -73.207506999997122, -39.833157000002942 ], [ -73.207082999997127, -39.83341500000293 ], [ -73.206530999997128, -39.832585000002936 ], [ -73.206390999997112, -39.832741000002926 ], [ -73.205888999997129, -39.835227000002931 ], [ -73.206726999997116, -39.835868000002939 ], [ -73.208060999997144, -39.836900000002942 ], [ -73.209928999997146, -39.838261000002937 ], [ -73.211846999997164, -39.836558000002938 ], [ -73.21298499999719, -39.837394000002938 ], [ -73.216613999997207, -39.834430000002939 ] ] ] } },
{ "type": "Feature", "properties": { "zona": "47" }, "geometry": { "type": "Polygon", "coordinates": [ [ [ -73.210011999997164, -39.841616000002915 ], [ -73.210053999997143, -39.841201000002918 ], [ -73.209945999997146, -39.840886000002918 ], [ -73.209928999997146, -39.84033800000293 ], [ -73.20959599999712, -39.840146000002918 ], [ -73.211059999997161, -39.838967000002924 ], [ -73.209928999997132, -39.838261000002916 ], [ -73.208126999997106, -39.839565000002942 ], [ -73.203226999997113, -39.843542000002934 ], [ -73.202188999997091, -39.844322000002947 ], [ -73.207620999997147, -39.84845800000295 ], [ -73.211252999997171, -39.849522000002956 ], [ -73.212138874918352, -39.848256635610646 ], [ -73.211993584650543, -39.848135210609904 ], [ -73.211158267902348, -39.846797761882954 ], [ -73.211104925616368, -39.846629309255285 ], [ -73.211353434720365, -39.8460801235452 ], [ -73.211489762396866, -39.845748388625395 ], [ -73.211649953320872, -39.845407280558277 ], [ -73.211757833201375, -39.844951598587542 ], [ -73.211632999997164, -39.844488000002933 ], [ -73.211424999997163, -39.843426000002935 ], [ -73.210525999997159, -39.842577000002933 ], [ -73.209972999997134, -39.84202000000294 ], [ -73.210011999997164, -39.841616000002915 ] ] ] } },
{ "type": "Feature", "properties": { "zona": "55" }, "geometry": { "type": "Polygon", "coordinates": [ [ [ -73.234920999997357, -39.861038000002956 ], [ -73.234684999997356, -39.859483000002953 ], [ -73.23472442929544, -39.857435146801897 ], [ -73.235058242720541, -39.856357549825688 ], [ -73.235452867929723, -39.855441061855373 ], [ -73.23526744298961, -39.855368946019219 ], [ -73.235137172170766, -39.855330612059745 ], [ -73.234784200182204, -39.855066607902813 ], [ -73.234636770517938, -39.854822894488848 ], [ -73.234602718078165, -39.854606889279729 ], [ -73.23475499242835, -39.854361302077237 ], [ -73.235086967977168, -39.854093563799168 ], [ -73.23534468935425, -39.85383645029308 ], [ -73.235524958498786, -39.853560299847949 ], [ -73.235615632096241, -39.853280402291553 ], [ -73.235620351995848, -39.852975359906829 ], [ -73.235373092428318, -39.852606890941708 ], [ -73.23465187407335, -39.852510100989377 ], [ -73.234682079000478, -39.852417596300725 ], [ -73.234765450069077, -39.852302063841179 ], [ -73.235040515928915, -39.852067879972729 ], [ -73.235323511625737, -39.851886257607966 ], [ -73.235418331442816, -39.851806654446165 ], [ -73.235579584617057, -39.851606344029534 ], [ -73.235386921363215, -39.851448948494848 ], [ -73.235232692326406, -39.851348631334112 ], [ -73.235003591044901, -39.851273633606937 ], [ -73.234806705869417, -39.851244892939036 ], [ -73.234552026617422, -39.851226713917363 ], [ -73.234420596769326, -39.851014440452921 ], [ -73.234289296413294, -39.850556557779377 ], [ -73.231964646600005, -39.851074457844355 ], [ -73.232384910306578, -39.852911511455993 ], [ -73.232353545423123, -39.854133873402176 ], [ -73.232210248151929, -39.855740688740269 ], [ -73.232039409905255, -39.85598003019355 ], [ -73.231838844076336, -39.856163397611837 ], [ -73.230318492181723, -39.856963502714315 ], [ -73.231130999997305, -39.85762700000295 ], [ -73.23216799999733, -39.858529000002932 ], [ -73.232444999997327, -39.859140000002938 ], [ -73.232510999997317, -39.859756000002939 ], [ -73.232303999997328, -39.860819000002955 ], [ -73.231749999997334, -39.862281000002938 ], [ -73.231714999997322, -39.864540000002947 ], [ -73.232822999997339, -39.865497000002932 ], [ -73.234796999997357, -39.867438000002942 ], [ -73.236819999997351, -39.871409000002949 ], [ -73.237585515855457, -39.872462062036568 ], [ -73.23852364358541, -39.874552994452465 ], [ -73.238735281151691, -39.877090565774473 ], [ -73.23835367339862, -39.879187188464037 ], [ -73.238729999997375, -39.879802000002954 ], [ -73.243039999997407, -39.877016000002968 ], [ -73.241761999997408, -39.874558000002963 ], [ -73.241795999997407, -39.872617000002947 ], [ -73.242233999997396, -39.871607000002967 ], [ -73.242031999997408, -39.86989900000296 ], [ -73.241154999997391, -39.868165000002939 ], [ -73.240243999997389, -39.867388000002933 ], [ -73.238702999997358, -39.866585000002949 ], [ -73.236972999997349, -39.865318000002937 ], [ -73.235292999997355, -39.863163000002963 ], [ -73.234920999997357, -39.861038000002956 ] ] ] } },
{ "type": "Feature", "properties": { "zona": "61" }, "geometry": { "type": "Polygon", "coordinates": [ [ [ -73.219411683602985, -39.864384220441757 ], [ -73.221009738926782, -39.864339092400371 ], [ -73.224464466523358, -39.865315724286972 ], [ -73.225618623231554, -39.865541964226168 ], [ -73.227458543503047, -39.866166028196808 ], [ -73.228497964333286, -39.864841081756055 ], [ -73.230096999997315, -39.864773000002927 ], [ -73.230543999997309, -39.866048000002941 ], [ -73.23118299999733, -39.868254000002942 ], [ -73.23118299999733, -39.869431000002926 ], [ -73.230224999997304, -39.87065700000295 ], [ -73.228882999997282, -39.872079000002955 ], [ -73.226646999997271, -39.873109000002948 ], [ -73.226263999997258, -39.874187000002941 ], [ -73.226455999997313, -39.876983000002944 ], [ -73.226519999997251, -39.879483000002978 ], [ -73.226965999997248, -39.880881000002972 ], [ -73.228068999997291, -39.880238000002954 ], [ -73.2348139999973, -39.880643000002962 ], [ -73.238729999997375, -39.879802000002954 ], [ -73.238353673398578, -39.879187188464037 ], [ -73.238735281151691, -39.877090565774431 ], [ -73.23852364358541, -39.874552994452465 ], [ -73.237585515855457, -39.872462062036568 ], [ -73.236819999997323, -39.871409000002927 ], [ -73.234796999997357, -39.86743800000292 ], [ -73.232822999997268, -39.865497000002918 ], [ -73.231714999997322, -39.864540000002947 ], [ -73.231749999997334, -39.862281000002916 ], [ -73.232303999997328, -39.860819000002934 ], [ -73.232510999997317, -39.859756000002939 ], [ -73.232444999997298, -39.859140000002938 ], [ -73.232167999997287, -39.858529000002932 ], [ -73.231130999997291, -39.857627000002935 ], [ -73.229505999997258, -39.856300000002939 ], [ -73.228502999997289, -39.85494600000294 ], [ -73.227396999997268, -39.853831000002948 ], [ -73.225875999997243, -39.852849000002962 ], [ -73.224319999997235, -39.852239000002939 ], [ -73.224133716764811, -39.852112872180733 ], [ -73.224132460764338, -39.852112021770239 ], [ -73.224127843642094, -39.852118684716331 ], [ -73.22291907095584, -39.853239838006566 ], [ -73.222077054121726, -39.854101710414476 ], [ -73.221115894648818, -39.85483727959906 ], [ -73.219275337003154, -39.856130283702122 ], [ -73.217243352514004, -39.857627169016659 ], [ -73.217226406207885, -39.857705286615719 ], [ -73.216866676865351, -39.85795117395228 ], [ -73.216684425307804, -39.858197258219235 ], [ -73.216688925904862, -39.858219001847807 ], [ -73.216570959033916, -39.858846471823313 ], [ -73.218951902086943, -39.86256023253636 ], [ -73.219411683602985, -39.864384220441757 ] ] ] } },
{ "type": "Feature", "properties": { "zona": "48" }, "geometry": { "type": "Polygon", "coordinates": [ [ [ -73.211199999997149, -39.857547000002938 ], [ -73.211931999997176, -39.854457000002938 ], [ -73.211827999997197, -39.853093000002922 ], [ -73.211252999997171, -39.849522000002956 ], [ -73.207620999997147, -39.84845800000295 ], [ -73.202188999997091, -39.844322000002947 ], [ -73.200470597536309, -39.845755953363437 ], [ -73.1988466155873, -39.847075148815286 ], [ -73.19331658550287, -39.851533106281451 ], [ -73.202096198528423, -39.861100986288342 ], [ -73.204052537527957, -39.860470555346517 ], [ -73.205576446320393, -39.860552547244559 ], [ -73.20655454539218, -39.860763737397761 ], [ -73.206679206533153, -39.86096529977798 ], [ -73.206623414884504, -39.862943123968201 ], [ -73.208098766981593, -39.862765467489346 ], [ -73.208961407926708, -39.862603826581839 ], [ -73.209524263543074, -39.862429272102034 ], [ -73.210027951235361, -39.862091412318698 ], [ -73.210562261866713, -39.861170017403751 ], [ -73.211199999997149, -39.857547000002938 ] ] ] } },
{ "type": "Feature", "properties": { "zona": "24" }, "geometry": { "type": "Polygon", "coordinates": [ [ [ -73.209928999997132, -39.838261000002916 ], [ -73.208060999997144, -39.836900000002942 ], [ -73.206726999997116, -39.835868000002939 ], [ -73.205260999997108, -39.837097000002935 ], [ -73.201364593740166, -39.834427431341304 ], [ -73.201174258215204, -39.834612196097872 ], [ -73.199955052570402, -39.83379175987077 ], [ -73.199199427487045, -39.834459385379979 ], [ -73.19700485465593, -39.833128158380184 ], [ -73.195990952696917, -39.832587977622055 ], [ -73.19552676511654, -39.834214188796409 ], [ -73.195037595547831, -39.838726074787182 ], [ -73.193315916543852, -39.844954093369452 ], [ -73.19331658550287, -39.851533106281451 ], [ -73.1988466155873, -39.847075148815286 ], [ -73.200470597536309, -39.845755953363437 ], [ -73.202188999997091, -39.844322000002947 ], [ -73.203226999997113, -39.843542000002934 ], [ -73.208126999997106, -39.839565000002942 ], [ -73.209928999997132, -39.838261000002916 ] ] ] } },
{ "type": "Feature", "properties": { "zona": "28" }, "geometry": { "type": "Polygon", "coordinates": [ [ [ -73.212154999997168, -39.831411000002923 ], [ -73.211585999997155, -39.831250000002932 ], [ -73.210686999997151, -39.830560000002933 ], [ -73.208379999997149, -39.82851200000291 ], [ -73.206971999997108, -39.827154000002935 ], [ -73.205944291353291, -39.826795176644488 ], [ -73.204657153420399, -39.826360495197704 ], [ -73.204562154892841, -39.826387629174803 ], [ -73.203641180480147, -39.825995174083403 ], [ -73.202707943901871, -39.825482502053205 ], [ -73.20150599999711, -39.824451000002931 ], [ -73.200837999997049, -39.825511000002926 ], [ -73.199565999997048, -39.827564000002937 ], [ -73.197538999997036, -39.829419000002943 ], [ -73.200454999997064, -39.82984500000294 ], [ -73.200899999997063, -39.829848000002904 ], [ -73.201338999997049, -39.829880000002944 ], [ -73.201630999997064, -39.829937000002936 ], [ -73.202530999997094, -39.830297000002936 ], [ -73.202298999997083, -39.830764000002922 ], [ -73.202178999997088, -39.831100000002934 ], [ -73.202418999997093, -39.831159000002941 ], [ -73.202872999997084, -39.831251000002922 ], [ -73.204594999997127, -39.831521000002923 ], [ -73.205733999997094, -39.831658000002918 ], [ -73.206123999997132, -39.831833000002938 ], [ -73.206691999997105, -39.832373000002924 ], [ -73.206530999997113, -39.832585000002936 ], [ -73.207082999997112, -39.83341500000293 ], [ -73.207506999997122, -39.83315700000292 ], [ -73.209176999997155, -39.83216100000292 ], [ -73.209843999997148, -39.831966000002929 ], [ -73.211914999997148, -39.831630000002939 ], [ -73.212154999997168, -39.831411000002923 ] ] ] } },
{ "type": "Feature", "properties": { "zona": "26" }, "geometry": { "type": "Polygon", "coordinates": [ [ [ -73.206530999997113, -39.832585000002936 ], [ -73.206691999997105, -39.832373000002924 ], [ -73.206123999997132, -39.831833000002938 ], [ -73.205733999997094, -39.831658000002918 ], [ -73.204594999997127, -39.831521000002923 ], [ -73.202872999997084, -39.831251000002922 ], [ -73.202418999997093, -39.831159000002941 ], [ -73.202178999997088, -39.831100000002934 ], [ -73.202298999997083, -39.830764000002922 ], [ -73.202530999997094, -39.830297000002936 ], [ -73.201630999997064, -39.829937000002936 ], [ -73.201338999997049, -39.829880000002944 ], [ -73.200899999997063, -39.829848000002904 ], [ -73.200454999997064, -39.82984500000294 ], [ -73.197538999997036, -39.829419000002943 ], [ -73.197241999997047, -39.82966500000294 ], [ -73.196676999997038, -39.830669000002928 ], [ -73.196369999997046, -39.831299000002922 ], [ -73.196035999997036, -39.831693000002929 ], [ -73.195990952696917, -39.832587977622055 ], [ -73.19700485465593, -39.833128158380184 ], [ -73.199199427487045, -39.834459385379979 ], [ -73.199955052570402, -39.83379175987077 ], [ -73.201174258215204, -39.834612196097872 ], [ -73.201364593740166, -39.834427431341304 ], [ -73.205260999997108, -39.837097000002935 ], [ -73.206726999997116, -39.835868000002939 ], [ -73.205888999997114, -39.835227000002924 ], [ -73.206390999997097, -39.832741000002926 ], [ -73.206530999997113, -39.832585000002936 ] ] ] } },
{ "type": "Feature", "properties": { "zona": "45" }, "geometry": { "type": "Polygon", "coordinates": [ [ [ -73.235434243973799, -39.855483538311844 ], [ -73.235058242720527, -39.856357549825681 ], [ -73.234724429295426, -39.857435146801897 ], [ -73.234684999997313, -39.859483000002946 ], [ -73.234920999997328, -39.861038000002949 ], [ -73.235292999997341, -39.863163000002949 ], [ -73.236972999997349, -39.865318000002937 ], [ -73.238638288518388, -39.866537608629699 ], [ -73.239877631708822, -39.865905831234187 ], [ -73.240735605435546, -39.865474114116594 ], [ -73.241504937471419, -39.865013467667275 ], [ -73.242361515455144, -39.864613953293201 ], [ -73.242422560709926, -39.864550956888543 ], [ -73.242677518556178, -39.864137261651628 ], [ -73.24292188590907, -39.863728008090966 ], [ -73.243529763399209, -39.863116719531426 ], [ -73.243647178813291, -39.862975170835114 ], [ -73.243893149000669, -39.862677848436832 ], [ -73.243963926088099, -39.862616635539091 ], [ -73.244557908772862, -39.862141190231867 ], [ -73.244951148450767, -39.861859907948038 ], [ -73.24516374871834, -39.861737742260225 ], [ -73.245909484328905, -39.861375697125482 ], [ -73.246268558478036, -39.860636220484551 ], [ -73.246327065544179, -39.860464286715207 ], [ -73.24635838387691, -39.859386134001582 ], [ -73.247084297612759, -39.857904313774462 ], [ -73.247239522502667, -39.857020716070892 ], [ -73.247529903752465, -39.855332673210732 ], [ -73.247455582739292, -39.854850041324042 ], [ -73.246668999997411, -39.853815000002918 ], [ -73.246919595169715, -39.852938248064063 ], [ -73.247877276004203, -39.852226423306426 ], [ -73.246414999997427, -39.850767000002925 ], [ -73.246379411540104, -39.850737399284185 ], [ -73.245422345167853, -39.8514003910661 ], [ -73.245013842183141, -39.851919315684938 ], [ -73.244146707980974, -39.850928957088371 ], [ -73.243970682657874, -39.850856778569415 ], [ -73.244267942682171, -39.850188248790758 ], [ -73.244173243025514, -39.849780698293642 ], [ -73.244175345844724, -39.849757850727968 ], [ -73.243824499727594, -39.849738614564053 ], [ -73.243523183198221, -39.849727067936435 ], [ -73.243438901042353, -39.85010913339346 ], [ -73.243211897511557, -39.850939495301311 ], [ -73.242775601419225, -39.851634561654301 ], [ -73.24242819297217, -39.852016614362576 ], [ -73.241401428589782, -39.852661825909827 ], [ -73.240655950398548, -39.853106108558435 ], [ -73.239971456216665, -39.853286052591258 ], [ -73.239646040761983, -39.853774515012674 ], [ -73.239258967047832, -39.854015046736365 ], [ -73.238805031533346, -39.854424816349365 ], [ -73.238561886105131, -39.85474347265361 ], [ -73.238011782812862, -39.854847003787761 ], [ -73.237610738751343, -39.85511186882696 ], [ -73.237089967158212, -39.855440682137569 ], [ -73.236491389174944, -39.855510238890247 ], [ -73.236113909496751, -39.855404912458866 ], [ -73.235529289643509, -39.855450126203962 ], [ -73.235434243973799, -39.855483538311844 ] ] ] } },
{ "type": "Feature", "properties": { "zona": "20" }, "geometry": { "type": "Polygon", "coordinates": [ [ [ -73.231838844076336, -39.856163397611837 ], [ -73.232039409905255, -39.85598003019355 ], [ -73.232210248151929, -39.855740688740269 ], [ -73.232353545423123, -39.854133873402176 ], [ -73.232384910306578, -39.852911511455993 ], [ -73.231964646600005, -39.851074457844355 ], [ -73.231886001322422, -39.850769681084593 ], [ -73.231761732334377, -39.850791623421159 ], [ -73.231548778977654, -39.850955235562793 ], [ -73.230740254976169, -39.850525755099717 ], [ -73.230320539733171, -39.850310776955261 ], [ -73.229867714586618, -39.850152191645599 ], [ -73.229384607101011, -39.850074775812502 ], [ -73.228335366603048, -39.850107617378704 ], [ -73.227297295546663, -39.850187102396646 ], [ -73.226139344551513, -39.849952777290071 ], [ -73.22647299999727, -39.850317000002939 ], [ -73.226663999997285, -39.850505000002947 ], [ -73.226335999997275, -39.850803000002948 ], [ -73.227063999997313, -39.851343000002949 ], [ -73.227415999997319, -39.851064000002957 ], [ -73.227982999997309, -39.851609000002945 ], [ -73.229018999997294, -39.852545000002955 ], [ -73.228797999997312, -39.852710000002951 ], [ -73.229378999997294, -39.853139000002926 ], [ -73.229516999997287, -39.853318000002943 ], [ -73.230119999997299, -39.85409200000295 ], [ -73.230232999997327, -39.854179000002951 ], [ -73.231204999997331, -39.855399000002947 ], [ -73.231838844076336, -39.856163397611837 ] ] ] } },
{ "type": "Feature", "properties": { "zona": "1" }, "geometry": { "type": "Polygon", "coordinates": [ [ [ -73.255548999997487, -39.807241000002911 ], [ -73.256094999997515, -39.808265000002912 ], [ -73.256280063316026, -39.808394169202678 ], [ -73.256413438321047, -39.808253150426701 ], [ -73.257331241582023, -39.807173923884108 ], [ -73.260412832388326, -39.806217223190977 ], [ -73.261085178505013, -39.805905500441469 ], [ -73.261807634916835, -39.807101040799324 ], [ -73.262036828945782, -39.807204591398197 ], [ -73.262407560532083, -39.807195914277273 ], [ -73.262781310051565, -39.806861115643791 ], [ -73.262944201937728, -39.80674581067877 ], [ -73.263322275344066, -39.807565276223656 ], [ -73.263468828062273, -39.807563179464069 ], [ -73.263798154976939, -39.807077537662792 ], [ -73.263014944696025, -39.8056832383987 ], [ -73.263032904992116, -39.805559076686201 ], [ -73.265601226069734, -39.804690348483476 ], [ -73.265522303284897, -39.804510388748831 ], [ -73.270063206278735, -39.803059042529647 ], [ -73.270072965578649, -39.802361469874462 ], [ -73.269065999997594, -39.796995000002909 ], [ -73.268459999997575, -39.794061000002934 ], [ -73.267731999997594, -39.79201200000292 ], [ -73.266874999997569, -39.790468000002917 ], [ -73.26609599999756, -39.7891240000029 ], [ -73.268216999997591, -39.788146000002911 ], [ -73.268216999997577, -39.786795000002918 ], [ -73.266943999997579, -39.784886000002892 ], [ -73.26609599999756, -39.784793000002921 ], [ -73.264640999997582, -39.78516500000292 ], [ -73.261427999997537, -39.786563000002914 ], [ -73.259367999997536, -39.787820000002924 ], [ -73.258457999997518, -39.788938000002915 ], [ -73.257427999997518, -39.790707000002897 ], [ -73.256397999997503, -39.79280300000292 ], [ -73.256033999997513, -39.794620000002922 ], [ -73.256457999997494, -39.796576000002908 ], [ -73.256457999997522, -39.797740000002896 ], [ -73.255972999997525, -39.798951000002923 ], [ -73.25366999999747, -39.800301000002904 ], [ -73.252396999997472, -39.801163000002923 ], [ -73.255548999997487, -39.807241000002911 ] ] ] } },
{ "type": "Feature", "properties": { "zona": "53" }, "geometry": { "type": "Polygon", "coordinates": [ [ [ -73.399844999998379, -39.873884000002974 ], [ -73.39887499999837, -39.874975000002976 ], [ -73.398591999998359, -39.875161000002969 ], [ -73.397419999998377, -39.87537900000298 ], [ -73.397196999998357, -39.875379000002972 ], [ -73.396974999998378, -39.875301000002956 ], [ -73.396549999998342, -39.875099000002947 ], [ -73.396104999998371, -39.874944000002969 ], [ -73.395821943485743, -39.87458169556102 ], [ -73.395498999998367, -39.874044000002975 ], [ -73.395107241785269, -39.873955929344497 ], [ -73.394732483981358, -39.873841090393341 ], [ -73.394586248183259, -39.873943036354468 ], [ -73.394314239073736, -39.874264371468747 ], [ -73.393644939877021, -39.87457452180761 ], [ -73.393338691307434, -39.874970745877278 ], [ -73.394009776415132, -39.875012500578343 ], [ -73.394694493173063, -39.87533484638444 ], [ -73.395040974597364, -39.875402215421062 ], [ -73.396679999998369, -39.876282000002973 ], [ -73.397693999998381, -39.876081000002969 ], [ -73.399458999998359, -39.875620000002939 ], [ -73.400246999998387, -39.874957000002958 ], [ -73.400359999998386, -39.874352000002965 ], [ -73.399844999998379, -39.873884000002974 ] ] ] } },
{ "type": "Feature", "properties": { "zona": "39" }, "geometry": { "type": "Polygon", "coordinates": [ [ [ -73.237646999987405, -39.814428000005911 ], [ -73.237977999970525, -39.814665000006549 ], [ -73.238363999976428, -39.814370999978031 ], [ -73.238920000007639, -39.814137999996319 ], [ -73.239796999983199, -39.813800999992722 ], [ -73.2423199999768, -39.813464000011948 ], [ -73.24384099997522, -39.813270999998942 ], [ -73.243667999983174, -39.812681000007821 ], [ -73.243196999996968, -39.811098999984061 ], [ -73.24299999997109, -39.810148000000652 ], [ -73.242555300879133, -39.809605797602217 ], [ -73.242352249735958, -39.809364541726922 ], [ -73.241346286503116, -39.808363859536129 ], [ -73.240831999994981, -39.808599999994058 ], [ -73.23869999999107, -39.810141000000812 ], [ -73.238162345082429, -39.810574423561114 ], [ -73.235713999977975, -39.812539000000868 ], [ -73.236289503247519, -39.813096845008417 ], [ -73.236518349161415, -39.813279523631167 ], [ -73.237714000004644, -39.81427299998871 ], [ -73.237646999987405, -39.814428000005911 ] ] ] } },
{ "type": "Feature", "properties": { "zona": "52" }, "geometry": { "type": "Polygon", "coordinates": [ [ [ -73.382262986559581, -39.863344845518725 ], [ -73.383980792790425, -39.866624640771072 ], [ -73.383484182023281, -39.867902426650723 ], [ -73.382948708871837, -39.868507063550538 ], [ -73.381275380038844, -39.870207155096779 ], [ -73.381953842837092, -39.870363223271646 ], [ -73.382494255421875, -39.87066753699095 ], [ -73.381905858101902, -39.870687188016007 ], [ -73.38096730162583, -39.870659308753844 ], [ -73.3808057961175, -39.870633871958113 ], [ -73.380637926351966, -39.870635699367597 ], [ -73.380545420525422, -39.870688637381768 ], [ -73.380529999998288, -39.87071500000296 ], [ -73.380065183181486, -39.871150347498336 ], [ -73.379877996488389, -39.872005875102296 ], [ -73.380141742253599, -39.872751009759305 ], [ -73.381205103984854, -39.872777245383752 ], [ -73.382366038328925, -39.873401297181992 ], [ -73.383200999998294, -39.87357300000297 ], [ -73.384244358764519, -39.875096095169376 ], [ -73.385866999998299, -39.875965000002971 ], [ -73.386201999998306, -39.87603400000296 ], [ -73.386991999998315, -39.87619600000297 ], [ -73.388230999998314, -39.875764000002974 ], [ -73.389695999998324, -39.875706000002985 ], [ -73.390746999998342, -39.875303000002958 ], [ -73.391723999998334, -39.875389000002968 ], [ -73.393338691307434, -39.874970745877278 ], [ -73.393644939877021, -39.87457452180761 ], [ -73.394314239073736, -39.874264371468747 ], [ -73.394586248183259, -39.873943036354468 ], [ -73.394732483981358, -39.873841090393341 ], [ -73.395107241785269, -39.873955929344497 ], [ -73.395498999998367, -39.874044000002975 ], [ -73.396347999998355, -39.873780000002981 ], [ -73.39756099999839, -39.873563000002967 ], [ -73.398490999998373, -39.873284000002975 ], [ -73.398915999998394, -39.872586000002947 ], [ -73.400189999998389, -39.870087000002975 ], [ -73.399945999998394, -39.869528000002973 ], [ -73.399578999998383, -39.868862000002956 ], [ -73.399561999998383, -39.868830000002966 ], [ -73.398813999998396, -39.867464000002975 ], [ -73.398570999998341, -39.867139000002979 ], [ -73.398166999998395, -39.866595000002953 ], [ -73.396245999998371, -39.865882000002976 ], [ -73.395719999998363, -39.865633000002966 ], [ -73.394931999998363, -39.865168000002967 ], [ -73.393940999998335, -39.864733000002957 ], [ -73.393799999998365, -39.86460900000295 ], [ -73.393556999998381, -39.864268000002966 ], [ -73.392828999998329, -39.863104000002963 ], [ -73.392444999998332, -39.862732000002971 ], [ -73.392423999998343, -39.862499000002963 ], [ -73.392504999998323, -39.861878000002967 ], [ -73.392585999998346, -39.861552000002952 ], [ -73.392747999998349, -39.861219000002961 ], [ -73.392888999998362, -39.860932000002961 ], [ -73.392909999998352, -39.860699000002953 ], [ -73.392814005188484, -39.86050615338042 ], [ -73.392763999998365, -39.86051200000297 ], [ -73.391651419349174, -39.860805657721976 ], [ -73.391651070246539, -39.860805767336323 ], [ -73.391336417789603, -39.860905469801146 ], [ -73.390438201603544, -39.861723540007738 ], [ -73.389584264573074, -39.862173831503661 ], [ -73.388523052787605, -39.862316416413343 ], [ -73.387146503910458, -39.862385478062173 ], [ -73.382262986559581, -39.863344845518725 ] ] ] } },
{ "type": "Feature", "properties": { "zona": "58" }, "geometry": { "type": "Polygon", "coordinates": [ [ [ -73.39125173594536, -39.840209855805149 ], [ -73.391714485300454, -39.840514640720322 ], [ -73.39194700885642, -39.840767912705175 ], [ -73.392194192379463, -39.841008714816532 ], [ -73.392354187010326, -39.841336216770408 ], [ -73.392462260185198, -39.841608901658468 ], [ -73.392483297789582, -39.841841603457453 ], [ -73.392444999998332, -39.841975000002961 ], [ -73.392446999998356, -39.842121000002962 ], [ -73.392714999998361, -39.842434000002946 ], [ -73.392920999998353, -39.842627000002963 ], [ -73.393012999998348, -39.842799000002962 ], [ -73.393074999998348, -39.842975000002951 ], [ -73.393088999998355, -39.843175000002951 ], [ -73.393378999998319, -39.843262000002966 ], [ -73.393744999998376, -39.84331200000296 ], [ -73.394042999998362, -39.843342000002941 ], [ -73.394183999998347, -39.843485000002957 ], [ -73.39415299999834, -39.843623000002971 ], [ -73.394111999998344, -39.84366800000295 ], [ -73.393959999998359, -39.843924000002971 ], [ -73.393866999998366, -39.844054000002956 ], [ -73.393872999998351, -39.844127000002949 ], [ -73.393910999998369, -39.844168000002959 ], [ -73.39389199999836, -39.844208000002958 ], [ -73.393826999998382, -39.844269000002939 ], [ -73.393849999998352, -39.844333000002941 ], [ -73.393851999998361, -39.844416000002958 ], [ -73.393983999998355, -39.844502000002947 ], [ -73.394054999998346, -39.844669000002952 ], [ -73.394060999998331, -39.844743000002971 ], [ -73.394265150935865, -39.844786411833248 ], [ -73.394734513106442, -39.844875816508782 ], [ -73.394615730664043, -39.845055296245839 ], [ -73.394495230466831, -39.845729066316508 ], [ -73.396070134669614, -39.845560157471034 ], [ -73.397441589401254, -39.84616074898301 ], [ -73.398062682957701, -39.847113291529745 ], [ -73.399305999998376, -39.848138000002947 ], [ -73.400453284596324, -39.848042573936617 ], [ -73.401504439265622, -39.847523107919962 ], [ -73.401753989337621, -39.846897238809973 ], [ -73.40262095193934, -39.846318014169121 ], [ -73.403751999998391, -39.845851000002945 ], [ -73.404726479668881, -39.845670010760642 ], [ -73.40628891037521, -39.843364955320112 ], [ -73.406776999998385, -39.842183000002947 ], [ -73.407095999998418, -39.841205000002951 ], [ -73.405874999998417, -39.840471000002964 ], [ -73.404709374314805, -39.839996460419165 ], [ -73.404122999998407, -39.839779000002956 ], [ -73.403476856104916, -39.838739953033787 ], [ -73.403006999998397, -39.837252000002955 ], [ -73.403218999998373, -39.834970000002947 ], [ -73.404120999998412, -39.833421000002943 ], [ -73.405925999998402, -39.832891000002938 ], [ -73.407570999998384, -39.832932000002934 ], [ -73.408684999998371, -39.832851000002947 ], [ -73.409665036529049, -39.832674893390141 ], [ -73.410011999998403, -39.831750000002927 ], [ -73.40969399999841, -39.830568000002962 ], [ -73.407675999998432, -39.829019000002937 ], [ -73.40633197175535, -39.828662584678476 ], [ -73.405499999998398, -39.828734000002939 ], [ -73.405194128582309, -39.828132055560303 ], [ -73.405234999998385, -39.827308000002937 ], [ -73.405379935673764, -39.825979698319898 ], [ -73.405181999998376, -39.825556000002955 ], [ -73.404809999998392, -39.824537000002934 ], [ -73.406667999998362, -39.823599000002943 ], [ -73.407357999998439, -39.822866000002939 ], [ -73.40810099999841, -39.822621000002954 ], [ -73.409002999998421, -39.82225500000294 ], [ -73.408949999998413, -39.821154000002934 ], [ -73.407410999998433, -39.820258000002923 ], [ -73.407463999998399, -39.819524000002929 ], [ -73.406561999998402, -39.819076000002916 ], [ -73.4056059999984, -39.81907600000293 ], [ -73.404703999998389, -39.819076000002937 ], [ -73.404438999998391, -39.818505000002922 ], [ -73.403695999998376, -39.818139000002944 ], [ -73.402687999998349, -39.817731000002937 ], [ -73.402315999998393, -39.817079000002934 ], [ -73.401466999998377, -39.81667100000292 ], [ -73.39923899999836, -39.81695700000293 ], [ -73.398654999998357, -39.815979000002955 ], [ -73.396425999998357, -39.817079000002941 ], [ -73.397858999998348, -39.818628000002946 ], [ -73.398388999998346, -39.820054000002955 ], [ -73.398868560232572, -39.820941332336226 ], [ -73.400883999998356, -39.821399000002948 ], [ -73.40194499999842, -39.821888000002922 ], [ -73.401413999998411, -39.822377000002938 ], [ -73.40056499999838, -39.823396000002951 ], [ -73.400193999998365, -39.825189000002922 ], [ -73.399715999998364, -39.827186000002939 ], [ -73.399203259404004, -39.827697928424492 ], [ -73.39812399999839, -39.827878000002954 ], [ -73.397425817947422, -39.826356362715408 ], [ -73.395682999998371, -39.82510700000293 ], [ -73.393984999998324, -39.823803000002926 ], [ -73.392497999998326, -39.824374000002926 ], [ -73.393293999998363, -39.824904000002924 ], [ -73.394151028986286, -39.826257437693691 ], [ -73.395045999998345, -39.82714500000295 ], [ -73.394948427891194, -39.8281933521939 ], [ -73.394130890181344, -39.829445423560173 ], [ -73.394042477655447, -39.830254673978651 ], [ -73.394779999998335, -39.83024200000294 ], [ -73.397008999998349, -39.829835000002923 ], [ -73.398017999998359, -39.830324000002946 ], [ -73.398017653910586, -39.831155875025054 ], [ -73.397152218699034, -39.832806583504748 ], [ -73.397327999998396, -39.83374700000293 ], [ -73.397289256366577, -39.834226807076057 ], [ -73.39744859565549, -39.834687880080267 ], [ -73.397221999998351, -39.835214000002942 ], [ -73.39708893759439, -39.836858079358919 ], [ -73.397636857347393, -39.839225558894675 ], [ -73.398166826479411, -39.84037111787265 ], [ -73.399344999998348, -39.841164000002976 ], [ -73.399641453637173, -39.841452241007019 ], [ -73.399743001989421, -39.841873181303214 ], [ -73.399470268530138, -39.842498726662164 ], [ -73.398282999998358, -39.842468000002953 ], [ -73.397008999998363, -39.842224000002979 ], [ -73.396743999998378, -39.84083800000294 ], [ -73.39531099999833, -39.840594000002923 ], [ -73.394673999998332, -39.839656000002925 ], [ -73.394218051841392, -39.83930938275396 ], [ -73.392656999998323, -39.838882000002933 ], [ -73.391860999998329, -39.839779000002942 ], [ -73.39125173594536, -39.840209855805149 ] ] ] } },
{ "type": "Feature", "properties": { "zona": "50" }, "geometry": { "type": "Polygon", "coordinates": [ [ [ -73.330666999997987, -39.851770000002951 ], [ -73.330688095523968, -39.85482500688979 ], [ -73.332813515363469, -39.854850756099992 ], [ -73.33333575662725, -39.854933349965229 ], [ -73.333855634370153, -39.855305530234304 ], [ -73.334778514081933, -39.856663206892385 ], [ -73.335152739369647, -39.857111952783427 ], [ -73.336669414857553, -39.857705810269344 ], [ -73.339531084014141, -39.858705077342144 ], [ -73.341972412927575, -39.859630328959376 ], [ -73.343515060268601, -39.860113625390376 ], [ -73.345449733715469, -39.860502378713797 ], [ -73.346911937535651, -39.860666254874808 ], [ -73.348334548853245, -39.860740158973613 ], [ -73.350740187869576, -39.860838756928416 ], [ -73.352373597115914, -39.861022876963872 ], [ -73.352969352410696, -39.861138607476732 ], [ -73.355316029725515, -39.861958542790504 ], [ -73.357027544147286, -39.862565625035053 ], [ -73.357821999441114, -39.862716325979136 ], [ -73.358598160863878, -39.862856035784688 ], [ -73.359483986247426, -39.862872146068426 ], [ -73.361592839614033, -39.862707685805262 ], [ -73.362389076279612, -39.862718932513509 ], [ -73.362714321950264, -39.862699687686543 ], [ -73.363340356761427, -39.862779253623692 ], [ -73.363340315167221, -39.862780282057237 ], [ -73.363352561835697, -39.862780804793182 ], [ -73.363782976949835, -39.862891762581377 ], [ -73.365039009339824, -39.863405293399872 ], [ -73.366946290314417, -39.864371357240984 ], [ -73.367840759850168, -39.864741509374127 ], [ -73.368314938627904, -39.864833996523231 ], [ -73.369588848271079, -39.86485668147003 ], [ -73.370550710815351, -39.86499415472251 ], [ -73.371698102339252, -39.865396435562928 ], [ -73.372327459593905, -39.865729458183907 ], [ -73.374383003467301, -39.866973993937663 ], [ -73.376616860651382, -39.868268664412135 ], [ -73.379021725349673, -39.869398821506351 ], [ -73.381275380038844, -39.870207155096779 ], [ -73.382948708871837, -39.868507063550538 ], [ -73.383484182023281, -39.867902426650723 ], [ -73.383073457718282, -39.867477163690545 ], [ -73.382469409038407, -39.867026259428769 ], [ -73.381807559466708, -39.866230394170209 ], [ -73.381132560321248, -39.865994518616517 ], [ -73.380143006115205, -39.865980700250688 ], [ -73.379577368951587, -39.8656986686115 ], [ -73.379045464351364, -39.865297919150485 ], [ -73.378791278159014, -39.864269361111049 ], [ -73.378450072093017, -39.86332103649265 ], [ -73.37711508436297, -39.863140037252357 ], [ -73.376333459589517, -39.862900084816026 ], [ -73.375455548993997, -39.862089239495049 ], [ -73.373796185329908, -39.861624991813251 ], [ -73.373379324074762, -39.860939781791252 ], [ -73.372270666974174, -39.860733527430042 ], [ -73.371233684044284, -39.860766642373228 ], [ -73.370374333336926, -39.861135966748684 ], [ -73.369564458295784, -39.86137487505836 ], [ -73.368910595793068, -39.861556378812885 ], [ -73.36848271375284, -39.861991350079023 ], [ -73.367926125270188, -39.86198351823429 ], [ -73.367403847824605, -39.861833142914122 ], [ -73.367104237424357, -39.861423690372675 ], [ -73.366726559449177, -39.860393367529653 ], [ -73.366040450964434, -39.859978468227574 ], [ -73.365618588268234, -39.859507695992114 ], [ -73.365143846553025, -39.859310305873905 ], [ -73.364551650508062, -39.858849047060531 ], [ -73.363730852420872, -39.858897062208897 ], [ -73.362098670653751, -39.85872712406902 ], [ -73.360671676586776, -39.859553185315292 ], [ -73.359860370399545, -39.859851598791408 ], [ -73.359000841935469, -39.859577229057912 ], [ -73.358280745496458, -39.859292908290627 ], [ -73.357523484438957, -39.859270266971912 ], [ -73.356829769838626, -39.859177009235637 ], [ -73.355864886549369, -39.85878193704972 ], [ -73.354822999707963, -39.858373845858303 ], [ -73.353766804701863, -39.857917867656397 ], [ -73.35324280364911, -39.857195309298938 ], [ -73.352806937012247, -39.856021091769335 ], [ -73.352053637668959, -39.855188003079093 ], [ -73.350291582093448, -39.8551510323977 ], [ -73.349451365926669, -39.855365531477879 ], [ -73.348544166459376, -39.855793606197061 ], [ -73.348122511854541, -39.856609987368316 ], [ -73.34744517972895, -39.857124757731903 ], [ -73.346863436186297, -39.856878093709931 ], [ -73.346225866175359, -39.85638033923712 ], [ -73.345373889224632, -39.857083305037492 ], [ -73.344009156163054, -39.857242604955843 ], [ -73.342399667761001, -39.856647516583848 ], [ -73.3419894602021, -39.855700080315231 ], [ -73.339997282500647, -39.854944544653854 ], [ -73.338378172465752, -39.854110890313692 ], [ -73.337321999998039, -39.853356000002947 ], [ -73.335920999998024, -39.852317000002948 ], [ -73.333046488629478, -39.851412277027777 ], [ -73.330666999997987, -39.851770000002951 ] ] ] } },
{ "type": "Feature", "properties": { "zona": "51" }, "geometry": { "type": "Polygon", "coordinates": [ [ [ -73.335915999998036, -39.861765000002968 ], [ -73.347480999998098, -39.865490000002978 ], [ -73.350011999998088, -39.865764000002962 ], [ -73.354554999998129, -39.866254000002961 ], [ -73.358458999998149, -39.866629000002952 ], [ -73.36014899999816, -39.866859000002961 ], [ -73.36315199999818, -39.867436000002954 ], [ -73.365817999998214, -39.867897000002955 ], [ -73.371298999998231, -39.870087000002968 ], [ -73.374415999998234, -39.871470000002965 ], [ -73.378169999998264, -39.87415000000297 ], [ -73.379178044020193, -39.873464048734661 ], [ -73.380092026219771, -39.872749782909345 ], [ -73.380141742253599, -39.872751009759305 ], [ -73.379877996488389, -39.872005875102296 ], [ -73.380065183181486, -39.871150347498336 ], [ -73.380529999998288, -39.87071500000296 ], [ -73.380545420525422, -39.870688637381768 ], [ -73.380637926351966, -39.870635699367597 ], [ -73.3808057961175, -39.870633871958113 ], [ -73.38096730162583, -39.870659308753844 ], [ -73.381905858101902, -39.870687188016007 ], [ -73.382494255421875, -39.87066753699095 ], [ -73.381953842837092, -39.870363223271646 ], [ -73.381275380038844, -39.870207155096779 ], [ -73.379021725349673, -39.869398821506351 ], [ -73.376616860651382, -39.868268664412135 ], [ -73.374383003467301, -39.866973993937663 ], [ -73.372327459593905, -39.865729458183907 ], [ -73.371698102339252, -39.865396435562928 ], [ -73.370550710815351, -39.86499415472251 ], [ -73.369588848271079, -39.86485668147003 ], [ -73.368314938627904, -39.864833996523231 ], [ -73.367840759850168, -39.864741509374127 ], [ -73.366946290314417, -39.864371357240984 ], [ -73.365039009339824, -39.863405293399872 ], [ -73.363782976949835, -39.862891762581377 ], [ -73.363352561835697, -39.862780804793182 ], [ -73.363340315167221, -39.862780282057237 ], [ -73.363340356761455, -39.862779253623692 ], [ -73.362714321950264, -39.862699687686543 ], [ -73.362389076279612, -39.862718932513509 ], [ -73.361592839614033, -39.862707685805262 ], [ -73.359483986247426, -39.862872146068426 ], [ -73.358598160863878, -39.862856035784688 ], [ -73.357821999441114, -39.862716325979136 ], [ -73.357027544147286, -39.862565625035053 ], [ -73.355316029725515, -39.861958542790504 ], [ -73.352969352410696, -39.861138607476732 ], [ -73.352373597115914, -39.861022876963872 ], [ -73.350740187869576, -39.860838756928416 ], [ -73.348334548853245, -39.860740158973613 ], [ -73.346911937535651, -39.860666254874808 ], [ -73.345449733715469, -39.860502378713797 ], [ -73.343515060268601, -39.860113625390376 ], [ -73.341972412927575, -39.859630328959376 ], [ -73.339531084014141, -39.858705077342144 ], [ -73.336669414857553, -39.857705810269344 ], [ -73.335152739369647, -39.857111952783427 ], [ -73.334778514081933, -39.856663206892385 ], [ -73.333855634370153, -39.855305530234304 ], [ -73.33333575662725, -39.854933349965229 ], [ -73.332813515363469, -39.854850756099992 ], [ -73.330688095523968, -39.85482500688979 ], [ -73.330688999997989, -39.854956000002964 ], [ -73.330400999997991, -39.859199000002945 ], [ -73.335915999998036, -39.861765000002968 ] ] ] } },
{ "type": "Feature", "properties": { "zona": "22" }, "geometry": { "type": "Polygon", "coordinates": [ [ [ -73.230318492181723, -39.856963502714315 ], [ -73.231838844076336, -39.856163397611837 ], [ -73.231204999997331, -39.855399000002947 ], [ -73.230232999997327, -39.854179000002951 ], [ -73.230119999997299, -39.85409200000295 ], [ -73.229516999997287, -39.853318000002943 ], [ -73.229378999997294, -39.853139000002926 ], [ -73.228797999997312, -39.852710000002951 ], [ -73.229018999997294, -39.852545000002955 ], [ -73.227982999997309, -39.851609000002945 ], [ -73.227415999997319, -39.851064000002957 ], [ -73.227063999997313, -39.851343000002949 ], [ -73.226335999997275, -39.850803000002948 ], [ -73.226663999997285, -39.850505000002947 ], [ -73.22647299999727, -39.850317000002939 ], [ -73.226139344551513, -39.849952777290071 ], [ -73.225141473210115, -39.84964266350066 ], [ -73.223968145438747, -39.848370872460471 ], [ -73.223424694753533, -39.847618833003374 ], [ -73.222447093425473, -39.846674208502968 ], [ -73.221874999997254, -39.84587000000294 ], [ -73.220954999997247, -39.844651000002969 ], [ -73.219884999997234, -39.84329200000294 ], [ -73.219668999997225, -39.842937000002955 ], [ -73.219602999997221, -39.842752000002925 ], [ -73.219650999997214, -39.842462000002932 ], [ -73.219966999997226, -39.841342000002925 ], [ -73.217544999997216, -39.840977000002937 ], [ -73.217269999997214, -39.84227300000294 ], [ -73.215504999997208, -39.841968000002943 ], [ -73.214214999997182, -39.841872000002923 ], [ -73.210011999997164, -39.841616000002915 ], [ -73.209972999997134, -39.84202000000294 ], [ -73.210525999997159, -39.842577000002933 ], [ -73.211424999997163, -39.843426000002935 ], [ -73.211632999997164, -39.844488000002933 ], [ -73.211757833201375, -39.844951598587542 ], [ -73.211649953320872, -39.845407280558277 ], [ -73.211489762396866, -39.845748388625395 ], [ -73.211353434720365, -39.8460801235452 ], [ -73.211104925616368, -39.846629309255285 ], [ -73.211158267902348, -39.846797761882954 ], [ -73.211993584650543, -39.848135210609904 ], [ -73.212138874918352, -39.848256635610646 ], [ -73.212219999997174, -39.848117000002937 ], [ -73.212925999997182, -39.847856000002935 ], [ -73.215469999997183, -39.846850000002931 ], [ -73.21735199999722, -39.846107000002945 ], [ -73.217703999997212, -39.845983000002938 ], [ -73.218822999997229, -39.84722200000293 ], [ -73.219790999997244, -39.848124000002954 ], [ -73.221830999997252, -39.850195000002941 ], [ -73.222867999997248, -39.851230000002943 ], [ -73.223455999997256, -39.851654000002945 ], [ -73.224319999997277, -39.852239000002939 ], [ -73.225875999997285, -39.852849000002962 ], [ -73.227396999997296, -39.853831000002948 ], [ -73.228502999997318, -39.85494600000294 ], [ -73.229505999997315, -39.856300000002939 ], [ -73.230318492181723, -39.856963502714315 ] ] ] } },
{ "type": "Feature", "properties": { "zona": "38" }, "geometry": { "type": "Polygon", "coordinates": [ [ [ -73.243196999996968, -39.811098999984061 ], [ -73.243667999983174, -39.812681000007821 ], [ -73.245126000006834, -39.812415999982484 ], [ -73.24583099999245, -39.8121999999859 ], [ -73.245783999969859, -39.811970999999552 ], [ -73.246521000001252, -39.81198300000279 ], [ -73.247510930265094, -39.811792514961361 ], [ -73.247523999997156, -39.811789999993103 ], [ -73.248420999977569, -39.811623999992221 ], [ -73.248984999977608, -39.811547999985073 ], [ -73.248102999968808, -39.809900000004276 ], [ -73.245376999986817, -39.808071000011779 ], [ -73.244028999987023, -39.807132000000131 ], [ -73.241346286503116, -39.808363859536129 ], [ -73.242352249735958, -39.809364541726922 ], [ -73.242555300879133, -39.809605797602217 ], [ -73.242999999971104, -39.810148000000652 ], [ -73.243196999996968, -39.811098999984061 ] ] ] } },
{ "type": "Feature", "properties": { "zona": "57" }, "geometry": { "type": "Polygon", "coordinates": [ [ [ -73.292059946925988, -39.840222142523892 ], [ -73.292060727036187, -39.840229848040018 ], [ -73.292149693815446, -39.84165617560992 ], [ -73.292666024644376, -39.842500767456663 ], [ -73.292787614003174, -39.843211072296846 ], [ -73.293151624308223, -39.84409109225647 ], [ -73.293398142320981, -39.844945683499553 ], [ -73.293797012275533, -39.845764840807554 ], [ -73.294024999370464, -39.846322279210007 ], [ -73.294075076069632, -39.847124585618836 ], [ -73.294148867324509, -39.847687741838961 ], [ -73.294224515066801, -39.848280612945771 ], [ -73.293789720613645, -39.848743494497448 ], [ -73.293239265075243, -39.849210663023271 ], [ -73.292839301668621, -39.849612682015248 ], [ -73.29240819819826, -39.850134989423076 ], [ -73.292252519490162, -39.850736437211062 ], [ -73.292318885457235, -39.851180734543632 ], [ -73.292462358899101, -39.851622173322298 ], [ -73.292761902562148, -39.852087609588168 ], [ -73.293211955726306, -39.852487896773809 ], [ -73.293428922289976, -39.852620588821964 ], [ -73.294724999997783, -39.852123000002955 ], [ -73.298062999997782, -39.851436000002941 ], [ -73.301073999997826, -39.850561000002941 ], [ -73.304655999997848, -39.849311000002942 ], [ -73.306690999997869, -39.848186000002954 ], [ -73.308399999997846, -39.848186000002947 ], [ -73.310027999997871, -39.84831100000293 ], [ -73.311655999997868, -39.848498000002941 ], [ -73.314504999997894, -39.849498000002953 ], [ -73.318600999997926, -39.852172000002952 ], [ -73.323205999997967, -39.857343000002963 ], [ -73.329882999998006, -39.858801000002941 ], [ -73.330400999998005, -39.859199000002945 ], [ -73.330688999998003, -39.854956000002964 ], [ -73.330666999997973, -39.851770000002965 ], [ -73.32851851915899, -39.85142171456765 ], [ -73.327511740834083, -39.850774325382517 ], [ -73.32610874679439, -39.84874190230579 ], [ -73.322879653492564, -39.845318253218004 ], [ -73.321141833207577, -39.844102423137407 ], [ -73.318908559241606, -39.842994397756122 ], [ -73.308759183143053, -39.840721761053103 ], [ -73.306031187129847, -39.840346698861644 ], [ -73.298227999997792, -39.840109000002947 ], [ -73.295119999997752, -39.839932000002953 ], [ -73.292059946925988, -39.840222142523892 ] ] ] } },
{ "type": "Feature", "properties": { "zona": "23" }, "geometry": { "type": "Polygon", "coordinates": [ [ [ -73.394495230466831, -39.845729066316508 ], [ -73.394615730664043, -39.845055296245839 ], [ -73.394734513106442, -39.844875816508782 ], [ -73.394265150935865, -39.844786411833248 ], [ -73.394060999998331, -39.844743000002971 ], [ -73.394054999998346, -39.844669000002952 ], [ -73.393983999998355, -39.844502000002947 ], [ -73.393851999998361, -39.844416000002958 ], [ -73.393849999998352, -39.844333000002941 ], [ -73.393826999998382, -39.844269000002939 ], [ -73.39389199999836, -39.844208000002958 ], [ -73.393910999998369, -39.844168000002959 ], [ -73.393872999998351, -39.844127000002949 ], [ -73.393866999998366, -39.844054000002956 ], [ -73.393959999998359, -39.843924000002971 ], [ -73.394111999998344, -39.84366800000295 ], [ -73.39415299999834, -39.843623000002971 ], [ -73.394183999998347, -39.843485000002957 ], [ -73.394042999998362, -39.843342000002941 ], [ -73.393744999998376, -39.84331200000296 ], [ -73.393378999998319, -39.843262000002966 ], [ -73.393088999998355, -39.843175000002951 ], [ -73.393074999998348, -39.842975000002951 ], [ -73.393012999998348, -39.842799000002962 ], [ -73.392920999998353, -39.842627000002963 ], [ -73.392714999998361, -39.842434000002946 ], [ -73.392446999998356, -39.842121000002962 ], [ -73.392444999998332, -39.841975000002961 ], [ -73.392483297789582, -39.841841603457453 ], [ -73.392462260185198, -39.841608901658468 ], [ -73.392354187010326, -39.841336216770408 ], [ -73.392194192379463, -39.841008714816532 ], [ -73.39194700885642, -39.840767912705175 ], [ -73.391714485300454, -39.840514640720322 ], [ -73.39125173594536, -39.840209855805149 ], [ -73.389330656893691, -39.840046128435347 ], [ -73.389099999998322, -39.840838000002954 ], [ -73.388580815303001, -39.84235986243732 ], [ -73.388234223263495, -39.842635136229077 ], [ -73.387171960960629, -39.842769353337403 ], [ -73.386039078874418, -39.84327801731601 ], [ -73.385884759589317, -39.843925439333375 ], [ -73.38618099999826, -39.845199000002964 ], [ -73.38612238485905, -39.845662917825933 ], [ -73.385763099900103, -39.845818820262863 ], [ -73.384909876973268, -39.845938047466433 ], [ -73.383648568964304, -39.84598602894286 ], [ -73.382705633995627, -39.845645119617217 ], [ -73.381986999998276, -39.844873000002927 ], [ -73.380022999998246, -39.844669000002952 ], [ -73.379106839652565, -39.844492400362199 ], [ -73.37805899999826, -39.845158000002954 ], [ -73.37715380647154, -39.845025267882406 ], [ -73.37650406759596, -39.845695540197873 ], [ -73.37598799999823, -39.845851000002945 ], [ -73.375085999998234, -39.846421000002955 ], [ -73.374760500486261, -39.847178834767497 ], [ -73.376359999998215, -39.847929000002935 ], [ -73.379438999998285, -39.849152000002938 ], [ -73.382198999998252, -39.849559000002962 ], [ -73.382240956985072, -39.850948417576838 ], [ -73.381992851821678, -39.851636240435454 ], [ -73.380939907912406, -39.852354544949144 ], [ -73.380293941358318, -39.85319175176798 ], [ -73.380689739814741, -39.8537872536834 ], [ -73.382299824147935, -39.853380651007591 ], [ -73.384003999998257, -39.853309000002952 ], [ -73.385277999998294, -39.853268000002942 ], [ -73.385598260483107, -39.852854516221775 ], [ -73.386233999998325, -39.85241200000295 ], [ -73.386923999998317, -39.852330000002965 ], [ -73.387150784355285, -39.852262304776886 ], [ -73.387506614612235, -39.85225533401686 ], [ -73.387982895029708, -39.853048588865796 ], [ -73.387807533294577, -39.853934093735305 ], [ -73.387368402200551, -39.854196158910817 ], [ -73.386923999998288, -39.854490000002954 ], [ -73.38615231220048, -39.854947997956863 ], [ -73.385691757426272, -39.855793774097087 ], [ -73.385648641032915, -39.855983872867647 ], [ -73.385595446491763, -39.856439022026827 ], [ -73.385872167502214, -39.856839170039564 ], [ -73.385796455974685, -39.857100327252176 ], [ -73.385377714056162, -39.857151111783111 ], [ -73.384766999998291, -39.857421000002937 ], [ -73.384702556734666, -39.857749562584218 ], [ -73.385159999998294, -39.857994000002961 ], [ -73.385561427662239, -39.858533852598192 ], [ -73.386071525806372, -39.858874675628641 ], [ -73.386601791677649, -39.859180020968395 ], [ -73.386692585759462, -39.859595458162055 ], [ -73.386823008790614, -39.859969731151224 ], [ -73.387147916995403, -39.860129193095055 ], [ -73.38744820087085, -39.860514766608844 ], [ -73.388682090810846, -39.860493181577397 ], [ -73.38985062097386, -39.86045577759954 ], [ -73.391336417789603, -39.860905469801139 ], [ -73.391651070246539, -39.860805767336331 ], [ -73.391651419349174, -39.86080565772199 ], [ -73.392763999998337, -39.86051200000297 ], [ -73.392814005188498, -39.860506153380406 ], [ -73.392880259133676, -39.86049674056536 ], [ -73.393463908879809, -39.860438082763416 ], [ -73.39372162648128, -39.860479712994184 ], [ -73.393986794638039, -39.860548938264969 ], [ -73.394080334212717, -39.860569329794771 ], [ -73.394529955093631, -39.860341872016527 ], [ -73.394588667686662, -39.859813495166357 ], [ -73.393892229440738, -39.859038672389516 ], [ -73.392750054126481, -39.858279122422267 ], [ -73.392379990401253, -39.857701896100423 ], [ -73.392248705048644, -39.856965884911425 ], [ -73.392491999998313, -39.856653000002943 ], [ -73.393057815932139, -39.85622383776446 ], [ -73.393686999998337, -39.855602000002953 ], [ -73.393150420637753, -39.854375339683095 ], [ -73.392491342400959, -39.85346038526221 ], [ -73.391666999998307, -39.851725000002943 ], [ -73.39160399999831, -39.849931000002954 ], [ -73.392171999998354, -39.848041000002929 ], [ -73.393181999998376, -39.846442000002959 ], [ -73.394495230466831, -39.845729066316508 ] ] ] } },
{ "type": "Feature", "properties": { "zona": "63" }, "geometry": { "type": "Polygon", "coordinates": [ [ [ -73.245746368053034, -39.843839278749087 ], [ -73.245675830686551, -39.843846763238496 ], [ -73.2455177877615, -39.843849219595221 ], [ -73.245496341075125, -39.843961344566601 ], [ -73.245511232440577, -39.844072901650918 ], [ -73.245548386144733, -39.844219262947348 ], [ -73.245636494028645, -39.844246653843427 ], [ -73.245757126347428, -39.84424479431992 ], [ -73.245933223455111, -39.844136654552727 ], [ -73.24606016077044, -39.844058018131314 ], [ -73.246164860810012, -39.844034701225759 ], [ -73.246227130196431, -39.844043771045612 ], [ -73.246316570511681, -39.844117847313996 ], [ -73.246317503742006, -39.844178204213264 ], [ -73.246364259251607, -39.844242838665501 ], [ -73.246513129061711, -39.844413320762463 ], [ -73.24629670286032, -39.84450248923298 ], [ -73.246118700844917, -39.84458504481637 ], [ -73.245710028351283, -39.844591473647064 ], [ -73.245528870170261, -39.844551779245613 ], [ -73.245344143574641, -39.844607840040602 ], [ -73.245215592151538, -39.844721472786041 ], [ -73.245128501263935, -39.844796230637819 ], [ -73.244992997773878, -39.844974772163248 ], [ -73.244901597031784, -39.84518352484433 ], [ -73.244730475151584, -39.845286701703671 ], [ -73.244576084822526, -39.845312915897757 ], [ -73.244417126171001, -39.845401109653658 ], [ -73.244321426666673, -39.845535942080687 ], [ -73.244280529183683, -39.845631823794953 ], [ -73.244307964344202, -39.845731405929854 ], [ -73.244378740219801, -39.845808392781528 ], [ -73.244312281227081, -39.846062640884014 ], [ -73.244194457602703, -39.846253084334045 ], [ -73.243984240150169, -39.846539238279107 ], [ -73.243911927248348, -39.846719651867637 ], [ -73.24389929177616, -39.846886399528891 ], [ -73.243986465016064, -39.847259342489657 ], [ -73.244117802830459, -39.847368780956643 ], [ -73.244360807659206, -39.847476495999736 ], [ -73.244340630635122, -39.847558282497225 ], [ -73.244408399235937, -39.84779738622246 ], [ -73.24438650902087, -39.847901868080527 ], [ -73.244259422877235, -39.847992175402595 ], [ -73.244187096087046, -39.848158935331547 ], [ -73.244214267343281, -39.84827998497321 ], [ -73.244216111908869, -39.848349898793671 ], [ -73.244293266534058, -39.848547497420398 ], [ -73.244322097374436, -39.848731141487484 ], [ -73.244304766514617, -39.848801370247422 ], [ -73.24417077537673, -39.848994929814211 ], [ -73.244016985213193, -39.849159282401843 ], [ -73.2438650652078, -39.849414335511057 ], [ -73.243857128200091, -39.849574149573591 ], [ -73.243824499727594, -39.849738614564053 ], [ -73.244175345844724, -39.849757850727968 ], [ -73.244173243025514, -39.849780698293642 ], [ -73.244267942682171, -39.850188248790758 ], [ -73.243970682657874, -39.850856778569415 ], [ -73.244146707980974, -39.850928957088371 ], [ -73.245013842183141, -39.851919315684938 ], [ -73.245422345167853, -39.8514003910661 ], [ -73.246379411540104, -39.850737399284185 ], [ -73.246414999997427, -39.850767000002925 ], [ -73.247877276004203, -39.852226423306426 ], [ -73.246919595169715, -39.852938248064063 ], [ -73.246668999997411, -39.853815000002918 ], [ -73.247455582739292, -39.854850041324042 ], [ -73.247461348807974, -39.854887485809627 ], [ -73.248460082750654, -39.854398220762057 ], [ -73.248650509904422, -39.854278767745129 ], [ -73.249140890865903, -39.85397115352383 ], [ -73.249197557775332, -39.853946653319753 ], [ -73.249660304175791, -39.853746581098903 ], [ -73.25010334514873, -39.85354133759494 ], [ -73.250351564349032, -39.853426346137098 ], [ -73.250486152536283, -39.853379870286517 ], [ -73.251017482636158, -39.85319638984712 ], [ -73.251224948440807, -39.853051766065803 ], [ -73.251353688778067, -39.852855537412708 ], [ -73.251492445146482, -39.852690492171845 ], [ -73.251928483660308, -39.852367705028264 ], [ -73.252497255112374, -39.851941754134145 ], [ -73.252712238755635, -39.851731326639204 ], [ -73.253104204204462, -39.851445894808094 ], [ -73.25461091034974, -39.850502976731697 ], [ -73.254707608436703, -39.850442316880702 ], [ -73.255135411163636, -39.850173949010333 ], [ -73.25532016298672, -39.850040014000747 ], [ -73.255246999997468, -39.849881000002945 ], [ -73.253899999997472, -39.847172000002949 ], [ -73.253459670169732, -39.846951478036189 ], [ -73.252878173553697, -39.846589930124772 ], [ -73.252409005259025, -39.84631111819963 ], [ -73.252189580216864, -39.846232486249498 ], [ -73.251942498238179, -39.846244494781651 ], [ -73.251728511686522, -39.846268443506389 ], [ -73.25124645984225, -39.84632696614689 ], [ -73.250936428403847, -39.846406674176635 ], [ -73.250570075773155, -39.846512229355433 ], [ -73.250312410795701, -39.846551249060731 ], [ -73.249901855850354, -39.84608951731807 ], [ -73.249648058204855, -39.845678320919717 ], [ -73.249833890814173, -39.84554525395076 ], [ -73.249747569197766, -39.845291277899769 ], [ -73.249388003184592, -39.844837713251337 ], [ -73.249128153733992, -39.844597803221795 ], [ -73.248841448124267, -39.844076209202591 ], [ -73.248518329415617, -39.844014120795912 ], [ -73.248251219695007, -39.844181713741484 ], [ -73.248042597016365, -39.84423815518749 ], [ -73.247630256741985, -39.843914891987126 ], [ -73.247303198753357, -39.843399835611635 ], [ -73.247146156825551, -39.843130486564299 ], [ -73.247060438228218, -39.843004000980187 ], [ -73.245651188311399, -39.843498684731721 ], [ -73.245773715222853, -39.843559939703724 ], [ -73.245903216935986, -39.843670311616869 ], [ -73.245892558049505, -39.843716039379565 ], [ -73.245746368053034, -39.843839278749087 ] ] ] } },
{ "type": "Feature", "properties": { "zona": "60" }, "geometry": { "type": "Polygon", "coordinates": [ [ [ -73.238638288518388, -39.866537608629699 ], [ -73.238702999997358, -39.866585000002935 ], [ -73.240243999997404, -39.867388000002933 ], [ -73.241154999997377, -39.868165000002939 ], [ -73.242031999997394, -39.86989900000296 ], [ -73.24223399999741, -39.871607000002932 ], [ -73.241795999997393, -39.872617000002933 ], [ -73.241761999997408, -39.874558000002963 ], [ -73.243039999997407, -39.877016000002953 ], [ -73.252915999997484, -39.86915700000295 ], [ -73.252716999997489, -39.86859100000293 ], [ -73.252461999997479, -39.867916000002964 ], [ -73.251922999997447, -39.867503000002955 ], [ -73.251299999997471, -39.866654000002939 ], [ -73.250468999997423, -39.865960000002929 ], [ -73.250413537287827, -39.865490045246581 ], [ -73.250143793521445, -39.865395558336942 ], [ -73.249153437212456, -39.86473079280988 ], [ -73.248842545019841, -39.864346971809866 ], [ -73.248833713374836, -39.864308477603352 ], [ -73.249237877487559, -39.863967287664593 ], [ -73.249256983050842, -39.863918847236704 ], [ -73.245909484328905, -39.861375697125482 ], [ -73.245163748718355, -39.861737742260225 ], [ -73.244951148450795, -39.861859907948038 ], [ -73.244557908772862, -39.862141190231867 ], [ -73.243963926088099, -39.862616635539098 ], [ -73.243893149000669, -39.862677848436832 ], [ -73.243647178813291, -39.862975170835114 ], [ -73.243529763399209, -39.863116719531426 ], [ -73.24292188590907, -39.863728008090966 ], [ -73.242677518556178, -39.864137261651628 ], [ -73.242422560709926, -39.864550956888543 ], [ -73.24236151545513, -39.864613953293201 ], [ -73.241504937471419, -39.865013467667275 ], [ -73.240735605435546, -39.865474114116594 ], [ -73.239877631708822, -39.865905831234187 ], [ -73.238638288518388, -39.866537608629699 ] ] ] } },
{ "type": "Feature", "properties": { "zona": "46" }, "geometry": { "type": "Polygon", "coordinates": [ [ [ -73.211834543254028, -39.85317881986176 ], [ -73.211931999997176, -39.854457000002938 ], [ -73.211199999997149, -39.857547000002903 ], [ -73.210562261866713, -39.861170017403722 ], [ -73.210027951235332, -39.862091412318684 ], [ -73.209524263543059, -39.862429272102034 ], [ -73.208961407926722, -39.862603826581811 ], [ -73.208098766981593, -39.862765467489346 ], [ -73.206623414884504, -39.862943123968201 ], [ -73.206679206533138, -39.86096529977798 ], [ -73.20655454539218, -39.860763737397725 ], [ -73.205576446320393, -39.860552547244538 ], [ -73.204052537527957, -39.860470555346481 ], [ -73.202096198528437, -39.861100986288321 ], [ -73.202926203105335, -39.874250533336181 ], [ -73.206013990713146, -39.874477124858629 ], [ -73.208504236255195, -39.873889907991497 ], [ -73.21098833997435, -39.870561296799579 ], [ -73.213431229174915, -39.867321382537661 ], [ -73.218958961798066, -39.864397000991346 ], [ -73.219411683602985, -39.864384220441757 ], [ -73.218951902086943, -39.862560232536346 ], [ -73.216570959033902, -39.858846471823313 ], [ -73.216688925904862, -39.858219001847807 ], [ -73.216684425307804, -39.858197258219235 ], [ -73.216866676865351, -39.85795117395228 ], [ -73.217226406207857, -39.857705286615719 ], [ -73.217243352513975, -39.857627169016645 ], [ -73.219275337003154, -39.856130283702115 ], [ -73.22111589464879, -39.85483727959906 ], [ -73.222054102207963, -39.854119275632044 ], [ -73.221998164266196, -39.854095578293332 ], [ -73.220730562248491, -39.853691451125172 ], [ -73.21982243145267, -39.853552991617839 ], [ -73.218080279278283, -39.853123238287289 ], [ -73.217869696836843, -39.853016537181269 ], [ -73.21770232295934, -39.852858224156691 ], [ -73.217360498711102, -39.85166976932117 ], [ -73.211834543254028, -39.85317881986176 ] ] ] } },
{ "type": "Feature", "properties": { "zona": "18" }, "geometry": { "type": "Polygon", "coordinates": [ [ [ -73.249114999997474, -39.835894000002931 ], [ -73.247704999997424, -39.83674700000293 ], [ -73.247517999997427, -39.836719000002944 ], [ -73.24718699999741, -39.836488000002916 ], [ -73.246926999997413, -39.836503000002942 ], [ -73.246395999997432, -39.836872000002948 ], [ -73.245843999997405, -39.836842000002939 ], [ -73.246074999997404, -39.837134000002948 ], [ -73.246144999997412, -39.837234000002901 ], [ -73.246114999997417, -39.83736500000294 ], [ -73.246092134713422, -39.837748579706862 ], [ -73.245932372829799, -39.838194301582945 ], [ -73.245746425965407, -39.83869683623135 ], [ -73.245722643765703, -39.840117168923989 ], [ -73.246377999997435, -39.84202100000293 ], [ -73.247009056730761, -39.842928182635738 ], [ -73.247146156825551, -39.843130486564299 ], [ -73.247303198753357, -39.843399835611635 ], [ -73.247630256741985, -39.843914891987126 ], [ -73.248042597016365, -39.84423815518749 ], [ -73.248251219695007, -39.844181713741484 ], [ -73.248518329415617, -39.844014120795912 ], [ -73.248841448124267, -39.844076209202591 ], [ -73.249128153733992, -39.844597803221795 ], [ -73.249388003184592, -39.844837713251337 ], [ -73.249747569197766, -39.845291277899769 ], [ -73.249833890814173, -39.84554525395076 ], [ -73.249648058204855, -39.845678320919717 ], [ -73.249901855850354, -39.84608951731807 ], [ -73.250312410795701, -39.846551249060731 ], [ -73.250570075773155, -39.846512229355433 ], [ -73.250936428403847, -39.846406674176635 ], [ -73.25124645984225, -39.84632696614689 ], [ -73.251728511686522, -39.846268443506389 ], [ -73.251942498238179, -39.846244494781651 ], [ -73.252189580216864, -39.846232486249498 ], [ -73.252409005259025, -39.84631111819963 ], [ -73.252878173553697, -39.846589930124772 ], [ -73.253459670169732, -39.846951478036189 ], [ -73.253899999997472, -39.847172000002949 ], [ -73.253902956346394, -39.847177945898309 ], [ -73.254063154550678, -39.846933420539685 ], [ -73.255127266197448, -39.846192655432922 ], [ -73.255550349418826, -39.845726032533882 ], [ -73.255917957348885, -39.844975552660074 ], [ -73.256196393904816, -39.843924881217418 ], [ -73.256459038841257, -39.841858945192989 ], [ -73.25689166342903, -39.840936884568322 ], [ -73.257558633949841, -39.841108823265692 ], [ -73.258132101855239, -39.841135391803483 ], [ -73.258853880758608, -39.841061193899272 ], [ -73.259603553673344, -39.840938310899638 ], [ -73.260204915556699, -39.840916188535886 ], [ -73.260579399800434, -39.840973892549123 ], [ -73.261034662430205, -39.841088191116263 ], [ -73.262295382697758, -39.840982225452088 ], [ -73.262790971929604, -39.840749537563866 ], [ -73.263586890368941, -39.840624926416652 ], [ -73.264138353853951, -39.840795238734358 ], [ -73.26426175811909, -39.84104088049903 ], [ -73.264662765255537, -39.841526484776757 ], [ -73.265215027839616, -39.84195886192925 ], [ -73.266073425446635, -39.842094031666392 ], [ -73.267292315342004, -39.842061033907207 ], [ -73.267883359615055, -39.841872461041412 ], [ -73.268428077531041, -39.841435407059748 ], [ -73.268647870245417, -39.841297887375966 ], [ -73.267590999997566, -39.839542000002929 ], [ -73.26460899999752, -39.837902000002934 ], [ -73.255008999997514, -39.832620000002933 ], [ -73.249114999997474, -39.835894000002931 ] ] ] } },
{ "type": "Feature", "properties": { "zona": "44" }, "geometry": { "type": "Polygon", "coordinates": [ [ [ -73.243824499727594, -39.849738614564053 ], [ -73.243857128200091, -39.849574149573591 ], [ -73.2438650652078, -39.849414335511057 ], [ -73.244016985213193, -39.849159282401843 ], [ -73.24417077537673, -39.848994929814211 ], [ -73.244304766514617, -39.848801370247422 ], [ -73.244322097374436, -39.848731141487484 ], [ -73.244293266534072, -39.848547497420398 ], [ -73.244216111908869, -39.848349898793671 ], [ -73.244214267343281, -39.84827998497321 ], [ -73.244187096087046, -39.848158935331547 ], [ -73.244259422877235, -39.847992175402595 ], [ -73.24438650902087, -39.847901868080527 ], [ -73.244408399235937, -39.84779738622246 ], [ -73.244340630635122, -39.847558282497225 ], [ -73.244360807659206, -39.847476495999736 ], [ -73.244117802830459, -39.847368780956643 ], [ -73.243986465016064, -39.847259342489657 ], [ -73.24389929177616, -39.846886399528891 ], [ -73.243911927248348, -39.846719651867637 ], [ -73.243984240150169, -39.846539238279107 ], [ -73.244194457602703, -39.846253084334045 ], [ -73.244312281227081, -39.846062640884014 ], [ -73.244378740219801, -39.845808392781528 ], [ -73.244307964344202, -39.845731405929854 ], [ -73.244280529183683, -39.845631823794953 ], [ -73.244321426666701, -39.845535942080687 ], [ -73.244417126171001, -39.845401109653658 ], [ -73.244576084822526, -39.845312915897757 ], [ -73.244730475151584, -39.845286701703671 ], [ -73.244901597031784, -39.84518352484433 ], [ -73.244992997773878, -39.844974772163248 ], [ -73.245128501263935, -39.844796230637819 ], [ -73.245215592151538, -39.844721472786041 ], [ -73.245344143574641, -39.844607840040602 ], [ -73.245528870170261, -39.844551779245613 ], [ -73.245710028351283, -39.844591473647064 ], [ -73.246118700844917, -39.84458504481637 ], [ -73.24629670286032, -39.84450248923298 ], [ -73.246513129061711, -39.844413320762463 ], [ -73.246364259251621, -39.844242838665501 ], [ -73.246317503742006, -39.844178204213264 ], [ -73.246316570511681, -39.844117847313996 ], [ -73.246227130196431, -39.844043771045612 ], [ -73.246164860810012, -39.844034701225759 ], [ -73.24606016077044, -39.844058018131314 ], [ -73.245933223455111, -39.844136654552727 ], [ -73.245757126347428, -39.84424479431992 ], [ -73.245636494028645, -39.844246653843427 ], [ -73.245548386144762, -39.844219262947348 ], [ -73.245511232440592, -39.844072901650918 ], [ -73.245496341075125, -39.843961344566601 ], [ -73.2455177877615, -39.843849219595221 ], [ -73.245675830686594, -39.843846763238489 ], [ -73.245746368053034, -39.843839278749087 ], [ -73.245892558049505, -39.843716039379565 ], [ -73.245903216936014, -39.843670311616862 ], [ -73.245773715222853, -39.843559939703724 ], [ -73.245651188311399, -39.843498684731721 ], [ -73.247060438228218, -39.843004000980187 ], [ -73.247009056730761, -39.842928182635738 ], [ -73.246377999997435, -39.84202100000293 ], [ -73.23204805992556, -39.845259356567368 ], [ -73.231409698229626, -39.847664556088901 ], [ -73.231325922135014, -39.84872554106024 ], [ -73.232580760249377, -39.84827210208698 ], [ -73.233560865628505, -39.847949263677002 ], [ -73.234163545170276, -39.847794442885174 ], [ -73.234596622776962, -39.847753322420729 ], [ -73.235185896096112, -39.847812666878838 ], [ -73.235420514405291, -39.847780481359216 ], [ -73.235788420428605, -39.847542940573106 ], [ -73.236125808841948, -39.847398113546213 ], [ -73.236445134329941, -39.847318586629399 ], [ -73.23733127635569, -39.847238045073638 ], [ -73.237449657046184, -39.847285790237358 ], [ -73.237637856490309, -39.847661382687271 ], [ -73.238076462917505, -39.847633721704227 ], [ -73.238427825936114, -39.847704680764572 ], [ -73.238764367896366, -39.847846855377952 ], [ -73.239006218149697, -39.848074635368036 ], [ -73.239191484246248, -39.848377756686482 ], [ -73.239398347316751, -39.848905312896285 ], [ -73.239593289321093, -39.849143067356628 ], [ -73.240214326036423, -39.849710280272674 ], [ -73.24085799999736, -39.849701000002952 ], [ -73.242842999997421, -39.849701000002938 ], [ -73.243824499727594, -39.849738614564053 ] ] ] } },
{ "type": "Feature", "properties": { "zona": "56" }, "geometry": { "type": "Polygon", "coordinates": [ [ [ -73.243170723349536, -39.816827900429153 ], [ -73.243202778129444, -39.81680899894814 ], [ -73.243615984710559, -39.816553986193597 ], [ -73.244322311854773, -39.816114213201587 ], [ -73.244447154241342, -39.816057542138203 ], [ -73.244486348255222, -39.815995070082337 ], [ -73.244487515373962, -39.815963555127389 ], [ -73.244390908705881, -39.815484599062479 ], [ -73.244378717514522, -39.815389816684764 ], [ -73.244116700585735, -39.81438131145007 ], [ -73.243840643711039, -39.813271045214634 ], [ -73.24231999999742, -39.813464000002917 ], [ -73.239796999997395, -39.813801000002925 ], [ -73.23891999999735, -39.814138000002927 ], [ -73.238363999997375, -39.814371000002929 ], [ -73.237977999997355, -39.814665000002911 ], [ -73.238110999997375, -39.814792000002917 ], [ -73.238227999997349, -39.814975000002917 ], [ -73.238480999997364, -39.815354000002912 ], [ -73.239164999997399, -39.815173000002908 ], [ -73.240261999997401, -39.814892000002914 ], [ -73.240552999997348, -39.816120000002918 ], [ -73.243036999997415, -39.815712000002932 ], [ -73.243170723349536, -39.816827900429153 ] ] ] } },
{ "type": "Feature", "properties": { "zona": "64" }, "geometry": { "type": "Polygon", "coordinates": [ [ [ -73.235434243973799, -39.855483538311844 ], [ -73.235529289643509, -39.855450126203962 ], [ -73.236113909496751, -39.855404912458866 ], [ -73.236491389174944, -39.855510238890247 ], [ -73.237089967158212, -39.855440682137569 ], [ -73.237610738751343, -39.85511186882696 ], [ -73.238011782812862, -39.854847003787761 ], [ -73.238561886105131, -39.85474347265361 ], [ -73.238805031533346, -39.854424816349365 ], [ -73.239258967047832, -39.854015046736365 ], [ -73.239646040761983, -39.853774515012674 ], [ -73.239971456216665, -39.853286052591258 ], [ -73.240655950398548, -39.853106108558435 ], [ -73.241401428589782, -39.852661825909827 ], [ -73.24242819297217, -39.852016614362576 ], [ -73.242775601419225, -39.851634561654301 ], [ -73.243211897511557, -39.850939495301311 ], [ -73.243438901042353, -39.85010913339346 ], [ -73.243523183198221, -39.849727067936435 ], [ -73.242842999997421, -39.849701000002938 ], [ -73.24085799999736, -39.849701000002952 ], [ -73.240214326036423, -39.849710280272674 ], [ -73.239593289321093, -39.849143067356628 ], [ -73.239398347316751, -39.848905312896285 ], [ -73.239191484246248, -39.848377756686482 ], [ -73.239006218149697, -39.848074635368036 ], [ -73.238764367896366, -39.847846855377952 ], [ -73.238427825936114, -39.847704680764572 ], [ -73.238076462917505, -39.847633721704227 ], [ -73.237637856490309, -39.847661382687271 ], [ -73.237449657046184, -39.847285790237358 ], [ -73.23733127635569, -39.847238045073638 ], [ -73.236445134329941, -39.847318586629399 ], [ -73.236125808841948, -39.847398113546213 ], [ -73.235788420428605, -39.847542940573106 ], [ -73.235420514405291, -39.847780481359216 ], [ -73.235185896096112, -39.847812666878838 ], [ -73.234596622776962, -39.847753322420729 ], [ -73.234163545170276, -39.847794442885174 ], [ -73.233560865628505, -39.847949263677002 ], [ -73.232580760249377, -39.84827210208698 ], [ -73.231325922135014, -39.84872554106024 ], [ -73.231624959233642, -39.849624715764868 ], [ -73.231886001322422, -39.850769681084579 ], [ -73.231964646599991, -39.851074457844362 ], [ -73.23428929641328, -39.85055655777937 ], [ -73.234420596769311, -39.851014440452914 ], [ -73.234552026617408, -39.851226713917349 ], [ -73.234806705869417, -39.851244892939036 ], [ -73.235003591044887, -39.85127363360693 ], [ -73.235232692326392, -39.851348631334112 ], [ -73.235386921363215, -39.851448948494856 ], [ -73.235579584617042, -39.851606344029534 ], [ -73.235418331442801, -39.85180665444615 ], [ -73.23532351162568, -39.851886257607966 ], [ -73.235040515928929, -39.852067879972715 ], [ -73.234765450069077, -39.852302063841179 ], [ -73.234682079000478, -39.852417596300718 ], [ -73.234651874073322, -39.852510100989356 ], [ -73.235373092428304, -39.852606890941708 ], [ -73.235620351995877, -39.852975359906836 ], [ -73.235615632096241, -39.853280402291553 ], [ -73.235524958498786, -39.853560299847949 ], [ -73.235344689354264, -39.853836450293088 ], [ -73.235086967977168, -39.854093563799161 ], [ -73.23475499242835, -39.85436130207723 ], [ -73.234602718078165, -39.854606889279722 ], [ -73.234636770517952, -39.854822894488834 ], [ -73.23478420018219, -39.855066607902828 ], [ -73.235137172170766, -39.855330612059724 ], [ -73.23526744298961, -39.855368946019212 ], [ -73.235452824009883, -39.855440348640691 ], [ -73.235434243973799, -39.855483538311844 ] ] ] } },
{ "type": "Feature", "properties": { "zona": "65" }, "geometry": { "type": "Polygon", "coordinates": [ [ [ -73.211834543254028, -39.85317881986176 ], [ -73.217360498711102, -39.85166976932117 ], [ -73.21770232295934, -39.852858224156691 ], [ -73.217869696836843, -39.853016537181269 ], [ -73.218080279278283, -39.853123238287289 ], [ -73.21982243145267, -39.853552991617839 ], [ -73.220730562248491, -39.853691451125172 ], [ -73.221998164266196, -39.854095578293332 ], [ -73.222054102207963, -39.854119275632044 ], [ -73.222077054121712, -39.854101710414476 ], [ -73.22291907095584, -39.853239838006566 ], [ -73.22412784364208, -39.852118684716331 ], [ -73.224132460764352, -39.852112021770239 ], [ -73.223455999997199, -39.851654000002895 ], [ -73.222867999997234, -39.851230000002943 ], [ -73.221830999997195, -39.85019500000292 ], [ -73.219790999997244, -39.848124000002933 ], [ -73.218822999997187, -39.84722200000293 ], [ -73.217703999997127, -39.845983000002953 ], [ -73.21735199999722, -39.846107000002931 ], [ -73.215469999997154, -39.846850000002902 ], [ -73.212925999997182, -39.847856000002913 ], [ -73.212219999997174, -39.848117000002901 ], [ -73.212138874918324, -39.848256635610646 ], [ -73.211252999997129, -39.849522000002956 ], [ -73.211827999997197, -39.853093000002893 ], [ -73.211834543254028, -39.85317881986176 ] ] ] } }
]
}
